[2026-05-28T06:10:06.246+0000] {processor.py:161} INFO - Started process (PID=102) to work on /home/airflow/.local/lib/python3.12/site-packages/airflow/example_dags/example_trigger_controller_dag.py
[2026-05-28T06:10:06.248+0000] {processor.py:830} INFO - Processing file /home/airflow/.local/lib/python3.12/site-packages/airflow/example_dags/example_trigger_controller_dag.py for tasks to queue
[2026-05-28T06:10:06.253+0000] {logging_mixin.py:188} INFO - [2026-05-28T06:10:06.252+0000] {dagbag.py:545} INFO - Filling up the DagBag from /home/airflow/.local/lib/python3.12/site-packages/airflow/example_dags/example_trigger_controller_dag.py
[2026-05-28T06:10:06.263+0000] {processor.py:840} INFO - DAG(s) 'example_trigger_controller_dag' retrieved from /home/airflow/.local/lib/python3.12/site-packages/airflow/example_dags/example_trigger_controller_dag.py
[2026-05-28T06:10:06.515+0000] {logging_mixin.py:188} INFO - [2026-05-28T06:10:06.515+0000] {dag.py:3089} INFO - Sync 1 DAGs
[2026-05-28T06:10:06.569+0000] {logging_mixin.py:188} INFO - [2026-05-28T06:10:06.568+0000] {dag.py:3947} INFO - Setting next_dagrun for example_trigger_controller_dag to 2021-01-01 00:00:00+00:00, run_after=2021-01-01 00:00:00+00:00
[2026-05-28T06:10:06.617+0000] {processor.py:183} INFO - Processing /home/airflow/.local/lib/python3.12/site-packages/airflow/example_dags/example_trigger_controller_dag.py took 0.383 seconds
[2026-05-28T06:10:37.910+0000] {processor.py:161} INFO - Started process (PID=160) to work on /home/airflow/.local/lib/python3.12/site-packages/airflow/example_dags/example_trigger_controller_dag.py
[2026-05-28T06:10:37.922+0000] {processor.py:830} INFO - Processing file /home/airflow/.local/lib/python3.12/site-packages/airflow/example_dags/example_trigger_controller_dag.py for tasks to queue
[2026-05-28T06:10:37.929+0000] {logging_mixin.py:188} INFO - [2026-05-28T06:10:37.927+0000] {dagbag.py:545} INFO - Filling up the DagBag from /home/airflow/.local/lib/python3.12/site-packages/airflow/example_dags/example_trigger_controller_dag.py
[2026-05-28T06:10:37.943+0000] {processor.py:840} INFO - DAG(s) 'example_trigger_controller_dag' retrieved from /home/airflow/.local/lib/python3.12/site-packages/airflow/example_dags/example_trigger_controller_dag.py
[2026-05-28T06:10:37.999+0000] {logging_mixin.py:188} INFO - [2026-05-28T06:10:37.998+0000] {dag.py:3089} INFO - Sync 1 DAGs
[2026-05-28T06:10:38.058+0000] {logging_mixin.py:188} INFO - [2026-05-28T06:10:38.057+0000] {dag.py:3947} INFO - Setting next_dagrun for example_trigger_controller_dag to 2021-01-01 00:00:00+00:00, run_after=2021-01-01 00:00:00+00:00
[2026-05-28T06:10:38.117+0000] {processor.py:183} INFO - Processing /home/airflow/.local/lib/python3.12/site-packages/airflow/example_dags/example_trigger_controller_dag.py took 0.230 seconds
[2026-05-28T06:11:08.701+0000] {processor.py:161} INFO - Started process (PID=218) to work on /home/airflow/.local/lib/python3.12/site-packages/airflow/example_dags/example_trigger_controller_dag.py
[2026-05-28T06:11:08.704+0000] {processor.py:830} INFO - Processing file /home/airflow/.local/lib/python3.12/site-packages/airflow/example_dags/example_trigger_controller_dag.py for tasks to queue
[2026-05-28T06:11:08.709+0000] {logging_mixin.py:188} INFO - [2026-05-28T06:11:08.708+0000] {dagbag.py:545} INFO - Filling up the DagBag from /home/airflow/.local/lib/python3.12/site-packages/airflow/example_dags/example_trigger_controller_dag.py
[2026-05-28T06:11:08.719+0000] {processor.py:840} INFO - DAG(s) 'example_trigger_controller_dag' retrieved from /home/airflow/.local/lib/python3.12/site-packages/airflow/example_dags/example_trigger_controller_dag.py
[2026-05-28T06:11:08.761+0000] {logging_mixin.py:188} INFO - [2026-05-28T06:11:08.760+0000] {dag.py:3089} INFO - Sync 1 DAGs
[2026-05-28T06:11:08.807+0000] {logging_mixin.py:188} INFO - [2026-05-28T06:11:08.807+0000] {dag.py:3947} INFO - Setting next_dagrun for example_trigger_controller_dag to 2021-01-01 00:00:00+00:00, run_after=2021-01-01 00:00:00+00:00
[2026-05-28T06:11:08.841+0000] {processor.py:183} INFO - Processing /home/airflow/.local/lib/python3.12/site-packages/airflow/example_dags/example_trigger_controller_dag.py took 0.149 seconds
[2026-05-28T06:11:38.958+0000] {processor.py:161} INFO - Started process (PID=276) to work on /home/airflow/.local/lib/python3.12/site-packages/airflow/example_dags/example_trigger_controller_dag.py
[2026-05-28T06:11:38.960+0000] {processor.py:830} INFO - Processing file /home/airflow/.local/lib/python3.12/site-packages/airflow/example_dags/example_trigger_controller_dag.py for tasks to queue
[2026-05-28T06:11:38.964+0000] {logging_mixin.py:188} INFO - [2026-05-28T06:11:38.964+0000] {dagbag.py:545} INFO - Filling up the DagBag from /home/airflow/.local/lib/python3.12/site-packages/airflow/example_dags/example_trigger_controller_dag.py
[2026-05-28T06:11:38.973+0000] {processor.py:840} INFO - DAG(s) 'example_trigger_controller_dag' retrieved from /home/airflow/.local/lib/python3.12/site-packages/airflow/example_dags/example_trigger_controller_dag.py
[2026-05-28T06:11:39.012+0000] {logging_mixin.py:188} INFO - [2026-05-28T06:11:39.012+0000] {dag.py:3089} INFO - Sync 1 DAGs
[2026-05-28T06:11:39.046+0000] {logging_mixin.py:188} INFO - [2026-05-28T06:11:39.046+0000] {dag.py:3947} INFO - Setting next_dagrun for example_trigger_controller_dag to 2021-01-01 00:00:00+00:00, run_after=2021-01-01 00:00:00+00:00
[2026-05-28T06:11:39.080+0000] {processor.py:183} INFO - Processing /home/airflow/.local/lib/python3.12/site-packages/airflow/example_dags/example_trigger_controller_dag.py took 0.136 seconds
[2026-05-28T06:12:09.790+0000] {processor.py:161} INFO - Started process (PID=334) to work on /home/airflow/.local/lib/python3.12/site-packages/airflow/example_dags/example_trigger_controller_dag.py
[2026-05-28T06:12:09.792+0000] {processor.py:830} INFO - Processing file /home/airflow/.local/lib/python3.12/site-packages/airflow/example_dags/example_trigger_controller_dag.py for tasks to queue
[2026-05-28T06:12:09.795+0000] {logging_mixin.py:188} INFO - [2026-05-28T06:12:09.795+0000] {dagbag.py:545} INFO - Filling up the DagBag from /home/airflow/.local/lib/python3.12/site-packages/airflow/example_dags/example_trigger_controller_dag.py
[2026-05-28T06:12:09.802+0000] {processor.py:840} INFO - DAG(s) 'example_trigger_controller_dag' retrieved from /home/airflow/.local/lib/python3.12/site-packages/airflow/example_dags/example_trigger_controller_dag.py
[2026-05-28T06:12:09.828+0000] {logging_mixin.py:188} INFO - [2026-05-28T06:12:09.828+0000] {dag.py:3089} INFO - Sync 1 DAGs
[2026-05-28T06:12:09.855+0000] {logging_mixin.py:188} INFO - [2026-05-28T06:12:09.854+0000] {dag.py:3947} INFO - Setting next_dagrun for example_trigger_controller_dag to 2021-01-01 00:00:00+00:00, run_after=2021-01-01 00:00:00+00:00
[2026-05-28T06:12:09.881+0000] {processor.py:183} INFO - Processing /home/airflow/.local/lib/python3.12/site-packages/airflow/example_dags/example_trigger_controller_dag.py took 0.098 seconds
[2026-05-28T06:12:40.817+0000] {processor.py:161} INFO - Started process (PID=391) to work on /home/airflow/.local/lib/python3.12/site-packages/airflow/example_dags/example_trigger_controller_dag.py
[2026-05-28T06:12:40.820+0000] {processor.py:830} INFO - Processing file /home/airflow/.local/lib/python3.12/site-packages/airflow/example_dags/example_trigger_controller_dag.py for tasks to queue
[2026-05-28T06:12:40.825+0000] {logging_mixin.py:188} INFO - [2026-05-28T06:12:40.824+0000] {dagbag.py:545} INFO - Filling up the DagBag from /home/airflow/.local/lib/python3.12/site-packages/airflow/example_dags/example_trigger_controller_dag.py
[2026-05-28T06:12:40.836+0000] {processor.py:840} INFO - DAG(s) 'example_trigger_controller_dag' retrieved from /home/airflow/.local/lib/python3.12/site-packages/airflow/example_dags/example_trigger_controller_dag.py
[2026-05-28T06:12:40.889+0000] {logging_mixin.py:188} INFO - [2026-05-28T06:12:40.888+0000] {dag.py:3089} INFO - Sync 1 DAGs
[2026-05-28T06:12:40.953+0000] {logging_mixin.py:188} INFO - [2026-05-28T06:12:40.952+0000] {dag.py:3947} INFO - Setting next_dagrun for example_trigger_controller_dag to 2021-01-01 00:00:00+00:00, run_after=2021-01-01 00:00:00+00:00
[2026-05-28T06:12:41.013+0000] {processor.py:183} INFO - Processing /home/airflow/.local/lib/python3.12/site-packages/airflow/example_dags/example_trigger_controller_dag.py took 0.209 seconds
[2026-05-28T06:13:11.677+0000] {processor.py:161} INFO - Started process (PID=449) to work on /home/airflow/.local/lib/python3.12/site-packages/airflow/example_dags/example_trigger_controller_dag.py
[2026-05-28T06:13:11.680+0000] {processor.py:830} INFO - Processing file /home/airflow/.local/lib/python3.12/site-packages/airflow/example_dags/example_trigger_controller_dag.py for tasks to queue
[2026-05-28T06:13:11.684+0000] {logging_mixin.py:188} INFO - [2026-05-28T06:13:11.683+0000] {dagbag.py:545} INFO - Filling up the DagBag from /home/airflow/.local/lib/python3.12/site-packages/airflow/example_dags/example_trigger_controller_dag.py
[2026-05-28T06:13:11.693+0000] {processor.py:840} INFO - DAG(s) 'example_trigger_controller_dag' retrieved from /home/airflow/.local/lib/python3.12/site-packages/airflow/example_dags/example_trigger_controller_dag.py
[2026-05-28T06:13:11.732+0000] {logging_mixin.py:188} INFO - [2026-05-28T06:13:11.732+0000] {dag.py:3089} INFO - Sync 1 DAGs
[2026-05-28T06:13:11.767+0000] {logging_mixin.py:188} INFO - [2026-05-28T06:13:11.767+0000] {dag.py:3947} INFO - Setting next_dagrun for example_trigger_controller_dag to 2021-01-01 00:00:00+00:00, run_after=2021-01-01 00:00:00+00:00
[2026-05-28T06:13:11.798+0000] {processor.py:183} INFO - Processing /home/airflow/.local/lib/python3.12/site-packages/airflow/example_dags/example_trigger_controller_dag.py took 0.130 seconds
[2026-05-28T06:13:42.376+0000] {processor.py:161} INFO - Started process (PID=506) to work on /home/airflow/.local/lib/python3.12/site-packages/airflow/example_dags/example_trigger_controller_dag.py
[2026-05-28T06:13:42.378+0000] {processor.py:830} INFO - Processing file /home/airflow/.local/lib/python3.12/site-packages/airflow/example_dags/example_trigger_controller_dag.py for tasks to queue
[2026-05-28T06:13:42.382+0000] {logging_mixin.py:188} INFO - [2026-05-28T06:13:42.381+0000] {dagbag.py:545} INFO - Filling up the DagBag from /home/airflow/.local/lib/python3.12/site-packages/airflow/example_dags/example_trigger_controller_dag.py
[2026-05-28T06:13:42.391+0000] {processor.py:840} INFO - DAG(s) 'example_trigger_controller_dag' retrieved from /home/airflow/.local/lib/python3.12/site-packages/airflow/example_dags/example_trigger_controller_dag.py
[2026-05-28T06:13:42.426+0000] {logging_mixin.py:188} INFO - [2026-05-28T06:13:42.426+0000] {dag.py:3089} INFO - Sync 1 DAGs
[2026-05-28T06:13:42.462+0000] {logging_mixin.py:188} INFO - [2026-05-28T06:13:42.461+0000] {dag.py:3947} INFO - Setting next_dagrun for example_trigger_controller_dag to 2021-01-01 00:00:00+00:00, run_after=2021-01-01 00:00:00+00:00
[2026-05-28T06:13:42.500+0000] {processor.py:183} INFO - Processing /home/airflow/.local/lib/python3.12/site-packages/airflow/example_dags/example_trigger_controller_dag.py took 0.133 seconds
[2026-05-28T06:14:13.079+0000] {processor.py:161} INFO - Started process (PID=564) to work on /home/airflow/.local/lib/python3.12/site-packages/airflow/example_dags/example_trigger_controller_dag.py
[2026-05-28T06:14:13.080+0000] {processor.py:830} INFO - Processing file /home/airflow/.local/lib/python3.12/site-packages/airflow/example_dags/example_trigger_controller_dag.py for tasks to queue
[2026-05-28T06:14:13.083+0000] {logging_mixin.py:188} INFO - [2026-05-28T06:14:13.083+0000] {dagbag.py:545} INFO - Filling up the DagBag from /home/airflow/.local/lib/python3.12/site-packages/airflow/example_dags/example_trigger_controller_dag.py
[2026-05-28T06:14:13.090+0000] {processor.py:840} INFO - DAG(s) 'example_trigger_controller_dag' retrieved from /home/airflow/.local/lib/python3.12/site-packages/airflow/example_dags/example_trigger_controller_dag.py
[2026-05-28T06:14:13.118+0000] {logging_mixin.py:188} INFO - [2026-05-28T06:14:13.117+0000] {dag.py:3089} INFO - Sync 1 DAGs
[2026-05-28T06:14:13.145+0000] {logging_mixin.py:188} INFO - [2026-05-28T06:14:13.144+0000] {dag.py:3947} INFO - Setting next_dagrun for example_trigger_controller_dag to 2021-01-01 00:00:00+00:00, run_after=2021-01-01 00:00:00+00:00
[2026-05-28T06:14:13.174+0000] {processor.py:183} INFO - Processing /home/airflow/.local/lib/python3.12/site-packages/airflow/example_dags/example_trigger_controller_dag.py took 0.103 seconds
[2026-05-28T06:14:43.851+0000] {processor.py:161} INFO - Started process (PID=623) to work on /home/airflow/.local/lib/python3.12/site-packages/airflow/example_dags/example_trigger_controller_dag.py
[2026-05-28T06:14:43.853+0000] {processor.py:830} INFO - Processing file /home/airflow/.local/lib/python3.12/site-packages/airflow/example_dags/example_trigger_controller_dag.py for tasks to queue
[2026-05-28T06:14:43.857+0000] {logging_mixin.py:188} INFO - [2026-05-28T06:14:43.856+0000] {dagbag.py:545} INFO - Filling up the DagBag from /home/airflow/.local/lib/python3.12/site-packages/airflow/example_dags/example_trigger_controller_dag.py
[2026-05-28T06:14:43.867+0000] {processor.py:840} INFO - DAG(s) 'example_trigger_controller_dag' retrieved from /home/airflow/.local/lib/python3.12/site-packages/airflow/example_dags/example_trigger_controller_dag.py
[2026-05-28T06:14:43.902+0000] {logging_mixin.py:188} INFO - [2026-05-28T06:14:43.901+0000] {dag.py:3089} INFO - Sync 1 DAGs
[2026-05-28T06:14:43.935+0000] {logging_mixin.py:188} INFO - [2026-05-28T06:14:43.935+0000] {dag.py:3947} INFO - Setting next_dagrun for example_trigger_controller_dag to 2021-01-01 00:00:00+00:00, run_after=2021-01-01 00:00:00+00:00
[2026-05-28T06:14:43.967+0000] {processor.py:183} INFO - Processing /home/airflow/.local/lib/python3.12/site-packages/airflow/example_dags/example_trigger_controller_dag.py took 0.125 seconds
[2026-05-28T06:15:14.677+0000] {processor.py:161} INFO - Started process (PID=681) to work on /home/airflow/.local/lib/python3.12/site-packages/airflow/example_dags/example_trigger_controller_dag.py
[2026-05-28T06:15:14.680+0000] {processor.py:830} INFO - Processing file /home/airflow/.local/lib/python3.12/site-packages/airflow/example_dags/example_trigger_controller_dag.py for tasks to queue
[2026-05-28T06:15:14.695+0000] {logging_mixin.py:188} INFO - [2026-05-28T06:15:14.694+0000] {dagbag.py:545} INFO - Filling up the DagBag from /home/airflow/.local/lib/python3.12/site-packages/airflow/example_dags/example_trigger_controller_dag.py
[2026-05-28T06:15:14.721+0000] {processor.py:840} INFO - DAG(s) 'example_trigger_controller_dag' retrieved from /home/airflow/.local/lib/python3.12/site-packages/airflow/example_dags/example_trigger_controller_dag.py
[2026-05-28T06:15:14.764+0000] {logging_mixin.py:188} INFO - [2026-05-28T06:15:14.763+0000] {dag.py:3089} INFO - Sync 1 DAGs
[2026-05-28T06:15:14.798+0000] {logging_mixin.py:188} INFO - [2026-05-28T06:15:14.797+0000] {dag.py:3947} INFO - Setting next_dagrun for example_trigger_controller_dag to 2021-01-01 00:00:00+00:00, run_after=2021-01-01 00:00:00+00:00
[2026-05-28T06:15:14.839+0000] {processor.py:183} INFO - Processing /home/airflow/.local/lib/python3.12/site-packages/airflow/example_dags/example_trigger_controller_dag.py took 0.201 seconds
[2026-05-28T06:15:46.060+0000] {processor.py:161} INFO - Started process (PID=739) to work on /home/airflow/.local/lib/python3.12/site-packages/airflow/example_dags/example_trigger_controller_dag.py
[2026-05-28T06:15:46.063+0000] {processor.py:830} INFO - Processing file /home/airflow/.local/lib/python3.12/site-packages/airflow/example_dags/example_trigger_controller_dag.py for tasks to queue
[2026-05-28T06:15:46.067+0000] {logging_mixin.py:188} INFO - [2026-05-28T06:15:46.066+0000] {dagbag.py:545} INFO - Filling up the DagBag from /home/airflow/.local/lib/python3.12/site-packages/airflow/example_dags/example_trigger_controller_dag.py
[2026-05-28T06:15:46.077+0000] {processor.py:840} INFO - DAG(s) 'example_trigger_controller_dag' retrieved from /home/airflow/.local/lib/python3.12/site-packages/airflow/example_dags/example_trigger_controller_dag.py
[2026-05-28T06:15:46.113+0000] {logging_mixin.py:188} INFO - [2026-05-28T06:15:46.112+0000] {dag.py:3089} INFO - Sync 1 DAGs
[2026-05-28T06:15:46.150+0000] {logging_mixin.py:188} INFO - [2026-05-28T06:15:46.150+0000] {dag.py:3947} INFO - Setting next_dagrun for example_trigger_controller_dag to 2021-01-01 00:00:00+00:00, run_after=2021-01-01 00:00:00+00:00
[2026-05-28T06:15:46.200+0000] {processor.py:183} INFO - Processing /home/airflow/.local/lib/python3.12/site-packages/airflow/example_dags/example_trigger_controller_dag.py took 0.153 seconds
[2026-05-28T06:16:17.024+0000] {processor.py:161} INFO - Started process (PID=797) to work on /home/airflow/.local/lib/python3.12/site-packages/airflow/example_dags/example_trigger_controller_dag.py
[2026-05-28T06:16:17.026+0000] {processor.py:830} INFO - Processing file /home/airflow/.local/lib/python3.12/site-packages/airflow/example_dags/example_trigger_controller_dag.py for tasks to queue
[2026-05-28T06:16:17.030+0000] {logging_mixin.py:188} INFO - [2026-05-28T06:16:17.029+0000] {dagbag.py:545} INFO - Filling up the DagBag from /home/airflow/.local/lib/python3.12/site-packages/airflow/example_dags/example_trigger_controller_dag.py
[2026-05-28T06:16:17.037+0000] {processor.py:840} INFO - DAG(s) 'example_trigger_controller_dag' retrieved from /home/airflow/.local/lib/python3.12/site-packages/airflow/example_dags/example_trigger_controller_dag.py
[2026-05-28T06:16:17.071+0000] {logging_mixin.py:188} INFO - [2026-05-28T06:16:17.071+0000] {dag.py:3089} INFO - Sync 1 DAGs
[2026-05-28T06:16:17.109+0000] {logging_mixin.py:188} INFO - [2026-05-28T06:16:17.108+0000] {dag.py:3947} INFO - Setting next_dagrun for example_trigger_controller_dag to 2021-01-01 00:00:00+00:00, run_after=2021-01-01 00:00:00+00:00
[2026-05-28T06:16:17.148+0000] {processor.py:183} INFO - Processing /home/airflow/.local/lib/python3.12/site-packages/airflow/example_dags/example_trigger_controller_dag.py took 0.133 seconds
[2026-05-28T06:16:47.398+0000] {processor.py:161} INFO - Started process (PID=855) to work on /home/airflow/.local/lib/python3.12/site-packages/airflow/example_dags/example_trigger_controller_dag.py
[2026-05-28T06:16:47.402+0000] {processor.py:830} INFO - Processing file /home/airflow/.local/lib/python3.12/site-packages/airflow/example_dags/example_trigger_controller_dag.py for tasks to queue
[2026-05-28T06:16:47.408+0000] {logging_mixin.py:188} INFO - [2026-05-28T06:16:47.407+0000] {dagbag.py:545} INFO - Filling up the DagBag from /home/airflow/.local/lib/python3.12/site-packages/airflow/example_dags/example_trigger_controller_dag.py
[2026-05-28T06:16:47.418+0000] {processor.py:840} INFO - DAG(s) 'example_trigger_controller_dag' retrieved from /home/airflow/.local/lib/python3.12/site-packages/airflow/example_dags/example_trigger_controller_dag.py
[2026-05-28T06:16:47.457+0000] {logging_mixin.py:188} INFO - [2026-05-28T06:16:47.457+0000] {dag.py:3089} INFO - Sync 1 DAGs
[2026-05-28T06:16:47.506+0000] {logging_mixin.py:188} INFO - [2026-05-28T06:16:47.505+0000] {dag.py:3947} INFO - Setting next_dagrun for example_trigger_controller_dag to 2021-01-01 00:00:00+00:00, run_after=2021-01-01 00:00:00+00:00
[2026-05-28T06:16:47.541+0000] {processor.py:183} INFO - Processing /home/airflow/.local/lib/python3.12/site-packages/airflow/example_dags/example_trigger_controller_dag.py took 0.153 seconds
[2026-05-28T06:17:17.652+0000] {processor.py:161} INFO - Started process (PID=913) to work on /home/airflow/.local/lib/python3.12/site-packages/airflow/example_dags/example_trigger_controller_dag.py
[2026-05-28T06:17:17.653+0000] {processor.py:830} INFO - Processing file /home/airflow/.local/lib/python3.12/site-packages/airflow/example_dags/example_trigger_controller_dag.py for tasks to queue
[2026-05-28T06:17:17.656+0000] {logging_mixin.py:188} INFO - [2026-05-28T06:17:17.656+0000] {dagbag.py:545} INFO - Filling up the DagBag from /home/airflow/.local/lib/python3.12/site-packages/airflow/example_dags/example_trigger_controller_dag.py
[2026-05-28T06:17:17.664+0000] {processor.py:840} INFO - DAG(s) 'example_trigger_controller_dag' retrieved from /home/airflow/.local/lib/python3.12/site-packages/airflow/example_dags/example_trigger_controller_dag.py
[2026-05-28T06:17:17.698+0000] {logging_mixin.py:188} INFO - [2026-05-28T06:17:17.698+0000] {dag.py:3089} INFO - Sync 1 DAGs
[2026-05-28T06:17:17.729+0000] {logging_mixin.py:188} INFO - [2026-05-28T06:17:17.729+0000] {dag.py:3947} INFO - Setting next_dagrun for example_trigger_controller_dag to 2021-01-01 00:00:00+00:00, run_after=2021-01-01 00:00:00+00:00
[2026-05-28T06:17:17.761+0000] {processor.py:183} INFO - Processing /home/airflow/.local/lib/python3.12/site-packages/airflow/example_dags/example_trigger_controller_dag.py took 0.119 seconds
[2026-05-28T06:17:48.053+0000] {processor.py:161} INFO - Started process (PID=972) to work on /home/airflow/.local/lib/python3.12/site-packages/airflow/example_dags/example_trigger_controller_dag.py
[2026-05-28T06:17:48.055+0000] {processor.py:830} INFO - Processing file /home/airflow/.local/lib/python3.12/site-packages/airflow/example_dags/example_trigger_controller_dag.py for tasks to queue
[2026-05-28T06:17:48.058+0000] {logging_mixin.py:188} INFO - [2026-05-28T06:17:48.057+0000] {dagbag.py:545} INFO - Filling up the DagBag from /home/airflow/.local/lib/python3.12/site-packages/airflow/example_dags/example_trigger_controller_dag.py
[2026-05-28T06:17:48.065+0000] {processor.py:840} INFO - DAG(s) 'example_trigger_controller_dag' retrieved from /home/airflow/.local/lib/python3.12/site-packages/airflow/example_dags/example_trigger_controller_dag.py
[2026-05-28T06:17:48.093+0000] {logging_mixin.py:188} INFO - [2026-05-28T06:17:48.093+0000] {dag.py:3089} INFO - Sync 1 DAGs
[2026-05-28T06:17:48.121+0000] {logging_mixin.py:188} INFO - [2026-05-28T06:17:48.120+0000] {dag.py:3947} INFO - Setting next_dagrun for example_trigger_controller_dag to 2021-01-01 00:00:00+00:00, run_after=2021-01-01 00:00:00+00:00
[2026-05-28T06:17:48.152+0000] {processor.py:183} INFO - Processing /home/airflow/.local/lib/python3.12/site-packages/airflow/example_dags/example_trigger_controller_dag.py took 0.107 seconds
[2026-05-28T06:18:18.755+0000] {processor.py:161} INFO - Started process (PID=1031) to work on /home/airflow/.local/lib/python3.12/site-packages/airflow/example_dags/example_trigger_controller_dag.py
[2026-05-28T06:18:18.757+0000] {processor.py:830} INFO - Processing file /home/airflow/.local/lib/python3.12/site-packages/airflow/example_dags/example_trigger_controller_dag.py for tasks to queue
[2026-05-28T06:18:18.760+0000] {logging_mixin.py:188} INFO - [2026-05-28T06:18:18.760+0000] {dagbag.py:545} INFO - Filling up the DagBag from /home/airflow/.local/lib/python3.12/site-packages/airflow/example_dags/example_trigger_controller_dag.py
[2026-05-28T06:18:18.768+0000] {processor.py:840} INFO - DAG(s) 'example_trigger_controller_dag' retrieved from /home/airflow/.local/lib/python3.12/site-packages/airflow/example_dags/example_trigger_controller_dag.py
[2026-05-28T06:18:18.806+0000] {logging_mixin.py:188} INFO - [2026-05-28T06:18:18.806+0000] {dag.py:3089} INFO - Sync 1 DAGs
[2026-05-28T06:18:18.847+0000] {logging_mixin.py:188} INFO - [2026-05-28T06:18:18.847+0000] {dag.py:3947} INFO - Setting next_dagrun for example_trigger_controller_dag to 2021-01-01 00:00:00+00:00, run_after=2021-01-01 00:00:00+00:00
[2026-05-28T06:18:18.892+0000] {processor.py:183} INFO - Processing /home/airflow/.local/lib/python3.12/site-packages/airflow/example_dags/example_trigger_controller_dag.py took 0.145 seconds
[2026-05-28T06:18:49.036+0000] {processor.py:161} INFO - Started process (PID=1089) to work on /home/airflow/.local/lib/python3.12/site-packages/airflow/example_dags/example_trigger_controller_dag.py
[2026-05-28T06:18:49.039+0000] {processor.py:830} INFO - Processing file /home/airflow/.local/lib/python3.12/site-packages/airflow/example_dags/example_trigger_controller_dag.py for tasks to queue
[2026-05-28T06:18:49.044+0000] {logging_mixin.py:188} INFO - [2026-05-28T06:18:49.043+0000] {dagbag.py:545} INFO - Filling up the DagBag from /home/airflow/.local/lib/python3.12/site-packages/airflow/example_dags/example_trigger_controller_dag.py
[2026-05-28T06:18:49.054+0000] {processor.py:840} INFO - DAG(s) 'example_trigger_controller_dag' retrieved from /home/airflow/.local/lib/python3.12/site-packages/airflow/example_dags/example_trigger_controller_dag.py
[2026-05-28T06:18:49.095+0000] {logging_mixin.py:188} INFO - [2026-05-28T06:18:49.094+0000] {dag.py:3089} INFO - Sync 1 DAGs
[2026-05-28T06:18:49.140+0000] {logging_mixin.py:188} INFO - [2026-05-28T06:18:49.140+0000] {dag.py:3947} INFO - Setting next_dagrun for example_trigger_controller_dag to 2021-01-01 00:00:00+00:00, run_after=2021-01-01 00:00:00+00:00
[2026-05-28T06:18:49.186+0000] {processor.py:183} INFO - Processing /home/airflow/.local/lib/python3.12/site-packages/airflow/example_dags/example_trigger_controller_dag.py took 0.159 seconds
[2026-05-28T06:19:19.493+0000] {processor.py:161} INFO - Started process (PID=1147) to work on /home/airflow/.local/lib/python3.12/site-packages/airflow/example_dags/example_trigger_controller_dag.py
[2026-05-28T06:19:19.495+0000] {processor.py:830} INFO - Processing file /home/airflow/.local/lib/python3.12/site-packages/airflow/example_dags/example_trigger_controller_dag.py for tasks to queue
[2026-05-28T06:19:19.498+0000] {logging_mixin.py:188} INFO - [2026-05-28T06:19:19.497+0000] {dagbag.py:545} INFO - Filling up the DagBag from /home/airflow/.local/lib/python3.12/site-packages/airflow/example_dags/example_trigger_controller_dag.py
[2026-05-28T06:19:19.505+0000] {processor.py:840} INFO - DAG(s) 'example_trigger_controller_dag' retrieved from /home/airflow/.local/lib/python3.12/site-packages/airflow/example_dags/example_trigger_controller_dag.py
[2026-05-28T06:19:19.532+0000] {logging_mixin.py:188} INFO - [2026-05-28T06:19:19.531+0000] {dag.py:3089} INFO - Sync 1 DAGs
[2026-05-28T06:19:19.560+0000] {logging_mixin.py:188} INFO - [2026-05-28T06:19:19.559+0000] {dag.py:3947} INFO - Setting next_dagrun for example_trigger_controller_dag to 2021-01-01 00:00:00+00:00, run_after=2021-01-01 00:00:00+00:00
[2026-05-28T06:19:19.588+0000] {processor.py:183} INFO - Processing /home/airflow/.local/lib/python3.12/site-packages/airflow/example_dags/example_trigger_controller_dag.py took 0.102 seconds
[2026-05-28T06:19:50.556+0000] {processor.py:161} INFO - Started process (PID=1205) to work on /home/airflow/.local/lib/python3.12/site-packages/airflow/example_dags/example_trigger_controller_dag.py
[2026-05-28T06:19:50.558+0000] {processor.py:830} INFO - Processing file /home/airflow/.local/lib/python3.12/site-packages/airflow/example_dags/example_trigger_controller_dag.py for tasks to queue
[2026-05-28T06:19:50.562+0000] {logging_mixin.py:188} INFO - [2026-05-28T06:19:50.562+0000] {dagbag.py:545} INFO - Filling up the DagBag from /home/airflow/.local/lib/python3.12/site-packages/airflow/example_dags/example_trigger_controller_dag.py
[2026-05-28T06:19:50.571+0000] {processor.py:840} INFO - DAG(s) 'example_trigger_controller_dag' retrieved from /home/airflow/.local/lib/python3.12/site-packages/airflow/example_dags/example_trigger_controller_dag.py
[2026-05-28T06:19:50.603+0000] {logging_mixin.py:188} INFO - [2026-05-28T06:19:50.603+0000] {dag.py:3089} INFO - Sync 1 DAGs
[2026-05-28T06:19:50.633+0000] {logging_mixin.py:188} INFO - [2026-05-28T06:19:50.633+0000] {dag.py:3947} INFO - Setting next_dagrun for example_trigger_controller_dag to 2021-01-01 00:00:00+00:00, run_after=2021-01-01 00:00:00+00:00
[2026-05-28T06:19:50.667+0000] {processor.py:183} INFO - Processing /home/airflow/.local/lib/python3.12/site-packages/airflow/example_dags/example_trigger_controller_dag.py took 0.120 seconds
[2026-05-28T06:20:21.176+0000] {processor.py:161} INFO - Started process (PID=1264) to work on /home/airflow/.local/lib/python3.12/site-packages/airflow/example_dags/example_trigger_controller_dag.py
[2026-05-28T06:20:21.178+0000] {processor.py:830} INFO - Processing file /home/airflow/.local/lib/python3.12/site-packages/airflow/example_dags/example_trigger_controller_dag.py for tasks to queue
[2026-05-28T06:20:21.181+0000] {logging_mixin.py:188} INFO - [2026-05-28T06:20:21.180+0000] {dagbag.py:545} INFO - Filling up the DagBag from /home/airflow/.local/lib/python3.12/site-packages/airflow/example_dags/example_trigger_controller_dag.py
[2026-05-28T06:20:21.188+0000] {processor.py:840} INFO - DAG(s) 'example_trigger_controller_dag' retrieved from /home/airflow/.local/lib/python3.12/site-packages/airflow/example_dags/example_trigger_controller_dag.py
[2026-05-28T06:20:21.216+0000] {logging_mixin.py:188} INFO - [2026-05-28T06:20:21.215+0000] {dag.py:3089} INFO - Sync 1 DAGs
[2026-05-28T06:20:21.260+0000] {logging_mixin.py:188} INFO - [2026-05-28T06:20:21.259+0000] {dag.py:3947} INFO - Setting next_dagrun for example_trigger_controller_dag to 2021-01-01 00:00:00+00:00, run_after=2021-01-01 00:00:00+00:00
[2026-05-28T06:20:21.298+0000] {processor.py:183} INFO - Processing /home/airflow/.local/lib/python3.12/site-packages/airflow/example_dags/example_trigger_controller_dag.py took 0.130 seconds
[2026-05-28T06:20:52.245+0000] {processor.py:161} INFO - Started process (PID=1322) to work on /home/airflow/.local/lib/python3.12/site-packages/airflow/example_dags/example_trigger_controller_dag.py
[2026-05-28T06:20:52.247+0000] {processor.py:830} INFO - Processing file /home/airflow/.local/lib/python3.12/site-packages/airflow/example_dags/example_trigger_controller_dag.py for tasks to queue
[2026-05-28T06:20:52.250+0000] {logging_mixin.py:188} INFO - [2026-05-28T06:20:52.250+0000] {dagbag.py:545} INFO - Filling up the DagBag from /home/airflow/.local/lib/python3.12/site-packages/airflow/example_dags/example_trigger_controller_dag.py
[2026-05-28T06:20:52.260+0000] {processor.py:840} INFO - DAG(s) 'example_trigger_controller_dag' retrieved from /home/airflow/.local/lib/python3.12/site-packages/airflow/example_dags/example_trigger_controller_dag.py
[2026-05-28T06:20:52.298+0000] {logging_mixin.py:188} INFO - [2026-05-28T06:20:52.298+0000] {dag.py:3089} INFO - Sync 1 DAGs
[2026-05-28T06:20:52.340+0000] {logging_mixin.py:188} INFO - [2026-05-28T06:20:52.339+0000] {dag.py:3947} INFO - Setting next_dagrun for example_trigger_controller_dag to 2021-01-01 00:00:00+00:00, run_after=2021-01-01 00:00:00+00:00
[2026-05-28T06:20:52.383+0000] {processor.py:183} INFO - Processing /home/airflow/.local/lib/python3.12/site-packages/airflow/example_dags/example_trigger_controller_dag.py took 0.149 seconds
[2026-05-28T06:21:23.225+0000] {processor.py:161} INFO - Started process (PID=1380) to work on /home/airflow/.local/lib/python3.12/site-packages/airflow/example_dags/example_trigger_controller_dag.py
[2026-05-28T06:21:23.228+0000] {processor.py:830} INFO - Processing file /home/airflow/.local/lib/python3.12/site-packages/airflow/example_dags/example_trigger_controller_dag.py for tasks to queue
[2026-05-28T06:21:23.232+0000] {logging_mixin.py:188} INFO - [2026-05-28T06:21:23.231+0000] {dagbag.py:545} INFO - Filling up the DagBag from /home/airflow/.local/lib/python3.12/site-packages/airflow/example_dags/example_trigger_controller_dag.py
[2026-05-28T06:21:23.242+0000] {processor.py:840} INFO - DAG(s) 'example_trigger_controller_dag' retrieved from /home/airflow/.local/lib/python3.12/site-packages/airflow/example_dags/example_trigger_controller_dag.py
[2026-05-28T06:21:23.283+0000] {logging_mixin.py:188} INFO - [2026-05-28T06:21:23.283+0000] {dag.py:3089} INFO - Sync 1 DAGs
[2026-05-28T06:21:23.321+0000] {logging_mixin.py:188} INFO - [2026-05-28T06:21:23.321+0000] {dag.py:3947} INFO - Setting next_dagrun for example_trigger_controller_dag to 2021-01-01 00:00:00+00:00, run_after=2021-01-01 00:00:00+00:00
[2026-05-28T06:21:23.357+0000] {processor.py:183} INFO - Processing /home/airflow/.local/lib/python3.12/site-packages/airflow/example_dags/example_trigger_controller_dag.py took 0.144 seconds
[2026-05-28T06:21:54.288+0000] {processor.py:161} INFO - Started process (PID=1438) to work on /home/airflow/.local/lib/python3.12/site-packages/airflow/example_dags/example_trigger_controller_dag.py
[2026-05-28T06:21:54.290+0000] {processor.py:830} INFO - Processing file /home/airflow/.local/lib/python3.12/site-packages/airflow/example_dags/example_trigger_controller_dag.py for tasks to queue
[2026-05-28T06:21:54.294+0000] {logging_mixin.py:188} INFO - [2026-05-28T06:21:54.293+0000] {dagbag.py:545} INFO - Filling up the DagBag from /home/airflow/.local/lib/python3.12/site-packages/airflow/example_dags/example_trigger_controller_dag.py
[2026-05-28T06:21:54.305+0000] {processor.py:840} INFO - DAG(s) 'example_trigger_controller_dag' retrieved from /home/airflow/.local/lib/python3.12/site-packages/airflow/example_dags/example_trigger_controller_dag.py
[2026-05-28T06:21:54.356+0000] {logging_mixin.py:188} INFO - [2026-05-28T06:21:54.356+0000] {dag.py:3089} INFO - Sync 1 DAGs
[2026-05-28T06:21:54.416+0000] {logging_mixin.py:188} INFO - [2026-05-28T06:21:54.416+0000] {dag.py:3947} INFO - Setting next_dagrun for example_trigger_controller_dag to 2021-01-01 00:00:00+00:00, run_after=2021-01-01 00:00:00+00:00
[2026-05-28T06:21:54.473+0000] {processor.py:183} INFO - Processing /home/airflow/.local/lib/python3.12/site-packages/airflow/example_dags/example_trigger_controller_dag.py took 0.198 seconds
[2026-05-28T06:22:24.690+0000] {processor.py:161} INFO - Started process (PID=1495) to work on /home/airflow/.local/lib/python3.12/site-packages/airflow/example_dags/example_trigger_controller_dag.py
[2026-05-28T06:22:24.692+0000] {processor.py:830} INFO - Processing file /home/airflow/.local/lib/python3.12/site-packages/airflow/example_dags/example_trigger_controller_dag.py for tasks to queue
[2026-05-28T06:22:24.695+0000] {logging_mixin.py:188} INFO - [2026-05-28T06:22:24.695+0000] {dagbag.py:545} INFO - Filling up the DagBag from /home/airflow/.local/lib/python3.12/site-packages/airflow/example_dags/example_trigger_controller_dag.py
[2026-05-28T06:22:24.705+0000] {processor.py:840} INFO - DAG(s) 'example_trigger_controller_dag' retrieved from /home/airflow/.local/lib/python3.12/site-packages/airflow/example_dags/example_trigger_controller_dag.py
[2026-05-28T06:22:24.746+0000] {logging_mixin.py:188} INFO - [2026-05-28T06:22:24.745+0000] {dag.py:3089} INFO - Sync 1 DAGs
[2026-05-28T06:22:24.786+0000] {logging_mixin.py:188} INFO - [2026-05-28T06:22:24.785+0000] {dag.py:3947} INFO - Setting next_dagrun for example_trigger_controller_dag to 2021-01-01 00:00:00+00:00, run_after=2021-01-01 00:00:00+00:00
[2026-05-28T06:22:24.818+0000] {processor.py:183} INFO - Processing /home/airflow/.local/lib/python3.12/site-packages/airflow/example_dags/example_trigger_controller_dag.py took 0.138 seconds
[2026-05-28T06:22:55.239+0000] {processor.py:161} INFO - Started process (PID=1553) to work on /home/airflow/.local/lib/python3.12/site-packages/airflow/example_dags/example_trigger_controller_dag.py
[2026-05-28T06:22:55.241+0000] {processor.py:830} INFO - Processing file /home/airflow/.local/lib/python3.12/site-packages/airflow/example_dags/example_trigger_controller_dag.py for tasks to queue
[2026-05-28T06:22:55.245+0000] {logging_mixin.py:188} INFO - [2026-05-28T06:22:55.244+0000] {dagbag.py:545} INFO - Filling up the DagBag from /home/airflow/.local/lib/python3.12/site-packages/airflow/example_dags/example_trigger_controller_dag.py
[2026-05-28T06:22:55.255+0000] {processor.py:840} INFO - DAG(s) 'example_trigger_controller_dag' retrieved from /home/airflow/.local/lib/python3.12/site-packages/airflow/example_dags/example_trigger_controller_dag.py
[2026-05-28T06:22:55.317+0000] {logging_mixin.py:188} INFO - [2026-05-28T06:22:55.317+0000] {dag.py:3089} INFO - Sync 1 DAGs
[2026-05-28T06:22:55.372+0000] {logging_mixin.py:188} INFO - [2026-05-28T06:22:55.372+0000] {dag.py:3947} INFO - Setting next_dagrun for example_trigger_controller_dag to 2021-01-01 00:00:00+00:00, run_after=2021-01-01 00:00:00+00:00
[2026-05-28T06:22:55.433+0000] {processor.py:183} INFO - Processing /home/airflow/.local/lib/python3.12/site-packages/airflow/example_dags/example_trigger_controller_dag.py took 0.211 seconds
[2026-05-28T06:23:25.733+0000] {processor.py:161} INFO - Started process (PID=1617) to work on /home/airflow/.local/lib/python3.12/site-packages/airflow/example_dags/example_trigger_controller_dag.py
[2026-05-28T06:23:25.735+0000] {processor.py:830} INFO - Processing file /home/airflow/.local/lib/python3.12/site-packages/airflow/example_dags/example_trigger_controller_dag.py for tasks to queue
[2026-05-28T06:23:25.740+0000] {logging_mixin.py:188} INFO - [2026-05-28T06:23:25.738+0000] {dagbag.py:545} INFO - Filling up the DagBag from /home/airflow/.local/lib/python3.12/site-packages/airflow/example_dags/example_trigger_controller_dag.py
[2026-05-28T06:23:25.751+0000] {processor.py:840} INFO - DAG(s) 'example_trigger_controller_dag' retrieved from /home/airflow/.local/lib/python3.12/site-packages/airflow/example_dags/example_trigger_controller_dag.py
[2026-05-28T06:23:25.797+0000] {logging_mixin.py:188} INFO - [2026-05-28T06:23:25.796+0000] {dag.py:3089} INFO - Sync 1 DAGs
[2026-05-28T06:23:25.855+0000] {logging_mixin.py:188} INFO - [2026-05-28T06:23:25.854+0000] {dag.py:3947} INFO - Setting next_dagrun for example_trigger_controller_dag to 2021-01-01 00:00:00+00:00, run_after=2021-01-01 00:00:00+00:00
[2026-05-28T06:23:25.900+0000] {processor.py:183} INFO - Processing /home/airflow/.local/lib/python3.12/site-packages/airflow/example_dags/example_trigger_controller_dag.py took 0.182 seconds
[2026-05-28T06:23:56.020+0000] {processor.py:161} INFO - Started process (PID=1675) to work on /home/airflow/.local/lib/python3.12/site-packages/airflow/example_dags/example_trigger_controller_dag.py
[2026-05-28T06:23:56.022+0000] {processor.py:830} INFO - Processing file /home/airflow/.local/lib/python3.12/site-packages/airflow/example_dags/example_trigger_controller_dag.py for tasks to queue
[2026-05-28T06:23:56.026+0000] {logging_mixin.py:188} INFO - [2026-05-28T06:23:56.026+0000] {dagbag.py:545} INFO - Filling up the DagBag from /home/airflow/.local/lib/python3.12/site-packages/airflow/example_dags/example_trigger_controller_dag.py
[2026-05-28T06:23:56.034+0000] {processor.py:840} INFO - DAG(s) 'example_trigger_controller_dag' retrieved from /home/airflow/.local/lib/python3.12/site-packages/airflow/example_dags/example_trigger_controller_dag.py
[2026-05-28T06:23:56.067+0000] {logging_mixin.py:188} INFO - [2026-05-28T06:23:56.066+0000] {dag.py:3089} INFO - Sync 1 DAGs
[2026-05-28T06:23:56.100+0000] {logging_mixin.py:188} INFO - [2026-05-28T06:23:56.100+0000] {dag.py:3947} INFO - Setting next_dagrun for example_trigger_controller_dag to 2021-01-01 00:00:00+00:00, run_after=2021-01-01 00:00:00+00:00
[2026-05-28T06:23:56.134+0000] {processor.py:183} INFO - Processing /home/airflow/.local/lib/python3.12/site-packages/airflow/example_dags/example_trigger_controller_dag.py took 0.124 seconds
[2026-05-28T06:24:26.314+0000] {processor.py:161} INFO - Started process (PID=1733) to work on /home/airflow/.local/lib/python3.12/site-packages/airflow/example_dags/example_trigger_controller_dag.py
[2026-05-28T06:24:26.315+0000] {processor.py:830} INFO - Processing file /home/airflow/.local/lib/python3.12/site-packages/airflow/example_dags/example_trigger_controller_dag.py for tasks to queue
[2026-05-28T06:24:26.318+0000] {logging_mixin.py:188} INFO - [2026-05-28T06:24:26.318+0000] {dagbag.py:545} INFO - Filling up the DagBag from /home/airflow/.local/lib/python3.12/site-packages/airflow/example_dags/example_trigger_controller_dag.py
[2026-05-28T06:24:26.325+0000] {processor.py:840} INFO - DAG(s) 'example_trigger_controller_dag' retrieved from /home/airflow/.local/lib/python3.12/site-packages/airflow/example_dags/example_trigger_controller_dag.py
[2026-05-28T06:24:26.360+0000] {logging_mixin.py:188} INFO - [2026-05-28T06:24:26.359+0000] {dag.py:3089} INFO - Sync 1 DAGs
[2026-05-28T06:24:26.405+0000] {logging_mixin.py:188} INFO - [2026-05-28T06:24:26.404+0000] {dag.py:3947} INFO - Setting next_dagrun for example_trigger_controller_dag to 2021-01-01 00:00:00+00:00, run_after=2021-01-01 00:00:00+00:00
[2026-05-28T06:24:26.437+0000] {processor.py:183} INFO - Processing /home/airflow/.local/lib/python3.12/site-packages/airflow/example_dags/example_trigger_controller_dag.py took 0.135 seconds
[2026-05-28T06:24:56.817+0000] {processor.py:161} INFO - Started process (PID=1791) to work on /home/airflow/.local/lib/python3.12/site-packages/airflow/example_dags/example_trigger_controller_dag.py
[2026-05-28T06:24:56.819+0000] {processor.py:830} INFO - Processing file /home/airflow/.local/lib/python3.12/site-packages/airflow/example_dags/example_trigger_controller_dag.py for tasks to queue
[2026-05-28T06:24:56.823+0000] {logging_mixin.py:188} INFO - [2026-05-28T06:24:56.822+0000] {dagbag.py:545} INFO - Filling up the DagBag from /home/airflow/.local/lib/python3.12/site-packages/airflow/example_dags/example_trigger_controller_dag.py
[2026-05-28T06:24:56.830+0000] {processor.py:840} INFO - DAG(s) 'example_trigger_controller_dag' retrieved from /home/airflow/.local/lib/python3.12/site-packages/airflow/example_dags/example_trigger_controller_dag.py
[2026-05-28T06:24:56.860+0000] {logging_mixin.py:188} INFO - [2026-05-28T06:24:56.859+0000] {dag.py:3089} INFO - Sync 1 DAGs
[2026-05-28T06:24:56.892+0000] {logging_mixin.py:188} INFO - [2026-05-28T06:24:56.892+0000] {dag.py:3947} INFO - Setting next_dagrun for example_trigger_controller_dag to 2021-01-01 00:00:00+00:00, run_after=2021-01-01 00:00:00+00:00
[2026-05-28T06:24:56.924+0000] {processor.py:183} INFO - Processing /home/airflow/.local/lib/python3.12/site-packages/airflow/example_dags/example_trigger_controller_dag.py took 0.118 seconds
[2026-05-28T06:25:28.310+0000] {processor.py:161} INFO - Started process (PID=1849) to work on /home/airflow/.local/lib/python3.12/site-packages/airflow/example_dags/example_trigger_controller_dag.py
[2026-05-28T06:25:28.311+0000] {processor.py:830} INFO - Processing file /home/airflow/.local/lib/python3.12/site-packages/airflow/example_dags/example_trigger_controller_dag.py for tasks to queue
[2026-05-28T06:25:28.315+0000] {logging_mixin.py:188} INFO - [2026-05-28T06:25:28.314+0000] {dagbag.py:545} INFO - Filling up the DagBag from /home/airflow/.local/lib/python3.12/site-packages/airflow/example_dags/example_trigger_controller_dag.py
[2026-05-28T06:25:28.322+0000] {processor.py:840} INFO - DAG(s) 'example_trigger_controller_dag' retrieved from /home/airflow/.local/lib/python3.12/site-packages/airflow/example_dags/example_trigger_controller_dag.py
[2026-05-28T06:25:28.354+0000] {logging_mixin.py:188} INFO - [2026-05-28T06:25:28.354+0000] {dag.py:3089} INFO - Sync 1 DAGs
[2026-05-28T06:25:28.391+0000] {logging_mixin.py:188} INFO - [2026-05-28T06:25:28.390+0000] {dag.py:3947} INFO - Setting next_dagrun for example_trigger_controller_dag to 2021-01-01 00:00:00+00:00, run_after=2021-01-01 00:00:00+00:00
[2026-05-28T06:25:28.431+0000] {processor.py:183} INFO - Processing /home/airflow/.local/lib/python3.12/site-packages/airflow/example_dags/example_trigger_controller_dag.py took 0.130 seconds
[2026-05-28T06:25:59.433+0000] {processor.py:161} INFO - Started process (PID=1907) to work on /home/airflow/.local/lib/python3.12/site-packages/airflow/example_dags/example_trigger_controller_dag.py
[2026-05-28T06:25:59.435+0000] {processor.py:830} INFO - Processing file /home/airflow/.local/lib/python3.12/site-packages/airflow/example_dags/example_trigger_controller_dag.py for tasks to queue
[2026-05-28T06:25:59.439+0000] {logging_mixin.py:188} INFO - [2026-05-28T06:25:59.438+0000] {dagbag.py:545} INFO - Filling up the DagBag from /home/airflow/.local/lib/python3.12/site-packages/airflow/example_dags/example_trigger_controller_dag.py
[2026-05-28T06:25:59.446+0000] {processor.py:840} INFO - DAG(s) 'example_trigger_controller_dag' retrieved from /home/airflow/.local/lib/python3.12/site-packages/airflow/example_dags/example_trigger_controller_dag.py
[2026-05-28T06:25:59.476+0000] {logging_mixin.py:188} INFO - [2026-05-28T06:25:59.475+0000] {dag.py:3089} INFO - Sync 1 DAGs
[2026-05-28T06:25:59.735+0000] {logging_mixin.py:188} INFO - [2026-05-28T06:25:59.735+0000] {dag.py:3947} INFO - Setting next_dagrun for example_trigger_controller_dag to 2021-01-01 00:00:00+00:00, run_after=2021-01-01 00:00:00+00:00
[2026-05-28T06:25:59.783+0000] {processor.py:183} INFO - Processing /home/airflow/.local/lib/python3.12/site-packages/airflow/example_dags/example_trigger_controller_dag.py took 0.358 seconds
[2026-05-28T06:26:30.612+0000] {processor.py:161} INFO - Started process (PID=1965) to work on /home/airflow/.local/lib/python3.12/site-packages/airflow/example_dags/example_trigger_controller_dag.py
[2026-05-28T06:26:30.614+0000] {processor.py:830} INFO - Processing file /home/airflow/.local/lib/python3.12/site-packages/airflow/example_dags/example_trigger_controller_dag.py for tasks to queue
[2026-05-28T06:26:30.617+0000] {logging_mixin.py:188} INFO - [2026-05-28T06:26:30.617+0000] {dagbag.py:545} INFO - Filling up the DagBag from /home/airflow/.local/lib/python3.12/site-packages/airflow/example_dags/example_trigger_controller_dag.py
[2026-05-28T06:26:30.625+0000] {processor.py:840} INFO - DAG(s) 'example_trigger_controller_dag' retrieved from /home/airflow/.local/lib/python3.12/site-packages/airflow/example_dags/example_trigger_controller_dag.py
[2026-05-28T06:26:30.660+0000] {logging_mixin.py:188} INFO - [2026-05-28T06:26:30.659+0000] {dag.py:3089} INFO - Sync 1 DAGs
[2026-05-28T06:26:30.932+0000] {logging_mixin.py:188} INFO - [2026-05-28T06:26:30.931+0000] {dag.py:3947} INFO - Setting next_dagrun for example_trigger_controller_dag to 2021-01-01 00:00:00+00:00, run_after=2021-01-01 00:00:00+00:00
[2026-05-28T06:26:30.970+0000] {processor.py:183} INFO - Processing /home/airflow/.local/lib/python3.12/site-packages/airflow/example_dags/example_trigger_controller_dag.py took 0.366 seconds
[2026-05-28T06:27:01.430+0000] {processor.py:161} INFO - Started process (PID=2023) to work on /home/airflow/.local/lib/python3.12/site-packages/airflow/example_dags/example_trigger_controller_dag.py
[2026-05-28T06:27:01.432+0000] {processor.py:830} INFO - Processing file /home/airflow/.local/lib/python3.12/site-packages/airflow/example_dags/example_trigger_controller_dag.py for tasks to queue
[2026-05-28T06:27:01.435+0000] {logging_mixin.py:188} INFO - [2026-05-28T06:27:01.435+0000] {dagbag.py:545} INFO - Filling up the DagBag from /home/airflow/.local/lib/python3.12/site-packages/airflow/example_dags/example_trigger_controller_dag.py
[2026-05-28T06:27:01.442+0000] {processor.py:840} INFO - DAG(s) 'example_trigger_controller_dag' retrieved from /home/airflow/.local/lib/python3.12/site-packages/airflow/example_dags/example_trigger_controller_dag.py
[2026-05-28T06:27:01.470+0000] {logging_mixin.py:188} INFO - [2026-05-28T06:27:01.470+0000] {dag.py:3089} INFO - Sync 1 DAGs
[2026-05-28T06:27:01.723+0000] {logging_mixin.py:188} INFO - [2026-05-28T06:27:01.723+0000] {dag.py:3947} INFO - Setting next_dagrun for example_trigger_controller_dag to 2021-01-01 00:00:00+00:00, run_after=2021-01-01 00:00:00+00:00
[2026-05-28T06:27:01.763+0000] {processor.py:183} INFO - Processing /home/airflow/.local/lib/python3.12/site-packages/airflow/example_dags/example_trigger_controller_dag.py took 0.340 seconds
[2026-05-28T06:27:32.636+0000] {processor.py:161} INFO - Started process (PID=2081) to work on /home/airflow/.local/lib/python3.12/site-packages/airflow/example_dags/example_trigger_controller_dag.py
[2026-05-28T06:27:32.638+0000] {processor.py:830} INFO - Processing file /home/airflow/.local/lib/python3.12/site-packages/airflow/example_dags/example_trigger_controller_dag.py for tasks to queue
[2026-05-28T06:27:32.641+0000] {logging_mixin.py:188} INFO - [2026-05-28T06:27:32.640+0000] {dagbag.py:545} INFO - Filling up the DagBag from /home/airflow/.local/lib/python3.12/site-packages/airflow/example_dags/example_trigger_controller_dag.py
[2026-05-28T06:27:32.650+0000] {processor.py:840} INFO - DAG(s) 'example_trigger_controller_dag' retrieved from /home/airflow/.local/lib/python3.12/site-packages/airflow/example_dags/example_trigger_controller_dag.py
[2026-05-28T06:27:32.686+0000] {logging_mixin.py:188} INFO - [2026-05-28T06:27:32.685+0000] {dag.py:3089} INFO - Sync 1 DAGs
[2026-05-28T06:27:32.720+0000] {logging_mixin.py:188} INFO - [2026-05-28T06:27:32.719+0000] {dag.py:3947} INFO - Setting next_dagrun for example_trigger_controller_dag to 2021-01-01 00:00:00+00:00, run_after=2021-01-01 00:00:00+00:00
[2026-05-28T06:27:32.755+0000] {processor.py:183} INFO - Processing /home/airflow/.local/lib/python3.12/site-packages/airflow/example_dags/example_trigger_controller_dag.py took 0.129 seconds
[2026-05-28T06:28:03.071+0000] {processor.py:161} INFO - Started process (PID=2139) to work on /home/airflow/.local/lib/python3.12/site-packages/airflow/example_dags/example_trigger_controller_dag.py
[2026-05-28T06:28:03.074+0000] {processor.py:830} INFO - Processing file /home/airflow/.local/lib/python3.12/site-packages/airflow/example_dags/example_trigger_controller_dag.py for tasks to queue
[2026-05-28T06:28:03.080+0000] {logging_mixin.py:188} INFO - [2026-05-28T06:28:03.080+0000] {dagbag.py:545} INFO - Filling up the DagBag from /home/airflow/.local/lib/python3.12/site-packages/airflow/example_dags/example_trigger_controller_dag.py
[2026-05-28T06:28:03.092+0000] {processor.py:840} INFO - DAG(s) 'example_trigger_controller_dag' retrieved from /home/airflow/.local/lib/python3.12/site-packages/airflow/example_dags/example_trigger_controller_dag.py
[2026-05-28T06:28:03.148+0000] {logging_mixin.py:188} INFO - [2026-05-28T06:28:03.147+0000] {dag.py:3089} INFO - Sync 1 DAGs
[2026-05-28T06:28:03.204+0000] {logging_mixin.py:188} INFO - [2026-05-28T06:28:03.203+0000] {dag.py:3947} INFO - Setting next_dagrun for example_trigger_controller_dag to 2021-01-01 00:00:00+00:00, run_after=2021-01-01 00:00:00+00:00
[2026-05-28T06:28:03.264+0000] {processor.py:183} INFO - Processing /home/airflow/.local/lib/python3.12/site-packages/airflow/example_dags/example_trigger_controller_dag.py took 0.205 seconds
[2026-05-28T06:29:39.806+0000] {processor.py:161} INFO - Started process (PID=2210) to work on /home/airflow/.local/lib/python3.12/site-packages/airflow/example_dags/example_trigger_controller_dag.py
[2026-05-28T06:29:41.195+0000] {processor.py:830} INFO - Processing file /home/airflow/.local/lib/python3.12/site-packages/airflow/example_dags/example_trigger_controller_dag.py for tasks to queue
[2026-05-28T06:29:41.532+0000] {logging_mixin.py:188} INFO - [2026-05-28T06:29:41.515+0000] {dagbag.py:545} INFO - Filling up the DagBag from /home/airflow/.local/lib/python3.12/site-packages/airflow/example_dags/example_trigger_controller_dag.py
[2026-05-28T06:29:42.277+0000] {processor.py:840} INFO - DAG(s) 'example_trigger_controller_dag' retrieved from /home/airflow/.local/lib/python3.12/site-packages/airflow/example_dags/example_trigger_controller_dag.py
[2026-05-28T06:29:43.545+0000] {logging_mixin.py:188} INFO - [2026-05-28T06:29:43.536+0000] {dag.py:3089} INFO - Sync 1 DAGs
[2026-05-28T06:29:44.476+0000] {logging_mixin.py:188} INFO - [2026-05-28T06:29:44.471+0000] {dag.py:3947} INFO - Setting next_dagrun for example_trigger_controller_dag to 2021-01-01 00:00:00+00:00, run_after=2021-01-01 00:00:00+00:00
[2026-05-28T06:29:45.313+0000] {processor.py:183} INFO - Processing /home/airflow/.local/lib/python3.12/site-packages/airflow/example_dags/example_trigger_controller_dag.py took 6.008 seconds
[2026-05-28T06:30:54.222+0000] {processor.py:161} INFO - Started process (PID=2271) to work on /home/airflow/.local/lib/python3.12/site-packages/airflow/example_dags/example_trigger_controller_dag.py
[2026-05-28T06:30:54.227+0000] {processor.py:830} INFO - Processing file /home/airflow/.local/lib/python3.12/site-packages/airflow/example_dags/example_trigger_controller_dag.py for tasks to queue
[2026-05-28T06:30:54.239+0000] {logging_mixin.py:188} INFO - [2026-05-28T06:30:54.236+0000] {dagbag.py:545} INFO - Filling up the DagBag from /home/airflow/.local/lib/python3.12/site-packages/airflow/example_dags/example_trigger_controller_dag.py
[2026-05-28T06:30:54.262+0000] {processor.py:840} INFO - DAG(s) 'example_trigger_controller_dag' retrieved from /home/airflow/.local/lib/python3.12/site-packages/airflow/example_dags/example_trigger_controller_dag.py
[2026-05-28T06:30:54.352+0000] {logging_mixin.py:188} INFO - [2026-05-28T06:30:54.351+0000] {dag.py:3089} INFO - Sync 1 DAGs
[2026-05-28T06:30:54.458+0000] {logging_mixin.py:188} INFO - [2026-05-28T06:30:54.457+0000] {dag.py:3947} INFO - Setting next_dagrun for example_trigger_controller_dag to 2021-01-01 00:00:00+00:00, run_after=2021-01-01 00:00:00+00:00
[2026-05-28T06:30:54.584+0000] {processor.py:183} INFO - Processing /home/airflow/.local/lib/python3.12/site-packages/airflow/example_dags/example_trigger_controller_dag.py took 0.399 seconds
[2026-05-28T06:31:24.760+0000] {processor.py:161} INFO - Started process (PID=2329) to work on /home/airflow/.local/lib/python3.12/site-packages/airflow/example_dags/example_trigger_controller_dag.py
[2026-05-28T06:31:24.763+0000] {processor.py:830} INFO - Processing file /home/airflow/.local/lib/python3.12/site-packages/airflow/example_dags/example_trigger_controller_dag.py for tasks to queue
[2026-05-28T06:31:24.769+0000] {logging_mixin.py:188} INFO - [2026-05-28T06:31:24.768+0000] {dagbag.py:545} INFO - Filling up the DagBag from /home/airflow/.local/lib/python3.12/site-packages/airflow/example_dags/example_trigger_controller_dag.py
[2026-05-28T06:31:24.783+0000] {processor.py:840} INFO - DAG(s) 'example_trigger_controller_dag' retrieved from /home/airflow/.local/lib/python3.12/site-packages/airflow/example_dags/example_trigger_controller_dag.py
[2026-05-28T06:31:24.841+0000] {logging_mixin.py:188} INFO - [2026-05-28T06:31:24.840+0000] {dag.py:3089} INFO - Sync 1 DAGs
[2026-05-28T06:31:24.925+0000] {logging_mixin.py:188} INFO - [2026-05-28T06:31:24.924+0000] {dag.py:3947} INFO - Setting next_dagrun for example_trigger_controller_dag to 2021-01-01 00:00:00+00:00, run_after=2021-01-01 00:00:00+00:00
[2026-05-28T06:31:25.002+0000] {processor.py:183} INFO - Processing /home/airflow/.local/lib/python3.12/site-packages/airflow/example_dags/example_trigger_controller_dag.py took 0.256 seconds
[2026-05-28T06:31:55.487+0000] {processor.py:161} INFO - Started process (PID=2387) to work on /home/airflow/.local/lib/python3.12/site-packages/airflow/example_dags/example_trigger_controller_dag.py
[2026-05-28T06:31:55.490+0000] {processor.py:830} INFO - Processing file /home/airflow/.local/lib/python3.12/site-packages/airflow/example_dags/example_trigger_controller_dag.py for tasks to queue
[2026-05-28T06:31:55.497+0000] {logging_mixin.py:188} INFO - [2026-05-28T06:31:55.496+0000] {dagbag.py:545} INFO - Filling up the DagBag from /home/airflow/.local/lib/python3.12/site-packages/airflow/example_dags/example_trigger_controller_dag.py
[2026-05-28T06:31:55.512+0000] {processor.py:840} INFO - DAG(s) 'example_trigger_controller_dag' retrieved from /home/airflow/.local/lib/python3.12/site-packages/airflow/example_dags/example_trigger_controller_dag.py
[2026-05-28T06:31:55.580+0000] {logging_mixin.py:188} INFO - [2026-05-28T06:31:55.579+0000] {dag.py:3089} INFO - Sync 1 DAGs
[2026-05-28T06:31:55.658+0000] {logging_mixin.py:188} INFO - [2026-05-28T06:31:55.657+0000] {dag.py:3947} INFO - Setting next_dagrun for example_trigger_controller_dag to 2021-01-01 00:00:00+00:00, run_after=2021-01-01 00:00:00+00:00
[2026-05-28T06:31:55.731+0000] {processor.py:183} INFO - Processing /home/airflow/.local/lib/python3.12/site-packages/airflow/example_dags/example_trigger_controller_dag.py took 0.266 seconds
[2026-05-28T06:32:28.408+0000] {processor.py:161} INFO - Started process (PID=2446) to work on /home/airflow/.local/lib/python3.12/site-packages/airflow/example_dags/example_trigger_controller_dag.py
[2026-05-28T06:32:28.414+0000] {processor.py:830} INFO - Processing file /home/airflow/.local/lib/python3.12/site-packages/airflow/example_dags/example_trigger_controller_dag.py for tasks to queue
[2026-05-28T06:32:28.423+0000] {logging_mixin.py:188} INFO - [2026-05-28T06:32:28.421+0000] {dagbag.py:545} INFO - Filling up the DagBag from /home/airflow/.local/lib/python3.12/site-packages/airflow/example_dags/example_trigger_controller_dag.py
[2026-05-28T06:32:28.448+0000] {processor.py:840} INFO - DAG(s) 'example_trigger_controller_dag' retrieved from /home/airflow/.local/lib/python3.12/site-packages/airflow/example_dags/example_trigger_controller_dag.py
[2026-05-28T06:32:28.544+0000] {logging_mixin.py:188} INFO - [2026-05-28T06:32:28.542+0000] {dag.py:3089} INFO - Sync 1 DAGs
[2026-05-28T06:32:28.672+0000] {logging_mixin.py:188} INFO - [2026-05-28T06:32:28.671+0000] {dag.py:3947} INFO - Setting next_dagrun for example_trigger_controller_dag to 2021-01-01 00:00:00+00:00, run_after=2021-01-01 00:00:00+00:00
[2026-05-28T06:32:28.799+0000] {processor.py:183} INFO - Processing /home/airflow/.local/lib/python3.12/site-packages/airflow/example_dags/example_trigger_controller_dag.py took 0.418 seconds
[2026-05-28T06:32:59.158+0000] {processor.py:161} INFO - Started process (PID=2504) to work on /home/airflow/.local/lib/python3.12/site-packages/airflow/example_dags/example_trigger_controller_dag.py
[2026-05-28T06:32:59.160+0000] {processor.py:830} INFO - Processing file /home/airflow/.local/lib/python3.12/site-packages/airflow/example_dags/example_trigger_controller_dag.py for tasks to queue
[2026-05-28T06:32:59.166+0000] {logging_mixin.py:188} INFO - [2026-05-28T06:32:59.165+0000] {dagbag.py:545} INFO - Filling up the DagBag from /home/airflow/.local/lib/python3.12/site-packages/airflow/example_dags/example_trigger_controller_dag.py
[2026-05-28T06:32:59.180+0000] {processor.py:840} INFO - DAG(s) 'example_trigger_controller_dag' retrieved from /home/airflow/.local/lib/python3.12/site-packages/airflow/example_dags/example_trigger_controller_dag.py
[2026-05-28T06:32:59.249+0000] {logging_mixin.py:188} INFO - [2026-05-28T06:32:59.248+0000] {dag.py:3089} INFO - Sync 1 DAGs
[2026-05-28T06:32:59.317+0000] {logging_mixin.py:188} INFO - [2026-05-28T06:32:59.317+0000] {dag.py:3947} INFO - Setting next_dagrun for example_trigger_controller_dag to 2021-01-01 00:00:00+00:00, run_after=2021-01-01 00:00:00+00:00
[2026-05-28T06:32:59.390+0000] {processor.py:183} INFO - Processing /home/airflow/.local/lib/python3.12/site-packages/airflow/example_dags/example_trigger_controller_dag.py took 0.250 seconds
[2026-05-28T06:33:30.235+0000] {processor.py:161} INFO - Started process (PID=2562) to work on /home/airflow/.local/lib/python3.12/site-packages/airflow/example_dags/example_trigger_controller_dag.py
[2026-05-28T06:33:30.239+0000] {processor.py:830} INFO - Processing file /home/airflow/.local/lib/python3.12/site-packages/airflow/example_dags/example_trigger_controller_dag.py for tasks to queue
[2026-05-28T06:33:30.247+0000] {logging_mixin.py:188} INFO - [2026-05-28T06:33:30.246+0000] {dagbag.py:545} INFO - Filling up the DagBag from /home/airflow/.local/lib/python3.12/site-packages/airflow/example_dags/example_trigger_controller_dag.py
[2026-05-28T06:33:30.266+0000] {processor.py:840} INFO - DAG(s) 'example_trigger_controller_dag' retrieved from /home/airflow/.local/lib/python3.12/site-packages/airflow/example_dags/example_trigger_controller_dag.py
[2026-05-28T06:33:30.352+0000] {logging_mixin.py:188} INFO - [2026-05-28T06:33:30.352+0000] {dag.py:3089} INFO - Sync 1 DAGs
[2026-05-28T06:33:30.450+0000] {logging_mixin.py:188} INFO - [2026-05-28T06:33:30.449+0000] {dag.py:3947} INFO - Setting next_dagrun for example_trigger_controller_dag to 2021-01-01 00:00:00+00:00, run_after=2021-01-01 00:00:00+00:00
[2026-05-28T06:33:30.534+0000] {processor.py:183} INFO - Processing /home/airflow/.local/lib/python3.12/site-packages/airflow/example_dags/example_trigger_controller_dag.py took 0.327 seconds
[2026-05-28T06:34:00.907+0000] {processor.py:161} INFO - Started process (PID=2620) to work on /home/airflow/.local/lib/python3.12/site-packages/airflow/example_dags/example_trigger_controller_dag.py
[2026-05-28T06:34:00.910+0000] {processor.py:830} INFO - Processing file /home/airflow/.local/lib/python3.12/site-packages/airflow/example_dags/example_trigger_controller_dag.py for tasks to queue
[2026-05-28T06:34:00.923+0000] {logging_mixin.py:188} INFO - [2026-05-28T06:34:00.919+0000] {dagbag.py:545} INFO - Filling up the DagBag from /home/airflow/.local/lib/python3.12/site-packages/airflow/example_dags/example_trigger_controller_dag.py
[2026-05-28T06:34:00.953+0000] {processor.py:840} INFO - DAG(s) 'example_trigger_controller_dag' retrieved from /home/airflow/.local/lib/python3.12/site-packages/airflow/example_dags/example_trigger_controller_dag.py
[2026-05-28T06:34:01.068+0000] {logging_mixin.py:188} INFO - [2026-05-28T06:34:01.067+0000] {dag.py:3089} INFO - Sync 1 DAGs
[2026-05-28T06:34:01.253+0000] {logging_mixin.py:188} INFO - [2026-05-28T06:34:01.252+0000] {dag.py:3947} INFO - Setting next_dagrun for example_trigger_controller_dag to 2021-01-01 00:00:00+00:00, run_after=2021-01-01 00:00:00+00:00
[2026-05-28T06:34:01.333+0000] {processor.py:183} INFO - Processing /home/airflow/.local/lib/python3.12/site-packages/airflow/example_dags/example_trigger_controller_dag.py took 0.456 seconds
[2026-05-28T06:34:32.233+0000] {processor.py:161} INFO - Started process (PID=2678) to work on /home/airflow/.local/lib/python3.12/site-packages/airflow/example_dags/example_trigger_controller_dag.py
[2026-05-28T06:34:32.236+0000] {processor.py:830} INFO - Processing file /home/airflow/.local/lib/python3.12/site-packages/airflow/example_dags/example_trigger_controller_dag.py for tasks to queue
[2026-05-28T06:34:32.240+0000] {logging_mixin.py:188} INFO - [2026-05-28T06:34:32.239+0000] {dagbag.py:545} INFO - Filling up the DagBag from /home/airflow/.local/lib/python3.12/site-packages/airflow/example_dags/example_trigger_controller_dag.py
[2026-05-28T06:34:32.252+0000] {processor.py:840} INFO - DAG(s) 'example_trigger_controller_dag' retrieved from /home/airflow/.local/lib/python3.12/site-packages/airflow/example_dags/example_trigger_controller_dag.py
[2026-05-28T06:34:32.304+0000] {logging_mixin.py:188} INFO - [2026-05-28T06:34:32.304+0000] {dag.py:3089} INFO - Sync 1 DAGs
[2026-05-28T06:34:32.351+0000] {logging_mixin.py:188} INFO - [2026-05-28T06:34:32.351+0000] {dag.py:3947} INFO - Setting next_dagrun for example_trigger_controller_dag to 2021-01-01 00:00:00+00:00, run_after=2021-01-01 00:00:00+00:00
[2026-05-28T06:34:32.409+0000] {processor.py:183} INFO - Processing /home/airflow/.local/lib/python3.12/site-packages/airflow/example_dags/example_trigger_controller_dag.py took 0.188 seconds
[2026-05-28T06:35:02.819+0000] {processor.py:161} INFO - Started process (PID=2736) to work on /home/airflow/.local/lib/python3.12/site-packages/airflow/example_dags/example_trigger_controller_dag.py
[2026-05-28T06:35:02.825+0000] {processor.py:830} INFO - Processing file /home/airflow/.local/lib/python3.12/site-packages/airflow/example_dags/example_trigger_controller_dag.py for tasks to queue
[2026-05-28T06:35:02.834+0000] {logging_mixin.py:188} INFO - [2026-05-28T06:35:02.833+0000] {dagbag.py:545} INFO - Filling up the DagBag from /home/airflow/.local/lib/python3.12/site-packages/airflow/example_dags/example_trigger_controller_dag.py
[2026-05-28T06:35:02.853+0000] {processor.py:840} INFO - DAG(s) 'example_trigger_controller_dag' retrieved from /home/airflow/.local/lib/python3.12/site-packages/airflow/example_dags/example_trigger_controller_dag.py
[2026-05-28T06:35:02.912+0000] {logging_mixin.py:188} INFO - [2026-05-28T06:35:02.911+0000] {dag.py:3089} INFO - Sync 1 DAGs
[2026-05-28T06:35:02.977+0000] {logging_mixin.py:188} INFO - [2026-05-28T06:35:02.976+0000] {dag.py:3947} INFO - Setting next_dagrun for example_trigger_controller_dag to 2021-01-01 00:00:00+00:00, run_after=2021-01-01 00:00:00+00:00
[2026-05-28T06:35:03.046+0000] {processor.py:183} INFO - Processing /home/airflow/.local/lib/python3.12/site-packages/airflow/example_dags/example_trigger_controller_dag.py took 0.247 seconds
[2026-05-28T06:35:33.337+0000] {processor.py:161} INFO - Started process (PID=2794) to work on /home/airflow/.local/lib/python3.12/site-packages/airflow/example_dags/example_trigger_controller_dag.py
[2026-05-28T06:35:33.339+0000] {processor.py:830} INFO - Processing file /home/airflow/.local/lib/python3.12/site-packages/airflow/example_dags/example_trigger_controller_dag.py for tasks to queue
[2026-05-28T06:35:33.344+0000] {logging_mixin.py:188} INFO - [2026-05-28T06:35:33.343+0000] {dagbag.py:545} INFO - Filling up the DagBag from /home/airflow/.local/lib/python3.12/site-packages/airflow/example_dags/example_trigger_controller_dag.py
[2026-05-28T06:35:33.356+0000] {processor.py:840} INFO - DAG(s) 'example_trigger_controller_dag' retrieved from /home/airflow/.local/lib/python3.12/site-packages/airflow/example_dags/example_trigger_controller_dag.py
[2026-05-28T06:35:33.406+0000] {logging_mixin.py:188} INFO - [2026-05-28T06:35:33.406+0000] {dag.py:3089} INFO - Sync 1 DAGs
[2026-05-28T06:35:33.455+0000] {logging_mixin.py:188} INFO - [2026-05-28T06:35:33.454+0000] {dag.py:3947} INFO - Setting next_dagrun for example_trigger_controller_dag to 2021-01-01 00:00:00+00:00, run_after=2021-01-01 00:00:00+00:00
[2026-05-28T06:35:33.505+0000] {processor.py:183} INFO - Processing /home/airflow/.local/lib/python3.12/site-packages/airflow/example_dags/example_trigger_controller_dag.py took 0.182 seconds
[2026-05-28T06:36:03.949+0000] {processor.py:161} INFO - Started process (PID=2852) to work on /home/airflow/.local/lib/python3.12/site-packages/airflow/example_dags/example_trigger_controller_dag.py
[2026-05-28T06:36:03.965+0000] {processor.py:830} INFO - Processing file /home/airflow/.local/lib/python3.12/site-packages/airflow/example_dags/example_trigger_controller_dag.py for tasks to queue
[2026-05-28T06:36:03.979+0000] {logging_mixin.py:188} INFO - [2026-05-28T06:36:03.977+0000] {dagbag.py:545} INFO - Filling up the DagBag from /home/airflow/.local/lib/python3.12/site-packages/airflow/example_dags/example_trigger_controller_dag.py
[2026-05-28T06:36:03.999+0000] {processor.py:840} INFO - DAG(s) 'example_trigger_controller_dag' retrieved from /home/airflow/.local/lib/python3.12/site-packages/airflow/example_dags/example_trigger_controller_dag.py
[2026-05-28T06:36:04.068+0000] {logging_mixin.py:188} INFO - [2026-05-28T06:36:04.067+0000] {dag.py:3089} INFO - Sync 1 DAGs
[2026-05-28T06:36:04.139+0000] {logging_mixin.py:188} INFO - [2026-05-28T06:36:04.138+0000] {dag.py:3947} INFO - Setting next_dagrun for example_trigger_controller_dag to 2021-01-01 00:00:00+00:00, run_after=2021-01-01 00:00:00+00:00
[2026-05-28T06:36:04.194+0000] {processor.py:183} INFO - Processing /home/airflow/.local/lib/python3.12/site-packages/airflow/example_dags/example_trigger_controller_dag.py took 0.272 seconds
[2026-05-28T06:36:34.310+0000] {processor.py:161} INFO - Started process (PID=2910) to work on /home/airflow/.local/lib/python3.12/site-packages/airflow/example_dags/example_trigger_controller_dag.py
[2026-05-28T06:36:34.312+0000] {processor.py:830} INFO - Processing file /home/airflow/.local/lib/python3.12/site-packages/airflow/example_dags/example_trigger_controller_dag.py for tasks to queue
[2026-05-28T06:36:34.318+0000] {logging_mixin.py:188} INFO - [2026-05-28T06:36:34.317+0000] {dagbag.py:545} INFO - Filling up the DagBag from /home/airflow/.local/lib/python3.12/site-packages/airflow/example_dags/example_trigger_controller_dag.py
[2026-05-28T06:36:34.333+0000] {processor.py:840} INFO - DAG(s) 'example_trigger_controller_dag' retrieved from /home/airflow/.local/lib/python3.12/site-packages/airflow/example_dags/example_trigger_controller_dag.py
[2026-05-28T06:36:34.383+0000] {logging_mixin.py:188} INFO - [2026-05-28T06:36:34.383+0000] {dag.py:3089} INFO - Sync 1 DAGs
[2026-05-28T06:36:34.435+0000] {logging_mixin.py:188} INFO - [2026-05-28T06:36:34.434+0000] {dag.py:3947} INFO - Setting next_dagrun for example_trigger_controller_dag to 2021-01-01 00:00:00+00:00, run_after=2021-01-01 00:00:00+00:00
[2026-05-28T06:36:34.499+0000] {processor.py:183} INFO - Processing /home/airflow/.local/lib/python3.12/site-packages/airflow/example_dags/example_trigger_controller_dag.py took 0.205 seconds
[2026-05-28T06:37:05.416+0000] {processor.py:161} INFO - Started process (PID=2968) to work on /home/airflow/.local/lib/python3.12/site-packages/airflow/example_dags/example_trigger_controller_dag.py
[2026-05-28T06:37:05.420+0000] {processor.py:830} INFO - Processing file /home/airflow/.local/lib/python3.12/site-packages/airflow/example_dags/example_trigger_controller_dag.py for tasks to queue
[2026-05-28T06:37:05.426+0000] {logging_mixin.py:188} INFO - [2026-05-28T06:37:05.425+0000] {dagbag.py:545} INFO - Filling up the DagBag from /home/airflow/.local/lib/python3.12/site-packages/airflow/example_dags/example_trigger_controller_dag.py
[2026-05-28T06:37:05.442+0000] {processor.py:840} INFO - DAG(s) 'example_trigger_controller_dag' retrieved from /home/airflow/.local/lib/python3.12/site-packages/airflow/example_dags/example_trigger_controller_dag.py
[2026-05-28T06:37:05.500+0000] {logging_mixin.py:188} INFO - [2026-05-28T06:37:05.500+0000] {dag.py:3089} INFO - Sync 1 DAGs
[2026-05-28T06:37:05.569+0000] {logging_mixin.py:188} INFO - [2026-05-28T06:37:05.568+0000] {dag.py:3947} INFO - Setting next_dagrun for example_trigger_controller_dag to 2021-01-01 00:00:00+00:00, run_after=2021-01-01 00:00:00+00:00
[2026-05-28T06:37:05.620+0000] {processor.py:183} INFO - Processing /home/airflow/.local/lib/python3.12/site-packages/airflow/example_dags/example_trigger_controller_dag.py took 0.220 seconds
[2026-05-28T06:37:36.593+0000] {processor.py:161} INFO - Started process (PID=3027) to work on /home/airflow/.local/lib/python3.12/site-packages/airflow/example_dags/example_trigger_controller_dag.py
[2026-05-28T06:37:36.595+0000] {processor.py:830} INFO - Processing file /home/airflow/.local/lib/python3.12/site-packages/airflow/example_dags/example_trigger_controller_dag.py for tasks to queue
[2026-05-28T06:37:36.604+0000] {logging_mixin.py:188} INFO - [2026-05-28T06:37:36.603+0000] {dagbag.py:545} INFO - Filling up the DagBag from /home/airflow/.local/lib/python3.12/site-packages/airflow/example_dags/example_trigger_controller_dag.py
[2026-05-28T06:37:36.621+0000] {processor.py:840} INFO - DAG(s) 'example_trigger_controller_dag' retrieved from /home/airflow/.local/lib/python3.12/site-packages/airflow/example_dags/example_trigger_controller_dag.py
[2026-05-28T06:37:36.677+0000] {logging_mixin.py:188} INFO - [2026-05-28T06:37:36.677+0000] {dag.py:3089} INFO - Sync 1 DAGs
[2026-05-28T06:37:36.749+0000] {logging_mixin.py:188} INFO - [2026-05-28T06:37:36.749+0000] {dag.py:3947} INFO - Setting next_dagrun for example_trigger_controller_dag to 2021-01-01 00:00:00+00:00, run_after=2021-01-01 00:00:00+00:00
[2026-05-28T06:37:36.821+0000] {processor.py:183} INFO - Processing /home/airflow/.local/lib/python3.12/site-packages/airflow/example_dags/example_trigger_controller_dag.py took 0.249 seconds
[2026-05-28T06:38:07.645+0000] {processor.py:161} INFO - Started process (PID=3085) to work on /home/airflow/.local/lib/python3.12/site-packages/airflow/example_dags/example_trigger_controller_dag.py
[2026-05-28T06:38:07.648+0000] {processor.py:830} INFO - Processing file /home/airflow/.local/lib/python3.12/site-packages/airflow/example_dags/example_trigger_controller_dag.py for tasks to queue
[2026-05-28T06:38:07.654+0000] {logging_mixin.py:188} INFO - [2026-05-28T06:38:07.653+0000] {dagbag.py:545} INFO - Filling up the DagBag from /home/airflow/.local/lib/python3.12/site-packages/airflow/example_dags/example_trigger_controller_dag.py
[2026-05-28T06:38:07.667+0000] {processor.py:840} INFO - DAG(s) 'example_trigger_controller_dag' retrieved from /home/airflow/.local/lib/python3.12/site-packages/airflow/example_dags/example_trigger_controller_dag.py
[2026-05-28T06:38:07.758+0000] {logging_mixin.py:188} INFO - [2026-05-28T06:38:07.757+0000] {dag.py:3089} INFO - Sync 1 DAGs
[2026-05-28T06:38:07.843+0000] {logging_mixin.py:188} INFO - [2026-05-28T06:38:07.843+0000] {dag.py:3947} INFO - Setting next_dagrun for example_trigger_controller_dag to 2021-01-01 00:00:00+00:00, run_after=2021-01-01 00:00:00+00:00
[2026-05-28T06:38:07.904+0000] {processor.py:183} INFO - Processing /home/airflow/.local/lib/python3.12/site-packages/airflow/example_dags/example_trigger_controller_dag.py took 0.274 seconds
[2026-05-28T06:38:38.384+0000] {processor.py:161} INFO - Started process (PID=3143) to work on /home/airflow/.local/lib/python3.12/site-packages/airflow/example_dags/example_trigger_controller_dag.py
[2026-05-28T06:38:38.388+0000] {processor.py:830} INFO - Processing file /home/airflow/.local/lib/python3.12/site-packages/airflow/example_dags/example_trigger_controller_dag.py for tasks to queue
[2026-05-28T06:38:38.394+0000] {logging_mixin.py:188} INFO - [2026-05-28T06:38:38.393+0000] {dagbag.py:545} INFO - Filling up the DagBag from /home/airflow/.local/lib/python3.12/site-packages/airflow/example_dags/example_trigger_controller_dag.py
[2026-05-28T06:38:38.412+0000] {processor.py:840} INFO - DAG(s) 'example_trigger_controller_dag' retrieved from /home/airflow/.local/lib/python3.12/site-packages/airflow/example_dags/example_trigger_controller_dag.py
[2026-05-28T06:38:38.480+0000] {logging_mixin.py:188} INFO - [2026-05-28T06:38:38.479+0000] {dag.py:3089} INFO - Sync 1 DAGs
[2026-05-28T06:38:38.568+0000] {logging_mixin.py:188} INFO - [2026-05-28T06:38:38.567+0000] {dag.py:3947} INFO - Setting next_dagrun for example_trigger_controller_dag to 2021-01-01 00:00:00+00:00, run_after=2021-01-01 00:00:00+00:00
[2026-05-28T06:38:38.641+0000] {processor.py:183} INFO - Processing /home/airflow/.local/lib/python3.12/site-packages/airflow/example_dags/example_trigger_controller_dag.py took 0.278 seconds
[2026-05-28T06:39:09.618+0000] {processor.py:161} INFO - Started process (PID=3201) to work on /home/airflow/.local/lib/python3.12/site-packages/airflow/example_dags/example_trigger_controller_dag.py
[2026-05-28T06:39:09.621+0000] {processor.py:830} INFO - Processing file /home/airflow/.local/lib/python3.12/site-packages/airflow/example_dags/example_trigger_controller_dag.py for tasks to queue
[2026-05-28T06:39:09.626+0000] {logging_mixin.py:188} INFO - [2026-05-28T06:39:09.625+0000] {dagbag.py:545} INFO - Filling up the DagBag from /home/airflow/.local/lib/python3.12/site-packages/airflow/example_dags/example_trigger_controller_dag.py
[2026-05-28T06:39:09.640+0000] {processor.py:840} INFO - DAG(s) 'example_trigger_controller_dag' retrieved from /home/airflow/.local/lib/python3.12/site-packages/airflow/example_dags/example_trigger_controller_dag.py
[2026-05-28T06:39:09.704+0000] {logging_mixin.py:188} INFO - [2026-05-28T06:39:09.704+0000] {dag.py:3089} INFO - Sync 1 DAGs
[2026-05-28T06:39:09.781+0000] {logging_mixin.py:188} INFO - [2026-05-28T06:39:09.780+0000] {dag.py:3947} INFO - Setting next_dagrun for example_trigger_controller_dag to 2021-01-01 00:00:00+00:00, run_after=2021-01-01 00:00:00+00:00
[2026-05-28T06:39:09.834+0000] {processor.py:183} INFO - Processing /home/airflow/.local/lib/python3.12/site-packages/airflow/example_dags/example_trigger_controller_dag.py took 0.233 seconds
[2026-05-28T06:39:40.830+0000] {processor.py:161} INFO - Started process (PID=3259) to work on /home/airflow/.local/lib/python3.12/site-packages/airflow/example_dags/example_trigger_controller_dag.py
[2026-05-28T06:39:40.833+0000] {processor.py:830} INFO - Processing file /home/airflow/.local/lib/python3.12/site-packages/airflow/example_dags/example_trigger_controller_dag.py for tasks to queue
[2026-05-28T06:39:40.838+0000] {logging_mixin.py:188} INFO - [2026-05-28T06:39:40.837+0000] {dagbag.py:545} INFO - Filling up the DagBag from /home/airflow/.local/lib/python3.12/site-packages/airflow/example_dags/example_trigger_controller_dag.py
[2026-05-28T06:39:40.852+0000] {processor.py:840} INFO - DAG(s) 'example_trigger_controller_dag' retrieved from /home/airflow/.local/lib/python3.12/site-packages/airflow/example_dags/example_trigger_controller_dag.py
[2026-05-28T06:39:40.924+0000] {logging_mixin.py:188} INFO - [2026-05-28T06:39:40.923+0000] {dag.py:3089} INFO - Sync 1 DAGs
[2026-05-28T06:39:41.016+0000] {logging_mixin.py:188} INFO - [2026-05-28T06:39:41.015+0000] {dag.py:3947} INFO - Setting next_dagrun for example_trigger_controller_dag to 2021-01-01 00:00:00+00:00, run_after=2021-01-01 00:00:00+00:00
[2026-05-28T06:39:41.108+0000] {processor.py:183} INFO - Processing /home/airflow/.local/lib/python3.12/site-packages/airflow/example_dags/example_trigger_controller_dag.py took 0.296 seconds
[2026-05-28T06:40:12.081+0000] {processor.py:161} INFO - Started process (PID=3317) to work on /home/airflow/.local/lib/python3.12/site-packages/airflow/example_dags/example_trigger_controller_dag.py
[2026-05-28T06:40:12.089+0000] {processor.py:830} INFO - Processing file /home/airflow/.local/lib/python3.12/site-packages/airflow/example_dags/example_trigger_controller_dag.py for tasks to queue
[2026-05-28T06:40:12.097+0000] {logging_mixin.py:188} INFO - [2026-05-28T06:40:12.095+0000] {dagbag.py:545} INFO - Filling up the DagBag from /home/airflow/.local/lib/python3.12/site-packages/airflow/example_dags/example_trigger_controller_dag.py
[2026-05-28T06:40:12.116+0000] {processor.py:840} INFO - DAG(s) 'example_trigger_controller_dag' retrieved from /home/airflow/.local/lib/python3.12/site-packages/airflow/example_dags/example_trigger_controller_dag.py
[2026-05-28T06:40:12.201+0000] {logging_mixin.py:188} INFO - [2026-05-28T06:40:12.199+0000] {dag.py:3089} INFO - Sync 1 DAGs
[2026-05-28T06:40:12.300+0000] {logging_mixin.py:188} INFO - [2026-05-28T06:40:12.299+0000] {dag.py:3947} INFO - Setting next_dagrun for example_trigger_controller_dag to 2021-01-01 00:00:00+00:00, run_after=2021-01-01 00:00:00+00:00
[2026-05-28T06:40:12.381+0000] {processor.py:183} INFO - Processing /home/airflow/.local/lib/python3.12/site-packages/airflow/example_dags/example_trigger_controller_dag.py took 0.323 seconds
[2026-05-28T06:40:43.803+0000] {processor.py:161} INFO - Started process (PID=3375) to work on /home/airflow/.local/lib/python3.12/site-packages/airflow/example_dags/example_trigger_controller_dag.py
[2026-05-28T06:40:43.806+0000] {processor.py:830} INFO - Processing file /home/airflow/.local/lib/python3.12/site-packages/airflow/example_dags/example_trigger_controller_dag.py for tasks to queue
[2026-05-28T06:40:43.811+0000] {logging_mixin.py:188} INFO - [2026-05-28T06:40:43.810+0000] {dagbag.py:545} INFO - Filling up the DagBag from /home/airflow/.local/lib/python3.12/site-packages/airflow/example_dags/example_trigger_controller_dag.py
[2026-05-28T06:40:43.830+0000] {processor.py:840} INFO - DAG(s) 'example_trigger_controller_dag' retrieved from /home/airflow/.local/lib/python3.12/site-packages/airflow/example_dags/example_trigger_controller_dag.py
[2026-05-28T06:40:43.892+0000] {logging_mixin.py:188} INFO - [2026-05-28T06:40:43.891+0000] {dag.py:3089} INFO - Sync 1 DAGs
[2026-05-28T06:40:43.960+0000] {logging_mixin.py:188} INFO - [2026-05-28T06:40:43.959+0000] {dag.py:3947} INFO - Setting next_dagrun for example_trigger_controller_dag to 2021-01-01 00:00:00+00:00, run_after=2021-01-01 00:00:00+00:00
[2026-05-28T06:40:44.025+0000] {processor.py:183} INFO - Processing /home/airflow/.local/lib/python3.12/site-packages/airflow/example_dags/example_trigger_controller_dag.py took 0.240 seconds
[2026-05-28T06:41:14.230+0000] {processor.py:161} INFO - Started process (PID=3433) to work on /home/airflow/.local/lib/python3.12/site-packages/airflow/example_dags/example_trigger_controller_dag.py
[2026-05-28T06:41:14.233+0000] {processor.py:830} INFO - Processing file /home/airflow/.local/lib/python3.12/site-packages/airflow/example_dags/example_trigger_controller_dag.py for tasks to queue
[2026-05-28T06:41:14.237+0000] {logging_mixin.py:188} INFO - [2026-05-28T06:41:14.237+0000] {dagbag.py:545} INFO - Filling up the DagBag from /home/airflow/.local/lib/python3.12/site-packages/airflow/example_dags/example_trigger_controller_dag.py
[2026-05-28T06:41:14.248+0000] {processor.py:840} INFO - DAG(s) 'example_trigger_controller_dag' retrieved from /home/airflow/.local/lib/python3.12/site-packages/airflow/example_dags/example_trigger_controller_dag.py
[2026-05-28T06:41:14.294+0000] {logging_mixin.py:188} INFO - [2026-05-28T06:41:14.293+0000] {dag.py:3089} INFO - Sync 1 DAGs
[2026-05-28T06:41:14.353+0000] {logging_mixin.py:188} INFO - [2026-05-28T06:41:14.352+0000] {dag.py:3947} INFO - Setting next_dagrun for example_trigger_controller_dag to 2021-01-01 00:00:00+00:00, run_after=2021-01-01 00:00:00+00:00
[2026-05-28T06:41:14.409+0000] {processor.py:183} INFO - Processing /home/airflow/.local/lib/python3.12/site-packages/airflow/example_dags/example_trigger_controller_dag.py took 0.192 seconds
[2026-05-28T06:41:45.493+0000] {processor.py:161} INFO - Started process (PID=3491) to work on /home/airflow/.local/lib/python3.12/site-packages/airflow/example_dags/example_trigger_controller_dag.py
[2026-05-28T06:41:45.495+0000] {processor.py:830} INFO - Processing file /home/airflow/.local/lib/python3.12/site-packages/airflow/example_dags/example_trigger_controller_dag.py for tasks to queue
[2026-05-28T06:41:45.500+0000] {logging_mixin.py:188} INFO - [2026-05-28T06:41:45.499+0000] {dagbag.py:545} INFO - Filling up the DagBag from /home/airflow/.local/lib/python3.12/site-packages/airflow/example_dags/example_trigger_controller_dag.py
[2026-05-28T06:41:45.511+0000] {processor.py:840} INFO - DAG(s) 'example_trigger_controller_dag' retrieved from /home/airflow/.local/lib/python3.12/site-packages/airflow/example_dags/example_trigger_controller_dag.py
[2026-05-28T06:41:45.570+0000] {logging_mixin.py:188} INFO - [2026-05-28T06:41:45.569+0000] {dag.py:3089} INFO - Sync 1 DAGs
[2026-05-28T06:41:45.638+0000] {logging_mixin.py:188} INFO - [2026-05-28T06:41:45.637+0000] {dag.py:3947} INFO - Setting next_dagrun for example_trigger_controller_dag to 2021-01-01 00:00:00+00:00, run_after=2021-01-01 00:00:00+00:00
[2026-05-28T06:41:45.691+0000] {processor.py:183} INFO - Processing /home/airflow/.local/lib/python3.12/site-packages/airflow/example_dags/example_trigger_controller_dag.py took 0.214 seconds
[2026-05-28T06:42:16.662+0000] {processor.py:161} INFO - Started process (PID=3549) to work on /home/airflow/.local/lib/python3.12/site-packages/airflow/example_dags/example_trigger_controller_dag.py
[2026-05-28T06:42:16.665+0000] {processor.py:830} INFO - Processing file /home/airflow/.local/lib/python3.12/site-packages/airflow/example_dags/example_trigger_controller_dag.py for tasks to queue
[2026-05-28T06:42:16.671+0000] {logging_mixin.py:188} INFO - [2026-05-28T06:42:16.670+0000] {dagbag.py:545} INFO - Filling up the DagBag from /home/airflow/.local/lib/python3.12/site-packages/airflow/example_dags/example_trigger_controller_dag.py
[2026-05-28T06:42:16.686+0000] {processor.py:840} INFO - DAG(s) 'example_trigger_controller_dag' retrieved from /home/airflow/.local/lib/python3.12/site-packages/airflow/example_dags/example_trigger_controller_dag.py
[2026-05-28T06:42:16.739+0000] {logging_mixin.py:188} INFO - [2026-05-28T06:42:16.738+0000] {dag.py:3089} INFO - Sync 1 DAGs
[2026-05-28T06:42:16.800+0000] {logging_mixin.py:188} INFO - [2026-05-28T06:42:16.799+0000] {dag.py:3947} INFO - Setting next_dagrun for example_trigger_controller_dag to 2021-01-01 00:00:00+00:00, run_after=2021-01-01 00:00:00+00:00
[2026-05-28T06:42:16.852+0000] {processor.py:183} INFO - Processing /home/airflow/.local/lib/python3.12/site-packages/airflow/example_dags/example_trigger_controller_dag.py took 0.204 seconds
[2026-05-28T06:42:47.664+0000] {processor.py:161} INFO - Started process (PID=3613) to work on /home/airflow/.local/lib/python3.12/site-packages/airflow/example_dags/example_trigger_controller_dag.py
[2026-05-28T06:42:47.667+0000] {processor.py:830} INFO - Processing file /home/airflow/.local/lib/python3.12/site-packages/airflow/example_dags/example_trigger_controller_dag.py for tasks to queue
[2026-05-28T06:42:47.673+0000] {logging_mixin.py:188} INFO - [2026-05-28T06:42:47.672+0000] {dagbag.py:545} INFO - Filling up the DagBag from /home/airflow/.local/lib/python3.12/site-packages/airflow/example_dags/example_trigger_controller_dag.py
[2026-05-28T06:42:47.691+0000] {processor.py:840} INFO - DAG(s) 'example_trigger_controller_dag' retrieved from /home/airflow/.local/lib/python3.12/site-packages/airflow/example_dags/example_trigger_controller_dag.py
[2026-05-28T06:42:47.756+0000] {logging_mixin.py:188} INFO - [2026-05-28T06:42:47.755+0000] {dag.py:3089} INFO - Sync 1 DAGs
[2026-05-28T06:42:47.812+0000] {logging_mixin.py:188} INFO - [2026-05-28T06:42:47.812+0000] {dag.py:3947} INFO - Setting next_dagrun for example_trigger_controller_dag to 2021-01-01 00:00:00+00:00, run_after=2021-01-01 00:00:00+00:00
[2026-05-28T06:42:47.868+0000] {processor.py:183} INFO - Processing /home/airflow/.local/lib/python3.12/site-packages/airflow/example_dags/example_trigger_controller_dag.py took 0.223 seconds
[2026-05-28T06:57:28.619+0000] {processor.py:186} INFO - Started process (PID=125) to work on /home/airflow/.local/lib/python3.12/site-packages/airflow/example_dags/example_trigger_controller_dag.py
[2026-05-28T06:57:28.623+0000] {processor.py:914} INFO - Processing file /home/airflow/.local/lib/python3.12/site-packages/airflow/example_dags/example_trigger_controller_dag.py for tasks to queue
[2026-05-28T06:57:28.631+0000] {logging_mixin.py:190} INFO - [2026-05-28T06:57:28.630+0000] {dagbag.py:588} INFO - Filling up the DagBag from /home/airflow/.local/lib/python3.12/site-packages/airflow/example_dags/example_trigger_controller_dag.py
[2026-05-28T06:57:28.652+0000] {processor.py:925} INFO - DAG(s) 'example_trigger_controller_dag' retrieved from /home/airflow/.local/lib/python3.12/site-packages/airflow/example_dags/example_trigger_controller_dag.py
[2026-05-28T06:57:28.971+0000] {logging_mixin.py:190} INFO - [2026-05-28T06:57:28.969+0000] {override.py:1932} INFO - Created Permission View: can delete on DAG:example_trigger_controller_dag
[2026-05-28T06:57:29.010+0000] {logging_mixin.py:190} INFO - [2026-05-28T06:57:29.009+0000] {override.py:1932} INFO - Created Permission View: can edit on DAG:example_trigger_controller_dag
[2026-05-28T06:57:29.032+0000] {logging_mixin.py:190} INFO - [2026-05-28T06:57:29.032+0000] {override.py:1932} INFO - Created Permission View: can read on DAG:example_trigger_controller_dag
[2026-05-28T06:57:29.066+0000] {logging_mixin.py:190} INFO - [2026-05-28T06:57:29.065+0000] {override.py:1932} INFO - Created Permission View: can delete on DAG Run:example_trigger_controller_dag
[2026-05-28T06:57:29.089+0000] {logging_mixin.py:190} INFO - [2026-05-28T06:57:29.088+0000] {override.py:1932} INFO - Created Permission View: menu access on DAG Run:example_trigger_controller_dag
[2026-05-28T06:57:29.121+0000] {logging_mixin.py:190} INFO - [2026-05-28T06:57:29.120+0000] {override.py:1932} INFO - Created Permission View: can create on DAG Run:example_trigger_controller_dag
[2026-05-28T06:57:29.147+0000] {logging_mixin.py:190} INFO - [2026-05-28T06:57:29.145+0000] {override.py:1932} INFO - Created Permission View: can read on DAG Run:example_trigger_controller_dag
[2026-05-28T06:57:29.148+0000] {logging_mixin.py:190} INFO - [2026-05-28T06:57:29.148+0000] {dag.py:3239} INFO - Sync 1 DAGs
[2026-05-28T06:57:29.178+0000] {logging_mixin.py:190} INFO - [2026-05-28T06:57:29.177+0000] {dag.py:3262} INFO - Creating ORM DAG for example_trigger_controller_dag
[2026-05-28T06:57:29.204+0000] {logging_mixin.py:190} INFO - [2026-05-28T06:57:29.203+0000] {dag.py:4180} INFO - Setting next_dagrun for example_trigger_controller_dag to 2021-01-01 00:00:00+00:00, run_after=2021-01-01 00:00:00+00:00
[2026-05-28T06:57:29.259+0000] {processor.py:208} INFO - Processing /home/airflow/.local/lib/python3.12/site-packages/airflow/example_dags/example_trigger_controller_dag.py took 0.660 seconds
[2026-05-28T06:58:08.397+0000] {processor.py:186} INFO - Started process (PID=189) to work on /home/airflow/.local/lib/python3.12/site-packages/airflow/example_dags/example_trigger_controller_dag.py
[2026-05-28T06:58:08.399+0000] {processor.py:914} INFO - Processing file /home/airflow/.local/lib/python3.12/site-packages/airflow/example_dags/example_trigger_controller_dag.py for tasks to queue
[2026-05-28T06:58:08.404+0000] {logging_mixin.py:190} INFO - [2026-05-28T06:58:08.403+0000] {dagbag.py:588} INFO - Filling up the DagBag from /home/airflow/.local/lib/python3.12/site-packages/airflow/example_dags/example_trigger_controller_dag.py
[2026-05-28T06:58:08.416+0000] {processor.py:925} INFO - DAG(s) 'example_trigger_controller_dag' retrieved from /home/airflow/.local/lib/python3.12/site-packages/airflow/example_dags/example_trigger_controller_dag.py
[2026-05-28T06:58:08.457+0000] {logging_mixin.py:190} INFO - [2026-05-28T06:58:08.456+0000] {dag.py:3239} INFO - Sync 1 DAGs
[2026-05-28T06:58:08.489+0000] {logging_mixin.py:190} INFO - [2026-05-28T06:58:08.488+0000] {dag.py:4180} INFO - Setting next_dagrun for example_trigger_controller_dag to 2021-01-01 00:00:00+00:00, run_after=2021-01-01 00:00:00+00:00
[2026-05-28T06:58:08.527+0000] {processor.py:208} INFO - Processing /home/airflow/.local/lib/python3.12/site-packages/airflow/example_dags/example_trigger_controller_dag.py took 0.142 seconds
[2026-05-28T06:58:50.132+0000] {processor.py:186} INFO - Started process (PID=260) to work on /home/airflow/.local/lib/python3.12/site-packages/airflow/example_dags/example_trigger_controller_dag.py
[2026-05-28T06:58:50.134+0000] {processor.py:914} INFO - Processing file /home/airflow/.local/lib/python3.12/site-packages/airflow/example_dags/example_trigger_controller_dag.py for tasks to queue
[2026-05-28T06:58:50.138+0000] {logging_mixin.py:190} INFO - [2026-05-28T06:58:50.138+0000] {dagbag.py:588} INFO - Filling up the DagBag from /home/airflow/.local/lib/python3.12/site-packages/airflow/example_dags/example_trigger_controller_dag.py
[2026-05-28T06:58:50.149+0000] {processor.py:925} INFO - DAG(s) 'example_trigger_controller_dag' retrieved from /home/airflow/.local/lib/python3.12/site-packages/airflow/example_dags/example_trigger_controller_dag.py
[2026-05-28T06:58:50.192+0000] {logging_mixin.py:190} INFO - [2026-05-28T06:58:50.191+0000] {dag.py:3239} INFO - Sync 1 DAGs
[2026-05-28T06:58:50.239+0000] {logging_mixin.py:190} INFO - [2026-05-28T06:58:50.238+0000] {dag.py:4180} INFO - Setting next_dagrun for example_trigger_controller_dag to 2021-01-01 00:00:00+00:00, run_after=2021-01-01 00:00:00+00:00
[2026-05-28T06:58:50.280+0000] {processor.py:208} INFO - Processing /home/airflow/.local/lib/python3.12/site-packages/airflow/example_dags/example_trigger_controller_dag.py took 0.159 seconds
[2026-05-28T06:59:20.591+0000] {processor.py:186} INFO - Started process (PID=322) to work on /home/airflow/.local/lib/python3.12/site-packages/airflow/example_dags/example_trigger_controller_dag.py
[2026-05-28T06:59:20.593+0000] {processor.py:914} INFO - Processing file /home/airflow/.local/lib/python3.12/site-packages/airflow/example_dags/example_trigger_controller_dag.py for tasks to queue
[2026-05-28T06:59:20.598+0000] {logging_mixin.py:190} INFO - [2026-05-28T06:59:20.597+0000] {dagbag.py:588} INFO - Filling up the DagBag from /home/airflow/.local/lib/python3.12/site-packages/airflow/example_dags/example_trigger_controller_dag.py
[2026-05-28T06:59:20.608+0000] {processor.py:925} INFO - DAG(s) 'example_trigger_controller_dag' retrieved from /home/airflow/.local/lib/python3.12/site-packages/airflow/example_dags/example_trigger_controller_dag.py
[2026-05-28T06:59:20.653+0000] {logging_mixin.py:190} INFO - [2026-05-28T06:59:20.652+0000] {dag.py:3239} INFO - Sync 1 DAGs
[2026-05-28T06:59:20.687+0000] {logging_mixin.py:190} INFO - [2026-05-28T06:59:20.687+0000] {dag.py:4180} INFO - Setting next_dagrun for example_trigger_controller_dag to 2021-01-01 00:00:00+00:00, run_after=2021-01-01 00:00:00+00:00
[2026-05-28T06:59:20.732+0000] {processor.py:208} INFO - Processing /home/airflow/.local/lib/python3.12/site-packages/airflow/example_dags/example_trigger_controller_dag.py took 0.148 seconds
[2026-05-28T06:59:55.179+0000] {processor.py:186} INFO - Started process (PID=386) to work on /home/airflow/.local/lib/python3.12/site-packages/airflow/example_dags/example_trigger_controller_dag.py
[2026-05-28T06:59:55.185+0000] {processor.py:914} INFO - Processing file /home/airflow/.local/lib/python3.12/site-packages/airflow/example_dags/example_trigger_controller_dag.py for tasks to queue
[2026-05-28T06:59:55.205+0000] {logging_mixin.py:190} INFO - [2026-05-28T06:59:55.204+0000] {dagbag.py:588} INFO - Filling up the DagBag from /home/airflow/.local/lib/python3.12/site-packages/airflow/example_dags/example_trigger_controller_dag.py
[2026-05-28T06:59:55.224+0000] {processor.py:925} INFO - DAG(s) 'example_trigger_controller_dag' retrieved from /home/airflow/.local/lib/python3.12/site-packages/airflow/example_dags/example_trigger_controller_dag.py
[2026-05-28T06:59:55.304+0000] {logging_mixin.py:190} INFO - [2026-05-28T06:59:55.303+0000] {dag.py:3239} INFO - Sync 1 DAGs
[2026-05-28T06:59:55.389+0000] {logging_mixin.py:190} INFO - [2026-05-28T06:59:55.389+0000] {dag.py:4180} INFO - Setting next_dagrun for example_trigger_controller_dag to 2021-01-01 00:00:00+00:00, run_after=2021-01-01 00:00:00+00:00
[2026-05-28T06:59:55.452+0000] {processor.py:208} INFO - Processing /home/airflow/.local/lib/python3.12/site-packages/airflow/example_dags/example_trigger_controller_dag.py took 0.287 seconds
[2026-05-28T07:00:26.017+0000] {processor.py:186} INFO - Started process (PID=448) to work on /home/airflow/.local/lib/python3.12/site-packages/airflow/example_dags/example_trigger_controller_dag.py
[2026-05-28T07:00:26.020+0000] {processor.py:914} INFO - Processing file /home/airflow/.local/lib/python3.12/site-packages/airflow/example_dags/example_trigger_controller_dag.py for tasks to queue
[2026-05-28T07:00:26.025+0000] {logging_mixin.py:190} INFO - [2026-05-28T07:00:26.024+0000] {dagbag.py:588} INFO - Filling up the DagBag from /home/airflow/.local/lib/python3.12/site-packages/airflow/example_dags/example_trigger_controller_dag.py
[2026-05-28T07:00:26.038+0000] {processor.py:925} INFO - DAG(s) 'example_trigger_controller_dag' retrieved from /home/airflow/.local/lib/python3.12/site-packages/airflow/example_dags/example_trigger_controller_dag.py
[2026-05-28T07:00:26.082+0000] {logging_mixin.py:190} INFO - [2026-05-28T07:00:26.081+0000] {dag.py:3239} INFO - Sync 1 DAGs
[2026-05-28T07:00:26.127+0000] {logging_mixin.py:190} INFO - [2026-05-28T07:00:26.127+0000] {dag.py:4180} INFO - Setting next_dagrun for example_trigger_controller_dag to 2021-01-01 00:00:00+00:00, run_after=2021-01-01 00:00:00+00:00
[2026-05-28T07:00:26.164+0000] {processor.py:208} INFO - Processing /home/airflow/.local/lib/python3.12/site-packages/airflow/example_dags/example_trigger_controller_dag.py took 0.159 seconds
[2026-05-28T07:00:59.827+0000] {processor.py:186} INFO - Started process (PID=511) to work on /home/airflow/.local/lib/python3.12/site-packages/airflow/example_dags/example_trigger_controller_dag.py
[2026-05-28T07:00:59.828+0000] {processor.py:914} INFO - Processing file /home/airflow/.local/lib/python3.12/site-packages/airflow/example_dags/example_trigger_controller_dag.py for tasks to queue
[2026-05-28T07:00:59.833+0000] {logging_mixin.py:190} INFO - [2026-05-28T07:00:59.832+0000] {dagbag.py:588} INFO - Filling up the DagBag from /home/airflow/.local/lib/python3.12/site-packages/airflow/example_dags/example_trigger_controller_dag.py
[2026-05-28T07:00:59.844+0000] {processor.py:925} INFO - DAG(s) 'example_trigger_controller_dag' retrieved from /home/airflow/.local/lib/python3.12/site-packages/airflow/example_dags/example_trigger_controller_dag.py
[2026-05-28T07:00:59.880+0000] {logging_mixin.py:190} INFO - [2026-05-28T07:00:59.880+0000] {dag.py:3239} INFO - Sync 1 DAGs
[2026-05-28T07:00:59.912+0000] {logging_mixin.py:190} INFO - [2026-05-28T07:00:59.912+0000] {dag.py:4180} INFO - Setting next_dagrun for example_trigger_controller_dag to 2021-01-01 00:00:00+00:00, run_after=2021-01-01 00:00:00+00:00
[2026-05-28T07:00:59.958+0000] {processor.py:208} INFO - Processing /home/airflow/.local/lib/python3.12/site-packages/airflow/example_dags/example_trigger_controller_dag.py took 0.140 seconds
[2026-05-28T07:01:38.844+0000] {processor.py:186} INFO - Started process (PID=563) to work on /home/airflow/.local/lib/python3.12/site-packages/airflow/example_dags/example_trigger_controller_dag.py
[2026-05-28T07:01:38.846+0000] {processor.py:914} INFO - Processing file /home/airflow/.local/lib/python3.12/site-packages/airflow/example_dags/example_trigger_controller_dag.py for tasks to queue
[2026-05-28T07:01:38.851+0000] {logging_mixin.py:190} INFO - [2026-05-28T07:01:38.851+0000] {dagbag.py:588} INFO - Filling up the DagBag from /home/airflow/.local/lib/python3.12/site-packages/airflow/example_dags/example_trigger_controller_dag.py
[2026-05-28T07:01:38.862+0000] {processor.py:925} INFO - DAG(s) 'example_trigger_controller_dag' retrieved from /home/airflow/.local/lib/python3.12/site-packages/airflow/example_dags/example_trigger_controller_dag.py
[2026-05-28T07:01:38.905+0000] {logging_mixin.py:190} INFO - [2026-05-28T07:01:38.905+0000] {dag.py:3239} INFO - Sync 1 DAGs
[2026-05-28T07:01:38.944+0000] {logging_mixin.py:190} INFO - [2026-05-28T07:01:38.944+0000] {dag.py:4180} INFO - Setting next_dagrun for example_trigger_controller_dag to 2021-01-01 00:00:00+00:00, run_after=2021-01-01 00:00:00+00:00
[2026-05-28T07:01:38.989+0000] {processor.py:208} INFO - Processing /home/airflow/.local/lib/python3.12/site-packages/airflow/example_dags/example_trigger_controller_dag.py took 0.155 seconds
[2026-05-28T07:02:16.690+0000] {processor.py:186} INFO - Started process (PID=633) to work on /home/airflow/.local/lib/python3.12/site-packages/airflow/example_dags/example_trigger_controller_dag.py
[2026-05-28T07:02:16.692+0000] {processor.py:914} INFO - Processing file /home/airflow/.local/lib/python3.12/site-packages/airflow/example_dags/example_trigger_controller_dag.py for tasks to queue
[2026-05-28T07:02:16.698+0000] {logging_mixin.py:190} INFO - [2026-05-28T07:02:16.697+0000] {dagbag.py:588} INFO - Filling up the DagBag from /home/airflow/.local/lib/python3.12/site-packages/airflow/example_dags/example_trigger_controller_dag.py
[2026-05-28T07:02:16.711+0000] {processor.py:925} INFO - DAG(s) 'example_trigger_controller_dag' retrieved from /home/airflow/.local/lib/python3.12/site-packages/airflow/example_dags/example_trigger_controller_dag.py
[2026-05-28T07:02:16.757+0000] {logging_mixin.py:190} INFO - [2026-05-28T07:02:16.757+0000] {dag.py:3239} INFO - Sync 1 DAGs
[2026-05-28T07:02:16.797+0000] {logging_mixin.py:190} INFO - [2026-05-28T07:02:16.796+0000] {dag.py:4180} INFO - Setting next_dagrun for example_trigger_controller_dag to 2021-01-01 00:00:00+00:00, run_after=2021-01-01 00:00:00+00:00
[2026-05-28T07:02:16.848+0000] {processor.py:208} INFO - Processing /home/airflow/.local/lib/python3.12/site-packages/airflow/example_dags/example_trigger_controller_dag.py took 0.171 seconds
[2026-05-28T07:02:47.650+0000] {processor.py:186} INFO - Started process (PID=695) to work on /home/airflow/.local/lib/python3.12/site-packages/airflow/example_dags/example_trigger_controller_dag.py
[2026-05-28T07:02:47.652+0000] {processor.py:914} INFO - Processing file /home/airflow/.local/lib/python3.12/site-packages/airflow/example_dags/example_trigger_controller_dag.py for tasks to queue
[2026-05-28T07:02:47.658+0000] {logging_mixin.py:190} INFO - [2026-05-28T07:02:47.658+0000] {dagbag.py:588} INFO - Filling up the DagBag from /home/airflow/.local/lib/python3.12/site-packages/airflow/example_dags/example_trigger_controller_dag.py
[2026-05-28T07:02:47.672+0000] {processor.py:925} INFO - DAG(s) 'example_trigger_controller_dag' retrieved from /home/airflow/.local/lib/python3.12/site-packages/airflow/example_dags/example_trigger_controller_dag.py
[2026-05-28T07:02:47.733+0000] {logging_mixin.py:190} INFO - [2026-05-28T07:02:47.732+0000] {dag.py:3239} INFO - Sync 1 DAGs
[2026-05-28T07:02:47.785+0000] {logging_mixin.py:190} INFO - [2026-05-28T07:02:47.784+0000] {dag.py:4180} INFO - Setting next_dagrun for example_trigger_controller_dag to 2021-01-01 00:00:00+00:00, run_after=2021-01-01 00:00:00+00:00
[2026-05-28T07:02:47.834+0000] {processor.py:208} INFO - Processing /home/airflow/.local/lib/python3.12/site-packages/airflow/example_dags/example_trigger_controller_dag.py took 0.194 seconds
[2026-05-28T07:03:22.681+0000] {processor.py:186} INFO - Started process (PID=756) to work on /home/airflow/.local/lib/python3.12/site-packages/airflow/example_dags/example_trigger_controller_dag.py
[2026-05-28T07:03:22.683+0000] {processor.py:914} INFO - Processing file /home/airflow/.local/lib/python3.12/site-packages/airflow/example_dags/example_trigger_controller_dag.py for tasks to queue
[2026-05-28T07:03:22.688+0000] {logging_mixin.py:190} INFO - [2026-05-28T07:03:22.688+0000] {dagbag.py:588} INFO - Filling up the DagBag from /home/airflow/.local/lib/python3.12/site-packages/airflow/example_dags/example_trigger_controller_dag.py
[2026-05-28T07:03:22.699+0000] {processor.py:925} INFO - DAG(s) 'example_trigger_controller_dag' retrieved from /home/airflow/.local/lib/python3.12/site-packages/airflow/example_dags/example_trigger_controller_dag.py
[2026-05-28T07:03:22.748+0000] {logging_mixin.py:190} INFO - [2026-05-28T07:03:22.748+0000] {dag.py:3239} INFO - Sync 1 DAGs
[2026-05-28T07:03:22.791+0000] {logging_mixin.py:190} INFO - [2026-05-28T07:03:22.790+0000] {dag.py:4180} INFO - Setting next_dagrun for example_trigger_controller_dag to 2021-01-01 00:00:00+00:00, run_after=2021-01-01 00:00:00+00:00
[2026-05-28T07:03:22.836+0000] {processor.py:208} INFO - Processing /home/airflow/.local/lib/python3.12/site-packages/airflow/example_dags/example_trigger_controller_dag.py took 0.165 seconds
[2026-05-28T07:04:03.631+0000] {processor.py:186} INFO - Started process (PID=818) to work on /home/airflow/.local/lib/python3.12/site-packages/airflow/example_dags/example_trigger_controller_dag.py
[2026-05-28T07:04:03.634+0000] {processor.py:914} INFO - Processing file /home/airflow/.local/lib/python3.12/site-packages/airflow/example_dags/example_trigger_controller_dag.py for tasks to queue
[2026-05-28T07:04:03.642+0000] {logging_mixin.py:190} INFO - [2026-05-28T07:04:03.641+0000] {dagbag.py:588} INFO - Filling up the DagBag from /home/airflow/.local/lib/python3.12/site-packages/airflow/example_dags/example_trigger_controller_dag.py
[2026-05-28T07:04:03.659+0000] {processor.py:925} INFO - DAG(s) 'example_trigger_controller_dag' retrieved from /home/airflow/.local/lib/python3.12/site-packages/airflow/example_dags/example_trigger_controller_dag.py
[2026-05-28T07:04:03.709+0000] {logging_mixin.py:190} INFO - [2026-05-28T07:04:03.709+0000] {dag.py:3239} INFO - Sync 1 DAGs
[2026-05-28T07:04:03.756+0000] {logging_mixin.py:190} INFO - [2026-05-28T07:04:03.756+0000] {dag.py:4180} INFO - Setting next_dagrun for example_trigger_controller_dag to 2021-01-01 00:00:00+00:00, run_after=2021-01-01 00:00:00+00:00
[2026-05-28T07:04:03.794+0000] {processor.py:208} INFO - Processing /home/airflow/.local/lib/python3.12/site-packages/airflow/example_dags/example_trigger_controller_dag.py took 0.173 seconds
[2026-05-28T07:04:41.082+0000] {processor.py:186} INFO - Started process (PID=887) to work on /home/airflow/.local/lib/python3.12/site-packages/airflow/example_dags/example_trigger_controller_dag.py
[2026-05-28T07:04:41.084+0000] {processor.py:914} INFO - Processing file /home/airflow/.local/lib/python3.12/site-packages/airflow/example_dags/example_trigger_controller_dag.py for tasks to queue
[2026-05-28T07:04:41.089+0000] {logging_mixin.py:190} INFO - [2026-05-28T07:04:41.089+0000] {dagbag.py:588} INFO - Filling up the DagBag from /home/airflow/.local/lib/python3.12/site-packages/airflow/example_dags/example_trigger_controller_dag.py
[2026-05-28T07:04:41.103+0000] {processor.py:925} INFO - DAG(s) 'example_trigger_controller_dag' retrieved from /home/airflow/.local/lib/python3.12/site-packages/airflow/example_dags/example_trigger_controller_dag.py
[2026-05-28T07:04:41.146+0000] {logging_mixin.py:190} INFO - [2026-05-28T07:04:41.146+0000] {dag.py:3239} INFO - Sync 1 DAGs
[2026-05-28T07:04:41.189+0000] {logging_mixin.py:190} INFO - [2026-05-28T07:04:41.189+0000] {dag.py:4180} INFO - Setting next_dagrun for example_trigger_controller_dag to 2021-01-01 00:00:00+00:00, run_after=2021-01-01 00:00:00+00:00
[2026-05-28T07:04:41.236+0000] {processor.py:208} INFO - Processing /home/airflow/.local/lib/python3.12/site-packages/airflow/example_dags/example_trigger_controller_dag.py took 0.166 seconds
[2026-05-28T07:05:18.187+0000] {processor.py:186} INFO - Started process (PID=953) to work on /home/airflow/.local/lib/python3.12/site-packages/airflow/example_dags/example_trigger_controller_dag.py
[2026-05-28T07:05:18.189+0000] {processor.py:914} INFO - Processing file /home/airflow/.local/lib/python3.12/site-packages/airflow/example_dags/example_trigger_controller_dag.py for tasks to queue
[2026-05-28T07:05:18.194+0000] {logging_mixin.py:190} INFO - [2026-05-28T07:05:18.193+0000] {dagbag.py:588} INFO - Filling up the DagBag from /home/airflow/.local/lib/python3.12/site-packages/airflow/example_dags/example_trigger_controller_dag.py
[2026-05-28T07:05:18.211+0000] {processor.py:925} INFO - DAG(s) 'example_trigger_controller_dag' retrieved from /home/airflow/.local/lib/python3.12/site-packages/airflow/example_dags/example_trigger_controller_dag.py
[2026-05-28T07:05:18.252+0000] {logging_mixin.py:190} INFO - [2026-05-28T07:05:18.251+0000] {dag.py:3239} INFO - Sync 1 DAGs
[2026-05-28T07:05:18.288+0000] {logging_mixin.py:190} INFO - [2026-05-28T07:05:18.287+0000] {dag.py:4180} INFO - Setting next_dagrun for example_trigger_controller_dag to 2021-01-01 00:00:00+00:00, run_after=2021-01-01 00:00:00+00:00
[2026-05-28T07:05:18.324+0000] {processor.py:208} INFO - Processing /home/airflow/.local/lib/python3.12/site-packages/airflow/example_dags/example_trigger_controller_dag.py took 0.148 seconds
[2026-05-28T07:05:50.735+0000] {processor.py:186} INFO - Started process (PID=1016) to work on /home/airflow/.local/lib/python3.12/site-packages/airflow/example_dags/example_trigger_controller_dag.py
[2026-05-28T07:05:50.737+0000] {processor.py:914} INFO - Processing file /home/airflow/.local/lib/python3.12/site-packages/airflow/example_dags/example_trigger_controller_dag.py for tasks to queue
[2026-05-28T07:05:50.742+0000] {logging_mixin.py:190} INFO - [2026-05-28T07:05:50.741+0000] {dagbag.py:588} INFO - Filling up the DagBag from /home/airflow/.local/lib/python3.12/site-packages/airflow/example_dags/example_trigger_controller_dag.py
[2026-05-28T07:05:50.751+0000] {processor.py:925} INFO - DAG(s) 'example_trigger_controller_dag' retrieved from /home/airflow/.local/lib/python3.12/site-packages/airflow/example_dags/example_trigger_controller_dag.py
[2026-05-28T07:05:50.786+0000] {logging_mixin.py:190} INFO - [2026-05-28T07:05:50.786+0000] {dag.py:3239} INFO - Sync 1 DAGs
[2026-05-28T07:05:50.818+0000] {logging_mixin.py:190} INFO - [2026-05-28T07:05:50.817+0000] {dag.py:4180} INFO - Setting next_dagrun for example_trigger_controller_dag to 2021-01-01 00:00:00+00:00, run_after=2021-01-01 00:00:00+00:00
[2026-05-28T07:05:50.857+0000] {processor.py:208} INFO - Processing /home/airflow/.local/lib/python3.12/site-packages/airflow/example_dags/example_trigger_controller_dag.py took 0.130 seconds
[2026-05-28T07:06:21.209+0000] {processor.py:186} INFO - Started process (PID=1078) to work on /home/airflow/.local/lib/python3.12/site-packages/airflow/example_dags/example_trigger_controller_dag.py
[2026-05-28T07:06:21.211+0000] {processor.py:914} INFO - Processing file /home/airflow/.local/lib/python3.12/site-packages/airflow/example_dags/example_trigger_controller_dag.py for tasks to queue
[2026-05-28T07:06:21.215+0000] {logging_mixin.py:190} INFO - [2026-05-28T07:06:21.215+0000] {dagbag.py:588} INFO - Filling up the DagBag from /home/airflow/.local/lib/python3.12/site-packages/airflow/example_dags/example_trigger_controller_dag.py
[2026-05-28T07:06:21.226+0000] {processor.py:925} INFO - DAG(s) 'example_trigger_controller_dag' retrieved from /home/airflow/.local/lib/python3.12/site-packages/airflow/example_dags/example_trigger_controller_dag.py
[2026-05-28T07:06:21.266+0000] {logging_mixin.py:190} INFO - [2026-05-28T07:06:21.266+0000] {dag.py:3239} INFO - Sync 1 DAGs
[2026-05-28T07:06:21.298+0000] {logging_mixin.py:190} INFO - [2026-05-28T07:06:21.298+0000] {dag.py:4180} INFO - Setting next_dagrun for example_trigger_controller_dag to 2021-01-01 00:00:00+00:00, run_after=2021-01-01 00:00:00+00:00
[2026-05-28T07:06:21.327+0000] {processor.py:208} INFO - Processing /home/airflow/.local/lib/python3.12/site-packages/airflow/example_dags/example_trigger_controller_dag.py took 0.127 seconds
[2026-05-28T07:07:02.687+0000] {processor.py:186} INFO - Started process (PID=1150) to work on /home/airflow/.local/lib/python3.12/site-packages/airflow/example_dags/example_trigger_controller_dag.py
[2026-05-28T07:07:02.689+0000] {processor.py:914} INFO - Processing file /home/airflow/.local/lib/python3.12/site-packages/airflow/example_dags/example_trigger_controller_dag.py for tasks to queue
[2026-05-28T07:07:02.694+0000] {logging_mixin.py:190} INFO - [2026-05-28T07:07:02.693+0000] {dagbag.py:588} INFO - Filling up the DagBag from /home/airflow/.local/lib/python3.12/site-packages/airflow/example_dags/example_trigger_controller_dag.py
[2026-05-28T07:07:02.704+0000] {processor.py:925} INFO - DAG(s) 'example_trigger_controller_dag' retrieved from /home/airflow/.local/lib/python3.12/site-packages/airflow/example_dags/example_trigger_controller_dag.py
[2026-05-28T07:07:02.746+0000] {logging_mixin.py:190} INFO - [2026-05-28T07:07:02.745+0000] {dag.py:3239} INFO - Sync 1 DAGs
[2026-05-28T07:07:02.783+0000] {logging_mixin.py:190} INFO - [2026-05-28T07:07:02.783+0000] {dag.py:4180} INFO - Setting next_dagrun for example_trigger_controller_dag to 2021-01-01 00:00:00+00:00, run_after=2021-01-01 00:00:00+00:00
[2026-05-28T07:07:02.824+0000] {processor.py:208} INFO - Processing /home/airflow/.local/lib/python3.12/site-packages/airflow/example_dags/example_trigger_controller_dag.py took 0.145 seconds
[2026-05-28T07:07:40.540+0000] {processor.py:186} INFO - Started process (PID=1213) to work on /home/airflow/.local/lib/python3.12/site-packages/airflow/example_dags/example_trigger_controller_dag.py
[2026-05-28T07:07:40.542+0000] {processor.py:914} INFO - Processing file /home/airflow/.local/lib/python3.12/site-packages/airflow/example_dags/example_trigger_controller_dag.py for tasks to queue
[2026-05-28T07:07:40.547+0000] {logging_mixin.py:190} INFO - [2026-05-28T07:07:40.546+0000] {dagbag.py:588} INFO - Filling up the DagBag from /home/airflow/.local/lib/python3.12/site-packages/airflow/example_dags/example_trigger_controller_dag.py
[2026-05-28T07:07:40.559+0000] {processor.py:925} INFO - DAG(s) 'example_trigger_controller_dag' retrieved from /home/airflow/.local/lib/python3.12/site-packages/airflow/example_dags/example_trigger_controller_dag.py
[2026-05-28T07:07:40.608+0000] {logging_mixin.py:190} INFO - [2026-05-28T07:07:40.608+0000] {dag.py:3239} INFO - Sync 1 DAGs
[2026-05-28T07:07:40.652+0000] {logging_mixin.py:190} INFO - [2026-05-28T07:07:40.651+0000] {dag.py:4180} INFO - Setting next_dagrun for example_trigger_controller_dag to 2021-01-01 00:00:00+00:00, run_after=2021-01-01 00:00:00+00:00
[2026-05-28T07:07:40.700+0000] {processor.py:208} INFO - Processing /home/airflow/.local/lib/python3.12/site-packages/airflow/example_dags/example_trigger_controller_dag.py took 0.171 seconds
[2026-05-28T07:08:16.406+0000] {processor.py:186} INFO - Started process (PID=1281) to work on /home/airflow/.local/lib/python3.12/site-packages/airflow/example_dags/example_trigger_controller_dag.py
[2026-05-28T07:08:16.409+0000] {processor.py:914} INFO - Processing file /home/airflow/.local/lib/python3.12/site-packages/airflow/example_dags/example_trigger_controller_dag.py for tasks to queue
[2026-05-28T07:08:16.415+0000] {logging_mixin.py:190} INFO - [2026-05-28T07:08:16.414+0000] {dagbag.py:588} INFO - Filling up the DagBag from /home/airflow/.local/lib/python3.12/site-packages/airflow/example_dags/example_trigger_controller_dag.py
[2026-05-28T07:08:16.450+0000] {processor.py:925} INFO - DAG(s) 'example_trigger_controller_dag' retrieved from /home/airflow/.local/lib/python3.12/site-packages/airflow/example_dags/example_trigger_controller_dag.py
[2026-05-28T07:08:16.507+0000] {logging_mixin.py:190} INFO - [2026-05-28T07:08:16.507+0000] {dag.py:3239} INFO - Sync 1 DAGs
[2026-05-28T07:08:16.570+0000] {logging_mixin.py:190} INFO - [2026-05-28T07:08:16.569+0000] {dag.py:4180} INFO - Setting next_dagrun for example_trigger_controller_dag to 2021-01-01 00:00:00+00:00, run_after=2021-01-01 00:00:00+00:00
[2026-05-28T07:08:16.633+0000] {processor.py:208} INFO - Processing /home/airflow/.local/lib/python3.12/site-packages/airflow/example_dags/example_trigger_controller_dag.py took 0.244 seconds
[2026-05-28T07:08:51.908+0000] {processor.py:186} INFO - Started process (PID=1345) to work on /home/airflow/.local/lib/python3.12/site-packages/airflow/example_dags/example_trigger_controller_dag.py
[2026-05-28T07:08:51.910+0000] {processor.py:914} INFO - Processing file /home/airflow/.local/lib/python3.12/site-packages/airflow/example_dags/example_trigger_controller_dag.py for tasks to queue
[2026-05-28T07:08:51.914+0000] {logging_mixin.py:190} INFO - [2026-05-28T07:08:51.913+0000] {dagbag.py:588} INFO - Filling up the DagBag from /home/airflow/.local/lib/python3.12/site-packages/airflow/example_dags/example_trigger_controller_dag.py
[2026-05-28T07:08:51.926+0000] {processor.py:925} INFO - DAG(s) 'example_trigger_controller_dag' retrieved from /home/airflow/.local/lib/python3.12/site-packages/airflow/example_dags/example_trigger_controller_dag.py
[2026-05-28T07:08:51.963+0000] {logging_mixin.py:190} INFO - [2026-05-28T07:08:51.962+0000] {dag.py:3239} INFO - Sync 1 DAGs
[2026-05-28T07:08:51.998+0000] {logging_mixin.py:190} INFO - [2026-05-28T07:08:51.998+0000] {dag.py:4180} INFO - Setting next_dagrun for example_trigger_controller_dag to 2021-01-01 00:00:00+00:00, run_after=2021-01-01 00:00:00+00:00
[2026-05-28T07:08:52.030+0000] {processor.py:208} INFO - Processing /home/airflow/.local/lib/python3.12/site-packages/airflow/example_dags/example_trigger_controller_dag.py took 0.132 seconds
[2026-05-28T07:09:22.533+0000] {processor.py:186} INFO - Started process (PID=1407) to work on /home/airflow/.local/lib/python3.12/site-packages/airflow/example_dags/example_trigger_controller_dag.py
[2026-05-28T07:09:22.535+0000] {processor.py:914} INFO - Processing file /home/airflow/.local/lib/python3.12/site-packages/airflow/example_dags/example_trigger_controller_dag.py for tasks to queue
[2026-05-28T07:09:22.540+0000] {logging_mixin.py:190} INFO - [2026-05-28T07:09:22.540+0000] {dagbag.py:588} INFO - Filling up the DagBag from /home/airflow/.local/lib/python3.12/site-packages/airflow/example_dags/example_trigger_controller_dag.py
[2026-05-28T07:09:22.553+0000] {processor.py:925} INFO - DAG(s) 'example_trigger_controller_dag' retrieved from /home/airflow/.local/lib/python3.12/site-packages/airflow/example_dags/example_trigger_controller_dag.py
[2026-05-28T07:09:22.595+0000] {logging_mixin.py:190} INFO - [2026-05-28T07:09:22.594+0000] {dag.py:3239} INFO - Sync 1 DAGs
[2026-05-28T07:09:22.632+0000] {logging_mixin.py:190} INFO - [2026-05-28T07:09:22.631+0000] {dag.py:4180} INFO - Setting next_dagrun for example_trigger_controller_dag to 2021-01-01 00:00:00+00:00, run_after=2021-01-01 00:00:00+00:00
[2026-05-28T07:09:22.667+0000] {processor.py:208} INFO - Processing /home/airflow/.local/lib/python3.12/site-packages/airflow/example_dags/example_trigger_controller_dag.py took 0.144 seconds
[2026-05-28T07:09:58.073+0000] {processor.py:186} INFO - Started process (PID=1469) to work on /home/airflow/.local/lib/python3.12/site-packages/airflow/example_dags/example_trigger_controller_dag.py
[2026-05-28T07:09:58.075+0000] {processor.py:914} INFO - Processing file /home/airflow/.local/lib/python3.12/site-packages/airflow/example_dags/example_trigger_controller_dag.py for tasks to queue
[2026-05-28T07:09:58.079+0000] {logging_mixin.py:190} INFO - [2026-05-28T07:09:58.078+0000] {dagbag.py:588} INFO - Filling up the DagBag from /home/airflow/.local/lib/python3.12/site-packages/airflow/example_dags/example_trigger_controller_dag.py
[2026-05-28T07:09:58.089+0000] {processor.py:925} INFO - DAG(s) 'example_trigger_controller_dag' retrieved from /home/airflow/.local/lib/python3.12/site-packages/airflow/example_dags/example_trigger_controller_dag.py
[2026-05-28T07:09:58.122+0000] {logging_mixin.py:190} INFO - [2026-05-28T07:09:58.121+0000] {dag.py:3239} INFO - Sync 1 DAGs
[2026-05-28T07:09:58.153+0000] {logging_mixin.py:190} INFO - [2026-05-28T07:09:58.153+0000] {dag.py:4180} INFO - Setting next_dagrun for example_trigger_controller_dag to 2021-01-01 00:00:00+00:00, run_after=2021-01-01 00:00:00+00:00
[2026-05-28T07:09:58.194+0000] {processor.py:208} INFO - Processing /home/airflow/.local/lib/python3.12/site-packages/airflow/example_dags/example_trigger_controller_dag.py took 0.128 seconds
[2026-05-28T07:10:30.249+0000] {processor.py:186} INFO - Started process (PID=1531) to work on /home/airflow/.local/lib/python3.12/site-packages/airflow/example_dags/example_trigger_controller_dag.py
[2026-05-28T07:10:30.251+0000] {processor.py:914} INFO - Processing file /home/airflow/.local/lib/python3.12/site-packages/airflow/example_dags/example_trigger_controller_dag.py for tasks to queue
[2026-05-28T07:10:30.256+0000] {logging_mixin.py:190} INFO - [2026-05-28T07:10:30.256+0000] {dagbag.py:588} INFO - Filling up the DagBag from /home/airflow/.local/lib/python3.12/site-packages/airflow/example_dags/example_trigger_controller_dag.py
[2026-05-28T07:10:30.281+0000] {processor.py:925} INFO - DAG(s) 'example_trigger_controller_dag' retrieved from /home/airflow/.local/lib/python3.12/site-packages/airflow/example_dags/example_trigger_controller_dag.py
[2026-05-28T07:10:30.328+0000] {logging_mixin.py:190} INFO - [2026-05-28T07:10:30.327+0000] {dag.py:3239} INFO - Sync 1 DAGs
[2026-05-28T07:10:30.364+0000] {logging_mixin.py:190} INFO - [2026-05-28T07:10:30.363+0000] {dag.py:4180} INFO - Setting next_dagrun for example_trigger_controller_dag to 2021-01-01 00:00:00+00:00, run_after=2021-01-01 00:00:00+00:00
[2026-05-28T07:10:30.418+0000] {processor.py:208} INFO - Processing /home/airflow/.local/lib/python3.12/site-packages/airflow/example_dags/example_trigger_controller_dag.py took 0.183 seconds
[2026-05-28T07:11:12.899+0000] {processor.py:186} INFO - Started process (PID=1591) to work on /home/airflow/.local/lib/python3.12/site-packages/airflow/example_dags/example_trigger_controller_dag.py
[2026-05-28T07:11:12.902+0000] {processor.py:914} INFO - Processing file /home/airflow/.local/lib/python3.12/site-packages/airflow/example_dags/example_trigger_controller_dag.py for tasks to queue
[2026-05-28T07:11:12.909+0000] {logging_mixin.py:190} INFO - [2026-05-28T07:11:12.908+0000] {dagbag.py:588} INFO - Filling up the DagBag from /home/airflow/.local/lib/python3.12/site-packages/airflow/example_dags/example_trigger_controller_dag.py
[2026-05-28T07:11:12.923+0000] {processor.py:925} INFO - DAG(s) 'example_trigger_controller_dag' retrieved from /home/airflow/.local/lib/python3.12/site-packages/airflow/example_dags/example_trigger_controller_dag.py
[2026-05-28T07:11:12.972+0000] {logging_mixin.py:190} INFO - [2026-05-28T07:11:12.971+0000] {dag.py:3239} INFO - Sync 1 DAGs
[2026-05-28T07:11:13.031+0000] {logging_mixin.py:190} INFO - [2026-05-28T07:11:13.030+0000] {dag.py:4180} INFO - Setting next_dagrun for example_trigger_controller_dag to 2021-01-01 00:00:00+00:00, run_after=2021-01-01 00:00:00+00:00
[2026-05-28T07:11:13.065+0000] {processor.py:208} INFO - Processing /home/airflow/.local/lib/python3.12/site-packages/airflow/example_dags/example_trigger_controller_dag.py took 0.177 seconds
[2026-05-28T07:11:50.549+0000] {processor.py:186} INFO - Started process (PID=1659) to work on /home/airflow/.local/lib/python3.12/site-packages/airflow/example_dags/example_trigger_controller_dag.py
[2026-05-28T07:11:50.552+0000] {processor.py:914} INFO - Processing file /home/airflow/.local/lib/python3.12/site-packages/airflow/example_dags/example_trigger_controller_dag.py for tasks to queue
[2026-05-28T07:11:50.559+0000] {logging_mixin.py:190} INFO - [2026-05-28T07:11:50.558+0000] {dagbag.py:588} INFO - Filling up the DagBag from /home/airflow/.local/lib/python3.12/site-packages/airflow/example_dags/example_trigger_controller_dag.py
[2026-05-28T07:11:50.579+0000] {processor.py:925} INFO - DAG(s) 'example_trigger_controller_dag' retrieved from /home/airflow/.local/lib/python3.12/site-packages/airflow/example_dags/example_trigger_controller_dag.py
[2026-05-28T07:11:50.626+0000] {logging_mixin.py:190} INFO - [2026-05-28T07:11:50.625+0000] {dag.py:3239} INFO - Sync 1 DAGs
[2026-05-28T07:11:50.670+0000] {logging_mixin.py:190} INFO - [2026-05-28T07:11:50.670+0000] {dag.py:4180} INFO - Setting next_dagrun for example_trigger_controller_dag to 2021-01-01 00:00:00+00:00, run_after=2021-01-01 00:00:00+00:00
[2026-05-28T07:11:50.716+0000] {processor.py:208} INFO - Processing /home/airflow/.local/lib/python3.12/site-packages/airflow/example_dags/example_trigger_controller_dag.py took 0.179 seconds
[2026-05-28T07:12:21.836+0000] {processor.py:186} INFO - Started process (PID=1721) to work on /home/airflow/.local/lib/python3.12/site-packages/airflow/example_dags/example_trigger_controller_dag.py
[2026-05-28T07:12:21.838+0000] {processor.py:914} INFO - Processing file /home/airflow/.local/lib/python3.12/site-packages/airflow/example_dags/example_trigger_controller_dag.py for tasks to queue
[2026-05-28T07:12:21.842+0000] {logging_mixin.py:190} INFO - [2026-05-28T07:12:21.842+0000] {dagbag.py:588} INFO - Filling up the DagBag from /home/airflow/.local/lib/python3.12/site-packages/airflow/example_dags/example_trigger_controller_dag.py
[2026-05-28T07:12:21.853+0000] {processor.py:925} INFO - DAG(s) 'example_trigger_controller_dag' retrieved from /home/airflow/.local/lib/python3.12/site-packages/airflow/example_dags/example_trigger_controller_dag.py
[2026-05-28T07:12:21.895+0000] {logging_mixin.py:190} INFO - [2026-05-28T07:12:21.895+0000] {dag.py:3239} INFO - Sync 1 DAGs
[2026-05-28T07:12:21.930+0000] {logging_mixin.py:190} INFO - [2026-05-28T07:12:21.929+0000] {dag.py:4180} INFO - Setting next_dagrun for example_trigger_controller_dag to 2021-01-01 00:00:00+00:00, run_after=2021-01-01 00:00:00+00:00
[2026-05-28T07:12:21.976+0000] {processor.py:208} INFO - Processing /home/airflow/.local/lib/python3.12/site-packages/airflow/example_dags/example_trigger_controller_dag.py took 0.150 seconds
[2026-05-28T07:13:04.932+0000] {processor.py:186} INFO - Started process (PID=1784) to work on /home/airflow/.local/lib/python3.12/site-packages/airflow/example_dags/example_trigger_controller_dag.py
[2026-05-28T07:13:04.934+0000] {processor.py:914} INFO - Processing file /home/airflow/.local/lib/python3.12/site-packages/airflow/example_dags/example_trigger_controller_dag.py for tasks to queue
[2026-05-28T07:13:04.939+0000] {logging_mixin.py:190} INFO - [2026-05-28T07:13:04.939+0000] {dagbag.py:588} INFO - Filling up the DagBag from /home/airflow/.local/lib/python3.12/site-packages/airflow/example_dags/example_trigger_controller_dag.py
[2026-05-28T07:13:04.950+0000] {processor.py:925} INFO - DAG(s) 'example_trigger_controller_dag' retrieved from /home/airflow/.local/lib/python3.12/site-packages/airflow/example_dags/example_trigger_controller_dag.py
[2026-05-28T07:13:04.993+0000] {logging_mixin.py:190} INFO - [2026-05-28T07:13:04.992+0000] {dag.py:3239} INFO - Sync 1 DAGs
[2026-05-28T07:13:05.032+0000] {logging_mixin.py:190} INFO - [2026-05-28T07:13:05.032+0000] {dag.py:4180} INFO - Setting next_dagrun for example_trigger_controller_dag to 2021-01-01 00:00:00+00:00, run_after=2021-01-01 00:00:00+00:00
[2026-05-28T07:13:05.128+0000] {processor.py:208} INFO - Processing /home/airflow/.local/lib/python3.12/site-packages/airflow/example_dags/example_trigger_controller_dag.py took 0.207 seconds
[2026-05-28T07:23:25.757+0000] {processor.py:186} INFO - Started process (PID=119) to work on /home/airflow/.local/lib/python3.12/site-packages/airflow/example_dags/example_trigger_controller_dag.py
[2026-05-28T07:23:25.760+0000] {processor.py:914} INFO - Processing file /home/airflow/.local/lib/python3.12/site-packages/airflow/example_dags/example_trigger_controller_dag.py for tasks to queue
[2026-05-28T07:23:25.767+0000] {logging_mixin.py:190} INFO - [2026-05-28T07:23:25.766+0000] {dagbag.py:588} INFO - Filling up the DagBag from /home/airflow/.local/lib/python3.12/site-packages/airflow/example_dags/example_trigger_controller_dag.py
[2026-05-28T07:23:25.787+0000] {processor.py:925} INFO - DAG(s) 'example_trigger_controller_dag' retrieved from /home/airflow/.local/lib/python3.12/site-packages/airflow/example_dags/example_trigger_controller_dag.py
[2026-05-28T07:23:26.001+0000] {logging_mixin.py:190} INFO - [2026-05-28T07:23:26.000+0000] {override.py:1932} INFO - Created Permission View: can delete on DAG:example_trigger_controller_dag
[2026-05-28T07:23:26.018+0000] {logging_mixin.py:190} INFO - [2026-05-28T07:23:26.018+0000] {override.py:1932} INFO - Created Permission View: can read on DAG:example_trigger_controller_dag
[2026-05-28T07:23:26.035+0000] {logging_mixin.py:190} INFO - [2026-05-28T07:23:26.034+0000] {override.py:1932} INFO - Created Permission View: can edit on DAG:example_trigger_controller_dag
[2026-05-28T07:23:26.050+0000] {logging_mixin.py:190} INFO - [2026-05-28T07:23:26.050+0000] {override.py:1932} INFO - Created Permission View: can create on DAG Run:example_trigger_controller_dag
[2026-05-28T07:23:26.064+0000] {logging_mixin.py:190} INFO - [2026-05-28T07:23:26.064+0000] {override.py:1932} INFO - Created Permission View: can read on DAG Run:example_trigger_controller_dag
[2026-05-28T07:23:26.079+0000] {logging_mixin.py:190} INFO - [2026-05-28T07:23:26.079+0000] {override.py:1932} INFO - Created Permission View: can delete on DAG Run:example_trigger_controller_dag
[2026-05-28T07:23:26.095+0000] {logging_mixin.py:190} INFO - [2026-05-28T07:23:26.095+0000] {override.py:1932} INFO - Created Permission View: menu access on DAG Run:example_trigger_controller_dag
[2026-05-28T07:23:26.096+0000] {logging_mixin.py:190} INFO - [2026-05-28T07:23:26.096+0000] {dag.py:3239} INFO - Sync 1 DAGs
[2026-05-28T07:23:26.112+0000] {logging_mixin.py:190} INFO - [2026-05-28T07:23:26.112+0000] {dag.py:3262} INFO - Creating ORM DAG for example_trigger_controller_dag
[2026-05-28T07:23:26.125+0000] {logging_mixin.py:190} INFO - [2026-05-28T07:23:26.125+0000] {dag.py:4180} INFO - Setting next_dagrun for example_trigger_controller_dag to 2021-01-01 00:00:00+00:00, run_after=2021-01-01 00:00:00+00:00
[2026-05-28T07:23:26.154+0000] {processor.py:208} INFO - Processing /home/airflow/.local/lib/python3.12/site-packages/airflow/example_dags/example_trigger_controller_dag.py took 0.409 seconds
[2026-05-28T07:24:02.978+0000] {processor.py:186} INFO - Started process (PID=187) to work on /home/airflow/.local/lib/python3.12/site-packages/airflow/example_dags/example_trigger_controller_dag.py
[2026-05-28T07:24:02.980+0000] {processor.py:914} INFO - Processing file /home/airflow/.local/lib/python3.12/site-packages/airflow/example_dags/example_trigger_controller_dag.py for tasks to queue
[2026-05-28T07:24:02.984+0000] {logging_mixin.py:190} INFO - [2026-05-28T07:24:02.984+0000] {dagbag.py:588} INFO - Filling up the DagBag from /home/airflow/.local/lib/python3.12/site-packages/airflow/example_dags/example_trigger_controller_dag.py
[2026-05-28T07:24:02.994+0000] {processor.py:925} INFO - DAG(s) 'example_trigger_controller_dag' retrieved from /home/airflow/.local/lib/python3.12/site-packages/airflow/example_dags/example_trigger_controller_dag.py
[2026-05-28T07:24:03.030+0000] {logging_mixin.py:190} INFO - [2026-05-28T07:24:03.030+0000] {dag.py:3239} INFO - Sync 1 DAGs
[2026-05-28T07:24:03.072+0000] {logging_mixin.py:190} INFO - [2026-05-28T07:24:03.072+0000] {dag.py:4180} INFO - Setting next_dagrun for example_trigger_controller_dag to 2021-01-01 00:00:00+00:00, run_after=2021-01-01 00:00:00+00:00
[2026-05-28T07:24:03.116+0000] {processor.py:208} INFO - Processing /home/airflow/.local/lib/python3.12/site-packages/airflow/example_dags/example_trigger_controller_dag.py took 0.149 seconds
[2026-05-28T07:24:34.748+0000] {processor.py:186} INFO - Started process (PID=251) to work on /home/airflow/.local/lib/python3.12/site-packages/airflow/example_dags/example_trigger_controller_dag.py
[2026-05-28T07:24:34.750+0000] {processor.py:914} INFO - Processing file /home/airflow/.local/lib/python3.12/site-packages/airflow/example_dags/example_trigger_controller_dag.py for tasks to queue
[2026-05-28T07:24:34.755+0000] {logging_mixin.py:190} INFO - [2026-05-28T07:24:34.754+0000] {dagbag.py:588} INFO - Filling up the DagBag from /home/airflow/.local/lib/python3.12/site-packages/airflow/example_dags/example_trigger_controller_dag.py
[2026-05-28T07:24:34.770+0000] {processor.py:925} INFO - DAG(s) 'example_trigger_controller_dag' retrieved from /home/airflow/.local/lib/python3.12/site-packages/airflow/example_dags/example_trigger_controller_dag.py
[2026-05-28T07:24:34.807+0000] {logging_mixin.py:190} INFO - [2026-05-28T07:24:34.806+0000] {dag.py:3239} INFO - Sync 1 DAGs
[2026-05-28T07:24:34.844+0000] {logging_mixin.py:190} INFO - [2026-05-28T07:24:34.843+0000] {dag.py:4180} INFO - Setting next_dagrun for example_trigger_controller_dag to 2021-01-01 00:00:00+00:00, run_after=2021-01-01 00:00:00+00:00
[2026-05-28T07:24:34.876+0000] {processor.py:208} INFO - Processing /home/airflow/.local/lib/python3.12/site-packages/airflow/example_dags/example_trigger_controller_dag.py took 0.136 seconds
[2026-05-28T07:25:11.862+0000] {processor.py:186} INFO - Started process (PID=326) to work on /home/airflow/.local/lib/python3.12/site-packages/airflow/example_dags/example_trigger_controller_dag.py
[2026-05-28T07:25:11.863+0000] {processor.py:914} INFO - Processing file /home/airflow/.local/lib/python3.12/site-packages/airflow/example_dags/example_trigger_controller_dag.py for tasks to queue
[2026-05-28T07:25:11.868+0000] {logging_mixin.py:190} INFO - [2026-05-28T07:25:11.867+0000] {dagbag.py:588} INFO - Filling up the DagBag from /home/airflow/.local/lib/python3.12/site-packages/airflow/example_dags/example_trigger_controller_dag.py
[2026-05-28T07:25:11.881+0000] {processor.py:925} INFO - DAG(s) 'example_trigger_controller_dag' retrieved from /home/airflow/.local/lib/python3.12/site-packages/airflow/example_dags/example_trigger_controller_dag.py
[2026-05-28T07:25:11.917+0000] {logging_mixin.py:190} INFO - [2026-05-28T07:25:11.916+0000] {dag.py:3239} INFO - Sync 1 DAGs
[2026-05-28T07:25:11.947+0000] {logging_mixin.py:190} INFO - [2026-05-28T07:25:11.947+0000] {dag.py:4180} INFO - Setting next_dagrun for example_trigger_controller_dag to 2021-01-01 00:00:00+00:00, run_after=2021-01-01 00:00:00+00:00
[2026-05-28T07:25:11.980+0000] {processor.py:208} INFO - Processing /home/airflow/.local/lib/python3.12/site-packages/airflow/example_dags/example_trigger_controller_dag.py took 0.129 seconds
[2026-05-28T07:25:49.395+0000] {processor.py:186} INFO - Started process (PID=395) to work on /home/airflow/.local/lib/python3.12/site-packages/airflow/example_dags/example_trigger_controller_dag.py
[2026-05-28T07:25:49.397+0000] {processor.py:914} INFO - Processing file /home/airflow/.local/lib/python3.12/site-packages/airflow/example_dags/example_trigger_controller_dag.py for tasks to queue
[2026-05-28T07:25:49.401+0000] {logging_mixin.py:190} INFO - [2026-05-28T07:25:49.401+0000] {dagbag.py:588} INFO - Filling up the DagBag from /home/airflow/.local/lib/python3.12/site-packages/airflow/example_dags/example_trigger_controller_dag.py
[2026-05-28T07:25:49.413+0000] {processor.py:925} INFO - DAG(s) 'example_trigger_controller_dag' retrieved from /home/airflow/.local/lib/python3.12/site-packages/airflow/example_dags/example_trigger_controller_dag.py
[2026-05-28T07:25:49.449+0000] {logging_mixin.py:190} INFO - [2026-05-28T07:25:49.449+0000] {dag.py:3239} INFO - Sync 1 DAGs
[2026-05-28T07:25:49.483+0000] {logging_mixin.py:190} INFO - [2026-05-28T07:25:49.483+0000] {dag.py:4180} INFO - Setting next_dagrun for example_trigger_controller_dag to 2021-01-01 00:00:00+00:00, run_after=2021-01-01 00:00:00+00:00
[2026-05-28T07:25:49.513+0000] {processor.py:208} INFO - Processing /home/airflow/.local/lib/python3.12/site-packages/airflow/example_dags/example_trigger_controller_dag.py took 0.125 seconds
[2026-05-28T07:26:21.007+0000] {processor.py:186} INFO - Started process (PID=457) to work on /home/airflow/.local/lib/python3.12/site-packages/airflow/example_dags/example_trigger_controller_dag.py
[2026-05-28T07:26:21.010+0000] {processor.py:914} INFO - Processing file /home/airflow/.local/lib/python3.12/site-packages/airflow/example_dags/example_trigger_controller_dag.py for tasks to queue
[2026-05-28T07:26:21.015+0000] {logging_mixin.py:190} INFO - [2026-05-28T07:26:21.014+0000] {dagbag.py:588} INFO - Filling up the DagBag from /home/airflow/.local/lib/python3.12/site-packages/airflow/example_dags/example_trigger_controller_dag.py
[2026-05-28T07:26:21.024+0000] {processor.py:925} INFO - DAG(s) 'example_trigger_controller_dag' retrieved from /home/airflow/.local/lib/python3.12/site-packages/airflow/example_dags/example_trigger_controller_dag.py
[2026-05-28T07:26:21.063+0000] {logging_mixin.py:190} INFO - [2026-05-28T07:26:21.063+0000] {dag.py:3239} INFO - Sync 1 DAGs
[2026-05-28T07:26:21.100+0000] {logging_mixin.py:190} INFO - [2026-05-28T07:26:21.099+0000] {dag.py:4180} INFO - Setting next_dagrun for example_trigger_controller_dag to 2021-01-01 00:00:00+00:00, run_after=2021-01-01 00:00:00+00:00
[2026-05-28T07:26:21.138+0000] {processor.py:208} INFO - Processing /home/airflow/.local/lib/python3.12/site-packages/airflow/example_dags/example_trigger_controller_dag.py took 0.139 seconds
[2026-05-28T07:26:53.660+0000] {processor.py:186} INFO - Started process (PID=519) to work on /home/airflow/.local/lib/python3.12/site-packages/airflow/example_dags/example_trigger_controller_dag.py
[2026-05-28T07:26:53.662+0000] {processor.py:914} INFO - Processing file /home/airflow/.local/lib/python3.12/site-packages/airflow/example_dags/example_trigger_controller_dag.py for tasks to queue
[2026-05-28T07:26:53.667+0000] {logging_mixin.py:190} INFO - [2026-05-28T07:26:53.667+0000] {dagbag.py:588} INFO - Filling up the DagBag from /home/airflow/.local/lib/python3.12/site-packages/airflow/example_dags/example_trigger_controller_dag.py
[2026-05-28T07:26:53.680+0000] {processor.py:925} INFO - DAG(s) 'example_trigger_controller_dag' retrieved from /home/airflow/.local/lib/python3.12/site-packages/airflow/example_dags/example_trigger_controller_dag.py
[2026-05-28T07:26:53.727+0000] {logging_mixin.py:190} INFO - [2026-05-28T07:26:53.727+0000] {dag.py:3239} INFO - Sync 1 DAGs
[2026-05-28T07:26:53.770+0000] {logging_mixin.py:190} INFO - [2026-05-28T07:26:53.770+0000] {dag.py:4180} INFO - Setting next_dagrun for example_trigger_controller_dag to 2021-01-01 00:00:00+00:00, run_after=2021-01-01 00:00:00+00:00
[2026-05-28T07:26:53.813+0000] {processor.py:208} INFO - Processing /home/airflow/.local/lib/python3.12/site-packages/airflow/example_dags/example_trigger_controller_dag.py took 0.164 seconds
[2026-05-28T07:27:29.026+0000] {processor.py:186} INFO - Started process (PID=584) to work on /home/airflow/.local/lib/python3.12/site-packages/airflow/example_dags/example_trigger_controller_dag.py
[2026-05-28T07:27:29.028+0000] {processor.py:914} INFO - Processing file /home/airflow/.local/lib/python3.12/site-packages/airflow/example_dags/example_trigger_controller_dag.py for tasks to queue
[2026-05-28T07:27:29.033+0000] {logging_mixin.py:190} INFO - [2026-05-28T07:27:29.033+0000] {dagbag.py:588} INFO - Filling up the DagBag from /home/airflow/.local/lib/python3.12/site-packages/airflow/example_dags/example_trigger_controller_dag.py
[2026-05-28T07:27:29.047+0000] {processor.py:925} INFO - DAG(s) 'example_trigger_controller_dag' retrieved from /home/airflow/.local/lib/python3.12/site-packages/airflow/example_dags/example_trigger_controller_dag.py
[2026-05-28T07:27:29.089+0000] {logging_mixin.py:190} INFO - [2026-05-28T07:27:29.088+0000] {dag.py:3239} INFO - Sync 1 DAGs
[2026-05-28T07:27:29.150+0000] {logging_mixin.py:190} INFO - [2026-05-28T07:27:29.149+0000] {dag.py:4180} INFO - Setting next_dagrun for example_trigger_controller_dag to 2021-01-01 00:00:00+00:00, run_after=2021-01-01 00:00:00+00:00
[2026-05-28T07:27:29.195+0000] {processor.py:208} INFO - Processing /home/airflow/.local/lib/python3.12/site-packages/airflow/example_dags/example_trigger_controller_dag.py took 0.179 seconds
[2026-05-28T07:28:11.040+0000] {processor.py:186} INFO - Started process (PID=652) to work on /home/airflow/.local/lib/python3.12/site-packages/airflow/example_dags/example_trigger_controller_dag.py
[2026-05-28T07:28:11.042+0000] {processor.py:914} INFO - Processing file /home/airflow/.local/lib/python3.12/site-packages/airflow/example_dags/example_trigger_controller_dag.py for tasks to queue
[2026-05-28T07:28:11.046+0000] {logging_mixin.py:190} INFO - [2026-05-28T07:28:11.045+0000] {dagbag.py:588} INFO - Filling up the DagBag from /home/airflow/.local/lib/python3.12/site-packages/airflow/example_dags/example_trigger_controller_dag.py
[2026-05-28T07:28:11.057+0000] {processor.py:925} INFO - DAG(s) 'example_trigger_controller_dag' retrieved from /home/airflow/.local/lib/python3.12/site-packages/airflow/example_dags/example_trigger_controller_dag.py
[2026-05-28T07:28:11.132+0000] {logging_mixin.py:190} INFO - [2026-05-28T07:28:11.131+0000] {dag.py:3239} INFO - Sync 1 DAGs
[2026-05-28T07:28:11.177+0000] {logging_mixin.py:190} INFO - [2026-05-28T07:28:11.177+0000] {dag.py:4180} INFO - Setting next_dagrun for example_trigger_controller_dag to 2021-01-01 00:00:00+00:00, run_after=2021-01-01 00:00:00+00:00
[2026-05-28T07:28:11.220+0000] {processor.py:208} INFO - Processing /home/airflow/.local/lib/python3.12/site-packages/airflow/example_dags/example_trigger_controller_dag.py took 0.194 seconds
[2026-05-28T07:28:42.129+0000] {processor.py:186} INFO - Started process (PID=715) to work on /home/airflow/.local/lib/python3.12/site-packages/airflow/example_dags/example_trigger_controller_dag.py
[2026-05-28T07:28:42.132+0000] {processor.py:914} INFO - Processing file /home/airflow/.local/lib/python3.12/site-packages/airflow/example_dags/example_trigger_controller_dag.py for tasks to queue
[2026-05-28T07:28:42.138+0000] {logging_mixin.py:190} INFO - [2026-05-28T07:28:42.137+0000] {dagbag.py:588} INFO - Filling up the DagBag from /home/airflow/.local/lib/python3.12/site-packages/airflow/example_dags/example_trigger_controller_dag.py
[2026-05-28T07:28:42.164+0000] {processor.py:925} INFO - DAG(s) 'example_trigger_controller_dag' retrieved from /home/airflow/.local/lib/python3.12/site-packages/airflow/example_dags/example_trigger_controller_dag.py
[2026-05-28T07:28:42.209+0000] {logging_mixin.py:190} INFO - [2026-05-28T07:28:42.208+0000] {dag.py:3239} INFO - Sync 1 DAGs
[2026-05-28T07:28:42.248+0000] {logging_mixin.py:190} INFO - [2026-05-28T07:28:42.247+0000] {dag.py:4180} INFO - Setting next_dagrun for example_trigger_controller_dag to 2021-01-01 00:00:00+00:00, run_after=2021-01-01 00:00:00+00:00
[2026-05-28T07:28:42.284+0000] {processor.py:208} INFO - Processing /home/airflow/.local/lib/python3.12/site-packages/airflow/example_dags/example_trigger_controller_dag.py took 0.175 seconds
[2026-05-28T07:29:12.814+0000] {processor.py:186} INFO - Started process (PID=777) to work on /home/airflow/.local/lib/python3.12/site-packages/airflow/example_dags/example_trigger_controller_dag.py
[2026-05-28T07:29:12.816+0000] {processor.py:914} INFO - Processing file /home/airflow/.local/lib/python3.12/site-packages/airflow/example_dags/example_trigger_controller_dag.py for tasks to queue
[2026-05-28T07:29:12.825+0000] {logging_mixin.py:190} INFO - [2026-05-28T07:29:12.824+0000] {dagbag.py:588} INFO - Filling up the DagBag from /home/airflow/.local/lib/python3.12/site-packages/airflow/example_dags/example_trigger_controller_dag.py
[2026-05-28T07:29:12.835+0000] {processor.py:925} INFO - DAG(s) 'example_trigger_controller_dag' retrieved from /home/airflow/.local/lib/python3.12/site-packages/airflow/example_dags/example_trigger_controller_dag.py
[2026-05-28T07:29:12.875+0000] {logging_mixin.py:190} INFO - [2026-05-28T07:29:12.874+0000] {dag.py:3239} INFO - Sync 1 DAGs
[2026-05-28T07:29:12.908+0000] {logging_mixin.py:190} INFO - [2026-05-28T07:29:12.908+0000] {dag.py:4180} INFO - Setting next_dagrun for example_trigger_controller_dag to 2021-01-01 00:00:00+00:00, run_after=2021-01-01 00:00:00+00:00
[2026-05-28T07:29:12.954+0000] {processor.py:208} INFO - Processing /home/airflow/.local/lib/python3.12/site-packages/airflow/example_dags/example_trigger_controller_dag.py took 0.148 seconds
[2026-05-28T07:29:49.856+0000] {processor.py:186} INFO - Started process (PID=839) to work on /home/airflow/.local/lib/python3.12/site-packages/airflow/example_dags/example_trigger_controller_dag.py
[2026-05-28T07:29:49.858+0000] {processor.py:914} INFO - Processing file /home/airflow/.local/lib/python3.12/site-packages/airflow/example_dags/example_trigger_controller_dag.py for tasks to queue
[2026-05-28T07:29:49.863+0000] {logging_mixin.py:190} INFO - [2026-05-28T07:29:49.862+0000] {dagbag.py:588} INFO - Filling up the DagBag from /home/airflow/.local/lib/python3.12/site-packages/airflow/example_dags/example_trigger_controller_dag.py
[2026-05-28T07:29:49.874+0000] {processor.py:925} INFO - DAG(s) 'example_trigger_controller_dag' retrieved from /home/airflow/.local/lib/python3.12/site-packages/airflow/example_dags/example_trigger_controller_dag.py
[2026-05-28T07:29:49.914+0000] {logging_mixin.py:190} INFO - [2026-05-28T07:29:49.913+0000] {dag.py:3239} INFO - Sync 1 DAGs
[2026-05-28T07:29:49.952+0000] {logging_mixin.py:190} INFO - [2026-05-28T07:29:49.952+0000] {dag.py:4180} INFO - Setting next_dagrun for example_trigger_controller_dag to 2021-01-01 00:00:00+00:00, run_after=2021-01-01 00:00:00+00:00
[2026-05-28T07:29:49.994+0000] {processor.py:208} INFO - Processing /home/airflow/.local/lib/python3.12/site-packages/airflow/example_dags/example_trigger_controller_dag.py took 0.150 seconds
[2026-05-28T07:30:23.947+0000] {processor.py:186} INFO - Started process (PID=901) to work on /home/airflow/.local/lib/python3.12/site-packages/airflow/example_dags/example_trigger_controller_dag.py
[2026-05-28T07:30:23.949+0000] {processor.py:914} INFO - Processing file /home/airflow/.local/lib/python3.12/site-packages/airflow/example_dags/example_trigger_controller_dag.py for tasks to queue
[2026-05-28T07:30:23.953+0000] {logging_mixin.py:190} INFO - [2026-05-28T07:30:23.953+0000] {dagbag.py:588} INFO - Filling up the DagBag from /home/airflow/.local/lib/python3.12/site-packages/airflow/example_dags/example_trigger_controller_dag.py
[2026-05-28T07:30:23.965+0000] {processor.py:925} INFO - DAG(s) 'example_trigger_controller_dag' retrieved from /home/airflow/.local/lib/python3.12/site-packages/airflow/example_dags/example_trigger_controller_dag.py
[2026-05-28T07:30:24.012+0000] {logging_mixin.py:190} INFO - [2026-05-28T07:30:24.011+0000] {dag.py:3239} INFO - Sync 1 DAGs
[2026-05-28T07:30:24.047+0000] {logging_mixin.py:190} INFO - [2026-05-28T07:30:24.046+0000] {dag.py:4180} INFO - Setting next_dagrun for example_trigger_controller_dag to 2021-01-01 00:00:00+00:00, run_after=2021-01-01 00:00:00+00:00
[2026-05-28T07:30:24.089+0000] {processor.py:208} INFO - Processing /home/airflow/.local/lib/python3.12/site-packages/airflow/example_dags/example_trigger_controller_dag.py took 0.154 seconds
[2026-05-28T07:30:57.654+0000] {processor.py:186} INFO - Started process (PID=964) to work on /home/airflow/.local/lib/python3.12/site-packages/airflow/example_dags/example_trigger_controller_dag.py
[2026-05-28T07:30:57.657+0000] {processor.py:914} INFO - Processing file /home/airflow/.local/lib/python3.12/site-packages/airflow/example_dags/example_trigger_controller_dag.py for tasks to queue
[2026-05-28T07:30:57.662+0000] {logging_mixin.py:190} INFO - [2026-05-28T07:30:57.662+0000] {dagbag.py:588} INFO - Filling up the DagBag from /home/airflow/.local/lib/python3.12/site-packages/airflow/example_dags/example_trigger_controller_dag.py
[2026-05-28T07:30:57.675+0000] {processor.py:925} INFO - DAG(s) 'example_trigger_controller_dag' retrieved from /home/airflow/.local/lib/python3.12/site-packages/airflow/example_dags/example_trigger_controller_dag.py
[2026-05-28T07:30:57.719+0000] {logging_mixin.py:190} INFO - [2026-05-28T07:30:57.719+0000] {dag.py:3239} INFO - Sync 1 DAGs
[2026-05-28T07:30:57.756+0000] {logging_mixin.py:190} INFO - [2026-05-28T07:30:57.755+0000] {dag.py:4180} INFO - Setting next_dagrun for example_trigger_controller_dag to 2021-01-01 00:00:00+00:00, run_after=2021-01-01 00:00:00+00:00
[2026-05-28T07:30:57.789+0000] {processor.py:208} INFO - Processing /home/airflow/.local/lib/python3.12/site-packages/airflow/example_dags/example_trigger_controller_dag.py took 0.148 seconds
[2026-05-28T07:31:28.382+0000] {processor.py:186} INFO - Started process (PID=1026) to work on /home/airflow/.local/lib/python3.12/site-packages/airflow/example_dags/example_trigger_controller_dag.py
[2026-05-28T07:31:28.385+0000] {processor.py:914} INFO - Processing file /home/airflow/.local/lib/python3.12/site-packages/airflow/example_dags/example_trigger_controller_dag.py for tasks to queue
[2026-05-28T07:31:28.391+0000] {logging_mixin.py:190} INFO - [2026-05-28T07:31:28.390+0000] {dagbag.py:588} INFO - Filling up the DagBag from /home/airflow/.local/lib/python3.12/site-packages/airflow/example_dags/example_trigger_controller_dag.py
[2026-05-28T07:31:28.408+0000] {processor.py:925} INFO - DAG(s) 'example_trigger_controller_dag' retrieved from /home/airflow/.local/lib/python3.12/site-packages/airflow/example_dags/example_trigger_controller_dag.py
[2026-05-28T07:31:28.469+0000] {logging_mixin.py:190} INFO - [2026-05-28T07:31:28.468+0000] {dag.py:3239} INFO - Sync 1 DAGs
[2026-05-28T07:31:28.526+0000] {logging_mixin.py:190} INFO - [2026-05-28T07:31:28.525+0000] {dag.py:4180} INFO - Setting next_dagrun for example_trigger_controller_dag to 2021-01-01 00:00:00+00:00, run_after=2021-01-01 00:00:00+00:00
[2026-05-28T07:31:28.588+0000] {processor.py:208} INFO - Processing /home/airflow/.local/lib/python3.12/site-packages/airflow/example_dags/example_trigger_controller_dag.py took 0.225 seconds
[2026-05-28T07:32:00.141+0000] {processor.py:186} INFO - Started process (PID=1088) to work on /home/airflow/.local/lib/python3.12/site-packages/airflow/example_dags/example_trigger_controller_dag.py
[2026-05-28T07:32:00.143+0000] {processor.py:914} INFO - Processing file /home/airflow/.local/lib/python3.12/site-packages/airflow/example_dags/example_trigger_controller_dag.py for tasks to queue
[2026-05-28T07:32:00.147+0000] {logging_mixin.py:190} INFO - [2026-05-28T07:32:00.146+0000] {dagbag.py:588} INFO - Filling up the DagBag from /home/airflow/.local/lib/python3.12/site-packages/airflow/example_dags/example_trigger_controller_dag.py
[2026-05-28T07:32:00.158+0000] {processor.py:925} INFO - DAG(s) 'example_trigger_controller_dag' retrieved from /home/airflow/.local/lib/python3.12/site-packages/airflow/example_dags/example_trigger_controller_dag.py
[2026-05-28T07:32:00.196+0000] {logging_mixin.py:190} INFO - [2026-05-28T07:32:00.195+0000] {dag.py:3239} INFO - Sync 1 DAGs
[2026-05-28T07:32:00.228+0000] {logging_mixin.py:190} INFO - [2026-05-28T07:32:00.228+0000] {dag.py:4180} INFO - Setting next_dagrun for example_trigger_controller_dag to 2021-01-01 00:00:00+00:00, run_after=2021-01-01 00:00:00+00:00
[2026-05-28T07:32:00.272+0000] {processor.py:208} INFO - Processing /home/airflow/.local/lib/python3.12/site-packages/airflow/example_dags/example_trigger_controller_dag.py took 0.138 seconds
[2026-05-28T07:36:15.180+0000] {processor.py:186} INFO - Started process (PID=126) to work on /home/airflow/.local/lib/python3.12/site-packages/airflow/example_dags/example_trigger_controller_dag.py
[2026-05-28T07:36:15.183+0000] {processor.py:914} INFO - Processing file /home/airflow/.local/lib/python3.12/site-packages/airflow/example_dags/example_trigger_controller_dag.py for tasks to queue
[2026-05-28T07:36:15.192+0000] {logging_mixin.py:190} INFO - [2026-05-28T07:36:15.190+0000] {dagbag.py:588} INFO - Filling up the DagBag from /home/airflow/.local/lib/python3.12/site-packages/airflow/example_dags/example_trigger_controller_dag.py
[2026-05-28T07:36:15.206+0000] {processor.py:925} INFO - DAG(s) 'example_trigger_controller_dag' retrieved from /home/airflow/.local/lib/python3.12/site-packages/airflow/example_dags/example_trigger_controller_dag.py
[2026-05-28T07:36:15.413+0000] {logging_mixin.py:190} INFO - [2026-05-28T07:36:15.411+0000] {override.py:1932} INFO - Created Permission View: can delete on DAG:example_trigger_controller_dag
[2026-05-28T07:36:15.438+0000] {logging_mixin.py:190} INFO - [2026-05-28T07:36:15.437+0000] {override.py:1932} INFO - Created Permission View: can read on DAG:example_trigger_controller_dag
[2026-05-28T07:36:15.456+0000] {logging_mixin.py:190} INFO - [2026-05-28T07:36:15.455+0000] {override.py:1932} INFO - Created Permission View: can edit on DAG:example_trigger_controller_dag
[2026-05-28T07:36:15.473+0000] {logging_mixin.py:190} INFO - [2026-05-28T07:36:15.473+0000] {override.py:1932} INFO - Created Permission View: can delete on DAG Run:example_trigger_controller_dag
[2026-05-28T07:36:15.492+0000] {logging_mixin.py:190} INFO - [2026-05-28T07:36:15.492+0000] {override.py:1932} INFO - Created Permission View: can read on DAG Run:example_trigger_controller_dag
[2026-05-28T07:36:15.510+0000] {logging_mixin.py:190} INFO - [2026-05-28T07:36:15.510+0000] {override.py:1932} INFO - Created Permission View: menu access on DAG Run:example_trigger_controller_dag
[2026-05-28T07:36:15.525+0000] {logging_mixin.py:190} INFO - [2026-05-28T07:36:15.525+0000] {override.py:1932} INFO - Created Permission View: can create on DAG Run:example_trigger_controller_dag
[2026-05-28T07:36:15.527+0000] {logging_mixin.py:190} INFO - [2026-05-28T07:36:15.526+0000] {dag.py:3239} INFO - Sync 1 DAGs
[2026-05-28T07:36:15.547+0000] {logging_mixin.py:190} INFO - [2026-05-28T07:36:15.547+0000] {dag.py:3262} INFO - Creating ORM DAG for example_trigger_controller_dag
[2026-05-28T07:36:15.568+0000] {logging_mixin.py:190} INFO - [2026-05-28T07:36:15.568+0000] {dag.py:4180} INFO - Setting next_dagrun for example_trigger_controller_dag to 2021-01-01 00:00:00+00:00, run_after=2021-01-01 00:00:00+00:00
[2026-05-28T07:36:15.601+0000] {processor.py:208} INFO - Processing /home/airflow/.local/lib/python3.12/site-packages/airflow/example_dags/example_trigger_controller_dag.py took 0.432 seconds
[2026-05-28T07:36:58.032+0000] {processor.py:186} INFO - Started process (PID=205) to work on /home/airflow/.local/lib/python3.12/site-packages/airflow/example_dags/example_trigger_controller_dag.py
[2026-05-28T07:36:58.034+0000] {processor.py:914} INFO - Processing file /home/airflow/.local/lib/python3.12/site-packages/airflow/example_dags/example_trigger_controller_dag.py for tasks to queue
[2026-05-28T07:36:58.038+0000] {logging_mixin.py:190} INFO - [2026-05-28T07:36:58.038+0000] {dagbag.py:588} INFO - Filling up the DagBag from /home/airflow/.local/lib/python3.12/site-packages/airflow/example_dags/example_trigger_controller_dag.py
[2026-05-28T07:36:58.052+0000] {processor.py:925} INFO - DAG(s) 'example_trigger_controller_dag' retrieved from /home/airflow/.local/lib/python3.12/site-packages/airflow/example_dags/example_trigger_controller_dag.py
[2026-05-28T07:36:58.094+0000] {logging_mixin.py:190} INFO - [2026-05-28T07:36:58.094+0000] {dag.py:3239} INFO - Sync 1 DAGs
[2026-05-28T07:36:58.138+0000] {logging_mixin.py:190} INFO - [2026-05-28T07:36:58.138+0000] {dag.py:4180} INFO - Setting next_dagrun for example_trigger_controller_dag to 2021-01-01 00:00:00+00:00, run_after=2021-01-01 00:00:00+00:00
[2026-05-28T07:36:58.186+0000] {processor.py:208} INFO - Processing /home/airflow/.local/lib/python3.12/site-packages/airflow/example_dags/example_trigger_controller_dag.py took 0.164 seconds
[2026-05-28T07:37:33.432+0000] {processor.py:186} INFO - Started process (PID=267) to work on /home/airflow/.local/lib/python3.12/site-packages/airflow/example_dags/example_trigger_controller_dag.py
[2026-05-28T07:37:33.433+0000] {processor.py:914} INFO - Processing file /home/airflow/.local/lib/python3.12/site-packages/airflow/example_dags/example_trigger_controller_dag.py for tasks to queue
[2026-05-28T07:37:33.438+0000] {logging_mixin.py:190} INFO - [2026-05-28T07:37:33.438+0000] {dagbag.py:588} INFO - Filling up the DagBag from /home/airflow/.local/lib/python3.12/site-packages/airflow/example_dags/example_trigger_controller_dag.py
[2026-05-28T07:37:33.452+0000] {processor.py:925} INFO - DAG(s) 'example_trigger_controller_dag' retrieved from /home/airflow/.local/lib/python3.12/site-packages/airflow/example_dags/example_trigger_controller_dag.py
[2026-05-28T07:37:33.496+0000] {logging_mixin.py:190} INFO - [2026-05-28T07:37:33.496+0000] {dag.py:3239} INFO - Sync 1 DAGs
[2026-05-28T07:37:33.534+0000] {logging_mixin.py:190} INFO - [2026-05-28T07:37:33.534+0000] {dag.py:4180} INFO - Setting next_dagrun for example_trigger_controller_dag to 2021-01-01 00:00:00+00:00, run_after=2021-01-01 00:00:00+00:00
[2026-05-28T07:37:33.567+0000] {processor.py:208} INFO - Processing /home/airflow/.local/lib/python3.12/site-packages/airflow/example_dags/example_trigger_controller_dag.py took 0.145 seconds
[2026-05-28T07:38:03.666+0000] {processor.py:186} INFO - Started process (PID=330) to work on /home/airflow/.local/lib/python3.12/site-packages/airflow/example_dags/example_trigger_controller_dag.py
[2026-05-28T07:38:03.668+0000] {processor.py:914} INFO - Processing file /home/airflow/.local/lib/python3.12/site-packages/airflow/example_dags/example_trigger_controller_dag.py for tasks to queue
[2026-05-28T07:38:03.673+0000] {logging_mixin.py:190} INFO - [2026-05-28T07:38:03.672+0000] {dagbag.py:588} INFO - Filling up the DagBag from /home/airflow/.local/lib/python3.12/site-packages/airflow/example_dags/example_trigger_controller_dag.py
[2026-05-28T07:38:03.688+0000] {processor.py:925} INFO - DAG(s) 'example_trigger_controller_dag' retrieved from /home/airflow/.local/lib/python3.12/site-packages/airflow/example_dags/example_trigger_controller_dag.py
[2026-05-28T07:38:03.725+0000] {logging_mixin.py:190} INFO - [2026-05-28T07:38:03.724+0000] {dag.py:3239} INFO - Sync 1 DAGs
[2026-05-28T07:38:03.761+0000] {logging_mixin.py:190} INFO - [2026-05-28T07:38:03.760+0000] {dag.py:4180} INFO - Setting next_dagrun for example_trigger_controller_dag to 2021-01-01 00:00:00+00:00, run_after=2021-01-01 00:00:00+00:00
[2026-05-28T07:38:03.793+0000] {processor.py:208} INFO - Processing /home/airflow/.local/lib/python3.12/site-packages/airflow/example_dags/example_trigger_controller_dag.py took 0.138 seconds
[2026-05-28T07:38:42.408+0000] {processor.py:186} INFO - Started process (PID=401) to work on /home/airflow/.local/lib/python3.12/site-packages/airflow/example_dags/example_trigger_controller_dag.py
[2026-05-28T07:38:42.410+0000] {processor.py:914} INFO - Processing file /home/airflow/.local/lib/python3.12/site-packages/airflow/example_dags/example_trigger_controller_dag.py for tasks to queue
[2026-05-28T07:38:42.418+0000] {logging_mixin.py:190} INFO - [2026-05-28T07:38:42.417+0000] {dagbag.py:588} INFO - Filling up the DagBag from /home/airflow/.local/lib/python3.12/site-packages/airflow/example_dags/example_trigger_controller_dag.py
[2026-05-28T07:38:42.434+0000] {processor.py:925} INFO - DAG(s) 'example_trigger_controller_dag' retrieved from /home/airflow/.local/lib/python3.12/site-packages/airflow/example_dags/example_trigger_controller_dag.py
[2026-05-28T07:38:42.485+0000] {logging_mixin.py:190} INFO - [2026-05-28T07:38:42.484+0000] {dag.py:3239} INFO - Sync 1 DAGs
[2026-05-28T07:38:42.540+0000] {logging_mixin.py:190} INFO - [2026-05-28T07:38:42.539+0000] {dag.py:4180} INFO - Setting next_dagrun for example_trigger_controller_dag to 2021-01-01 00:00:00+00:00, run_after=2021-01-01 00:00:00+00:00
[2026-05-28T07:38:42.581+0000] {processor.py:208} INFO - Processing /home/airflow/.local/lib/python3.12/site-packages/airflow/example_dags/example_trigger_controller_dag.py took 0.183 seconds
[2026-05-28T07:39:18.240+0000] {processor.py:186} INFO - Started process (PID=472) to work on /home/airflow/.local/lib/python3.12/site-packages/airflow/example_dags/example_trigger_controller_dag.py
[2026-05-28T07:39:18.242+0000] {processor.py:914} INFO - Processing file /home/airflow/.local/lib/python3.12/site-packages/airflow/example_dags/example_trigger_controller_dag.py for tasks to queue
[2026-05-28T07:39:18.247+0000] {logging_mixin.py:190} INFO - [2026-05-28T07:39:18.246+0000] {dagbag.py:588} INFO - Filling up the DagBag from /home/airflow/.local/lib/python3.12/site-packages/airflow/example_dags/example_trigger_controller_dag.py
[2026-05-28T07:39:18.258+0000] {processor.py:925} INFO - DAG(s) 'example_trigger_controller_dag' retrieved from /home/airflow/.local/lib/python3.12/site-packages/airflow/example_dags/example_trigger_controller_dag.py
[2026-05-28T07:39:18.297+0000] {logging_mixin.py:190} INFO - [2026-05-28T07:39:18.296+0000] {dag.py:3239} INFO - Sync 1 DAGs
[2026-05-28T07:39:18.330+0000] {logging_mixin.py:190} INFO - [2026-05-28T07:39:18.330+0000] {dag.py:4180} INFO - Setting next_dagrun for example_trigger_controller_dag to 2021-01-01 00:00:00+00:00, run_after=2021-01-01 00:00:00+00:00
[2026-05-28T07:39:18.359+0000] {processor.py:208} INFO - Processing /home/airflow/.local/lib/python3.12/site-packages/airflow/example_dags/example_trigger_controller_dag.py took 0.129 seconds
[2026-05-28T07:39:50.838+0000] {processor.py:186} INFO - Started process (PID=533) to work on /home/airflow/.local/lib/python3.12/site-packages/airflow/example_dags/example_trigger_controller_dag.py
[2026-05-28T07:39:50.840+0000] {processor.py:914} INFO - Processing file /home/airflow/.local/lib/python3.12/site-packages/airflow/example_dags/example_trigger_controller_dag.py for tasks to queue
[2026-05-28T07:39:50.846+0000] {logging_mixin.py:190} INFO - [2026-05-28T07:39:50.845+0000] {dagbag.py:588} INFO - Filling up the DagBag from /home/airflow/.local/lib/python3.12/site-packages/airflow/example_dags/example_trigger_controller_dag.py
[2026-05-28T07:39:50.855+0000] {processor.py:925} INFO - DAG(s) 'example_trigger_controller_dag' retrieved from /home/airflow/.local/lib/python3.12/site-packages/airflow/example_dags/example_trigger_controller_dag.py
[2026-05-28T07:39:50.892+0000] {logging_mixin.py:190} INFO - [2026-05-28T07:39:50.891+0000] {dag.py:3239} INFO - Sync 1 DAGs
[2026-05-28T07:39:50.923+0000] {logging_mixin.py:190} INFO - [2026-05-28T07:39:50.922+0000] {dag.py:4180} INFO - Setting next_dagrun for example_trigger_controller_dag to 2021-01-01 00:00:00+00:00, run_after=2021-01-01 00:00:00+00:00
[2026-05-28T07:39:50.957+0000] {processor.py:208} INFO - Processing /home/airflow/.local/lib/python3.12/site-packages/airflow/example_dags/example_trigger_controller_dag.py took 0.126 seconds
[2026-05-28T07:40:30.802+0000] {processor.py:186} INFO - Started process (PID=598) to work on /home/airflow/.local/lib/python3.12/site-packages/airflow/example_dags/example_trigger_controller_dag.py
[2026-05-28T07:40:30.805+0000] {processor.py:914} INFO - Processing file /home/airflow/.local/lib/python3.12/site-packages/airflow/example_dags/example_trigger_controller_dag.py for tasks to queue
[2026-05-28T07:40:30.811+0000] {logging_mixin.py:190} INFO - [2026-05-28T07:40:30.810+0000] {dagbag.py:588} INFO - Filling up the DagBag from /home/airflow/.local/lib/python3.12/site-packages/airflow/example_dags/example_trigger_controller_dag.py
[2026-05-28T07:40:30.826+0000] {processor.py:925} INFO - DAG(s) 'example_trigger_controller_dag' retrieved from /home/airflow/.local/lib/python3.12/site-packages/airflow/example_dags/example_trigger_controller_dag.py
[2026-05-28T07:40:30.877+0000] {logging_mixin.py:190} INFO - [2026-05-28T07:40:30.876+0000] {dag.py:3239} INFO - Sync 1 DAGs
[2026-05-28T07:40:30.938+0000] {logging_mixin.py:190} INFO - [2026-05-28T07:40:30.937+0000] {dag.py:4180} INFO - Setting next_dagrun for example_trigger_controller_dag to 2021-01-01 00:00:00+00:00, run_after=2021-01-01 00:00:00+00:00
[2026-05-28T07:40:30.984+0000] {processor.py:208} INFO - Processing /home/airflow/.local/lib/python3.12/site-packages/airflow/example_dags/example_trigger_controller_dag.py took 0.195 seconds
[2026-05-28T07:41:09.225+0000] {processor.py:186} INFO - Started process (PID=661) to work on /home/airflow/.local/lib/python3.12/site-packages/airflow/example_dags/example_trigger_controller_dag.py
[2026-05-28T07:41:09.227+0000] {processor.py:914} INFO - Processing file /home/airflow/.local/lib/python3.12/site-packages/airflow/example_dags/example_trigger_controller_dag.py for tasks to queue
[2026-05-28T07:41:09.234+0000] {logging_mixin.py:190} INFO - [2026-05-28T07:41:09.234+0000] {dagbag.py:588} INFO - Filling up the DagBag from /home/airflow/.local/lib/python3.12/site-packages/airflow/example_dags/example_trigger_controller_dag.py
[2026-05-28T07:41:09.246+0000] {processor.py:925} INFO - DAG(s) 'example_trigger_controller_dag' retrieved from /home/airflow/.local/lib/python3.12/site-packages/airflow/example_dags/example_trigger_controller_dag.py
[2026-05-28T07:41:09.287+0000] {logging_mixin.py:190} INFO - [2026-05-28T07:41:09.287+0000] {dag.py:3239} INFO - Sync 1 DAGs
[2026-05-28T07:41:09.317+0000] {logging_mixin.py:190} INFO - [2026-05-28T07:41:09.317+0000] {dag.py:4180} INFO - Setting next_dagrun for example_trigger_controller_dag to 2021-01-01 00:00:00+00:00, run_after=2021-01-01 00:00:00+00:00
[2026-05-28T07:41:09.355+0000] {processor.py:208} INFO - Processing /home/airflow/.local/lib/python3.12/site-packages/airflow/example_dags/example_trigger_controller_dag.py took 0.142 seconds
[2026-05-28T07:41:49.474+0000] {processor.py:186} INFO - Started process (PID=730) to work on /home/airflow/.local/lib/python3.12/site-packages/airflow/example_dags/example_trigger_controller_dag.py
[2026-05-28T07:41:49.476+0000] {processor.py:914} INFO - Processing file /home/airflow/.local/lib/python3.12/site-packages/airflow/example_dags/example_trigger_controller_dag.py for tasks to queue
[2026-05-28T07:41:49.481+0000] {logging_mixin.py:190} INFO - [2026-05-28T07:41:49.481+0000] {dagbag.py:588} INFO - Filling up the DagBag from /home/airflow/.local/lib/python3.12/site-packages/airflow/example_dags/example_trigger_controller_dag.py
[2026-05-28T07:41:49.493+0000] {processor.py:925} INFO - DAG(s) 'example_trigger_controller_dag' retrieved from /home/airflow/.local/lib/python3.12/site-packages/airflow/example_dags/example_trigger_controller_dag.py
[2026-05-28T07:41:49.530+0000] {logging_mixin.py:190} INFO - [2026-05-28T07:41:49.530+0000] {dag.py:3239} INFO - Sync 1 DAGs
[2026-05-28T07:41:49.570+0000] {logging_mixin.py:190} INFO - [2026-05-28T07:41:49.569+0000] {dag.py:4180} INFO - Setting next_dagrun for example_trigger_controller_dag to 2021-01-01 00:00:00+00:00, run_after=2021-01-01 00:00:00+00:00
[2026-05-28T07:41:49.599+0000] {processor.py:208} INFO - Processing /home/airflow/.local/lib/python3.12/site-packages/airflow/example_dags/example_trigger_controller_dag.py took 0.134 seconds
[2026-05-28T07:42:29.981+0000] {processor.py:186} INFO - Started process (PID=793) to work on /home/airflow/.local/lib/python3.12/site-packages/airflow/example_dags/example_trigger_controller_dag.py
[2026-05-28T07:42:29.984+0000] {processor.py:914} INFO - Processing file /home/airflow/.local/lib/python3.12/site-packages/airflow/example_dags/example_trigger_controller_dag.py for tasks to queue
[2026-05-28T07:42:29.989+0000] {logging_mixin.py:190} INFO - [2026-05-28T07:42:29.988+0000] {dagbag.py:588} INFO - Filling up the DagBag from /home/airflow/.local/lib/python3.12/site-packages/airflow/example_dags/example_trigger_controller_dag.py
[2026-05-28T07:42:30.003+0000] {processor.py:925} INFO - DAG(s) 'example_trigger_controller_dag' retrieved from /home/airflow/.local/lib/python3.12/site-packages/airflow/example_dags/example_trigger_controller_dag.py
[2026-05-28T07:42:30.060+0000] {logging_mixin.py:190} INFO - [2026-05-28T07:42:30.059+0000] {dag.py:3239} INFO - Sync 1 DAGs
[2026-05-28T07:42:30.126+0000] {logging_mixin.py:190} INFO - [2026-05-28T07:42:30.126+0000] {dag.py:4180} INFO - Setting next_dagrun for example_trigger_controller_dag to 2021-01-01 00:00:00+00:00, run_after=2021-01-01 00:00:00+00:00
[2026-05-28T07:42:30.179+0000] {processor.py:208} INFO - Processing /home/airflow/.local/lib/python3.12/site-packages/airflow/example_dags/example_trigger_controller_dag.py took 0.213 seconds
[2026-05-28T07:43:03.826+0000] {processor.py:186} INFO - Started process (PID=855) to work on /home/airflow/.local/lib/python3.12/site-packages/airflow/example_dags/example_trigger_controller_dag.py
[2026-05-28T07:43:03.828+0000] {processor.py:914} INFO - Processing file /home/airflow/.local/lib/python3.12/site-packages/airflow/example_dags/example_trigger_controller_dag.py for tasks to queue
[2026-05-28T07:43:03.834+0000] {logging_mixin.py:190} INFO - [2026-05-28T07:43:03.833+0000] {dagbag.py:588} INFO - Filling up the DagBag from /home/airflow/.local/lib/python3.12/site-packages/airflow/example_dags/example_trigger_controller_dag.py
[2026-05-28T07:43:03.847+0000] {processor.py:925} INFO - DAG(s) 'example_trigger_controller_dag' retrieved from /home/airflow/.local/lib/python3.12/site-packages/airflow/example_dags/example_trigger_controller_dag.py
[2026-05-28T07:43:03.890+0000] {logging_mixin.py:190} INFO - [2026-05-28T07:43:03.889+0000] {dag.py:3239} INFO - Sync 1 DAGs
[2026-05-28T07:43:03.926+0000] {logging_mixin.py:190} INFO - [2026-05-28T07:43:03.925+0000] {dag.py:4180} INFO - Setting next_dagrun for example_trigger_controller_dag to 2021-01-01 00:00:00+00:00, run_after=2021-01-01 00:00:00+00:00
[2026-05-28T07:43:03.958+0000] {processor.py:208} INFO - Processing /home/airflow/.local/lib/python3.12/site-packages/airflow/example_dags/example_trigger_controller_dag.py took 0.143 seconds
[2026-05-28T07:43:36.608+0000] {processor.py:186} INFO - Started process (PID=923) to work on /home/airflow/.local/lib/python3.12/site-packages/airflow/example_dags/example_trigger_controller_dag.py
[2026-05-28T07:43:36.610+0000] {processor.py:914} INFO - Processing file /home/airflow/.local/lib/python3.12/site-packages/airflow/example_dags/example_trigger_controller_dag.py for tasks to queue
[2026-05-28T07:43:36.614+0000] {logging_mixin.py:190} INFO - [2026-05-28T07:43:36.614+0000] {dagbag.py:588} INFO - Filling up the DagBag from /home/airflow/.local/lib/python3.12/site-packages/airflow/example_dags/example_trigger_controller_dag.py
[2026-05-28T07:43:36.625+0000] {processor.py:925} INFO - DAG(s) 'example_trigger_controller_dag' retrieved from /home/airflow/.local/lib/python3.12/site-packages/airflow/example_dags/example_trigger_controller_dag.py
[2026-05-28T07:43:36.656+0000] {logging_mixin.py:190} INFO - [2026-05-28T07:43:36.656+0000] {dag.py:3239} INFO - Sync 1 DAGs
[2026-05-28T07:43:36.693+0000] {logging_mixin.py:190} INFO - [2026-05-28T07:43:36.693+0000] {dag.py:4180} INFO - Setting next_dagrun for example_trigger_controller_dag to 2021-01-01 00:00:00+00:00, run_after=2021-01-01 00:00:00+00:00
[2026-05-28T07:43:36.736+0000] {processor.py:208} INFO - Processing /home/airflow/.local/lib/python3.12/site-packages/airflow/example_dags/example_trigger_controller_dag.py took 0.141 seconds
[2026-05-28T07:44:10.544+0000] {processor.py:186} INFO - Started process (PID=989) to work on /home/airflow/.local/lib/python3.12/site-packages/airflow/example_dags/example_trigger_controller_dag.py
[2026-05-28T07:44:10.552+0000] {processor.py:914} INFO - Processing file /home/airflow/.local/lib/python3.12/site-packages/airflow/example_dags/example_trigger_controller_dag.py for tasks to queue
[2026-05-28T07:44:10.561+0000] {logging_mixin.py:190} INFO - [2026-05-28T07:44:10.560+0000] {dagbag.py:588} INFO - Filling up the DagBag from /home/airflow/.local/lib/python3.12/site-packages/airflow/example_dags/example_trigger_controller_dag.py
[2026-05-28T07:44:10.582+0000] {processor.py:925} INFO - DAG(s) 'example_trigger_controller_dag' retrieved from /home/airflow/.local/lib/python3.12/site-packages/airflow/example_dags/example_trigger_controller_dag.py
[2026-05-28T07:44:10.626+0000] {logging_mixin.py:190} INFO - [2026-05-28T07:44:10.626+0000] {dag.py:3239} INFO - Sync 1 DAGs
[2026-05-28T07:44:10.676+0000] {logging_mixin.py:190} INFO - [2026-05-28T07:44:10.676+0000] {dag.py:4180} INFO - Setting next_dagrun for example_trigger_controller_dag to 2021-01-01 00:00:00+00:00, run_after=2021-01-01 00:00:00+00:00
[2026-05-28T07:44:10.725+0000] {processor.py:208} INFO - Processing /home/airflow/.local/lib/python3.12/site-packages/airflow/example_dags/example_trigger_controller_dag.py took 0.211 seconds
[2026-05-28T07:44:51.734+0000] {processor.py:186} INFO - Started process (PID=1069) to work on /home/airflow/.local/lib/python3.12/site-packages/airflow/example_dags/example_trigger_controller_dag.py
[2026-05-28T07:44:51.737+0000] {processor.py:914} INFO - Processing file /home/airflow/.local/lib/python3.12/site-packages/airflow/example_dags/example_trigger_controller_dag.py for tasks to queue
[2026-05-28T07:44:51.743+0000] {logging_mixin.py:190} INFO - [2026-05-28T07:44:51.742+0000] {dagbag.py:588} INFO - Filling up the DagBag from /home/airflow/.local/lib/python3.12/site-packages/airflow/example_dags/example_trigger_controller_dag.py
[2026-05-28T07:44:51.753+0000] {processor.py:925} INFO - DAG(s) 'example_trigger_controller_dag' retrieved from /home/airflow/.local/lib/python3.12/site-packages/airflow/example_dags/example_trigger_controller_dag.py
[2026-05-28T07:44:51.792+0000] {logging_mixin.py:190} INFO - [2026-05-28T07:44:51.792+0000] {dag.py:3239} INFO - Sync 1 DAGs
[2026-05-28T07:44:51.825+0000] {logging_mixin.py:190} INFO - [2026-05-28T07:44:51.824+0000] {dag.py:4180} INFO - Setting next_dagrun for example_trigger_controller_dag to 2021-01-01 00:00:00+00:00, run_after=2021-01-01 00:00:00+00:00
[2026-05-28T07:44:51.870+0000] {processor.py:208} INFO - Processing /home/airflow/.local/lib/python3.12/site-packages/airflow/example_dags/example_trigger_controller_dag.py took 0.151 seconds
[2026-05-28T07:45:30.936+0000] {processor.py:186} INFO - Started process (PID=1141) to work on /home/airflow/.local/lib/python3.12/site-packages/airflow/example_dags/example_trigger_controller_dag.py
[2026-05-28T07:45:30.938+0000] {processor.py:914} INFO - Processing file /home/airflow/.local/lib/python3.12/site-packages/airflow/example_dags/example_trigger_controller_dag.py for tasks to queue
[2026-05-28T07:45:30.942+0000] {logging_mixin.py:190} INFO - [2026-05-28T07:45:30.941+0000] {dagbag.py:588} INFO - Filling up the DagBag from /home/airflow/.local/lib/python3.12/site-packages/airflow/example_dags/example_trigger_controller_dag.py
[2026-05-28T07:45:30.954+0000] {processor.py:925} INFO - DAG(s) 'example_trigger_controller_dag' retrieved from /home/airflow/.local/lib/python3.12/site-packages/airflow/example_dags/example_trigger_controller_dag.py
[2026-05-28T07:45:30.988+0000] {logging_mixin.py:190} INFO - [2026-05-28T07:45:30.988+0000] {dag.py:3239} INFO - Sync 1 DAGs
[2026-05-28T07:45:31.021+0000] {logging_mixin.py:190} INFO - [2026-05-28T07:45:31.020+0000] {dag.py:4180} INFO - Setting next_dagrun for example_trigger_controller_dag to 2021-01-01 00:00:00+00:00, run_after=2021-01-01 00:00:00+00:00
[2026-05-28T07:45:31.051+0000] {processor.py:208} INFO - Processing /home/airflow/.local/lib/python3.12/site-packages/airflow/example_dags/example_trigger_controller_dag.py took 0.124 seconds
[2026-05-28T07:46:11.271+0000] {processor.py:186} INFO - Started process (PID=1207) to work on /home/airflow/.local/lib/python3.12/site-packages/airflow/example_dags/example_trigger_controller_dag.py
[2026-05-28T07:46:11.273+0000] {processor.py:914} INFO - Processing file /home/airflow/.local/lib/python3.12/site-packages/airflow/example_dags/example_trigger_controller_dag.py for tasks to queue
[2026-05-28T07:46:11.279+0000] {logging_mixin.py:190} INFO - [2026-05-28T07:46:11.279+0000] {dagbag.py:588} INFO - Filling up the DagBag from /home/airflow/.local/lib/python3.12/site-packages/airflow/example_dags/example_trigger_controller_dag.py
[2026-05-28T07:46:11.294+0000] {processor.py:925} INFO - DAG(s) 'example_trigger_controller_dag' retrieved from /home/airflow/.local/lib/python3.12/site-packages/airflow/example_dags/example_trigger_controller_dag.py
[2026-05-28T07:46:11.347+0000] {logging_mixin.py:190} INFO - [2026-05-28T07:46:11.347+0000] {dag.py:3239} INFO - Sync 1 DAGs
[2026-05-28T07:46:11.406+0000] {logging_mixin.py:190} INFO - [2026-05-28T07:46:11.406+0000] {dag.py:4180} INFO - Setting next_dagrun for example_trigger_controller_dag to 2021-01-01 00:00:00+00:00, run_after=2021-01-01 00:00:00+00:00
[2026-05-28T07:46:11.447+0000] {processor.py:208} INFO - Processing /home/airflow/.local/lib/python3.12/site-packages/airflow/example_dags/example_trigger_controller_dag.py took 0.187 seconds
[2026-05-28T07:46:50.028+0000] {processor.py:186} INFO - Started process (PID=1276) to work on /home/airflow/.local/lib/python3.12/site-packages/airflow/example_dags/example_trigger_controller_dag.py
[2026-05-28T07:46:50.029+0000] {processor.py:914} INFO - Processing file /home/airflow/.local/lib/python3.12/site-packages/airflow/example_dags/example_trigger_controller_dag.py for tasks to queue
[2026-05-28T07:46:50.034+0000] {logging_mixin.py:190} INFO - [2026-05-28T07:46:50.033+0000] {dagbag.py:588} INFO - Filling up the DagBag from /home/airflow/.local/lib/python3.12/site-packages/airflow/example_dags/example_trigger_controller_dag.py
[2026-05-28T07:46:50.045+0000] {processor.py:925} INFO - DAG(s) 'example_trigger_controller_dag' retrieved from /home/airflow/.local/lib/python3.12/site-packages/airflow/example_dags/example_trigger_controller_dag.py
[2026-05-28T07:46:50.084+0000] {logging_mixin.py:190} INFO - [2026-05-28T07:46:50.084+0000] {dag.py:3239} INFO - Sync 1 DAGs
[2026-05-28T07:46:50.118+0000] {logging_mixin.py:190} INFO - [2026-05-28T07:46:50.118+0000] {dag.py:4180} INFO - Setting next_dagrun for example_trigger_controller_dag to 2021-01-01 00:00:00+00:00, run_after=2021-01-01 00:00:00+00:00
[2026-05-28T07:46:50.148+0000] {processor.py:208} INFO - Processing /home/airflow/.local/lib/python3.12/site-packages/airflow/example_dags/example_trigger_controller_dag.py took 0.129 seconds
[2026-05-28T07:47:21.342+0000] {processor.py:186} INFO - Started process (PID=1338) to work on /home/airflow/.local/lib/python3.12/site-packages/airflow/example_dags/example_trigger_controller_dag.py
[2026-05-28T07:47:21.345+0000] {processor.py:914} INFO - Processing file /home/airflow/.local/lib/python3.12/site-packages/airflow/example_dags/example_trigger_controller_dag.py for tasks to queue
[2026-05-28T07:47:21.350+0000] {logging_mixin.py:190} INFO - [2026-05-28T07:47:21.349+0000] {dagbag.py:588} INFO - Filling up the DagBag from /home/airflow/.local/lib/python3.12/site-packages/airflow/example_dags/example_trigger_controller_dag.py
[2026-05-28T07:47:21.360+0000] {processor.py:925} INFO - DAG(s) 'example_trigger_controller_dag' retrieved from /home/airflow/.local/lib/python3.12/site-packages/airflow/example_dags/example_trigger_controller_dag.py
[2026-05-28T07:47:21.396+0000] {logging_mixin.py:190} INFO - [2026-05-28T07:47:21.396+0000] {dag.py:3239} INFO - Sync 1 DAGs
[2026-05-28T07:47:21.436+0000] {logging_mixin.py:190} INFO - [2026-05-28T07:47:21.436+0000] {dag.py:4180} INFO - Setting next_dagrun for example_trigger_controller_dag to 2021-01-01 00:00:00+00:00, run_after=2021-01-01 00:00:00+00:00
[2026-05-28T07:47:21.480+0000] {processor.py:208} INFO - Processing /home/airflow/.local/lib/python3.12/site-packages/airflow/example_dags/example_trigger_controller_dag.py took 0.147 seconds
[2026-05-28T07:47:58.057+0000] {processor.py:186} INFO - Started process (PID=1403) to work on /home/airflow/.local/lib/python3.12/site-packages/airflow/example_dags/example_trigger_controller_dag.py
[2026-05-28T07:47:58.058+0000] {processor.py:914} INFO - Processing file /home/airflow/.local/lib/python3.12/site-packages/airflow/example_dags/example_trigger_controller_dag.py for tasks to queue
[2026-05-28T07:47:58.064+0000] {logging_mixin.py:190} INFO - [2026-05-28T07:47:58.063+0000] {dagbag.py:588} INFO - Filling up the DagBag from /home/airflow/.local/lib/python3.12/site-packages/airflow/example_dags/example_trigger_controller_dag.py
[2026-05-28T07:47:58.076+0000] {processor.py:925} INFO - DAG(s) 'example_trigger_controller_dag' retrieved from /home/airflow/.local/lib/python3.12/site-packages/airflow/example_dags/example_trigger_controller_dag.py
[2026-05-28T07:47:58.116+0000] {logging_mixin.py:190} INFO - [2026-05-28T07:47:58.116+0000] {dag.py:3239} INFO - Sync 1 DAGs
[2026-05-28T07:47:58.149+0000] {logging_mixin.py:190} INFO - [2026-05-28T07:47:58.148+0000] {dag.py:4180} INFO - Setting next_dagrun for example_trigger_controller_dag to 2021-01-01 00:00:00+00:00, run_after=2021-01-01 00:00:00+00:00
[2026-05-28T07:47:58.188+0000] {processor.py:208} INFO - Processing /home/airflow/.local/lib/python3.12/site-packages/airflow/example_dags/example_trigger_controller_dag.py took 0.140 seconds
[2026-05-28T07:48:30.848+0000] {processor.py:186} INFO - Started process (PID=1465) to work on /home/airflow/.local/lib/python3.12/site-packages/airflow/example_dags/example_trigger_controller_dag.py
[2026-05-28T07:48:30.851+0000] {processor.py:914} INFO - Processing file /home/airflow/.local/lib/python3.12/site-packages/airflow/example_dags/example_trigger_controller_dag.py for tasks to queue
[2026-05-28T07:48:30.857+0000] {logging_mixin.py:190} INFO - [2026-05-28T07:48:30.856+0000] {dagbag.py:588} INFO - Filling up the DagBag from /home/airflow/.local/lib/python3.12/site-packages/airflow/example_dags/example_trigger_controller_dag.py
[2026-05-28T07:48:30.870+0000] {processor.py:925} INFO - DAG(s) 'example_trigger_controller_dag' retrieved from /home/airflow/.local/lib/python3.12/site-packages/airflow/example_dags/example_trigger_controller_dag.py
[2026-05-28T07:48:30.909+0000] {logging_mixin.py:190} INFO - [2026-05-28T07:48:30.909+0000] {dag.py:3239} INFO - Sync 1 DAGs
[2026-05-28T07:48:30.947+0000] {logging_mixin.py:190} INFO - [2026-05-28T07:48:30.947+0000] {dag.py:4180} INFO - Setting next_dagrun for example_trigger_controller_dag to 2021-01-01 00:00:00+00:00, run_after=2021-01-01 00:00:00+00:00
[2026-05-28T07:48:30.993+0000] {processor.py:208} INFO - Processing /home/airflow/.local/lib/python3.12/site-packages/airflow/example_dags/example_trigger_controller_dag.py took 0.160 seconds
[2026-05-28T07:49:01.444+0000] {processor.py:186} INFO - Started process (PID=1527) to work on /home/airflow/.local/lib/python3.12/site-packages/airflow/example_dags/example_trigger_controller_dag.py
[2026-05-28T07:49:01.446+0000] {processor.py:914} INFO - Processing file /home/airflow/.local/lib/python3.12/site-packages/airflow/example_dags/example_trigger_controller_dag.py for tasks to queue
[2026-05-28T07:49:01.450+0000] {logging_mixin.py:190} INFO - [2026-05-28T07:49:01.449+0000] {dagbag.py:588} INFO - Filling up the DagBag from /home/airflow/.local/lib/python3.12/site-packages/airflow/example_dags/example_trigger_controller_dag.py
[2026-05-28T07:49:01.460+0000] {processor.py:925} INFO - DAG(s) 'example_trigger_controller_dag' retrieved from /home/airflow/.local/lib/python3.12/site-packages/airflow/example_dags/example_trigger_controller_dag.py
[2026-05-28T07:49:01.499+0000] {logging_mixin.py:190} INFO - [2026-05-28T07:49:01.499+0000] {dag.py:3239} INFO - Sync 1 DAGs
[2026-05-28T07:49:01.536+0000] {logging_mixin.py:190} INFO - [2026-05-28T07:49:01.536+0000] {dag.py:4180} INFO - Setting next_dagrun for example_trigger_controller_dag to 2021-01-01 00:00:00+00:00, run_after=2021-01-01 00:00:00+00:00
[2026-05-28T07:49:01.586+0000] {processor.py:208} INFO - Processing /home/airflow/.local/lib/python3.12/site-packages/airflow/example_dags/example_trigger_controller_dag.py took 0.150 seconds
[2026-05-28T07:49:32.317+0000] {processor.py:186} INFO - Started process (PID=1590) to work on /home/airflow/.local/lib/python3.12/site-packages/airflow/example_dags/example_trigger_controller_dag.py
[2026-05-28T07:49:32.320+0000] {processor.py:914} INFO - Processing file /home/airflow/.local/lib/python3.12/site-packages/airflow/example_dags/example_trigger_controller_dag.py for tasks to queue
[2026-05-28T07:49:32.327+0000] {logging_mixin.py:190} INFO - [2026-05-28T07:49:32.326+0000] {dagbag.py:588} INFO - Filling up the DagBag from /home/airflow/.local/lib/python3.12/site-packages/airflow/example_dags/example_trigger_controller_dag.py
[2026-05-28T07:49:32.343+0000] {processor.py:925} INFO - DAG(s) 'example_trigger_controller_dag' retrieved from /home/airflow/.local/lib/python3.12/site-packages/airflow/example_dags/example_trigger_controller_dag.py
[2026-05-28T07:49:32.401+0000] {logging_mixin.py:190} INFO - [2026-05-28T07:49:32.400+0000] {dag.py:3239} INFO - Sync 1 DAGs
[2026-05-28T07:49:32.484+0000] {logging_mixin.py:190} INFO - [2026-05-28T07:49:32.482+0000] {dag.py:4180} INFO - Setting next_dagrun for example_trigger_controller_dag to 2021-01-01 00:00:00+00:00, run_after=2021-01-01 00:00:00+00:00
[2026-05-28T07:49:32.543+0000] {processor.py:208} INFO - Processing /home/airflow/.local/lib/python3.12/site-packages/airflow/example_dags/example_trigger_controller_dag.py took 0.238 seconds
[2026-05-28T07:50:07.544+0000] {processor.py:186} INFO - Started process (PID=1653) to work on /home/airflow/.local/lib/python3.12/site-packages/airflow/example_dags/example_trigger_controller_dag.py
[2026-05-28T07:50:07.546+0000] {processor.py:914} INFO - Processing file /home/airflow/.local/lib/python3.12/site-packages/airflow/example_dags/example_trigger_controller_dag.py for tasks to queue
[2026-05-28T07:50:07.552+0000] {logging_mixin.py:190} INFO - [2026-05-28T07:50:07.551+0000] {dagbag.py:588} INFO - Filling up the DagBag from /home/airflow/.local/lib/python3.12/site-packages/airflow/example_dags/example_trigger_controller_dag.py
[2026-05-28T07:50:07.566+0000] {processor.py:925} INFO - DAG(s) 'example_trigger_controller_dag' retrieved from /home/airflow/.local/lib/python3.12/site-packages/airflow/example_dags/example_trigger_controller_dag.py
[2026-05-28T07:50:07.618+0000] {logging_mixin.py:190} INFO - [2026-05-28T07:50:07.617+0000] {dag.py:3239} INFO - Sync 1 DAGs
[2026-05-28T07:50:07.660+0000] {logging_mixin.py:190} INFO - [2026-05-28T07:50:07.660+0000] {dag.py:4180} INFO - Setting next_dagrun for example_trigger_controller_dag to 2021-01-01 00:00:00+00:00, run_after=2021-01-01 00:00:00+00:00
[2026-05-28T07:50:07.695+0000] {processor.py:208} INFO - Processing /home/airflow/.local/lib/python3.12/site-packages/airflow/example_dags/example_trigger_controller_dag.py took 0.163 seconds
[2026-05-28T07:50:48.333+0000] {processor.py:186} INFO - Started process (PID=1723) to work on /home/airflow/.local/lib/python3.12/site-packages/airflow/example_dags/example_trigger_controller_dag.py
[2026-05-28T07:50:48.335+0000] {processor.py:914} INFO - Processing file /home/airflow/.local/lib/python3.12/site-packages/airflow/example_dags/example_trigger_controller_dag.py for tasks to queue
[2026-05-28T07:50:48.341+0000] {logging_mixin.py:190} INFO - [2026-05-28T07:50:48.340+0000] {dagbag.py:588} INFO - Filling up the DagBag from /home/airflow/.local/lib/python3.12/site-packages/airflow/example_dags/example_trigger_controller_dag.py
[2026-05-28T07:50:48.355+0000] {processor.py:925} INFO - DAG(s) 'example_trigger_controller_dag' retrieved from /home/airflow/.local/lib/python3.12/site-packages/airflow/example_dags/example_trigger_controller_dag.py
[2026-05-28T07:50:48.400+0000] {logging_mixin.py:190} INFO - [2026-05-28T07:50:48.399+0000] {dag.py:3239} INFO - Sync 1 DAGs
[2026-05-28T07:50:48.442+0000] {logging_mixin.py:190} INFO - [2026-05-28T07:50:48.441+0000] {dag.py:4180} INFO - Setting next_dagrun for example_trigger_controller_dag to 2021-01-01 00:00:00+00:00, run_after=2021-01-01 00:00:00+00:00
[2026-05-28T07:50:48.484+0000] {processor.py:208} INFO - Processing /home/airflow/.local/lib/python3.12/site-packages/airflow/example_dags/example_trigger_controller_dag.py took 0.162 seconds
[2026-05-28T07:51:31.669+0000] {processor.py:186} INFO - Started process (PID=1796) to work on /home/airflow/.local/lib/python3.12/site-packages/airflow/example_dags/example_trigger_controller_dag.py
[2026-05-28T07:51:31.671+0000] {processor.py:914} INFO - Processing file /home/airflow/.local/lib/python3.12/site-packages/airflow/example_dags/example_trigger_controller_dag.py for tasks to queue
[2026-05-28T07:51:31.679+0000] {logging_mixin.py:190} INFO - [2026-05-28T07:51:31.678+0000] {dagbag.py:588} INFO - Filling up the DagBag from /home/airflow/.local/lib/python3.12/site-packages/airflow/example_dags/example_trigger_controller_dag.py
[2026-05-28T07:51:31.694+0000] {processor.py:925} INFO - DAG(s) 'example_trigger_controller_dag' retrieved from /home/airflow/.local/lib/python3.12/site-packages/airflow/example_dags/example_trigger_controller_dag.py
[2026-05-28T07:51:31.751+0000] {logging_mixin.py:190} INFO - [2026-05-28T07:51:31.750+0000] {dag.py:3239} INFO - Sync 1 DAGs
[2026-05-28T07:51:31.797+0000] {logging_mixin.py:190} INFO - [2026-05-28T07:51:31.797+0000] {dag.py:4180} INFO - Setting next_dagrun for example_trigger_controller_dag to 2021-01-01 00:00:00+00:00, run_after=2021-01-01 00:00:00+00:00
[2026-05-28T07:51:31.841+0000] {processor.py:208} INFO - Processing /home/airflow/.local/lib/python3.12/site-packages/airflow/example_dags/example_trigger_controller_dag.py took 0.186 seconds
[2026-05-28T07:52:11.039+0000] {processor.py:186} INFO - Started process (PID=1860) to work on /home/airflow/.local/lib/python3.12/site-packages/airflow/example_dags/example_trigger_controller_dag.py
[2026-05-28T07:52:11.041+0000] {processor.py:914} INFO - Processing file /home/airflow/.local/lib/python3.12/site-packages/airflow/example_dags/example_trigger_controller_dag.py for tasks to queue
[2026-05-28T07:52:11.046+0000] {logging_mixin.py:190} INFO - [2026-05-28T07:52:11.045+0000] {dagbag.py:588} INFO - Filling up the DagBag from /home/airflow/.local/lib/python3.12/site-packages/airflow/example_dags/example_trigger_controller_dag.py
[2026-05-28T07:52:11.063+0000] {processor.py:925} INFO - DAG(s) 'example_trigger_controller_dag' retrieved from /home/airflow/.local/lib/python3.12/site-packages/airflow/example_dags/example_trigger_controller_dag.py
[2026-05-28T07:52:11.103+0000] {logging_mixin.py:190} INFO - [2026-05-28T07:52:11.103+0000] {dag.py:3239} INFO - Sync 1 DAGs
[2026-05-28T07:52:11.146+0000] {logging_mixin.py:190} INFO - [2026-05-28T07:52:11.146+0000] {dag.py:4180} INFO - Setting next_dagrun for example_trigger_controller_dag to 2021-01-01 00:00:00+00:00, run_after=2021-01-01 00:00:00+00:00
[2026-05-28T07:52:11.192+0000] {processor.py:208} INFO - Processing /home/airflow/.local/lib/python3.12/site-packages/airflow/example_dags/example_trigger_controller_dag.py took 0.165 seconds
[2026-05-28T07:52:54.610+0000] {processor.py:186} INFO - Started process (PID=1941) to work on /home/airflow/.local/lib/python3.12/site-packages/airflow/example_dags/example_trigger_controller_dag.py
[2026-05-28T07:52:54.612+0000] {processor.py:914} INFO - Processing file /home/airflow/.local/lib/python3.12/site-packages/airflow/example_dags/example_trigger_controller_dag.py for tasks to queue
[2026-05-28T07:52:54.618+0000] {logging_mixin.py:190} INFO - [2026-05-28T07:52:54.617+0000] {dagbag.py:588} INFO - Filling up the DagBag from /home/airflow/.local/lib/python3.12/site-packages/airflow/example_dags/example_trigger_controller_dag.py
[2026-05-28T07:52:54.628+0000] {processor.py:925} INFO - DAG(s) 'example_trigger_controller_dag' retrieved from /home/airflow/.local/lib/python3.12/site-packages/airflow/example_dags/example_trigger_controller_dag.py
[2026-05-28T07:52:54.667+0000] {logging_mixin.py:190} INFO - [2026-05-28T07:52:54.667+0000] {dag.py:3239} INFO - Sync 1 DAGs
[2026-05-28T07:52:54.702+0000] {logging_mixin.py:190} INFO - [2026-05-28T07:52:54.702+0000] {dag.py:4180} INFO - Setting next_dagrun for example_trigger_controller_dag to 2021-01-01 00:00:00+00:00, run_after=2021-01-01 00:00:00+00:00
[2026-05-28T07:52:54.746+0000] {processor.py:208} INFO - Processing /home/airflow/.local/lib/python3.12/site-packages/airflow/example_dags/example_trigger_controller_dag.py took 0.147 seconds
[2026-05-28T07:53:30.920+0000] {processor.py:186} INFO - Started process (PID=2008) to work on /home/airflow/.local/lib/python3.12/site-packages/airflow/example_dags/example_trigger_controller_dag.py
[2026-05-28T07:53:30.923+0000] {processor.py:914} INFO - Processing file /home/airflow/.local/lib/python3.12/site-packages/airflow/example_dags/example_trigger_controller_dag.py for tasks to queue
[2026-05-28T07:53:30.930+0000] {logging_mixin.py:190} INFO - [2026-05-28T07:53:30.929+0000] {dagbag.py:588} INFO - Filling up the DagBag from /home/airflow/.local/lib/python3.12/site-packages/airflow/example_dags/example_trigger_controller_dag.py
[2026-05-28T07:53:30.959+0000] {processor.py:925} INFO - DAG(s) 'example_trigger_controller_dag' retrieved from /home/airflow/.local/lib/python3.12/site-packages/airflow/example_dags/example_trigger_controller_dag.py
[2026-05-28T07:53:31.038+0000] {logging_mixin.py:190} INFO - [2026-05-28T07:53:31.038+0000] {dag.py:3239} INFO - Sync 1 DAGs
[2026-05-28T07:53:31.077+0000] {logging_mixin.py:190} INFO - [2026-05-28T07:53:31.077+0000] {dag.py:4180} INFO - Setting next_dagrun for example_trigger_controller_dag to 2021-01-01 00:00:00+00:00, run_after=2021-01-01 00:00:00+00:00
[2026-05-28T07:53:31.117+0000] {processor.py:208} INFO - Processing /home/airflow/.local/lib/python3.12/site-packages/airflow/example_dags/example_trigger_controller_dag.py took 0.209 seconds
[2026-05-28T07:54:03.729+0000] {processor.py:186} INFO - Started process (PID=2070) to work on /home/airflow/.local/lib/python3.12/site-packages/airflow/example_dags/example_trigger_controller_dag.py
[2026-05-28T07:54:03.731+0000] {processor.py:914} INFO - Processing file /home/airflow/.local/lib/python3.12/site-packages/airflow/example_dags/example_trigger_controller_dag.py for tasks to queue
[2026-05-28T07:54:03.737+0000] {logging_mixin.py:190} INFO - [2026-05-28T07:54:03.736+0000] {dagbag.py:588} INFO - Filling up the DagBag from /home/airflow/.local/lib/python3.12/site-packages/airflow/example_dags/example_trigger_controller_dag.py
[2026-05-28T07:54:03.750+0000] {processor.py:925} INFO - DAG(s) 'example_trigger_controller_dag' retrieved from /home/airflow/.local/lib/python3.12/site-packages/airflow/example_dags/example_trigger_controller_dag.py
[2026-05-28T07:54:03.789+0000] {logging_mixin.py:190} INFO - [2026-05-28T07:54:03.788+0000] {dag.py:3239} INFO - Sync 1 DAGs
[2026-05-28T07:54:03.821+0000] {logging_mixin.py:190} INFO - [2026-05-28T07:54:03.820+0000] {dag.py:4180} INFO - Setting next_dagrun for example_trigger_controller_dag to 2021-01-01 00:00:00+00:00, run_after=2021-01-01 00:00:00+00:00
[2026-05-28T07:54:03.861+0000] {processor.py:208} INFO - Processing /home/airflow/.local/lib/python3.12/site-packages/airflow/example_dags/example_trigger_controller_dag.py took 0.139 seconds
[2026-05-28T07:54:38.251+0000] {processor.py:186} INFO - Started process (PID=2135) to work on /home/airflow/.local/lib/python3.12/site-packages/airflow/example_dags/example_trigger_controller_dag.py
[2026-05-28T07:54:38.253+0000] {processor.py:914} INFO - Processing file /home/airflow/.local/lib/python3.12/site-packages/airflow/example_dags/example_trigger_controller_dag.py for tasks to queue
[2026-05-28T07:54:38.258+0000] {logging_mixin.py:190} INFO - [2026-05-28T07:54:38.258+0000] {dagbag.py:588} INFO - Filling up the DagBag from /home/airflow/.local/lib/python3.12/site-packages/airflow/example_dags/example_trigger_controller_dag.py
[2026-05-28T07:54:38.270+0000] {processor.py:925} INFO - DAG(s) 'example_trigger_controller_dag' retrieved from /home/airflow/.local/lib/python3.12/site-packages/airflow/example_dags/example_trigger_controller_dag.py
[2026-05-28T07:54:38.308+0000] {logging_mixin.py:190} INFO - [2026-05-28T07:54:38.308+0000] {dag.py:3239} INFO - Sync 1 DAGs
[2026-05-28T07:54:38.349+0000] {logging_mixin.py:190} INFO - [2026-05-28T07:54:38.348+0000] {dag.py:4180} INFO - Setting next_dagrun for example_trigger_controller_dag to 2021-01-01 00:00:00+00:00, run_after=2021-01-01 00:00:00+00:00
[2026-05-28T07:54:38.391+0000] {processor.py:208} INFO - Processing /home/airflow/.local/lib/python3.12/site-packages/airflow/example_dags/example_trigger_controller_dag.py took 0.150 seconds
[2026-05-28T07:55:10.518+0000] {processor.py:186} INFO - Started process (PID=2199) to work on /home/airflow/.local/lib/python3.12/site-packages/airflow/example_dags/example_trigger_controller_dag.py
[2026-05-28T07:55:10.520+0000] {processor.py:914} INFO - Processing file /home/airflow/.local/lib/python3.12/site-packages/airflow/example_dags/example_trigger_controller_dag.py for tasks to queue
[2026-05-28T07:55:10.524+0000] {logging_mixin.py:190} INFO - [2026-05-28T07:55:10.523+0000] {dagbag.py:588} INFO - Filling up the DagBag from /home/airflow/.local/lib/python3.12/site-packages/airflow/example_dags/example_trigger_controller_dag.py
[2026-05-28T07:55:10.538+0000] {processor.py:925} INFO - DAG(s) 'example_trigger_controller_dag' retrieved from /home/airflow/.local/lib/python3.12/site-packages/airflow/example_dags/example_trigger_controller_dag.py
[2026-05-28T07:55:10.584+0000] {logging_mixin.py:190} INFO - [2026-05-28T07:55:10.584+0000] {dag.py:3239} INFO - Sync 1 DAGs
[2026-05-28T07:55:10.639+0000] {logging_mixin.py:190} INFO - [2026-05-28T07:55:10.638+0000] {dag.py:4180} INFO - Setting next_dagrun for example_trigger_controller_dag to 2021-01-01 00:00:00+00:00, run_after=2021-01-01 00:00:00+00:00
[2026-05-28T07:55:10.681+0000] {processor.py:208} INFO - Processing /home/airflow/.local/lib/python3.12/site-packages/airflow/example_dags/example_trigger_controller_dag.py took 0.171 seconds
[2026-05-28T07:55:44.864+0000] {processor.py:186} INFO - Started process (PID=2261) to work on /home/airflow/.local/lib/python3.12/site-packages/airflow/example_dags/example_trigger_controller_dag.py
[2026-05-28T07:55:44.867+0000] {processor.py:914} INFO - Processing file /home/airflow/.local/lib/python3.12/site-packages/airflow/example_dags/example_trigger_controller_dag.py for tasks to queue
[2026-05-28T07:55:44.872+0000] {logging_mixin.py:190} INFO - [2026-05-28T07:55:44.871+0000] {dagbag.py:588} INFO - Filling up the DagBag from /home/airflow/.local/lib/python3.12/site-packages/airflow/example_dags/example_trigger_controller_dag.py
[2026-05-28T07:55:44.887+0000] {processor.py:925} INFO - DAG(s) 'example_trigger_controller_dag' retrieved from /home/airflow/.local/lib/python3.12/site-packages/airflow/example_dags/example_trigger_controller_dag.py
[2026-05-28T07:55:44.934+0000] {logging_mixin.py:190} INFO - [2026-05-28T07:55:44.933+0000] {dag.py:3239} INFO - Sync 1 DAGs
[2026-05-28T07:55:44.976+0000] {logging_mixin.py:190} INFO - [2026-05-28T07:55:44.975+0000] {dag.py:4180} INFO - Setting next_dagrun for example_trigger_controller_dag to 2021-01-01 00:00:00+00:00, run_after=2021-01-01 00:00:00+00:00
[2026-05-28T07:55:45.018+0000] {processor.py:208} INFO - Processing /home/airflow/.local/lib/python3.12/site-packages/airflow/example_dags/example_trigger_controller_dag.py took 0.164 seconds
[2026-05-28T07:56:25.530+0000] {processor.py:186} INFO - Started process (PID=2330) to work on /home/airflow/.local/lib/python3.12/site-packages/airflow/example_dags/example_trigger_controller_dag.py
[2026-05-28T07:56:25.532+0000] {processor.py:914} INFO - Processing file /home/airflow/.local/lib/python3.12/site-packages/airflow/example_dags/example_trigger_controller_dag.py for tasks to queue
[2026-05-28T07:56:25.538+0000] {logging_mixin.py:190} INFO - [2026-05-28T07:56:25.538+0000] {dagbag.py:588} INFO - Filling up the DagBag from /home/airflow/.local/lib/python3.12/site-packages/airflow/example_dags/example_trigger_controller_dag.py
[2026-05-28T07:56:25.552+0000] {processor.py:925} INFO - DAG(s) 'example_trigger_controller_dag' retrieved from /home/airflow/.local/lib/python3.12/site-packages/airflow/example_dags/example_trigger_controller_dag.py
[2026-05-28T07:56:25.594+0000] {logging_mixin.py:190} INFO - [2026-05-28T07:56:25.594+0000] {dag.py:3239} INFO - Sync 1 DAGs
[2026-05-28T07:56:25.636+0000] {logging_mixin.py:190} INFO - [2026-05-28T07:56:25.636+0000] {dag.py:4180} INFO - Setting next_dagrun for example_trigger_controller_dag to 2021-01-01 00:00:00+00:00, run_after=2021-01-01 00:00:00+00:00
[2026-05-28T07:56:25.837+0000] {processor.py:208} INFO - Processing /home/airflow/.local/lib/python3.12/site-packages/airflow/example_dags/example_trigger_controller_dag.py took 0.328 seconds
[2026-05-28T07:57:03.492+0000] {processor.py:186} INFO - Started process (PID=2393) to work on /home/airflow/.local/lib/python3.12/site-packages/airflow/example_dags/example_trigger_controller_dag.py
[2026-05-28T07:57:03.495+0000] {processor.py:914} INFO - Processing file /home/airflow/.local/lib/python3.12/site-packages/airflow/example_dags/example_trigger_controller_dag.py for tasks to queue
[2026-05-28T07:57:03.502+0000] {logging_mixin.py:190} INFO - [2026-05-28T07:57:03.501+0000] {dagbag.py:588} INFO - Filling up the DagBag from /home/airflow/.local/lib/python3.12/site-packages/airflow/example_dags/example_trigger_controller_dag.py
[2026-05-28T07:57:03.516+0000] {processor.py:925} INFO - DAG(s) 'example_trigger_controller_dag' retrieved from /home/airflow/.local/lib/python3.12/site-packages/airflow/example_dags/example_trigger_controller_dag.py
[2026-05-28T07:57:03.558+0000] {logging_mixin.py:190} INFO - [2026-05-28T07:57:03.558+0000] {dag.py:3239} INFO - Sync 1 DAGs
[2026-05-28T07:57:03.597+0000] {logging_mixin.py:190} INFO - [2026-05-28T07:57:03.596+0000] {dag.py:4180} INFO - Setting next_dagrun for example_trigger_controller_dag to 2021-01-01 00:00:00+00:00, run_after=2021-01-01 00:00:00+00:00
[2026-05-28T07:57:03.638+0000] {processor.py:208} INFO - Processing /home/airflow/.local/lib/python3.12/site-packages/airflow/example_dags/example_trigger_controller_dag.py took 0.157 seconds
[2026-05-28T07:57:34.107+0000] {processor.py:186} INFO - Started process (PID=2455) to work on /home/airflow/.local/lib/python3.12/site-packages/airflow/example_dags/example_trigger_controller_dag.py
[2026-05-28T07:57:34.108+0000] {processor.py:914} INFO - Processing file /home/airflow/.local/lib/python3.12/site-packages/airflow/example_dags/example_trigger_controller_dag.py for tasks to queue
[2026-05-28T07:57:34.114+0000] {logging_mixin.py:190} INFO - [2026-05-28T07:57:34.113+0000] {dagbag.py:588} INFO - Filling up the DagBag from /home/airflow/.local/lib/python3.12/site-packages/airflow/example_dags/example_trigger_controller_dag.py
[2026-05-28T07:57:34.123+0000] {processor.py:925} INFO - DAG(s) 'example_trigger_controller_dag' retrieved from /home/airflow/.local/lib/python3.12/site-packages/airflow/example_dags/example_trigger_controller_dag.py
[2026-05-28T07:57:34.164+0000] {logging_mixin.py:190} INFO - [2026-05-28T07:57:34.163+0000] {dag.py:3239} INFO - Sync 1 DAGs
[2026-05-28T07:57:34.210+0000] {logging_mixin.py:190} INFO - [2026-05-28T07:57:34.210+0000] {dag.py:4180} INFO - Setting next_dagrun for example_trigger_controller_dag to 2021-01-01 00:00:00+00:00, run_after=2021-01-01 00:00:00+00:00
[2026-05-28T07:57:34.246+0000] {processor.py:208} INFO - Processing /home/airflow/.local/lib/python3.12/site-packages/airflow/example_dags/example_trigger_controller_dag.py took 0.149 seconds
[2026-05-28T07:58:09.849+0000] {processor.py:186} INFO - Started process (PID=2520) to work on /home/airflow/.local/lib/python3.12/site-packages/airflow/example_dags/example_trigger_controller_dag.py
[2026-05-28T07:58:09.852+0000] {processor.py:914} INFO - Processing file /home/airflow/.local/lib/python3.12/site-packages/airflow/example_dags/example_trigger_controller_dag.py for tasks to queue
[2026-05-28T07:58:09.856+0000] {logging_mixin.py:190} INFO - [2026-05-28T07:58:09.856+0000] {dagbag.py:588} INFO - Filling up the DagBag from /home/airflow/.local/lib/python3.12/site-packages/airflow/example_dags/example_trigger_controller_dag.py
[2026-05-28T07:58:09.867+0000] {processor.py:925} INFO - DAG(s) 'example_trigger_controller_dag' retrieved from /home/airflow/.local/lib/python3.12/site-packages/airflow/example_dags/example_trigger_controller_dag.py
[2026-05-28T07:58:09.906+0000] {logging_mixin.py:190} INFO - [2026-05-28T07:58:09.906+0000] {dag.py:3239} INFO - Sync 1 DAGs
[2026-05-28T07:58:09.945+0000] {logging_mixin.py:190} INFO - [2026-05-28T07:58:09.944+0000] {dag.py:4180} INFO - Setting next_dagrun for example_trigger_controller_dag to 2021-01-01 00:00:00+00:00, run_after=2021-01-01 00:00:00+00:00
[2026-05-28T07:58:09.976+0000] {processor.py:208} INFO - Processing /home/airflow/.local/lib/python3.12/site-packages/airflow/example_dags/example_trigger_controller_dag.py took 0.137 seconds
[2026-05-28T07:58:49.540+0000] {processor.py:186} INFO - Started process (PID=2583) to work on /home/airflow/.local/lib/python3.12/site-packages/airflow/example_dags/example_trigger_controller_dag.py
[2026-05-28T07:58:49.542+0000] {processor.py:914} INFO - Processing file /home/airflow/.local/lib/python3.12/site-packages/airflow/example_dags/example_trigger_controller_dag.py for tasks to queue
[2026-05-28T07:58:49.549+0000] {logging_mixin.py:190} INFO - [2026-05-28T07:58:49.549+0000] {dagbag.py:588} INFO - Filling up the DagBag from /home/airflow/.local/lib/python3.12/site-packages/airflow/example_dags/example_trigger_controller_dag.py
[2026-05-28T07:58:49.563+0000] {processor.py:925} INFO - DAG(s) 'example_trigger_controller_dag' retrieved from /home/airflow/.local/lib/python3.12/site-packages/airflow/example_dags/example_trigger_controller_dag.py
[2026-05-28T07:58:49.638+0000] {logging_mixin.py:190} INFO - [2026-05-28T07:58:49.637+0000] {dag.py:3239} INFO - Sync 1 DAGs
[2026-05-28T07:58:49.707+0000] {logging_mixin.py:190} INFO - [2026-05-28T07:58:49.706+0000] {dag.py:4180} INFO - Setting next_dagrun for example_trigger_controller_dag to 2021-01-01 00:00:00+00:00, run_after=2021-01-01 00:00:00+00:00
[2026-05-28T07:58:49.814+0000] {processor.py:208} INFO - Processing /home/airflow/.local/lib/python3.12/site-packages/airflow/example_dags/example_trigger_controller_dag.py took 0.288 seconds
[2026-05-28T07:59:23.899+0000] {processor.py:186} INFO - Started process (PID=2652) to work on /home/airflow/.local/lib/python3.12/site-packages/airflow/example_dags/example_trigger_controller_dag.py
[2026-05-28T07:59:23.901+0000] {processor.py:914} INFO - Processing file /home/airflow/.local/lib/python3.12/site-packages/airflow/example_dags/example_trigger_controller_dag.py for tasks to queue
[2026-05-28T07:59:23.907+0000] {logging_mixin.py:190} INFO - [2026-05-28T07:59:23.906+0000] {dagbag.py:588} INFO - Filling up the DagBag from /home/airflow/.local/lib/python3.12/site-packages/airflow/example_dags/example_trigger_controller_dag.py
[2026-05-28T07:59:23.919+0000] {processor.py:925} INFO - DAG(s) 'example_trigger_controller_dag' retrieved from /home/airflow/.local/lib/python3.12/site-packages/airflow/example_dags/example_trigger_controller_dag.py
[2026-05-28T07:59:23.960+0000] {logging_mixin.py:190} INFO - [2026-05-28T07:59:23.959+0000] {dag.py:3239} INFO - Sync 1 DAGs
[2026-05-28T07:59:24.021+0000] {logging_mixin.py:190} INFO - [2026-05-28T07:59:24.020+0000] {dag.py:4180} INFO - Setting next_dagrun for example_trigger_controller_dag to 2021-01-01 00:00:00+00:00, run_after=2021-01-01 00:00:00+00:00
[2026-05-28T07:59:24.067+0000] {processor.py:208} INFO - Processing /home/airflow/.local/lib/python3.12/site-packages/airflow/example_dags/example_trigger_controller_dag.py took 0.180 seconds
[2026-05-28T07:59:54.190+0000] {processor.py:186} INFO - Started process (PID=2714) to work on /home/airflow/.local/lib/python3.12/site-packages/airflow/example_dags/example_trigger_controller_dag.py
[2026-05-28T07:59:54.193+0000] {processor.py:914} INFO - Processing file /home/airflow/.local/lib/python3.12/site-packages/airflow/example_dags/example_trigger_controller_dag.py for tasks to queue
[2026-05-28T07:59:54.198+0000] {logging_mixin.py:190} INFO - [2026-05-28T07:59:54.197+0000] {dagbag.py:588} INFO - Filling up the DagBag from /home/airflow/.local/lib/python3.12/site-packages/airflow/example_dags/example_trigger_controller_dag.py
[2026-05-28T07:59:54.212+0000] {processor.py:925} INFO - DAG(s) 'example_trigger_controller_dag' retrieved from /home/airflow/.local/lib/python3.12/site-packages/airflow/example_dags/example_trigger_controller_dag.py
[2026-05-28T07:59:54.258+0000] {logging_mixin.py:190} INFO - [2026-05-28T07:59:54.257+0000] {dag.py:3239} INFO - Sync 1 DAGs
[2026-05-28T07:59:54.301+0000] {logging_mixin.py:190} INFO - [2026-05-28T07:59:54.300+0000] {dag.py:4180} INFO - Setting next_dagrun for example_trigger_controller_dag to 2021-01-01 00:00:00+00:00, run_after=2021-01-01 00:00:00+00:00
[2026-05-28T07:59:54.348+0000] {processor.py:208} INFO - Processing /home/airflow/.local/lib/python3.12/site-packages/airflow/example_dags/example_trigger_controller_dag.py took 0.170 seconds
[2026-05-28T08:00:24.539+0000] {processor.py:186} INFO - Started process (PID=2777) to work on /home/airflow/.local/lib/python3.12/site-packages/airflow/example_dags/example_trigger_controller_dag.py
[2026-05-28T08:00:24.540+0000] {processor.py:914} INFO - Processing file /home/airflow/.local/lib/python3.12/site-packages/airflow/example_dags/example_trigger_controller_dag.py for tasks to queue
[2026-05-28T08:00:24.546+0000] {logging_mixin.py:190} INFO - [2026-05-28T08:00:24.545+0000] {dagbag.py:588} INFO - Filling up the DagBag from /home/airflow/.local/lib/python3.12/site-packages/airflow/example_dags/example_trigger_controller_dag.py
[2026-05-28T08:00:24.560+0000] {processor.py:925} INFO - DAG(s) 'example_trigger_controller_dag' retrieved from /home/airflow/.local/lib/python3.12/site-packages/airflow/example_dags/example_trigger_controller_dag.py
[2026-05-28T08:00:24.606+0000] {logging_mixin.py:190} INFO - [2026-05-28T08:00:24.606+0000] {dag.py:3239} INFO - Sync 1 DAGs
[2026-05-28T08:00:24.648+0000] {logging_mixin.py:190} INFO - [2026-05-28T08:00:24.647+0000] {dag.py:4180} INFO - Setting next_dagrun for example_trigger_controller_dag to 2021-01-01 00:00:00+00:00, run_after=2021-01-01 00:00:00+00:00
[2026-05-28T08:00:24.690+0000] {processor.py:208} INFO - Processing /home/airflow/.local/lib/python3.12/site-packages/airflow/example_dags/example_trigger_controller_dag.py took 0.163 seconds
[2026-05-28T08:00:58.635+0000] {processor.py:186} INFO - Started process (PID=2844) to work on /home/airflow/.local/lib/python3.12/site-packages/airflow/example_dags/example_trigger_controller_dag.py
[2026-05-28T08:00:58.637+0000] {processor.py:914} INFO - Processing file /home/airflow/.local/lib/python3.12/site-packages/airflow/example_dags/example_trigger_controller_dag.py for tasks to queue
[2026-05-28T08:00:58.644+0000] {logging_mixin.py:190} INFO - [2026-05-28T08:00:58.643+0000] {dagbag.py:588} INFO - Filling up the DagBag from /home/airflow/.local/lib/python3.12/site-packages/airflow/example_dags/example_trigger_controller_dag.py
[2026-05-28T08:00:58.656+0000] {processor.py:925} INFO - DAG(s) 'example_trigger_controller_dag' retrieved from /home/airflow/.local/lib/python3.12/site-packages/airflow/example_dags/example_trigger_controller_dag.py
[2026-05-28T08:00:58.704+0000] {logging_mixin.py:190} INFO - [2026-05-28T08:00:58.703+0000] {dag.py:3239} INFO - Sync 1 DAGs
[2026-05-28T08:00:58.747+0000] {logging_mixin.py:190} INFO - [2026-05-28T08:00:58.747+0000] {dag.py:4180} INFO - Setting next_dagrun for example_trigger_controller_dag to 2021-01-01 00:00:00+00:00, run_after=2021-01-01 00:00:00+00:00
[2026-05-28T08:00:58.782+0000] {processor.py:208} INFO - Processing /home/airflow/.local/lib/python3.12/site-packages/airflow/example_dags/example_trigger_controller_dag.py took 0.159 seconds
[2026-05-28T08:01:34.814+0000] {processor.py:186} INFO - Started process (PID=2910) to work on /home/airflow/.local/lib/python3.12/site-packages/airflow/example_dags/example_trigger_controller_dag.py
[2026-05-28T08:01:34.816+0000] {processor.py:914} INFO - Processing file /home/airflow/.local/lib/python3.12/site-packages/airflow/example_dags/example_trigger_controller_dag.py for tasks to queue
[2026-05-28T08:01:34.822+0000] {logging_mixin.py:190} INFO - [2026-05-28T08:01:34.821+0000] {dagbag.py:588} INFO - Filling up the DagBag from /home/airflow/.local/lib/python3.12/site-packages/airflow/example_dags/example_trigger_controller_dag.py
[2026-05-28T08:01:34.835+0000] {processor.py:925} INFO - DAG(s) 'example_trigger_controller_dag' retrieved from /home/airflow/.local/lib/python3.12/site-packages/airflow/example_dags/example_trigger_controller_dag.py
[2026-05-28T08:01:34.882+0000] {logging_mixin.py:190} INFO - [2026-05-28T08:01:34.882+0000] {dag.py:3239} INFO - Sync 1 DAGs
[2026-05-28T08:01:34.926+0000] {logging_mixin.py:190} INFO - [2026-05-28T08:01:34.926+0000] {dag.py:4180} INFO - Setting next_dagrun for example_trigger_controller_dag to 2021-01-01 00:00:00+00:00, run_after=2021-01-01 00:00:00+00:00
[2026-05-28T08:01:34.974+0000] {processor.py:208} INFO - Processing /home/airflow/.local/lib/python3.12/site-packages/airflow/example_dags/example_trigger_controller_dag.py took 0.170 seconds
[2026-05-28T08:02:08.175+0000] {processor.py:186} INFO - Started process (PID=2972) to work on /home/airflow/.local/lib/python3.12/site-packages/airflow/example_dags/example_trigger_controller_dag.py
[2026-05-28T08:02:08.178+0000] {processor.py:914} INFO - Processing file /home/airflow/.local/lib/python3.12/site-packages/airflow/example_dags/example_trigger_controller_dag.py for tasks to queue
[2026-05-28T08:02:08.184+0000] {logging_mixin.py:190} INFO - [2026-05-28T08:02:08.184+0000] {dagbag.py:588} INFO - Filling up the DagBag from /home/airflow/.local/lib/python3.12/site-packages/airflow/example_dags/example_trigger_controller_dag.py
[2026-05-28T08:02:08.197+0000] {processor.py:925} INFO - DAG(s) 'example_trigger_controller_dag' retrieved from /home/airflow/.local/lib/python3.12/site-packages/airflow/example_dags/example_trigger_controller_dag.py
[2026-05-28T08:02:08.240+0000] {logging_mixin.py:190} INFO - [2026-05-28T08:02:08.240+0000] {dag.py:3239} INFO - Sync 1 DAGs
[2026-05-28T08:02:08.280+0000] {logging_mixin.py:190} INFO - [2026-05-28T08:02:08.280+0000] {dag.py:4180} INFO - Setting next_dagrun for example_trigger_controller_dag to 2021-01-01 00:00:00+00:00, run_after=2021-01-01 00:00:00+00:00
[2026-05-28T08:02:08.326+0000] {processor.py:208} INFO - Processing /home/airflow/.local/lib/python3.12/site-packages/airflow/example_dags/example_trigger_controller_dag.py took 0.161 seconds
[2026-05-28T08:02:39.493+0000] {processor.py:186} INFO - Started process (PID=3035) to work on /home/airflow/.local/lib/python3.12/site-packages/airflow/example_dags/example_trigger_controller_dag.py
[2026-05-28T08:02:39.495+0000] {processor.py:914} INFO - Processing file /home/airflow/.local/lib/python3.12/site-packages/airflow/example_dags/example_trigger_controller_dag.py for tasks to queue
[2026-05-28T08:02:39.501+0000] {logging_mixin.py:190} INFO - [2026-05-28T08:02:39.501+0000] {dagbag.py:588} INFO - Filling up the DagBag from /home/airflow/.local/lib/python3.12/site-packages/airflow/example_dags/example_trigger_controller_dag.py
[2026-05-28T08:02:39.515+0000] {processor.py:925} INFO - DAG(s) 'example_trigger_controller_dag' retrieved from /home/airflow/.local/lib/python3.12/site-packages/airflow/example_dags/example_trigger_controller_dag.py
[2026-05-28T08:02:39.557+0000] {logging_mixin.py:190} INFO - [2026-05-28T08:02:39.557+0000] {dag.py:3239} INFO - Sync 1 DAGs
[2026-05-28T08:02:39.597+0000] {logging_mixin.py:190} INFO - [2026-05-28T08:02:39.596+0000] {dag.py:4180} INFO - Setting next_dagrun for example_trigger_controller_dag to 2021-01-01 00:00:00+00:00, run_after=2021-01-01 00:00:00+00:00
[2026-05-28T08:02:39.632+0000] {processor.py:208} INFO - Processing /home/airflow/.local/lib/python3.12/site-packages/airflow/example_dags/example_trigger_controller_dag.py took 0.148 seconds
[2026-05-28T08:03:10.433+0000] {processor.py:186} INFO - Started process (PID=3097) to work on /home/airflow/.local/lib/python3.12/site-packages/airflow/example_dags/example_trigger_controller_dag.py
[2026-05-28T08:03:10.435+0000] {processor.py:914} INFO - Processing file /home/airflow/.local/lib/python3.12/site-packages/airflow/example_dags/example_trigger_controller_dag.py for tasks to queue
[2026-05-28T08:03:10.440+0000] {logging_mixin.py:190} INFO - [2026-05-28T08:03:10.439+0000] {dagbag.py:588} INFO - Filling up the DagBag from /home/airflow/.local/lib/python3.12/site-packages/airflow/example_dags/example_trigger_controller_dag.py
[2026-05-28T08:03:10.449+0000] {processor.py:925} INFO - DAG(s) 'example_trigger_controller_dag' retrieved from /home/airflow/.local/lib/python3.12/site-packages/airflow/example_dags/example_trigger_controller_dag.py
[2026-05-28T08:03:10.483+0000] {logging_mixin.py:190} INFO - [2026-05-28T08:03:10.483+0000] {dag.py:3239} INFO - Sync 1 DAGs
[2026-05-28T08:03:10.513+0000] {logging_mixin.py:190} INFO - [2026-05-28T08:03:10.513+0000] {dag.py:4180} INFO - Setting next_dagrun for example_trigger_controller_dag to 2021-01-01 00:00:00+00:00, run_after=2021-01-01 00:00:00+00:00
[2026-05-28T08:03:10.554+0000] {processor.py:208} INFO - Processing /home/airflow/.local/lib/python3.12/site-packages/airflow/example_dags/example_trigger_controller_dag.py took 0.130 seconds
[2026-05-28T08:03:42.755+0000] {processor.py:186} INFO - Started process (PID=3150) to work on /home/airflow/.local/lib/python3.12/site-packages/airflow/example_dags/example_trigger_controller_dag.py
[2026-05-28T08:03:42.757+0000] {processor.py:914} INFO - Processing file /home/airflow/.local/lib/python3.12/site-packages/airflow/example_dags/example_trigger_controller_dag.py for tasks to queue
[2026-05-28T08:03:42.767+0000] {logging_mixin.py:190} INFO - [2026-05-28T08:03:42.766+0000] {dagbag.py:588} INFO - Filling up the DagBag from /home/airflow/.local/lib/python3.12/site-packages/airflow/example_dags/example_trigger_controller_dag.py
[2026-05-28T08:03:42.777+0000] {processor.py:925} INFO - DAG(s) 'example_trigger_controller_dag' retrieved from /home/airflow/.local/lib/python3.12/site-packages/airflow/example_dags/example_trigger_controller_dag.py
[2026-05-28T08:03:42.813+0000] {logging_mixin.py:190} INFO - [2026-05-28T08:03:42.813+0000] {dag.py:3239} INFO - Sync 1 DAGs
[2026-05-28T08:03:42.848+0000] {logging_mixin.py:190} INFO - [2026-05-28T08:03:42.847+0000] {dag.py:4180} INFO - Setting next_dagrun for example_trigger_controller_dag to 2021-01-01 00:00:00+00:00, run_after=2021-01-01 00:00:00+00:00
[2026-05-28T08:03:42.879+0000] {processor.py:208} INFO - Processing /home/airflow/.local/lib/python3.12/site-packages/airflow/example_dags/example_trigger_controller_dag.py took 0.133 seconds
[2026-05-28T08:04:20.968+0000] {processor.py:186} INFO - Started process (PID=3218) to work on /home/airflow/.local/lib/python3.12/site-packages/airflow/example_dags/example_trigger_controller_dag.py
[2026-05-28T08:04:20.970+0000] {processor.py:914} INFO - Processing file /home/airflow/.local/lib/python3.12/site-packages/airflow/example_dags/example_trigger_controller_dag.py for tasks to queue
[2026-05-28T08:04:20.975+0000] {logging_mixin.py:190} INFO - [2026-05-28T08:04:20.974+0000] {dagbag.py:588} INFO - Filling up the DagBag from /home/airflow/.local/lib/python3.12/site-packages/airflow/example_dags/example_trigger_controller_dag.py
[2026-05-28T08:04:21.002+0000] {processor.py:925} INFO - DAG(s) 'example_trigger_controller_dag' retrieved from /home/airflow/.local/lib/python3.12/site-packages/airflow/example_dags/example_trigger_controller_dag.py
[2026-05-28T08:04:21.062+0000] {logging_mixin.py:190} INFO - [2026-05-28T08:04:21.062+0000] {dag.py:3239} INFO - Sync 1 DAGs
[2026-05-28T08:04:21.132+0000] {logging_mixin.py:190} INFO - [2026-05-28T08:04:21.131+0000] {dag.py:4180} INFO - Setting next_dagrun for example_trigger_controller_dag to 2021-01-01 00:00:00+00:00, run_after=2021-01-01 00:00:00+00:00
[2026-05-28T08:04:21.203+0000] {processor.py:208} INFO - Processing /home/airflow/.local/lib/python3.12/site-packages/airflow/example_dags/example_trigger_controller_dag.py took 0.246 seconds
[2026-05-28T08:04:53.313+0000] {processor.py:186} INFO - Started process (PID=3281) to work on /home/airflow/.local/lib/python3.12/site-packages/airflow/example_dags/example_trigger_controller_dag.py
[2026-05-28T08:04:53.314+0000] {processor.py:914} INFO - Processing file /home/airflow/.local/lib/python3.12/site-packages/airflow/example_dags/example_trigger_controller_dag.py for tasks to queue
[2026-05-28T08:04:53.319+0000] {logging_mixin.py:190} INFO - [2026-05-28T08:04:53.319+0000] {dagbag.py:588} INFO - Filling up the DagBag from /home/airflow/.local/lib/python3.12/site-packages/airflow/example_dags/example_trigger_controller_dag.py
[2026-05-28T08:04:53.331+0000] {processor.py:925} INFO - DAG(s) 'example_trigger_controller_dag' retrieved from /home/airflow/.local/lib/python3.12/site-packages/airflow/example_dags/example_trigger_controller_dag.py
[2026-05-28T08:04:53.375+0000] {logging_mixin.py:190} INFO - [2026-05-28T08:04:53.374+0000] {dag.py:3239} INFO - Sync 1 DAGs
[2026-05-28T08:04:53.455+0000] {logging_mixin.py:190} INFO - [2026-05-28T08:04:53.454+0000] {dag.py:4180} INFO - Setting next_dagrun for example_trigger_controller_dag to 2021-01-01 00:00:00+00:00, run_after=2021-01-01 00:00:00+00:00
[2026-05-28T08:04:53.508+0000] {processor.py:208} INFO - Processing /home/airflow/.local/lib/python3.12/site-packages/airflow/example_dags/example_trigger_controller_dag.py took 0.205 seconds
[2026-05-28T08:08:46.560+0000] {processor.py:186} INFO - Started process (PID=3392) to work on /home/airflow/.local/lib/python3.12/site-packages/airflow/example_dags/example_trigger_controller_dag.py
[2026-05-28T08:08:46.607+0000] {processor.py:914} INFO - Processing file /home/airflow/.local/lib/python3.12/site-packages/airflow/example_dags/example_trigger_controller_dag.py for tasks to queue
[2026-05-28T08:08:46.710+0000] {logging_mixin.py:190} INFO - [2026-05-28T08:08:46.676+0000] {dagbag.py:588} INFO - Filling up the DagBag from /home/airflow/.local/lib/python3.12/site-packages/airflow/example_dags/example_trigger_controller_dag.py
[2026-05-28T08:08:46.926+0000] {processor.py:925} INFO - DAG(s) 'example_trigger_controller_dag' retrieved from /home/airflow/.local/lib/python3.12/site-packages/airflow/example_dags/example_trigger_controller_dag.py
[2026-05-28T08:08:47.407+0000] {logging_mixin.py:190} INFO - [2026-05-28T08:08:47.406+0000] {dag.py:3239} INFO - Sync 1 DAGs
[2026-05-28T08:08:47.789+0000] {logging_mixin.py:190} INFO - [2026-05-28T08:08:47.780+0000] {dag.py:4180} INFO - Setting next_dagrun for example_trigger_controller_dag to 2021-01-01 00:00:00+00:00, run_after=2021-01-01 00:00:00+00:00
[2026-05-28T08:08:48.226+0000] {processor.py:208} INFO - Processing /home/airflow/.local/lib/python3.12/site-packages/airflow/example_dags/example_trigger_controller_dag.py took 1.862 seconds
[2026-05-28T08:11:10.010+0000] {processor.py:186} INFO - Started process (PID=3503) to work on /home/airflow/.local/lib/python3.12/site-packages/airflow/example_dags/example_trigger_controller_dag.py
[2026-05-28T08:11:10.013+0000] {processor.py:914} INFO - Processing file /home/airflow/.local/lib/python3.12/site-packages/airflow/example_dags/example_trigger_controller_dag.py for tasks to queue
[2026-05-28T08:11:10.018+0000] {logging_mixin.py:190} INFO - [2026-05-28T08:11:10.017+0000] {dagbag.py:588} INFO - Filling up the DagBag from /home/airflow/.local/lib/python3.12/site-packages/airflow/example_dags/example_trigger_controller_dag.py
[2026-05-28T08:11:10.040+0000] {processor.py:925} INFO - DAG(s) 'example_trigger_controller_dag' retrieved from /home/airflow/.local/lib/python3.12/site-packages/airflow/example_dags/example_trigger_controller_dag.py
[2026-05-28T08:11:10.104+0000] {logging_mixin.py:190} INFO - [2026-05-28T08:11:10.103+0000] {dag.py:3239} INFO - Sync 1 DAGs
[2026-05-28T08:11:10.164+0000] {logging_mixin.py:190} INFO - [2026-05-28T08:11:10.163+0000] {dag.py:4180} INFO - Setting next_dagrun for example_trigger_controller_dag to 2021-01-01 00:00:00+00:00, run_after=2021-01-01 00:00:00+00:00
[2026-05-28T08:11:10.212+0000] {processor.py:208} INFO - Processing /home/airflow/.local/lib/python3.12/site-packages/airflow/example_dags/example_trigger_controller_dag.py took 0.219 seconds
[2026-05-28T08:12:06.048+0000] {processor.py:186} INFO - Started process (PID=3588) to work on /home/airflow/.local/lib/python3.12/site-packages/airflow/example_dags/example_trigger_controller_dag.py
[2026-05-28T08:12:06.052+0000] {processor.py:914} INFO - Processing file /home/airflow/.local/lib/python3.12/site-packages/airflow/example_dags/example_trigger_controller_dag.py for tasks to queue
[2026-05-28T08:12:06.064+0000] {logging_mixin.py:190} INFO - [2026-05-28T08:12:06.059+0000] {dagbag.py:588} INFO - Filling up the DagBag from /home/airflow/.local/lib/python3.12/site-packages/airflow/example_dags/example_trigger_controller_dag.py
[2026-05-28T08:12:06.096+0000] {processor.py:925} INFO - DAG(s) 'example_trigger_controller_dag' retrieved from /home/airflow/.local/lib/python3.12/site-packages/airflow/example_dags/example_trigger_controller_dag.py
[2026-05-28T08:12:06.199+0000] {logging_mixin.py:190} INFO - [2026-05-28T08:12:06.198+0000] {dag.py:3239} INFO - Sync 1 DAGs
[2026-05-28T08:12:06.272+0000] {logging_mixin.py:190} INFO - [2026-05-28T08:12:06.272+0000] {dag.py:4180} INFO - Setting next_dagrun for example_trigger_controller_dag to 2021-01-01 00:00:00+00:00, run_after=2021-01-01 00:00:00+00:00
[2026-05-28T08:12:06.317+0000] {processor.py:208} INFO - Processing /home/airflow/.local/lib/python3.12/site-packages/airflow/example_dags/example_trigger_controller_dag.py took 0.310 seconds
[2026-05-28T08:12:51.546+0000] {processor.py:186} INFO - Started process (PID=3650) to work on /home/airflow/.local/lib/python3.12/site-packages/airflow/example_dags/example_trigger_controller_dag.py
[2026-05-28T08:12:51.550+0000] {processor.py:914} INFO - Processing file /home/airflow/.local/lib/python3.12/site-packages/airflow/example_dags/example_trigger_controller_dag.py for tasks to queue
[2026-05-28T08:12:51.555+0000] {logging_mixin.py:190} INFO - [2026-05-28T08:12:51.553+0000] {dagbag.py:588} INFO - Filling up the DagBag from /home/airflow/.local/lib/python3.12/site-packages/airflow/example_dags/example_trigger_controller_dag.py
[2026-05-28T08:12:51.583+0000] {processor.py:925} INFO - DAG(s) 'example_trigger_controller_dag' retrieved from /home/airflow/.local/lib/python3.12/site-packages/airflow/example_dags/example_trigger_controller_dag.py
[2026-05-28T08:12:51.681+0000] {logging_mixin.py:190} INFO - [2026-05-28T08:12:51.680+0000] {dag.py:3239} INFO - Sync 1 DAGs
[2026-05-28T08:12:51.753+0000] {logging_mixin.py:190} INFO - [2026-05-28T08:12:51.752+0000] {dag.py:4180} INFO - Setting next_dagrun for example_trigger_controller_dag to 2021-01-01 00:00:00+00:00, run_after=2021-01-01 00:00:00+00:00
[2026-05-28T08:12:51.803+0000] {processor.py:208} INFO - Processing /home/airflow/.local/lib/python3.12/site-packages/airflow/example_dags/example_trigger_controller_dag.py took 0.278 seconds
[2026-05-28T08:13:40.655+0000] {processor.py:186} INFO - Started process (PID=3724) to work on /home/airflow/.local/lib/python3.12/site-packages/airflow/example_dags/example_trigger_controller_dag.py
[2026-05-28T08:13:40.658+0000] {processor.py:914} INFO - Processing file /home/airflow/.local/lib/python3.12/site-packages/airflow/example_dags/example_trigger_controller_dag.py for tasks to queue
[2026-05-28T08:13:40.660+0000] {logging_mixin.py:190} INFO - [2026-05-28T08:13:40.660+0000] {dagbag.py:588} INFO - Filling up the DagBag from /home/airflow/.local/lib/python3.12/site-packages/airflow/example_dags/example_trigger_controller_dag.py
[2026-05-28T08:13:40.676+0000] {processor.py:925} INFO - DAG(s) 'example_trigger_controller_dag' retrieved from /home/airflow/.local/lib/python3.12/site-packages/airflow/example_dags/example_trigger_controller_dag.py
[2026-05-28T08:13:40.736+0000] {logging_mixin.py:190} INFO - [2026-05-28T08:13:40.735+0000] {dag.py:3239} INFO - Sync 1 DAGs
[2026-05-28T08:13:40.789+0000] {logging_mixin.py:190} INFO - [2026-05-28T08:13:40.789+0000] {dag.py:4180} INFO - Setting next_dagrun for example_trigger_controller_dag to 2021-01-01 00:00:00+00:00, run_after=2021-01-01 00:00:00+00:00
[2026-05-28T08:13:40.836+0000] {processor.py:208} INFO - Processing /home/airflow/.local/lib/python3.12/site-packages/airflow/example_dags/example_trigger_controller_dag.py took 0.194 seconds
[2026-05-28T08:14:27.212+0000] {processor.py:186} INFO - Started process (PID=3795) to work on /home/airflow/.local/lib/python3.12/site-packages/airflow/example_dags/example_trigger_controller_dag.py
[2026-05-28T08:14:27.214+0000] {processor.py:914} INFO - Processing file /home/airflow/.local/lib/python3.12/site-packages/airflow/example_dags/example_trigger_controller_dag.py for tasks to queue
[2026-05-28T08:14:27.218+0000] {logging_mixin.py:190} INFO - [2026-05-28T08:14:27.217+0000] {dagbag.py:588} INFO - Filling up the DagBag from /home/airflow/.local/lib/python3.12/site-packages/airflow/example_dags/example_trigger_controller_dag.py
[2026-05-28T08:14:27.235+0000] {processor.py:925} INFO - DAG(s) 'example_trigger_controller_dag' retrieved from /home/airflow/.local/lib/python3.12/site-packages/airflow/example_dags/example_trigger_controller_dag.py
[2026-05-28T08:14:27.294+0000] {logging_mixin.py:190} INFO - [2026-05-28T08:14:27.294+0000] {dag.py:3239} INFO - Sync 1 DAGs
[2026-05-28T08:14:27.361+0000] {logging_mixin.py:190} INFO - [2026-05-28T08:14:27.361+0000] {dag.py:4180} INFO - Setting next_dagrun for example_trigger_controller_dag to 2021-01-01 00:00:00+00:00, run_after=2021-01-01 00:00:00+00:00
[2026-05-28T08:14:27.404+0000] {processor.py:208} INFO - Processing /home/airflow/.local/lib/python3.12/site-packages/airflow/example_dags/example_trigger_controller_dag.py took 0.209 seconds
[2026-05-28T08:15:13.585+0000] {processor.py:186} INFO - Started process (PID=3865) to work on /home/airflow/.local/lib/python3.12/site-packages/airflow/example_dags/example_trigger_controller_dag.py
[2026-05-28T08:15:13.587+0000] {processor.py:914} INFO - Processing file /home/airflow/.local/lib/python3.12/site-packages/airflow/example_dags/example_trigger_controller_dag.py for tasks to queue
[2026-05-28T08:15:13.590+0000] {logging_mixin.py:190} INFO - [2026-05-28T08:15:13.589+0000] {dagbag.py:588} INFO - Filling up the DagBag from /home/airflow/.local/lib/python3.12/site-packages/airflow/example_dags/example_trigger_controller_dag.py
[2026-05-28T08:15:13.608+0000] {processor.py:925} INFO - DAG(s) 'example_trigger_controller_dag' retrieved from /home/airflow/.local/lib/python3.12/site-packages/airflow/example_dags/example_trigger_controller_dag.py
[2026-05-28T08:15:13.665+0000] {logging_mixin.py:190} INFO - [2026-05-28T08:15:13.665+0000] {dag.py:3239} INFO - Sync 1 DAGs
[2026-05-28T08:15:13.714+0000] {logging_mixin.py:190} INFO - [2026-05-28T08:15:13.714+0000] {dag.py:4180} INFO - Setting next_dagrun for example_trigger_controller_dag to 2021-01-01 00:00:00+00:00, run_after=2021-01-01 00:00:00+00:00
[2026-05-28T08:15:13.761+0000] {processor.py:208} INFO - Processing /home/airflow/.local/lib/python3.12/site-packages/airflow/example_dags/example_trigger_controller_dag.py took 0.190 seconds
[2026-05-28T08:16:00.201+0000] {processor.py:186} INFO - Started process (PID=3933) to work on /home/airflow/.local/lib/python3.12/site-packages/airflow/example_dags/example_trigger_controller_dag.py
[2026-05-28T08:16:00.205+0000] {processor.py:914} INFO - Processing file /home/airflow/.local/lib/python3.12/site-packages/airflow/example_dags/example_trigger_controller_dag.py for tasks to queue
[2026-05-28T08:16:00.208+0000] {logging_mixin.py:190} INFO - [2026-05-28T08:16:00.208+0000] {dagbag.py:588} INFO - Filling up the DagBag from /home/airflow/.local/lib/python3.12/site-packages/airflow/example_dags/example_trigger_controller_dag.py
[2026-05-28T08:16:00.224+0000] {processor.py:925} INFO - DAG(s) 'example_trigger_controller_dag' retrieved from /home/airflow/.local/lib/python3.12/site-packages/airflow/example_dags/example_trigger_controller_dag.py
[2026-05-28T08:16:00.277+0000] {logging_mixin.py:190} INFO - [2026-05-28T08:16:00.277+0000] {dag.py:3239} INFO - Sync 1 DAGs
[2026-05-28T08:16:00.327+0000] {logging_mixin.py:190} INFO - [2026-05-28T08:16:00.326+0000] {dag.py:4180} INFO - Setting next_dagrun for example_trigger_controller_dag to 2021-01-01 00:00:00+00:00, run_after=2021-01-01 00:00:00+00:00
[2026-05-28T08:16:00.367+0000] {processor.py:208} INFO - Processing /home/airflow/.local/lib/python3.12/site-packages/airflow/example_dags/example_trigger_controller_dag.py took 0.179 seconds
[2026-05-28T08:16:58.923+0000] {processor.py:186} INFO - Started process (PID=4001) to work on /home/airflow/.local/lib/python3.12/site-packages/airflow/example_dags/example_trigger_controller_dag.py
[2026-05-28T08:16:58.927+0000] {processor.py:914} INFO - Processing file /home/airflow/.local/lib/python3.12/site-packages/airflow/example_dags/example_trigger_controller_dag.py for tasks to queue
[2026-05-28T08:16:58.930+0000] {logging_mixin.py:190} INFO - [2026-05-28T08:16:58.929+0000] {dagbag.py:588} INFO - Filling up the DagBag from /home/airflow/.local/lib/python3.12/site-packages/airflow/example_dags/example_trigger_controller_dag.py
[2026-05-28T08:16:58.949+0000] {processor.py:925} INFO - DAG(s) 'example_trigger_controller_dag' retrieved from /home/airflow/.local/lib/python3.12/site-packages/airflow/example_dags/example_trigger_controller_dag.py
[2026-05-28T08:16:59.013+0000] {logging_mixin.py:190} INFO - [2026-05-28T08:16:59.013+0000] {dag.py:3239} INFO - Sync 1 DAGs
[2026-05-28T08:16:59.070+0000] {logging_mixin.py:190} INFO - [2026-05-28T08:16:59.069+0000] {dag.py:4180} INFO - Setting next_dagrun for example_trigger_controller_dag to 2021-01-01 00:00:00+00:00, run_after=2021-01-01 00:00:00+00:00
[2026-05-28T08:16:59.116+0000] {processor.py:208} INFO - Processing /home/airflow/.local/lib/python3.12/site-packages/airflow/example_dags/example_trigger_controller_dag.py took 0.211 seconds
[2026-05-28T08:17:44.867+0000] {processor.py:186} INFO - Started process (PID=4068) to work on /home/airflow/.local/lib/python3.12/site-packages/airflow/example_dags/example_trigger_controller_dag.py
[2026-05-28T08:17:44.870+0000] {processor.py:914} INFO - Processing file /home/airflow/.local/lib/python3.12/site-packages/airflow/example_dags/example_trigger_controller_dag.py for tasks to queue
[2026-05-28T08:17:44.873+0000] {logging_mixin.py:190} INFO - [2026-05-28T08:17:44.872+0000] {dagbag.py:588} INFO - Filling up the DagBag from /home/airflow/.local/lib/python3.12/site-packages/airflow/example_dags/example_trigger_controller_dag.py
[2026-05-28T08:17:44.890+0000] {processor.py:925} INFO - DAG(s) 'example_trigger_controller_dag' retrieved from /home/airflow/.local/lib/python3.12/site-packages/airflow/example_dags/example_trigger_controller_dag.py
[2026-05-28T08:17:44.946+0000] {logging_mixin.py:190} INFO - [2026-05-28T08:17:44.946+0000] {dag.py:3239} INFO - Sync 1 DAGs
[2026-05-28T08:17:44.997+0000] {logging_mixin.py:190} INFO - [2026-05-28T08:17:44.996+0000] {dag.py:4180} INFO - Setting next_dagrun for example_trigger_controller_dag to 2021-01-01 00:00:00+00:00, run_after=2021-01-01 00:00:00+00:00
[2026-05-28T08:17:45.041+0000] {processor.py:208} INFO - Processing /home/airflow/.local/lib/python3.12/site-packages/airflow/example_dags/example_trigger_controller_dag.py took 0.189 seconds
[2026-05-28T08:18:29.211+0000] {processor.py:186} INFO - Started process (PID=4140) to work on /home/airflow/.local/lib/python3.12/site-packages/airflow/example_dags/example_trigger_controller_dag.py
[2026-05-28T08:18:29.214+0000] {processor.py:914} INFO - Processing file /home/airflow/.local/lib/python3.12/site-packages/airflow/example_dags/example_trigger_controller_dag.py for tasks to queue
[2026-05-28T08:18:29.218+0000] {logging_mixin.py:190} INFO - [2026-05-28T08:18:29.217+0000] {dagbag.py:588} INFO - Filling up the DagBag from /home/airflow/.local/lib/python3.12/site-packages/airflow/example_dags/example_trigger_controller_dag.py
[2026-05-28T08:18:29.238+0000] {processor.py:925} INFO - DAG(s) 'example_trigger_controller_dag' retrieved from /home/airflow/.local/lib/python3.12/site-packages/airflow/example_dags/example_trigger_controller_dag.py
[2026-05-28T08:18:29.298+0000] {logging_mixin.py:190} INFO - [2026-05-28T08:18:29.298+0000] {dag.py:3239} INFO - Sync 1 DAGs
[2026-05-28T08:18:29.366+0000] {logging_mixin.py:190} INFO - [2026-05-28T08:18:29.366+0000] {dag.py:4180} INFO - Setting next_dagrun for example_trigger_controller_dag to 2021-01-01 00:00:00+00:00, run_after=2021-01-01 00:00:00+00:00
[2026-05-28T08:18:29.407+0000] {processor.py:208} INFO - Processing /home/airflow/.local/lib/python3.12/site-packages/airflow/example_dags/example_trigger_controller_dag.py took 0.215 seconds
[2026-05-28T08:19:13.791+0000] {processor.py:186} INFO - Started process (PID=4212) to work on /home/airflow/.local/lib/python3.12/site-packages/airflow/example_dags/example_trigger_controller_dag.py
[2026-05-28T08:19:13.794+0000] {processor.py:914} INFO - Processing file /home/airflow/.local/lib/python3.12/site-packages/airflow/example_dags/example_trigger_controller_dag.py for tasks to queue
[2026-05-28T08:19:13.801+0000] {logging_mixin.py:190} INFO - [2026-05-28T08:19:13.800+0000] {dagbag.py:588} INFO - Filling up the DagBag from /home/airflow/.local/lib/python3.12/site-packages/airflow/example_dags/example_trigger_controller_dag.py
[2026-05-28T08:19:13.825+0000] {processor.py:925} INFO - DAG(s) 'example_trigger_controller_dag' retrieved from /home/airflow/.local/lib/python3.12/site-packages/airflow/example_dags/example_trigger_controller_dag.py
[2026-05-28T08:19:13.893+0000] {logging_mixin.py:190} INFO - [2026-05-28T08:19:13.892+0000] {dag.py:3239} INFO - Sync 1 DAGs
[2026-05-28T08:19:13.969+0000] {logging_mixin.py:190} INFO - [2026-05-28T08:19:13.969+0000] {dag.py:4180} INFO - Setting next_dagrun for example_trigger_controller_dag to 2021-01-01 00:00:00+00:00, run_after=2021-01-01 00:00:00+00:00
[2026-05-28T08:19:14.021+0000] {processor.py:208} INFO - Processing /home/airflow/.local/lib/python3.12/site-packages/airflow/example_dags/example_trigger_controller_dag.py took 0.246 seconds
[2026-05-28T08:19:54.882+0000] {processor.py:186} INFO - Started process (PID=4274) to work on /home/airflow/.local/lib/python3.12/site-packages/airflow/example_dags/example_trigger_controller_dag.py
[2026-05-28T08:19:54.884+0000] {processor.py:914} INFO - Processing file /home/airflow/.local/lib/python3.12/site-packages/airflow/example_dags/example_trigger_controller_dag.py for tasks to queue
[2026-05-28T08:19:54.888+0000] {logging_mixin.py:190} INFO - [2026-05-28T08:19:54.887+0000] {dagbag.py:588} INFO - Filling up the DagBag from /home/airflow/.local/lib/python3.12/site-packages/airflow/example_dags/example_trigger_controller_dag.py
[2026-05-28T08:19:54.910+0000] {processor.py:925} INFO - DAG(s) 'example_trigger_controller_dag' retrieved from /home/airflow/.local/lib/python3.12/site-packages/airflow/example_dags/example_trigger_controller_dag.py
[2026-05-28T08:19:54.970+0000] {logging_mixin.py:190} INFO - [2026-05-28T08:19:54.970+0000] {dag.py:3239} INFO - Sync 1 DAGs
[2026-05-28T08:19:55.034+0000] {logging_mixin.py:190} INFO - [2026-05-28T08:19:55.033+0000] {dag.py:4180} INFO - Setting next_dagrun for example_trigger_controller_dag to 2021-01-01 00:00:00+00:00, run_after=2021-01-01 00:00:00+00:00
[2026-05-28T08:19:55.080+0000] {processor.py:208} INFO - Processing /home/airflow/.local/lib/python3.12/site-packages/airflow/example_dags/example_trigger_controller_dag.py took 0.212 seconds
[2026-05-28T08:20:50.426+0000] {processor.py:186} INFO - Started process (PID=4333) to work on /home/airflow/.local/lib/python3.12/site-packages/airflow/example_dags/example_trigger_controller_dag.py
[2026-05-28T08:20:50.428+0000] {processor.py:914} INFO - Processing file /home/airflow/.local/lib/python3.12/site-packages/airflow/example_dags/example_trigger_controller_dag.py for tasks to queue
[2026-05-28T08:20:50.433+0000] {logging_mixin.py:190} INFO - [2026-05-28T08:20:50.431+0000] {dagbag.py:588} INFO - Filling up the DagBag from /home/airflow/.local/lib/python3.12/site-packages/airflow/example_dags/example_trigger_controller_dag.py
[2026-05-28T08:20:50.453+0000] {processor.py:925} INFO - DAG(s) 'example_trigger_controller_dag' retrieved from /home/airflow/.local/lib/python3.12/site-packages/airflow/example_dags/example_trigger_controller_dag.py
[2026-05-28T08:20:50.521+0000] {logging_mixin.py:190} INFO - [2026-05-28T08:20:50.520+0000] {dag.py:3239} INFO - Sync 1 DAGs
[2026-05-28T08:20:50.579+0000] {logging_mixin.py:190} INFO - [2026-05-28T08:20:50.578+0000] {dag.py:4180} INFO - Setting next_dagrun for example_trigger_controller_dag to 2021-01-01 00:00:00+00:00, run_after=2021-01-01 00:00:00+00:00
[2026-05-28T08:20:50.638+0000] {processor.py:208} INFO - Processing /home/airflow/.local/lib/python3.12/site-packages/airflow/example_dags/example_trigger_controller_dag.py took 0.227 seconds
[2026-05-28T08:21:49.678+0000] {processor.py:186} INFO - Started process (PID=4412) to work on /home/airflow/.local/lib/python3.12/site-packages/airflow/example_dags/example_trigger_controller_dag.py
[2026-05-28T08:21:49.681+0000] {processor.py:914} INFO - Processing file /home/airflow/.local/lib/python3.12/site-packages/airflow/example_dags/example_trigger_controller_dag.py for tasks to queue
[2026-05-28T08:21:49.685+0000] {logging_mixin.py:190} INFO - [2026-05-28T08:21:49.684+0000] {dagbag.py:588} INFO - Filling up the DagBag from /home/airflow/.local/lib/python3.12/site-packages/airflow/example_dags/example_trigger_controller_dag.py
[2026-05-28T08:21:49.710+0000] {processor.py:925} INFO - DAG(s) 'example_trigger_controller_dag' retrieved from /home/airflow/.local/lib/python3.12/site-packages/airflow/example_dags/example_trigger_controller_dag.py
[2026-05-28T08:21:49.786+0000] {logging_mixin.py:190} INFO - [2026-05-28T08:21:49.786+0000] {dag.py:3239} INFO - Sync 1 DAGs
[2026-05-28T08:21:49.843+0000] {logging_mixin.py:190} INFO - [2026-05-28T08:21:49.843+0000] {dag.py:4180} INFO - Setting next_dagrun for example_trigger_controller_dag to 2021-01-01 00:00:00+00:00, run_after=2021-01-01 00:00:00+00:00
[2026-05-28T08:21:49.886+0000] {processor.py:208} INFO - Processing /home/airflow/.local/lib/python3.12/site-packages/airflow/example_dags/example_trigger_controller_dag.py took 0.229 seconds
[2026-05-28T08:22:38.942+0000] {processor.py:186} INFO - Started process (PID=4480) to work on /home/airflow/.local/lib/python3.12/site-packages/airflow/example_dags/example_trigger_controller_dag.py
[2026-05-28T08:22:38.945+0000] {processor.py:914} INFO - Processing file /home/airflow/.local/lib/python3.12/site-packages/airflow/example_dags/example_trigger_controller_dag.py for tasks to queue
[2026-05-28T08:22:38.949+0000] {logging_mixin.py:190} INFO - [2026-05-28T08:22:38.948+0000] {dagbag.py:588} INFO - Filling up the DagBag from /home/airflow/.local/lib/python3.12/site-packages/airflow/example_dags/example_trigger_controller_dag.py
[2026-05-28T08:22:38.971+0000] {processor.py:925} INFO - DAG(s) 'example_trigger_controller_dag' retrieved from /home/airflow/.local/lib/python3.12/site-packages/airflow/example_dags/example_trigger_controller_dag.py
[2026-05-28T08:22:39.066+0000] {logging_mixin.py:190} INFO - [2026-05-28T08:22:39.065+0000] {dag.py:3239} INFO - Sync 1 DAGs
[2026-05-28T08:22:39.147+0000] {logging_mixin.py:190} INFO - [2026-05-28T08:22:39.146+0000] {dag.py:4180} INFO - Setting next_dagrun for example_trigger_controller_dag to 2021-01-01 00:00:00+00:00, run_after=2021-01-01 00:00:00+00:00
[2026-05-28T08:22:39.218+0000] {processor.py:208} INFO - Processing /home/airflow/.local/lib/python3.12/site-packages/airflow/example_dags/example_trigger_controller_dag.py took 0.296 seconds
[2026-05-28T08:23:22.749+0000] {processor.py:186} INFO - Started process (PID=4542) to work on /home/airflow/.local/lib/python3.12/site-packages/airflow/example_dags/example_trigger_controller_dag.py
[2026-05-28T08:23:22.752+0000] {processor.py:914} INFO - Processing file /home/airflow/.local/lib/python3.12/site-packages/airflow/example_dags/example_trigger_controller_dag.py for tasks to queue
[2026-05-28T08:23:22.755+0000] {logging_mixin.py:190} INFO - [2026-05-28T08:23:22.754+0000] {dagbag.py:588} INFO - Filling up the DagBag from /home/airflow/.local/lib/python3.12/site-packages/airflow/example_dags/example_trigger_controller_dag.py
[2026-05-28T08:23:22.778+0000] {processor.py:925} INFO - DAG(s) 'example_trigger_controller_dag' retrieved from /home/airflow/.local/lib/python3.12/site-packages/airflow/example_dags/example_trigger_controller_dag.py
[2026-05-28T08:23:22.843+0000] {logging_mixin.py:190} INFO - [2026-05-28T08:23:22.842+0000] {dag.py:3239} INFO - Sync 1 DAGs
[2026-05-28T08:23:22.906+0000] {logging_mixin.py:190} INFO - [2026-05-28T08:23:22.906+0000] {dag.py:4180} INFO - Setting next_dagrun for example_trigger_controller_dag to 2021-01-01 00:00:00+00:00, run_after=2021-01-01 00:00:00+00:00
[2026-05-28T08:23:22.957+0000] {processor.py:208} INFO - Processing /home/airflow/.local/lib/python3.12/site-packages/airflow/example_dags/example_trigger_controller_dag.py took 0.227 seconds
[2026-05-28T08:24:04.288+0000] {processor.py:186} INFO - Started process (PID=4619) to work on /home/airflow/.local/lib/python3.12/site-packages/airflow/example_dags/example_trigger_controller_dag.py
[2026-05-28T08:24:04.291+0000] {processor.py:914} INFO - Processing file /home/airflow/.local/lib/python3.12/site-packages/airflow/example_dags/example_trigger_controller_dag.py for tasks to queue
[2026-05-28T08:24:04.300+0000] {logging_mixin.py:190} INFO - [2026-05-28T08:24:04.298+0000] {dagbag.py:588} INFO - Filling up the DagBag from /home/airflow/.local/lib/python3.12/site-packages/airflow/example_dags/example_trigger_controller_dag.py
[2026-05-28T08:24:04.335+0000] {processor.py:925} INFO - DAG(s) 'example_trigger_controller_dag' retrieved from /home/airflow/.local/lib/python3.12/site-packages/airflow/example_dags/example_trigger_controller_dag.py
[2026-05-28T08:24:04.419+0000] {logging_mixin.py:190} INFO - [2026-05-28T08:24:04.418+0000] {dag.py:3239} INFO - Sync 1 DAGs
[2026-05-28T08:24:04.479+0000] {logging_mixin.py:190} INFO - [2026-05-28T08:24:04.479+0000] {dag.py:4180} INFO - Setting next_dagrun for example_trigger_controller_dag to 2021-01-01 00:00:00+00:00, run_after=2021-01-01 00:00:00+00:00
[2026-05-28T08:24:04.529+0000] {processor.py:208} INFO - Processing /home/airflow/.local/lib/python3.12/site-packages/airflow/example_dags/example_trigger_controller_dag.py took 0.262 seconds
[2026-05-28T08:24:48.435+0000] {processor.py:186} INFO - Started process (PID=4682) to work on /home/airflow/.local/lib/python3.12/site-packages/airflow/example_dags/example_trigger_controller_dag.py
[2026-05-28T08:24:48.438+0000] {processor.py:914} INFO - Processing file /home/airflow/.local/lib/python3.12/site-packages/airflow/example_dags/example_trigger_controller_dag.py for tasks to queue
[2026-05-28T08:24:48.441+0000] {logging_mixin.py:190} INFO - [2026-05-28T08:24:48.440+0000] {dagbag.py:588} INFO - Filling up the DagBag from /home/airflow/.local/lib/python3.12/site-packages/airflow/example_dags/example_trigger_controller_dag.py
[2026-05-28T08:24:48.457+0000] {processor.py:925} INFO - DAG(s) 'example_trigger_controller_dag' retrieved from /home/airflow/.local/lib/python3.12/site-packages/airflow/example_dags/example_trigger_controller_dag.py
[2026-05-28T08:24:48.510+0000] {logging_mixin.py:190} INFO - [2026-05-28T08:24:48.510+0000] {dag.py:3239} INFO - Sync 1 DAGs
[2026-05-28T08:24:48.560+0000] {logging_mixin.py:190} INFO - [2026-05-28T08:24:48.560+0000] {dag.py:4180} INFO - Setting next_dagrun for example_trigger_controller_dag to 2021-01-01 00:00:00+00:00, run_after=2021-01-01 00:00:00+00:00
[2026-05-28T08:24:48.602+0000] {processor.py:208} INFO - Processing /home/airflow/.local/lib/python3.12/site-packages/airflow/example_dags/example_trigger_controller_dag.py took 0.180 seconds
[2026-05-28T08:25:35.698+0000] {processor.py:186} INFO - Started process (PID=4747) to work on /home/airflow/.local/lib/python3.12/site-packages/airflow/example_dags/example_trigger_controller_dag.py
[2026-05-28T08:25:35.700+0000] {processor.py:914} INFO - Processing file /home/airflow/.local/lib/python3.12/site-packages/airflow/example_dags/example_trigger_controller_dag.py for tasks to queue
[2026-05-28T08:25:35.703+0000] {logging_mixin.py:190} INFO - [2026-05-28T08:25:35.702+0000] {dagbag.py:588} INFO - Filling up the DagBag from /home/airflow/.local/lib/python3.12/site-packages/airflow/example_dags/example_trigger_controller_dag.py
[2026-05-28T08:25:35.721+0000] {processor.py:925} INFO - DAG(s) 'example_trigger_controller_dag' retrieved from /home/airflow/.local/lib/python3.12/site-packages/airflow/example_dags/example_trigger_controller_dag.py
[2026-05-28T08:25:35.785+0000] {logging_mixin.py:190} INFO - [2026-05-28T08:25:35.784+0000] {dag.py:3239} INFO - Sync 1 DAGs
[2026-05-28T08:25:35.852+0000] {logging_mixin.py:190} INFO - [2026-05-28T08:25:35.851+0000] {dag.py:4180} INFO - Setting next_dagrun for example_trigger_controller_dag to 2021-01-01 00:00:00+00:00, run_after=2021-01-01 00:00:00+00:00
[2026-05-28T08:25:35.905+0000] {processor.py:208} INFO - Processing /home/airflow/.local/lib/python3.12/site-packages/airflow/example_dags/example_trigger_controller_dag.py took 0.222 seconds
[2026-05-28T08:26:22.663+0000] {processor.py:186} INFO - Started process (PID=4820) to work on /home/airflow/.local/lib/python3.12/site-packages/airflow/example_dags/example_trigger_controller_dag.py
[2026-05-28T08:26:22.667+0000] {processor.py:914} INFO - Processing file /home/airflow/.local/lib/python3.12/site-packages/airflow/example_dags/example_trigger_controller_dag.py for tasks to queue
[2026-05-28T08:26:22.672+0000] {logging_mixin.py:190} INFO - [2026-05-28T08:26:22.671+0000] {dagbag.py:588} INFO - Filling up the DagBag from /home/airflow/.local/lib/python3.12/site-packages/airflow/example_dags/example_trigger_controller_dag.py
[2026-05-28T08:26:22.692+0000] {processor.py:925} INFO - DAG(s) 'example_trigger_controller_dag' retrieved from /home/airflow/.local/lib/python3.12/site-packages/airflow/example_dags/example_trigger_controller_dag.py
[2026-05-28T08:26:22.753+0000] {logging_mixin.py:190} INFO - [2026-05-28T08:26:22.752+0000] {dag.py:3239} INFO - Sync 1 DAGs
[2026-05-28T08:26:22.810+0000] {logging_mixin.py:190} INFO - [2026-05-28T08:26:22.809+0000] {dag.py:4180} INFO - Setting next_dagrun for example_trigger_controller_dag to 2021-01-01 00:00:00+00:00, run_after=2021-01-01 00:00:00+00:00
[2026-05-28T08:26:22.855+0000] {processor.py:208} INFO - Processing /home/airflow/.local/lib/python3.12/site-packages/airflow/example_dags/example_trigger_controller_dag.py took 0.208 seconds
[2026-05-28T08:27:13.602+0000] {processor.py:186} INFO - Started process (PID=4893) to work on /home/airflow/.local/lib/python3.12/site-packages/airflow/example_dags/example_trigger_controller_dag.py
[2026-05-28T08:27:13.605+0000] {processor.py:914} INFO - Processing file /home/airflow/.local/lib/python3.12/site-packages/airflow/example_dags/example_trigger_controller_dag.py for tasks to queue
[2026-05-28T08:27:13.608+0000] {logging_mixin.py:190} INFO - [2026-05-28T08:27:13.608+0000] {dagbag.py:588} INFO - Filling up the DagBag from /home/airflow/.local/lib/python3.12/site-packages/airflow/example_dags/example_trigger_controller_dag.py
[2026-05-28T08:27:13.625+0000] {processor.py:925} INFO - DAG(s) 'example_trigger_controller_dag' retrieved from /home/airflow/.local/lib/python3.12/site-packages/airflow/example_dags/example_trigger_controller_dag.py
[2026-05-28T08:27:13.685+0000] {logging_mixin.py:190} INFO - [2026-05-28T08:27:13.684+0000] {dag.py:3239} INFO - Sync 1 DAGs
[2026-05-28T08:27:13.741+0000] {logging_mixin.py:190} INFO - [2026-05-28T08:27:13.740+0000] {dag.py:4180} INFO - Setting next_dagrun for example_trigger_controller_dag to 2021-01-01 00:00:00+00:00, run_after=2021-01-01 00:00:00+00:00
[2026-05-28T08:27:13.795+0000] {processor.py:208} INFO - Processing /home/airflow/.local/lib/python3.12/site-packages/airflow/example_dags/example_trigger_controller_dag.py took 0.209 seconds
[2026-05-28T08:27:53.072+0000] {processor.py:186} INFO - Started process (PID=4956) to work on /home/airflow/.local/lib/python3.12/site-packages/airflow/example_dags/example_trigger_controller_dag.py
[2026-05-28T08:27:53.074+0000] {processor.py:914} INFO - Processing file /home/airflow/.local/lib/python3.12/site-packages/airflow/example_dags/example_trigger_controller_dag.py for tasks to queue
[2026-05-28T08:27:53.077+0000] {logging_mixin.py:190} INFO - [2026-05-28T08:27:53.077+0000] {dagbag.py:588} INFO - Filling up the DagBag from /home/airflow/.local/lib/python3.12/site-packages/airflow/example_dags/example_trigger_controller_dag.py
[2026-05-28T08:27:53.093+0000] {processor.py:925} INFO - DAG(s) 'example_trigger_controller_dag' retrieved from /home/airflow/.local/lib/python3.12/site-packages/airflow/example_dags/example_trigger_controller_dag.py
[2026-05-28T08:27:53.148+0000] {logging_mixin.py:190} INFO - [2026-05-28T08:27:53.147+0000] {dag.py:3239} INFO - Sync 1 DAGs
[2026-05-28T08:27:53.204+0000] {logging_mixin.py:190} INFO - [2026-05-28T08:27:53.203+0000] {dag.py:4180} INFO - Setting next_dagrun for example_trigger_controller_dag to 2021-01-01 00:00:00+00:00, run_after=2021-01-01 00:00:00+00:00
[2026-05-28T08:27:53.254+0000] {processor.py:208} INFO - Processing /home/airflow/.local/lib/python3.12/site-packages/airflow/example_dags/example_trigger_controller_dag.py took 0.196 seconds
[2026-05-28T08:28:46.857+0000] {processor.py:186} INFO - Started process (PID=5025) to work on /home/airflow/.local/lib/python3.12/site-packages/airflow/example_dags/example_trigger_controller_dag.py
[2026-05-28T08:28:46.864+0000] {processor.py:914} INFO - Processing file /home/airflow/.local/lib/python3.12/site-packages/airflow/example_dags/example_trigger_controller_dag.py for tasks to queue
[2026-05-28T08:28:46.875+0000] {logging_mixin.py:190} INFO - [2026-05-28T08:28:46.874+0000] {dagbag.py:588} INFO - Filling up the DagBag from /home/airflow/.local/lib/python3.12/site-packages/airflow/example_dags/example_trigger_controller_dag.py
[2026-05-28T08:28:46.899+0000] {processor.py:925} INFO - DAG(s) 'example_trigger_controller_dag' retrieved from /home/airflow/.local/lib/python3.12/site-packages/airflow/example_dags/example_trigger_controller_dag.py
[2026-05-28T08:28:46.968+0000] {logging_mixin.py:190} INFO - [2026-05-28T08:28:46.968+0000] {dag.py:3239} INFO - Sync 1 DAGs
[2026-05-28T08:28:47.023+0000] {logging_mixin.py:190} INFO - [2026-05-28T08:28:47.022+0000] {dag.py:4180} INFO - Setting next_dagrun for example_trigger_controller_dag to 2021-01-01 00:00:00+00:00, run_after=2021-01-01 00:00:00+00:00
[2026-05-28T08:28:47.077+0000] {processor.py:208} INFO - Processing /home/airflow/.local/lib/python3.12/site-packages/airflow/example_dags/example_trigger_controller_dag.py took 0.244 seconds
[2026-05-28T08:29:36.409+0000] {processor.py:186} INFO - Started process (PID=5104) to work on /home/airflow/.local/lib/python3.12/site-packages/airflow/example_dags/example_trigger_controller_dag.py
[2026-05-28T08:29:36.412+0000] {processor.py:914} INFO - Processing file /home/airflow/.local/lib/python3.12/site-packages/airflow/example_dags/example_trigger_controller_dag.py for tasks to queue
[2026-05-28T08:29:36.418+0000] {logging_mixin.py:190} INFO - [2026-05-28T08:29:36.417+0000] {dagbag.py:588} INFO - Filling up the DagBag from /home/airflow/.local/lib/python3.12/site-packages/airflow/example_dags/example_trigger_controller_dag.py
[2026-05-28T08:29:36.446+0000] {processor.py:925} INFO - DAG(s) 'example_trigger_controller_dag' retrieved from /home/airflow/.local/lib/python3.12/site-packages/airflow/example_dags/example_trigger_controller_dag.py
[2026-05-28T08:29:36.532+0000] {logging_mixin.py:190} INFO - [2026-05-28T08:29:36.531+0000] {dag.py:3239} INFO - Sync 1 DAGs
[2026-05-28T08:29:36.698+0000] {logging_mixin.py:190} INFO - [2026-05-28T08:29:36.697+0000] {dag.py:4180} INFO - Setting next_dagrun for example_trigger_controller_dag to 2021-01-01 00:00:00+00:00, run_after=2021-01-01 00:00:00+00:00
[2026-05-28T08:29:36.838+0000] {processor.py:208} INFO - Processing /home/airflow/.local/lib/python3.12/site-packages/airflow/example_dags/example_trigger_controller_dag.py took 0.452 seconds
[2026-05-28T08:30:32.819+0000] {processor.py:186} INFO - Started process (PID=5172) to work on /home/airflow/.local/lib/python3.12/site-packages/airflow/example_dags/example_trigger_controller_dag.py
[2026-05-28T08:30:32.822+0000] {processor.py:914} INFO - Processing file /home/airflow/.local/lib/python3.12/site-packages/airflow/example_dags/example_trigger_controller_dag.py for tasks to queue
[2026-05-28T08:30:32.826+0000] {logging_mixin.py:190} INFO - [2026-05-28T08:30:32.825+0000] {dagbag.py:588} INFO - Filling up the DagBag from /home/airflow/.local/lib/python3.12/site-packages/airflow/example_dags/example_trigger_controller_dag.py
[2026-05-28T08:30:32.841+0000] {processor.py:925} INFO - DAG(s) 'example_trigger_controller_dag' retrieved from /home/airflow/.local/lib/python3.12/site-packages/airflow/example_dags/example_trigger_controller_dag.py
[2026-05-28T08:30:32.895+0000] {logging_mixin.py:190} INFO - [2026-05-28T08:30:32.894+0000] {dag.py:3239} INFO - Sync 1 DAGs
[2026-05-28T08:30:32.954+0000] {logging_mixin.py:190} INFO - [2026-05-28T08:30:32.954+0000] {dag.py:4180} INFO - Setting next_dagrun for example_trigger_controller_dag to 2021-01-01 00:00:00+00:00, run_after=2021-01-01 00:00:00+00:00
[2026-05-28T08:30:33.012+0000] {processor.py:208} INFO - Processing /home/airflow/.local/lib/python3.12/site-packages/airflow/example_dags/example_trigger_controller_dag.py took 0.206 seconds
[2026-05-28T08:31:30.094+0000] {processor.py:186} INFO - Started process (PID=5240) to work on /home/airflow/.local/lib/python3.12/site-packages/airflow/example_dags/example_trigger_controller_dag.py
[2026-05-28T08:31:30.097+0000] {processor.py:914} INFO - Processing file /home/airflow/.local/lib/python3.12/site-packages/airflow/example_dags/example_trigger_controller_dag.py for tasks to queue
[2026-05-28T08:31:30.100+0000] {logging_mixin.py:190} INFO - [2026-05-28T08:31:30.100+0000] {dagbag.py:588} INFO - Filling up the DagBag from /home/airflow/.local/lib/python3.12/site-packages/airflow/example_dags/example_trigger_controller_dag.py
[2026-05-28T08:31:30.117+0000] {processor.py:925} INFO - DAG(s) 'example_trigger_controller_dag' retrieved from /home/airflow/.local/lib/python3.12/site-packages/airflow/example_dags/example_trigger_controller_dag.py
[2026-05-28T08:31:30.171+0000] {logging_mixin.py:190} INFO - [2026-05-28T08:31:30.170+0000] {dag.py:3239} INFO - Sync 1 DAGs
[2026-05-28T08:31:30.224+0000] {logging_mixin.py:190} INFO - [2026-05-28T08:31:30.223+0000] {dag.py:4180} INFO - Setting next_dagrun for example_trigger_controller_dag to 2021-01-01 00:00:00+00:00, run_after=2021-01-01 00:00:00+00:00
[2026-05-28T08:31:30.272+0000] {processor.py:208} INFO - Processing /home/airflow/.local/lib/python3.12/site-packages/airflow/example_dags/example_trigger_controller_dag.py took 0.192 seconds
[2026-05-28T08:32:20.531+0000] {processor.py:186} INFO - Started process (PID=5318) to work on /home/airflow/.local/lib/python3.12/site-packages/airflow/example_dags/example_trigger_controller_dag.py
[2026-05-28T08:32:20.534+0000] {processor.py:914} INFO - Processing file /home/airflow/.local/lib/python3.12/site-packages/airflow/example_dags/example_trigger_controller_dag.py for tasks to queue
[2026-05-28T08:32:20.538+0000] {logging_mixin.py:190} INFO - [2026-05-28T08:32:20.537+0000] {dagbag.py:588} INFO - Filling up the DagBag from /home/airflow/.local/lib/python3.12/site-packages/airflow/example_dags/example_trigger_controller_dag.py
[2026-05-28T08:32:20.555+0000] {processor.py:925} INFO - DAG(s) 'example_trigger_controller_dag' retrieved from /home/airflow/.local/lib/python3.12/site-packages/airflow/example_dags/example_trigger_controller_dag.py
[2026-05-28T08:32:20.617+0000] {logging_mixin.py:190} INFO - [2026-05-28T08:32:20.617+0000] {dag.py:3239} INFO - Sync 1 DAGs
[2026-05-28T08:32:20.674+0000] {logging_mixin.py:190} INFO - [2026-05-28T08:32:20.673+0000] {dag.py:4180} INFO - Setting next_dagrun for example_trigger_controller_dag to 2021-01-01 00:00:00+00:00, run_after=2021-01-01 00:00:00+00:00
[2026-05-28T08:32:20.716+0000] {processor.py:208} INFO - Processing /home/airflow/.local/lib/python3.12/site-packages/airflow/example_dags/example_trigger_controller_dag.py took 0.199 seconds
[2026-05-28T08:33:00.701+0000] {processor.py:186} INFO - Started process (PID=5382) to work on /home/airflow/.local/lib/python3.12/site-packages/airflow/example_dags/example_trigger_controller_dag.py
[2026-05-28T08:33:00.704+0000] {processor.py:914} INFO - Processing file /home/airflow/.local/lib/python3.12/site-packages/airflow/example_dags/example_trigger_controller_dag.py for tasks to queue
[2026-05-28T08:33:00.709+0000] {logging_mixin.py:190} INFO - [2026-05-28T08:33:00.707+0000] {dagbag.py:588} INFO - Filling up the DagBag from /home/airflow/.local/lib/python3.12/site-packages/airflow/example_dags/example_trigger_controller_dag.py
[2026-05-28T08:33:00.731+0000] {processor.py:925} INFO - DAG(s) 'example_trigger_controller_dag' retrieved from /home/airflow/.local/lib/python3.12/site-packages/airflow/example_dags/example_trigger_controller_dag.py
[2026-05-28T08:33:00.791+0000] {logging_mixin.py:190} INFO - [2026-05-28T08:33:00.790+0000] {dag.py:3239} INFO - Sync 1 DAGs
[2026-05-28T08:33:00.844+0000] {logging_mixin.py:190} INFO - [2026-05-28T08:33:00.844+0000] {dag.py:4180} INFO - Setting next_dagrun for example_trigger_controller_dag to 2021-01-01 00:00:00+00:00, run_after=2021-01-01 00:00:00+00:00
[2026-05-28T08:33:00.887+0000] {processor.py:208} INFO - Processing /home/airflow/.local/lib/python3.12/site-packages/airflow/example_dags/example_trigger_controller_dag.py took 0.203 seconds
[2026-05-28T08:33:48.313+0000] {processor.py:186} INFO - Started process (PID=5458) to work on /home/airflow/.local/lib/python3.12/site-packages/airflow/example_dags/example_trigger_controller_dag.py
[2026-05-28T08:33:48.317+0000] {processor.py:914} INFO - Processing file /home/airflow/.local/lib/python3.12/site-packages/airflow/example_dags/example_trigger_controller_dag.py for tasks to queue
[2026-05-28T08:33:48.320+0000] {logging_mixin.py:190} INFO - [2026-05-28T08:33:48.319+0000] {dagbag.py:588} INFO - Filling up the DagBag from /home/airflow/.local/lib/python3.12/site-packages/airflow/example_dags/example_trigger_controller_dag.py
[2026-05-28T08:33:48.341+0000] {processor.py:925} INFO - DAG(s) 'example_trigger_controller_dag' retrieved from /home/airflow/.local/lib/python3.12/site-packages/airflow/example_dags/example_trigger_controller_dag.py
[2026-05-28T08:33:48.404+0000] {logging_mixin.py:190} INFO - [2026-05-28T08:33:48.404+0000] {dag.py:3239} INFO - Sync 1 DAGs
[2026-05-28T08:33:48.463+0000] {logging_mixin.py:190} INFO - [2026-05-28T08:33:48.462+0000] {dag.py:4180} INFO - Setting next_dagrun for example_trigger_controller_dag to 2021-01-01 00:00:00+00:00, run_after=2021-01-01 00:00:00+00:00
[2026-05-28T08:33:48.511+0000] {processor.py:208} INFO - Processing /home/airflow/.local/lib/python3.12/site-packages/airflow/example_dags/example_trigger_controller_dag.py took 0.212 seconds
[2026-05-28T08:34:33.401+0000] {processor.py:186} INFO - Started process (PID=5526) to work on /home/airflow/.local/lib/python3.12/site-packages/airflow/example_dags/example_trigger_controller_dag.py
[2026-05-28T08:34:33.404+0000] {processor.py:914} INFO - Processing file /home/airflow/.local/lib/python3.12/site-packages/airflow/example_dags/example_trigger_controller_dag.py for tasks to queue
[2026-05-28T08:34:33.408+0000] {logging_mixin.py:190} INFO - [2026-05-28T08:34:33.407+0000] {dagbag.py:588} INFO - Filling up the DagBag from /home/airflow/.local/lib/python3.12/site-packages/airflow/example_dags/example_trigger_controller_dag.py
[2026-05-28T08:34:33.429+0000] {processor.py:925} INFO - DAG(s) 'example_trigger_controller_dag' retrieved from /home/airflow/.local/lib/python3.12/site-packages/airflow/example_dags/example_trigger_controller_dag.py
[2026-05-28T08:34:33.494+0000] {logging_mixin.py:190} INFO - [2026-05-28T08:34:33.493+0000] {dag.py:3239} INFO - Sync 1 DAGs
[2026-05-28T08:34:33.571+0000] {logging_mixin.py:190} INFO - [2026-05-28T08:34:33.570+0000] {dag.py:4180} INFO - Setting next_dagrun for example_trigger_controller_dag to 2021-01-01 00:00:00+00:00, run_after=2021-01-01 00:00:00+00:00
[2026-05-28T08:34:33.629+0000] {processor.py:208} INFO - Processing /home/airflow/.local/lib/python3.12/site-packages/airflow/example_dags/example_trigger_controller_dag.py took 0.244 seconds
[2026-05-28T08:35:19.497+0000] {processor.py:186} INFO - Started process (PID=5590) to work on /home/airflow/.local/lib/python3.12/site-packages/airflow/example_dags/example_trigger_controller_dag.py
[2026-05-28T08:35:19.499+0000] {processor.py:914} INFO - Processing file /home/airflow/.local/lib/python3.12/site-packages/airflow/example_dags/example_trigger_controller_dag.py for tasks to queue
[2026-05-28T08:35:19.503+0000] {logging_mixin.py:190} INFO - [2026-05-28T08:35:19.503+0000] {dagbag.py:588} INFO - Filling up the DagBag from /home/airflow/.local/lib/python3.12/site-packages/airflow/example_dags/example_trigger_controller_dag.py
[2026-05-28T08:35:19.524+0000] {processor.py:925} INFO - DAG(s) 'example_trigger_controller_dag' retrieved from /home/airflow/.local/lib/python3.12/site-packages/airflow/example_dags/example_trigger_controller_dag.py
[2026-05-28T08:35:19.589+0000] {logging_mixin.py:190} INFO - [2026-05-28T08:35:19.589+0000] {dag.py:3239} INFO - Sync 1 DAGs
[2026-05-28T08:35:19.660+0000] {logging_mixin.py:190} INFO - [2026-05-28T08:35:19.659+0000] {dag.py:4180} INFO - Setting next_dagrun for example_trigger_controller_dag to 2021-01-01 00:00:00+00:00, run_after=2021-01-01 00:00:00+00:00
[2026-05-28T08:35:19.717+0000] {processor.py:208} INFO - Processing /home/airflow/.local/lib/python3.12/site-packages/airflow/example_dags/example_trigger_controller_dag.py took 0.239 seconds
[2026-05-28T08:36:03.919+0000] {processor.py:186} INFO - Started process (PID=5659) to work on /home/airflow/.local/lib/python3.12/site-packages/airflow/example_dags/example_trigger_controller_dag.py
[2026-05-28T08:36:03.922+0000] {processor.py:914} INFO - Processing file /home/airflow/.local/lib/python3.12/site-packages/airflow/example_dags/example_trigger_controller_dag.py for tasks to queue
[2026-05-28T08:36:03.925+0000] {logging_mixin.py:190} INFO - [2026-05-28T08:36:03.924+0000] {dagbag.py:588} INFO - Filling up the DagBag from /home/airflow/.local/lib/python3.12/site-packages/airflow/example_dags/example_trigger_controller_dag.py
[2026-05-28T08:36:03.943+0000] {processor.py:925} INFO - DAG(s) 'example_trigger_controller_dag' retrieved from /home/airflow/.local/lib/python3.12/site-packages/airflow/example_dags/example_trigger_controller_dag.py
[2026-05-28T08:36:04.012+0000] {logging_mixin.py:190} INFO - [2026-05-28T08:36:04.011+0000] {dag.py:3239} INFO - Sync 1 DAGs
[2026-05-28T08:36:04.086+0000] {logging_mixin.py:190} INFO - [2026-05-28T08:36:04.085+0000] {dag.py:4180} INFO - Setting next_dagrun for example_trigger_controller_dag to 2021-01-01 00:00:00+00:00, run_after=2021-01-01 00:00:00+00:00
[2026-05-28T08:36:04.142+0000] {processor.py:208} INFO - Processing /home/airflow/.local/lib/python3.12/site-packages/airflow/example_dags/example_trigger_controller_dag.py took 0.238 seconds
[2026-05-28T08:36:58.636+0000] {processor.py:186} INFO - Started process (PID=5721) to work on /home/airflow/.local/lib/python3.12/site-packages/airflow/example_dags/example_trigger_controller_dag.py
[2026-05-28T08:36:58.640+0000] {processor.py:914} INFO - Processing file /home/airflow/.local/lib/python3.12/site-packages/airflow/example_dags/example_trigger_controller_dag.py for tasks to queue
[2026-05-28T08:36:58.648+0000] {logging_mixin.py:190} INFO - [2026-05-28T08:36:58.647+0000] {dagbag.py:588} INFO - Filling up the DagBag from /home/airflow/.local/lib/python3.12/site-packages/airflow/example_dags/example_trigger_controller_dag.py
[2026-05-28T08:36:58.673+0000] {processor.py:925} INFO - DAG(s) 'example_trigger_controller_dag' retrieved from /home/airflow/.local/lib/python3.12/site-packages/airflow/example_dags/example_trigger_controller_dag.py
[2026-05-28T08:36:58.761+0000] {logging_mixin.py:190} INFO - [2026-05-28T08:36:58.760+0000] {dag.py:3239} INFO - Sync 1 DAGs
[2026-05-28T08:36:58.843+0000] {logging_mixin.py:190} INFO - [2026-05-28T08:36:58.842+0000] {dag.py:4180} INFO - Setting next_dagrun for example_trigger_controller_dag to 2021-01-01 00:00:00+00:00, run_after=2021-01-01 00:00:00+00:00
[2026-05-28T08:36:58.916+0000] {processor.py:208} INFO - Processing /home/airflow/.local/lib/python3.12/site-packages/airflow/example_dags/example_trigger_controller_dag.py took 0.307 seconds
[2026-05-28T08:38:10.596+0000] {processor.py:186} INFO - Started process (PID=5817) to work on /home/airflow/.local/lib/python3.12/site-packages/airflow/example_dags/example_trigger_controller_dag.py
[2026-05-28T08:38:10.600+0000] {processor.py:914} INFO - Processing file /home/airflow/.local/lib/python3.12/site-packages/airflow/example_dags/example_trigger_controller_dag.py for tasks to queue
[2026-05-28T08:38:10.607+0000] {logging_mixin.py:190} INFO - [2026-05-28T08:38:10.606+0000] {dagbag.py:588} INFO - Filling up the DagBag from /home/airflow/.local/lib/python3.12/site-packages/airflow/example_dags/example_trigger_controller_dag.py
[2026-05-28T08:38:10.630+0000] {processor.py:925} INFO - DAG(s) 'example_trigger_controller_dag' retrieved from /home/airflow/.local/lib/python3.12/site-packages/airflow/example_dags/example_trigger_controller_dag.py
[2026-05-28T08:38:10.711+0000] {logging_mixin.py:190} INFO - [2026-05-28T08:38:10.710+0000] {dag.py:3239} INFO - Sync 1 DAGs
[2026-05-28T08:38:10.774+0000] {logging_mixin.py:190} INFO - [2026-05-28T08:38:10.774+0000] {dag.py:4180} INFO - Setting next_dagrun for example_trigger_controller_dag to 2021-01-01 00:00:00+00:00, run_after=2021-01-01 00:00:00+00:00
[2026-05-28T08:38:10.820+0000] {processor.py:208} INFO - Processing /home/airflow/.local/lib/python3.12/site-packages/airflow/example_dags/example_trigger_controller_dag.py took 0.257 seconds
[2026-05-28T08:39:18.145+0000] {processor.py:186} INFO - Started process (PID=5895) to work on /home/airflow/.local/lib/python3.12/site-packages/airflow/example_dags/example_trigger_controller_dag.py
[2026-05-28T08:39:18.152+0000] {processor.py:914} INFO - Processing file /home/airflow/.local/lib/python3.12/site-packages/airflow/example_dags/example_trigger_controller_dag.py for tasks to queue
[2026-05-28T08:39:18.161+0000] {logging_mixin.py:190} INFO - [2026-05-28T08:39:18.159+0000] {dagbag.py:588} INFO - Filling up the DagBag from /home/airflow/.local/lib/python3.12/site-packages/airflow/example_dags/example_trigger_controller_dag.py
[2026-05-28T08:39:18.213+0000] {processor.py:925} INFO - DAG(s) 'example_trigger_controller_dag' retrieved from /home/airflow/.local/lib/python3.12/site-packages/airflow/example_dags/example_trigger_controller_dag.py
[2026-05-28T08:39:18.361+0000] {logging_mixin.py:190} INFO - [2026-05-28T08:39:18.357+0000] {dag.py:3239} INFO - Sync 1 DAGs
[2026-05-28T08:39:18.494+0000] {logging_mixin.py:190} INFO - [2026-05-28T08:39:18.492+0000] {dag.py:4180} INFO - Setting next_dagrun for example_trigger_controller_dag to 2021-01-01 00:00:00+00:00, run_after=2021-01-01 00:00:00+00:00
[2026-05-28T08:39:18.604+0000] {processor.py:208} INFO - Processing /home/airflow/.local/lib/python3.12/site-packages/airflow/example_dags/example_trigger_controller_dag.py took 0.486 seconds
[2026-05-28T08:40:37.837+0000] {processor.py:186} INFO - Started process (PID=5992) to work on /home/airflow/.local/lib/python3.12/site-packages/airflow/example_dags/example_trigger_controller_dag.py
[2026-05-28T08:40:37.841+0000] {processor.py:914} INFO - Processing file /home/airflow/.local/lib/python3.12/site-packages/airflow/example_dags/example_trigger_controller_dag.py for tasks to queue
[2026-05-28T08:40:37.846+0000] {logging_mixin.py:190} INFO - [2026-05-28T08:40:37.844+0000] {dagbag.py:588} INFO - Filling up the DagBag from /home/airflow/.local/lib/python3.12/site-packages/airflow/example_dags/example_trigger_controller_dag.py
[2026-05-28T08:40:37.878+0000] {processor.py:925} INFO - DAG(s) 'example_trigger_controller_dag' retrieved from /home/airflow/.local/lib/python3.12/site-packages/airflow/example_dags/example_trigger_controller_dag.py
[2026-05-28T08:40:37.967+0000] {logging_mixin.py:190} INFO - [2026-05-28T08:40:37.965+0000] {dag.py:3239} INFO - Sync 1 DAGs
[2026-05-28T08:40:38.063+0000] {logging_mixin.py:190} INFO - [2026-05-28T08:40:38.062+0000] {dag.py:4180} INFO - Setting next_dagrun for example_trigger_controller_dag to 2021-01-01 00:00:00+00:00, run_after=2021-01-01 00:00:00+00:00
[2026-05-28T08:40:38.135+0000] {processor.py:208} INFO - Processing /home/airflow/.local/lib/python3.12/site-packages/airflow/example_dags/example_trigger_controller_dag.py took 0.317 seconds
[2026-05-28T08:41:47.423+0000] {processor.py:186} INFO - Started process (PID=6074) to work on /home/airflow/.local/lib/python3.12/site-packages/airflow/example_dags/example_trigger_controller_dag.py
[2026-05-28T08:41:47.427+0000] {processor.py:914} INFO - Processing file /home/airflow/.local/lib/python3.12/site-packages/airflow/example_dags/example_trigger_controller_dag.py for tasks to queue
[2026-05-28T08:41:47.434+0000] {logging_mixin.py:190} INFO - [2026-05-28T08:41:47.432+0000] {dagbag.py:588} INFO - Filling up the DagBag from /home/airflow/.local/lib/python3.12/site-packages/airflow/example_dags/example_trigger_controller_dag.py
[2026-05-28T08:41:47.465+0000] {processor.py:925} INFO - DAG(s) 'example_trigger_controller_dag' retrieved from /home/airflow/.local/lib/python3.12/site-packages/airflow/example_dags/example_trigger_controller_dag.py
[2026-05-28T08:41:47.592+0000] {logging_mixin.py:190} INFO - [2026-05-28T08:41:47.588+0000] {dag.py:3239} INFO - Sync 1 DAGs
[2026-05-28T08:41:47.723+0000] {logging_mixin.py:190} INFO - [2026-05-28T08:41:47.722+0000] {dag.py:4180} INFO - Setting next_dagrun for example_trigger_controller_dag to 2021-01-01 00:00:00+00:00, run_after=2021-01-01 00:00:00+00:00
[2026-05-28T08:41:47.776+0000] {processor.py:208} INFO - Processing /home/airflow/.local/lib/python3.12/site-packages/airflow/example_dags/example_trigger_controller_dag.py took 0.394 seconds
[2026-05-28T08:43:04.110+0000] {processor.py:186} INFO - Started process (PID=6154) to work on /home/airflow/.local/lib/python3.12/site-packages/airflow/example_dags/example_trigger_controller_dag.py
[2026-05-28T08:43:04.113+0000] {processor.py:914} INFO - Processing file /home/airflow/.local/lib/python3.12/site-packages/airflow/example_dags/example_trigger_controller_dag.py for tasks to queue
[2026-05-28T08:43:04.117+0000] {logging_mixin.py:190} INFO - [2026-05-28T08:43:04.116+0000] {dagbag.py:588} INFO - Filling up the DagBag from /home/airflow/.local/lib/python3.12/site-packages/airflow/example_dags/example_trigger_controller_dag.py
[2026-05-28T08:43:04.141+0000] {processor.py:925} INFO - DAG(s) 'example_trigger_controller_dag' retrieved from /home/airflow/.local/lib/python3.12/site-packages/airflow/example_dags/example_trigger_controller_dag.py
[2026-05-28T08:43:04.227+0000] {logging_mixin.py:190} INFO - [2026-05-28T08:43:04.227+0000] {dag.py:3239} INFO - Sync 1 DAGs
[2026-05-28T08:43:04.294+0000] {logging_mixin.py:190} INFO - [2026-05-28T08:43:04.294+0000] {dag.py:4180} INFO - Setting next_dagrun for example_trigger_controller_dag to 2021-01-01 00:00:00+00:00, run_after=2021-01-01 00:00:00+00:00
[2026-05-28T08:43:04.385+0000] {processor.py:208} INFO - Processing /home/airflow/.local/lib/python3.12/site-packages/airflow/example_dags/example_trigger_controller_dag.py took 0.295 seconds
[2026-05-28T08:44:14.039+0000] {processor.py:186} INFO - Started process (PID=6239) to work on /home/airflow/.local/lib/python3.12/site-packages/airflow/example_dags/example_trigger_controller_dag.py
[2026-05-28T08:44:14.042+0000] {processor.py:914} INFO - Processing file /home/airflow/.local/lib/python3.12/site-packages/airflow/example_dags/example_trigger_controller_dag.py for tasks to queue
[2026-05-28T08:44:14.045+0000] {logging_mixin.py:190} INFO - [2026-05-28T08:44:14.045+0000] {dagbag.py:588} INFO - Filling up the DagBag from /home/airflow/.local/lib/python3.12/site-packages/airflow/example_dags/example_trigger_controller_dag.py
[2026-05-28T08:44:14.071+0000] {processor.py:925} INFO - DAG(s) 'example_trigger_controller_dag' retrieved from /home/airflow/.local/lib/python3.12/site-packages/airflow/example_dags/example_trigger_controller_dag.py
[2026-05-28T08:44:14.150+0000] {logging_mixin.py:190} INFO - [2026-05-28T08:44:14.149+0000] {dag.py:3239} INFO - Sync 1 DAGs
[2026-05-28T08:44:14.215+0000] {logging_mixin.py:190} INFO - [2026-05-28T08:44:14.215+0000] {dag.py:4180} INFO - Setting next_dagrun for example_trigger_controller_dag to 2021-01-01 00:00:00+00:00, run_after=2021-01-01 00:00:00+00:00
[2026-05-28T08:44:14.274+0000] {processor.py:208} INFO - Processing /home/airflow/.local/lib/python3.12/site-packages/airflow/example_dags/example_trigger_controller_dag.py took 0.250 seconds
[2026-05-28T08:45:37.037+0000] {processor.py:186} INFO - Started process (PID=6331) to work on /home/airflow/.local/lib/python3.12/site-packages/airflow/example_dags/example_trigger_controller_dag.py
[2026-05-28T08:45:37.041+0000] {processor.py:914} INFO - Processing file /home/airflow/.local/lib/python3.12/site-packages/airflow/example_dags/example_trigger_controller_dag.py for tasks to queue
[2026-05-28T08:45:37.045+0000] {logging_mixin.py:190} INFO - [2026-05-28T08:45:37.044+0000] {dagbag.py:588} INFO - Filling up the DagBag from /home/airflow/.local/lib/python3.12/site-packages/airflow/example_dags/example_trigger_controller_dag.py
[2026-05-28T08:45:37.073+0000] {processor.py:925} INFO - DAG(s) 'example_trigger_controller_dag' retrieved from /home/airflow/.local/lib/python3.12/site-packages/airflow/example_dags/example_trigger_controller_dag.py
[2026-05-28T08:45:37.161+0000] {logging_mixin.py:190} INFO - [2026-05-28T08:45:37.160+0000] {dag.py:3239} INFO - Sync 1 DAGs
[2026-05-28T08:45:37.273+0000] {logging_mixin.py:190} INFO - [2026-05-28T08:45:37.273+0000] {dag.py:4180} INFO - Setting next_dagrun for example_trigger_controller_dag to 2021-01-01 00:00:00+00:00, run_after=2021-01-01 00:00:00+00:00
[2026-05-28T08:45:37.348+0000] {processor.py:208} INFO - Processing /home/airflow/.local/lib/python3.12/site-packages/airflow/example_dags/example_trigger_controller_dag.py took 0.330 seconds
[2026-05-28T08:46:46.782+0000] {processor.py:186} INFO - Started process (PID=6412) to work on /home/airflow/.local/lib/python3.12/site-packages/airflow/example_dags/example_trigger_controller_dag.py
[2026-05-28T08:46:46.786+0000] {processor.py:914} INFO - Processing file /home/airflow/.local/lib/python3.12/site-packages/airflow/example_dags/example_trigger_controller_dag.py for tasks to queue
[2026-05-28T08:46:46.791+0000] {logging_mixin.py:190} INFO - [2026-05-28T08:46:46.789+0000] {dagbag.py:588} INFO - Filling up the DagBag from /home/airflow/.local/lib/python3.12/site-packages/airflow/example_dags/example_trigger_controller_dag.py
[2026-05-28T08:46:46.812+0000] {processor.py:925} INFO - DAG(s) 'example_trigger_controller_dag' retrieved from /home/airflow/.local/lib/python3.12/site-packages/airflow/example_dags/example_trigger_controller_dag.py
[2026-05-28T08:46:46.882+0000] {logging_mixin.py:190} INFO - [2026-05-28T08:46:46.882+0000] {dag.py:3239} INFO - Sync 1 DAGs
[2026-05-28T08:46:46.957+0000] {logging_mixin.py:190} INFO - [2026-05-28T08:46:46.956+0000] {dag.py:4180} INFO - Setting next_dagrun for example_trigger_controller_dag to 2021-01-01 00:00:00+00:00, run_after=2021-01-01 00:00:00+00:00
[2026-05-28T08:46:47.024+0000] {processor.py:208} INFO - Processing /home/airflow/.local/lib/python3.12/site-packages/airflow/example_dags/example_trigger_controller_dag.py took 0.260 seconds
[2026-05-28T08:48:11.763+0000] {processor.py:186} INFO - Started process (PID=6497) to work on /home/airflow/.local/lib/python3.12/site-packages/airflow/example_dags/example_trigger_controller_dag.py
[2026-05-28T08:48:11.767+0000] {processor.py:914} INFO - Processing file /home/airflow/.local/lib/python3.12/site-packages/airflow/example_dags/example_trigger_controller_dag.py for tasks to queue
[2026-05-28T08:48:11.771+0000] {logging_mixin.py:190} INFO - [2026-05-28T08:48:11.770+0000] {dagbag.py:588} INFO - Filling up the DagBag from /home/airflow/.local/lib/python3.12/site-packages/airflow/example_dags/example_trigger_controller_dag.py
[2026-05-28T08:48:11.794+0000] {processor.py:925} INFO - DAG(s) 'example_trigger_controller_dag' retrieved from /home/airflow/.local/lib/python3.12/site-packages/airflow/example_dags/example_trigger_controller_dag.py
[2026-05-28T08:48:11.867+0000] {logging_mixin.py:190} INFO - [2026-05-28T08:48:11.866+0000] {dag.py:3239} INFO - Sync 1 DAGs
[2026-05-28T08:48:11.951+0000] {logging_mixin.py:190} INFO - [2026-05-28T08:48:11.948+0000] {dag.py:4180} INFO - Setting next_dagrun for example_trigger_controller_dag to 2021-01-01 00:00:00+00:00, run_after=2021-01-01 00:00:00+00:00
[2026-05-28T08:48:12.017+0000] {processor.py:208} INFO - Processing /home/airflow/.local/lib/python3.12/site-packages/airflow/example_dags/example_trigger_controller_dag.py took 0.273 seconds
[2026-05-28T08:49:37.265+0000] {processor.py:186} INFO - Started process (PID=6583) to work on /home/airflow/.local/lib/python3.12/site-packages/airflow/example_dags/example_trigger_controller_dag.py
[2026-05-28T08:49:37.269+0000] {processor.py:914} INFO - Processing file /home/airflow/.local/lib/python3.12/site-packages/airflow/example_dags/example_trigger_controller_dag.py for tasks to queue
[2026-05-28T08:49:37.274+0000] {logging_mixin.py:190} INFO - [2026-05-28T08:49:37.273+0000] {dagbag.py:588} INFO - Filling up the DagBag from /home/airflow/.local/lib/python3.12/site-packages/airflow/example_dags/example_trigger_controller_dag.py
[2026-05-28T08:49:37.298+0000] {processor.py:925} INFO - DAG(s) 'example_trigger_controller_dag' retrieved from /home/airflow/.local/lib/python3.12/site-packages/airflow/example_dags/example_trigger_controller_dag.py
[2026-05-28T08:49:37.381+0000] {logging_mixin.py:190} INFO - [2026-05-28T08:49:37.380+0000] {dag.py:3239} INFO - Sync 1 DAGs
[2026-05-28T08:49:37.500+0000] {logging_mixin.py:190} INFO - [2026-05-28T08:49:37.498+0000] {dag.py:4180} INFO - Setting next_dagrun for example_trigger_controller_dag to 2021-01-01 00:00:00+00:00, run_after=2021-01-01 00:00:00+00:00
[2026-05-28T08:49:37.627+0000] {processor.py:208} INFO - Processing /home/airflow/.local/lib/python3.12/site-packages/airflow/example_dags/example_trigger_controller_dag.py took 0.386 seconds
[2026-05-28T08:50:38.310+0000] {processor.py:186} INFO - Started process (PID=6654) to work on /home/airflow/.local/lib/python3.12/site-packages/airflow/example_dags/example_trigger_controller_dag.py
[2026-05-28T08:50:38.313+0000] {processor.py:914} INFO - Processing file /home/airflow/.local/lib/python3.12/site-packages/airflow/example_dags/example_trigger_controller_dag.py for tasks to queue
[2026-05-28T08:50:38.318+0000] {logging_mixin.py:190} INFO - [2026-05-28T08:50:38.317+0000] {dagbag.py:588} INFO - Filling up the DagBag from /home/airflow/.local/lib/python3.12/site-packages/airflow/example_dags/example_trigger_controller_dag.py
[2026-05-28T08:50:38.345+0000] {processor.py:925} INFO - DAG(s) 'example_trigger_controller_dag' retrieved from /home/airflow/.local/lib/python3.12/site-packages/airflow/example_dags/example_trigger_controller_dag.py
[2026-05-28T08:50:38.444+0000] {logging_mixin.py:190} INFO - [2026-05-28T08:50:38.443+0000] {dag.py:3239} INFO - Sync 1 DAGs
[2026-05-28T08:50:38.533+0000] {logging_mixin.py:190} INFO - [2026-05-28T08:50:38.532+0000] {dag.py:4180} INFO - Setting next_dagrun for example_trigger_controller_dag to 2021-01-01 00:00:00+00:00, run_after=2021-01-01 00:00:00+00:00
[2026-05-28T08:50:38.608+0000] {processor.py:208} INFO - Processing /home/airflow/.local/lib/python3.12/site-packages/airflow/example_dags/example_trigger_controller_dag.py took 0.319 seconds
[2026-05-28T08:51:40.381+0000] {processor.py:186} INFO - Started process (PID=6734) to work on /home/airflow/.local/lib/python3.12/site-packages/airflow/example_dags/example_trigger_controller_dag.py
[2026-05-28T08:51:40.387+0000] {processor.py:914} INFO - Processing file /home/airflow/.local/lib/python3.12/site-packages/airflow/example_dags/example_trigger_controller_dag.py for tasks to queue
[2026-05-28T08:51:40.391+0000] {logging_mixin.py:190} INFO - [2026-05-28T08:51:40.390+0000] {dagbag.py:588} INFO - Filling up the DagBag from /home/airflow/.local/lib/python3.12/site-packages/airflow/example_dags/example_trigger_controller_dag.py
[2026-05-28T08:51:40.416+0000] {processor.py:925} INFO - DAG(s) 'example_trigger_controller_dag' retrieved from /home/airflow/.local/lib/python3.12/site-packages/airflow/example_dags/example_trigger_controller_dag.py
[2026-05-28T08:51:40.514+0000] {logging_mixin.py:190} INFO - [2026-05-28T08:51:40.513+0000] {dag.py:3239} INFO - Sync 1 DAGs
[2026-05-28T08:51:40.628+0000] {logging_mixin.py:190} INFO - [2026-05-28T08:51:40.627+0000] {dag.py:4180} INFO - Setting next_dagrun for example_trigger_controller_dag to 2021-01-01 00:00:00+00:00, run_after=2021-01-01 00:00:00+00:00
[2026-05-28T08:51:40.705+0000] {processor.py:208} INFO - Processing /home/airflow/.local/lib/python3.12/site-packages/airflow/example_dags/example_trigger_controller_dag.py took 0.347 seconds
[2026-05-28T08:52:54.075+0000] {processor.py:186} INFO - Started process (PID=6803) to work on /home/airflow/.local/lib/python3.12/site-packages/airflow/example_dags/example_trigger_controller_dag.py
[2026-05-28T08:52:54.079+0000] {processor.py:914} INFO - Processing file /home/airflow/.local/lib/python3.12/site-packages/airflow/example_dags/example_trigger_controller_dag.py for tasks to queue
[2026-05-28T08:52:54.083+0000] {logging_mixin.py:190} INFO - [2026-05-28T08:52:54.082+0000] {dagbag.py:588} INFO - Filling up the DagBag from /home/airflow/.local/lib/python3.12/site-packages/airflow/example_dags/example_trigger_controller_dag.py
[2026-05-28T08:52:54.106+0000] {processor.py:925} INFO - DAG(s) 'example_trigger_controller_dag' retrieved from /home/airflow/.local/lib/python3.12/site-packages/airflow/example_dags/example_trigger_controller_dag.py
[2026-05-28T08:52:54.173+0000] {logging_mixin.py:190} INFO - [2026-05-28T08:52:54.173+0000] {dag.py:3239} INFO - Sync 1 DAGs
[2026-05-28T08:52:54.246+0000] {logging_mixin.py:190} INFO - [2026-05-28T08:52:54.245+0000] {dag.py:4180} INFO - Setting next_dagrun for example_trigger_controller_dag to 2021-01-01 00:00:00+00:00, run_after=2021-01-01 00:00:00+00:00
[2026-05-28T08:52:54.297+0000] {processor.py:208} INFO - Processing /home/airflow/.local/lib/python3.12/site-packages/airflow/example_dags/example_trigger_controller_dag.py took 0.237 seconds
[2026-05-28T08:53:55.069+0000] {processor.py:186} INFO - Started process (PID=6872) to work on /home/airflow/.local/lib/python3.12/site-packages/airflow/example_dags/example_trigger_controller_dag.py
[2026-05-28T08:53:55.072+0000] {processor.py:914} INFO - Processing file /home/airflow/.local/lib/python3.12/site-packages/airflow/example_dags/example_trigger_controller_dag.py for tasks to queue
[2026-05-28T08:53:55.076+0000] {logging_mixin.py:190} INFO - [2026-05-28T08:53:55.075+0000] {dagbag.py:588} INFO - Filling up the DagBag from /home/airflow/.local/lib/python3.12/site-packages/airflow/example_dags/example_trigger_controller_dag.py
[2026-05-28T08:53:55.100+0000] {processor.py:925} INFO - DAG(s) 'example_trigger_controller_dag' retrieved from /home/airflow/.local/lib/python3.12/site-packages/airflow/example_dags/example_trigger_controller_dag.py
[2026-05-28T08:53:55.175+0000] {logging_mixin.py:190} INFO - [2026-05-28T08:53:55.175+0000] {dag.py:3239} INFO - Sync 1 DAGs
[2026-05-28T08:53:55.254+0000] {logging_mixin.py:190} INFO - [2026-05-28T08:53:55.253+0000] {dag.py:4180} INFO - Setting next_dagrun for example_trigger_controller_dag to 2021-01-01 00:00:00+00:00, run_after=2021-01-01 00:00:00+00:00
[2026-05-28T08:53:55.314+0000] {processor.py:208} INFO - Processing /home/airflow/.local/lib/python3.12/site-packages/airflow/example_dags/example_trigger_controller_dag.py took 0.264 seconds
[2026-05-28T08:54:53.855+0000] {processor.py:186} INFO - Started process (PID=6940) to work on /home/airflow/.local/lib/python3.12/site-packages/airflow/example_dags/example_trigger_controller_dag.py
[2026-05-28T08:54:53.865+0000] {processor.py:914} INFO - Processing file /home/airflow/.local/lib/python3.12/site-packages/airflow/example_dags/example_trigger_controller_dag.py for tasks to queue
[2026-05-28T08:54:53.872+0000] {logging_mixin.py:190} INFO - [2026-05-28T08:54:53.870+0000] {dagbag.py:588} INFO - Filling up the DagBag from /home/airflow/.local/lib/python3.12/site-packages/airflow/example_dags/example_trigger_controller_dag.py
[2026-05-28T08:54:53.930+0000] {processor.py:925} INFO - DAG(s) 'example_trigger_controller_dag' retrieved from /home/airflow/.local/lib/python3.12/site-packages/airflow/example_dags/example_trigger_controller_dag.py
[2026-05-28T08:54:54.021+0000] {logging_mixin.py:190} INFO - [2026-05-28T08:54:54.021+0000] {dag.py:3239} INFO - Sync 1 DAGs
[2026-05-28T08:54:54.113+0000] {logging_mixin.py:190} INFO - [2026-05-28T08:54:54.112+0000] {dag.py:4180} INFO - Setting next_dagrun for example_trigger_controller_dag to 2021-01-01 00:00:00+00:00, run_after=2021-01-01 00:00:00+00:00
[2026-05-28T08:54:54.184+0000] {processor.py:208} INFO - Processing /home/airflow/.local/lib/python3.12/site-packages/airflow/example_dags/example_trigger_controller_dag.py took 0.361 seconds
[2026-05-28T08:55:54.741+0000] {processor.py:186} INFO - Started process (PID=7005) to work on /home/airflow/.local/lib/python3.12/site-packages/airflow/example_dags/example_trigger_controller_dag.py
[2026-05-28T08:55:54.744+0000] {processor.py:914} INFO - Processing file /home/airflow/.local/lib/python3.12/site-packages/airflow/example_dags/example_trigger_controller_dag.py for tasks to queue
[2026-05-28T08:55:54.748+0000] {logging_mixin.py:190} INFO - [2026-05-28T08:55:54.747+0000] {dagbag.py:588} INFO - Filling up the DagBag from /home/airflow/.local/lib/python3.12/site-packages/airflow/example_dags/example_trigger_controller_dag.py
[2026-05-28T08:55:54.775+0000] {processor.py:925} INFO - DAG(s) 'example_trigger_controller_dag' retrieved from /home/airflow/.local/lib/python3.12/site-packages/airflow/example_dags/example_trigger_controller_dag.py
[2026-05-28T08:55:54.885+0000] {logging_mixin.py:190} INFO - [2026-05-28T08:55:54.884+0000] {dag.py:3239} INFO - Sync 1 DAGs
[2026-05-28T08:55:54.992+0000] {logging_mixin.py:190} INFO - [2026-05-28T08:55:54.991+0000] {dag.py:4180} INFO - Setting next_dagrun for example_trigger_controller_dag to 2021-01-01 00:00:00+00:00, run_after=2021-01-01 00:00:00+00:00
[2026-05-28T08:55:55.069+0000] {processor.py:208} INFO - Processing /home/airflow/.local/lib/python3.12/site-packages/airflow/example_dags/example_trigger_controller_dag.py took 0.348 seconds
[2026-05-28T08:57:05.307+0000] {processor.py:186} INFO - Started process (PID=7082) to work on /home/airflow/.local/lib/python3.12/site-packages/airflow/example_dags/example_trigger_controller_dag.py
[2026-05-28T08:57:05.310+0000] {processor.py:914} INFO - Processing file /home/airflow/.local/lib/python3.12/site-packages/airflow/example_dags/example_trigger_controller_dag.py for tasks to queue
[2026-05-28T08:57:05.315+0000] {logging_mixin.py:190} INFO - [2026-05-28T08:57:05.314+0000] {dagbag.py:588} INFO - Filling up the DagBag from /home/airflow/.local/lib/python3.12/site-packages/airflow/example_dags/example_trigger_controller_dag.py
[2026-05-28T08:57:05.338+0000] {processor.py:925} INFO - DAG(s) 'example_trigger_controller_dag' retrieved from /home/airflow/.local/lib/python3.12/site-packages/airflow/example_dags/example_trigger_controller_dag.py
[2026-05-28T08:57:05.411+0000] {logging_mixin.py:190} INFO - [2026-05-28T08:57:05.411+0000] {dag.py:3239} INFO - Sync 1 DAGs
[2026-05-28T08:57:05.485+0000] {logging_mixin.py:190} INFO - [2026-05-28T08:57:05.484+0000] {dag.py:4180} INFO - Setting next_dagrun for example_trigger_controller_dag to 2021-01-01 00:00:00+00:00, run_after=2021-01-01 00:00:00+00:00
[2026-05-28T08:57:05.542+0000] {processor.py:208} INFO - Processing /home/airflow/.local/lib/python3.12/site-packages/airflow/example_dags/example_trigger_controller_dag.py took 0.255 seconds
[2026-05-28T08:58:05.896+0000] {processor.py:186} INFO - Started process (PID=7163) to work on /home/airflow/.local/lib/python3.12/site-packages/airflow/example_dags/example_trigger_controller_dag.py
[2026-05-28T08:58:05.898+0000] {processor.py:914} INFO - Processing file /home/airflow/.local/lib/python3.12/site-packages/airflow/example_dags/example_trigger_controller_dag.py for tasks to queue
[2026-05-28T08:58:05.902+0000] {logging_mixin.py:190} INFO - [2026-05-28T08:58:05.901+0000] {dagbag.py:588} INFO - Filling up the DagBag from /home/airflow/.local/lib/python3.12/site-packages/airflow/example_dags/example_trigger_controller_dag.py
[2026-05-28T08:58:05.923+0000] {processor.py:925} INFO - DAG(s) 'example_trigger_controller_dag' retrieved from /home/airflow/.local/lib/python3.12/site-packages/airflow/example_dags/example_trigger_controller_dag.py
[2026-05-28T08:58:05.991+0000] {logging_mixin.py:190} INFO - [2026-05-28T08:58:05.990+0000] {dag.py:3239} INFO - Sync 1 DAGs
[2026-05-28T08:58:06.110+0000] {logging_mixin.py:190} INFO - [2026-05-28T08:58:06.109+0000] {dag.py:4180} INFO - Setting next_dagrun for example_trigger_controller_dag to 2021-01-01 00:00:00+00:00, run_after=2021-01-01 00:00:00+00:00
[2026-05-28T08:58:06.254+0000] {processor.py:208} INFO - Processing /home/airflow/.local/lib/python3.12/site-packages/airflow/example_dags/example_trigger_controller_dag.py took 0.373 seconds
[2026-05-28T08:59:09.939+0000] {processor.py:186} INFO - Started process (PID=7232) to work on /home/airflow/.local/lib/python3.12/site-packages/airflow/example_dags/example_trigger_controller_dag.py
[2026-05-28T08:59:09.942+0000] {processor.py:914} INFO - Processing file /home/airflow/.local/lib/python3.12/site-packages/airflow/example_dags/example_trigger_controller_dag.py for tasks to queue
[2026-05-28T08:59:09.949+0000] {logging_mixin.py:190} INFO - [2026-05-28T08:59:09.947+0000] {dagbag.py:588} INFO - Filling up the DagBag from /home/airflow/.local/lib/python3.12/site-packages/airflow/example_dags/example_trigger_controller_dag.py
[2026-05-28T08:59:09.975+0000] {processor.py:925} INFO - DAG(s) 'example_trigger_controller_dag' retrieved from /home/airflow/.local/lib/python3.12/site-packages/airflow/example_dags/example_trigger_controller_dag.py
[2026-05-28T08:59:10.057+0000] {logging_mixin.py:190} INFO - [2026-05-28T08:59:10.056+0000] {dag.py:3239} INFO - Sync 1 DAGs
[2026-05-28T08:59:10.136+0000] {logging_mixin.py:190} INFO - [2026-05-28T08:59:10.135+0000] {dag.py:4180} INFO - Setting next_dagrun for example_trigger_controller_dag to 2021-01-01 00:00:00+00:00, run_after=2021-01-01 00:00:00+00:00
[2026-05-28T08:59:10.194+0000] {processor.py:208} INFO - Processing /home/airflow/.local/lib/python3.12/site-packages/airflow/example_dags/example_trigger_controller_dag.py took 0.276 seconds
[2026-05-28T09:00:12.953+0000] {processor.py:186} INFO - Started process (PID=7314) to work on /home/airflow/.local/lib/python3.12/site-packages/airflow/example_dags/example_trigger_controller_dag.py
[2026-05-28T09:00:12.957+0000] {processor.py:914} INFO - Processing file /home/airflow/.local/lib/python3.12/site-packages/airflow/example_dags/example_trigger_controller_dag.py for tasks to queue
[2026-05-28T09:00:12.960+0000] {logging_mixin.py:190} INFO - [2026-05-28T09:00:12.959+0000] {dagbag.py:588} INFO - Filling up the DagBag from /home/airflow/.local/lib/python3.12/site-packages/airflow/example_dags/example_trigger_controller_dag.py
[2026-05-28T09:00:12.983+0000] {processor.py:925} INFO - DAG(s) 'example_trigger_controller_dag' retrieved from /home/airflow/.local/lib/python3.12/site-packages/airflow/example_dags/example_trigger_controller_dag.py
[2026-05-28T09:00:13.049+0000] {logging_mixin.py:190} INFO - [2026-05-28T09:00:13.049+0000] {dag.py:3239} INFO - Sync 1 DAGs
[2026-05-28T09:00:13.126+0000] {logging_mixin.py:190} INFO - [2026-05-28T09:00:13.125+0000] {dag.py:4180} INFO - Setting next_dagrun for example_trigger_controller_dag to 2021-01-01 00:00:00+00:00, run_after=2021-01-01 00:00:00+00:00
[2026-05-28T09:00:13.179+0000] {processor.py:208} INFO - Processing /home/airflow/.local/lib/python3.12/site-packages/airflow/example_dags/example_trigger_controller_dag.py took 0.243 seconds
[2026-05-28T09:01:14.616+0000] {processor.py:186} INFO - Started process (PID=7394) to work on /home/airflow/.local/lib/python3.12/site-packages/airflow/example_dags/example_trigger_controller_dag.py
[2026-05-28T09:01:14.619+0000] {processor.py:914} INFO - Processing file /home/airflow/.local/lib/python3.12/site-packages/airflow/example_dags/example_trigger_controller_dag.py for tasks to queue
[2026-05-28T09:01:14.623+0000] {logging_mixin.py:190} INFO - [2026-05-28T09:01:14.622+0000] {dagbag.py:588} INFO - Filling up the DagBag from /home/airflow/.local/lib/python3.12/site-packages/airflow/example_dags/example_trigger_controller_dag.py
[2026-05-28T09:01:14.644+0000] {processor.py:925} INFO - DAG(s) 'example_trigger_controller_dag' retrieved from /home/airflow/.local/lib/python3.12/site-packages/airflow/example_dags/example_trigger_controller_dag.py
[2026-05-28T09:01:14.707+0000] {logging_mixin.py:190} INFO - [2026-05-28T09:01:14.706+0000] {dag.py:3239} INFO - Sync 1 DAGs
[2026-05-28T09:01:14.766+0000] {logging_mixin.py:190} INFO - [2026-05-28T09:01:14.765+0000] {dag.py:4180} INFO - Setting next_dagrun for example_trigger_controller_dag to 2021-01-01 00:00:00+00:00, run_after=2021-01-01 00:00:00+00:00
[2026-05-28T09:01:14.832+0000] {processor.py:208} INFO - Processing /home/airflow/.local/lib/python3.12/site-packages/airflow/example_dags/example_trigger_controller_dag.py took 0.235 seconds
[2026-05-28T09:02:38.271+0000] {processor.py:186} INFO - Started process (PID=7484) to work on /home/airflow/.local/lib/python3.12/site-packages/airflow/example_dags/example_trigger_controller_dag.py
[2026-05-28T09:02:38.275+0000] {processor.py:914} INFO - Processing file /home/airflow/.local/lib/python3.12/site-packages/airflow/example_dags/example_trigger_controller_dag.py for tasks to queue
[2026-05-28T09:02:38.281+0000] {logging_mixin.py:190} INFO - [2026-05-28T09:02:38.280+0000] {dagbag.py:588} INFO - Filling up the DagBag from /home/airflow/.local/lib/python3.12/site-packages/airflow/example_dags/example_trigger_controller_dag.py
[2026-05-28T09:02:38.313+0000] {processor.py:925} INFO - DAG(s) 'example_trigger_controller_dag' retrieved from /home/airflow/.local/lib/python3.12/site-packages/airflow/example_dags/example_trigger_controller_dag.py
[2026-05-28T09:02:38.440+0000] {logging_mixin.py:190} INFO - [2026-05-28T09:02:38.439+0000] {dag.py:3239} INFO - Sync 1 DAGs
[2026-05-28T09:02:38.597+0000] {logging_mixin.py:190} INFO - [2026-05-28T09:02:38.595+0000] {dag.py:4180} INFO - Setting next_dagrun for example_trigger_controller_dag to 2021-01-01 00:00:00+00:00, run_after=2021-01-01 00:00:00+00:00
[2026-05-28T09:02:38.737+0000] {processor.py:208} INFO - Processing /home/airflow/.local/lib/python3.12/site-packages/airflow/example_dags/example_trigger_controller_dag.py took 0.494 seconds
[2026-05-28T09:03:30.501+0000] {processor.py:186} INFO - Started process (PID=7557) to work on /home/airflow/.local/lib/python3.12/site-packages/airflow/example_dags/example_trigger_controller_dag.py
[2026-05-28T09:03:30.505+0000] {processor.py:914} INFO - Processing file /home/airflow/.local/lib/python3.12/site-packages/airflow/example_dags/example_trigger_controller_dag.py for tasks to queue
[2026-05-28T09:03:30.511+0000] {logging_mixin.py:190} INFO - [2026-05-28T09:03:30.510+0000] {dagbag.py:588} INFO - Filling up the DagBag from /home/airflow/.local/lib/python3.12/site-packages/airflow/example_dags/example_trigger_controller_dag.py
[2026-05-28T09:03:30.536+0000] {processor.py:925} INFO - DAG(s) 'example_trigger_controller_dag' retrieved from /home/airflow/.local/lib/python3.12/site-packages/airflow/example_dags/example_trigger_controller_dag.py
[2026-05-28T09:03:30.620+0000] {logging_mixin.py:190} INFO - [2026-05-28T09:03:30.619+0000] {dag.py:3239} INFO - Sync 1 DAGs
[2026-05-28T09:03:30.725+0000] {logging_mixin.py:190} INFO - [2026-05-28T09:03:30.724+0000] {dag.py:4180} INFO - Setting next_dagrun for example_trigger_controller_dag to 2021-01-01 00:00:00+00:00, run_after=2021-01-01 00:00:00+00:00
[2026-05-28T09:03:30.792+0000] {processor.py:208} INFO - Processing /home/airflow/.local/lib/python3.12/site-packages/airflow/example_dags/example_trigger_controller_dag.py took 0.308 seconds
[2026-05-28T09:04:20.208+0000] {processor.py:186} INFO - Started process (PID=7628) to work on /home/airflow/.local/lib/python3.12/site-packages/airflow/example_dags/example_trigger_controller_dag.py
[2026-05-28T09:04:20.214+0000] {processor.py:914} INFO - Processing file /home/airflow/.local/lib/python3.12/site-packages/airflow/example_dags/example_trigger_controller_dag.py for tasks to queue
[2026-05-28T09:04:20.222+0000] {logging_mixin.py:190} INFO - [2026-05-28T09:04:20.220+0000] {dagbag.py:588} INFO - Filling up the DagBag from /home/airflow/.local/lib/python3.12/site-packages/airflow/example_dags/example_trigger_controller_dag.py
[2026-05-28T09:04:20.274+0000] {processor.py:925} INFO - DAG(s) 'example_trigger_controller_dag' retrieved from /home/airflow/.local/lib/python3.12/site-packages/airflow/example_dags/example_trigger_controller_dag.py
[2026-05-28T09:04:20.387+0000] {logging_mixin.py:190} INFO - [2026-05-28T09:04:20.385+0000] {dag.py:3239} INFO - Sync 1 DAGs
[2026-05-28T09:04:20.486+0000] {logging_mixin.py:190} INFO - [2026-05-28T09:04:20.484+0000] {dag.py:4180} INFO - Setting next_dagrun for example_trigger_controller_dag to 2021-01-01 00:00:00+00:00, run_after=2021-01-01 00:00:00+00:00
[2026-05-28T09:04:20.553+0000] {processor.py:208} INFO - Processing /home/airflow/.local/lib/python3.12/site-packages/airflow/example_dags/example_trigger_controller_dag.py took 0.375 seconds
[2026-05-28T09:05:08.218+0000] {processor.py:186} INFO - Started process (PID=7696) to work on /home/airflow/.local/lib/python3.12/site-packages/airflow/example_dags/example_trigger_controller_dag.py
[2026-05-28T09:05:08.221+0000] {processor.py:914} INFO - Processing file /home/airflow/.local/lib/python3.12/site-packages/airflow/example_dags/example_trigger_controller_dag.py for tasks to queue
[2026-05-28T09:05:08.226+0000] {logging_mixin.py:190} INFO - [2026-05-28T09:05:08.224+0000] {dagbag.py:588} INFO - Filling up the DagBag from /home/airflow/.local/lib/python3.12/site-packages/airflow/example_dags/example_trigger_controller_dag.py
[2026-05-28T09:05:08.248+0000] {processor.py:925} INFO - DAG(s) 'example_trigger_controller_dag' retrieved from /home/airflow/.local/lib/python3.12/site-packages/airflow/example_dags/example_trigger_controller_dag.py
[2026-05-28T09:05:08.346+0000] {logging_mixin.py:190} INFO - [2026-05-28T09:05:08.346+0000] {dag.py:3239} INFO - Sync 1 DAGs
[2026-05-28T09:05:08.469+0000] {logging_mixin.py:190} INFO - [2026-05-28T09:05:08.468+0000] {dag.py:4180} INFO - Setting next_dagrun for example_trigger_controller_dag to 2021-01-01 00:00:00+00:00, run_after=2021-01-01 00:00:00+00:00
[2026-05-28T09:05:08.556+0000] {processor.py:208} INFO - Processing /home/airflow/.local/lib/python3.12/site-packages/airflow/example_dags/example_trigger_controller_dag.py took 0.361 seconds
[2026-05-28T09:05:53.767+0000] {processor.py:186} INFO - Started process (PID=7772) to work on /home/airflow/.local/lib/python3.12/site-packages/airflow/example_dags/example_trigger_controller_dag.py
[2026-05-28T09:05:53.770+0000] {processor.py:914} INFO - Processing file /home/airflow/.local/lib/python3.12/site-packages/airflow/example_dags/example_trigger_controller_dag.py for tasks to queue
[2026-05-28T09:05:53.773+0000] {logging_mixin.py:190} INFO - [2026-05-28T09:05:53.772+0000] {dagbag.py:588} INFO - Filling up the DagBag from /home/airflow/.local/lib/python3.12/site-packages/airflow/example_dags/example_trigger_controller_dag.py
[2026-05-28T09:05:53.792+0000] {processor.py:925} INFO - DAG(s) 'example_trigger_controller_dag' retrieved from /home/airflow/.local/lib/python3.12/site-packages/airflow/example_dags/example_trigger_controller_dag.py
[2026-05-28T09:05:53.853+0000] {logging_mixin.py:190} INFO - [2026-05-28T09:05:53.853+0000] {dag.py:3239} INFO - Sync 1 DAGs
[2026-05-28T09:05:53.916+0000] {logging_mixin.py:190} INFO - [2026-05-28T09:05:53.915+0000] {dag.py:4180} INFO - Setting next_dagrun for example_trigger_controller_dag to 2021-01-01 00:00:00+00:00, run_after=2021-01-01 00:00:00+00:00
[2026-05-28T09:05:53.984+0000] {processor.py:208} INFO - Processing /home/airflow/.local/lib/python3.12/site-packages/airflow/example_dags/example_trigger_controller_dag.py took 0.233 seconds
[2026-05-28T09:06:42.885+0000] {processor.py:186} INFO - Started process (PID=7835) to work on /home/airflow/.local/lib/python3.12/site-packages/airflow/example_dags/example_trigger_controller_dag.py
[2026-05-28T09:06:42.889+0000] {processor.py:914} INFO - Processing file /home/airflow/.local/lib/python3.12/site-packages/airflow/example_dags/example_trigger_controller_dag.py for tasks to queue
[2026-05-28T09:06:42.894+0000] {logging_mixin.py:190} INFO - [2026-05-28T09:06:42.892+0000] {dagbag.py:588} INFO - Filling up the DagBag from /home/airflow/.local/lib/python3.12/site-packages/airflow/example_dags/example_trigger_controller_dag.py
[2026-05-28T09:06:42.915+0000] {processor.py:925} INFO - DAG(s) 'example_trigger_controller_dag' retrieved from /home/airflow/.local/lib/python3.12/site-packages/airflow/example_dags/example_trigger_controller_dag.py
[2026-05-28T09:06:42.988+0000] {logging_mixin.py:190} INFO - [2026-05-28T09:06:42.987+0000] {dag.py:3239} INFO - Sync 1 DAGs
[2026-05-28T09:06:43.062+0000] {logging_mixin.py:190} INFO - [2026-05-28T09:06:43.061+0000] {dag.py:4180} INFO - Setting next_dagrun for example_trigger_controller_dag to 2021-01-01 00:00:00+00:00, run_after=2021-01-01 00:00:00+00:00
[2026-05-28T09:06:43.119+0000] {processor.py:208} INFO - Processing /home/airflow/.local/lib/python3.12/site-packages/airflow/example_dags/example_trigger_controller_dag.py took 0.256 seconds
[2026-05-28T09:07:39.149+0000] {processor.py:186} INFO - Started process (PID=7903) to work on /home/airflow/.local/lib/python3.12/site-packages/airflow/example_dags/example_trigger_controller_dag.py
[2026-05-28T09:07:39.152+0000] {processor.py:914} INFO - Processing file /home/airflow/.local/lib/python3.12/site-packages/airflow/example_dags/example_trigger_controller_dag.py for tasks to queue
[2026-05-28T09:07:39.155+0000] {logging_mixin.py:190} INFO - [2026-05-28T09:07:39.154+0000] {dagbag.py:588} INFO - Filling up the DagBag from /home/airflow/.local/lib/python3.12/site-packages/airflow/example_dags/example_trigger_controller_dag.py
[2026-05-28T09:07:39.172+0000] {processor.py:925} INFO - DAG(s) 'example_trigger_controller_dag' retrieved from /home/airflow/.local/lib/python3.12/site-packages/airflow/example_dags/example_trigger_controller_dag.py
[2026-05-28T09:07:39.231+0000] {logging_mixin.py:190} INFO - [2026-05-28T09:07:39.230+0000] {dag.py:3239} INFO - Sync 1 DAGs
[2026-05-28T09:07:39.302+0000] {logging_mixin.py:190} INFO - [2026-05-28T09:07:39.301+0000] {dag.py:4180} INFO - Setting next_dagrun for example_trigger_controller_dag to 2021-01-01 00:00:00+00:00, run_after=2021-01-01 00:00:00+00:00
[2026-05-28T09:07:39.353+0000] {processor.py:208} INFO - Processing /home/airflow/.local/lib/python3.12/site-packages/airflow/example_dags/example_trigger_controller_dag.py took 0.218 seconds
[2026-05-28T09:08:36.045+0000] {processor.py:186} INFO - Started process (PID=7986) to work on /home/airflow/.local/lib/python3.12/site-packages/airflow/example_dags/example_trigger_controller_dag.py
[2026-05-28T09:08:36.048+0000] {processor.py:914} INFO - Processing file /home/airflow/.local/lib/python3.12/site-packages/airflow/example_dags/example_trigger_controller_dag.py for tasks to queue
[2026-05-28T09:08:36.053+0000] {logging_mixin.py:190} INFO - [2026-05-28T09:08:36.051+0000] {dagbag.py:588} INFO - Filling up the DagBag from /home/airflow/.local/lib/python3.12/site-packages/airflow/example_dags/example_trigger_controller_dag.py
[2026-05-28T09:08:36.073+0000] {processor.py:925} INFO - DAG(s) 'example_trigger_controller_dag' retrieved from /home/airflow/.local/lib/python3.12/site-packages/airflow/example_dags/example_trigger_controller_dag.py
[2026-05-28T09:08:36.137+0000] {logging_mixin.py:190} INFO - [2026-05-28T09:08:36.137+0000] {dag.py:3239} INFO - Sync 1 DAGs
[2026-05-28T09:08:36.202+0000] {logging_mixin.py:190} INFO - [2026-05-28T09:08:36.201+0000] {dag.py:4180} INFO - Setting next_dagrun for example_trigger_controller_dag to 2021-01-01 00:00:00+00:00, run_after=2021-01-01 00:00:00+00:00
[2026-05-28T09:08:36.258+0000] {processor.py:208} INFO - Processing /home/airflow/.local/lib/python3.12/site-packages/airflow/example_dags/example_trigger_controller_dag.py took 0.231 seconds
[2026-05-28T09:09:43.652+0000] {processor.py:186} INFO - Started process (PID=8069) to work on /home/airflow/.local/lib/python3.12/site-packages/airflow/example_dags/example_trigger_controller_dag.py
[2026-05-28T09:09:43.655+0000] {processor.py:914} INFO - Processing file /home/airflow/.local/lib/python3.12/site-packages/airflow/example_dags/example_trigger_controller_dag.py for tasks to queue
[2026-05-28T09:09:43.658+0000] {logging_mixin.py:190} INFO - [2026-05-28T09:09:43.657+0000] {dagbag.py:588} INFO - Filling up the DagBag from /home/airflow/.local/lib/python3.12/site-packages/airflow/example_dags/example_trigger_controller_dag.py
[2026-05-28T09:09:43.679+0000] {processor.py:925} INFO - DAG(s) 'example_trigger_controller_dag' retrieved from /home/airflow/.local/lib/python3.12/site-packages/airflow/example_dags/example_trigger_controller_dag.py
[2026-05-28T09:09:43.740+0000] {logging_mixin.py:190} INFO - [2026-05-28T09:09:43.740+0000] {dag.py:3239} INFO - Sync 1 DAGs
[2026-05-28T09:09:43.791+0000] {logging_mixin.py:190} INFO - [2026-05-28T09:09:43.791+0000] {dag.py:4180} INFO - Setting next_dagrun for example_trigger_controller_dag to 2021-01-01 00:00:00+00:00, run_after=2021-01-01 00:00:00+00:00
[2026-05-28T09:09:43.863+0000] {processor.py:208} INFO - Processing /home/airflow/.local/lib/python3.12/site-packages/airflow/example_dags/example_trigger_controller_dag.py took 0.229 seconds
[2026-05-28T09:10:31.574+0000] {processor.py:186} INFO - Started process (PID=8138) to work on /home/airflow/.local/lib/python3.12/site-packages/airflow/example_dags/example_trigger_controller_dag.py
[2026-05-28T09:10:31.577+0000] {processor.py:914} INFO - Processing file /home/airflow/.local/lib/python3.12/site-packages/airflow/example_dags/example_trigger_controller_dag.py for tasks to queue
[2026-05-28T09:10:31.581+0000] {logging_mixin.py:190} INFO - [2026-05-28T09:10:31.580+0000] {dagbag.py:588} INFO - Filling up the DagBag from /home/airflow/.local/lib/python3.12/site-packages/airflow/example_dags/example_trigger_controller_dag.py
[2026-05-28T09:10:31.600+0000] {processor.py:925} INFO - DAG(s) 'example_trigger_controller_dag' retrieved from /home/airflow/.local/lib/python3.12/site-packages/airflow/example_dags/example_trigger_controller_dag.py
[2026-05-28T09:10:31.665+0000] {logging_mixin.py:190} INFO - [2026-05-28T09:10:31.664+0000] {dag.py:3239} INFO - Sync 1 DAGs
[2026-05-28T09:10:31.721+0000] {logging_mixin.py:190} INFO - [2026-05-28T09:10:31.720+0000] {dag.py:4180} INFO - Setting next_dagrun for example_trigger_controller_dag to 2021-01-01 00:00:00+00:00, run_after=2021-01-01 00:00:00+00:00
[2026-05-28T09:10:31.771+0000] {processor.py:208} INFO - Processing /home/airflow/.local/lib/python3.12/site-packages/airflow/example_dags/example_trigger_controller_dag.py took 0.210 seconds
[2026-05-28T09:11:24.402+0000] {processor.py:186} INFO - Started process (PID=8219) to work on /home/airflow/.local/lib/python3.12/site-packages/airflow/example_dags/example_trigger_controller_dag.py
[2026-05-28T09:11:24.410+0000] {processor.py:914} INFO - Processing file /home/airflow/.local/lib/python3.12/site-packages/airflow/example_dags/example_trigger_controller_dag.py for tasks to queue
[2026-05-28T09:11:24.416+0000] {logging_mixin.py:190} INFO - [2026-05-28T09:11:24.415+0000] {dagbag.py:588} INFO - Filling up the DagBag from /home/airflow/.local/lib/python3.12/site-packages/airflow/example_dags/example_trigger_controller_dag.py
[2026-05-28T09:11:24.452+0000] {processor.py:925} INFO - DAG(s) 'example_trigger_controller_dag' retrieved from /home/airflow/.local/lib/python3.12/site-packages/airflow/example_dags/example_trigger_controller_dag.py
[2026-05-28T09:11:24.548+0000] {logging_mixin.py:190} INFO - [2026-05-28T09:11:24.547+0000] {dag.py:3239} INFO - Sync 1 DAGs
[2026-05-28T09:11:24.644+0000] {logging_mixin.py:190} INFO - [2026-05-28T09:11:24.643+0000] {dag.py:4180} INFO - Setting next_dagrun for example_trigger_controller_dag to 2021-01-01 00:00:00+00:00, run_after=2021-01-01 00:00:00+00:00
[2026-05-28T09:11:24.688+0000] {processor.py:208} INFO - Processing /home/airflow/.local/lib/python3.12/site-packages/airflow/example_dags/example_trigger_controller_dag.py took 0.317 seconds
[2026-05-28T09:12:12.692+0000] {processor.py:186} INFO - Started process (PID=8291) to work on /home/airflow/.local/lib/python3.12/site-packages/airflow/example_dags/example_trigger_controller_dag.py
[2026-05-28T09:12:12.695+0000] {processor.py:914} INFO - Processing file /home/airflow/.local/lib/python3.12/site-packages/airflow/example_dags/example_trigger_controller_dag.py for tasks to queue
[2026-05-28T09:12:12.698+0000] {logging_mixin.py:190} INFO - [2026-05-28T09:12:12.697+0000] {dagbag.py:588} INFO - Filling up the DagBag from /home/airflow/.local/lib/python3.12/site-packages/airflow/example_dags/example_trigger_controller_dag.py
[2026-05-28T09:12:12.715+0000] {processor.py:925} INFO - DAG(s) 'example_trigger_controller_dag' retrieved from /home/airflow/.local/lib/python3.12/site-packages/airflow/example_dags/example_trigger_controller_dag.py
[2026-05-28T09:12:12.773+0000] {logging_mixin.py:190} INFO - [2026-05-28T09:12:12.773+0000] {dag.py:3239} INFO - Sync 1 DAGs
[2026-05-28T09:12:12.824+0000] {logging_mixin.py:190} INFO - [2026-05-28T09:12:12.824+0000] {dag.py:4180} INFO - Setting next_dagrun for example_trigger_controller_dag to 2021-01-01 00:00:00+00:00, run_after=2021-01-01 00:00:00+00:00
[2026-05-28T09:12:12.869+0000] {processor.py:208} INFO - Processing /home/airflow/.local/lib/python3.12/site-packages/airflow/example_dags/example_trigger_controller_dag.py took 0.193 seconds
[2026-05-28T09:13:03.527+0000] {processor.py:186} INFO - Started process (PID=8360) to work on /home/airflow/.local/lib/python3.12/site-packages/airflow/example_dags/example_trigger_controller_dag.py
[2026-05-28T09:13:03.530+0000] {processor.py:914} INFO - Processing file /home/airflow/.local/lib/python3.12/site-packages/airflow/example_dags/example_trigger_controller_dag.py for tasks to queue
[2026-05-28T09:13:03.534+0000] {logging_mixin.py:190} INFO - [2026-05-28T09:13:03.533+0000] {dagbag.py:588} INFO - Filling up the DagBag from /home/airflow/.local/lib/python3.12/site-packages/airflow/example_dags/example_trigger_controller_dag.py
[2026-05-28T09:13:03.553+0000] {processor.py:925} INFO - DAG(s) 'example_trigger_controller_dag' retrieved from /home/airflow/.local/lib/python3.12/site-packages/airflow/example_dags/example_trigger_controller_dag.py
[2026-05-28T09:13:03.612+0000] {logging_mixin.py:190} INFO - [2026-05-28T09:13:03.611+0000] {dag.py:3239} INFO - Sync 1 DAGs
[2026-05-28T09:13:03.667+0000] {logging_mixin.py:190} INFO - [2026-05-28T09:13:03.667+0000] {dag.py:4180} INFO - Setting next_dagrun for example_trigger_controller_dag to 2021-01-01 00:00:00+00:00, run_after=2021-01-01 00:00:00+00:00
[2026-05-28T09:13:03.726+0000] {processor.py:208} INFO - Processing /home/airflow/.local/lib/python3.12/site-packages/airflow/example_dags/example_trigger_controller_dag.py took 0.213 seconds
[2026-05-28T09:13:56.566+0000] {processor.py:186} INFO - Started process (PID=8428) to work on /home/airflow/.local/lib/python3.12/site-packages/airflow/example_dags/example_trigger_controller_dag.py
[2026-05-28T09:13:56.569+0000] {processor.py:914} INFO - Processing file /home/airflow/.local/lib/python3.12/site-packages/airflow/example_dags/example_trigger_controller_dag.py for tasks to queue
[2026-05-28T09:13:56.574+0000] {logging_mixin.py:190} INFO - [2026-05-28T09:13:56.572+0000] {dagbag.py:588} INFO - Filling up the DagBag from /home/airflow/.local/lib/python3.12/site-packages/airflow/example_dags/example_trigger_controller_dag.py
[2026-05-28T09:13:56.597+0000] {processor.py:925} INFO - DAG(s) 'example_trigger_controller_dag' retrieved from /home/airflow/.local/lib/python3.12/site-packages/airflow/example_dags/example_trigger_controller_dag.py
[2026-05-28T09:13:56.678+0000] {logging_mixin.py:190} INFO - [2026-05-28T09:13:56.677+0000] {dag.py:3239} INFO - Sync 1 DAGs
[2026-05-28T09:13:56.836+0000] {logging_mixin.py:190} INFO - [2026-05-28T09:13:56.825+0000] {dag.py:4180} INFO - Setting next_dagrun for example_trigger_controller_dag to 2021-01-01 00:00:00+00:00, run_after=2021-01-01 00:00:00+00:00
[2026-05-28T09:13:56.992+0000] {processor.py:208} INFO - Processing /home/airflow/.local/lib/python3.12/site-packages/airflow/example_dags/example_trigger_controller_dag.py took 0.444 seconds
[2026-05-28T09:14:51.143+0000] {processor.py:186} INFO - Started process (PID=8499) to work on /home/airflow/.local/lib/python3.12/site-packages/airflow/example_dags/example_trigger_controller_dag.py
[2026-05-28T09:14:51.146+0000] {processor.py:914} INFO - Processing file /home/airflow/.local/lib/python3.12/site-packages/airflow/example_dags/example_trigger_controller_dag.py for tasks to queue
[2026-05-28T09:14:51.151+0000] {logging_mixin.py:190} INFO - [2026-05-28T09:14:51.150+0000] {dagbag.py:588} INFO - Filling up the DagBag from /home/airflow/.local/lib/python3.12/site-packages/airflow/example_dags/example_trigger_controller_dag.py
[2026-05-28T09:14:51.204+0000] {processor.py:925} INFO - DAG(s) 'example_trigger_controller_dag' retrieved from /home/airflow/.local/lib/python3.12/site-packages/airflow/example_dags/example_trigger_controller_dag.py
[2026-05-28T09:14:51.297+0000] {logging_mixin.py:190} INFO - [2026-05-28T09:14:51.296+0000] {dag.py:3239} INFO - Sync 1 DAGs
[2026-05-28T09:14:51.371+0000] {logging_mixin.py:190} INFO - [2026-05-28T09:14:51.370+0000] {dag.py:4180} INFO - Setting next_dagrun for example_trigger_controller_dag to 2021-01-01 00:00:00+00:00, run_after=2021-01-01 00:00:00+00:00
[2026-05-28T09:14:51.428+0000] {processor.py:208} INFO - Processing /home/airflow/.local/lib/python3.12/site-packages/airflow/example_dags/example_trigger_controller_dag.py took 0.301 seconds
[2026-05-28T09:15:50.803+0000] {processor.py:186} INFO - Started process (PID=8557) to work on /home/airflow/.local/lib/python3.12/site-packages/airflow/example_dags/example_trigger_controller_dag.py
[2026-05-28T09:15:50.806+0000] {processor.py:914} INFO - Processing file /home/airflow/.local/lib/python3.12/site-packages/airflow/example_dags/example_trigger_controller_dag.py for tasks to queue
[2026-05-28T09:15:50.810+0000] {logging_mixin.py:190} INFO - [2026-05-28T09:15:50.809+0000] {dagbag.py:588} INFO - Filling up the DagBag from /home/airflow/.local/lib/python3.12/site-packages/airflow/example_dags/example_trigger_controller_dag.py
[2026-05-28T09:15:50.830+0000] {processor.py:925} INFO - DAG(s) 'example_trigger_controller_dag' retrieved from /home/airflow/.local/lib/python3.12/site-packages/airflow/example_dags/example_trigger_controller_dag.py
[2026-05-28T09:15:50.906+0000] {logging_mixin.py:190} INFO - [2026-05-28T09:15:50.905+0000] {dag.py:3239} INFO - Sync 1 DAGs
[2026-05-28T09:15:50.976+0000] {logging_mixin.py:190} INFO - [2026-05-28T09:15:50.976+0000] {dag.py:4180} INFO - Setting next_dagrun for example_trigger_controller_dag to 2021-01-01 00:00:00+00:00, run_after=2021-01-01 00:00:00+00:00
[2026-05-28T09:15:51.030+0000] {processor.py:208} INFO - Processing /home/airflow/.local/lib/python3.12/site-packages/airflow/example_dags/example_trigger_controller_dag.py took 0.246 seconds
[2026-05-28T09:16:52.147+0000] {processor.py:186} INFO - Started process (PID=8646) to work on /home/airflow/.local/lib/python3.12/site-packages/airflow/example_dags/example_trigger_controller_dag.py
[2026-05-28T09:16:52.149+0000] {processor.py:914} INFO - Processing file /home/airflow/.local/lib/python3.12/site-packages/airflow/example_dags/example_trigger_controller_dag.py for tasks to queue
[2026-05-28T09:16:52.153+0000] {logging_mixin.py:190} INFO - [2026-05-28T09:16:52.153+0000] {dagbag.py:588} INFO - Filling up the DagBag from /home/airflow/.local/lib/python3.12/site-packages/airflow/example_dags/example_trigger_controller_dag.py
[2026-05-28T09:16:52.172+0000] {processor.py:925} INFO - DAG(s) 'example_trigger_controller_dag' retrieved from /home/airflow/.local/lib/python3.12/site-packages/airflow/example_dags/example_trigger_controller_dag.py
[2026-05-28T09:16:52.247+0000] {logging_mixin.py:190} INFO - [2026-05-28T09:16:52.246+0000] {dag.py:3239} INFO - Sync 1 DAGs
[2026-05-28T09:16:52.332+0000] {logging_mixin.py:190} INFO - [2026-05-28T09:16:52.331+0000] {dag.py:4180} INFO - Setting next_dagrun for example_trigger_controller_dag to 2021-01-01 00:00:00+00:00, run_after=2021-01-01 00:00:00+00:00
[2026-05-28T09:16:52.389+0000] {processor.py:208} INFO - Processing /home/airflow/.local/lib/python3.12/site-packages/airflow/example_dags/example_trigger_controller_dag.py took 0.259 seconds
[2026-05-28T09:18:03.794+0000] {processor.py:186} INFO - Started process (PID=8725) to work on /home/airflow/.local/lib/python3.12/site-packages/airflow/example_dags/example_trigger_controller_dag.py
[2026-05-28T09:18:03.797+0000] {processor.py:914} INFO - Processing file /home/airflow/.local/lib/python3.12/site-packages/airflow/example_dags/example_trigger_controller_dag.py for tasks to queue
[2026-05-28T09:18:03.800+0000] {logging_mixin.py:190} INFO - [2026-05-28T09:18:03.799+0000] {dagbag.py:588} INFO - Filling up the DagBag from /home/airflow/.local/lib/python3.12/site-packages/airflow/example_dags/example_trigger_controller_dag.py
[2026-05-28T09:18:03.823+0000] {processor.py:925} INFO - DAG(s) 'example_trigger_controller_dag' retrieved from /home/airflow/.local/lib/python3.12/site-packages/airflow/example_dags/example_trigger_controller_dag.py
[2026-05-28T09:18:03.891+0000] {logging_mixin.py:190} INFO - [2026-05-28T09:18:03.890+0000] {dag.py:3239} INFO - Sync 1 DAGs
[2026-05-28T09:18:03.956+0000] {logging_mixin.py:190} INFO - [2026-05-28T09:18:03.956+0000] {dag.py:4180} INFO - Setting next_dagrun for example_trigger_controller_dag to 2021-01-01 00:00:00+00:00, run_after=2021-01-01 00:00:00+00:00
[2026-05-28T09:18:04.003+0000] {processor.py:208} INFO - Processing /home/airflow/.local/lib/python3.12/site-packages/airflow/example_dags/example_trigger_controller_dag.py took 0.224 seconds
[2026-05-28T09:19:10.054+0000] {processor.py:186} INFO - Started process (PID=8803) to work on /home/airflow/.local/lib/python3.12/site-packages/airflow/example_dags/example_trigger_controller_dag.py
[2026-05-28T09:19:10.056+0000] {processor.py:914} INFO - Processing file /home/airflow/.local/lib/python3.12/site-packages/airflow/example_dags/example_trigger_controller_dag.py for tasks to queue
[2026-05-28T09:19:10.061+0000] {logging_mixin.py:190} INFO - [2026-05-28T09:19:10.059+0000] {dagbag.py:588} INFO - Filling up the DagBag from /home/airflow/.local/lib/python3.12/site-packages/airflow/example_dags/example_trigger_controller_dag.py
[2026-05-28T09:19:10.082+0000] {processor.py:925} INFO - DAG(s) 'example_trigger_controller_dag' retrieved from /home/airflow/.local/lib/python3.12/site-packages/airflow/example_dags/example_trigger_controller_dag.py
[2026-05-28T09:19:10.147+0000] {logging_mixin.py:190} INFO - [2026-05-28T09:19:10.146+0000] {dag.py:3239} INFO - Sync 1 DAGs
[2026-05-28T09:19:10.214+0000] {logging_mixin.py:190} INFO - [2026-05-28T09:19:10.213+0000] {dag.py:4180} INFO - Setting next_dagrun for example_trigger_controller_dag to 2021-01-01 00:00:00+00:00, run_after=2021-01-01 00:00:00+00:00
[2026-05-28T09:19:10.289+0000] {processor.py:208} INFO - Processing /home/airflow/.local/lib/python3.12/site-packages/airflow/example_dags/example_trigger_controller_dag.py took 0.251 seconds
[2026-05-28T09:20:04.425+0000] {processor.py:186} INFO - Started process (PID=8894) to work on /home/airflow/.local/lib/python3.12/site-packages/airflow/example_dags/example_trigger_controller_dag.py
[2026-05-28T09:20:04.427+0000] {processor.py:914} INFO - Processing file /home/airflow/.local/lib/python3.12/site-packages/airflow/example_dags/example_trigger_controller_dag.py for tasks to queue
[2026-05-28T09:20:04.431+0000] {logging_mixin.py:190} INFO - [2026-05-28T09:20:04.430+0000] {dagbag.py:588} INFO - Filling up the DagBag from /home/airflow/.local/lib/python3.12/site-packages/airflow/example_dags/example_trigger_controller_dag.py
[2026-05-28T09:20:04.446+0000] {processor.py:925} INFO - DAG(s) 'example_trigger_controller_dag' retrieved from /home/airflow/.local/lib/python3.12/site-packages/airflow/example_dags/example_trigger_controller_dag.py
[2026-05-28T09:20:04.507+0000] {logging_mixin.py:190} INFO - [2026-05-28T09:20:04.506+0000] {dag.py:3239} INFO - Sync 1 DAGs
[2026-05-28T09:20:04.580+0000] {logging_mixin.py:190} INFO - [2026-05-28T09:20:04.579+0000] {dag.py:4180} INFO - Setting next_dagrun for example_trigger_controller_dag to 2021-01-01 00:00:00+00:00, run_after=2021-01-01 00:00:00+00:00
[2026-05-28T09:20:04.642+0000] {processor.py:208} INFO - Processing /home/airflow/.local/lib/python3.12/site-packages/airflow/example_dags/example_trigger_controller_dag.py took 0.229 seconds
[2026-05-28T09:21:06.212+0000] {processor.py:186} INFO - Started process (PID=8984) to work on /home/airflow/.local/lib/python3.12/site-packages/airflow/example_dags/example_trigger_controller_dag.py
[2026-05-28T09:21:06.214+0000] {processor.py:914} INFO - Processing file /home/airflow/.local/lib/python3.12/site-packages/airflow/example_dags/example_trigger_controller_dag.py for tasks to queue
[2026-05-28T09:21:06.220+0000] {logging_mixin.py:190} INFO - [2026-05-28T09:21:06.219+0000] {dagbag.py:588} INFO - Filling up the DagBag from /home/airflow/.local/lib/python3.12/site-packages/airflow/example_dags/example_trigger_controller_dag.py
[2026-05-28T09:21:06.236+0000] {processor.py:925} INFO - DAG(s) 'example_trigger_controller_dag' retrieved from /home/airflow/.local/lib/python3.12/site-packages/airflow/example_dags/example_trigger_controller_dag.py
[2026-05-28T09:21:06.294+0000] {logging_mixin.py:190} INFO - [2026-05-28T09:21:06.294+0000] {dag.py:3239} INFO - Sync 1 DAGs
[2026-05-28T09:21:06.358+0000] {logging_mixin.py:190} INFO - [2026-05-28T09:21:06.358+0000] {dag.py:4180} INFO - Setting next_dagrun for example_trigger_controller_dag to 2021-01-01 00:00:00+00:00, run_after=2021-01-01 00:00:00+00:00
[2026-05-28T09:21:06.405+0000] {processor.py:208} INFO - Processing /home/airflow/.local/lib/python3.12/site-packages/airflow/example_dags/example_trigger_controller_dag.py took 0.208 seconds
[2026-05-28T09:21:49.743+0000] {processor.py:186} INFO - Started process (PID=9046) to work on /home/airflow/.local/lib/python3.12/site-packages/airflow/example_dags/example_trigger_controller_dag.py
[2026-05-28T09:21:49.745+0000] {processor.py:914} INFO - Processing file /home/airflow/.local/lib/python3.12/site-packages/airflow/example_dags/example_trigger_controller_dag.py for tasks to queue
[2026-05-28T09:21:49.749+0000] {logging_mixin.py:190} INFO - [2026-05-28T09:21:49.748+0000] {dagbag.py:588} INFO - Filling up the DagBag from /home/airflow/.local/lib/python3.12/site-packages/airflow/example_dags/example_trigger_controller_dag.py
[2026-05-28T09:21:49.768+0000] {processor.py:925} INFO - DAG(s) 'example_trigger_controller_dag' retrieved from /home/airflow/.local/lib/python3.12/site-packages/airflow/example_dags/example_trigger_controller_dag.py
[2026-05-28T09:21:49.832+0000] {logging_mixin.py:190} INFO - [2026-05-28T09:21:49.830+0000] {dag.py:3239} INFO - Sync 1 DAGs
[2026-05-28T09:21:49.913+0000] {logging_mixin.py:190} INFO - [2026-05-28T09:21:49.912+0000] {dag.py:4180} INFO - Setting next_dagrun for example_trigger_controller_dag to 2021-01-01 00:00:00+00:00, run_after=2021-01-01 00:00:00+00:00
[2026-05-28T09:21:49.974+0000] {processor.py:208} INFO - Processing /home/airflow/.local/lib/python3.12/site-packages/airflow/example_dags/example_trigger_controller_dag.py took 0.249 seconds
[2026-05-28T09:22:43.039+0000] {processor.py:186} INFO - Started process (PID=9119) to work on /home/airflow/.local/lib/python3.12/site-packages/airflow/example_dags/example_trigger_controller_dag.py
[2026-05-28T09:22:43.042+0000] {processor.py:914} INFO - Processing file /home/airflow/.local/lib/python3.12/site-packages/airflow/example_dags/example_trigger_controller_dag.py for tasks to queue
[2026-05-28T09:22:43.047+0000] {logging_mixin.py:190} INFO - [2026-05-28T09:22:43.046+0000] {dagbag.py:588} INFO - Filling up the DagBag from /home/airflow/.local/lib/python3.12/site-packages/airflow/example_dags/example_trigger_controller_dag.py
[2026-05-28T09:22:43.071+0000] {processor.py:925} INFO - DAG(s) 'example_trigger_controller_dag' retrieved from /home/airflow/.local/lib/python3.12/site-packages/airflow/example_dags/example_trigger_controller_dag.py
[2026-05-28T09:22:43.137+0000] {logging_mixin.py:190} INFO - [2026-05-28T09:22:43.136+0000] {dag.py:3239} INFO - Sync 1 DAGs
[2026-05-28T09:22:43.219+0000] {logging_mixin.py:190} INFO - [2026-05-28T09:22:43.218+0000] {dag.py:4180} INFO - Setting next_dagrun for example_trigger_controller_dag to 2021-01-01 00:00:00+00:00, run_after=2021-01-01 00:00:00+00:00
[2026-05-28T09:22:43.273+0000] {processor.py:208} INFO - Processing /home/airflow/.local/lib/python3.12/site-packages/airflow/example_dags/example_trigger_controller_dag.py took 0.250 seconds
[2026-05-28T09:23:34.767+0000] {processor.py:186} INFO - Started process (PID=9188) to work on /home/airflow/.local/lib/python3.12/site-packages/airflow/example_dags/example_trigger_controller_dag.py
[2026-05-28T09:23:34.770+0000] {processor.py:914} INFO - Processing file /home/airflow/.local/lib/python3.12/site-packages/airflow/example_dags/example_trigger_controller_dag.py for tasks to queue
[2026-05-28T09:23:34.774+0000] {logging_mixin.py:190} INFO - [2026-05-28T09:23:34.773+0000] {dagbag.py:588} INFO - Filling up the DagBag from /home/airflow/.local/lib/python3.12/site-packages/airflow/example_dags/example_trigger_controller_dag.py
[2026-05-28T09:23:34.792+0000] {processor.py:925} INFO - DAG(s) 'example_trigger_controller_dag' retrieved from /home/airflow/.local/lib/python3.12/site-packages/airflow/example_dags/example_trigger_controller_dag.py
[2026-05-28T09:23:34.870+0000] {logging_mixin.py:190} INFO - [2026-05-28T09:23:34.869+0000] {dag.py:3239} INFO - Sync 1 DAGs
[2026-05-28T09:23:34.961+0000] {logging_mixin.py:190} INFO - [2026-05-28T09:23:34.960+0000] {dag.py:4180} INFO - Setting next_dagrun for example_trigger_controller_dag to 2021-01-01 00:00:00+00:00, run_after=2021-01-01 00:00:00+00:00
[2026-05-28T09:23:35.032+0000] {processor.py:208} INFO - Processing /home/airflow/.local/lib/python3.12/site-packages/airflow/example_dags/example_trigger_controller_dag.py took 0.281 seconds
[2026-05-28T09:24:23.084+0000] {processor.py:186} INFO - Started process (PID=9261) to work on /home/airflow/.local/lib/python3.12/site-packages/airflow/example_dags/example_trigger_controller_dag.py
[2026-05-28T09:24:23.087+0000] {processor.py:914} INFO - Processing file /home/airflow/.local/lib/python3.12/site-packages/airflow/example_dags/example_trigger_controller_dag.py for tasks to queue
[2026-05-28T09:24:23.092+0000] {logging_mixin.py:190} INFO - [2026-05-28T09:24:23.091+0000] {dagbag.py:588} INFO - Filling up the DagBag from /home/airflow/.local/lib/python3.12/site-packages/airflow/example_dags/example_trigger_controller_dag.py
[2026-05-28T09:24:23.113+0000] {processor.py:925} INFO - DAG(s) 'example_trigger_controller_dag' retrieved from /home/airflow/.local/lib/python3.12/site-packages/airflow/example_dags/example_trigger_controller_dag.py
[2026-05-28T09:24:23.186+0000] {logging_mixin.py:190} INFO - [2026-05-28T09:24:23.185+0000] {dag.py:3239} INFO - Sync 1 DAGs
[2026-05-28T09:24:23.248+0000] {logging_mixin.py:190} INFO - [2026-05-28T09:24:23.247+0000] {dag.py:4180} INFO - Setting next_dagrun for example_trigger_controller_dag to 2021-01-01 00:00:00+00:00, run_after=2021-01-01 00:00:00+00:00
[2026-05-28T09:24:23.301+0000] {processor.py:208} INFO - Processing /home/airflow/.local/lib/python3.12/site-packages/airflow/example_dags/example_trigger_controller_dag.py took 0.234 seconds
[2026-05-28T09:25:07.203+0000] {processor.py:186} INFO - Started process (PID=9335) to work on /home/airflow/.local/lib/python3.12/site-packages/airflow/example_dags/example_trigger_controller_dag.py
[2026-05-28T09:25:07.206+0000] {processor.py:914} INFO - Processing file /home/airflow/.local/lib/python3.12/site-packages/airflow/example_dags/example_trigger_controller_dag.py for tasks to queue
[2026-05-28T09:25:07.209+0000] {logging_mixin.py:190} INFO - [2026-05-28T09:25:07.208+0000] {dagbag.py:588} INFO - Filling up the DagBag from /home/airflow/.local/lib/python3.12/site-packages/airflow/example_dags/example_trigger_controller_dag.py
[2026-05-28T09:25:07.235+0000] {processor.py:925} INFO - DAG(s) 'example_trigger_controller_dag' retrieved from /home/airflow/.local/lib/python3.12/site-packages/airflow/example_dags/example_trigger_controller_dag.py
[2026-05-28T09:25:07.305+0000] {logging_mixin.py:190} INFO - [2026-05-28T09:25:07.304+0000] {dag.py:3239} INFO - Sync 1 DAGs
[2026-05-28T09:25:07.354+0000] {logging_mixin.py:190} INFO - [2026-05-28T09:25:07.354+0000] {dag.py:4180} INFO - Setting next_dagrun for example_trigger_controller_dag to 2021-01-01 00:00:00+00:00, run_after=2021-01-01 00:00:00+00:00
[2026-05-28T09:25:07.396+0000] {processor.py:208} INFO - Processing /home/airflow/.local/lib/python3.12/site-packages/airflow/example_dags/example_trigger_controller_dag.py took 0.210 seconds
[2026-05-28T09:25:50.926+0000] {processor.py:186} INFO - Started process (PID=9420) to work on /home/airflow/.local/lib/python3.12/site-packages/airflow/example_dags/example_trigger_controller_dag.py
[2026-05-28T09:25:50.929+0000] {processor.py:914} INFO - Processing file /home/airflow/.local/lib/python3.12/site-packages/airflow/example_dags/example_trigger_controller_dag.py for tasks to queue
[2026-05-28T09:25:50.932+0000] {logging_mixin.py:190} INFO - [2026-05-28T09:25:50.932+0000] {dagbag.py:588} INFO - Filling up the DagBag from /home/airflow/.local/lib/python3.12/site-packages/airflow/example_dags/example_trigger_controller_dag.py
[2026-05-28T09:25:50.951+0000] {processor.py:925} INFO - DAG(s) 'example_trigger_controller_dag' retrieved from /home/airflow/.local/lib/python3.12/site-packages/airflow/example_dags/example_trigger_controller_dag.py
[2026-05-28T09:25:51.007+0000] {logging_mixin.py:190} INFO - [2026-05-28T09:25:51.006+0000] {dag.py:3239} INFO - Sync 1 DAGs
[2026-05-28T09:25:51.064+0000] {logging_mixin.py:190} INFO - [2026-05-28T09:25:51.064+0000] {dag.py:4180} INFO - Setting next_dagrun for example_trigger_controller_dag to 2021-01-01 00:00:00+00:00, run_after=2021-01-01 00:00:00+00:00
[2026-05-28T09:25:51.110+0000] {processor.py:208} INFO - Processing /home/airflow/.local/lib/python3.12/site-packages/airflow/example_dags/example_trigger_controller_dag.py took 0.201 seconds
[2026-05-28T09:26:40.921+0000] {processor.py:186} INFO - Started process (PID=9488) to work on /home/airflow/.local/lib/python3.12/site-packages/airflow/example_dags/example_trigger_controller_dag.py
[2026-05-28T09:26:40.924+0000] {processor.py:914} INFO - Processing file /home/airflow/.local/lib/python3.12/site-packages/airflow/example_dags/example_trigger_controller_dag.py for tasks to queue
[2026-05-28T09:26:40.928+0000] {logging_mixin.py:190} INFO - [2026-05-28T09:26:40.927+0000] {dagbag.py:588} INFO - Filling up the DagBag from /home/airflow/.local/lib/python3.12/site-packages/airflow/example_dags/example_trigger_controller_dag.py
[2026-05-28T09:26:40.947+0000] {processor.py:925} INFO - DAG(s) 'example_trigger_controller_dag' retrieved from /home/airflow/.local/lib/python3.12/site-packages/airflow/example_dags/example_trigger_controller_dag.py
[2026-05-28T09:26:41.016+0000] {logging_mixin.py:190} INFO - [2026-05-28T09:26:41.014+0000] {dag.py:3239} INFO - Sync 1 DAGs
[2026-05-28T09:26:41.086+0000] {logging_mixin.py:190} INFO - [2026-05-28T09:26:41.085+0000] {dag.py:4180} INFO - Setting next_dagrun for example_trigger_controller_dag to 2021-01-01 00:00:00+00:00, run_after=2021-01-01 00:00:00+00:00
[2026-05-28T09:26:41.144+0000] {processor.py:208} INFO - Processing /home/airflow/.local/lib/python3.12/site-packages/airflow/example_dags/example_trigger_controller_dag.py took 0.242 seconds
[2026-05-28T09:27:22.911+0000] {processor.py:186} INFO - Started process (PID=9583) to work on /home/airflow/.local/lib/python3.12/site-packages/airflow/example_dags/example_trigger_controller_dag.py
[2026-05-28T09:27:22.913+0000] {processor.py:914} INFO - Processing file /home/airflow/.local/lib/python3.12/site-packages/airflow/example_dags/example_trigger_controller_dag.py for tasks to queue
[2026-05-28T09:27:22.917+0000] {logging_mixin.py:190} INFO - [2026-05-28T09:27:22.916+0000] {dagbag.py:588} INFO - Filling up the DagBag from /home/airflow/.local/lib/python3.12/site-packages/airflow/example_dags/example_trigger_controller_dag.py
[2026-05-28T09:27:22.933+0000] {processor.py:925} INFO - DAG(s) 'example_trigger_controller_dag' retrieved from /home/airflow/.local/lib/python3.12/site-packages/airflow/example_dags/example_trigger_controller_dag.py
[2026-05-28T09:27:22.993+0000] {logging_mixin.py:190} INFO - [2026-05-28T09:27:22.992+0000] {dag.py:3239} INFO - Sync 1 DAGs
[2026-05-28T09:27:23.053+0000] {logging_mixin.py:190} INFO - [2026-05-28T09:27:23.053+0000] {dag.py:4180} INFO - Setting next_dagrun for example_trigger_controller_dag to 2021-01-01 00:00:00+00:00, run_after=2021-01-01 00:00:00+00:00
[2026-05-28T09:27:23.096+0000] {processor.py:208} INFO - Processing /home/airflow/.local/lib/python3.12/site-packages/airflow/example_dags/example_trigger_controller_dag.py took 0.201 seconds
[2026-05-28T09:28:07.399+0000] {processor.py:186} INFO - Started process (PID=9667) to work on /home/airflow/.local/lib/python3.12/site-packages/airflow/example_dags/example_trigger_controller_dag.py
[2026-05-28T09:28:07.402+0000] {processor.py:914} INFO - Processing file /home/airflow/.local/lib/python3.12/site-packages/airflow/example_dags/example_trigger_controller_dag.py for tasks to queue
[2026-05-28T09:28:07.406+0000] {logging_mixin.py:190} INFO - [2026-05-28T09:28:07.405+0000] {dagbag.py:588} INFO - Filling up the DagBag from /home/airflow/.local/lib/python3.12/site-packages/airflow/example_dags/example_trigger_controller_dag.py
[2026-05-28T09:28:07.425+0000] {processor.py:925} INFO - DAG(s) 'example_trigger_controller_dag' retrieved from /home/airflow/.local/lib/python3.12/site-packages/airflow/example_dags/example_trigger_controller_dag.py
[2026-05-28T09:28:07.480+0000] {logging_mixin.py:190} INFO - [2026-05-28T09:28:07.480+0000] {dag.py:3239} INFO - Sync 1 DAGs
[2026-05-28T09:28:07.561+0000] {logging_mixin.py:190} INFO - [2026-05-28T09:28:07.560+0000] {dag.py:4180} INFO - Setting next_dagrun for example_trigger_controller_dag to 2021-01-01 00:00:00+00:00, run_after=2021-01-01 00:00:00+00:00
[2026-05-28T09:28:07.608+0000] {processor.py:208} INFO - Processing /home/airflow/.local/lib/python3.12/site-packages/airflow/example_dags/example_trigger_controller_dag.py took 0.221 seconds
[2026-05-28T09:29:11.784+0000] {processor.py:186} INFO - Started process (PID=9737) to work on /home/airflow/.local/lib/python3.12/site-packages/airflow/example_dags/example_trigger_controller_dag.py
[2026-05-28T09:29:11.787+0000] {processor.py:914} INFO - Processing file /home/airflow/.local/lib/python3.12/site-packages/airflow/example_dags/example_trigger_controller_dag.py for tasks to queue
[2026-05-28T09:29:11.791+0000] {logging_mixin.py:190} INFO - [2026-05-28T09:29:11.790+0000] {dagbag.py:588} INFO - Filling up the DagBag from /home/airflow/.local/lib/python3.12/site-packages/airflow/example_dags/example_trigger_controller_dag.py
[2026-05-28T09:29:11.810+0000] {processor.py:925} INFO - DAG(s) 'example_trigger_controller_dag' retrieved from /home/airflow/.local/lib/python3.12/site-packages/airflow/example_dags/example_trigger_controller_dag.py
[2026-05-28T09:29:11.896+0000] {logging_mixin.py:190} INFO - [2026-05-28T09:29:11.895+0000] {dag.py:3239} INFO - Sync 1 DAGs
[2026-05-28T09:29:12.022+0000] {logging_mixin.py:190} INFO - [2026-05-28T09:29:12.019+0000] {dag.py:4180} INFO - Setting next_dagrun for example_trigger_controller_dag to 2021-01-01 00:00:00+00:00, run_after=2021-01-01 00:00:00+00:00
[2026-05-28T09:29:12.111+0000] {processor.py:208} INFO - Processing /home/airflow/.local/lib/python3.12/site-packages/airflow/example_dags/example_trigger_controller_dag.py took 0.344 seconds
[2026-05-28T09:30:01.170+0000] {processor.py:186} INFO - Started process (PID=9818) to work on /home/airflow/.local/lib/python3.12/site-packages/airflow/example_dags/example_trigger_controller_dag.py
[2026-05-28T09:30:01.172+0000] {processor.py:914} INFO - Processing file /home/airflow/.local/lib/python3.12/site-packages/airflow/example_dags/example_trigger_controller_dag.py for tasks to queue
[2026-05-28T09:30:01.176+0000] {logging_mixin.py:190} INFO - [2026-05-28T09:30:01.175+0000] {dagbag.py:588} INFO - Filling up the DagBag from /home/airflow/.local/lib/python3.12/site-packages/airflow/example_dags/example_trigger_controller_dag.py
[2026-05-28T09:30:01.190+0000] {processor.py:925} INFO - DAG(s) 'example_trigger_controller_dag' retrieved from /home/airflow/.local/lib/python3.12/site-packages/airflow/example_dags/example_trigger_controller_dag.py
[2026-05-28T09:30:01.243+0000] {logging_mixin.py:190} INFO - [2026-05-28T09:30:01.242+0000] {dag.py:3239} INFO - Sync 1 DAGs
[2026-05-28T09:30:01.316+0000] {logging_mixin.py:190} INFO - [2026-05-28T09:30:01.316+0000] {dag.py:4180} INFO - Setting next_dagrun for example_trigger_controller_dag to 2021-01-01 00:00:00+00:00, run_after=2021-01-01 00:00:00+00:00
[2026-05-28T09:30:01.359+0000] {processor.py:208} INFO - Processing /home/airflow/.local/lib/python3.12/site-packages/airflow/example_dags/example_trigger_controller_dag.py took 0.202 seconds
[2026-05-28T09:30:55.077+0000] {processor.py:186} INFO - Started process (PID=9919) to work on /home/airflow/.local/lib/python3.12/site-packages/airflow/example_dags/example_trigger_controller_dag.py
[2026-05-28T09:30:55.079+0000] {processor.py:914} INFO - Processing file /home/airflow/.local/lib/python3.12/site-packages/airflow/example_dags/example_trigger_controller_dag.py for tasks to queue
[2026-05-28T09:30:55.082+0000] {logging_mixin.py:190} INFO - [2026-05-28T09:30:55.081+0000] {dagbag.py:588} INFO - Filling up the DagBag from /home/airflow/.local/lib/python3.12/site-packages/airflow/example_dags/example_trigger_controller_dag.py
[2026-05-28T09:30:55.101+0000] {processor.py:925} INFO - DAG(s) 'example_trigger_controller_dag' retrieved from /home/airflow/.local/lib/python3.12/site-packages/airflow/example_dags/example_trigger_controller_dag.py
[2026-05-28T09:30:55.162+0000] {logging_mixin.py:190} INFO - [2026-05-28T09:30:55.161+0000] {dag.py:3239} INFO - Sync 1 DAGs
[2026-05-28T09:30:55.234+0000] {logging_mixin.py:190} INFO - [2026-05-28T09:30:55.233+0000] {dag.py:4180} INFO - Setting next_dagrun for example_trigger_controller_dag to 2021-01-01 00:00:00+00:00, run_after=2021-01-01 00:00:00+00:00
[2026-05-28T09:30:55.314+0000] {processor.py:208} INFO - Processing /home/airflow/.local/lib/python3.12/site-packages/airflow/example_dags/example_trigger_controller_dag.py took 0.250 seconds
[2026-05-28T09:31:43.603+0000] {processor.py:186} INFO - Started process (PID=9992) to work on /home/airflow/.local/lib/python3.12/site-packages/airflow/example_dags/example_trigger_controller_dag.py
[2026-05-28T09:31:43.606+0000] {processor.py:914} INFO - Processing file /home/airflow/.local/lib/python3.12/site-packages/airflow/example_dags/example_trigger_controller_dag.py for tasks to queue
[2026-05-28T09:31:43.609+0000] {logging_mixin.py:190} INFO - [2026-05-28T09:31:43.608+0000] {dagbag.py:588} INFO - Filling up the DagBag from /home/airflow/.local/lib/python3.12/site-packages/airflow/example_dags/example_trigger_controller_dag.py
[2026-05-28T09:31:43.629+0000] {processor.py:925} INFO - DAG(s) 'example_trigger_controller_dag' retrieved from /home/airflow/.local/lib/python3.12/site-packages/airflow/example_dags/example_trigger_controller_dag.py
[2026-05-28T09:31:43.683+0000] {logging_mixin.py:190} INFO - [2026-05-28T09:31:43.683+0000] {dag.py:3239} INFO - Sync 1 DAGs
[2026-05-28T09:31:43.740+0000] {logging_mixin.py:190} INFO - [2026-05-28T09:31:43.740+0000] {dag.py:4180} INFO - Setting next_dagrun for example_trigger_controller_dag to 2021-01-01 00:00:00+00:00, run_after=2021-01-01 00:00:00+00:00
[2026-05-28T09:31:43.785+0000] {processor.py:208} INFO - Processing /home/airflow/.local/lib/python3.12/site-packages/airflow/example_dags/example_trigger_controller_dag.py took 0.195 seconds
[2026-05-28T09:32:31.893+0000] {processor.py:186} INFO - Started process (PID=10065) to work on /home/airflow/.local/lib/python3.12/site-packages/airflow/example_dags/example_trigger_controller_dag.py
[2026-05-28T09:32:31.896+0000] {processor.py:914} INFO - Processing file /home/airflow/.local/lib/python3.12/site-packages/airflow/example_dags/example_trigger_controller_dag.py for tasks to queue
[2026-05-28T09:32:31.900+0000] {logging_mixin.py:190} INFO - [2026-05-28T09:32:31.899+0000] {dagbag.py:588} INFO - Filling up the DagBag from /home/airflow/.local/lib/python3.12/site-packages/airflow/example_dags/example_trigger_controller_dag.py
[2026-05-28T09:32:31.921+0000] {processor.py:925} INFO - DAG(s) 'example_trigger_controller_dag' retrieved from /home/airflow/.local/lib/python3.12/site-packages/airflow/example_dags/example_trigger_controller_dag.py
[2026-05-28T09:32:31.999+0000] {logging_mixin.py:190} INFO - [2026-05-28T09:32:31.999+0000] {dag.py:3239} INFO - Sync 1 DAGs
[2026-05-28T09:32:32.091+0000] {logging_mixin.py:190} INFO - [2026-05-28T09:32:32.090+0000] {dag.py:4180} INFO - Setting next_dagrun for example_trigger_controller_dag to 2021-01-01 00:00:00+00:00, run_after=2021-01-01 00:00:00+00:00
[2026-05-28T09:32:32.167+0000] {processor.py:208} INFO - Processing /home/airflow/.local/lib/python3.12/site-packages/airflow/example_dags/example_trigger_controller_dag.py took 0.295 seconds
[2026-05-28T09:33:24.814+0000] {processor.py:186} INFO - Started process (PID=10149) to work on /home/airflow/.local/lib/python3.12/site-packages/airflow/example_dags/example_trigger_controller_dag.py
[2026-05-28T09:33:24.816+0000] {processor.py:914} INFO - Processing file /home/airflow/.local/lib/python3.12/site-packages/airflow/example_dags/example_trigger_controller_dag.py for tasks to queue
[2026-05-28T09:33:24.820+0000] {logging_mixin.py:190} INFO - [2026-05-28T09:33:24.819+0000] {dagbag.py:588} INFO - Filling up the DagBag from /home/airflow/.local/lib/python3.12/site-packages/airflow/example_dags/example_trigger_controller_dag.py
[2026-05-28T09:33:24.838+0000] {processor.py:925} INFO - DAG(s) 'example_trigger_controller_dag' retrieved from /home/airflow/.local/lib/python3.12/site-packages/airflow/example_dags/example_trigger_controller_dag.py
[2026-05-28T09:33:24.893+0000] {logging_mixin.py:190} INFO - [2026-05-28T09:33:24.893+0000] {dag.py:3239} INFO - Sync 1 DAGs
[2026-05-28T09:33:24.946+0000] {logging_mixin.py:190} INFO - [2026-05-28T09:33:24.945+0000] {dag.py:4180} INFO - Setting next_dagrun for example_trigger_controller_dag to 2021-01-01 00:00:00+00:00, run_after=2021-01-01 00:00:00+00:00
[2026-05-28T09:33:25.018+0000] {processor.py:208} INFO - Processing /home/airflow/.local/lib/python3.12/site-packages/airflow/example_dags/example_trigger_controller_dag.py took 0.221 seconds
[2026-05-28T09:34:09.238+0000] {processor.py:186} INFO - Started process (PID=10217) to work on /home/airflow/.local/lib/python3.12/site-packages/airflow/example_dags/example_trigger_controller_dag.py
[2026-05-28T09:34:09.241+0000] {processor.py:914} INFO - Processing file /home/airflow/.local/lib/python3.12/site-packages/airflow/example_dags/example_trigger_controller_dag.py for tasks to queue
[2026-05-28T09:34:09.245+0000] {logging_mixin.py:190} INFO - [2026-05-28T09:34:09.244+0000] {dagbag.py:588} INFO - Filling up the DagBag from /home/airflow/.local/lib/python3.12/site-packages/airflow/example_dags/example_trigger_controller_dag.py
[2026-05-28T09:34:09.263+0000] {processor.py:925} INFO - DAG(s) 'example_trigger_controller_dag' retrieved from /home/airflow/.local/lib/python3.12/site-packages/airflow/example_dags/example_trigger_controller_dag.py
[2026-05-28T09:34:09.321+0000] {logging_mixin.py:190} INFO - [2026-05-28T09:34:09.320+0000] {dag.py:3239} INFO - Sync 1 DAGs
[2026-05-28T09:34:09.385+0000] {logging_mixin.py:190} INFO - [2026-05-28T09:34:09.384+0000] {dag.py:4180} INFO - Setting next_dagrun for example_trigger_controller_dag to 2021-01-01 00:00:00+00:00, run_after=2021-01-01 00:00:00+00:00
[2026-05-28T09:34:09.434+0000] {processor.py:208} INFO - Processing /home/airflow/.local/lib/python3.12/site-packages/airflow/example_dags/example_trigger_controller_dag.py took 0.208 seconds
[2026-05-28T09:34:56.660+0000] {processor.py:186} INFO - Started process (PID=10285) to work on /home/airflow/.local/lib/python3.12/site-packages/airflow/example_dags/example_trigger_controller_dag.py
[2026-05-28T09:34:56.663+0000] {processor.py:914} INFO - Processing file /home/airflow/.local/lib/python3.12/site-packages/airflow/example_dags/example_trigger_controller_dag.py for tasks to queue
[2026-05-28T09:34:56.666+0000] {logging_mixin.py:190} INFO - [2026-05-28T09:34:56.665+0000] {dagbag.py:588} INFO - Filling up the DagBag from /home/airflow/.local/lib/python3.12/site-packages/airflow/example_dags/example_trigger_controller_dag.py
[2026-05-28T09:34:56.682+0000] {processor.py:925} INFO - DAG(s) 'example_trigger_controller_dag' retrieved from /home/airflow/.local/lib/python3.12/site-packages/airflow/example_dags/example_trigger_controller_dag.py
[2026-05-28T09:34:56.750+0000] {logging_mixin.py:190} INFO - [2026-05-28T09:34:56.749+0000] {dag.py:3239} INFO - Sync 1 DAGs
[2026-05-28T09:34:56.804+0000] {logging_mixin.py:190} INFO - [2026-05-28T09:34:56.803+0000] {dag.py:4180} INFO - Setting next_dagrun for example_trigger_controller_dag to 2021-01-01 00:00:00+00:00, run_after=2021-01-01 00:00:00+00:00
[2026-05-28T09:34:56.855+0000] {processor.py:208} INFO - Processing /home/airflow/.local/lib/python3.12/site-packages/airflow/example_dags/example_trigger_controller_dag.py took 0.208 seconds
[2026-05-28T09:35:41.559+0000] {processor.py:186} INFO - Started process (PID=10350) to work on /home/airflow/.local/lib/python3.12/site-packages/airflow/example_dags/example_trigger_controller_dag.py
[2026-05-28T09:35:41.562+0000] {processor.py:914} INFO - Processing file /home/airflow/.local/lib/python3.12/site-packages/airflow/example_dags/example_trigger_controller_dag.py for tasks to queue
[2026-05-28T09:35:41.565+0000] {logging_mixin.py:190} INFO - [2026-05-28T09:35:41.564+0000] {dagbag.py:588} INFO - Filling up the DagBag from /home/airflow/.local/lib/python3.12/site-packages/airflow/example_dags/example_trigger_controller_dag.py
[2026-05-28T09:35:41.584+0000] {processor.py:925} INFO - DAG(s) 'example_trigger_controller_dag' retrieved from /home/airflow/.local/lib/python3.12/site-packages/airflow/example_dags/example_trigger_controller_dag.py
[2026-05-28T09:35:41.640+0000] {logging_mixin.py:190} INFO - [2026-05-28T09:35:41.640+0000] {dag.py:3239} INFO - Sync 1 DAGs
[2026-05-28T09:35:41.699+0000] {logging_mixin.py:190} INFO - [2026-05-28T09:35:41.698+0000] {dag.py:4180} INFO - Setting next_dagrun for example_trigger_controller_dag to 2021-01-01 00:00:00+00:00, run_after=2021-01-01 00:00:00+00:00
[2026-05-28T09:35:41.750+0000] {processor.py:208} INFO - Processing /home/airflow/.local/lib/python3.12/site-packages/airflow/example_dags/example_trigger_controller_dag.py took 0.204 seconds
[2026-05-28T09:36:43.000+0000] {processor.py:186} INFO - Started process (PID=10424) to work on /home/airflow/.local/lib/python3.12/site-packages/airflow/example_dags/example_trigger_controller_dag.py
[2026-05-28T09:36:43.003+0000] {processor.py:914} INFO - Processing file /home/airflow/.local/lib/python3.12/site-packages/airflow/example_dags/example_trigger_controller_dag.py for tasks to queue
[2026-05-28T09:36:43.007+0000] {logging_mixin.py:190} INFO - [2026-05-28T09:36:43.006+0000] {dagbag.py:588} INFO - Filling up the DagBag from /home/airflow/.local/lib/python3.12/site-packages/airflow/example_dags/example_trigger_controller_dag.py
[2026-05-28T09:36:43.033+0000] {processor.py:925} INFO - DAG(s) 'example_trigger_controller_dag' retrieved from /home/airflow/.local/lib/python3.12/site-packages/airflow/example_dags/example_trigger_controller_dag.py
[2026-05-28T09:36:43.097+0000] {logging_mixin.py:190} INFO - [2026-05-28T09:36:43.096+0000] {dag.py:3239} INFO - Sync 1 DAGs
[2026-05-28T09:36:43.174+0000] {logging_mixin.py:190} INFO - [2026-05-28T09:36:43.174+0000] {dag.py:4180} INFO - Setting next_dagrun for example_trigger_controller_dag to 2021-01-01 00:00:00+00:00, run_after=2021-01-01 00:00:00+00:00
[2026-05-28T09:36:43.225+0000] {processor.py:208} INFO - Processing /home/airflow/.local/lib/python3.12/site-packages/airflow/example_dags/example_trigger_controller_dag.py took 0.244 seconds
[2026-05-28T09:37:39.613+0000] {processor.py:186} INFO - Started process (PID=10506) to work on /home/airflow/.local/lib/python3.12/site-packages/airflow/example_dags/example_trigger_controller_dag.py
[2026-05-28T09:37:39.615+0000] {processor.py:914} INFO - Processing file /home/airflow/.local/lib/python3.12/site-packages/airflow/example_dags/example_trigger_controller_dag.py for tasks to queue
[2026-05-28T09:37:39.620+0000] {logging_mixin.py:190} INFO - [2026-05-28T09:37:39.619+0000] {dagbag.py:588} INFO - Filling up the DagBag from /home/airflow/.local/lib/python3.12/site-packages/airflow/example_dags/example_trigger_controller_dag.py
[2026-05-28T09:37:39.644+0000] {processor.py:925} INFO - DAG(s) 'example_trigger_controller_dag' retrieved from /home/airflow/.local/lib/python3.12/site-packages/airflow/example_dags/example_trigger_controller_dag.py
[2026-05-28T09:37:39.713+0000] {logging_mixin.py:190} INFO - [2026-05-28T09:37:39.713+0000] {dag.py:3239} INFO - Sync 1 DAGs
[2026-05-28T09:37:39.777+0000] {logging_mixin.py:190} INFO - [2026-05-28T09:37:39.776+0000] {dag.py:4180} INFO - Setting next_dagrun for example_trigger_controller_dag to 2021-01-01 00:00:00+00:00, run_after=2021-01-01 00:00:00+00:00
[2026-05-28T09:37:39.834+0000] {processor.py:208} INFO - Processing /home/airflow/.local/lib/python3.12/site-packages/airflow/example_dags/example_trigger_controller_dag.py took 0.236 seconds
[2026-05-28T09:38:36.320+0000] {processor.py:186} INFO - Started process (PID=10574) to work on /home/airflow/.local/lib/python3.12/site-packages/airflow/example_dags/example_trigger_controller_dag.py
[2026-05-28T09:38:36.322+0000] {processor.py:914} INFO - Processing file /home/airflow/.local/lib/python3.12/site-packages/airflow/example_dags/example_trigger_controller_dag.py for tasks to queue
[2026-05-28T09:38:36.327+0000] {logging_mixin.py:190} INFO - [2026-05-28T09:38:36.326+0000] {dagbag.py:588} INFO - Filling up the DagBag from /home/airflow/.local/lib/python3.12/site-packages/airflow/example_dags/example_trigger_controller_dag.py
[2026-05-28T09:38:36.349+0000] {processor.py:925} INFO - DAG(s) 'example_trigger_controller_dag' retrieved from /home/airflow/.local/lib/python3.12/site-packages/airflow/example_dags/example_trigger_controller_dag.py
[2026-05-28T09:38:36.421+0000] {logging_mixin.py:190} INFO - [2026-05-28T09:38:36.420+0000] {dag.py:3239} INFO - Sync 1 DAGs
[2026-05-28T09:38:36.510+0000] {logging_mixin.py:190} INFO - [2026-05-28T09:38:36.509+0000] {dag.py:4180} INFO - Setting next_dagrun for example_trigger_controller_dag to 2021-01-01 00:00:00+00:00, run_after=2021-01-01 00:00:00+00:00
[2026-05-28T09:38:36.568+0000] {processor.py:208} INFO - Processing /home/airflow/.local/lib/python3.12/site-packages/airflow/example_dags/example_trigger_controller_dag.py took 0.265 seconds
[2026-05-28T09:39:34.793+0000] {processor.py:186} INFO - Started process (PID=10662) to work on /home/airflow/.local/lib/python3.12/site-packages/airflow/example_dags/example_trigger_controller_dag.py
[2026-05-28T09:39:34.796+0000] {processor.py:914} INFO - Processing file /home/airflow/.local/lib/python3.12/site-packages/airflow/example_dags/example_trigger_controller_dag.py for tasks to queue
[2026-05-28T09:39:34.800+0000] {logging_mixin.py:190} INFO - [2026-05-28T09:39:34.799+0000] {dagbag.py:588} INFO - Filling up the DagBag from /home/airflow/.local/lib/python3.12/site-packages/airflow/example_dags/example_trigger_controller_dag.py
[2026-05-28T09:39:34.823+0000] {processor.py:925} INFO - DAG(s) 'example_trigger_controller_dag' retrieved from /home/airflow/.local/lib/python3.12/site-packages/airflow/example_dags/example_trigger_controller_dag.py
[2026-05-28T09:39:34.911+0000] {logging_mixin.py:190} INFO - [2026-05-28T09:39:34.910+0000] {dag.py:3239} INFO - Sync 1 DAGs
[2026-05-28T09:39:35.006+0000] {logging_mixin.py:190} INFO - [2026-05-28T09:39:35.005+0000] {dag.py:4180} INFO - Setting next_dagrun for example_trigger_controller_dag to 2021-01-01 00:00:00+00:00, run_after=2021-01-01 00:00:00+00:00
[2026-05-28T09:39:35.064+0000] {processor.py:208} INFO - Processing /home/airflow/.local/lib/python3.12/site-packages/airflow/example_dags/example_trigger_controller_dag.py took 0.285 seconds
[2026-05-28T09:40:33.369+0000] {processor.py:186} INFO - Started process (PID=10744) to work on /home/airflow/.local/lib/python3.12/site-packages/airflow/example_dags/example_trigger_controller_dag.py
[2026-05-28T09:40:33.372+0000] {processor.py:914} INFO - Processing file /home/airflow/.local/lib/python3.12/site-packages/airflow/example_dags/example_trigger_controller_dag.py for tasks to queue
[2026-05-28T09:40:33.376+0000] {logging_mixin.py:190} INFO - [2026-05-28T09:40:33.375+0000] {dagbag.py:588} INFO - Filling up the DagBag from /home/airflow/.local/lib/python3.12/site-packages/airflow/example_dags/example_trigger_controller_dag.py
[2026-05-28T09:40:33.403+0000] {processor.py:925} INFO - DAG(s) 'example_trigger_controller_dag' retrieved from /home/airflow/.local/lib/python3.12/site-packages/airflow/example_dags/example_trigger_controller_dag.py
[2026-05-28T09:40:33.503+0000] {logging_mixin.py:190} INFO - [2026-05-28T09:40:33.502+0000] {dag.py:3239} INFO - Sync 1 DAGs
[2026-05-28T09:40:33.590+0000] {logging_mixin.py:190} INFO - [2026-05-28T09:40:33.589+0000] {dag.py:4180} INFO - Setting next_dagrun for example_trigger_controller_dag to 2021-01-01 00:00:00+00:00, run_after=2021-01-01 00:00:00+00:00
[2026-05-28T09:40:33.662+0000] {processor.py:208} INFO - Processing /home/airflow/.local/lib/python3.12/site-packages/airflow/example_dags/example_trigger_controller_dag.py took 0.318 seconds
[2026-05-28T09:41:33.914+0000] {processor.py:186} INFO - Started process (PID=10826) to work on /home/airflow/.local/lib/python3.12/site-packages/airflow/example_dags/example_trigger_controller_dag.py
[2026-05-28T09:41:33.917+0000] {processor.py:914} INFO - Processing file /home/airflow/.local/lib/python3.12/site-packages/airflow/example_dags/example_trigger_controller_dag.py for tasks to queue
[2026-05-28T09:41:33.921+0000] {logging_mixin.py:190} INFO - [2026-05-28T09:41:33.920+0000] {dagbag.py:588} INFO - Filling up the DagBag from /home/airflow/.local/lib/python3.12/site-packages/airflow/example_dags/example_trigger_controller_dag.py
[2026-05-28T09:41:33.939+0000] {processor.py:925} INFO - DAG(s) 'example_trigger_controller_dag' retrieved from /home/airflow/.local/lib/python3.12/site-packages/airflow/example_dags/example_trigger_controller_dag.py
[2026-05-28T09:41:34.002+0000] {logging_mixin.py:190} INFO - [2026-05-28T09:41:34.001+0000] {dag.py:3239} INFO - Sync 1 DAGs
[2026-05-28T09:41:34.066+0000] {logging_mixin.py:190} INFO - [2026-05-28T09:41:34.065+0000] {dag.py:4180} INFO - Setting next_dagrun for example_trigger_controller_dag to 2021-01-01 00:00:00+00:00, run_after=2021-01-01 00:00:00+00:00
[2026-05-28T09:41:34.111+0000] {processor.py:208} INFO - Processing /home/airflow/.local/lib/python3.12/site-packages/airflow/example_dags/example_trigger_controller_dag.py took 0.212 seconds
[2026-05-28T09:42:23.977+0000] {processor.py:186} INFO - Started process (PID=10894) to work on /home/airflow/.local/lib/python3.12/site-packages/airflow/example_dags/example_trigger_controller_dag.py
[2026-05-28T09:42:23.980+0000] {processor.py:914} INFO - Processing file /home/airflow/.local/lib/python3.12/site-packages/airflow/example_dags/example_trigger_controller_dag.py for tasks to queue
[2026-05-28T09:42:23.984+0000] {logging_mixin.py:190} INFO - [2026-05-28T09:42:23.983+0000] {dagbag.py:588} INFO - Filling up the DagBag from /home/airflow/.local/lib/python3.12/site-packages/airflow/example_dags/example_trigger_controller_dag.py
[2026-05-28T09:42:24.003+0000] {processor.py:925} INFO - DAG(s) 'example_trigger_controller_dag' retrieved from /home/airflow/.local/lib/python3.12/site-packages/airflow/example_dags/example_trigger_controller_dag.py
[2026-05-28T09:42:24.069+0000] {logging_mixin.py:190} INFO - [2026-05-28T09:42:24.068+0000] {dag.py:3239} INFO - Sync 1 DAGs
[2026-05-28T09:42:24.129+0000] {logging_mixin.py:190} INFO - [2026-05-28T09:42:24.128+0000] {dag.py:4180} INFO - Setting next_dagrun for example_trigger_controller_dag to 2021-01-01 00:00:00+00:00, run_after=2021-01-01 00:00:00+00:00
[2026-05-28T09:42:24.179+0000] {processor.py:208} INFO - Processing /home/airflow/.local/lib/python3.12/site-packages/airflow/example_dags/example_trigger_controller_dag.py took 0.221 seconds
[2026-05-28T09:43:30.424+0000] {processor.py:186} INFO - Started process (PID=11021) to work on /home/airflow/.local/lib/python3.12/site-packages/airflow/example_dags/example_trigger_controller_dag.py
[2026-05-28T09:43:30.428+0000] {processor.py:914} INFO - Processing file /home/airflow/.local/lib/python3.12/site-packages/airflow/example_dags/example_trigger_controller_dag.py for tasks to queue
[2026-05-28T09:43:30.433+0000] {logging_mixin.py:190} INFO - [2026-05-28T09:43:30.432+0000] {dagbag.py:588} INFO - Filling up the DagBag from /home/airflow/.local/lib/python3.12/site-packages/airflow/example_dags/example_trigger_controller_dag.py
[2026-05-28T09:43:30.463+0000] {processor.py:925} INFO - DAG(s) 'example_trigger_controller_dag' retrieved from /home/airflow/.local/lib/python3.12/site-packages/airflow/example_dags/example_trigger_controller_dag.py
[2026-05-28T09:43:30.563+0000] {logging_mixin.py:190} INFO - [2026-05-28T09:43:30.563+0000] {dag.py:3239} INFO - Sync 1 DAGs
[2026-05-28T09:43:30.622+0000] {logging_mixin.py:190} INFO - [2026-05-28T09:43:30.622+0000] {dag.py:4180} INFO - Setting next_dagrun for example_trigger_controller_dag to 2021-01-01 00:00:00+00:00, run_after=2021-01-01 00:00:00+00:00
[2026-05-28T09:43:30.667+0000] {processor.py:208} INFO - Processing /home/airflow/.local/lib/python3.12/site-packages/airflow/example_dags/example_trigger_controller_dag.py took 0.262 seconds
[2026-05-28T09:44:28.745+0000] {processor.py:186} INFO - Started process (PID=11090) to work on /home/airflow/.local/lib/python3.12/site-packages/airflow/example_dags/example_trigger_controller_dag.py
[2026-05-28T09:44:28.749+0000] {processor.py:914} INFO - Processing file /home/airflow/.local/lib/python3.12/site-packages/airflow/example_dags/example_trigger_controller_dag.py for tasks to queue
[2026-05-28T09:44:28.753+0000] {logging_mixin.py:190} INFO - [2026-05-28T09:44:28.752+0000] {dagbag.py:588} INFO - Filling up the DagBag from /home/airflow/.local/lib/python3.12/site-packages/airflow/example_dags/example_trigger_controller_dag.py
[2026-05-28T09:44:28.774+0000] {processor.py:925} INFO - DAG(s) 'example_trigger_controller_dag' retrieved from /home/airflow/.local/lib/python3.12/site-packages/airflow/example_dags/example_trigger_controller_dag.py
[2026-05-28T09:44:28.851+0000] {logging_mixin.py:190} INFO - [2026-05-28T09:44:28.850+0000] {dag.py:3239} INFO - Sync 1 DAGs
[2026-05-28T09:44:28.927+0000] {logging_mixin.py:190} INFO - [2026-05-28T09:44:28.927+0000] {dag.py:4180} INFO - Setting next_dagrun for example_trigger_controller_dag to 2021-01-01 00:00:00+00:00, run_after=2021-01-01 00:00:00+00:00
[2026-05-28T09:44:28.990+0000] {processor.py:208} INFO - Processing /home/airflow/.local/lib/python3.12/site-packages/airflow/example_dags/example_trigger_controller_dag.py took 0.263 seconds
[2026-05-28T09:45:28.966+0000] {processor.py:186} INFO - Started process (PID=11181) to work on /home/airflow/.local/lib/python3.12/site-packages/airflow/example_dags/example_trigger_controller_dag.py
[2026-05-28T09:45:28.969+0000] {processor.py:914} INFO - Processing file /home/airflow/.local/lib/python3.12/site-packages/airflow/example_dags/example_trigger_controller_dag.py for tasks to queue
[2026-05-28T09:45:28.973+0000] {logging_mixin.py:190} INFO - [2026-05-28T09:45:28.972+0000] {dagbag.py:588} INFO - Filling up the DagBag from /home/airflow/.local/lib/python3.12/site-packages/airflow/example_dags/example_trigger_controller_dag.py
[2026-05-28T09:45:28.994+0000] {processor.py:925} INFO - DAG(s) 'example_trigger_controller_dag' retrieved from /home/airflow/.local/lib/python3.12/site-packages/airflow/example_dags/example_trigger_controller_dag.py
[2026-05-28T09:45:29.070+0000] {logging_mixin.py:190} INFO - [2026-05-28T09:45:29.069+0000] {dag.py:3239} INFO - Sync 1 DAGs
[2026-05-28T09:45:29.143+0000] {logging_mixin.py:190} INFO - [2026-05-28T09:45:29.142+0000] {dag.py:4180} INFO - Setting next_dagrun for example_trigger_controller_dag to 2021-01-01 00:00:00+00:00, run_after=2021-01-01 00:00:00+00:00
[2026-05-28T09:45:29.201+0000] {processor.py:208} INFO - Processing /home/airflow/.local/lib/python3.12/site-packages/airflow/example_dags/example_trigger_controller_dag.py took 0.255 seconds
[2026-05-28T09:46:37.303+0000] {processor.py:186} INFO - Started process (PID=11252) to work on /home/airflow/.local/lib/python3.12/site-packages/airflow/example_dags/example_trigger_controller_dag.py
[2026-05-28T09:46:37.306+0000] {processor.py:914} INFO - Processing file /home/airflow/.local/lib/python3.12/site-packages/airflow/example_dags/example_trigger_controller_dag.py for tasks to queue
[2026-05-28T09:46:37.310+0000] {logging_mixin.py:190} INFO - [2026-05-28T09:46:37.309+0000] {dagbag.py:588} INFO - Filling up the DagBag from /home/airflow/.local/lib/python3.12/site-packages/airflow/example_dags/example_trigger_controller_dag.py
[2026-05-28T09:46:37.329+0000] {processor.py:925} INFO - DAG(s) 'example_trigger_controller_dag' retrieved from /home/airflow/.local/lib/python3.12/site-packages/airflow/example_dags/example_trigger_controller_dag.py
[2026-05-28T09:46:37.395+0000] {logging_mixin.py:190} INFO - [2026-05-28T09:46:37.393+0000] {dag.py:3239} INFO - Sync 1 DAGs
[2026-05-28T09:46:37.465+0000] {logging_mixin.py:190} INFO - [2026-05-28T09:46:37.465+0000] {dag.py:4180} INFO - Setting next_dagrun for example_trigger_controller_dag to 2021-01-01 00:00:00+00:00, run_after=2021-01-01 00:00:00+00:00
[2026-05-28T09:46:37.520+0000] {processor.py:208} INFO - Processing /home/airflow/.local/lib/python3.12/site-packages/airflow/example_dags/example_trigger_controller_dag.py took 0.232 seconds
[2026-05-28T09:47:36.663+0000] {processor.py:186} INFO - Started process (PID=11321) to work on /home/airflow/.local/lib/python3.12/site-packages/airflow/example_dags/example_trigger_controller_dag.py
[2026-05-28T09:47:36.667+0000] {processor.py:914} INFO - Processing file /home/airflow/.local/lib/python3.12/site-packages/airflow/example_dags/example_trigger_controller_dag.py for tasks to queue
[2026-05-28T09:47:36.672+0000] {logging_mixin.py:190} INFO - [2026-05-28T09:47:36.671+0000] {dagbag.py:588} INFO - Filling up the DagBag from /home/airflow/.local/lib/python3.12/site-packages/airflow/example_dags/example_trigger_controller_dag.py
[2026-05-28T09:47:36.706+0000] {processor.py:925} INFO - DAG(s) 'example_trigger_controller_dag' retrieved from /home/airflow/.local/lib/python3.12/site-packages/airflow/example_dags/example_trigger_controller_dag.py
[2026-05-28T09:47:36.803+0000] {logging_mixin.py:190} INFO - [2026-05-28T09:47:36.802+0000] {dag.py:3239} INFO - Sync 1 DAGs
[2026-05-28T09:47:36.925+0000] {logging_mixin.py:190} INFO - [2026-05-28T09:47:36.924+0000] {dag.py:4180} INFO - Setting next_dagrun for example_trigger_controller_dag to 2021-01-01 00:00:00+00:00, run_after=2021-01-01 00:00:00+00:00
[2026-05-28T09:47:36.982+0000] {processor.py:208} INFO - Processing /home/airflow/.local/lib/python3.12/site-packages/airflow/example_dags/example_trigger_controller_dag.py took 0.342 seconds
[2026-05-28T09:48:41.041+0000] {processor.py:186} INFO - Started process (PID=11413) to work on /home/airflow/.local/lib/python3.12/site-packages/airflow/example_dags/example_trigger_controller_dag.py
[2026-05-28T09:48:41.044+0000] {processor.py:914} INFO - Processing file /home/airflow/.local/lib/python3.12/site-packages/airflow/example_dags/example_trigger_controller_dag.py for tasks to queue
[2026-05-28T09:48:41.048+0000] {logging_mixin.py:190} INFO - [2026-05-28T09:48:41.047+0000] {dagbag.py:588} INFO - Filling up the DagBag from /home/airflow/.local/lib/python3.12/site-packages/airflow/example_dags/example_trigger_controller_dag.py
[2026-05-28T09:48:41.076+0000] {processor.py:925} INFO - DAG(s) 'example_trigger_controller_dag' retrieved from /home/airflow/.local/lib/python3.12/site-packages/airflow/example_dags/example_trigger_controller_dag.py
[2026-05-28T09:48:41.150+0000] {logging_mixin.py:190} INFO - [2026-05-28T09:48:41.150+0000] {dag.py:3239} INFO - Sync 1 DAGs
[2026-05-28T09:48:41.259+0000] {logging_mixin.py:190} INFO - [2026-05-28T09:48:41.258+0000] {dag.py:4180} INFO - Setting next_dagrun for example_trigger_controller_dag to 2021-01-01 00:00:00+00:00, run_after=2021-01-01 00:00:00+00:00
[2026-05-28T09:48:41.366+0000] {processor.py:208} INFO - Processing /home/airflow/.local/lib/python3.12/site-packages/airflow/example_dags/example_trigger_controller_dag.py took 0.342 seconds
[2026-05-28T09:50:23.468+0000] {processor.py:186} INFO - Started process (PID=11509) to work on /home/airflow/.local/lib/python3.12/site-packages/airflow/example_dags/example_trigger_controller_dag.py
[2026-05-28T09:50:23.478+0000] {processor.py:914} INFO - Processing file /home/airflow/.local/lib/python3.12/site-packages/airflow/example_dags/example_trigger_controller_dag.py for tasks to queue
[2026-05-28T09:50:23.483+0000] {logging_mixin.py:190} INFO - [2026-05-28T09:50:23.481+0000] {dagbag.py:588} INFO - Filling up the DagBag from /home/airflow/.local/lib/python3.12/site-packages/airflow/example_dags/example_trigger_controller_dag.py
[2026-05-28T09:50:23.527+0000] {processor.py:925} INFO - DAG(s) 'example_trigger_controller_dag' retrieved from /home/airflow/.local/lib/python3.12/site-packages/airflow/example_dags/example_trigger_controller_dag.py
[2026-05-28T09:50:23.636+0000] {logging_mixin.py:190} INFO - [2026-05-28T09:50:23.635+0000] {dag.py:3239} INFO - Sync 1 DAGs
[2026-05-28T09:50:23.725+0000] {logging_mixin.py:190} INFO - [2026-05-28T09:50:23.724+0000] {dag.py:4180} INFO - Setting next_dagrun for example_trigger_controller_dag to 2021-01-01 00:00:00+00:00, run_after=2021-01-01 00:00:00+00:00
[2026-05-28T09:50:23.804+0000] {processor.py:208} INFO - Processing /home/airflow/.local/lib/python3.12/site-packages/airflow/example_dags/example_trigger_controller_dag.py took 0.377 seconds
[2026-05-28T09:51:27.051+0000] {processor.py:186} INFO - Started process (PID=11586) to work on /home/airflow/.local/lib/python3.12/site-packages/airflow/example_dags/example_trigger_controller_dag.py
[2026-05-28T09:51:27.054+0000] {processor.py:914} INFO - Processing file /home/airflow/.local/lib/python3.12/site-packages/airflow/example_dags/example_trigger_controller_dag.py for tasks to queue
[2026-05-28T09:51:27.058+0000] {logging_mixin.py:190} INFO - [2026-05-28T09:51:27.057+0000] {dagbag.py:588} INFO - Filling up the DagBag from /home/airflow/.local/lib/python3.12/site-packages/airflow/example_dags/example_trigger_controller_dag.py
[2026-05-28T09:51:27.080+0000] {processor.py:925} INFO - DAG(s) 'example_trigger_controller_dag' retrieved from /home/airflow/.local/lib/python3.12/site-packages/airflow/example_dags/example_trigger_controller_dag.py
[2026-05-28T09:51:27.152+0000] {logging_mixin.py:190} INFO - [2026-05-28T09:51:27.152+0000] {dag.py:3239} INFO - Sync 1 DAGs
[2026-05-28T09:51:27.217+0000] {logging_mixin.py:190} INFO - [2026-05-28T09:51:27.216+0000] {dag.py:4180} INFO - Setting next_dagrun for example_trigger_controller_dag to 2021-01-01 00:00:00+00:00, run_after=2021-01-01 00:00:00+00:00
[2026-05-28T09:51:27.268+0000] {processor.py:208} INFO - Processing /home/airflow/.local/lib/python3.12/site-packages/airflow/example_dags/example_trigger_controller_dag.py took 0.231 seconds
[2026-05-28T09:52:23.278+0000] {processor.py:186} INFO - Started process (PID=11653) to work on /home/airflow/.local/lib/python3.12/site-packages/airflow/example_dags/example_trigger_controller_dag.py
[2026-05-28T09:52:23.281+0000] {processor.py:914} INFO - Processing file /home/airflow/.local/lib/python3.12/site-packages/airflow/example_dags/example_trigger_controller_dag.py for tasks to queue
[2026-05-28T09:52:23.285+0000] {logging_mixin.py:190} INFO - [2026-05-28T09:52:23.284+0000] {dagbag.py:588} INFO - Filling up the DagBag from /home/airflow/.local/lib/python3.12/site-packages/airflow/example_dags/example_trigger_controller_dag.py
[2026-05-28T09:52:23.302+0000] {processor.py:925} INFO - DAG(s) 'example_trigger_controller_dag' retrieved from /home/airflow/.local/lib/python3.12/site-packages/airflow/example_dags/example_trigger_controller_dag.py
[2026-05-28T09:52:23.359+0000] {logging_mixin.py:190} INFO - [2026-05-28T09:52:23.358+0000] {dag.py:3239} INFO - Sync 1 DAGs
[2026-05-28T09:52:23.424+0000] {logging_mixin.py:190} INFO - [2026-05-28T09:52:23.423+0000] {dag.py:4180} INFO - Setting next_dagrun for example_trigger_controller_dag to 2021-01-01 00:00:00+00:00, run_after=2021-01-01 00:00:00+00:00
[2026-05-28T09:52:23.476+0000] {processor.py:208} INFO - Processing /home/airflow/.local/lib/python3.12/site-packages/airflow/example_dags/example_trigger_controller_dag.py took 0.215 seconds
[2026-05-28T09:53:24.301+0000] {processor.py:186} INFO - Started process (PID=11727) to work on /home/airflow/.local/lib/python3.12/site-packages/airflow/example_dags/example_trigger_controller_dag.py
[2026-05-28T09:53:24.305+0000] {processor.py:914} INFO - Processing file /home/airflow/.local/lib/python3.12/site-packages/airflow/example_dags/example_trigger_controller_dag.py for tasks to queue
[2026-05-28T09:53:24.313+0000] {logging_mixin.py:190} INFO - [2026-05-28T09:53:24.312+0000] {dagbag.py:588} INFO - Filling up the DagBag from /home/airflow/.local/lib/python3.12/site-packages/airflow/example_dags/example_trigger_controller_dag.py
[2026-05-28T09:53:24.342+0000] {processor.py:925} INFO - DAG(s) 'example_trigger_controller_dag' retrieved from /home/airflow/.local/lib/python3.12/site-packages/airflow/example_dags/example_trigger_controller_dag.py
[2026-05-28T09:53:24.433+0000] {logging_mixin.py:190} INFO - [2026-05-28T09:53:24.432+0000] {dag.py:3239} INFO - Sync 1 DAGs
[2026-05-28T09:53:24.547+0000] {logging_mixin.py:190} INFO - [2026-05-28T09:53:24.546+0000] {dag.py:4180} INFO - Setting next_dagrun for example_trigger_controller_dag to 2021-01-01 00:00:00+00:00, run_after=2021-01-01 00:00:00+00:00
[2026-05-28T09:53:24.629+0000] {processor.py:208} INFO - Processing /home/airflow/.local/lib/python3.12/site-packages/airflow/example_dags/example_trigger_controller_dag.py took 0.351 seconds
[2026-05-28T09:54:43.462+0000] {processor.py:186} INFO - Started process (PID=11813) to work on /home/airflow/.local/lib/python3.12/site-packages/airflow/example_dags/example_trigger_controller_dag.py
[2026-05-28T09:54:43.466+0000] {processor.py:914} INFO - Processing file /home/airflow/.local/lib/python3.12/site-packages/airflow/example_dags/example_trigger_controller_dag.py for tasks to queue
[2026-05-28T09:54:43.471+0000] {logging_mixin.py:190} INFO - [2026-05-28T09:54:43.470+0000] {dagbag.py:588} INFO - Filling up the DagBag from /home/airflow/.local/lib/python3.12/site-packages/airflow/example_dags/example_trigger_controller_dag.py
[2026-05-28T09:54:43.498+0000] {processor.py:925} INFO - DAG(s) 'example_trigger_controller_dag' retrieved from /home/airflow/.local/lib/python3.12/site-packages/airflow/example_dags/example_trigger_controller_dag.py
[2026-05-28T09:54:43.582+0000] {logging_mixin.py:190} INFO - [2026-05-28T09:54:43.581+0000] {dag.py:3239} INFO - Sync 1 DAGs
[2026-05-28T09:54:43.666+0000] {logging_mixin.py:190} INFO - [2026-05-28T09:54:43.665+0000] {dag.py:4180} INFO - Setting next_dagrun for example_trigger_controller_dag to 2021-01-01 00:00:00+00:00, run_after=2021-01-01 00:00:00+00:00
[2026-05-28T09:54:43.732+0000] {processor.py:208} INFO - Processing /home/airflow/.local/lib/python3.12/site-packages/airflow/example_dags/example_trigger_controller_dag.py took 0.297 seconds
[2026-05-28T09:55:49.118+0000] {processor.py:186} INFO - Started process (PID=11891) to work on /home/airflow/.local/lib/python3.12/site-packages/airflow/example_dags/example_trigger_controller_dag.py
[2026-05-28T09:55:49.120+0000] {processor.py:914} INFO - Processing file /home/airflow/.local/lib/python3.12/site-packages/airflow/example_dags/example_trigger_controller_dag.py for tasks to queue
[2026-05-28T09:55:49.123+0000] {logging_mixin.py:190} INFO - [2026-05-28T09:55:49.122+0000] {dagbag.py:588} INFO - Filling up the DagBag from /home/airflow/.local/lib/python3.12/site-packages/airflow/example_dags/example_trigger_controller_dag.py
[2026-05-28T09:55:49.141+0000] {processor.py:925} INFO - DAG(s) 'example_trigger_controller_dag' retrieved from /home/airflow/.local/lib/python3.12/site-packages/airflow/example_dags/example_trigger_controller_dag.py
[2026-05-28T09:55:49.204+0000] {logging_mixin.py:190} INFO - [2026-05-28T09:55:49.203+0000] {dag.py:3239} INFO - Sync 1 DAGs
[2026-05-28T09:55:49.257+0000] {logging_mixin.py:190} INFO - [2026-05-28T09:55:49.256+0000] {dag.py:4180} INFO - Setting next_dagrun for example_trigger_controller_dag to 2021-01-01 00:00:00+00:00, run_after=2021-01-01 00:00:00+00:00
[2026-05-28T09:55:49.296+0000] {processor.py:208} INFO - Processing /home/airflow/.local/lib/python3.12/site-packages/airflow/example_dags/example_trigger_controller_dag.py took 0.190 seconds
[2026-05-28T09:56:58.842+0000] {processor.py:186} INFO - Started process (PID=11977) to work on /home/airflow/.local/lib/python3.12/site-packages/airflow/example_dags/example_trigger_controller_dag.py
[2026-05-28T09:56:58.845+0000] {processor.py:914} INFO - Processing file /home/airflow/.local/lib/python3.12/site-packages/airflow/example_dags/example_trigger_controller_dag.py for tasks to queue
[2026-05-28T09:56:58.850+0000] {logging_mixin.py:190} INFO - [2026-05-28T09:56:58.849+0000] {dagbag.py:588} INFO - Filling up the DagBag from /home/airflow/.local/lib/python3.12/site-packages/airflow/example_dags/example_trigger_controller_dag.py
[2026-05-28T09:56:58.870+0000] {processor.py:925} INFO - DAG(s) 'example_trigger_controller_dag' retrieved from /home/airflow/.local/lib/python3.12/site-packages/airflow/example_dags/example_trigger_controller_dag.py
[2026-05-28T09:56:58.953+0000] {logging_mixin.py:190} INFO - [2026-05-28T09:56:58.952+0000] {dag.py:3239} INFO - Sync 1 DAGs
[2026-05-28T09:56:59.024+0000] {logging_mixin.py:190} INFO - [2026-05-28T09:56:59.023+0000] {dag.py:4180} INFO - Setting next_dagrun for example_trigger_controller_dag to 2021-01-01 00:00:00+00:00, run_after=2021-01-01 00:00:00+00:00
[2026-05-28T09:56:59.078+0000] {processor.py:208} INFO - Processing /home/airflow/.local/lib/python3.12/site-packages/airflow/example_dags/example_trigger_controller_dag.py took 0.268 seconds
[2026-05-28T09:58:09.023+0000] {processor.py:186} INFO - Started process (PID=12049) to work on /home/airflow/.local/lib/python3.12/site-packages/airflow/example_dags/example_trigger_controller_dag.py
[2026-05-28T09:58:09.027+0000] {processor.py:914} INFO - Processing file /home/airflow/.local/lib/python3.12/site-packages/airflow/example_dags/example_trigger_controller_dag.py for tasks to queue
[2026-05-28T09:58:09.032+0000] {logging_mixin.py:190} INFO - [2026-05-28T09:58:09.031+0000] {dagbag.py:588} INFO - Filling up the DagBag from /home/airflow/.local/lib/python3.12/site-packages/airflow/example_dags/example_trigger_controller_dag.py
[2026-05-28T09:58:09.057+0000] {processor.py:925} INFO - DAG(s) 'example_trigger_controller_dag' retrieved from /home/airflow/.local/lib/python3.12/site-packages/airflow/example_dags/example_trigger_controller_dag.py
[2026-05-28T09:58:09.154+0000] {logging_mixin.py:190} INFO - [2026-05-28T09:58:09.153+0000] {dag.py:3239} INFO - Sync 1 DAGs
[2026-05-28T09:58:09.309+0000] {logging_mixin.py:190} INFO - [2026-05-28T09:58:09.308+0000] {dag.py:4180} INFO - Setting next_dagrun for example_trigger_controller_dag to 2021-01-01 00:00:00+00:00, run_after=2021-01-01 00:00:00+00:00
[2026-05-28T09:58:09.377+0000] {processor.py:208} INFO - Processing /home/airflow/.local/lib/python3.12/site-packages/airflow/example_dags/example_trigger_controller_dag.py took 0.372 seconds
[2026-05-28T10:02:13.197+0000] {processor.py:186} INFO - Started process (PID=134) to work on /home/airflow/.local/lib/python3.12/site-packages/airflow/example_dags/example_trigger_controller_dag.py
[2026-05-28T10:02:13.200+0000] {processor.py:914} INFO - Processing file /home/airflow/.local/lib/python3.12/site-packages/airflow/example_dags/example_trigger_controller_dag.py for tasks to queue
[2026-05-28T10:02:13.209+0000] {logging_mixin.py:190} INFO - [2026-05-28T10:02:13.208+0000] {dagbag.py:588} INFO - Filling up the DagBag from /home/airflow/.local/lib/python3.12/site-packages/airflow/example_dags/example_trigger_controller_dag.py
[2026-05-28T10:02:13.228+0000] {processor.py:925} INFO - DAG(s) 'example_trigger_controller_dag' retrieved from /home/airflow/.local/lib/python3.12/site-packages/airflow/example_dags/example_trigger_controller_dag.py
[2026-05-28T10:02:13.282+0000] {logging_mixin.py:190} INFO - [2026-05-28T10:02:13.281+0000] {dag.py:3239} INFO - Sync 1 DAGs
[2026-05-28T10:02:13.361+0000] {logging_mixin.py:190} INFO - [2026-05-28T10:02:13.361+0000] {dag.py:4180} INFO - Setting next_dagrun for example_trigger_controller_dag to 2021-01-01 00:00:00+00:00, run_after=2021-01-01 00:00:00+00:00
[2026-05-28T10:02:13.434+0000] {processor.py:208} INFO - Processing /home/airflow/.local/lib/python3.12/site-packages/airflow/example_dags/example_trigger_controller_dag.py took 0.252 seconds
[2026-05-28T10:02:54.159+0000] {processor.py:186} INFO - Started process (PID=196) to work on /home/airflow/.local/lib/python3.12/site-packages/airflow/example_dags/example_trigger_controller_dag.py
[2026-05-28T10:02:54.161+0000] {processor.py:914} INFO - Processing file /home/airflow/.local/lib/python3.12/site-packages/airflow/example_dags/example_trigger_controller_dag.py for tasks to queue
[2026-05-28T10:02:54.166+0000] {logging_mixin.py:190} INFO - [2026-05-28T10:02:54.165+0000] {dagbag.py:588} INFO - Filling up the DagBag from /home/airflow/.local/lib/python3.12/site-packages/airflow/example_dags/example_trigger_controller_dag.py
[2026-05-28T10:02:54.178+0000] {processor.py:925} INFO - DAG(s) 'example_trigger_controller_dag' retrieved from /home/airflow/.local/lib/python3.12/site-packages/airflow/example_dags/example_trigger_controller_dag.py
[2026-05-28T10:02:54.230+0000] {logging_mixin.py:190} INFO - [2026-05-28T10:02:54.229+0000] {dag.py:3239} INFO - Sync 1 DAGs
[2026-05-28T10:02:54.278+0000] {logging_mixin.py:190} INFO - [2026-05-28T10:02:54.278+0000] {dag.py:4180} INFO - Setting next_dagrun for example_trigger_controller_dag to 2021-01-01 00:00:00+00:00, run_after=2021-01-01 00:00:00+00:00
[2026-05-28T10:02:54.334+0000] {processor.py:208} INFO - Processing /home/airflow/.local/lib/python3.12/site-packages/airflow/example_dags/example_trigger_controller_dag.py took 0.186 seconds
[2026-05-28T10:03:32.925+0000] {processor.py:186} INFO - Started process (PID=272) to work on /home/airflow/.local/lib/python3.12/site-packages/airflow/example_dags/example_trigger_controller_dag.py
[2026-05-28T10:03:32.927+0000] {processor.py:914} INFO - Processing file /home/airflow/.local/lib/python3.12/site-packages/airflow/example_dags/example_trigger_controller_dag.py for tasks to queue
[2026-05-28T10:03:32.932+0000] {logging_mixin.py:190} INFO - [2026-05-28T10:03:32.931+0000] {dagbag.py:588} INFO - Filling up the DagBag from /home/airflow/.local/lib/python3.12/site-packages/airflow/example_dags/example_trigger_controller_dag.py
[2026-05-28T10:03:32.945+0000] {processor.py:925} INFO - DAG(s) 'example_trigger_controller_dag' retrieved from /home/airflow/.local/lib/python3.12/site-packages/airflow/example_dags/example_trigger_controller_dag.py
[2026-05-28T10:03:32.998+0000] {logging_mixin.py:190} INFO - [2026-05-28T10:03:32.994+0000] {dag.py:3239} INFO - Sync 1 DAGs
[2026-05-28T10:03:33.083+0000] {logging_mixin.py:190} INFO - [2026-05-28T10:03:33.082+0000] {dag.py:4180} INFO - Setting next_dagrun for example_trigger_controller_dag to 2021-01-01 00:00:00+00:00, run_after=2021-01-01 00:00:00+00:00
[2026-05-28T10:03:33.145+0000] {processor.py:208} INFO - Processing /home/airflow/.local/lib/python3.12/site-packages/airflow/example_dags/example_trigger_controller_dag.py took 0.230 seconds
[2026-05-28T10:04:03.805+0000] {processor.py:186} INFO - Started process (PID=334) to work on /home/airflow/.local/lib/python3.12/site-packages/airflow/example_dags/example_trigger_controller_dag.py
[2026-05-28T10:04:03.807+0000] {processor.py:914} INFO - Processing file /home/airflow/.local/lib/python3.12/site-packages/airflow/example_dags/example_trigger_controller_dag.py for tasks to queue
[2026-05-28T10:04:03.813+0000] {logging_mixin.py:190} INFO - [2026-05-28T10:04:03.812+0000] {dagbag.py:588} INFO - Filling up the DagBag from /home/airflow/.local/lib/python3.12/site-packages/airflow/example_dags/example_trigger_controller_dag.py
[2026-05-28T10:04:03.827+0000] {processor.py:925} INFO - DAG(s) 'example_trigger_controller_dag' retrieved from /home/airflow/.local/lib/python3.12/site-packages/airflow/example_dags/example_trigger_controller_dag.py
[2026-05-28T10:04:03.877+0000] {logging_mixin.py:190} INFO - [2026-05-28T10:04:03.876+0000] {dag.py:3239} INFO - Sync 1 DAGs
[2026-05-28T10:04:03.928+0000] {logging_mixin.py:190} INFO - [2026-05-28T10:04:03.927+0000] {dag.py:4180} INFO - Setting next_dagrun for example_trigger_controller_dag to 2021-01-01 00:00:00+00:00, run_after=2021-01-01 00:00:00+00:00
[2026-05-28T10:04:03.980+0000] {processor.py:208} INFO - Processing /home/airflow/.local/lib/python3.12/site-packages/airflow/example_dags/example_trigger_controller_dag.py took 0.189 seconds
[2026-05-28T10:04:46.740+0000] {processor.py:186} INFO - Started process (PID=421) to work on /home/airflow/.local/lib/python3.12/site-packages/airflow/example_dags/example_trigger_controller_dag.py
[2026-05-28T10:04:46.744+0000] {processor.py:914} INFO - Processing file /home/airflow/.local/lib/python3.12/site-packages/airflow/example_dags/example_trigger_controller_dag.py for tasks to queue
[2026-05-28T10:04:46.754+0000] {logging_mixin.py:190} INFO - [2026-05-28T10:04:46.753+0000] {dagbag.py:588} INFO - Filling up the DagBag from /home/airflow/.local/lib/python3.12/site-packages/airflow/example_dags/example_trigger_controller_dag.py
[2026-05-28T10:04:46.771+0000] {processor.py:925} INFO - DAG(s) 'example_trigger_controller_dag' retrieved from /home/airflow/.local/lib/python3.12/site-packages/airflow/example_dags/example_trigger_controller_dag.py
[2026-05-28T10:04:46.821+0000] {logging_mixin.py:190} INFO - [2026-05-28T10:04:46.821+0000] {dag.py:3239} INFO - Sync 1 DAGs
[2026-05-28T10:04:46.869+0000] {logging_mixin.py:190} INFO - [2026-05-28T10:04:46.868+0000] {dag.py:4180} INFO - Setting next_dagrun for example_trigger_controller_dag to 2021-01-01 00:00:00+00:00, run_after=2021-01-01 00:00:00+00:00
[2026-05-28T10:04:46.905+0000] {processor.py:208} INFO - Processing /home/airflow/.local/lib/python3.12/site-packages/airflow/example_dags/example_trigger_controller_dag.py took 0.186 seconds
[2026-05-28T10:05:26.827+0000] {processor.py:186} INFO - Started process (PID=498) to work on /home/airflow/.local/lib/python3.12/site-packages/airflow/example_dags/example_trigger_controller_dag.py
[2026-05-28T10:05:26.828+0000] {processor.py:914} INFO - Processing file /home/airflow/.local/lib/python3.12/site-packages/airflow/example_dags/example_trigger_controller_dag.py for tasks to queue
[2026-05-28T10:05:26.834+0000] {logging_mixin.py:190} INFO - [2026-05-28T10:05:26.833+0000] {dagbag.py:588} INFO - Filling up the DagBag from /home/airflow/.local/lib/python3.12/site-packages/airflow/example_dags/example_trigger_controller_dag.py
[2026-05-28T10:05:26.846+0000] {processor.py:925} INFO - DAG(s) 'example_trigger_controller_dag' retrieved from /home/airflow/.local/lib/python3.12/site-packages/airflow/example_dags/example_trigger_controller_dag.py
[2026-05-28T10:05:26.902+0000] {logging_mixin.py:190} INFO - [2026-05-28T10:05:26.901+0000] {dag.py:3239} INFO - Sync 1 DAGs
[2026-05-28T10:05:26.974+0000] {logging_mixin.py:190} INFO - [2026-05-28T10:05:26.973+0000] {dag.py:4180} INFO - Setting next_dagrun for example_trigger_controller_dag to 2021-01-01 00:00:00+00:00, run_after=2021-01-01 00:00:00+00:00
[2026-05-28T10:05:27.019+0000] {processor.py:208} INFO - Processing /home/airflow/.local/lib/python3.12/site-packages/airflow/example_dags/example_trigger_controller_dag.py took 0.203 seconds
[2026-05-28T10:06:04.309+0000] {processor.py:186} INFO - Started process (PID=563) to work on /home/airflow/.local/lib/python3.12/site-packages/airflow/example_dags/example_trigger_controller_dag.py
[2026-05-28T10:06:04.311+0000] {processor.py:914} INFO - Processing file /home/airflow/.local/lib/python3.12/site-packages/airflow/example_dags/example_trigger_controller_dag.py for tasks to queue
[2026-05-28T10:06:04.316+0000] {logging_mixin.py:190} INFO - [2026-05-28T10:06:04.316+0000] {dagbag.py:588} INFO - Filling up the DagBag from /home/airflow/.local/lib/python3.12/site-packages/airflow/example_dags/example_trigger_controller_dag.py
[2026-05-28T10:06:04.332+0000] {processor.py:925} INFO - DAG(s) 'example_trigger_controller_dag' retrieved from /home/airflow/.local/lib/python3.12/site-packages/airflow/example_dags/example_trigger_controller_dag.py
[2026-05-28T10:06:04.382+0000] {logging_mixin.py:190} INFO - [2026-05-28T10:06:04.381+0000] {dag.py:3239} INFO - Sync 1 DAGs
[2026-05-28T10:06:04.430+0000] {logging_mixin.py:190} INFO - [2026-05-28T10:06:04.430+0000] {dag.py:4180} INFO - Setting next_dagrun for example_trigger_controller_dag to 2021-01-01 00:00:00+00:00, run_after=2021-01-01 00:00:00+00:00
[2026-05-28T10:06:04.478+0000] {processor.py:208} INFO - Processing /home/airflow/.local/lib/python3.12/site-packages/airflow/example_dags/example_trigger_controller_dag.py took 0.192 seconds
[2026-05-28T10:06:38.117+0000] {processor.py:186} INFO - Started process (PID=625) to work on /home/airflow/.local/lib/python3.12/site-packages/airflow/example_dags/example_trigger_controller_dag.py
[2026-05-28T10:06:38.122+0000] {processor.py:914} INFO - Processing file /home/airflow/.local/lib/python3.12/site-packages/airflow/example_dags/example_trigger_controller_dag.py for tasks to queue
[2026-05-28T10:06:38.135+0000] {logging_mixin.py:190} INFO - [2026-05-28T10:06:38.134+0000] {dagbag.py:588} INFO - Filling up the DagBag from /home/airflow/.local/lib/python3.12/site-packages/airflow/example_dags/example_trigger_controller_dag.py
[2026-05-28T10:06:38.173+0000] {processor.py:925} INFO - DAG(s) 'example_trigger_controller_dag' retrieved from /home/airflow/.local/lib/python3.12/site-packages/airflow/example_dags/example_trigger_controller_dag.py
[2026-05-28T10:06:38.249+0000] {logging_mixin.py:190} INFO - [2026-05-28T10:06:38.249+0000] {dag.py:3239} INFO - Sync 1 DAGs
[2026-05-28T10:06:38.325+0000] {logging_mixin.py:190} INFO - [2026-05-28T10:06:38.325+0000] {dag.py:4180} INFO - Setting next_dagrun for example_trigger_controller_dag to 2021-01-01 00:00:00+00:00, run_after=2021-01-01 00:00:00+00:00
[2026-05-28T10:06:38.390+0000] {processor.py:208} INFO - Processing /home/airflow/.local/lib/python3.12/site-packages/airflow/example_dags/example_trigger_controller_dag.py took 0.293 seconds
[2026-05-28T10:07:15.462+0000] {processor.py:186} INFO - Started process (PID=688) to work on /home/airflow/.local/lib/python3.12/site-packages/airflow/example_dags/example_trigger_controller_dag.py
[2026-05-28T10:07:15.465+0000] {processor.py:914} INFO - Processing file /home/airflow/.local/lib/python3.12/site-packages/airflow/example_dags/example_trigger_controller_dag.py for tasks to queue
[2026-05-28T10:07:15.470+0000] {logging_mixin.py:190} INFO - [2026-05-28T10:07:15.469+0000] {dagbag.py:588} INFO - Filling up the DagBag from /home/airflow/.local/lib/python3.12/site-packages/airflow/example_dags/example_trigger_controller_dag.py
[2026-05-28T10:07:15.483+0000] {processor.py:925} INFO - DAG(s) 'example_trigger_controller_dag' retrieved from /home/airflow/.local/lib/python3.12/site-packages/airflow/example_dags/example_trigger_controller_dag.py
[2026-05-28T10:07:15.534+0000] {logging_mixin.py:190} INFO - [2026-05-28T10:07:15.533+0000] {dag.py:3239} INFO - Sync 1 DAGs
[2026-05-28T10:07:15.587+0000] {logging_mixin.py:190} INFO - [2026-05-28T10:07:15.586+0000] {dag.py:4180} INFO - Setting next_dagrun for example_trigger_controller_dag to 2021-01-01 00:00:00+00:00, run_after=2021-01-01 00:00:00+00:00
[2026-05-28T10:07:15.632+0000] {processor.py:208} INFO - Processing /home/airflow/.local/lib/python3.12/site-packages/airflow/example_dags/example_trigger_controller_dag.py took 0.181 seconds
[2026-05-28T10:07:55.323+0000] {processor.py:186} INFO - Started process (PID=755) to work on /home/airflow/.local/lib/python3.12/site-packages/airflow/example_dags/example_trigger_controller_dag.py
[2026-05-28T10:07:55.325+0000] {processor.py:914} INFO - Processing file /home/airflow/.local/lib/python3.12/site-packages/airflow/example_dags/example_trigger_controller_dag.py for tasks to queue
[2026-05-28T10:07:55.330+0000] {logging_mixin.py:190} INFO - [2026-05-28T10:07:55.330+0000] {dagbag.py:588} INFO - Filling up the DagBag from /home/airflow/.local/lib/python3.12/site-packages/airflow/example_dags/example_trigger_controller_dag.py
[2026-05-28T10:07:55.346+0000] {processor.py:925} INFO - DAG(s) 'example_trigger_controller_dag' retrieved from /home/airflow/.local/lib/python3.12/site-packages/airflow/example_dags/example_trigger_controller_dag.py
[2026-05-28T10:07:55.388+0000] {logging_mixin.py:190} INFO - [2026-05-28T10:07:55.387+0000] {dag.py:3239} INFO - Sync 1 DAGs
[2026-05-28T10:07:55.432+0000] {logging_mixin.py:190} INFO - [2026-05-28T10:07:55.432+0000] {dag.py:4180} INFO - Setting next_dagrun for example_trigger_controller_dag to 2021-01-01 00:00:00+00:00, run_after=2021-01-01 00:00:00+00:00
[2026-05-28T10:07:55.474+0000] {processor.py:208} INFO - Processing /home/airflow/.local/lib/python3.12/site-packages/airflow/example_dags/example_trigger_controller_dag.py took 0.162 seconds
[2026-05-28T10:08:53.950+0000] {processor.py:186} INFO - Started process (PID=827) to work on /home/airflow/.local/lib/python3.12/site-packages/airflow/example_dags/example_trigger_controller_dag.py
[2026-05-28T10:08:53.952+0000] {processor.py:914} INFO - Processing file /home/airflow/.local/lib/python3.12/site-packages/airflow/example_dags/example_trigger_controller_dag.py for tasks to queue
[2026-05-28T10:08:53.960+0000] {logging_mixin.py:190} INFO - [2026-05-28T10:08:53.959+0000] {dagbag.py:588} INFO - Filling up the DagBag from /home/airflow/.local/lib/python3.12/site-packages/airflow/example_dags/example_trigger_controller_dag.py
[2026-05-28T10:08:53.975+0000] {processor.py:925} INFO - DAG(s) 'example_trigger_controller_dag' retrieved from /home/airflow/.local/lib/python3.12/site-packages/airflow/example_dags/example_trigger_controller_dag.py
[2026-05-28T10:08:54.025+0000] {logging_mixin.py:190} INFO - [2026-05-28T10:08:54.024+0000] {dag.py:3239} INFO - Sync 1 DAGs
[2026-05-28T10:08:54.066+0000] {logging_mixin.py:190} INFO - [2026-05-28T10:08:54.065+0000] {dag.py:4180} INFO - Setting next_dagrun for example_trigger_controller_dag to 2021-01-01 00:00:00+00:00, run_after=2021-01-01 00:00:00+00:00
[2026-05-28T10:08:54.118+0000] {processor.py:208} INFO - Processing /home/airflow/.local/lib/python3.12/site-packages/airflow/example_dags/example_trigger_controller_dag.py took 0.180 seconds
[2026-05-28T10:09:43.681+0000] {processor.py:186} INFO - Started process (PID=911) to work on /home/airflow/.local/lib/python3.12/site-packages/airflow/example_dags/example_trigger_controller_dag.py
[2026-05-28T10:09:43.684+0000] {processor.py:914} INFO - Processing file /home/airflow/.local/lib/python3.12/site-packages/airflow/example_dags/example_trigger_controller_dag.py for tasks to queue
[2026-05-28T10:09:43.690+0000] {logging_mixin.py:190} INFO - [2026-05-28T10:09:43.689+0000] {dagbag.py:588} INFO - Filling up the DagBag from /home/airflow/.local/lib/python3.12/site-packages/airflow/example_dags/example_trigger_controller_dag.py
[2026-05-28T10:09:43.705+0000] {processor.py:925} INFO - DAG(s) 'example_trigger_controller_dag' retrieved from /home/airflow/.local/lib/python3.12/site-packages/airflow/example_dags/example_trigger_controller_dag.py
[2026-05-28T10:09:43.752+0000] {logging_mixin.py:190} INFO - [2026-05-28T10:09:43.752+0000] {dag.py:3239} INFO - Sync 1 DAGs
[2026-05-28T10:09:43.793+0000] {logging_mixin.py:190} INFO - [2026-05-28T10:09:43.793+0000] {dag.py:4180} INFO - Setting next_dagrun for example_trigger_controller_dag to 2021-01-01 00:00:00+00:00, run_after=2021-01-01 00:00:00+00:00
[2026-05-28T10:09:43.832+0000] {processor.py:208} INFO - Processing /home/airflow/.local/lib/python3.12/site-packages/airflow/example_dags/example_trigger_controller_dag.py took 0.162 seconds
[2026-05-28T10:10:27.270+0000] {processor.py:186} INFO - Started process (PID=974) to work on /home/airflow/.local/lib/python3.12/site-packages/airflow/example_dags/example_trigger_controller_dag.py
[2026-05-28T10:10:27.272+0000] {processor.py:914} INFO - Processing file /home/airflow/.local/lib/python3.12/site-packages/airflow/example_dags/example_trigger_controller_dag.py for tasks to queue
[2026-05-28T10:10:27.276+0000] {logging_mixin.py:190} INFO - [2026-05-28T10:10:27.276+0000] {dagbag.py:588} INFO - Filling up the DagBag from /home/airflow/.local/lib/python3.12/site-packages/airflow/example_dags/example_trigger_controller_dag.py
[2026-05-28T10:10:27.290+0000] {processor.py:925} INFO - DAG(s) 'example_trigger_controller_dag' retrieved from /home/airflow/.local/lib/python3.12/site-packages/airflow/example_dags/example_trigger_controller_dag.py
[2026-05-28T10:10:27.340+0000] {logging_mixin.py:190} INFO - [2026-05-28T10:10:27.340+0000] {dag.py:3239} INFO - Sync 1 DAGs
[2026-05-28T10:10:27.387+0000] {logging_mixin.py:190} INFO - [2026-05-28T10:10:27.386+0000] {dag.py:4180} INFO - Setting next_dagrun for example_trigger_controller_dag to 2021-01-01 00:00:00+00:00, run_after=2021-01-01 00:00:00+00:00
[2026-05-28T10:10:27.429+0000] {processor.py:208} INFO - Processing /home/airflow/.local/lib/python3.12/site-packages/airflow/example_dags/example_trigger_controller_dag.py took 0.169 seconds
[2026-05-28T10:11:10.031+0000] {processor.py:186} INFO - Started process (PID=1042) to work on /home/airflow/.local/lib/python3.12/site-packages/airflow/example_dags/example_trigger_controller_dag.py
[2026-05-28T10:11:10.033+0000] {processor.py:914} INFO - Processing file /home/airflow/.local/lib/python3.12/site-packages/airflow/example_dags/example_trigger_controller_dag.py for tasks to queue
[2026-05-28T10:11:10.039+0000] {logging_mixin.py:190} INFO - [2026-05-28T10:11:10.039+0000] {dagbag.py:588} INFO - Filling up the DagBag from /home/airflow/.local/lib/python3.12/site-packages/airflow/example_dags/example_trigger_controller_dag.py
[2026-05-28T10:11:10.057+0000] {processor.py:925} INFO - DAG(s) 'example_trigger_controller_dag' retrieved from /home/airflow/.local/lib/python3.12/site-packages/airflow/example_dags/example_trigger_controller_dag.py
[2026-05-28T10:11:10.107+0000] {logging_mixin.py:190} INFO - [2026-05-28T10:11:10.107+0000] {dag.py:3239} INFO - Sync 1 DAGs
[2026-05-28T10:11:10.168+0000] {logging_mixin.py:190} INFO - [2026-05-28T10:11:10.167+0000] {dag.py:4180} INFO - Setting next_dagrun for example_trigger_controller_dag to 2021-01-01 00:00:00+00:00, run_after=2021-01-01 00:00:00+00:00
[2026-05-28T10:11:10.216+0000] {processor.py:208} INFO - Processing /home/airflow/.local/lib/python3.12/site-packages/airflow/example_dags/example_trigger_controller_dag.py took 0.199 seconds
[2026-05-28T10:11:51.055+0000] {processor.py:186} INFO - Started process (PID=1107) to work on /home/airflow/.local/lib/python3.12/site-packages/airflow/example_dags/example_trigger_controller_dag.py
[2026-05-28T10:11:51.057+0000] {processor.py:914} INFO - Processing file /home/airflow/.local/lib/python3.12/site-packages/airflow/example_dags/example_trigger_controller_dag.py for tasks to queue
[2026-05-28T10:11:51.063+0000] {logging_mixin.py:190} INFO - [2026-05-28T10:11:51.062+0000] {dagbag.py:588} INFO - Filling up the DagBag from /home/airflow/.local/lib/python3.12/site-packages/airflow/example_dags/example_trigger_controller_dag.py
[2026-05-28T10:11:51.088+0000] {processor.py:925} INFO - DAG(s) 'example_trigger_controller_dag' retrieved from /home/airflow/.local/lib/python3.12/site-packages/airflow/example_dags/example_trigger_controller_dag.py
[2026-05-28T10:11:51.162+0000] {logging_mixin.py:190} INFO - [2026-05-28T10:11:51.162+0000] {dag.py:3239} INFO - Sync 1 DAGs
[2026-05-28T10:11:51.240+0000] {logging_mixin.py:190} INFO - [2026-05-28T10:11:51.239+0000] {dag.py:4180} INFO - Setting next_dagrun for example_trigger_controller_dag to 2021-01-01 00:00:00+00:00, run_after=2021-01-01 00:00:00+00:00
[2026-05-28T10:11:51.322+0000] {processor.py:208} INFO - Processing /home/airflow/.local/lib/python3.12/site-packages/airflow/example_dags/example_trigger_controller_dag.py took 0.281 seconds
[2026-05-28T10:12:26.906+0000] {processor.py:186} INFO - Started process (PID=1169) to work on /home/airflow/.local/lib/python3.12/site-packages/airflow/example_dags/example_trigger_controller_dag.py
[2026-05-28T10:12:26.909+0000] {processor.py:914} INFO - Processing file /home/airflow/.local/lib/python3.12/site-packages/airflow/example_dags/example_trigger_controller_dag.py for tasks to queue
[2026-05-28T10:12:26.916+0000] {logging_mixin.py:190} INFO - [2026-05-28T10:12:26.915+0000] {dagbag.py:588} INFO - Filling up the DagBag from /home/airflow/.local/lib/python3.12/site-packages/airflow/example_dags/example_trigger_controller_dag.py
[2026-05-28T10:12:26.938+0000] {processor.py:925} INFO - DAG(s) 'example_trigger_controller_dag' retrieved from /home/airflow/.local/lib/python3.12/site-packages/airflow/example_dags/example_trigger_controller_dag.py
[2026-05-28T10:12:26.993+0000] {logging_mixin.py:190} INFO - [2026-05-28T10:12:26.992+0000] {dag.py:3239} INFO - Sync 1 DAGs
[2026-05-28T10:12:27.041+0000] {logging_mixin.py:190} INFO - [2026-05-28T10:12:27.040+0000] {dag.py:4180} INFO - Setting next_dagrun for example_trigger_controller_dag to 2021-01-01 00:00:00+00:00, run_after=2021-01-01 00:00:00+00:00
[2026-05-28T10:12:27.093+0000] {processor.py:208} INFO - Processing /home/airflow/.local/lib/python3.12/site-packages/airflow/example_dags/example_trigger_controller_dag.py took 0.203 seconds
[2026-05-28T10:13:08.483+0000] {processor.py:186} INFO - Started process (PID=1250) to work on /home/airflow/.local/lib/python3.12/site-packages/airflow/example_dags/example_trigger_controller_dag.py
[2026-05-28T10:13:08.486+0000] {processor.py:914} INFO - Processing file /home/airflow/.local/lib/python3.12/site-packages/airflow/example_dags/example_trigger_controller_dag.py for tasks to queue
[2026-05-28T10:13:08.491+0000] {logging_mixin.py:190} INFO - [2026-05-28T10:13:08.491+0000] {dagbag.py:588} INFO - Filling up the DagBag from /home/airflow/.local/lib/python3.12/site-packages/airflow/example_dags/example_trigger_controller_dag.py
[2026-05-28T10:13:08.505+0000] {processor.py:925} INFO - DAG(s) 'example_trigger_controller_dag' retrieved from /home/airflow/.local/lib/python3.12/site-packages/airflow/example_dags/example_trigger_controller_dag.py
[2026-05-28T10:13:08.550+0000] {logging_mixin.py:190} INFO - [2026-05-28T10:13:08.549+0000] {dag.py:3239} INFO - Sync 1 DAGs
[2026-05-28T10:13:08.595+0000] {logging_mixin.py:190} INFO - [2026-05-28T10:13:08.595+0000] {dag.py:4180} INFO - Setting next_dagrun for example_trigger_controller_dag to 2021-01-01 00:00:00+00:00, run_after=2021-01-01 00:00:00+00:00
[2026-05-28T10:13:09.279+0000] {processor.py:208} INFO - Processing /home/airflow/.local/lib/python3.12/site-packages/airflow/example_dags/example_trigger_controller_dag.py took 0.807 seconds
[2026-05-28T10:13:44.959+0000] {processor.py:186} INFO - Started process (PID=1314) to work on /home/airflow/.local/lib/python3.12/site-packages/airflow/example_dags/example_trigger_controller_dag.py
[2026-05-28T10:13:44.962+0000] {processor.py:914} INFO - Processing file /home/airflow/.local/lib/python3.12/site-packages/airflow/example_dags/example_trigger_controller_dag.py for tasks to queue
[2026-05-28T10:13:44.966+0000] {logging_mixin.py:190} INFO - [2026-05-28T10:13:44.966+0000] {dagbag.py:588} INFO - Filling up the DagBag from /home/airflow/.local/lib/python3.12/site-packages/airflow/example_dags/example_trigger_controller_dag.py
[2026-05-28T10:13:44.977+0000] {processor.py:925} INFO - DAG(s) 'example_trigger_controller_dag' retrieved from /home/airflow/.local/lib/python3.12/site-packages/airflow/example_dags/example_trigger_controller_dag.py
[2026-05-28T10:13:45.018+0000] {logging_mixin.py:190} INFO - [2026-05-28T10:13:45.018+0000] {dag.py:3239} INFO - Sync 1 DAGs
[2026-05-28T10:13:45.059+0000] {logging_mixin.py:190} INFO - [2026-05-28T10:13:45.059+0000] {dag.py:4180} INFO - Setting next_dagrun for example_trigger_controller_dag to 2021-01-01 00:00:00+00:00, run_after=2021-01-01 00:00:00+00:00
[2026-05-28T10:13:45.104+0000] {processor.py:208} INFO - Processing /home/airflow/.local/lib/python3.12/site-packages/airflow/example_dags/example_trigger_controller_dag.py took 0.155 seconds
[2026-05-28T10:14:22.538+0000] {processor.py:186} INFO - Started process (PID=1376) to work on /home/airflow/.local/lib/python3.12/site-packages/airflow/example_dags/example_trigger_controller_dag.py
[2026-05-28T10:14:22.541+0000] {processor.py:914} INFO - Processing file /home/airflow/.local/lib/python3.12/site-packages/airflow/example_dags/example_trigger_controller_dag.py for tasks to queue
[2026-05-28T10:14:22.548+0000] {logging_mixin.py:190} INFO - [2026-05-28T10:14:22.547+0000] {dagbag.py:588} INFO - Filling up the DagBag from /home/airflow/.local/lib/python3.12/site-packages/airflow/example_dags/example_trigger_controller_dag.py
[2026-05-28T10:14:22.563+0000] {processor.py:925} INFO - DAG(s) 'example_trigger_controller_dag' retrieved from /home/airflow/.local/lib/python3.12/site-packages/airflow/example_dags/example_trigger_controller_dag.py
[2026-05-28T10:14:22.608+0000] {logging_mixin.py:190} INFO - [2026-05-28T10:14:22.607+0000] {dag.py:3239} INFO - Sync 1 DAGs
[2026-05-28T10:14:22.657+0000] {logging_mixin.py:190} INFO - [2026-05-28T10:14:22.657+0000] {dag.py:4180} INFO - Setting next_dagrun for example_trigger_controller_dag to 2021-01-01 00:00:00+00:00, run_after=2021-01-01 00:00:00+00:00
[2026-05-28T10:14:22.699+0000] {processor.py:208} INFO - Processing /home/airflow/.local/lib/python3.12/site-packages/airflow/example_dags/example_trigger_controller_dag.py took 0.174 seconds
[2026-05-28T10:14:58.946+0000] {processor.py:186} INFO - Started process (PID=1439) to work on /home/airflow/.local/lib/python3.12/site-packages/airflow/example_dags/example_trigger_controller_dag.py
[2026-05-28T10:14:58.949+0000] {processor.py:914} INFO - Processing file /home/airflow/.local/lib/python3.12/site-packages/airflow/example_dags/example_trigger_controller_dag.py for tasks to queue
[2026-05-28T10:14:58.956+0000] {logging_mixin.py:190} INFO - [2026-05-28T10:14:58.955+0000] {dagbag.py:588} INFO - Filling up the DagBag from /home/airflow/.local/lib/python3.12/site-packages/airflow/example_dags/example_trigger_controller_dag.py
[2026-05-28T10:14:58.972+0000] {processor.py:925} INFO - DAG(s) 'example_trigger_controller_dag' retrieved from /home/airflow/.local/lib/python3.12/site-packages/airflow/example_dags/example_trigger_controller_dag.py
[2026-05-28T10:14:59.030+0000] {logging_mixin.py:190} INFO - [2026-05-28T10:14:59.029+0000] {dag.py:3239} INFO - Sync 1 DAGs
[2026-05-28T10:14:59.088+0000] {logging_mixin.py:190} INFO - [2026-05-28T10:14:59.088+0000] {dag.py:4180} INFO - Setting next_dagrun for example_trigger_controller_dag to 2021-01-01 00:00:00+00:00, run_after=2021-01-01 00:00:00+00:00
[2026-05-28T10:14:59.151+0000] {processor.py:208} INFO - Processing /home/airflow/.local/lib/python3.12/site-packages/airflow/example_dags/example_trigger_controller_dag.py took 0.217 seconds
[2026-05-28T10:15:31.577+0000] {processor.py:186} INFO - Started process (PID=1505) to work on /home/airflow/.local/lib/python3.12/site-packages/airflow/example_dags/example_trigger_controller_dag.py
[2026-05-28T10:15:31.580+0000] {processor.py:914} INFO - Processing file /home/airflow/.local/lib/python3.12/site-packages/airflow/example_dags/example_trigger_controller_dag.py for tasks to queue
[2026-05-28T10:15:31.587+0000] {logging_mixin.py:190} INFO - [2026-05-28T10:15:31.586+0000] {dagbag.py:588} INFO - Filling up the DagBag from /home/airflow/.local/lib/python3.12/site-packages/airflow/example_dags/example_trigger_controller_dag.py
[2026-05-28T10:15:31.607+0000] {processor.py:925} INFO - DAG(s) 'example_trigger_controller_dag' retrieved from /home/airflow/.local/lib/python3.12/site-packages/airflow/example_dags/example_trigger_controller_dag.py
[2026-05-28T10:15:31.680+0000] {logging_mixin.py:190} INFO - [2026-05-28T10:15:31.679+0000] {dag.py:3239} INFO - Sync 1 DAGs
[2026-05-28T10:15:31.772+0000] {logging_mixin.py:190} INFO - [2026-05-28T10:15:31.772+0000] {dag.py:4180} INFO - Setting next_dagrun for example_trigger_controller_dag to 2021-01-01 00:00:00+00:00, run_after=2021-01-01 00:00:00+00:00
[2026-05-28T10:15:31.825+0000] {processor.py:208} INFO - Processing /home/airflow/.local/lib/python3.12/site-packages/airflow/example_dags/example_trigger_controller_dag.py took 0.277 seconds
[2026-05-28T10:16:08.773+0000] {processor.py:186} INFO - Started process (PID=1567) to work on /home/airflow/.local/lib/python3.12/site-packages/airflow/example_dags/example_trigger_controller_dag.py
[2026-05-28T10:16:08.775+0000] {processor.py:914} INFO - Processing file /home/airflow/.local/lib/python3.12/site-packages/airflow/example_dags/example_trigger_controller_dag.py for tasks to queue
[2026-05-28T10:16:08.781+0000] {logging_mixin.py:190} INFO - [2026-05-28T10:16:08.780+0000] {dagbag.py:588} INFO - Filling up the DagBag from /home/airflow/.local/lib/python3.12/site-packages/airflow/example_dags/example_trigger_controller_dag.py
[2026-05-28T10:16:08.794+0000] {processor.py:925} INFO - DAG(s) 'example_trigger_controller_dag' retrieved from /home/airflow/.local/lib/python3.12/site-packages/airflow/example_dags/example_trigger_controller_dag.py
[2026-05-28T10:16:08.835+0000] {logging_mixin.py:190} INFO - [2026-05-28T10:16:08.834+0000] {dag.py:3239} INFO - Sync 1 DAGs
[2026-05-28T10:16:08.874+0000] {logging_mixin.py:190} INFO - [2026-05-28T10:16:08.873+0000] {dag.py:4180} INFO - Setting next_dagrun for example_trigger_controller_dag to 2021-01-01 00:00:00+00:00, run_after=2021-01-01 00:00:00+00:00
[2026-05-28T10:16:08.914+0000] {processor.py:208} INFO - Processing /home/airflow/.local/lib/python3.12/site-packages/airflow/example_dags/example_trigger_controller_dag.py took 0.151 seconds
[2026-05-28T10:16:45.226+0000] {processor.py:186} INFO - Started process (PID=1630) to work on /home/airflow/.local/lib/python3.12/site-packages/airflow/example_dags/example_trigger_controller_dag.py
[2026-05-28T10:16:45.228+0000] {processor.py:914} INFO - Processing file /home/airflow/.local/lib/python3.12/site-packages/airflow/example_dags/example_trigger_controller_dag.py for tasks to queue
[2026-05-28T10:16:45.236+0000] {logging_mixin.py:190} INFO - [2026-05-28T10:16:45.235+0000] {dagbag.py:588} INFO - Filling up the DagBag from /home/airflow/.local/lib/python3.12/site-packages/airflow/example_dags/example_trigger_controller_dag.py
[2026-05-28T10:16:45.249+0000] {processor.py:925} INFO - DAG(s) 'example_trigger_controller_dag' retrieved from /home/airflow/.local/lib/python3.12/site-packages/airflow/example_dags/example_trigger_controller_dag.py
[2026-05-28T10:16:45.296+0000] {logging_mixin.py:190} INFO - [2026-05-28T10:16:45.296+0000] {dag.py:3239} INFO - Sync 1 DAGs
[2026-05-28T10:16:45.343+0000] {logging_mixin.py:190} INFO - [2026-05-28T10:16:45.343+0000] {dag.py:4180} INFO - Setting next_dagrun for example_trigger_controller_dag to 2021-01-01 00:00:00+00:00, run_after=2021-01-01 00:00:00+00:00
[2026-05-28T10:16:45.386+0000] {processor.py:208} INFO - Processing /home/airflow/.local/lib/python3.12/site-packages/airflow/example_dags/example_trigger_controller_dag.py took 0.170 seconds
[2026-05-28T10:17:23.386+0000] {processor.py:186} INFO - Started process (PID=1696) to work on /home/airflow/.local/lib/python3.12/site-packages/airflow/example_dags/example_trigger_controller_dag.py
[2026-05-28T10:17:23.388+0000] {processor.py:914} INFO - Processing file /home/airflow/.local/lib/python3.12/site-packages/airflow/example_dags/example_trigger_controller_dag.py for tasks to queue
[2026-05-28T10:17:23.394+0000] {logging_mixin.py:190} INFO - [2026-05-28T10:17:23.393+0000] {dagbag.py:588} INFO - Filling up the DagBag from /home/airflow/.local/lib/python3.12/site-packages/airflow/example_dags/example_trigger_controller_dag.py
[2026-05-28T10:17:23.407+0000] {processor.py:925} INFO - DAG(s) 'example_trigger_controller_dag' retrieved from /home/airflow/.local/lib/python3.12/site-packages/airflow/example_dags/example_trigger_controller_dag.py
[2026-05-28T10:17:23.446+0000] {logging_mixin.py:190} INFO - [2026-05-28T10:17:23.446+0000] {dag.py:3239} INFO - Sync 1 DAGs
[2026-05-28T10:17:23.482+0000] {logging_mixin.py:190} INFO - [2026-05-28T10:17:23.482+0000] {dag.py:4180} INFO - Setting next_dagrun for example_trigger_controller_dag to 2021-01-01 00:00:00+00:00, run_after=2021-01-01 00:00:00+00:00
[2026-05-28T10:17:23.533+0000] {processor.py:208} INFO - Processing /home/airflow/.local/lib/python3.12/site-packages/airflow/example_dags/example_trigger_controller_dag.py took 0.158 seconds
[2026-05-28T10:18:00.237+0000] {processor.py:186} INFO - Started process (PID=1765) to work on /home/airflow/.local/lib/python3.12/site-packages/airflow/example_dags/example_trigger_controller_dag.py
[2026-05-28T10:18:00.240+0000] {processor.py:914} INFO - Processing file /home/airflow/.local/lib/python3.12/site-packages/airflow/example_dags/example_trigger_controller_dag.py for tasks to queue
[2026-05-28T10:18:00.245+0000] {logging_mixin.py:190} INFO - [2026-05-28T10:18:00.244+0000] {dagbag.py:588} INFO - Filling up the DagBag from /home/airflow/.local/lib/python3.12/site-packages/airflow/example_dags/example_trigger_controller_dag.py
[2026-05-28T10:18:00.259+0000] {processor.py:925} INFO - DAG(s) 'example_trigger_controller_dag' retrieved from /home/airflow/.local/lib/python3.12/site-packages/airflow/example_dags/example_trigger_controller_dag.py
[2026-05-28T10:18:00.301+0000] {logging_mixin.py:190} INFO - [2026-05-28T10:18:00.301+0000] {dag.py:3239} INFO - Sync 1 DAGs
[2026-05-28T10:18:00.344+0000] {logging_mixin.py:190} INFO - [2026-05-28T10:18:00.343+0000] {dag.py:4180} INFO - Setting next_dagrun for example_trigger_controller_dag to 2021-01-01 00:00:00+00:00, run_after=2021-01-01 00:00:00+00:00
[2026-05-28T10:18:00.382+0000] {processor.py:208} INFO - Processing /home/airflow/.local/lib/python3.12/site-packages/airflow/example_dags/example_trigger_controller_dag.py took 0.157 seconds
[2026-05-28T10:18:33.396+0000] {processor.py:186} INFO - Started process (PID=1827) to work on /home/airflow/.local/lib/python3.12/site-packages/airflow/example_dags/example_trigger_controller_dag.py
[2026-05-28T10:18:33.398+0000] {processor.py:914} INFO - Processing file /home/airflow/.local/lib/python3.12/site-packages/airflow/example_dags/example_trigger_controller_dag.py for tasks to queue
[2026-05-28T10:18:33.403+0000] {logging_mixin.py:190} INFO - [2026-05-28T10:18:33.403+0000] {dagbag.py:588} INFO - Filling up the DagBag from /home/airflow/.local/lib/python3.12/site-packages/airflow/example_dags/example_trigger_controller_dag.py
[2026-05-28T10:18:33.415+0000] {processor.py:925} INFO - DAG(s) 'example_trigger_controller_dag' retrieved from /home/airflow/.local/lib/python3.12/site-packages/airflow/example_dags/example_trigger_controller_dag.py
[2026-05-28T10:18:33.453+0000] {logging_mixin.py:190} INFO - [2026-05-28T10:18:33.453+0000] {dag.py:3239} INFO - Sync 1 DAGs
[2026-05-28T10:18:33.489+0000] {logging_mixin.py:190} INFO - [2026-05-28T10:18:33.488+0000] {dag.py:4180} INFO - Setting next_dagrun for example_trigger_controller_dag to 2021-01-01 00:00:00+00:00, run_after=2021-01-01 00:00:00+00:00
[2026-05-28T10:18:33.521+0000] {processor.py:208} INFO - Processing /home/airflow/.local/lib/python3.12/site-packages/airflow/example_dags/example_trigger_controller_dag.py took 0.133 seconds
[2026-05-28T10:19:05.532+0000] {processor.py:186} INFO - Started process (PID=1889) to work on /home/airflow/.local/lib/python3.12/site-packages/airflow/example_dags/example_trigger_controller_dag.py
[2026-05-28T10:19:05.534+0000] {processor.py:914} INFO - Processing file /home/airflow/.local/lib/python3.12/site-packages/airflow/example_dags/example_trigger_controller_dag.py for tasks to queue
[2026-05-28T10:19:05.542+0000] {logging_mixin.py:190} INFO - [2026-05-28T10:19:05.541+0000] {dagbag.py:588} INFO - Filling up the DagBag from /home/airflow/.local/lib/python3.12/site-packages/airflow/example_dags/example_trigger_controller_dag.py
[2026-05-28T10:19:05.558+0000] {processor.py:925} INFO - DAG(s) 'example_trigger_controller_dag' retrieved from /home/airflow/.local/lib/python3.12/site-packages/airflow/example_dags/example_trigger_controller_dag.py
[2026-05-28T10:19:05.603+0000] {logging_mixin.py:190} INFO - [2026-05-28T10:19:05.602+0000] {dag.py:3239} INFO - Sync 1 DAGs
[2026-05-28T10:19:05.640+0000] {logging_mixin.py:190} INFO - [2026-05-28T10:19:05.639+0000] {dag.py:4180} INFO - Setting next_dagrun for example_trigger_controller_dag to 2021-01-01 00:00:00+00:00, run_after=2021-01-01 00:00:00+00:00
[2026-05-28T10:19:05.678+0000] {processor.py:208} INFO - Processing /home/airflow/.local/lib/python3.12/site-packages/airflow/example_dags/example_trigger_controller_dag.py took 0.157 seconds
[2026-05-28T10:19:44.662+0000] {processor.py:186} INFO - Started process (PID=1951) to work on /home/airflow/.local/lib/python3.12/site-packages/airflow/example_dags/example_trigger_controller_dag.py
[2026-05-28T10:19:44.665+0000] {processor.py:914} INFO - Processing file /home/airflow/.local/lib/python3.12/site-packages/airflow/example_dags/example_trigger_controller_dag.py for tasks to queue
[2026-05-28T10:19:44.670+0000] {logging_mixin.py:190} INFO - [2026-05-28T10:19:44.669+0000] {dagbag.py:588} INFO - Filling up the DagBag from /home/airflow/.local/lib/python3.12/site-packages/airflow/example_dags/example_trigger_controller_dag.py
[2026-05-28T10:19:44.686+0000] {processor.py:925} INFO - DAG(s) 'example_trigger_controller_dag' retrieved from /home/airflow/.local/lib/python3.12/site-packages/airflow/example_dags/example_trigger_controller_dag.py
[2026-05-28T10:19:44.738+0000] {logging_mixin.py:190} INFO - [2026-05-28T10:19:44.737+0000] {dag.py:3239} INFO - Sync 1 DAGs
[2026-05-28T10:19:44.793+0000] {logging_mixin.py:190} INFO - [2026-05-28T10:19:44.792+0000] {dag.py:4180} INFO - Setting next_dagrun for example_trigger_controller_dag to 2021-01-01 00:00:00+00:00, run_after=2021-01-01 00:00:00+00:00
[2026-05-28T10:19:44.839+0000] {processor.py:208} INFO - Processing /home/airflow/.local/lib/python3.12/site-packages/airflow/example_dags/example_trigger_controller_dag.py took 0.188 seconds
[2026-05-28T10:20:15.880+0000] {processor.py:186} INFO - Started process (PID=2013) to work on /home/airflow/.local/lib/python3.12/site-packages/airflow/example_dags/example_trigger_controller_dag.py
[2026-05-28T10:20:15.882+0000] {processor.py:914} INFO - Processing file /home/airflow/.local/lib/python3.12/site-packages/airflow/example_dags/example_trigger_controller_dag.py for tasks to queue
[2026-05-28T10:20:15.886+0000] {logging_mixin.py:190} INFO - [2026-05-28T10:20:15.886+0000] {dagbag.py:588} INFO - Filling up the DagBag from /home/airflow/.local/lib/python3.12/site-packages/airflow/example_dags/example_trigger_controller_dag.py
[2026-05-28T10:20:15.898+0000] {processor.py:925} INFO - DAG(s) 'example_trigger_controller_dag' retrieved from /home/airflow/.local/lib/python3.12/site-packages/airflow/example_dags/example_trigger_controller_dag.py
[2026-05-28T10:20:15.946+0000] {logging_mixin.py:190} INFO - [2026-05-28T10:20:15.946+0000] {dag.py:3239} INFO - Sync 1 DAGs
[2026-05-28T10:20:15.989+0000] {logging_mixin.py:190} INFO - [2026-05-28T10:20:15.988+0000] {dag.py:4180} INFO - Setting next_dagrun for example_trigger_controller_dag to 2021-01-01 00:00:00+00:00, run_after=2021-01-01 00:00:00+00:00
[2026-05-28T10:20:16.036+0000] {processor.py:208} INFO - Processing /home/airflow/.local/lib/python3.12/site-packages/airflow/example_dags/example_trigger_controller_dag.py took 0.164 seconds
[2026-05-28T10:20:48.678+0000] {processor.py:186} INFO - Started process (PID=2076) to work on /home/airflow/.local/lib/python3.12/site-packages/airflow/example_dags/example_trigger_controller_dag.py
[2026-05-28T10:20:48.681+0000] {processor.py:914} INFO - Processing file /home/airflow/.local/lib/python3.12/site-packages/airflow/example_dags/example_trigger_controller_dag.py for tasks to queue
[2026-05-28T10:20:48.687+0000] {logging_mixin.py:190} INFO - [2026-05-28T10:20:48.686+0000] {dagbag.py:588} INFO - Filling up the DagBag from /home/airflow/.local/lib/python3.12/site-packages/airflow/example_dags/example_trigger_controller_dag.py
[2026-05-28T10:20:48.700+0000] {processor.py:925} INFO - DAG(s) 'example_trigger_controller_dag' retrieved from /home/airflow/.local/lib/python3.12/site-packages/airflow/example_dags/example_trigger_controller_dag.py
[2026-05-28T10:20:48.747+0000] {logging_mixin.py:190} INFO - [2026-05-28T10:20:48.746+0000] {dag.py:3239} INFO - Sync 1 DAGs
[2026-05-28T10:20:48.809+0000] {logging_mixin.py:190} INFO - [2026-05-28T10:20:48.809+0000] {dag.py:4180} INFO - Setting next_dagrun for example_trigger_controller_dag to 2021-01-01 00:00:00+00:00, run_after=2021-01-01 00:00:00+00:00
[2026-05-28T10:20:48.851+0000] {processor.py:208} INFO - Processing /home/airflow/.local/lib/python3.12/site-packages/airflow/example_dags/example_trigger_controller_dag.py took 0.186 seconds
[2026-05-28T10:21:27.322+0000] {processor.py:186} INFO - Started process (PID=2139) to work on /home/airflow/.local/lib/python3.12/site-packages/airflow/example_dags/example_trigger_controller_dag.py
[2026-05-28T10:21:27.326+0000] {processor.py:914} INFO - Processing file /home/airflow/.local/lib/python3.12/site-packages/airflow/example_dags/example_trigger_controller_dag.py for tasks to queue
[2026-05-28T10:21:27.331+0000] {logging_mixin.py:190} INFO - [2026-05-28T10:21:27.330+0000] {dagbag.py:588} INFO - Filling up the DagBag from /home/airflow/.local/lib/python3.12/site-packages/airflow/example_dags/example_trigger_controller_dag.py
[2026-05-28T10:21:27.346+0000] {processor.py:925} INFO - DAG(s) 'example_trigger_controller_dag' retrieved from /home/airflow/.local/lib/python3.12/site-packages/airflow/example_dags/example_trigger_controller_dag.py
[2026-05-28T10:21:27.396+0000] {logging_mixin.py:190} INFO - [2026-05-28T10:21:27.395+0000] {dag.py:3239} INFO - Sync 1 DAGs
[2026-05-28T10:21:27.439+0000] {logging_mixin.py:190} INFO - [2026-05-28T10:21:27.438+0000] {dag.py:4180} INFO - Setting next_dagrun for example_trigger_controller_dag to 2021-01-01 00:00:00+00:00, run_after=2021-01-01 00:00:00+00:00
[2026-05-28T10:21:27.485+0000] {processor.py:208} INFO - Processing /home/airflow/.local/lib/python3.12/site-packages/airflow/example_dags/example_trigger_controller_dag.py took 0.175 seconds
[2026-05-28T10:22:05.886+0000] {processor.py:186} INFO - Started process (PID=2209) to work on /home/airflow/.local/lib/python3.12/site-packages/airflow/example_dags/example_trigger_controller_dag.py
[2026-05-28T10:22:05.888+0000] {processor.py:914} INFO - Processing file /home/airflow/.local/lib/python3.12/site-packages/airflow/example_dags/example_trigger_controller_dag.py for tasks to queue
[2026-05-28T10:22:05.893+0000] {logging_mixin.py:190} INFO - [2026-05-28T10:22:05.892+0000] {dagbag.py:588} INFO - Filling up the DagBag from /home/airflow/.local/lib/python3.12/site-packages/airflow/example_dags/example_trigger_controller_dag.py
[2026-05-28T10:22:05.907+0000] {processor.py:925} INFO - DAG(s) 'example_trigger_controller_dag' retrieved from /home/airflow/.local/lib/python3.12/site-packages/airflow/example_dags/example_trigger_controller_dag.py
[2026-05-28T10:22:05.951+0000] {logging_mixin.py:190} INFO - [2026-05-28T10:22:05.950+0000] {dag.py:3239} INFO - Sync 1 DAGs
[2026-05-28T10:22:05.988+0000] {logging_mixin.py:190} INFO - [2026-05-28T10:22:05.987+0000] {dag.py:4180} INFO - Setting next_dagrun for example_trigger_controller_dag to 2021-01-01 00:00:00+00:00, run_after=2021-01-01 00:00:00+00:00
[2026-05-28T10:22:06.029+0000] {processor.py:208} INFO - Processing /home/airflow/.local/lib/python3.12/site-packages/airflow/example_dags/example_trigger_controller_dag.py took 0.157 seconds
[2026-05-28T10:22:43.457+0000] {processor.py:186} INFO - Started process (PID=2270) to work on /home/airflow/.local/lib/python3.12/site-packages/airflow/example_dags/example_trigger_controller_dag.py
[2026-05-28T10:22:43.459+0000] {processor.py:914} INFO - Processing file /home/airflow/.local/lib/python3.12/site-packages/airflow/example_dags/example_trigger_controller_dag.py for tasks to queue
[2026-05-28T10:22:43.465+0000] {logging_mixin.py:190} INFO - [2026-05-28T10:22:43.464+0000] {dagbag.py:588} INFO - Filling up the DagBag from /home/airflow/.local/lib/python3.12/site-packages/airflow/example_dags/example_trigger_controller_dag.py
[2026-05-28T10:22:43.479+0000] {processor.py:925} INFO - DAG(s) 'example_trigger_controller_dag' retrieved from /home/airflow/.local/lib/python3.12/site-packages/airflow/example_dags/example_trigger_controller_dag.py
[2026-05-28T10:22:43.526+0000] {logging_mixin.py:190} INFO - [2026-05-28T10:22:43.526+0000] {dag.py:3239} INFO - Sync 1 DAGs
[2026-05-28T10:22:43.567+0000] {logging_mixin.py:190} INFO - [2026-05-28T10:22:43.566+0000] {dag.py:4180} INFO - Setting next_dagrun for example_trigger_controller_dag to 2021-01-01 00:00:00+00:00, run_after=2021-01-01 00:00:00+00:00
[2026-05-28T10:22:43.605+0000] {processor.py:208} INFO - Processing /home/airflow/.local/lib/python3.12/site-packages/airflow/example_dags/example_trigger_controller_dag.py took 0.157 seconds
[2026-05-28T10:23:18.044+0000] {processor.py:186} INFO - Started process (PID=2340) to work on /home/airflow/.local/lib/python3.12/site-packages/airflow/example_dags/example_trigger_controller_dag.py
[2026-05-28T10:23:18.046+0000] {processor.py:914} INFO - Processing file /home/airflow/.local/lib/python3.12/site-packages/airflow/example_dags/example_trigger_controller_dag.py for tasks to queue
[2026-05-28T10:23:18.051+0000] {logging_mixin.py:190} INFO - [2026-05-28T10:23:18.051+0000] {dagbag.py:588} INFO - Filling up the DagBag from /home/airflow/.local/lib/python3.12/site-packages/airflow/example_dags/example_trigger_controller_dag.py
[2026-05-28T10:23:18.064+0000] {processor.py:925} INFO - DAG(s) 'example_trigger_controller_dag' retrieved from /home/airflow/.local/lib/python3.12/site-packages/airflow/example_dags/example_trigger_controller_dag.py
[2026-05-28T10:23:18.105+0000] {logging_mixin.py:190} INFO - [2026-05-28T10:23:18.104+0000] {dag.py:3239} INFO - Sync 1 DAGs
[2026-05-28T10:23:18.152+0000] {logging_mixin.py:190} INFO - [2026-05-28T10:23:18.152+0000] {dag.py:4180} INFO - Setting next_dagrun for example_trigger_controller_dag to 2021-01-01 00:00:00+00:00, run_after=2021-01-01 00:00:00+00:00
[2026-05-28T10:23:18.192+0000] {processor.py:208} INFO - Processing /home/airflow/.local/lib/python3.12/site-packages/airflow/example_dags/example_trigger_controller_dag.py took 0.158 seconds
[2026-05-28T10:23:51.521+0000] {processor.py:186} INFO - Started process (PID=2404) to work on /home/airflow/.local/lib/python3.12/site-packages/airflow/example_dags/example_trigger_controller_dag.py
[2026-05-28T10:23:51.523+0000] {processor.py:914} INFO - Processing file /home/airflow/.local/lib/python3.12/site-packages/airflow/example_dags/example_trigger_controller_dag.py for tasks to queue
[2026-05-28T10:23:51.530+0000] {logging_mixin.py:190} INFO - [2026-05-28T10:23:51.528+0000] {dagbag.py:588} INFO - Filling up the DagBag from /home/airflow/.local/lib/python3.12/site-packages/airflow/example_dags/example_trigger_controller_dag.py
[2026-05-28T10:23:51.545+0000] {processor.py:925} INFO - DAG(s) 'example_trigger_controller_dag' retrieved from /home/airflow/.local/lib/python3.12/site-packages/airflow/example_dags/example_trigger_controller_dag.py
[2026-05-28T10:23:51.584+0000] {logging_mixin.py:190} INFO - [2026-05-28T10:23:51.583+0000] {dag.py:3239} INFO - Sync 1 DAGs
[2026-05-28T10:23:51.619+0000] {logging_mixin.py:190} INFO - [2026-05-28T10:23:51.618+0000] {dag.py:4180} INFO - Setting next_dagrun for example_trigger_controller_dag to 2021-01-01 00:00:00+00:00, run_after=2021-01-01 00:00:00+00:00
[2026-05-28T10:23:51.655+0000] {processor.py:208} INFO - Processing /home/airflow/.local/lib/python3.12/site-packages/airflow/example_dags/example_trigger_controller_dag.py took 0.147 seconds
[2026-05-28T10:24:25.629+0000] {processor.py:186} INFO - Started process (PID=2468) to work on /home/airflow/.local/lib/python3.12/site-packages/airflow/example_dags/example_trigger_controller_dag.py
[2026-05-28T10:24:25.631+0000] {processor.py:914} INFO - Processing file /home/airflow/.local/lib/python3.12/site-packages/airflow/example_dags/example_trigger_controller_dag.py for tasks to queue
[2026-05-28T10:24:25.637+0000] {logging_mixin.py:190} INFO - [2026-05-28T10:24:25.636+0000] {dagbag.py:588} INFO - Filling up the DagBag from /home/airflow/.local/lib/python3.12/site-packages/airflow/example_dags/example_trigger_controller_dag.py
[2026-05-28T10:24:25.651+0000] {processor.py:925} INFO - DAG(s) 'example_trigger_controller_dag' retrieved from /home/airflow/.local/lib/python3.12/site-packages/airflow/example_dags/example_trigger_controller_dag.py
[2026-05-28T10:24:25.695+0000] {logging_mixin.py:190} INFO - [2026-05-28T10:24:25.695+0000] {dag.py:3239} INFO - Sync 1 DAGs
[2026-05-28T10:24:25.738+0000] {logging_mixin.py:190} INFO - [2026-05-28T10:24:25.738+0000] {dag.py:4180} INFO - Setting next_dagrun for example_trigger_controller_dag to 2021-01-01 00:00:00+00:00, run_after=2021-01-01 00:00:00+00:00
[2026-05-28T10:24:25.776+0000] {processor.py:208} INFO - Processing /home/airflow/.local/lib/python3.12/site-packages/airflow/example_dags/example_trigger_controller_dag.py took 0.159 seconds
[2026-05-28T10:24:59.043+0000] {processor.py:186} INFO - Started process (PID=2534) to work on /home/airflow/.local/lib/python3.12/site-packages/airflow/example_dags/example_trigger_controller_dag.py
[2026-05-28T10:24:59.048+0000] {processor.py:914} INFO - Processing file /home/airflow/.local/lib/python3.12/site-packages/airflow/example_dags/example_trigger_controller_dag.py for tasks to queue
[2026-05-28T10:24:59.055+0000] {logging_mixin.py:190} INFO - [2026-05-28T10:24:59.054+0000] {dagbag.py:588} INFO - Filling up the DagBag from /home/airflow/.local/lib/python3.12/site-packages/airflow/example_dags/example_trigger_controller_dag.py
[2026-05-28T10:24:59.072+0000] {processor.py:925} INFO - DAG(s) 'example_trigger_controller_dag' retrieved from /home/airflow/.local/lib/python3.12/site-packages/airflow/example_dags/example_trigger_controller_dag.py
[2026-05-28T10:24:59.130+0000] {logging_mixin.py:190} INFO - [2026-05-28T10:24:59.129+0000] {dag.py:3239} INFO - Sync 1 DAGs
[2026-05-28T10:24:59.178+0000] {logging_mixin.py:190} INFO - [2026-05-28T10:24:59.177+0000] {dag.py:4180} INFO - Setting next_dagrun for example_trigger_controller_dag to 2021-01-01 00:00:00+00:00, run_after=2021-01-01 00:00:00+00:00
[2026-05-28T10:24:59.219+0000] {processor.py:208} INFO - Processing /home/airflow/.local/lib/python3.12/site-packages/airflow/example_dags/example_trigger_controller_dag.py took 0.190 seconds
[2026-05-28T10:25:38.919+0000] {processor.py:186} INFO - Started process (PID=2603) to work on /home/airflow/.local/lib/python3.12/site-packages/airflow/example_dags/example_trigger_controller_dag.py
[2026-05-28T10:25:38.926+0000] {processor.py:914} INFO - Processing file /home/airflow/.local/lib/python3.12/site-packages/airflow/example_dags/example_trigger_controller_dag.py for tasks to queue
[2026-05-28T10:25:38.933+0000] {logging_mixin.py:190} INFO - [2026-05-28T10:25:38.932+0000] {dagbag.py:588} INFO - Filling up the DagBag from /home/airflow/.local/lib/python3.12/site-packages/airflow/example_dags/example_trigger_controller_dag.py
[2026-05-28T10:25:38.951+0000] {processor.py:925} INFO - DAG(s) 'example_trigger_controller_dag' retrieved from /home/airflow/.local/lib/python3.12/site-packages/airflow/example_dags/example_trigger_controller_dag.py
[2026-05-28T10:25:39.023+0000] {logging_mixin.py:190} INFO - [2026-05-28T10:25:39.023+0000] {dag.py:3239} INFO - Sync 1 DAGs
[2026-05-28T10:25:39.109+0000] {logging_mixin.py:190} INFO - [2026-05-28T10:25:39.108+0000] {dag.py:4180} INFO - Setting next_dagrun for example_trigger_controller_dag to 2021-01-01 00:00:00+00:00, run_after=2021-01-01 00:00:00+00:00
[2026-05-28T10:25:39.174+0000] {processor.py:208} INFO - Processing /home/airflow/.local/lib/python3.12/site-packages/airflow/example_dags/example_trigger_controller_dag.py took 0.278 seconds
[2026-05-28T10:26:19.796+0000] {processor.py:186} INFO - Started process (PID=2672) to work on /home/airflow/.local/lib/python3.12/site-packages/airflow/example_dags/example_trigger_controller_dag.py
[2026-05-28T10:26:19.799+0000] {processor.py:914} INFO - Processing file /home/airflow/.local/lib/python3.12/site-packages/airflow/example_dags/example_trigger_controller_dag.py for tasks to queue
[2026-05-28T10:26:19.805+0000] {logging_mixin.py:190} INFO - [2026-05-28T10:26:19.804+0000] {dagbag.py:588} INFO - Filling up the DagBag from /home/airflow/.local/lib/python3.12/site-packages/airflow/example_dags/example_trigger_controller_dag.py
[2026-05-28T10:26:19.822+0000] {processor.py:925} INFO - DAG(s) 'example_trigger_controller_dag' retrieved from /home/airflow/.local/lib/python3.12/site-packages/airflow/example_dags/example_trigger_controller_dag.py
[2026-05-28T10:26:19.901+0000] {logging_mixin.py:190} INFO - [2026-05-28T10:26:19.900+0000] {dag.py:3239} INFO - Sync 1 DAGs
[2026-05-28T10:26:19.986+0000] {logging_mixin.py:190} INFO - [2026-05-28T10:26:19.986+0000] {dag.py:4180} INFO - Setting next_dagrun for example_trigger_controller_dag to 2021-01-01 00:00:00+00:00, run_after=2021-01-01 00:00:00+00:00
[2026-05-28T10:26:20.029+0000] {processor.py:208} INFO - Processing /home/airflow/.local/lib/python3.12/site-packages/airflow/example_dags/example_trigger_controller_dag.py took 0.247 seconds
[2026-05-28T10:27:06.691+0000] {processor.py:186} INFO - Started process (PID=2749) to work on /home/airflow/.local/lib/python3.12/site-packages/airflow/example_dags/example_trigger_controller_dag.py
[2026-05-28T10:27:06.692+0000] {processor.py:914} INFO - Processing file /home/airflow/.local/lib/python3.12/site-packages/airflow/example_dags/example_trigger_controller_dag.py for tasks to queue
[2026-05-28T10:27:06.699+0000] {logging_mixin.py:190} INFO - [2026-05-28T10:27:06.698+0000] {dagbag.py:588} INFO - Filling up the DagBag from /home/airflow/.local/lib/python3.12/site-packages/airflow/example_dags/example_trigger_controller_dag.py
[2026-05-28T10:27:06.711+0000] {processor.py:925} INFO - DAG(s) 'example_trigger_controller_dag' retrieved from /home/airflow/.local/lib/python3.12/site-packages/airflow/example_dags/example_trigger_controller_dag.py
[2026-05-28T10:27:06.753+0000] {logging_mixin.py:190} INFO - [2026-05-28T10:27:06.752+0000] {dag.py:3239} INFO - Sync 1 DAGs
[2026-05-28T10:27:06.790+0000] {logging_mixin.py:190} INFO - [2026-05-28T10:27:06.789+0000] {dag.py:4180} INFO - Setting next_dagrun for example_trigger_controller_dag to 2021-01-01 00:00:00+00:00, run_after=2021-01-01 00:00:00+00:00
[2026-05-28T10:27:06.828+0000] {processor.py:208} INFO - Processing /home/airflow/.local/lib/python3.12/site-packages/airflow/example_dags/example_trigger_controller_dag.py took 0.146 seconds
[2026-05-28T10:27:37.323+0000] {processor.py:186} INFO - Started process (PID=2812) to work on /home/airflow/.local/lib/python3.12/site-packages/airflow/example_dags/example_trigger_controller_dag.py
[2026-05-28T10:27:37.325+0000] {processor.py:914} INFO - Processing file /home/airflow/.local/lib/python3.12/site-packages/airflow/example_dags/example_trigger_controller_dag.py for tasks to queue
[2026-05-28T10:27:37.331+0000] {logging_mixin.py:190} INFO - [2026-05-28T10:27:37.330+0000] {dagbag.py:588} INFO - Filling up the DagBag from /home/airflow/.local/lib/python3.12/site-packages/airflow/example_dags/example_trigger_controller_dag.py
[2026-05-28T10:27:37.344+0000] {processor.py:925} INFO - DAG(s) 'example_trigger_controller_dag' retrieved from /home/airflow/.local/lib/python3.12/site-packages/airflow/example_dags/example_trigger_controller_dag.py
[2026-05-28T10:27:37.392+0000] {logging_mixin.py:190} INFO - [2026-05-28T10:27:37.391+0000] {dag.py:3239} INFO - Sync 1 DAGs
[2026-05-28T10:27:37.442+0000] {logging_mixin.py:190} INFO - [2026-05-28T10:27:37.442+0000] {dag.py:4180} INFO - Setting next_dagrun for example_trigger_controller_dag to 2021-01-01 00:00:00+00:00, run_after=2021-01-01 00:00:00+00:00
[2026-05-28T10:27:37.483+0000] {processor.py:208} INFO - Processing /home/airflow/.local/lib/python3.12/site-packages/airflow/example_dags/example_trigger_controller_dag.py took 0.175 seconds
[2026-05-28T10:28:11.190+0000] {processor.py:186} INFO - Started process (PID=2874) to work on /home/airflow/.local/lib/python3.12/site-packages/airflow/example_dags/example_trigger_controller_dag.py
[2026-05-28T10:28:11.194+0000] {processor.py:914} INFO - Processing file /home/airflow/.local/lib/python3.12/site-packages/airflow/example_dags/example_trigger_controller_dag.py for tasks to queue
[2026-05-28T10:28:11.199+0000] {logging_mixin.py:190} INFO - [2026-05-28T10:28:11.198+0000] {dagbag.py:588} INFO - Filling up the DagBag from /home/airflow/.local/lib/python3.12/site-packages/airflow/example_dags/example_trigger_controller_dag.py
[2026-05-28T10:28:11.211+0000] {processor.py:925} INFO - DAG(s) 'example_trigger_controller_dag' retrieved from /home/airflow/.local/lib/python3.12/site-packages/airflow/example_dags/example_trigger_controller_dag.py
[2026-05-28T10:28:11.257+0000] {logging_mixin.py:190} INFO - [2026-05-28T10:28:11.256+0000] {dag.py:3239} INFO - Sync 1 DAGs
[2026-05-28T10:28:11.297+0000] {logging_mixin.py:190} INFO - [2026-05-28T10:28:11.296+0000] {dag.py:4180} INFO - Setting next_dagrun for example_trigger_controller_dag to 2021-01-01 00:00:00+00:00, run_after=2021-01-01 00:00:00+00:00
[2026-05-28T10:28:11.333+0000] {processor.py:208} INFO - Processing /home/airflow/.local/lib/python3.12/site-packages/airflow/example_dags/example_trigger_controller_dag.py took 0.153 seconds
[2026-05-28T10:28:45.658+0000] {processor.py:186} INFO - Started process (PID=2936) to work on /home/airflow/.local/lib/python3.12/site-packages/airflow/example_dags/example_trigger_controller_dag.py
[2026-05-28T10:28:45.671+0000] {processor.py:914} INFO - Processing file /home/airflow/.local/lib/python3.12/site-packages/airflow/example_dags/example_trigger_controller_dag.py for tasks to queue
[2026-05-28T10:28:45.678+0000] {logging_mixin.py:190} INFO - [2026-05-28T10:28:45.677+0000] {dagbag.py:588} INFO - Filling up the DagBag from /home/airflow/.local/lib/python3.12/site-packages/airflow/example_dags/example_trigger_controller_dag.py
[2026-05-28T10:28:45.721+0000] {processor.py:925} INFO - DAG(s) 'example_trigger_controller_dag' retrieved from /home/airflow/.local/lib/python3.12/site-packages/airflow/example_dags/example_trigger_controller_dag.py
[2026-05-28T10:28:45.791+0000] {logging_mixin.py:190} INFO - [2026-05-28T10:28:45.790+0000] {dag.py:3239} INFO - Sync 1 DAGs
[2026-05-28T10:28:45.934+0000] {logging_mixin.py:190} INFO - [2026-05-28T10:28:45.933+0000] {dag.py:4180} INFO - Setting next_dagrun for example_trigger_controller_dag to 2021-01-01 00:00:00+00:00, run_after=2021-01-01 00:00:00+00:00
[2026-05-28T10:28:46.009+0000] {processor.py:208} INFO - Processing /home/airflow/.local/lib/python3.12/site-packages/airflow/example_dags/example_trigger_controller_dag.py took 0.377 seconds
[2026-05-28T10:29:22.709+0000] {processor.py:186} INFO - Started process (PID=3007) to work on /home/airflow/.local/lib/python3.12/site-packages/airflow/example_dags/example_trigger_controller_dag.py
[2026-05-28T10:29:22.711+0000] {processor.py:914} INFO - Processing file /home/airflow/.local/lib/python3.12/site-packages/airflow/example_dags/example_trigger_controller_dag.py for tasks to queue
[2026-05-28T10:29:22.716+0000] {logging_mixin.py:190} INFO - [2026-05-28T10:29:22.715+0000] {dagbag.py:588} INFO - Filling up the DagBag from /home/airflow/.local/lib/python3.12/site-packages/airflow/example_dags/example_trigger_controller_dag.py
[2026-05-28T10:29:22.727+0000] {processor.py:925} INFO - DAG(s) 'example_trigger_controller_dag' retrieved from /home/airflow/.local/lib/python3.12/site-packages/airflow/example_dags/example_trigger_controller_dag.py
[2026-05-28T10:29:22.766+0000] {logging_mixin.py:190} INFO - [2026-05-28T10:29:22.765+0000] {dag.py:3239} INFO - Sync 1 DAGs
[2026-05-28T10:29:22.799+0000] {logging_mixin.py:190} INFO - [2026-05-28T10:29:22.799+0000] {dag.py:4180} INFO - Setting next_dagrun for example_trigger_controller_dag to 2021-01-01 00:00:00+00:00, run_after=2021-01-01 00:00:00+00:00
[2026-05-28T10:29:22.830+0000] {processor.py:208} INFO - Processing /home/airflow/.local/lib/python3.12/site-packages/airflow/example_dags/example_trigger_controller_dag.py took 0.129 seconds
[2026-05-28T10:30:07.958+0000] {processor.py:186} INFO - Started process (PID=3074) to work on /home/airflow/.local/lib/python3.12/site-packages/airflow/example_dags/example_trigger_controller_dag.py
[2026-05-28T10:30:07.959+0000] {processor.py:914} INFO - Processing file /home/airflow/.local/lib/python3.12/site-packages/airflow/example_dags/example_trigger_controller_dag.py for tasks to queue
[2026-05-28T10:30:07.964+0000] {logging_mixin.py:190} INFO - [2026-05-28T10:30:07.964+0000] {dagbag.py:588} INFO - Filling up the DagBag from /home/airflow/.local/lib/python3.12/site-packages/airflow/example_dags/example_trigger_controller_dag.py
[2026-05-28T10:30:07.978+0000] {processor.py:925} INFO - DAG(s) 'example_trigger_controller_dag' retrieved from /home/airflow/.local/lib/python3.12/site-packages/airflow/example_dags/example_trigger_controller_dag.py
[2026-05-28T10:30:08.024+0000] {logging_mixin.py:190} INFO - [2026-05-28T10:30:08.024+0000] {dag.py:3239} INFO - Sync 1 DAGs
[2026-05-28T10:30:08.078+0000] {logging_mixin.py:190} INFO - [2026-05-28T10:30:08.077+0000] {dag.py:4180} INFO - Setting next_dagrun for example_trigger_controller_dag to 2021-01-01 00:00:00+00:00, run_after=2021-01-01 00:00:00+00:00
[2026-05-28T10:30:08.140+0000] {processor.py:208} INFO - Processing /home/airflow/.local/lib/python3.12/site-packages/airflow/example_dags/example_trigger_controller_dag.py took 0.193 seconds
[2026-05-28T10:30:43.601+0000] {processor.py:186} INFO - Started process (PID=3141) to work on /home/airflow/.local/lib/python3.12/site-packages/airflow/example_dags/example_trigger_controller_dag.py
[2026-05-28T10:30:43.605+0000] {processor.py:914} INFO - Processing file /home/airflow/.local/lib/python3.12/site-packages/airflow/example_dags/example_trigger_controller_dag.py for tasks to queue
[2026-05-28T10:30:43.610+0000] {logging_mixin.py:190} INFO - [2026-05-28T10:30:43.610+0000] {dagbag.py:588} INFO - Filling up the DagBag from /home/airflow/.local/lib/python3.12/site-packages/airflow/example_dags/example_trigger_controller_dag.py
[2026-05-28T10:30:43.625+0000] {processor.py:925} INFO - DAG(s) 'example_trigger_controller_dag' retrieved from /home/airflow/.local/lib/python3.12/site-packages/airflow/example_dags/example_trigger_controller_dag.py
[2026-05-28T10:30:43.669+0000] {logging_mixin.py:190} INFO - [2026-05-28T10:30:43.669+0000] {dag.py:3239} INFO - Sync 1 DAGs
[2026-05-28T10:30:43.714+0000] {logging_mixin.py:190} INFO - [2026-05-28T10:30:43.713+0000] {dag.py:4180} INFO - Setting next_dagrun for example_trigger_controller_dag to 2021-01-01 00:00:00+00:00, run_after=2021-01-01 00:00:00+00:00
[2026-05-28T10:30:43.748+0000] {processor.py:208} INFO - Processing /home/airflow/.local/lib/python3.12/site-packages/airflow/example_dags/example_trigger_controller_dag.py took 0.161 seconds
[2026-05-28T10:31:17.055+0000] {processor.py:186} INFO - Started process (PID=3203) to work on /home/airflow/.local/lib/python3.12/site-packages/airflow/example_dags/example_trigger_controller_dag.py
[2026-05-28T10:31:17.058+0000] {processor.py:914} INFO - Processing file /home/airflow/.local/lib/python3.12/site-packages/airflow/example_dags/example_trigger_controller_dag.py for tasks to queue
[2026-05-28T10:31:17.063+0000] {logging_mixin.py:190} INFO - [2026-05-28T10:31:17.063+0000] {dagbag.py:588} INFO - Filling up the DagBag from /home/airflow/.local/lib/python3.12/site-packages/airflow/example_dags/example_trigger_controller_dag.py
[2026-05-28T10:31:17.080+0000] {processor.py:925} INFO - DAG(s) 'example_trigger_controller_dag' retrieved from /home/airflow/.local/lib/python3.12/site-packages/airflow/example_dags/example_trigger_controller_dag.py
[2026-05-28T10:31:17.134+0000] {logging_mixin.py:190} INFO - [2026-05-28T10:31:17.133+0000] {dag.py:3239} INFO - Sync 1 DAGs
[2026-05-28T10:31:17.174+0000] {logging_mixin.py:190} INFO - [2026-05-28T10:31:17.173+0000] {dag.py:4180} INFO - Setting next_dagrun for example_trigger_controller_dag to 2021-01-01 00:00:00+00:00, run_after=2021-01-01 00:00:00+00:00
[2026-05-28T10:31:17.228+0000] {processor.py:208} INFO - Processing /home/airflow/.local/lib/python3.12/site-packages/airflow/example_dags/example_trigger_controller_dag.py took 0.188 seconds
[2026-05-28T10:31:51.393+0000] {processor.py:186} INFO - Started process (PID=3266) to work on /home/airflow/.local/lib/python3.12/site-packages/airflow/example_dags/example_trigger_controller_dag.py
[2026-05-28T10:31:51.398+0000] {processor.py:914} INFO - Processing file /home/airflow/.local/lib/python3.12/site-packages/airflow/example_dags/example_trigger_controller_dag.py for tasks to queue
[2026-05-28T10:31:51.405+0000] {logging_mixin.py:190} INFO - [2026-05-28T10:31:51.404+0000] {dagbag.py:588} INFO - Filling up the DagBag from /home/airflow/.local/lib/python3.12/site-packages/airflow/example_dags/example_trigger_controller_dag.py
[2026-05-28T10:31:51.425+0000] {processor.py:925} INFO - DAG(s) 'example_trigger_controller_dag' retrieved from /home/airflow/.local/lib/python3.12/site-packages/airflow/example_dags/example_trigger_controller_dag.py
[2026-05-28T10:31:51.503+0000] {logging_mixin.py:190} INFO - [2026-05-28T10:31:51.502+0000] {dag.py:3239} INFO - Sync 1 DAGs
[2026-05-28T10:31:51.576+0000] {logging_mixin.py:190} INFO - [2026-05-28T10:31:51.575+0000] {dag.py:4180} INFO - Setting next_dagrun for example_trigger_controller_dag to 2021-01-01 00:00:00+00:00, run_after=2021-01-01 00:00:00+00:00
[2026-05-28T10:31:51.631+0000] {processor.py:208} INFO - Processing /home/airflow/.local/lib/python3.12/site-packages/airflow/example_dags/example_trigger_controller_dag.py took 0.253 seconds
[2026-05-28T10:32:31.787+0000] {processor.py:186} INFO - Started process (PID=3333) to work on /home/airflow/.local/lib/python3.12/site-packages/airflow/example_dags/example_trigger_controller_dag.py
[2026-05-28T10:32:31.789+0000] {processor.py:914} INFO - Processing file /home/airflow/.local/lib/python3.12/site-packages/airflow/example_dags/example_trigger_controller_dag.py for tasks to queue
[2026-05-28T10:32:31.798+0000] {logging_mixin.py:190} INFO - [2026-05-28T10:32:31.798+0000] {dagbag.py:588} INFO - Filling up the DagBag from /home/airflow/.local/lib/python3.12/site-packages/airflow/example_dags/example_trigger_controller_dag.py
[2026-05-28T10:32:31.811+0000] {processor.py:925} INFO - DAG(s) 'example_trigger_controller_dag' retrieved from /home/airflow/.local/lib/python3.12/site-packages/airflow/example_dags/example_trigger_controller_dag.py
[2026-05-28T10:32:31.856+0000] {logging_mixin.py:190} INFO - [2026-05-28T10:32:31.856+0000] {dag.py:3239} INFO - Sync 1 DAGs
[2026-05-28T10:32:31.900+0000] {logging_mixin.py:190} INFO - [2026-05-28T10:32:31.899+0000] {dag.py:4180} INFO - Setting next_dagrun for example_trigger_controller_dag to 2021-01-01 00:00:00+00:00, run_after=2021-01-01 00:00:00+00:00
[2026-05-28T10:32:31.942+0000] {processor.py:208} INFO - Processing /home/airflow/.local/lib/python3.12/site-packages/airflow/example_dags/example_trigger_controller_dag.py took 0.164 seconds
[2026-05-28T10:33:12.063+0000] {processor.py:186} INFO - Started process (PID=3409) to work on /home/airflow/.local/lib/python3.12/site-packages/airflow/example_dags/example_trigger_controller_dag.py
[2026-05-28T10:33:12.065+0000] {processor.py:914} INFO - Processing file /home/airflow/.local/lib/python3.12/site-packages/airflow/example_dags/example_trigger_controller_dag.py for tasks to queue
[2026-05-28T10:33:12.074+0000] {logging_mixin.py:190} INFO - [2026-05-28T10:33:12.073+0000] {dagbag.py:588} INFO - Filling up the DagBag from /home/airflow/.local/lib/python3.12/site-packages/airflow/example_dags/example_trigger_controller_dag.py
[2026-05-28T10:33:12.091+0000] {processor.py:925} INFO - DAG(s) 'example_trigger_controller_dag' retrieved from /home/airflow/.local/lib/python3.12/site-packages/airflow/example_dags/example_trigger_controller_dag.py
[2026-05-28T10:33:12.161+0000] {logging_mixin.py:190} INFO - [2026-05-28T10:33:12.161+0000] {dag.py:3239} INFO - Sync 1 DAGs
[2026-05-28T10:33:12.224+0000] {logging_mixin.py:190} INFO - [2026-05-28T10:33:12.223+0000] {dag.py:4180} INFO - Setting next_dagrun for example_trigger_controller_dag to 2021-01-01 00:00:00+00:00, run_after=2021-01-01 00:00:00+00:00
[2026-05-28T10:33:12.289+0000] {processor.py:208} INFO - Processing /home/airflow/.local/lib/python3.12/site-packages/airflow/example_dags/example_trigger_controller_dag.py took 0.238 seconds
[2026-05-28T10:34:09.092+0000] {processor.py:186} INFO - Started process (PID=3478) to work on /home/airflow/.local/lib/python3.12/site-packages/airflow/example_dags/example_trigger_controller_dag.py
[2026-05-28T10:34:09.094+0000] {processor.py:914} INFO - Processing file /home/airflow/.local/lib/python3.12/site-packages/airflow/example_dags/example_trigger_controller_dag.py for tasks to queue
[2026-05-28T10:34:09.100+0000] {logging_mixin.py:190} INFO - [2026-05-28T10:34:09.100+0000] {dagbag.py:588} INFO - Filling up the DagBag from /home/airflow/.local/lib/python3.12/site-packages/airflow/example_dags/example_trigger_controller_dag.py
[2026-05-28T10:34:09.116+0000] {processor.py:925} INFO - DAG(s) 'example_trigger_controller_dag' retrieved from /home/airflow/.local/lib/python3.12/site-packages/airflow/example_dags/example_trigger_controller_dag.py
[2026-05-28T10:34:09.176+0000] {logging_mixin.py:190} INFO - [2026-05-28T10:34:09.176+0000] {dag.py:3239} INFO - Sync 1 DAGs
[2026-05-28T10:34:09.235+0000] {logging_mixin.py:190} INFO - [2026-05-28T10:34:09.234+0000] {dag.py:4180} INFO - Setting next_dagrun for example_trigger_controller_dag to 2021-01-01 00:00:00+00:00, run_after=2021-01-01 00:00:00+00:00
[2026-05-28T10:34:09.279+0000] {processor.py:208} INFO - Processing /home/airflow/.local/lib/python3.12/site-packages/airflow/example_dags/example_trigger_controller_dag.py took 0.209 seconds
[2026-05-28T10:34:54.695+0000] {processor.py:186} INFO - Started process (PID=3549) to work on /home/airflow/.local/lib/python3.12/site-packages/airflow/example_dags/example_trigger_controller_dag.py
[2026-05-28T10:34:54.698+0000] {processor.py:914} INFO - Processing file /home/airflow/.local/lib/python3.12/site-packages/airflow/example_dags/example_trigger_controller_dag.py for tasks to queue
[2026-05-28T10:34:54.708+0000] {logging_mixin.py:190} INFO - [2026-05-28T10:34:54.707+0000] {dagbag.py:588} INFO - Filling up the DagBag from /home/airflow/.local/lib/python3.12/site-packages/airflow/example_dags/example_trigger_controller_dag.py
[2026-05-28T10:34:54.730+0000] {processor.py:925} INFO - DAG(s) 'example_trigger_controller_dag' retrieved from /home/airflow/.local/lib/python3.12/site-packages/airflow/example_dags/example_trigger_controller_dag.py
[2026-05-28T10:34:54.789+0000] {logging_mixin.py:190} INFO - [2026-05-28T10:34:54.789+0000] {dag.py:3239} INFO - Sync 1 DAGs
[2026-05-28T10:34:54.842+0000] {logging_mixin.py:190} INFO - [2026-05-28T10:34:54.842+0000] {dag.py:4180} INFO - Setting next_dagrun for example_trigger_controller_dag to 2021-01-01 00:00:00+00:00, run_after=2021-01-01 00:00:00+00:00
[2026-05-28T10:34:54.917+0000] {processor.py:208} INFO - Processing /home/airflow/.local/lib/python3.12/site-packages/airflow/example_dags/example_trigger_controller_dag.py took 0.235 seconds
[2026-05-28T10:35:32.124+0000] {processor.py:186} INFO - Started process (PID=3611) to work on /home/airflow/.local/lib/python3.12/site-packages/airflow/example_dags/example_trigger_controller_dag.py
[2026-05-28T10:35:32.126+0000] {processor.py:914} INFO - Processing file /home/airflow/.local/lib/python3.12/site-packages/airflow/example_dags/example_trigger_controller_dag.py for tasks to queue
[2026-05-28T10:35:32.132+0000] {logging_mixin.py:190} INFO - [2026-05-28T10:35:32.131+0000] {dagbag.py:588} INFO - Filling up the DagBag from /home/airflow/.local/lib/python3.12/site-packages/airflow/example_dags/example_trigger_controller_dag.py
[2026-05-28T10:35:32.147+0000] {processor.py:925} INFO - DAG(s) 'example_trigger_controller_dag' retrieved from /home/airflow/.local/lib/python3.12/site-packages/airflow/example_dags/example_trigger_controller_dag.py
[2026-05-28T10:35:32.194+0000] {logging_mixin.py:190} INFO - [2026-05-28T10:35:32.193+0000] {dag.py:3239} INFO - Sync 1 DAGs
[2026-05-28T10:35:32.238+0000] {logging_mixin.py:190} INFO - [2026-05-28T10:35:32.237+0000] {dag.py:4180} INFO - Setting next_dagrun for example_trigger_controller_dag to 2021-01-01 00:00:00+00:00, run_after=2021-01-01 00:00:00+00:00
[2026-05-28T10:35:32.288+0000] {processor.py:208} INFO - Processing /home/airflow/.local/lib/python3.12/site-packages/airflow/example_dags/example_trigger_controller_dag.py took 0.174 seconds
[2026-05-28T10:36:05.931+0000] {processor.py:186} INFO - Started process (PID=3680) to work on /home/airflow/.local/lib/python3.12/site-packages/airflow/example_dags/example_trigger_controller_dag.py
[2026-05-28T10:36:05.933+0000] {processor.py:914} INFO - Processing file /home/airflow/.local/lib/python3.12/site-packages/airflow/example_dags/example_trigger_controller_dag.py for tasks to queue
[2026-05-28T10:36:05.939+0000] {logging_mixin.py:190} INFO - [2026-05-28T10:36:05.938+0000] {dagbag.py:588} INFO - Filling up the DagBag from /home/airflow/.local/lib/python3.12/site-packages/airflow/example_dags/example_trigger_controller_dag.py
[2026-05-28T10:36:05.952+0000] {processor.py:925} INFO - DAG(s) 'example_trigger_controller_dag' retrieved from /home/airflow/.local/lib/python3.12/site-packages/airflow/example_dags/example_trigger_controller_dag.py
[2026-05-28T10:36:06.000+0000] {logging_mixin.py:190} INFO - [2026-05-28T10:36:06.000+0000] {dag.py:3239} INFO - Sync 1 DAGs
[2026-05-28T10:36:06.043+0000] {logging_mixin.py:190} INFO - [2026-05-28T10:36:06.042+0000] {dag.py:4180} INFO - Setting next_dagrun for example_trigger_controller_dag to 2021-01-01 00:00:00+00:00, run_after=2021-01-01 00:00:00+00:00
[2026-05-28T10:36:06.093+0000] {processor.py:208} INFO - Processing /home/airflow/.local/lib/python3.12/site-packages/airflow/example_dags/example_trigger_controller_dag.py took 0.173 seconds
[2026-05-28T10:39:44.331+0000] {processor.py:186} INFO - Started process (PID=124) to work on /home/airflow/.local/lib/python3.12/site-packages/airflow/example_dags/example_trigger_controller_dag.py
[2026-05-28T10:39:44.334+0000] {processor.py:914} INFO - Processing file /home/airflow/.local/lib/python3.12/site-packages/airflow/example_dags/example_trigger_controller_dag.py for tasks to queue
[2026-05-28T10:39:44.346+0000] {logging_mixin.py:190} INFO - [2026-05-28T10:39:44.345+0000] {dagbag.py:588} INFO - Filling up the DagBag from /home/airflow/.local/lib/python3.12/site-packages/airflow/example_dags/example_trigger_controller_dag.py
[2026-05-28T10:39:44.368+0000] {processor.py:925} INFO - DAG(s) 'example_trigger_controller_dag' retrieved from /home/airflow/.local/lib/python3.12/site-packages/airflow/example_dags/example_trigger_controller_dag.py
[2026-05-28T10:39:44.591+0000] {logging_mixin.py:190} INFO - [2026-05-28T10:39:44.590+0000] {dag.py:3239} INFO - Sync 1 DAGs
[2026-05-28T10:39:44.629+0000] {logging_mixin.py:190} INFO - [2026-05-28T10:39:44.629+0000] {dag.py:4180} INFO - Setting next_dagrun for example_trigger_controller_dag to 2021-01-01 00:00:00+00:00, run_after=2021-01-01 00:00:00+00:00
[2026-05-28T10:39:44.679+0000] {processor.py:208} INFO - Processing /home/airflow/.local/lib/python3.12/site-packages/airflow/example_dags/example_trigger_controller_dag.py took 0.366 seconds
[2026-05-28T10:40:24.379+0000] {processor.py:186} INFO - Started process (PID=194) to work on /home/airflow/.local/lib/python3.12/site-packages/airflow/example_dags/example_trigger_controller_dag.py
[2026-05-28T10:40:24.382+0000] {processor.py:914} INFO - Processing file /home/airflow/.local/lib/python3.12/site-packages/airflow/example_dags/example_trigger_controller_dag.py for tasks to queue
[2026-05-28T10:40:24.388+0000] {logging_mixin.py:190} INFO - [2026-05-28T10:40:24.387+0000] {dagbag.py:588} INFO - Filling up the DagBag from /home/airflow/.local/lib/python3.12/site-packages/airflow/example_dags/example_trigger_controller_dag.py
[2026-05-28T10:40:24.406+0000] {processor.py:925} INFO - DAG(s) 'example_trigger_controller_dag' retrieved from /home/airflow/.local/lib/python3.12/site-packages/airflow/example_dags/example_trigger_controller_dag.py
[2026-05-28T10:40:24.463+0000] {logging_mixin.py:190} INFO - [2026-05-28T10:40:24.462+0000] {dag.py:3239} INFO - Sync 1 DAGs
[2026-05-28T10:40:24.526+0000] {logging_mixin.py:190} INFO - [2026-05-28T10:40:24.525+0000] {dag.py:4180} INFO - Setting next_dagrun for example_trigger_controller_dag to 2021-01-01 00:00:00+00:00, run_after=2021-01-01 00:00:00+00:00
[2026-05-28T10:40:24.594+0000] {processor.py:208} INFO - Processing /home/airflow/.local/lib/python3.12/site-packages/airflow/example_dags/example_trigger_controller_dag.py took 0.227 seconds
[2026-05-28T10:40:57.745+0000] {processor.py:186} INFO - Started process (PID=257) to work on /home/airflow/.local/lib/python3.12/site-packages/airflow/example_dags/example_trigger_controller_dag.py
[2026-05-28T10:40:57.751+0000] {processor.py:914} INFO - Processing file /home/airflow/.local/lib/python3.12/site-packages/airflow/example_dags/example_trigger_controller_dag.py for tasks to queue
[2026-05-28T10:40:57.759+0000] {logging_mixin.py:190} INFO - [2026-05-28T10:40:57.758+0000] {dagbag.py:588} INFO - Filling up the DagBag from /home/airflow/.local/lib/python3.12/site-packages/airflow/example_dags/example_trigger_controller_dag.py
[2026-05-28T10:40:57.776+0000] {processor.py:925} INFO - DAG(s) 'example_trigger_controller_dag' retrieved from /home/airflow/.local/lib/python3.12/site-packages/airflow/example_dags/example_trigger_controller_dag.py
[2026-05-28T10:40:57.825+0000] {logging_mixin.py:190} INFO - [2026-05-28T10:40:57.825+0000] {dag.py:3239} INFO - Sync 1 DAGs
[2026-05-28T10:40:57.886+0000] {logging_mixin.py:190} INFO - [2026-05-28T10:40:57.886+0000] {dag.py:4180} INFO - Setting next_dagrun for example_trigger_controller_dag to 2021-01-01 00:00:00+00:00, run_after=2021-01-01 00:00:00+00:00
[2026-05-28T10:40:57.928+0000] {processor.py:208} INFO - Processing /home/airflow/.local/lib/python3.12/site-packages/airflow/example_dags/example_trigger_controller_dag.py took 0.195 seconds
[2026-05-28T10:41:39.695+0000] {processor.py:186} INFO - Started process (PID=333) to work on /home/airflow/.local/lib/python3.12/site-packages/airflow/example_dags/example_trigger_controller_dag.py
[2026-05-28T10:41:39.697+0000] {processor.py:914} INFO - Processing file /home/airflow/.local/lib/python3.12/site-packages/airflow/example_dags/example_trigger_controller_dag.py for tasks to queue
[2026-05-28T10:41:39.702+0000] {logging_mixin.py:190} INFO - [2026-05-28T10:41:39.701+0000] {dagbag.py:588} INFO - Filling up the DagBag from /home/airflow/.local/lib/python3.12/site-packages/airflow/example_dags/example_trigger_controller_dag.py
[2026-05-28T10:41:39.712+0000] {processor.py:925} INFO - DAG(s) 'example_trigger_controller_dag' retrieved from /home/airflow/.local/lib/python3.12/site-packages/airflow/example_dags/example_trigger_controller_dag.py
[2026-05-28T10:41:39.753+0000] {logging_mixin.py:190} INFO - [2026-05-28T10:41:39.753+0000] {dag.py:3239} INFO - Sync 1 DAGs
[2026-05-28T10:41:39.786+0000] {logging_mixin.py:190} INFO - [2026-05-28T10:41:39.785+0000] {dag.py:4180} INFO - Setting next_dagrun for example_trigger_controller_dag to 2021-01-01 00:00:00+00:00, run_after=2021-01-01 00:00:00+00:00
[2026-05-28T10:41:39.831+0000] {processor.py:208} INFO - Processing /home/airflow/.local/lib/python3.12/site-packages/airflow/example_dags/example_trigger_controller_dag.py took 0.144 seconds
[2026-05-28T10:42:15.380+0000] {processor.py:186} INFO - Started process (PID=401) to work on /home/airflow/.local/lib/python3.12/site-packages/airflow/example_dags/example_trigger_controller_dag.py
[2026-05-28T10:42:15.382+0000] {processor.py:914} INFO - Processing file /home/airflow/.local/lib/python3.12/site-packages/airflow/example_dags/example_trigger_controller_dag.py for tasks to queue
[2026-05-28T10:42:15.387+0000] {logging_mixin.py:190} INFO - [2026-05-28T10:42:15.386+0000] {dagbag.py:588} INFO - Filling up the DagBag from /home/airflow/.local/lib/python3.12/site-packages/airflow/example_dags/example_trigger_controller_dag.py
[2026-05-28T10:42:15.401+0000] {processor.py:925} INFO - DAG(s) 'example_trigger_controller_dag' retrieved from /home/airflow/.local/lib/python3.12/site-packages/airflow/example_dags/example_trigger_controller_dag.py
[2026-05-28T10:42:15.439+0000] {logging_mixin.py:190} INFO - [2026-05-28T10:42:15.439+0000] {dag.py:3239} INFO - Sync 1 DAGs
[2026-05-28T10:42:15.490+0000] {logging_mixin.py:190} INFO - [2026-05-28T10:42:15.489+0000] {dag.py:4180} INFO - Setting next_dagrun for example_trigger_controller_dag to 2021-01-01 00:00:00+00:00, run_after=2021-01-01 00:00:00+00:00
[2026-05-28T10:42:15.527+0000] {processor.py:208} INFO - Processing /home/airflow/.local/lib/python3.12/site-packages/airflow/example_dags/example_trigger_controller_dag.py took 0.157 seconds
[2026-05-28T10:42:50.590+0000] {processor.py:186} INFO - Started process (PID=469) to work on /home/airflow/.local/lib/python3.12/site-packages/airflow/example_dags/example_trigger_controller_dag.py
[2026-05-28T10:42:50.592+0000] {processor.py:914} INFO - Processing file /home/airflow/.local/lib/python3.12/site-packages/airflow/example_dags/example_trigger_controller_dag.py for tasks to queue
[2026-05-28T10:42:50.598+0000] {logging_mixin.py:190} INFO - [2026-05-28T10:42:50.597+0000] {dagbag.py:588} INFO - Filling up the DagBag from /home/airflow/.local/lib/python3.12/site-packages/airflow/example_dags/example_trigger_controller_dag.py
[2026-05-28T10:42:50.618+0000] {processor.py:925} INFO - DAG(s) 'example_trigger_controller_dag' retrieved from /home/airflow/.local/lib/python3.12/site-packages/airflow/example_dags/example_trigger_controller_dag.py
[2026-05-28T10:42:50.669+0000] {logging_mixin.py:190} INFO - [2026-05-28T10:42:50.668+0000] {dag.py:3239} INFO - Sync 1 DAGs
[2026-05-28T10:42:50.715+0000] {logging_mixin.py:190} INFO - [2026-05-28T10:42:50.715+0000] {dag.py:4180} INFO - Setting next_dagrun for example_trigger_controller_dag to 2021-01-01 00:00:00+00:00, run_after=2021-01-01 00:00:00+00:00
[2026-05-28T10:42:50.760+0000] {processor.py:208} INFO - Processing /home/airflow/.local/lib/python3.12/site-packages/airflow/example_dags/example_trigger_controller_dag.py took 0.181 seconds
[2026-05-28T10:43:28.084+0000] {processor.py:186} INFO - Started process (PID=542) to work on /home/airflow/.local/lib/python3.12/site-packages/airflow/example_dags/example_trigger_controller_dag.py
[2026-05-28T10:43:28.091+0000] {processor.py:914} INFO - Processing file /home/airflow/.local/lib/python3.12/site-packages/airflow/example_dags/example_trigger_controller_dag.py for tasks to queue
[2026-05-28T10:43:28.099+0000] {logging_mixin.py:190} INFO - [2026-05-28T10:43:28.098+0000] {dagbag.py:588} INFO - Filling up the DagBag from /home/airflow/.local/lib/python3.12/site-packages/airflow/example_dags/example_trigger_controller_dag.py
[2026-05-28T10:43:28.116+0000] {processor.py:925} INFO - DAG(s) 'example_trigger_controller_dag' retrieved from /home/airflow/.local/lib/python3.12/site-packages/airflow/example_dags/example_trigger_controller_dag.py
[2026-05-28T10:43:28.167+0000] {logging_mixin.py:190} INFO - [2026-05-28T10:43:28.166+0000] {dag.py:3239} INFO - Sync 1 DAGs
[2026-05-28T10:43:28.211+0000] {logging_mixin.py:190} INFO - [2026-05-28T10:43:28.211+0000] {dag.py:4180} INFO - Setting next_dagrun for example_trigger_controller_dag to 2021-01-01 00:00:00+00:00, run_after=2021-01-01 00:00:00+00:00
[2026-05-28T10:43:28.260+0000] {processor.py:208} INFO - Processing /home/airflow/.local/lib/python3.12/site-packages/airflow/example_dags/example_trigger_controller_dag.py took 0.192 seconds
[2026-05-28T10:44:04.997+0000] {processor.py:186} INFO - Started process (PID=606) to work on /home/airflow/.local/lib/python3.12/site-packages/airflow/example_dags/example_trigger_controller_dag.py
[2026-05-28T10:44:04.999+0000] {processor.py:914} INFO - Processing file /home/airflow/.local/lib/python3.12/site-packages/airflow/example_dags/example_trigger_controller_dag.py for tasks to queue
[2026-05-28T10:44:05.004+0000] {logging_mixin.py:190} INFO - [2026-05-28T10:44:05.004+0000] {dagbag.py:588} INFO - Filling up the DagBag from /home/airflow/.local/lib/python3.12/site-packages/airflow/example_dags/example_trigger_controller_dag.py
[2026-05-28T10:44:05.014+0000] {processor.py:925} INFO - DAG(s) 'example_trigger_controller_dag' retrieved from /home/airflow/.local/lib/python3.12/site-packages/airflow/example_dags/example_trigger_controller_dag.py
[2026-05-28T10:44:05.054+0000] {logging_mixin.py:190} INFO - [2026-05-28T10:44:05.053+0000] {dag.py:3239} INFO - Sync 1 DAGs
[2026-05-28T10:44:05.094+0000] {logging_mixin.py:190} INFO - [2026-05-28T10:44:05.093+0000] {dag.py:4180} INFO - Setting next_dagrun for example_trigger_controller_dag to 2021-01-01 00:00:00+00:00, run_after=2021-01-01 00:00:00+00:00
[2026-05-28T10:44:05.127+0000] {processor.py:208} INFO - Processing /home/airflow/.local/lib/python3.12/site-packages/airflow/example_dags/example_trigger_controller_dag.py took 0.137 seconds
[2026-05-28T10:44:37.824+0000] {processor.py:186} INFO - Started process (PID=669) to work on /home/airflow/.local/lib/python3.12/site-packages/airflow/example_dags/example_trigger_controller_dag.py
[2026-05-28T10:44:37.826+0000] {processor.py:914} INFO - Processing file /home/airflow/.local/lib/python3.12/site-packages/airflow/example_dags/example_trigger_controller_dag.py for tasks to queue
[2026-05-28T10:44:37.836+0000] {logging_mixin.py:190} INFO - [2026-05-28T10:44:37.831+0000] {dagbag.py:588} INFO - Filling up the DagBag from /home/airflow/.local/lib/python3.12/site-packages/airflow/example_dags/example_trigger_controller_dag.py
[2026-05-28T10:44:37.863+0000] {processor.py:925} INFO - DAG(s) 'example_trigger_controller_dag' retrieved from /home/airflow/.local/lib/python3.12/site-packages/airflow/example_dags/example_trigger_controller_dag.py
[2026-05-28T10:44:37.921+0000] {logging_mixin.py:190} INFO - [2026-05-28T10:44:37.920+0000] {dag.py:3239} INFO - Sync 1 DAGs
[2026-05-28T10:44:37.974+0000] {logging_mixin.py:190} INFO - [2026-05-28T10:44:37.973+0000] {dag.py:4180} INFO - Setting next_dagrun for example_trigger_controller_dag to 2021-01-01 00:00:00+00:00, run_after=2021-01-01 00:00:00+00:00
[2026-05-28T10:44:38.025+0000] {processor.py:208} INFO - Processing /home/airflow/.local/lib/python3.12/site-packages/airflow/example_dags/example_trigger_controller_dag.py took 0.215 seconds
[2026-05-28T10:45:11.362+0000] {processor.py:186} INFO - Started process (PID=733) to work on /home/airflow/.local/lib/python3.12/site-packages/airflow/example_dags/example_trigger_controller_dag.py
[2026-05-28T10:45:11.364+0000] {processor.py:914} INFO - Processing file /home/airflow/.local/lib/python3.12/site-packages/airflow/example_dags/example_trigger_controller_dag.py for tasks to queue
[2026-05-28T10:45:11.372+0000] {logging_mixin.py:190} INFO - [2026-05-28T10:45:11.371+0000] {dagbag.py:588} INFO - Filling up the DagBag from /home/airflow/.local/lib/python3.12/site-packages/airflow/example_dags/example_trigger_controller_dag.py
[2026-05-28T10:45:11.386+0000] {processor.py:925} INFO - DAG(s) 'example_trigger_controller_dag' retrieved from /home/airflow/.local/lib/python3.12/site-packages/airflow/example_dags/example_trigger_controller_dag.py
[2026-05-28T10:45:11.438+0000] {logging_mixin.py:190} INFO - [2026-05-28T10:45:11.437+0000] {dag.py:3239} INFO - Sync 1 DAGs
[2026-05-28T10:45:11.480+0000] {logging_mixin.py:190} INFO - [2026-05-28T10:45:11.480+0000] {dag.py:4180} INFO - Setting next_dagrun for example_trigger_controller_dag to 2021-01-01 00:00:00+00:00, run_after=2021-01-01 00:00:00+00:00
[2026-05-28T10:45:11.525+0000] {processor.py:208} INFO - Processing /home/airflow/.local/lib/python3.12/site-packages/airflow/example_dags/example_trigger_controller_dag.py took 0.175 seconds
[2026-05-28T10:45:46.194+0000] {processor.py:186} INFO - Started process (PID=796) to work on /home/airflow/.local/lib/python3.12/site-packages/airflow/example_dags/example_trigger_controller_dag.py
[2026-05-28T10:45:46.197+0000] {processor.py:914} INFO - Processing file /home/airflow/.local/lib/python3.12/site-packages/airflow/example_dags/example_trigger_controller_dag.py for tasks to queue
[2026-05-28T10:45:46.205+0000] {logging_mixin.py:190} INFO - [2026-05-28T10:45:46.204+0000] {dagbag.py:588} INFO - Filling up the DagBag from /home/airflow/.local/lib/python3.12/site-packages/airflow/example_dags/example_trigger_controller_dag.py
[2026-05-28T10:45:46.223+0000] {processor.py:925} INFO - DAG(s) 'example_trigger_controller_dag' retrieved from /home/airflow/.local/lib/python3.12/site-packages/airflow/example_dags/example_trigger_controller_dag.py
[2026-05-28T10:45:46.277+0000] {logging_mixin.py:190} INFO - [2026-05-28T10:45:46.277+0000] {dag.py:3239} INFO - Sync 1 DAGs
[2026-05-28T10:45:46.319+0000] {logging_mixin.py:190} INFO - [2026-05-28T10:45:46.319+0000] {dag.py:4180} INFO - Setting next_dagrun for example_trigger_controller_dag to 2021-01-01 00:00:00+00:00, run_after=2021-01-01 00:00:00+00:00
[2026-05-28T10:45:46.375+0000] {processor.py:208} INFO - Processing /home/airflow/.local/lib/python3.12/site-packages/airflow/example_dags/example_trigger_controller_dag.py took 0.193 seconds
[2026-05-28T10:46:23.071+0000] {processor.py:186} INFO - Started process (PID=865) to work on /home/airflow/.local/lib/python3.12/site-packages/airflow/example_dags/example_trigger_controller_dag.py
[2026-05-28T10:46:23.074+0000] {processor.py:914} INFO - Processing file /home/airflow/.local/lib/python3.12/site-packages/airflow/example_dags/example_trigger_controller_dag.py for tasks to queue
[2026-05-28T10:46:23.079+0000] {logging_mixin.py:190} INFO - [2026-05-28T10:46:23.078+0000] {dagbag.py:588} INFO - Filling up the DagBag from /home/airflow/.local/lib/python3.12/site-packages/airflow/example_dags/example_trigger_controller_dag.py
[2026-05-28T10:46:23.090+0000] {processor.py:925} INFO - DAG(s) 'example_trigger_controller_dag' retrieved from /home/airflow/.local/lib/python3.12/site-packages/airflow/example_dags/example_trigger_controller_dag.py
[2026-05-28T10:46:23.131+0000] {logging_mixin.py:190} INFO - [2026-05-28T10:46:23.130+0000] {dag.py:3239} INFO - Sync 1 DAGs
[2026-05-28T10:46:23.170+0000] {logging_mixin.py:190} INFO - [2026-05-28T10:46:23.169+0000] {dag.py:4180} INFO - Setting next_dagrun for example_trigger_controller_dag to 2021-01-01 00:00:00+00:00, run_after=2021-01-01 00:00:00+00:00
[2026-05-28T10:46:23.237+0000] {processor.py:208} INFO - Processing /home/airflow/.local/lib/python3.12/site-packages/airflow/example_dags/example_trigger_controller_dag.py took 0.176 seconds
[2026-05-28T10:46:57.754+0000] {processor.py:186} INFO - Started process (PID=928) to work on /home/airflow/.local/lib/python3.12/site-packages/airflow/example_dags/example_trigger_controller_dag.py
[2026-05-28T10:46:57.756+0000] {processor.py:914} INFO - Processing file /home/airflow/.local/lib/python3.12/site-packages/airflow/example_dags/example_trigger_controller_dag.py for tasks to queue
[2026-05-28T10:46:57.762+0000] {logging_mixin.py:190} INFO - [2026-05-28T10:46:57.761+0000] {dagbag.py:588} INFO - Filling up the DagBag from /home/airflow/.local/lib/python3.12/site-packages/airflow/example_dags/example_trigger_controller_dag.py
[2026-05-28T10:46:57.781+0000] {processor.py:925} INFO - DAG(s) 'example_trigger_controller_dag' retrieved from /home/airflow/.local/lib/python3.12/site-packages/airflow/example_dags/example_trigger_controller_dag.py
[2026-05-28T10:46:57.841+0000] {logging_mixin.py:190} INFO - [2026-05-28T10:46:57.841+0000] {dag.py:3239} INFO - Sync 1 DAGs
[2026-05-28T10:46:57.906+0000] {logging_mixin.py:190} INFO - [2026-05-28T10:46:57.906+0000] {dag.py:4180} INFO - Setting next_dagrun for example_trigger_controller_dag to 2021-01-01 00:00:00+00:00, run_after=2021-01-01 00:00:00+00:00
[2026-05-28T10:46:58.036+0000] {processor.py:208} INFO - Processing /home/airflow/.local/lib/python3.12/site-packages/airflow/example_dags/example_trigger_controller_dag.py took 0.294 seconds
[2026-05-28T10:47:41.702+0000] {processor.py:186} INFO - Started process (PID=996) to work on /home/airflow/.local/lib/python3.12/site-packages/airflow/example_dags/example_trigger_controller_dag.py
[2026-05-28T10:47:41.866+0000] {processor.py:914} INFO - Processing file /home/airflow/.local/lib/python3.12/site-packages/airflow/example_dags/example_trigger_controller_dag.py for tasks to queue
[2026-05-28T10:47:41.871+0000] {logging_mixin.py:190} INFO - [2026-05-28T10:47:41.871+0000] {dagbag.py:588} INFO - Filling up the DagBag from /home/airflow/.local/lib/python3.12/site-packages/airflow/example_dags/example_trigger_controller_dag.py
[2026-05-28T10:47:41.887+0000] {processor.py:925} INFO - DAG(s) 'example_trigger_controller_dag' retrieved from /home/airflow/.local/lib/python3.12/site-packages/airflow/example_dags/example_trigger_controller_dag.py
[2026-05-28T10:47:41.941+0000] {logging_mixin.py:190} INFO - [2026-05-28T10:47:41.940+0000] {dag.py:3239} INFO - Sync 1 DAGs
[2026-05-28T10:47:41.988+0000] {logging_mixin.py:190} INFO - [2026-05-28T10:47:41.988+0000] {dag.py:4180} INFO - Setting next_dagrun for example_trigger_controller_dag to 2021-01-01 00:00:00+00:00, run_after=2021-01-01 00:00:00+00:00
[2026-05-28T10:47:42.054+0000] {processor.py:208} INFO - Processing /home/airflow/.local/lib/python3.12/site-packages/airflow/example_dags/example_trigger_controller_dag.py took 0.363 seconds
[2026-05-28T10:48:20.069+0000] {processor.py:186} INFO - Started process (PID=1066) to work on /home/airflow/.local/lib/python3.12/site-packages/airflow/example_dags/example_trigger_controller_dag.py
[2026-05-28T10:48:20.072+0000] {processor.py:914} INFO - Processing file /home/airflow/.local/lib/python3.12/site-packages/airflow/example_dags/example_trigger_controller_dag.py for tasks to queue
[2026-05-28T10:48:20.078+0000] {logging_mixin.py:190} INFO - [2026-05-28T10:48:20.077+0000] {dagbag.py:588} INFO - Filling up the DagBag from /home/airflow/.local/lib/python3.12/site-packages/airflow/example_dags/example_trigger_controller_dag.py
[2026-05-28T10:48:20.093+0000] {processor.py:925} INFO - DAG(s) 'example_trigger_controller_dag' retrieved from /home/airflow/.local/lib/python3.12/site-packages/airflow/example_dags/example_trigger_controller_dag.py
[2026-05-28T10:48:20.143+0000] {logging_mixin.py:190} INFO - [2026-05-28T10:48:20.142+0000] {dag.py:3239} INFO - Sync 1 DAGs
[2026-05-28T10:48:20.189+0000] {logging_mixin.py:190} INFO - [2026-05-28T10:48:20.189+0000] {dag.py:4180} INFO - Setting next_dagrun for example_trigger_controller_dag to 2021-01-01 00:00:00+00:00, run_after=2021-01-01 00:00:00+00:00
[2026-05-28T10:48:20.252+0000] {processor.py:208} INFO - Processing /home/airflow/.local/lib/python3.12/site-packages/airflow/example_dags/example_trigger_controller_dag.py took 0.194 seconds
[2026-05-28T10:49:05.094+0000] {processor.py:186} INFO - Started process (PID=1135) to work on /home/airflow/.local/lib/python3.12/site-packages/airflow/example_dags/example_trigger_controller_dag.py
[2026-05-28T10:49:05.135+0000] {processor.py:914} INFO - Processing file /home/airflow/.local/lib/python3.12/site-packages/airflow/example_dags/example_trigger_controller_dag.py for tasks to queue
[2026-05-28T10:49:05.143+0000] {logging_mixin.py:190} INFO - [2026-05-28T10:49:05.142+0000] {dagbag.py:588} INFO - Filling up the DagBag from /home/airflow/.local/lib/python3.12/site-packages/airflow/example_dags/example_trigger_controller_dag.py
[2026-05-28T10:49:05.166+0000] {processor.py:925} INFO - DAG(s) 'example_trigger_controller_dag' retrieved from /home/airflow/.local/lib/python3.12/site-packages/airflow/example_dags/example_trigger_controller_dag.py
[2026-05-28T10:49:05.236+0000] {logging_mixin.py:190} INFO - [2026-05-28T10:49:05.235+0000] {dag.py:3239} INFO - Sync 1 DAGs
[2026-05-28T10:49:05.309+0000] {logging_mixin.py:190} INFO - [2026-05-28T10:49:05.309+0000] {dag.py:4180} INFO - Setting next_dagrun for example_trigger_controller_dag to 2021-01-01 00:00:00+00:00, run_after=2021-01-01 00:00:00+00:00
[2026-05-28T10:49:05.355+0000] {processor.py:208} INFO - Processing /home/airflow/.local/lib/python3.12/site-packages/airflow/example_dags/example_trigger_controller_dag.py took 0.291 seconds
[2026-05-28T10:49:44.761+0000] {processor.py:186} INFO - Started process (PID=1208) to work on /home/airflow/.local/lib/python3.12/site-packages/airflow/example_dags/example_trigger_controller_dag.py
[2026-05-28T10:49:44.764+0000] {processor.py:914} INFO - Processing file /home/airflow/.local/lib/python3.12/site-packages/airflow/example_dags/example_trigger_controller_dag.py for tasks to queue
[2026-05-28T10:49:44.770+0000] {logging_mixin.py:190} INFO - [2026-05-28T10:49:44.770+0000] {dagbag.py:588} INFO - Filling up the DagBag from /home/airflow/.local/lib/python3.12/site-packages/airflow/example_dags/example_trigger_controller_dag.py
[2026-05-28T10:49:44.791+0000] {processor.py:925} INFO - DAG(s) 'example_trigger_controller_dag' retrieved from /home/airflow/.local/lib/python3.12/site-packages/airflow/example_dags/example_trigger_controller_dag.py
[2026-05-28T10:49:44.849+0000] {logging_mixin.py:190} INFO - [2026-05-28T10:49:44.848+0000] {dag.py:3239} INFO - Sync 1 DAGs
[2026-05-28T10:49:44.922+0000] {logging_mixin.py:190} INFO - [2026-05-28T10:49:44.919+0000] {dag.py:4180} INFO - Setting next_dagrun for example_trigger_controller_dag to 2021-01-01 00:00:00+00:00, run_after=2021-01-01 00:00:00+00:00
[2026-05-28T10:49:44.988+0000] {processor.py:208} INFO - Processing /home/airflow/.local/lib/python3.12/site-packages/airflow/example_dags/example_trigger_controller_dag.py took 0.241 seconds
[2026-05-28T10:50:23.669+0000] {processor.py:186} INFO - Started process (PID=1272) to work on /home/airflow/.local/lib/python3.12/site-packages/airflow/example_dags/example_trigger_controller_dag.py
[2026-05-28T10:50:23.671+0000] {processor.py:914} INFO - Processing file /home/airflow/.local/lib/python3.12/site-packages/airflow/example_dags/example_trigger_controller_dag.py for tasks to queue
[2026-05-28T10:50:23.676+0000] {logging_mixin.py:190} INFO - [2026-05-28T10:50:23.676+0000] {dagbag.py:588} INFO - Filling up the DagBag from /home/airflow/.local/lib/python3.12/site-packages/airflow/example_dags/example_trigger_controller_dag.py
[2026-05-28T10:50:23.693+0000] {processor.py:925} INFO - DAG(s) 'example_trigger_controller_dag' retrieved from /home/airflow/.local/lib/python3.12/site-packages/airflow/example_dags/example_trigger_controller_dag.py
[2026-05-28T10:50:23.741+0000] {logging_mixin.py:190} INFO - [2026-05-28T10:50:23.740+0000] {dag.py:3239} INFO - Sync 1 DAGs
[2026-05-28T10:50:23.781+0000] {logging_mixin.py:190} INFO - [2026-05-28T10:50:23.780+0000] {dag.py:4180} INFO - Setting next_dagrun for example_trigger_controller_dag to 2021-01-01 00:00:00+00:00, run_after=2021-01-01 00:00:00+00:00
[2026-05-28T10:50:23.814+0000] {processor.py:208} INFO - Processing /home/airflow/.local/lib/python3.12/site-packages/airflow/example_dags/example_trigger_controller_dag.py took 0.156 seconds
[2026-05-28T10:51:19.681+0000] {processor.py:186} INFO - Started process (PID=1341) to work on /home/airflow/.local/lib/python3.12/site-packages/airflow/example_dags/example_trigger_controller_dag.py
[2026-05-28T10:51:19.683+0000] {processor.py:914} INFO - Processing file /home/airflow/.local/lib/python3.12/site-packages/airflow/example_dags/example_trigger_controller_dag.py for tasks to queue
[2026-05-28T10:51:19.689+0000] {logging_mixin.py:190} INFO - [2026-05-28T10:51:19.688+0000] {dagbag.py:588} INFO - Filling up the DagBag from /home/airflow/.local/lib/python3.12/site-packages/airflow/example_dags/example_trigger_controller_dag.py
[2026-05-28T10:51:19.707+0000] {processor.py:925} INFO - DAG(s) 'example_trigger_controller_dag' retrieved from /home/airflow/.local/lib/python3.12/site-packages/airflow/example_dags/example_trigger_controller_dag.py
[2026-05-28T10:51:19.758+0000] {logging_mixin.py:190} INFO - [2026-05-28T10:51:19.758+0000] {dag.py:3239} INFO - Sync 1 DAGs
[2026-05-28T10:51:19.819+0000] {logging_mixin.py:190} INFO - [2026-05-28T10:51:19.819+0000] {dag.py:4180} INFO - Setting next_dagrun for example_trigger_controller_dag to 2021-01-01 00:00:00+00:00, run_after=2021-01-01 00:00:00+00:00
[2026-05-28T10:51:19.863+0000] {processor.py:208} INFO - Processing /home/airflow/.local/lib/python3.12/site-packages/airflow/example_dags/example_trigger_controller_dag.py took 0.194 seconds
[2026-05-28T10:52:07.696+0000] {processor.py:186} INFO - Started process (PID=1419) to work on /home/airflow/.local/lib/python3.12/site-packages/airflow/example_dags/example_trigger_controller_dag.py
[2026-05-28T10:52:07.702+0000] {processor.py:914} INFO - Processing file /home/airflow/.local/lib/python3.12/site-packages/airflow/example_dags/example_trigger_controller_dag.py for tasks to queue
[2026-05-28T10:52:07.707+0000] {logging_mixin.py:190} INFO - [2026-05-28T10:52:07.707+0000] {dagbag.py:588} INFO - Filling up the DagBag from /home/airflow/.local/lib/python3.12/site-packages/airflow/example_dags/example_trigger_controller_dag.py
[2026-05-28T10:52:07.724+0000] {processor.py:925} INFO - DAG(s) 'example_trigger_controller_dag' retrieved from /home/airflow/.local/lib/python3.12/site-packages/airflow/example_dags/example_trigger_controller_dag.py
[2026-05-28T10:52:07.783+0000] {logging_mixin.py:190} INFO - [2026-05-28T10:52:07.782+0000] {dag.py:3239} INFO - Sync 1 DAGs
[2026-05-28T10:52:07.837+0000] {logging_mixin.py:190} INFO - [2026-05-28T10:52:07.837+0000] {dag.py:4180} INFO - Setting next_dagrun for example_trigger_controller_dag to 2021-01-01 00:00:00+00:00, run_after=2021-01-01 00:00:00+00:00
[2026-05-28T10:52:07.907+0000] {processor.py:208} INFO - Processing /home/airflow/.local/lib/python3.12/site-packages/airflow/example_dags/example_trigger_controller_dag.py took 0.223 seconds
[2026-05-28T10:52:56.735+0000] {processor.py:186} INFO - Started process (PID=1488) to work on /home/airflow/.local/lib/python3.12/site-packages/airflow/example_dags/example_trigger_controller_dag.py
[2026-05-28T10:52:56.737+0000] {processor.py:914} INFO - Processing file /home/airflow/.local/lib/python3.12/site-packages/airflow/example_dags/example_trigger_controller_dag.py for tasks to queue
[2026-05-28T10:52:56.742+0000] {logging_mixin.py:190} INFO - [2026-05-28T10:52:56.741+0000] {dagbag.py:588} INFO - Filling up the DagBag from /home/airflow/.local/lib/python3.12/site-packages/airflow/example_dags/example_trigger_controller_dag.py
[2026-05-28T10:52:56.755+0000] {processor.py:925} INFO - DAG(s) 'example_trigger_controller_dag' retrieved from /home/airflow/.local/lib/python3.12/site-packages/airflow/example_dags/example_trigger_controller_dag.py
[2026-05-28T10:52:56.801+0000] {logging_mixin.py:190} INFO - [2026-05-28T10:52:56.800+0000] {dag.py:3239} INFO - Sync 1 DAGs
[2026-05-28T10:52:56.848+0000] {logging_mixin.py:190} INFO - [2026-05-28T10:52:56.847+0000] {dag.py:4180} INFO - Setting next_dagrun for example_trigger_controller_dag to 2021-01-01 00:00:00+00:00, run_after=2021-01-01 00:00:00+00:00
[2026-05-28T10:52:56.887+0000] {processor.py:208} INFO - Processing /home/airflow/.local/lib/python3.12/site-packages/airflow/example_dags/example_trigger_controller_dag.py took 0.165 seconds
[2026-05-28T10:53:32.339+0000] {processor.py:186} INFO - Started process (PID=1552) to work on /home/airflow/.local/lib/python3.12/site-packages/airflow/example_dags/example_trigger_controller_dag.py
[2026-05-28T10:53:32.341+0000] {processor.py:914} INFO - Processing file /home/airflow/.local/lib/python3.12/site-packages/airflow/example_dags/example_trigger_controller_dag.py for tasks to queue
[2026-05-28T10:53:32.347+0000] {logging_mixin.py:190} INFO - [2026-05-28T10:53:32.346+0000] {dagbag.py:588} INFO - Filling up the DagBag from /home/airflow/.local/lib/python3.12/site-packages/airflow/example_dags/example_trigger_controller_dag.py
[2026-05-28T10:53:32.363+0000] {processor.py:925} INFO - DAG(s) 'example_trigger_controller_dag' retrieved from /home/airflow/.local/lib/python3.12/site-packages/airflow/example_dags/example_trigger_controller_dag.py
[2026-05-28T10:53:32.413+0000] {logging_mixin.py:190} INFO - [2026-05-28T10:53:32.412+0000] {dag.py:3239} INFO - Sync 1 DAGs
[2026-05-28T10:53:32.458+0000] {logging_mixin.py:190} INFO - [2026-05-28T10:53:32.457+0000] {dag.py:4180} INFO - Setting next_dagrun for example_trigger_controller_dag to 2021-01-01 00:00:00+00:00, run_after=2021-01-01 00:00:00+00:00
[2026-05-28T10:53:32.506+0000] {processor.py:208} INFO - Processing /home/airflow/.local/lib/python3.12/site-packages/airflow/example_dags/example_trigger_controller_dag.py took 0.183 seconds
[2026-05-28T10:54:13.245+0000] {processor.py:186} INFO - Started process (PID=1618) to work on /home/airflow/.local/lib/python3.12/site-packages/airflow/example_dags/example_trigger_controller_dag.py
[2026-05-28T10:54:13.248+0000] {processor.py:914} INFO - Processing file /home/airflow/.local/lib/python3.12/site-packages/airflow/example_dags/example_trigger_controller_dag.py for tasks to queue
[2026-05-28T10:54:13.253+0000] {logging_mixin.py:190} INFO - [2026-05-28T10:54:13.252+0000] {dagbag.py:588} INFO - Filling up the DagBag from /home/airflow/.local/lib/python3.12/site-packages/airflow/example_dags/example_trigger_controller_dag.py
[2026-05-28T10:54:13.264+0000] {processor.py:925} INFO - DAG(s) 'example_trigger_controller_dag' retrieved from /home/airflow/.local/lib/python3.12/site-packages/airflow/example_dags/example_trigger_controller_dag.py
[2026-05-28T10:54:13.313+0000] {logging_mixin.py:190} INFO - [2026-05-28T10:54:13.312+0000] {dag.py:3239} INFO - Sync 1 DAGs
[2026-05-28T10:54:13.358+0000] {logging_mixin.py:190} INFO - [2026-05-28T10:54:13.358+0000] {dag.py:4180} INFO - Setting next_dagrun for example_trigger_controller_dag to 2021-01-01 00:00:00+00:00, run_after=2021-01-01 00:00:00+00:00
[2026-05-28T10:54:13.399+0000] {processor.py:208} INFO - Processing /home/airflow/.local/lib/python3.12/site-packages/airflow/example_dags/example_trigger_controller_dag.py took 0.165 seconds
[2026-05-28T10:55:53.281+0000] {processor.py:186} INFO - Started process (PID=1706) to work on /home/airflow/.local/lib/python3.12/site-packages/airflow/example_dags/example_trigger_controller_dag.py
[2026-05-28T10:55:53.323+0000] {processor.py:914} INFO - Processing file /home/airflow/.local/lib/python3.12/site-packages/airflow/example_dags/example_trigger_controller_dag.py for tasks to queue
[2026-05-28T10:55:53.465+0000] {logging_mixin.py:190} INFO - [2026-05-28T10:55:53.460+0000] {dagbag.py:588} INFO - Filling up the DagBag from /home/airflow/.local/lib/python3.12/site-packages/airflow/example_dags/example_trigger_controller_dag.py
[2026-05-28T10:55:53.786+0000] {processor.py:925} INFO - DAG(s) 'example_trigger_controller_dag' retrieved from /home/airflow/.local/lib/python3.12/site-packages/airflow/example_dags/example_trigger_controller_dag.py
[2026-05-28T10:55:54.855+0000] {logging_mixin.py:190} INFO - [2026-05-28T10:55:54.822+0000] {dag.py:3239} INFO - Sync 1 DAGs
[2026-05-28T10:55:56.734+0000] {logging_mixin.py:190} INFO - [2026-05-28T10:55:56.719+0000] {dag.py:4180} INFO - Setting next_dagrun for example_trigger_controller_dag to 2021-01-01 00:00:00+00:00, run_after=2021-01-01 00:00:00+00:00
[2026-05-28T10:55:57.709+0000] {processor.py:208} INFO - Processing /home/airflow/.local/lib/python3.12/site-packages/airflow/example_dags/example_trigger_controller_dag.py took 4.691 seconds
[2026-05-28T10:59:28.454+0000] {processor.py:186} INFO - Started process (PID=1839) to work on /home/airflow/.local/lib/python3.12/site-packages/airflow/example_dags/example_trigger_controller_dag.py
[2026-05-28T10:59:28.457+0000] {processor.py:914} INFO - Processing file /home/airflow/.local/lib/python3.12/site-packages/airflow/example_dags/example_trigger_controller_dag.py for tasks to queue
[2026-05-28T10:59:28.461+0000] {logging_mixin.py:190} INFO - [2026-05-28T10:59:28.460+0000] {dagbag.py:588} INFO - Filling up the DagBag from /home/airflow/.local/lib/python3.12/site-packages/airflow/example_dags/example_trigger_controller_dag.py
[2026-05-28T10:59:28.483+0000] {processor.py:925} INFO - DAG(s) 'example_trigger_controller_dag' retrieved from /home/airflow/.local/lib/python3.12/site-packages/airflow/example_dags/example_trigger_controller_dag.py
[2026-05-28T10:59:28.554+0000] {logging_mixin.py:190} INFO - [2026-05-28T10:59:28.553+0000] {dag.py:3239} INFO - Sync 1 DAGs
[2026-05-28T10:59:28.641+0000] {logging_mixin.py:190} INFO - [2026-05-28T10:59:28.640+0000] {dag.py:4180} INFO - Setting next_dagrun for example_trigger_controller_dag to 2021-01-01 00:00:00+00:00, run_after=2021-01-01 00:00:00+00:00
[2026-05-28T10:59:28.712+0000] {processor.py:208} INFO - Processing /home/airflow/.local/lib/python3.12/site-packages/airflow/example_dags/example_trigger_controller_dag.py took 0.271 seconds
[2026-05-28T11:00:27.586+0000] {processor.py:186} INFO - Started process (PID=1913) to work on /home/airflow/.local/lib/python3.12/site-packages/airflow/example_dags/example_trigger_controller_dag.py
[2026-05-28T11:00:27.590+0000] {processor.py:914} INFO - Processing file /home/airflow/.local/lib/python3.12/site-packages/airflow/example_dags/example_trigger_controller_dag.py for tasks to queue
[2026-05-28T11:00:27.595+0000] {logging_mixin.py:190} INFO - [2026-05-28T11:00:27.594+0000] {dagbag.py:588} INFO - Filling up the DagBag from /home/airflow/.local/lib/python3.12/site-packages/airflow/example_dags/example_trigger_controller_dag.py
[2026-05-28T11:00:27.620+0000] {processor.py:925} INFO - DAG(s) 'example_trigger_controller_dag' retrieved from /home/airflow/.local/lib/python3.12/site-packages/airflow/example_dags/example_trigger_controller_dag.py
[2026-05-28T11:00:27.711+0000] {logging_mixin.py:190} INFO - [2026-05-28T11:00:27.710+0000] {dag.py:3239} INFO - Sync 1 DAGs
[2026-05-28T11:00:27.850+0000] {logging_mixin.py:190} INFO - [2026-05-28T11:00:27.850+0000] {dag.py:4180} INFO - Setting next_dagrun for example_trigger_controller_dag to 2021-01-01 00:00:00+00:00, run_after=2021-01-01 00:00:00+00:00
[2026-05-28T11:00:27.928+0000] {processor.py:208} INFO - Processing /home/airflow/.local/lib/python3.12/site-packages/airflow/example_dags/example_trigger_controller_dag.py took 0.361 seconds
[2026-05-28T11:01:41.425+0000] {processor.py:186} INFO - Started process (PID=1989) to work on /home/airflow/.local/lib/python3.12/site-packages/airflow/example_dags/example_trigger_controller_dag.py
[2026-05-28T11:01:41.429+0000] {processor.py:914} INFO - Processing file /home/airflow/.local/lib/python3.12/site-packages/airflow/example_dags/example_trigger_controller_dag.py for tasks to queue
[2026-05-28T11:01:41.434+0000] {logging_mixin.py:190} INFO - [2026-05-28T11:01:41.433+0000] {dagbag.py:588} INFO - Filling up the DagBag from /home/airflow/.local/lib/python3.12/site-packages/airflow/example_dags/example_trigger_controller_dag.py
[2026-05-28T11:01:41.472+0000] {processor.py:925} INFO - DAG(s) 'example_trigger_controller_dag' retrieved from /home/airflow/.local/lib/python3.12/site-packages/airflow/example_dags/example_trigger_controller_dag.py
[2026-05-28T11:01:41.568+0000] {logging_mixin.py:190} INFO - [2026-05-28T11:01:41.566+0000] {dag.py:3239} INFO - Sync 1 DAGs
[2026-05-28T11:01:41.673+0000] {logging_mixin.py:190} INFO - [2026-05-28T11:01:41.672+0000] {dag.py:4180} INFO - Setting next_dagrun for example_trigger_controller_dag to 2021-01-01 00:00:00+00:00, run_after=2021-01-01 00:00:00+00:00
[2026-05-28T11:01:41.757+0000] {processor.py:208} INFO - Processing /home/airflow/.local/lib/python3.12/site-packages/airflow/example_dags/example_trigger_controller_dag.py took 0.355 seconds
[2026-05-28T11:02:54.826+0000] {processor.py:186} INFO - Started process (PID=2079) to work on /home/airflow/.local/lib/python3.12/site-packages/airflow/example_dags/example_trigger_controller_dag.py
[2026-05-28T11:02:54.828+0000] {processor.py:914} INFO - Processing file /home/airflow/.local/lib/python3.12/site-packages/airflow/example_dags/example_trigger_controller_dag.py for tasks to queue
[2026-05-28T11:02:54.835+0000] {logging_mixin.py:190} INFO - [2026-05-28T11:02:54.834+0000] {dagbag.py:588} INFO - Filling up the DagBag from /home/airflow/.local/lib/python3.12/site-packages/airflow/example_dags/example_trigger_controller_dag.py
[2026-05-28T11:02:54.857+0000] {processor.py:925} INFO - DAG(s) 'example_trigger_controller_dag' retrieved from /home/airflow/.local/lib/python3.12/site-packages/airflow/example_dags/example_trigger_controller_dag.py
[2026-05-28T11:02:54.926+0000] {logging_mixin.py:190} INFO - [2026-05-28T11:02:54.926+0000] {dag.py:3239} INFO - Sync 1 DAGs
[2026-05-28T11:02:54.994+0000] {logging_mixin.py:190} INFO - [2026-05-28T11:02:54.993+0000] {dag.py:4180} INFO - Setting next_dagrun for example_trigger_controller_dag to 2021-01-01 00:00:00+00:00, run_after=2021-01-01 00:00:00+00:00
[2026-05-28T11:02:55.053+0000] {processor.py:208} INFO - Processing /home/airflow/.local/lib/python3.12/site-packages/airflow/example_dags/example_trigger_controller_dag.py took 0.245 seconds
[2026-05-28T11:03:54.202+0000] {processor.py:186} INFO - Started process (PID=2148) to work on /home/airflow/.local/lib/python3.12/site-packages/airflow/example_dags/example_trigger_controller_dag.py
[2026-05-28T11:03:54.205+0000] {processor.py:914} INFO - Processing file /home/airflow/.local/lib/python3.12/site-packages/airflow/example_dags/example_trigger_controller_dag.py for tasks to queue
[2026-05-28T11:03:54.209+0000] {logging_mixin.py:190} INFO - [2026-05-28T11:03:54.208+0000] {dagbag.py:588} INFO - Filling up the DagBag from /home/airflow/.local/lib/python3.12/site-packages/airflow/example_dags/example_trigger_controller_dag.py
[2026-05-28T11:03:54.233+0000] {processor.py:925} INFO - DAG(s) 'example_trigger_controller_dag' retrieved from /home/airflow/.local/lib/python3.12/site-packages/airflow/example_dags/example_trigger_controller_dag.py
[2026-05-28T11:03:54.308+0000] {logging_mixin.py:190} INFO - [2026-05-28T11:03:54.307+0000] {dag.py:3239} INFO - Sync 1 DAGs
[2026-05-28T11:03:54.377+0000] {logging_mixin.py:190} INFO - [2026-05-28T11:03:54.377+0000] {dag.py:4180} INFO - Setting next_dagrun for example_trigger_controller_dag to 2021-01-01 00:00:00+00:00, run_after=2021-01-01 00:00:00+00:00
[2026-05-28T11:03:54.435+0000] {processor.py:208} INFO - Processing /home/airflow/.local/lib/python3.12/site-packages/airflow/example_dags/example_trigger_controller_dag.py took 0.250 seconds
[2026-05-28T11:04:54.662+0000] {processor.py:186} INFO - Started process (PID=2235) to work on /home/airflow/.local/lib/python3.12/site-packages/airflow/example_dags/example_trigger_controller_dag.py
[2026-05-28T11:04:54.665+0000] {processor.py:914} INFO - Processing file /home/airflow/.local/lib/python3.12/site-packages/airflow/example_dags/example_trigger_controller_dag.py for tasks to queue
[2026-05-28T11:04:54.669+0000] {logging_mixin.py:190} INFO - [2026-05-28T11:04:54.668+0000] {dagbag.py:588} INFO - Filling up the DagBag from /home/airflow/.local/lib/python3.12/site-packages/airflow/example_dags/example_trigger_controller_dag.py
[2026-05-28T11:04:54.691+0000] {processor.py:925} INFO - DAG(s) 'example_trigger_controller_dag' retrieved from /home/airflow/.local/lib/python3.12/site-packages/airflow/example_dags/example_trigger_controller_dag.py
[2026-05-28T11:04:54.760+0000] {logging_mixin.py:190} INFO - [2026-05-28T11:04:54.759+0000] {dag.py:3239} INFO - Sync 1 DAGs
[2026-05-28T11:04:54.825+0000] {logging_mixin.py:190} INFO - [2026-05-28T11:04:54.824+0000] {dag.py:4180} INFO - Setting next_dagrun for example_trigger_controller_dag to 2021-01-01 00:00:00+00:00, run_after=2021-01-01 00:00:00+00:00
[2026-05-28T11:04:54.876+0000] {processor.py:208} INFO - Processing /home/airflow/.local/lib/python3.12/site-packages/airflow/example_dags/example_trigger_controller_dag.py took 0.233 seconds
[2026-05-28T11:05:47.208+0000] {processor.py:186} INFO - Started process (PID=2299) to work on /home/airflow/.local/lib/python3.12/site-packages/airflow/example_dags/example_trigger_controller_dag.py
[2026-05-28T11:05:47.212+0000] {processor.py:914} INFO - Processing file /home/airflow/.local/lib/python3.12/site-packages/airflow/example_dags/example_trigger_controller_dag.py for tasks to queue
[2026-05-28T11:05:47.216+0000] {logging_mixin.py:190} INFO - [2026-05-28T11:05:47.215+0000] {dagbag.py:588} INFO - Filling up the DagBag from /home/airflow/.local/lib/python3.12/site-packages/airflow/example_dags/example_trigger_controller_dag.py
[2026-05-28T11:05:47.250+0000] {processor.py:925} INFO - DAG(s) 'example_trigger_controller_dag' retrieved from /home/airflow/.local/lib/python3.12/site-packages/airflow/example_dags/example_trigger_controller_dag.py
[2026-05-28T11:05:47.329+0000] {logging_mixin.py:190} INFO - [2026-05-28T11:05:47.328+0000] {dag.py:3239} INFO - Sync 1 DAGs
[2026-05-28T11:05:47.430+0000] {logging_mixin.py:190} INFO - [2026-05-28T11:05:47.429+0000] {dag.py:4180} INFO - Setting next_dagrun for example_trigger_controller_dag to 2021-01-01 00:00:00+00:00, run_after=2021-01-01 00:00:00+00:00
[2026-05-28T11:05:47.499+0000] {processor.py:208} INFO - Processing /home/airflow/.local/lib/python3.12/site-packages/airflow/example_dags/example_trigger_controller_dag.py took 0.319 seconds
[2026-05-28T11:07:04.153+0000] {processor.py:186} INFO - Started process (PID=2392) to work on /home/airflow/.local/lib/python3.12/site-packages/airflow/example_dags/example_trigger_controller_dag.py
[2026-05-28T11:07:04.158+0000] {processor.py:914} INFO - Processing file /home/airflow/.local/lib/python3.12/site-packages/airflow/example_dags/example_trigger_controller_dag.py for tasks to queue
[2026-05-28T11:07:04.167+0000] {logging_mixin.py:190} INFO - [2026-05-28T11:07:04.166+0000] {dagbag.py:588} INFO - Filling up the DagBag from /home/airflow/.local/lib/python3.12/site-packages/airflow/example_dags/example_trigger_controller_dag.py
[2026-05-28T11:07:04.201+0000] {processor.py:925} INFO - DAG(s) 'example_trigger_controller_dag' retrieved from /home/airflow/.local/lib/python3.12/site-packages/airflow/example_dags/example_trigger_controller_dag.py
[2026-05-28T11:07:04.316+0000] {logging_mixin.py:190} INFO - [2026-05-28T11:07:04.315+0000] {dag.py:3239} INFO - Sync 1 DAGs
[2026-05-28T11:07:04.421+0000] {logging_mixin.py:190} INFO - [2026-05-28T11:07:04.420+0000] {dag.py:4180} INFO - Setting next_dagrun for example_trigger_controller_dag to 2021-01-01 00:00:00+00:00, run_after=2021-01-01 00:00:00+00:00
[2026-05-28T11:07:04.486+0000] {processor.py:208} INFO - Processing /home/airflow/.local/lib/python3.12/site-packages/airflow/example_dags/example_trigger_controller_dag.py took 0.366 seconds
[2026-05-28T11:08:03.898+0000] {processor.py:186} INFO - Started process (PID=2462) to work on /home/airflow/.local/lib/python3.12/site-packages/airflow/example_dags/example_trigger_controller_dag.py
[2026-05-28T11:08:03.901+0000] {processor.py:914} INFO - Processing file /home/airflow/.local/lib/python3.12/site-packages/airflow/example_dags/example_trigger_controller_dag.py for tasks to queue
[2026-05-28T11:08:03.907+0000] {logging_mixin.py:190} INFO - [2026-05-28T11:08:03.906+0000] {dagbag.py:588} INFO - Filling up the DagBag from /home/airflow/.local/lib/python3.12/site-packages/airflow/example_dags/example_trigger_controller_dag.py
[2026-05-28T11:08:03.931+0000] {processor.py:925} INFO - DAG(s) 'example_trigger_controller_dag' retrieved from /home/airflow/.local/lib/python3.12/site-packages/airflow/example_dags/example_trigger_controller_dag.py
[2026-05-28T11:08:04.021+0000] {logging_mixin.py:190} INFO - [2026-05-28T11:08:04.020+0000] {dag.py:3239} INFO - Sync 1 DAGs
[2026-05-28T11:08:04.109+0000] {logging_mixin.py:190} INFO - [2026-05-28T11:08:04.109+0000] {dag.py:4180} INFO - Setting next_dagrun for example_trigger_controller_dag to 2021-01-01 00:00:00+00:00, run_after=2021-01-01 00:00:00+00:00
[2026-05-28T11:08:04.190+0000] {processor.py:208} INFO - Processing /home/airflow/.local/lib/python3.12/site-packages/airflow/example_dags/example_trigger_controller_dag.py took 0.312 seconds
[2026-05-28T11:09:07.926+0000] {processor.py:186} INFO - Started process (PID=2549) to work on /home/airflow/.local/lib/python3.12/site-packages/airflow/example_dags/example_trigger_controller_dag.py
[2026-05-28T11:09:07.929+0000] {processor.py:914} INFO - Processing file /home/airflow/.local/lib/python3.12/site-packages/airflow/example_dags/example_trigger_controller_dag.py for tasks to queue
[2026-05-28T11:09:07.932+0000] {logging_mixin.py:190} INFO - [2026-05-28T11:09:07.932+0000] {dagbag.py:588} INFO - Filling up the DagBag from /home/airflow/.local/lib/python3.12/site-packages/airflow/example_dags/example_trigger_controller_dag.py
[2026-05-28T11:09:07.951+0000] {processor.py:925} INFO - DAG(s) 'example_trigger_controller_dag' retrieved from /home/airflow/.local/lib/python3.12/site-packages/airflow/example_dags/example_trigger_controller_dag.py
[2026-05-28T11:09:08.029+0000] {logging_mixin.py:190} INFO - [2026-05-28T11:09:08.028+0000] {dag.py:3239} INFO - Sync 1 DAGs
[2026-05-28T11:09:08.113+0000] {logging_mixin.py:190} INFO - [2026-05-28T11:09:08.112+0000] {dag.py:4180} INFO - Setting next_dagrun for example_trigger_controller_dag to 2021-01-01 00:00:00+00:00, run_after=2021-01-01 00:00:00+00:00
[2026-05-28T11:09:08.187+0000] {processor.py:208} INFO - Processing /home/airflow/.local/lib/python3.12/site-packages/airflow/example_dags/example_trigger_controller_dag.py took 0.280 seconds
[2026-05-28T11:10:28.953+0000] {processor.py:186} INFO - Started process (PID=2655) to work on /home/airflow/.local/lib/python3.12/site-packages/airflow/example_dags/example_trigger_controller_dag.py
[2026-05-28T11:10:28.955+0000] {processor.py:914} INFO - Processing file /home/airflow/.local/lib/python3.12/site-packages/airflow/example_dags/example_trigger_controller_dag.py for tasks to queue
[2026-05-28T11:10:28.959+0000] {logging_mixin.py:190} INFO - [2026-05-28T11:10:28.958+0000] {dagbag.py:588} INFO - Filling up the DagBag from /home/airflow/.local/lib/python3.12/site-packages/airflow/example_dags/example_trigger_controller_dag.py
[2026-05-28T11:10:28.976+0000] {processor.py:925} INFO - DAG(s) 'example_trigger_controller_dag' retrieved from /home/airflow/.local/lib/python3.12/site-packages/airflow/example_dags/example_trigger_controller_dag.py
[2026-05-28T11:10:29.055+0000] {logging_mixin.py:190} INFO - [2026-05-28T11:10:29.054+0000] {dag.py:3239} INFO - Sync 1 DAGs
[2026-05-28T11:10:29.150+0000] {logging_mixin.py:190} INFO - [2026-05-28T11:10:29.149+0000] {dag.py:4180} INFO - Setting next_dagrun for example_trigger_controller_dag to 2021-01-01 00:00:00+00:00, run_after=2021-01-01 00:00:00+00:00
[2026-05-28T11:10:29.232+0000] {processor.py:208} INFO - Processing /home/airflow/.local/lib/python3.12/site-packages/airflow/example_dags/example_trigger_controller_dag.py took 0.294 seconds
[2026-05-28T11:11:45.051+0000] {processor.py:186} INFO - Started process (PID=2732) to work on /home/airflow/.local/lib/python3.12/site-packages/airflow/example_dags/example_trigger_controller_dag.py
[2026-05-28T11:11:45.054+0000] {processor.py:914} INFO - Processing file /home/airflow/.local/lib/python3.12/site-packages/airflow/example_dags/example_trigger_controller_dag.py for tasks to queue
[2026-05-28T11:11:45.059+0000] {logging_mixin.py:190} INFO - [2026-05-28T11:11:45.058+0000] {dagbag.py:588} INFO - Filling up the DagBag from /home/airflow/.local/lib/python3.12/site-packages/airflow/example_dags/example_trigger_controller_dag.py
[2026-05-28T11:11:45.080+0000] {processor.py:925} INFO - DAG(s) 'example_trigger_controller_dag' retrieved from /home/airflow/.local/lib/python3.12/site-packages/airflow/example_dags/example_trigger_controller_dag.py
[2026-05-28T11:11:45.155+0000] {logging_mixin.py:190} INFO - [2026-05-28T11:11:45.154+0000] {dag.py:3239} INFO - Sync 1 DAGs
[2026-05-28T11:11:45.213+0000] {logging_mixin.py:190} INFO - [2026-05-28T11:11:45.213+0000] {dag.py:4180} INFO - Setting next_dagrun for example_trigger_controller_dag to 2021-01-01 00:00:00+00:00, run_after=2021-01-01 00:00:00+00:00
[2026-05-28T11:11:45.269+0000] {processor.py:208} INFO - Processing /home/airflow/.local/lib/python3.12/site-packages/airflow/example_dags/example_trigger_controller_dag.py took 0.237 seconds
[2026-05-28T11:12:45.921+0000] {processor.py:186} INFO - Started process (PID=2808) to work on /home/airflow/.local/lib/python3.12/site-packages/airflow/example_dags/example_trigger_controller_dag.py
[2026-05-28T11:12:45.924+0000] {processor.py:914} INFO - Processing file /home/airflow/.local/lib/python3.12/site-packages/airflow/example_dags/example_trigger_controller_dag.py for tasks to queue
[2026-05-28T11:12:45.929+0000] {logging_mixin.py:190} INFO - [2026-05-28T11:12:45.928+0000] {dagbag.py:588} INFO - Filling up the DagBag from /home/airflow/.local/lib/python3.12/site-packages/airflow/example_dags/example_trigger_controller_dag.py
[2026-05-28T11:12:45.952+0000] {processor.py:925} INFO - DAG(s) 'example_trigger_controller_dag' retrieved from /home/airflow/.local/lib/python3.12/site-packages/airflow/example_dags/example_trigger_controller_dag.py
[2026-05-28T11:12:46.022+0000] {logging_mixin.py:190} INFO - [2026-05-28T11:12:46.022+0000] {dag.py:3239} INFO - Sync 1 DAGs
[2026-05-28T11:12:46.092+0000] {logging_mixin.py:190} INFO - [2026-05-28T11:12:46.091+0000] {dag.py:4180} INFO - Setting next_dagrun for example_trigger_controller_dag to 2021-01-01 00:00:00+00:00, run_after=2021-01-01 00:00:00+00:00
[2026-05-28T11:12:46.145+0000] {processor.py:208} INFO - Processing /home/airflow/.local/lib/python3.12/site-packages/airflow/example_dags/example_trigger_controller_dag.py took 0.246 seconds
[2026-05-28T12:09:34.579+0000] {processor.py:186} INFO - Started process (PID=2903) to work on /home/airflow/.local/lib/python3.12/site-packages/airflow/example_dags/example_trigger_controller_dag.py
[2026-05-28T12:09:34.584+0000] {processor.py:914} INFO - Processing file /home/airflow/.local/lib/python3.12/site-packages/airflow/example_dags/example_trigger_controller_dag.py for tasks to queue
[2026-05-28T12:09:34.587+0000] {logging_mixin.py:190} INFO - [2026-05-28T12:09:34.586+0000] {dagbag.py:588} INFO - Filling up the DagBag from /home/airflow/.local/lib/python3.12/site-packages/airflow/example_dags/example_trigger_controller_dag.py
[2026-05-28T12:09:34.626+0000] {processor.py:925} INFO - DAG(s) 'example_trigger_controller_dag' retrieved from /home/airflow/.local/lib/python3.12/site-packages/airflow/example_dags/example_trigger_controller_dag.py
[2026-05-28T12:09:34.717+0000] {logging_mixin.py:190} INFO - [2026-05-28T12:09:34.716+0000] {dag.py:3239} INFO - Sync 1 DAGs
[2026-05-28T12:09:34.983+0000] {logging_mixin.py:190} INFO - [2026-05-28T12:09:34.982+0000] {dag.py:4180} INFO - Setting next_dagrun for example_trigger_controller_dag to 2021-01-01 00:00:00+00:00, run_after=2021-01-01 00:00:00+00:00
[2026-05-28T12:41:38.638+0000] {processor.py:208} INFO - Processing /home/airflow/.local/lib/python3.12/site-packages/airflow/example_dags/example_trigger_controller_dag.py took 2.406 seconds
[2026-05-28T14:16:47.452+0000] {processor.py:186} INFO - Started process (PID=2978) to work on /home/airflow/.local/lib/python3.12/site-packages/airflow/example_dags/example_trigger_controller_dag.py
[2026-05-28T14:16:47.454+0000] {processor.py:914} INFO - Processing file /home/airflow/.local/lib/python3.12/site-packages/airflow/example_dags/example_trigger_controller_dag.py for tasks to queue
[2026-05-28T14:16:47.461+0000] {logging_mixin.py:190} INFO - [2026-05-28T14:16:47.460+0000] {dagbag.py:588} INFO - Filling up the DagBag from /home/airflow/.local/lib/python3.12/site-packages/airflow/example_dags/example_trigger_controller_dag.py
[2026-05-28T14:16:47.498+0000] {processor.py:925} INFO - DAG(s) 'example_trigger_controller_dag' retrieved from /home/airflow/.local/lib/python3.12/site-packages/airflow/example_dags/example_trigger_controller_dag.py
[2026-05-28T14:16:47.570+0000] {logging_mixin.py:190} INFO - [2026-05-28T14:16:47.570+0000] {dag.py:3239} INFO - Sync 1 DAGs
[2026-05-28T14:16:47.650+0000] {logging_mixin.py:190} INFO - [2026-05-28T14:16:47.649+0000] {dag.py:4180} INFO - Setting next_dagrun for example_trigger_controller_dag to 2021-01-01 00:00:00+00:00, run_after=2021-01-01 00:00:00+00:00
[2026-05-28T14:16:47.713+0000] {processor.py:208} INFO - Processing /home/airflow/.local/lib/python3.12/site-packages/airflow/example_dags/example_trigger_controller_dag.py took 0.282 seconds
[2026-05-28T14:17:27.088+0000] {processor.py:186} INFO - Started process (PID=3049) to work on /home/airflow/.local/lib/python3.12/site-packages/airflow/example_dags/example_trigger_controller_dag.py
[2026-05-28T14:17:27.090+0000] {processor.py:914} INFO - Processing file /home/airflow/.local/lib/python3.12/site-packages/airflow/example_dags/example_trigger_controller_dag.py for tasks to queue
[2026-05-28T14:17:27.093+0000] {logging_mixin.py:190} INFO - [2026-05-28T14:17:27.093+0000] {dagbag.py:588} INFO - Filling up the DagBag from /home/airflow/.local/lib/python3.12/site-packages/airflow/example_dags/example_trigger_controller_dag.py
[2026-05-28T14:17:27.109+0000] {processor.py:925} INFO - DAG(s) 'example_trigger_controller_dag' retrieved from /home/airflow/.local/lib/python3.12/site-packages/airflow/example_dags/example_trigger_controller_dag.py
[2026-05-28T14:17:27.158+0000] {logging_mixin.py:190} INFO - [2026-05-28T14:17:27.158+0000] {dag.py:3239} INFO - Sync 1 DAGs
[2026-05-28T14:17:27.198+0000] {logging_mixin.py:190} INFO - [2026-05-28T14:17:27.198+0000] {dag.py:4180} INFO - Setting next_dagrun for example_trigger_controller_dag to 2021-01-01 00:00:00+00:00, run_after=2021-01-01 00:00:00+00:00
[2026-05-28T14:17:27.354+0000] {processor.py:208} INFO - Processing /home/airflow/.local/lib/python3.12/site-packages/airflow/example_dags/example_trigger_controller_dag.py took 0.279 seconds
[2026-05-28T14:17:58.171+0000] {processor.py:186} INFO - Started process (PID=3112) to work on /home/airflow/.local/lib/python3.12/site-packages/airflow/example_dags/example_trigger_controller_dag.py
[2026-05-28T14:17:58.174+0000] {processor.py:914} INFO - Processing file /home/airflow/.local/lib/python3.12/site-packages/airflow/example_dags/example_trigger_controller_dag.py for tasks to queue
[2026-05-28T14:17:58.176+0000] {logging_mixin.py:190} INFO - [2026-05-28T14:17:58.176+0000] {dagbag.py:588} INFO - Filling up the DagBag from /home/airflow/.local/lib/python3.12/site-packages/airflow/example_dags/example_trigger_controller_dag.py
[2026-05-28T14:17:58.190+0000] {processor.py:925} INFO - DAG(s) 'example_trigger_controller_dag' retrieved from /home/airflow/.local/lib/python3.12/site-packages/airflow/example_dags/example_trigger_controller_dag.py
[2026-05-28T14:17:58.230+0000] {logging_mixin.py:190} INFO - [2026-05-28T14:17:58.230+0000] {dag.py:3239} INFO - Sync 1 DAGs
[2026-05-28T14:17:58.270+0000] {logging_mixin.py:190} INFO - [2026-05-28T14:17:58.270+0000] {dag.py:4180} INFO - Setting next_dagrun for example_trigger_controller_dag to 2021-01-01 00:00:00+00:00, run_after=2021-01-01 00:00:00+00:00
[2026-05-28T14:17:58.311+0000] {processor.py:208} INFO - Processing /home/airflow/.local/lib/python3.12/site-packages/airflow/example_dags/example_trigger_controller_dag.py took 0.148 seconds
[2026-05-28T14:18:31.612+0000] {processor.py:186} INFO - Started process (PID=3175) to work on /home/airflow/.local/lib/python3.12/site-packages/airflow/example_dags/example_trigger_controller_dag.py
[2026-05-28T14:18:31.614+0000] {processor.py:914} INFO - Processing file /home/airflow/.local/lib/python3.12/site-packages/airflow/example_dags/example_trigger_controller_dag.py for tasks to queue
[2026-05-28T14:18:31.617+0000] {logging_mixin.py:190} INFO - [2026-05-28T14:18:31.616+0000] {dagbag.py:588} INFO - Filling up the DagBag from /home/airflow/.local/lib/python3.12/site-packages/airflow/example_dags/example_trigger_controller_dag.py
[2026-05-28T14:18:31.628+0000] {processor.py:925} INFO - DAG(s) 'example_trigger_controller_dag' retrieved from /home/airflow/.local/lib/python3.12/site-packages/airflow/example_dags/example_trigger_controller_dag.py
[2026-05-28T14:18:31.670+0000] {logging_mixin.py:190} INFO - [2026-05-28T14:18:31.669+0000] {dag.py:3239} INFO - Sync 1 DAGs
[2026-05-28T14:18:31.709+0000] {logging_mixin.py:190} INFO - [2026-05-28T14:18:31.709+0000] {dag.py:4180} INFO - Setting next_dagrun for example_trigger_controller_dag to 2021-01-01 00:00:00+00:00, run_after=2021-01-01 00:00:00+00:00
[2026-05-28T14:18:31.748+0000] {processor.py:208} INFO - Processing /home/airflow/.local/lib/python3.12/site-packages/airflow/example_dags/example_trigger_controller_dag.py took 0.147 seconds
[2026-05-28T14:19:02.342+0000] {processor.py:186} INFO - Started process (PID=3238) to work on /home/airflow/.local/lib/python3.12/site-packages/airflow/example_dags/example_trigger_controller_dag.py
[2026-05-28T14:19:02.344+0000] {processor.py:914} INFO - Processing file /home/airflow/.local/lib/python3.12/site-packages/airflow/example_dags/example_trigger_controller_dag.py for tasks to queue
[2026-05-28T14:19:02.347+0000] {logging_mixin.py:190} INFO - [2026-05-28T14:19:02.346+0000] {dagbag.py:588} INFO - Filling up the DagBag from /home/airflow/.local/lib/python3.12/site-packages/airflow/example_dags/example_trigger_controller_dag.py
[2026-05-28T14:19:02.361+0000] {processor.py:925} INFO - DAG(s) 'example_trigger_controller_dag' retrieved from /home/airflow/.local/lib/python3.12/site-packages/airflow/example_dags/example_trigger_controller_dag.py
[2026-05-28T14:19:02.400+0000] {logging_mixin.py:190} INFO - [2026-05-28T14:19:02.400+0000] {dag.py:3239} INFO - Sync 1 DAGs
[2026-05-28T14:19:02.433+0000] {logging_mixin.py:190} INFO - [2026-05-28T14:19:02.432+0000] {dag.py:4180} INFO - Setting next_dagrun for example_trigger_controller_dag to 2021-01-01 00:00:00+00:00, run_after=2021-01-01 00:00:00+00:00
[2026-05-28T14:19:02.470+0000] {processor.py:208} INFO - Processing /home/airflow/.local/lib/python3.12/site-packages/airflow/example_dags/example_trigger_controller_dag.py took 0.140 seconds
[2026-05-28T14:19:35.142+0000] {processor.py:186} INFO - Started process (PID=3301) to work on /home/airflow/.local/lib/python3.12/site-packages/airflow/example_dags/example_trigger_controller_dag.py
[2026-05-28T14:19:35.144+0000] {processor.py:914} INFO - Processing file /home/airflow/.local/lib/python3.12/site-packages/airflow/example_dags/example_trigger_controller_dag.py for tasks to queue
[2026-05-28T14:19:35.147+0000] {logging_mixin.py:190} INFO - [2026-05-28T14:19:35.146+0000] {dagbag.py:588} INFO - Filling up the DagBag from /home/airflow/.local/lib/python3.12/site-packages/airflow/example_dags/example_trigger_controller_dag.py
[2026-05-28T14:19:35.158+0000] {processor.py:925} INFO - DAG(s) 'example_trigger_controller_dag' retrieved from /home/airflow/.local/lib/python3.12/site-packages/airflow/example_dags/example_trigger_controller_dag.py
[2026-05-28T14:19:35.198+0000] {logging_mixin.py:190} INFO - [2026-05-28T14:19:35.198+0000] {dag.py:3239} INFO - Sync 1 DAGs
[2026-05-28T14:19:35.237+0000] {logging_mixin.py:190} INFO - [2026-05-28T14:19:35.237+0000] {dag.py:4180} INFO - Setting next_dagrun for example_trigger_controller_dag to 2021-01-01 00:00:00+00:00, run_after=2021-01-01 00:00:00+00:00
[2026-05-28T14:19:35.280+0000] {processor.py:208} INFO - Processing /home/airflow/.local/lib/python3.12/site-packages/airflow/example_dags/example_trigger_controller_dag.py took 0.145 seconds
[2026-05-28T14:20:12.881+0000] {processor.py:186} INFO - Started process (PID=3371) to work on /home/airflow/.local/lib/python3.12/site-packages/airflow/example_dags/example_trigger_controller_dag.py
[2026-05-28T14:20:12.883+0000] {processor.py:914} INFO - Processing file /home/airflow/.local/lib/python3.12/site-packages/airflow/example_dags/example_trigger_controller_dag.py for tasks to queue
[2026-05-28T14:20:12.886+0000] {logging_mixin.py:190} INFO - [2026-05-28T14:20:12.885+0000] {dagbag.py:588} INFO - Filling up the DagBag from /home/airflow/.local/lib/python3.12/site-packages/airflow/example_dags/example_trigger_controller_dag.py
[2026-05-28T14:20:12.897+0000] {processor.py:925} INFO - DAG(s) 'example_trigger_controller_dag' retrieved from /home/airflow/.local/lib/python3.12/site-packages/airflow/example_dags/example_trigger_controller_dag.py
[2026-05-28T14:20:12.937+0000] {logging_mixin.py:190} INFO - [2026-05-28T14:20:12.936+0000] {dag.py:3239} INFO - Sync 1 DAGs
[2026-05-28T14:20:12.981+0000] {logging_mixin.py:190} INFO - [2026-05-28T14:20:12.981+0000] {dag.py:4180} INFO - Setting next_dagrun for example_trigger_controller_dag to 2021-01-01 00:00:00+00:00, run_after=2021-01-01 00:00:00+00:00
[2026-05-28T14:20:13.020+0000] {processor.py:208} INFO - Processing /home/airflow/.local/lib/python3.12/site-packages/airflow/example_dags/example_trigger_controller_dag.py took 0.150 seconds
[2026-05-28T14:20:49.611+0000] {processor.py:186} INFO - Started process (PID=3435) to work on /home/airflow/.local/lib/python3.12/site-packages/airflow/example_dags/example_trigger_controller_dag.py
[2026-05-28T14:20:49.616+0000] {processor.py:914} INFO - Processing file /home/airflow/.local/lib/python3.12/site-packages/airflow/example_dags/example_trigger_controller_dag.py for tasks to queue
[2026-05-28T14:20:49.620+0000] {logging_mixin.py:190} INFO - [2026-05-28T14:20:49.619+0000] {dagbag.py:588} INFO - Filling up the DagBag from /home/airflow/.local/lib/python3.12/site-packages/airflow/example_dags/example_trigger_controller_dag.py
[2026-05-28T14:20:49.637+0000] {processor.py:925} INFO - DAG(s) 'example_trigger_controller_dag' retrieved from /home/airflow/.local/lib/python3.12/site-packages/airflow/example_dags/example_trigger_controller_dag.py
[2026-05-28T14:20:49.706+0000] {logging_mixin.py:190} INFO - [2026-05-28T14:20:49.704+0000] {dag.py:3239} INFO - Sync 1 DAGs
[2026-05-28T14:20:49.803+0000] {logging_mixin.py:190} INFO - [2026-05-28T14:20:49.802+0000] {dag.py:4180} INFO - Setting next_dagrun for example_trigger_controller_dag to 2021-01-01 00:00:00+00:00, run_after=2021-01-01 00:00:00+00:00
[2026-05-28T14:20:49.884+0000] {processor.py:208} INFO - Processing /home/airflow/.local/lib/python3.12/site-packages/airflow/example_dags/example_trigger_controller_dag.py took 0.294 seconds
[2026-05-28T14:21:20.755+0000] {processor.py:186} INFO - Started process (PID=3498) to work on /home/airflow/.local/lib/python3.12/site-packages/airflow/example_dags/example_trigger_controller_dag.py
[2026-05-28T14:21:20.757+0000] {processor.py:914} INFO - Processing file /home/airflow/.local/lib/python3.12/site-packages/airflow/example_dags/example_trigger_controller_dag.py for tasks to queue
[2026-05-28T14:21:20.760+0000] {logging_mixin.py:190} INFO - [2026-05-28T14:21:20.759+0000] {dagbag.py:588} INFO - Filling up the DagBag from /home/airflow/.local/lib/python3.12/site-packages/airflow/example_dags/example_trigger_controller_dag.py
[2026-05-28T14:21:20.772+0000] {processor.py:925} INFO - DAG(s) 'example_trigger_controller_dag' retrieved from /home/airflow/.local/lib/python3.12/site-packages/airflow/example_dags/example_trigger_controller_dag.py
[2026-05-28T14:21:20.818+0000] {logging_mixin.py:190} INFO - [2026-05-28T14:21:20.818+0000] {dag.py:3239} INFO - Sync 1 DAGs
[2026-05-28T14:21:20.857+0000] {logging_mixin.py:190} INFO - [2026-05-28T14:21:20.857+0000] {dag.py:4180} INFO - Setting next_dagrun for example_trigger_controller_dag to 2021-01-01 00:00:00+00:00, run_after=2021-01-01 00:00:00+00:00
[2026-05-28T14:21:20.900+0000] {processor.py:208} INFO - Processing /home/airflow/.local/lib/python3.12/site-packages/airflow/example_dags/example_trigger_controller_dag.py took 0.157 seconds
[2026-05-28T14:21:51.443+0000] {processor.py:186} INFO - Started process (PID=3560) to work on /home/airflow/.local/lib/python3.12/site-packages/airflow/example_dags/example_trigger_controller_dag.py
[2026-05-28T14:21:51.445+0000] {processor.py:914} INFO - Processing file /home/airflow/.local/lib/python3.12/site-packages/airflow/example_dags/example_trigger_controller_dag.py for tasks to queue
[2026-05-28T14:21:51.448+0000] {logging_mixin.py:190} INFO - [2026-05-28T14:21:51.447+0000] {dagbag.py:588} INFO - Filling up the DagBag from /home/airflow/.local/lib/python3.12/site-packages/airflow/example_dags/example_trigger_controller_dag.py
[2026-05-28T14:21:51.465+0000] {processor.py:925} INFO - DAG(s) 'example_trigger_controller_dag' retrieved from /home/airflow/.local/lib/python3.12/site-packages/airflow/example_dags/example_trigger_controller_dag.py
[2026-05-28T14:21:51.522+0000] {logging_mixin.py:190} INFO - [2026-05-28T14:21:51.521+0000] {dag.py:3239} INFO - Sync 1 DAGs
[2026-05-28T14:21:51.559+0000] {logging_mixin.py:190} INFO - [2026-05-28T14:21:51.558+0000] {dag.py:4180} INFO - Setting next_dagrun for example_trigger_controller_dag to 2021-01-01 00:00:00+00:00, run_after=2021-01-01 00:00:00+00:00
[2026-05-28T14:21:51.590+0000] {processor.py:208} INFO - Processing /home/airflow/.local/lib/python3.12/site-packages/airflow/example_dags/example_trigger_controller_dag.py took 0.166 seconds
[2026-05-28T14:22:27.992+0000] {processor.py:186} INFO - Started process (PID=3632) to work on /home/airflow/.local/lib/python3.12/site-packages/airflow/example_dags/example_trigger_controller_dag.py
[2026-05-28T14:22:27.995+0000] {processor.py:914} INFO - Processing file /home/airflow/.local/lib/python3.12/site-packages/airflow/example_dags/example_trigger_controller_dag.py for tasks to queue
[2026-05-28T14:22:27.997+0000] {logging_mixin.py:190} INFO - [2026-05-28T14:22:27.997+0000] {dagbag.py:588} INFO - Filling up the DagBag from /home/airflow/.local/lib/python3.12/site-packages/airflow/example_dags/example_trigger_controller_dag.py
[2026-05-28T14:22:28.013+0000] {processor.py:925} INFO - DAG(s) 'example_trigger_controller_dag' retrieved from /home/airflow/.local/lib/python3.12/site-packages/airflow/example_dags/example_trigger_controller_dag.py
[2026-05-28T14:22:28.048+0000] {logging_mixin.py:190} INFO - [2026-05-28T14:22:28.048+0000] {dag.py:3239} INFO - Sync 1 DAGs
[2026-05-28T14:22:28.083+0000] {logging_mixin.py:190} INFO - [2026-05-28T14:22:28.083+0000] {dag.py:4180} INFO - Setting next_dagrun for example_trigger_controller_dag to 2021-01-01 00:00:00+00:00, run_after=2021-01-01 00:00:00+00:00
[2026-05-28T14:22:28.120+0000] {processor.py:208} INFO - Processing /home/airflow/.local/lib/python3.12/site-packages/airflow/example_dags/example_trigger_controller_dag.py took 0.137 seconds
[2026-05-28T14:23:05.135+0000] {processor.py:186} INFO - Started process (PID=3700) to work on /home/airflow/.local/lib/python3.12/site-packages/airflow/example_dags/example_trigger_controller_dag.py
[2026-05-28T14:23:05.137+0000] {processor.py:914} INFO - Processing file /home/airflow/.local/lib/python3.12/site-packages/airflow/example_dags/example_trigger_controller_dag.py for tasks to queue
[2026-05-28T14:23:05.140+0000] {logging_mixin.py:190} INFO - [2026-05-28T14:23:05.139+0000] {dagbag.py:588} INFO - Filling up the DagBag from /home/airflow/.local/lib/python3.12/site-packages/airflow/example_dags/example_trigger_controller_dag.py
[2026-05-28T14:23:05.156+0000] {processor.py:925} INFO - DAG(s) 'example_trigger_controller_dag' retrieved from /home/airflow/.local/lib/python3.12/site-packages/airflow/example_dags/example_trigger_controller_dag.py
[2026-05-28T14:23:05.195+0000] {logging_mixin.py:190} INFO - [2026-05-28T14:23:05.194+0000] {dag.py:3239} INFO - Sync 1 DAGs
[2026-05-28T14:23:05.234+0000] {logging_mixin.py:190} INFO - [2026-05-28T14:23:05.233+0000] {dag.py:4180} INFO - Setting next_dagrun for example_trigger_controller_dag to 2021-01-01 00:00:00+00:00, run_after=2021-01-01 00:00:00+00:00
[2026-05-28T14:23:05.268+0000] {processor.py:208} INFO - Processing /home/airflow/.local/lib/python3.12/site-packages/airflow/example_dags/example_trigger_controller_dag.py took 0.142 seconds
[2026-05-28T14:23:42.292+0000] {processor.py:186} INFO - Started process (PID=3770) to work on /home/airflow/.local/lib/python3.12/site-packages/airflow/example_dags/example_trigger_controller_dag.py
[2026-05-28T14:23:42.294+0000] {processor.py:914} INFO - Processing file /home/airflow/.local/lib/python3.12/site-packages/airflow/example_dags/example_trigger_controller_dag.py for tasks to queue
[2026-05-28T14:23:42.297+0000] {logging_mixin.py:190} INFO - [2026-05-28T14:23:42.296+0000] {dagbag.py:588} INFO - Filling up the DagBag from /home/airflow/.local/lib/python3.12/site-packages/airflow/example_dags/example_trigger_controller_dag.py
[2026-05-28T14:23:42.308+0000] {processor.py:925} INFO - DAG(s) 'example_trigger_controller_dag' retrieved from /home/airflow/.local/lib/python3.12/site-packages/airflow/example_dags/example_trigger_controller_dag.py
[2026-05-28T14:23:42.345+0000] {logging_mixin.py:190} INFO - [2026-05-28T14:23:42.345+0000] {dag.py:3239} INFO - Sync 1 DAGs
[2026-05-28T14:23:42.378+0000] {logging_mixin.py:190} INFO - [2026-05-28T14:23:42.378+0000] {dag.py:4180} INFO - Setting next_dagrun for example_trigger_controller_dag to 2021-01-01 00:00:00+00:00, run_after=2021-01-01 00:00:00+00:00
[2026-05-28T14:23:42.420+0000] {processor.py:208} INFO - Processing /home/airflow/.local/lib/python3.12/site-packages/airflow/example_dags/example_trigger_controller_dag.py took 0.136 seconds
[2026-05-28T14:24:12.989+0000] {processor.py:186} INFO - Started process (PID=3833) to work on /home/airflow/.local/lib/python3.12/site-packages/airflow/example_dags/example_trigger_controller_dag.py
[2026-05-28T14:24:12.991+0000] {processor.py:914} INFO - Processing file /home/airflow/.local/lib/python3.12/site-packages/airflow/example_dags/example_trigger_controller_dag.py for tasks to queue
[2026-05-28T14:24:12.993+0000] {logging_mixin.py:190} INFO - [2026-05-28T14:24:12.993+0000] {dagbag.py:588} INFO - Filling up the DagBag from /home/airflow/.local/lib/python3.12/site-packages/airflow/example_dags/example_trigger_controller_dag.py
[2026-05-28T14:24:13.007+0000] {processor.py:925} INFO - DAG(s) 'example_trigger_controller_dag' retrieved from /home/airflow/.local/lib/python3.12/site-packages/airflow/example_dags/example_trigger_controller_dag.py
[2026-05-28T14:24:13.050+0000] {logging_mixin.py:190} INFO - [2026-05-28T14:24:13.049+0000] {dag.py:3239} INFO - Sync 1 DAGs
[2026-05-28T14:24:13.087+0000] {logging_mixin.py:190} INFO - [2026-05-28T14:24:13.086+0000] {dag.py:4180} INFO - Setting next_dagrun for example_trigger_controller_dag to 2021-01-01 00:00:00+00:00, run_after=2021-01-01 00:00:00+00:00
[2026-05-28T14:24:13.124+0000] {processor.py:208} INFO - Processing /home/airflow/.local/lib/python3.12/site-packages/airflow/example_dags/example_trigger_controller_dag.py took 0.146 seconds
[2026-05-28T14:24:43.939+0000] {processor.py:186} INFO - Started process (PID=3896) to work on /home/airflow/.local/lib/python3.12/site-packages/airflow/example_dags/example_trigger_controller_dag.py
[2026-05-28T14:24:43.942+0000] {processor.py:914} INFO - Processing file /home/airflow/.local/lib/python3.12/site-packages/airflow/example_dags/example_trigger_controller_dag.py for tasks to queue
[2026-05-28T14:24:43.945+0000] {logging_mixin.py:190} INFO - [2026-05-28T14:24:43.944+0000] {dagbag.py:588} INFO - Filling up the DagBag from /home/airflow/.local/lib/python3.12/site-packages/airflow/example_dags/example_trigger_controller_dag.py
[2026-05-28T14:24:43.959+0000] {processor.py:925} INFO - DAG(s) 'example_trigger_controller_dag' retrieved from /home/airflow/.local/lib/python3.12/site-packages/airflow/example_dags/example_trigger_controller_dag.py
[2026-05-28T14:24:44.004+0000] {logging_mixin.py:190} INFO - [2026-05-28T14:24:44.004+0000] {dag.py:3239} INFO - Sync 1 DAGs
[2026-05-28T14:24:44.047+0000] {logging_mixin.py:190} INFO - [2026-05-28T14:24:44.047+0000] {dag.py:4180} INFO - Setting next_dagrun for example_trigger_controller_dag to 2021-01-01 00:00:00+00:00, run_after=2021-01-01 00:00:00+00:00
[2026-05-28T14:24:44.084+0000] {processor.py:208} INFO - Processing /home/airflow/.local/lib/python3.12/site-packages/airflow/example_dags/example_trigger_controller_dag.py took 0.156 seconds
[2026-05-28T14:25:15.472+0000] {processor.py:186} INFO - Started process (PID=3961) to work on /home/airflow/.local/lib/python3.12/site-packages/airflow/example_dags/example_trigger_controller_dag.py
[2026-05-28T14:25:15.474+0000] {processor.py:914} INFO - Processing file /home/airflow/.local/lib/python3.12/site-packages/airflow/example_dags/example_trigger_controller_dag.py for tasks to queue
[2026-05-28T14:25:15.477+0000] {logging_mixin.py:190} INFO - [2026-05-28T14:25:15.476+0000] {dagbag.py:588} INFO - Filling up the DagBag from /home/airflow/.local/lib/python3.12/site-packages/airflow/example_dags/example_trigger_controller_dag.py
[2026-05-28T14:25:15.490+0000] {processor.py:925} INFO - DAG(s) 'example_trigger_controller_dag' retrieved from /home/airflow/.local/lib/python3.12/site-packages/airflow/example_dags/example_trigger_controller_dag.py
[2026-05-28T14:25:15.555+0000] {logging_mixin.py:190} INFO - [2026-05-28T14:25:15.554+0000] {dag.py:3239} INFO - Sync 1 DAGs
[2026-05-28T14:25:15.607+0000] {logging_mixin.py:190} INFO - [2026-05-28T14:25:15.607+0000] {dag.py:4180} INFO - Setting next_dagrun for example_trigger_controller_dag to 2021-01-01 00:00:00+00:00, run_after=2021-01-01 00:00:00+00:00
[2026-05-28T14:25:15.657+0000] {processor.py:208} INFO - Processing /home/airflow/.local/lib/python3.12/site-packages/airflow/example_dags/example_trigger_controller_dag.py took 0.194 seconds
[2026-05-28T14:25:51.100+0000] {processor.py:186} INFO - Started process (PID=4025) to work on /home/airflow/.local/lib/python3.12/site-packages/airflow/example_dags/example_trigger_controller_dag.py
[2026-05-28T14:25:51.103+0000] {processor.py:914} INFO - Processing file /home/airflow/.local/lib/python3.12/site-packages/airflow/example_dags/example_trigger_controller_dag.py for tasks to queue
[2026-05-28T14:25:51.107+0000] {logging_mixin.py:190} INFO - [2026-05-28T14:25:51.106+0000] {dagbag.py:588} INFO - Filling up the DagBag from /home/airflow/.local/lib/python3.12/site-packages/airflow/example_dags/example_trigger_controller_dag.py
[2026-05-28T14:25:51.125+0000] {processor.py:925} INFO - DAG(s) 'example_trigger_controller_dag' retrieved from /home/airflow/.local/lib/python3.12/site-packages/airflow/example_dags/example_trigger_controller_dag.py
[2026-05-28T14:25:51.193+0000] {logging_mixin.py:190} INFO - [2026-05-28T14:25:51.192+0000] {dag.py:3239} INFO - Sync 1 DAGs
[2026-05-28T14:25:51.282+0000] {logging_mixin.py:190} INFO - [2026-05-28T14:25:51.282+0000] {dag.py:4180} INFO - Setting next_dagrun for example_trigger_controller_dag to 2021-01-01 00:00:00+00:00, run_after=2021-01-01 00:00:00+00:00
[2026-05-28T14:25:51.343+0000] {processor.py:208} INFO - Processing /home/airflow/.local/lib/python3.12/site-packages/airflow/example_dags/example_trigger_controller_dag.py took 0.256 seconds
[2026-05-28T14:26:22.515+0000] {processor.py:186} INFO - Started process (PID=4088) to work on /home/airflow/.local/lib/python3.12/site-packages/airflow/example_dags/example_trigger_controller_dag.py
[2026-05-28T14:26:22.517+0000] {processor.py:914} INFO - Processing file /home/airflow/.local/lib/python3.12/site-packages/airflow/example_dags/example_trigger_controller_dag.py for tasks to queue
[2026-05-28T14:26:22.519+0000] {logging_mixin.py:190} INFO - [2026-05-28T14:26:22.519+0000] {dagbag.py:588} INFO - Filling up the DagBag from /home/airflow/.local/lib/python3.12/site-packages/airflow/example_dags/example_trigger_controller_dag.py
[2026-05-28T14:26:22.530+0000] {processor.py:925} INFO - DAG(s) 'example_trigger_controller_dag' retrieved from /home/airflow/.local/lib/python3.12/site-packages/airflow/example_dags/example_trigger_controller_dag.py
[2026-05-28T14:26:22.569+0000] {logging_mixin.py:190} INFO - [2026-05-28T14:26:22.568+0000] {dag.py:3239} INFO - Sync 1 DAGs
[2026-05-28T14:26:22.608+0000] {logging_mixin.py:190} INFO - [2026-05-28T14:26:22.607+0000] {dag.py:4180} INFO - Setting next_dagrun for example_trigger_controller_dag to 2021-01-01 00:00:00+00:00, run_after=2021-01-01 00:00:00+00:00
[2026-05-28T14:26:22.647+0000] {processor.py:208} INFO - Processing /home/airflow/.local/lib/python3.12/site-packages/airflow/example_dags/example_trigger_controller_dag.py took 0.144 seconds
[2026-05-28T14:26:59.450+0000] {processor.py:186} INFO - Started process (PID=4147) to work on /home/airflow/.local/lib/python3.12/site-packages/airflow/example_dags/example_trigger_controller_dag.py
[2026-05-28T14:26:59.452+0000] {processor.py:914} INFO - Processing file /home/airflow/.local/lib/python3.12/site-packages/airflow/example_dags/example_trigger_controller_dag.py for tasks to queue
[2026-05-28T14:26:59.455+0000] {logging_mixin.py:190} INFO - [2026-05-28T14:26:59.455+0000] {dagbag.py:588} INFO - Filling up the DagBag from /home/airflow/.local/lib/python3.12/site-packages/airflow/example_dags/example_trigger_controller_dag.py
[2026-05-28T14:26:59.470+0000] {processor.py:925} INFO - DAG(s) 'example_trigger_controller_dag' retrieved from /home/airflow/.local/lib/python3.12/site-packages/airflow/example_dags/example_trigger_controller_dag.py
[2026-05-28T14:26:59.519+0000] {logging_mixin.py:190} INFO - [2026-05-28T14:26:59.518+0000] {dag.py:3239} INFO - Sync 1 DAGs
[2026-05-28T14:26:59.558+0000] {logging_mixin.py:190} INFO - [2026-05-28T14:26:59.557+0000] {dag.py:4180} INFO - Setting next_dagrun for example_trigger_controller_dag to 2021-01-01 00:00:00+00:00, run_after=2021-01-01 00:00:00+00:00
[2026-05-28T14:26:59.588+0000] {processor.py:208} INFO - Processing /home/airflow/.local/lib/python3.12/site-packages/airflow/example_dags/example_trigger_controller_dag.py took 0.149 seconds
[2026-05-28T14:27:38.432+0000] {processor.py:186} INFO - Started process (PID=4211) to work on /home/airflow/.local/lib/python3.12/site-packages/airflow/example_dags/example_trigger_controller_dag.py
[2026-05-28T14:27:38.434+0000] {processor.py:914} INFO - Processing file /home/airflow/.local/lib/python3.12/site-packages/airflow/example_dags/example_trigger_controller_dag.py for tasks to queue
[2026-05-28T14:27:38.437+0000] {logging_mixin.py:190} INFO - [2026-05-28T14:27:38.435+0000] {dagbag.py:588} INFO - Filling up the DagBag from /home/airflow/.local/lib/python3.12/site-packages/airflow/example_dags/example_trigger_controller_dag.py
[2026-05-28T14:27:38.447+0000] {processor.py:925} INFO - DAG(s) 'example_trigger_controller_dag' retrieved from /home/airflow/.local/lib/python3.12/site-packages/airflow/example_dags/example_trigger_controller_dag.py
[2026-05-28T14:27:38.485+0000] {logging_mixin.py:190} INFO - [2026-05-28T14:27:38.485+0000] {dag.py:3239} INFO - Sync 1 DAGs
[2026-05-28T14:27:38.523+0000] {logging_mixin.py:190} INFO - [2026-05-28T14:27:38.523+0000] {dag.py:4180} INFO - Setting next_dagrun for example_trigger_controller_dag to 2021-01-01 00:00:00+00:00, run_after=2021-01-01 00:00:00+00:00
[2026-05-28T14:27:38.555+0000] {processor.py:208} INFO - Processing /home/airflow/.local/lib/python3.12/site-packages/airflow/example_dags/example_trigger_controller_dag.py took 0.131 seconds
[2026-05-28T14:28:19.277+0000] {processor.py:186} INFO - Started process (PID=4284) to work on /home/airflow/.local/lib/python3.12/site-packages/airflow/example_dags/example_trigger_controller_dag.py
[2026-05-28T14:28:19.280+0000] {processor.py:914} INFO - Processing file /home/airflow/.local/lib/python3.12/site-packages/airflow/example_dags/example_trigger_controller_dag.py for tasks to queue
[2026-05-28T14:28:19.286+0000] {logging_mixin.py:190} INFO - [2026-05-28T14:28:19.285+0000] {dagbag.py:588} INFO - Filling up the DagBag from /home/airflow/.local/lib/python3.12/site-packages/airflow/example_dags/example_trigger_controller_dag.py
[2026-05-28T14:28:19.310+0000] {processor.py:925} INFO - DAG(s) 'example_trigger_controller_dag' retrieved from /home/airflow/.local/lib/python3.12/site-packages/airflow/example_dags/example_trigger_controller_dag.py
[2026-05-28T14:28:19.372+0000] {logging_mixin.py:190} INFO - [2026-05-28T14:28:19.371+0000] {dag.py:3239} INFO - Sync 1 DAGs
[2026-05-28T14:28:19.420+0000] {logging_mixin.py:190} INFO - [2026-05-28T14:28:19.419+0000] {dag.py:4180} INFO - Setting next_dagrun for example_trigger_controller_dag to 2021-01-01 00:00:00+00:00, run_after=2021-01-01 00:00:00+00:00
[2026-05-28T14:28:19.473+0000] {processor.py:208} INFO - Processing /home/airflow/.local/lib/python3.12/site-packages/airflow/example_dags/example_trigger_controller_dag.py took 0.210 seconds
[2026-05-28T14:28:49.759+0000] {processor.py:186} INFO - Started process (PID=4347) to work on /home/airflow/.local/lib/python3.12/site-packages/airflow/example_dags/example_trigger_controller_dag.py
[2026-05-28T14:28:49.761+0000] {processor.py:914} INFO - Processing file /home/airflow/.local/lib/python3.12/site-packages/airflow/example_dags/example_trigger_controller_dag.py for tasks to queue
[2026-05-28T14:28:49.764+0000] {logging_mixin.py:190} INFO - [2026-05-28T14:28:49.763+0000] {dagbag.py:588} INFO - Filling up the DagBag from /home/airflow/.local/lib/python3.12/site-packages/airflow/example_dags/example_trigger_controller_dag.py
[2026-05-28T14:28:49.777+0000] {processor.py:925} INFO - DAG(s) 'example_trigger_controller_dag' retrieved from /home/airflow/.local/lib/python3.12/site-packages/airflow/example_dags/example_trigger_controller_dag.py
[2026-05-28T14:28:49.831+0000] {logging_mixin.py:190} INFO - [2026-05-28T14:28:49.830+0000] {dag.py:3239} INFO - Sync 1 DAGs
[2026-05-28T14:28:49.871+0000] {logging_mixin.py:190} INFO - [2026-05-28T14:28:49.871+0000] {dag.py:4180} INFO - Setting next_dagrun for example_trigger_controller_dag to 2021-01-01 00:00:00+00:00, run_after=2021-01-01 00:00:00+00:00
[2026-05-28T14:28:49.919+0000] {processor.py:208} INFO - Processing /home/airflow/.local/lib/python3.12/site-packages/airflow/example_dags/example_trigger_controller_dag.py took 0.171 seconds
[2026-05-28T14:29:20.178+0000] {processor.py:186} INFO - Started process (PID=4411) to work on /home/airflow/.local/lib/python3.12/site-packages/airflow/example_dags/example_trigger_controller_dag.py
[2026-05-28T14:29:20.180+0000] {processor.py:914} INFO - Processing file /home/airflow/.local/lib/python3.12/site-packages/airflow/example_dags/example_trigger_controller_dag.py for tasks to queue
[2026-05-28T14:29:20.183+0000] {logging_mixin.py:190} INFO - [2026-05-28T14:29:20.182+0000] {dagbag.py:588} INFO - Filling up the DagBag from /home/airflow/.local/lib/python3.12/site-packages/airflow/example_dags/example_trigger_controller_dag.py
[2026-05-28T14:29:20.193+0000] {processor.py:925} INFO - DAG(s) 'example_trigger_controller_dag' retrieved from /home/airflow/.local/lib/python3.12/site-packages/airflow/example_dags/example_trigger_controller_dag.py
[2026-05-28T14:29:20.238+0000] {logging_mixin.py:190} INFO - [2026-05-28T14:29:20.237+0000] {dag.py:3239} INFO - Sync 1 DAGs
[2026-05-28T14:29:20.273+0000] {logging_mixin.py:190} INFO - [2026-05-28T14:29:20.272+0000] {dag.py:4180} INFO - Setting next_dagrun for example_trigger_controller_dag to 2021-01-01 00:00:00+00:00, run_after=2021-01-01 00:00:00+00:00
[2026-05-28T14:29:20.316+0000] {processor.py:208} INFO - Processing /home/airflow/.local/lib/python3.12/site-packages/airflow/example_dags/example_trigger_controller_dag.py took 0.145 seconds
[2026-05-28T14:29:53.874+0000] {processor.py:186} INFO - Started process (PID=4474) to work on /home/airflow/.local/lib/python3.12/site-packages/airflow/example_dags/example_trigger_controller_dag.py
[2026-05-28T14:29:53.876+0000] {processor.py:914} INFO - Processing file /home/airflow/.local/lib/python3.12/site-packages/airflow/example_dags/example_trigger_controller_dag.py for tasks to queue
[2026-05-28T14:29:53.879+0000] {logging_mixin.py:190} INFO - [2026-05-28T14:29:53.878+0000] {dagbag.py:588} INFO - Filling up the DagBag from /home/airflow/.local/lib/python3.12/site-packages/airflow/example_dags/example_trigger_controller_dag.py
[2026-05-28T14:29:53.896+0000] {processor.py:925} INFO - DAG(s) 'example_trigger_controller_dag' retrieved from /home/airflow/.local/lib/python3.12/site-packages/airflow/example_dags/example_trigger_controller_dag.py
[2026-05-28T14:29:53.940+0000] {logging_mixin.py:190} INFO - [2026-05-28T14:29:53.939+0000] {dag.py:3239} INFO - Sync 1 DAGs
[2026-05-28T14:29:53.982+0000] {logging_mixin.py:190} INFO - [2026-05-28T14:29:53.982+0000] {dag.py:4180} INFO - Setting next_dagrun for example_trigger_controller_dag to 2021-01-01 00:00:00+00:00, run_after=2021-01-01 00:00:00+00:00
[2026-05-28T14:29:54.028+0000] {processor.py:208} INFO - Processing /home/airflow/.local/lib/python3.12/site-packages/airflow/example_dags/example_trigger_controller_dag.py took 0.163 seconds
[2026-05-28T14:30:24.722+0000] {processor.py:186} INFO - Started process (PID=4536) to work on /home/airflow/.local/lib/python3.12/site-packages/airflow/example_dags/example_trigger_controller_dag.py
[2026-05-28T14:30:24.724+0000] {processor.py:914} INFO - Processing file /home/airflow/.local/lib/python3.12/site-packages/airflow/example_dags/example_trigger_controller_dag.py for tasks to queue
[2026-05-28T14:30:24.727+0000] {logging_mixin.py:190} INFO - [2026-05-28T14:30:24.726+0000] {dagbag.py:588} INFO - Filling up the DagBag from /home/airflow/.local/lib/python3.12/site-packages/airflow/example_dags/example_trigger_controller_dag.py
[2026-05-28T14:30:24.738+0000] {processor.py:925} INFO - DAG(s) 'example_trigger_controller_dag' retrieved from /home/airflow/.local/lib/python3.12/site-packages/airflow/example_dags/example_trigger_controller_dag.py
[2026-05-28T14:30:24.778+0000] {logging_mixin.py:190} INFO - [2026-05-28T14:30:24.777+0000] {dag.py:3239} INFO - Sync 1 DAGs
[2026-05-28T14:30:24.811+0000] {logging_mixin.py:190} INFO - [2026-05-28T14:30:24.811+0000] {dag.py:4180} INFO - Setting next_dagrun for example_trigger_controller_dag to 2021-01-01 00:00:00+00:00, run_after=2021-01-01 00:00:00+00:00
[2026-05-28T14:30:24.853+0000] {processor.py:208} INFO - Processing /home/airflow/.local/lib/python3.12/site-packages/airflow/example_dags/example_trigger_controller_dag.py took 0.141 seconds
[2026-05-28T14:30:57.971+0000] {processor.py:186} INFO - Started process (PID=4597) to work on /home/airflow/.local/lib/python3.12/site-packages/airflow/example_dags/example_trigger_controller_dag.py
[2026-05-28T14:30:57.973+0000] {processor.py:914} INFO - Processing file /home/airflow/.local/lib/python3.12/site-packages/airflow/example_dags/example_trigger_controller_dag.py for tasks to queue
[2026-05-28T14:30:57.976+0000] {logging_mixin.py:190} INFO - [2026-05-28T14:30:57.975+0000] {dagbag.py:588} INFO - Filling up the DagBag from /home/airflow/.local/lib/python3.12/site-packages/airflow/example_dags/example_trigger_controller_dag.py
[2026-05-28T14:30:57.989+0000] {processor.py:925} INFO - DAG(s) 'example_trigger_controller_dag' retrieved from /home/airflow/.local/lib/python3.12/site-packages/airflow/example_dags/example_trigger_controller_dag.py
[2026-05-28T14:30:58.028+0000] {logging_mixin.py:190} INFO - [2026-05-28T14:30:58.028+0000] {dag.py:3239} INFO - Sync 1 DAGs
[2026-05-28T14:30:58.077+0000] {logging_mixin.py:190} INFO - [2026-05-28T14:30:58.076+0000] {dag.py:4180} INFO - Setting next_dagrun for example_trigger_controller_dag to 2021-01-01 00:00:00+00:00, run_after=2021-01-01 00:00:00+00:00
[2026-05-28T14:30:58.119+0000] {processor.py:208} INFO - Processing /home/airflow/.local/lib/python3.12/site-packages/airflow/example_dags/example_trigger_controller_dag.py took 0.159 seconds
[2026-05-28T14:31:31.739+0000] {processor.py:186} INFO - Started process (PID=4661) to work on /home/airflow/.local/lib/python3.12/site-packages/airflow/example_dags/example_trigger_controller_dag.py
[2026-05-28T14:31:31.742+0000] {processor.py:914} INFO - Processing file /home/airflow/.local/lib/python3.12/site-packages/airflow/example_dags/example_trigger_controller_dag.py for tasks to queue
[2026-05-28T14:31:31.745+0000] {logging_mixin.py:190} INFO - [2026-05-28T14:31:31.744+0000] {dagbag.py:588} INFO - Filling up the DagBag from /home/airflow/.local/lib/python3.12/site-packages/airflow/example_dags/example_trigger_controller_dag.py
[2026-05-28T14:31:31.756+0000] {processor.py:925} INFO - DAG(s) 'example_trigger_controller_dag' retrieved from /home/airflow/.local/lib/python3.12/site-packages/airflow/example_dags/example_trigger_controller_dag.py
[2026-05-28T14:31:31.800+0000] {logging_mixin.py:190} INFO - [2026-05-28T14:31:31.799+0000] {dag.py:3239} INFO - Sync 1 DAGs
[2026-05-28T14:31:31.846+0000] {logging_mixin.py:190} INFO - [2026-05-28T14:31:31.846+0000] {dag.py:4180} INFO - Setting next_dagrun for example_trigger_controller_dag to 2021-01-01 00:00:00+00:00, run_after=2021-01-01 00:00:00+00:00
[2026-05-28T14:31:31.879+0000] {processor.py:208} INFO - Processing /home/airflow/.local/lib/python3.12/site-packages/airflow/example_dags/example_trigger_controller_dag.py took 0.153 seconds
[2026-05-28T14:32:01.962+0000] {processor.py:186} INFO - Started process (PID=4724) to work on /home/airflow/.local/lib/python3.12/site-packages/airflow/example_dags/example_trigger_controller_dag.py
[2026-05-28T14:32:01.964+0000] {processor.py:914} INFO - Processing file /home/airflow/.local/lib/python3.12/site-packages/airflow/example_dags/example_trigger_controller_dag.py for tasks to queue
[2026-05-28T14:32:01.967+0000] {logging_mixin.py:190} INFO - [2026-05-28T14:32:01.966+0000] {dagbag.py:588} INFO - Filling up the DagBag from /home/airflow/.local/lib/python3.12/site-packages/airflow/example_dags/example_trigger_controller_dag.py
[2026-05-28T14:32:01.981+0000] {processor.py:925} INFO - DAG(s) 'example_trigger_controller_dag' retrieved from /home/airflow/.local/lib/python3.12/site-packages/airflow/example_dags/example_trigger_controller_dag.py
[2026-05-28T14:32:02.023+0000] {logging_mixin.py:190} INFO - [2026-05-28T14:32:02.022+0000] {dag.py:3239} INFO - Sync 1 DAGs
[2026-05-28T14:32:02.054+0000] {logging_mixin.py:190} INFO - [2026-05-28T14:32:02.053+0000] {dag.py:4180} INFO - Setting next_dagrun for example_trigger_controller_dag to 2021-01-01 00:00:00+00:00, run_after=2021-01-01 00:00:00+00:00
[2026-05-28T14:32:02.095+0000] {processor.py:208} INFO - Processing /home/airflow/.local/lib/python3.12/site-packages/airflow/example_dags/example_trigger_controller_dag.py took 0.143 seconds
[2026-05-28T14:32:32.790+0000] {processor.py:186} INFO - Started process (PID=4787) to work on /home/airflow/.local/lib/python3.12/site-packages/airflow/example_dags/example_trigger_controller_dag.py
[2026-05-28T14:32:32.792+0000] {processor.py:914} INFO - Processing file /home/airflow/.local/lib/python3.12/site-packages/airflow/example_dags/example_trigger_controller_dag.py for tasks to queue
[2026-05-28T14:32:32.796+0000] {logging_mixin.py:190} INFO - [2026-05-28T14:32:32.795+0000] {dagbag.py:588} INFO - Filling up the DagBag from /home/airflow/.local/lib/python3.12/site-packages/airflow/example_dags/example_trigger_controller_dag.py
[2026-05-28T14:32:32.807+0000] {processor.py:925} INFO - DAG(s) 'example_trigger_controller_dag' retrieved from /home/airflow/.local/lib/python3.12/site-packages/airflow/example_dags/example_trigger_controller_dag.py
[2026-05-28T14:32:32.847+0000] {logging_mixin.py:190} INFO - [2026-05-28T14:32:32.846+0000] {dag.py:3239} INFO - Sync 1 DAGs
[2026-05-28T14:32:32.888+0000] {logging_mixin.py:190} INFO - [2026-05-28T14:32:32.887+0000] {dag.py:4180} INFO - Setting next_dagrun for example_trigger_controller_dag to 2021-01-01 00:00:00+00:00, run_after=2021-01-01 00:00:00+00:00
[2026-05-28T14:32:32.930+0000] {processor.py:208} INFO - Processing /home/airflow/.local/lib/python3.12/site-packages/airflow/example_dags/example_trigger_controller_dag.py took 0.150 seconds
[2026-05-28T14:33:09.854+0000] {processor.py:186} INFO - Started process (PID=4853) to work on /home/airflow/.local/lib/python3.12/site-packages/airflow/example_dags/example_trigger_controller_dag.py
[2026-05-28T14:33:09.856+0000] {processor.py:914} INFO - Processing file /home/airflow/.local/lib/python3.12/site-packages/airflow/example_dags/example_trigger_controller_dag.py for tasks to queue
[2026-05-28T14:33:09.860+0000] {logging_mixin.py:190} INFO - [2026-05-28T14:33:09.859+0000] {dagbag.py:588} INFO - Filling up the DagBag from /home/airflow/.local/lib/python3.12/site-packages/airflow/example_dags/example_trigger_controller_dag.py
[2026-05-28T14:33:09.872+0000] {processor.py:925} INFO - DAG(s) 'example_trigger_controller_dag' retrieved from /home/airflow/.local/lib/python3.12/site-packages/airflow/example_dags/example_trigger_controller_dag.py
[2026-05-28T14:33:09.916+0000] {logging_mixin.py:190} INFO - [2026-05-28T14:33:09.916+0000] {dag.py:3239} INFO - Sync 1 DAGs
[2026-05-28T14:33:09.956+0000] {logging_mixin.py:190} INFO - [2026-05-28T14:33:09.956+0000] {dag.py:4180} INFO - Setting next_dagrun for example_trigger_controller_dag to 2021-01-01 00:00:00+00:00, run_after=2021-01-01 00:00:00+00:00
[2026-05-28T14:33:10.008+0000] {processor.py:208} INFO - Processing /home/airflow/.local/lib/python3.12/site-packages/airflow/example_dags/example_trigger_controller_dag.py took 0.164 seconds
[2026-05-28T14:33:40.215+0000] {processor.py:186} INFO - Started process (PID=4916) to work on /home/airflow/.local/lib/python3.12/site-packages/airflow/example_dags/example_trigger_controller_dag.py
[2026-05-28T14:33:40.217+0000] {processor.py:914} INFO - Processing file /home/airflow/.local/lib/python3.12/site-packages/airflow/example_dags/example_trigger_controller_dag.py for tasks to queue
[2026-05-28T14:33:40.220+0000] {logging_mixin.py:190} INFO - [2026-05-28T14:33:40.219+0000] {dagbag.py:588} INFO - Filling up the DagBag from /home/airflow/.local/lib/python3.12/site-packages/airflow/example_dags/example_trigger_controller_dag.py
[2026-05-28T14:33:40.234+0000] {processor.py:925} INFO - DAG(s) 'example_trigger_controller_dag' retrieved from /home/airflow/.local/lib/python3.12/site-packages/airflow/example_dags/example_trigger_controller_dag.py
[2026-05-28T14:33:40.277+0000] {logging_mixin.py:190} INFO - [2026-05-28T14:33:40.276+0000] {dag.py:3239} INFO - Sync 1 DAGs
[2026-05-28T14:33:40.316+0000] {logging_mixin.py:190} INFO - [2026-05-28T14:33:40.315+0000] {dag.py:4180} INFO - Setting next_dagrun for example_trigger_controller_dag to 2021-01-01 00:00:00+00:00, run_after=2021-01-01 00:00:00+00:00
[2026-05-28T14:33:40.360+0000] {processor.py:208} INFO - Processing /home/airflow/.local/lib/python3.12/site-packages/airflow/example_dags/example_trigger_controller_dag.py took 0.154 seconds
[2026-05-28T14:34:18.409+0000] {processor.py:186} INFO - Started process (PID=4979) to work on /home/airflow/.local/lib/python3.12/site-packages/airflow/example_dags/example_trigger_controller_dag.py
[2026-05-28T14:34:18.411+0000] {processor.py:914} INFO - Processing file /home/airflow/.local/lib/python3.12/site-packages/airflow/example_dags/example_trigger_controller_dag.py for tasks to queue
[2026-05-28T14:34:18.414+0000] {logging_mixin.py:190} INFO - [2026-05-28T14:34:18.413+0000] {dagbag.py:588} INFO - Filling up the DagBag from /home/airflow/.local/lib/python3.12/site-packages/airflow/example_dags/example_trigger_controller_dag.py
[2026-05-28T14:34:18.429+0000] {processor.py:925} INFO - DAG(s) 'example_trigger_controller_dag' retrieved from /home/airflow/.local/lib/python3.12/site-packages/airflow/example_dags/example_trigger_controller_dag.py
[2026-05-28T14:34:18.482+0000] {logging_mixin.py:190} INFO - [2026-05-28T14:34:18.482+0000] {dag.py:3239} INFO - Sync 1 DAGs
[2026-05-28T14:34:18.526+0000] {logging_mixin.py:190} INFO - [2026-05-28T14:34:18.526+0000] {dag.py:4180} INFO - Setting next_dagrun for example_trigger_controller_dag to 2021-01-01 00:00:00+00:00, run_after=2021-01-01 00:00:00+00:00
[2026-05-28T14:34:18.571+0000] {processor.py:208} INFO - Processing /home/airflow/.local/lib/python3.12/site-packages/airflow/example_dags/example_trigger_controller_dag.py took 0.174 seconds
[2026-05-28T14:34:57.842+0000] {processor.py:186} INFO - Started process (PID=5045) to work on /home/airflow/.local/lib/python3.12/site-packages/airflow/example_dags/example_trigger_controller_dag.py
[2026-05-28T14:34:57.845+0000] {processor.py:914} INFO - Processing file /home/airflow/.local/lib/python3.12/site-packages/airflow/example_dags/example_trigger_controller_dag.py for tasks to queue
[2026-05-28T14:34:57.848+0000] {logging_mixin.py:190} INFO - [2026-05-28T14:34:57.847+0000] {dagbag.py:588} INFO - Filling up the DagBag from /home/airflow/.local/lib/python3.12/site-packages/airflow/example_dags/example_trigger_controller_dag.py
[2026-05-28T14:34:57.860+0000] {processor.py:925} INFO - DAG(s) 'example_trigger_controller_dag' retrieved from /home/airflow/.local/lib/python3.12/site-packages/airflow/example_dags/example_trigger_controller_dag.py
[2026-05-28T14:34:57.903+0000] {logging_mixin.py:190} INFO - [2026-05-28T14:34:57.903+0000] {dag.py:3239} INFO - Sync 1 DAGs
[2026-05-28T14:34:57.957+0000] {logging_mixin.py:190} INFO - [2026-05-28T14:34:57.957+0000] {dag.py:4180} INFO - Setting next_dagrun for example_trigger_controller_dag to 2021-01-01 00:00:00+00:00, run_after=2021-01-01 00:00:00+00:00
[2026-05-28T14:34:58.004+0000] {processor.py:208} INFO - Processing /home/airflow/.local/lib/python3.12/site-packages/airflow/example_dags/example_trigger_controller_dag.py took 0.172 seconds
[2026-05-28T14:35:35.294+0000] {processor.py:186} INFO - Started process (PID=5114) to work on /home/airflow/.local/lib/python3.12/site-packages/airflow/example_dags/example_trigger_controller_dag.py
[2026-05-28T14:35:35.296+0000] {processor.py:914} INFO - Processing file /home/airflow/.local/lib/python3.12/site-packages/airflow/example_dags/example_trigger_controller_dag.py for tasks to queue
[2026-05-28T14:35:35.299+0000] {logging_mixin.py:190} INFO - [2026-05-28T14:35:35.298+0000] {dagbag.py:588} INFO - Filling up the DagBag from /home/airflow/.local/lib/python3.12/site-packages/airflow/example_dags/example_trigger_controller_dag.py
[2026-05-28T14:35:35.310+0000] {processor.py:925} INFO - DAG(s) 'example_trigger_controller_dag' retrieved from /home/airflow/.local/lib/python3.12/site-packages/airflow/example_dags/example_trigger_controller_dag.py
[2026-05-28T14:35:35.356+0000] {logging_mixin.py:190} INFO - [2026-05-28T14:35:35.356+0000] {dag.py:3239} INFO - Sync 1 DAGs
[2026-05-28T14:35:35.400+0000] {logging_mixin.py:190} INFO - [2026-05-28T14:35:35.399+0000] {dag.py:4180} INFO - Setting next_dagrun for example_trigger_controller_dag to 2021-01-01 00:00:00+00:00, run_after=2021-01-01 00:00:00+00:00
[2026-05-28T14:35:35.441+0000] {processor.py:208} INFO - Processing /home/airflow/.local/lib/python3.12/site-packages/airflow/example_dags/example_trigger_controller_dag.py took 0.157 seconds
[2026-05-28T14:36:07.920+0000] {processor.py:186} INFO - Started process (PID=5177) to work on /home/airflow/.local/lib/python3.12/site-packages/airflow/example_dags/example_trigger_controller_dag.py
[2026-05-28T14:36:07.922+0000] {processor.py:914} INFO - Processing file /home/airflow/.local/lib/python3.12/site-packages/airflow/example_dags/example_trigger_controller_dag.py for tasks to queue
[2026-05-28T14:36:07.925+0000] {logging_mixin.py:190} INFO - [2026-05-28T14:36:07.924+0000] {dagbag.py:588} INFO - Filling up the DagBag from /home/airflow/.local/lib/python3.12/site-packages/airflow/example_dags/example_trigger_controller_dag.py
[2026-05-28T14:36:07.935+0000] {processor.py:925} INFO - DAG(s) 'example_trigger_controller_dag' retrieved from /home/airflow/.local/lib/python3.12/site-packages/airflow/example_dags/example_trigger_controller_dag.py
[2026-05-28T14:36:07.974+0000] {logging_mixin.py:190} INFO - [2026-05-28T14:36:07.974+0000] {dag.py:3239} INFO - Sync 1 DAGs
[2026-05-28T14:36:08.013+0000] {logging_mixin.py:190} INFO - [2026-05-28T14:36:08.013+0000] {dag.py:4180} INFO - Setting next_dagrun for example_trigger_controller_dag to 2021-01-01 00:00:00+00:00, run_after=2021-01-01 00:00:00+00:00
[2026-05-28T14:36:08.043+0000] {processor.py:208} INFO - Processing /home/airflow/.local/lib/python3.12/site-packages/airflow/example_dags/example_trigger_controller_dag.py took 0.131 seconds
[2026-05-28T14:36:40.257+0000] {processor.py:186} INFO - Started process (PID=5240) to work on /home/airflow/.local/lib/python3.12/site-packages/airflow/example_dags/example_trigger_controller_dag.py
[2026-05-28T14:36:40.259+0000] {processor.py:914} INFO - Processing file /home/airflow/.local/lib/python3.12/site-packages/airflow/example_dags/example_trigger_controller_dag.py for tasks to queue
[2026-05-28T14:36:40.262+0000] {logging_mixin.py:190} INFO - [2026-05-28T14:36:40.262+0000] {dagbag.py:588} INFO - Filling up the DagBag from /home/airflow/.local/lib/python3.12/site-packages/airflow/example_dags/example_trigger_controller_dag.py
[2026-05-28T14:36:40.276+0000] {processor.py:925} INFO - DAG(s) 'example_trigger_controller_dag' retrieved from /home/airflow/.local/lib/python3.12/site-packages/airflow/example_dags/example_trigger_controller_dag.py
[2026-05-28T14:36:40.326+0000] {logging_mixin.py:190} INFO - [2026-05-28T14:36:40.326+0000] {dag.py:3239} INFO - Sync 1 DAGs
[2026-05-28T14:36:40.400+0000] {logging_mixin.py:190} INFO - [2026-05-28T14:36:40.398+0000] {dag.py:4180} INFO - Setting next_dagrun for example_trigger_controller_dag to 2021-01-01 00:00:00+00:00, run_after=2021-01-01 00:00:00+00:00
[2026-05-28T14:36:40.452+0000] {processor.py:208} INFO - Processing /home/airflow/.local/lib/python3.12/site-packages/airflow/example_dags/example_trigger_controller_dag.py took 0.207 seconds
[2026-05-28T14:37:19.040+0000] {processor.py:186} INFO - Started process (PID=5312) to work on /home/airflow/.local/lib/python3.12/site-packages/airflow/example_dags/example_trigger_controller_dag.py
[2026-05-28T14:37:19.042+0000] {processor.py:914} INFO - Processing file /home/airflow/.local/lib/python3.12/site-packages/airflow/example_dags/example_trigger_controller_dag.py for tasks to queue
[2026-05-28T14:37:19.046+0000] {logging_mixin.py:190} INFO - [2026-05-28T14:37:19.045+0000] {dagbag.py:588} INFO - Filling up the DagBag from /home/airflow/.local/lib/python3.12/site-packages/airflow/example_dags/example_trigger_controller_dag.py
[2026-05-28T14:37:19.057+0000] {processor.py:925} INFO - DAG(s) 'example_trigger_controller_dag' retrieved from /home/airflow/.local/lib/python3.12/site-packages/airflow/example_dags/example_trigger_controller_dag.py
[2026-05-28T14:37:19.098+0000] {logging_mixin.py:190} INFO - [2026-05-28T14:37:19.098+0000] {dag.py:3239} INFO - Sync 1 DAGs
[2026-05-28T14:37:19.440+0000] {logging_mixin.py:190} INFO - [2026-05-28T14:37:19.439+0000] {dag.py:4180} INFO - Setting next_dagrun for example_trigger_controller_dag to 2021-01-01 00:00:00+00:00, run_after=2021-01-01 00:00:00+00:00
[2026-05-28T14:37:19.510+0000] {processor.py:208} INFO - Processing /home/airflow/.local/lib/python3.12/site-packages/airflow/example_dags/example_trigger_controller_dag.py took 0.484 seconds
[2026-05-28T14:38:01.962+0000] {processor.py:186} INFO - Started process (PID=5380) to work on /home/airflow/.local/lib/python3.12/site-packages/airflow/example_dags/example_trigger_controller_dag.py
[2026-05-28T14:38:01.965+0000] {processor.py:914} INFO - Processing file /home/airflow/.local/lib/python3.12/site-packages/airflow/example_dags/example_trigger_controller_dag.py for tasks to queue
[2026-05-28T14:38:01.969+0000] {logging_mixin.py:190} INFO - [2026-05-28T14:38:01.968+0000] {dagbag.py:588} INFO - Filling up the DagBag from /home/airflow/.local/lib/python3.12/site-packages/airflow/example_dags/example_trigger_controller_dag.py
[2026-05-28T14:38:01.983+0000] {processor.py:925} INFO - DAG(s) 'example_trigger_controller_dag' retrieved from /home/airflow/.local/lib/python3.12/site-packages/airflow/example_dags/example_trigger_controller_dag.py
[2026-05-28T14:38:02.041+0000] {logging_mixin.py:190} INFO - [2026-05-28T14:38:02.040+0000] {dag.py:3239} INFO - Sync 1 DAGs
[2026-05-28T14:38:02.558+0000] {logging_mixin.py:190} INFO - [2026-05-28T14:38:02.558+0000] {dag.py:4180} INFO - Setting next_dagrun for example_trigger_controller_dag to 2021-01-01 00:00:00+00:00, run_after=2021-01-01 00:00:00+00:00
[2026-05-28T14:38:02.607+0000] {processor.py:208} INFO - Processing /home/airflow/.local/lib/python3.12/site-packages/airflow/example_dags/example_trigger_controller_dag.py took 0.656 seconds
[2026-05-28T14:38:36.625+0000] {processor.py:186} INFO - Started process (PID=5443) to work on /home/airflow/.local/lib/python3.12/site-packages/airflow/example_dags/example_trigger_controller_dag.py
[2026-05-28T14:38:36.628+0000] {processor.py:914} INFO - Processing file /home/airflow/.local/lib/python3.12/site-packages/airflow/example_dags/example_trigger_controller_dag.py for tasks to queue
[2026-05-28T14:38:36.630+0000] {logging_mixin.py:190} INFO - [2026-05-28T14:38:36.629+0000] {dagbag.py:588} INFO - Filling up the DagBag from /home/airflow/.local/lib/python3.12/site-packages/airflow/example_dags/example_trigger_controller_dag.py
[2026-05-28T14:38:36.643+0000] {processor.py:925} INFO - DAG(s) 'example_trigger_controller_dag' retrieved from /home/airflow/.local/lib/python3.12/site-packages/airflow/example_dags/example_trigger_controller_dag.py
[2026-05-28T14:38:36.681+0000] {logging_mixin.py:190} INFO - [2026-05-28T14:38:36.680+0000] {dag.py:3239} INFO - Sync 1 DAGs
[2026-05-28T14:38:36.716+0000] {logging_mixin.py:190} INFO - [2026-05-28T14:38:36.716+0000] {dag.py:4180} INFO - Setting next_dagrun for example_trigger_controller_dag to 2021-01-01 00:00:00+00:00, run_after=2021-01-01 00:00:00+00:00
[2026-05-28T14:38:37.047+0000] {processor.py:208} INFO - Processing /home/airflow/.local/lib/python3.12/site-packages/airflow/example_dags/example_trigger_controller_dag.py took 0.433 seconds
[2026-05-28T14:39:14.426+0000] {processor.py:186} INFO - Started process (PID=5507) to work on /home/airflow/.local/lib/python3.12/site-packages/airflow/example_dags/example_trigger_controller_dag.py
[2026-05-28T14:39:14.428+0000] {processor.py:914} INFO - Processing file /home/airflow/.local/lib/python3.12/site-packages/airflow/example_dags/example_trigger_controller_dag.py for tasks to queue
[2026-05-28T14:39:14.430+0000] {logging_mixin.py:190} INFO - [2026-05-28T14:39:14.430+0000] {dagbag.py:588} INFO - Filling up the DagBag from /home/airflow/.local/lib/python3.12/site-packages/airflow/example_dags/example_trigger_controller_dag.py
[2026-05-28T14:39:14.441+0000] {processor.py:925} INFO - DAG(s) 'example_trigger_controller_dag' retrieved from /home/airflow/.local/lib/python3.12/site-packages/airflow/example_dags/example_trigger_controller_dag.py
[2026-05-28T14:39:14.477+0000] {logging_mixin.py:190} INFO - [2026-05-28T14:39:14.476+0000] {dag.py:3239} INFO - Sync 1 DAGs
[2026-05-28T14:39:14.508+0000] {logging_mixin.py:190} INFO - [2026-05-28T14:39:14.508+0000] {dag.py:4180} INFO - Setting next_dagrun for example_trigger_controller_dag to 2021-01-01 00:00:00+00:00, run_after=2021-01-01 00:00:00+00:00
[2026-05-28T14:39:14.543+0000] {processor.py:208} INFO - Processing /home/airflow/.local/lib/python3.12/site-packages/airflow/example_dags/example_trigger_controller_dag.py took 0.125 seconds
[2026-05-28T14:39:57.838+0000] {processor.py:186} INFO - Started process (PID=5601) to work on /home/airflow/.local/lib/python3.12/site-packages/airflow/example_dags/example_trigger_controller_dag.py
[2026-05-28T14:39:57.840+0000] {processor.py:914} INFO - Processing file /home/airflow/.local/lib/python3.12/site-packages/airflow/example_dags/example_trigger_controller_dag.py for tasks to queue
[2026-05-28T14:39:57.843+0000] {logging_mixin.py:190} INFO - [2026-05-28T14:39:57.842+0000] {dagbag.py:588} INFO - Filling up the DagBag from /home/airflow/.local/lib/python3.12/site-packages/airflow/example_dags/example_trigger_controller_dag.py
[2026-05-28T14:39:57.862+0000] {processor.py:925} INFO - DAG(s) 'example_trigger_controller_dag' retrieved from /home/airflow/.local/lib/python3.12/site-packages/airflow/example_dags/example_trigger_controller_dag.py
[2026-05-28T14:39:57.917+0000] {logging_mixin.py:190} INFO - [2026-05-28T14:39:57.917+0000] {dag.py:3239} INFO - Sync 1 DAGs
[2026-05-28T14:39:58.383+0000] {logging_mixin.py:190} INFO - [2026-05-28T14:39:58.383+0000] {dag.py:4180} INFO - Setting next_dagrun for example_trigger_controller_dag to 2021-01-01 00:00:00+00:00, run_after=2021-01-01 00:00:00+00:00
[2026-05-28T14:39:58.423+0000] {processor.py:208} INFO - Processing /home/airflow/.local/lib/python3.12/site-packages/airflow/example_dags/example_trigger_controller_dag.py took 0.597 seconds
[2026-05-28T14:40:34.105+0000] {processor.py:186} INFO - Started process (PID=5665) to work on /home/airflow/.local/lib/python3.12/site-packages/airflow/example_dags/example_trigger_controller_dag.py
[2026-05-28T14:40:34.107+0000] {processor.py:914} INFO - Processing file /home/airflow/.local/lib/python3.12/site-packages/airflow/example_dags/example_trigger_controller_dag.py for tasks to queue
[2026-05-28T14:40:34.110+0000] {logging_mixin.py:190} INFO - [2026-05-28T14:40:34.109+0000] {dagbag.py:588} INFO - Filling up the DagBag from /home/airflow/.local/lib/python3.12/site-packages/airflow/example_dags/example_trigger_controller_dag.py
[2026-05-28T14:40:34.120+0000] {processor.py:925} INFO - DAG(s) 'example_trigger_controller_dag' retrieved from /home/airflow/.local/lib/python3.12/site-packages/airflow/example_dags/example_trigger_controller_dag.py
[2026-05-28T14:40:34.156+0000] {logging_mixin.py:190} INFO - [2026-05-28T14:40:34.155+0000] {dag.py:3239} INFO - Sync 1 DAGs
[2026-05-28T14:40:34.184+0000] {logging_mixin.py:190} INFO - [2026-05-28T14:40:34.184+0000] {dag.py:4180} INFO - Setting next_dagrun for example_trigger_controller_dag to 2021-01-01 00:00:00+00:00, run_after=2021-01-01 00:00:00+00:00
[2026-05-28T14:40:34.213+0000] {processor.py:208} INFO - Processing /home/airflow/.local/lib/python3.12/site-packages/airflow/example_dags/example_trigger_controller_dag.py took 0.115 seconds
[2026-05-28T14:41:10.820+0000] {processor.py:186} INFO - Started process (PID=5729) to work on /home/airflow/.local/lib/python3.12/site-packages/airflow/example_dags/example_trigger_controller_dag.py
[2026-05-28T14:41:10.822+0000] {processor.py:914} INFO - Processing file /home/airflow/.local/lib/python3.12/site-packages/airflow/example_dags/example_trigger_controller_dag.py for tasks to queue
[2026-05-28T14:41:10.824+0000] {logging_mixin.py:190} INFO - [2026-05-28T14:41:10.824+0000] {dagbag.py:588} INFO - Filling up the DagBag from /home/airflow/.local/lib/python3.12/site-packages/airflow/example_dags/example_trigger_controller_dag.py
[2026-05-28T14:41:10.834+0000] {processor.py:925} INFO - DAG(s) 'example_trigger_controller_dag' retrieved from /home/airflow/.local/lib/python3.12/site-packages/airflow/example_dags/example_trigger_controller_dag.py
[2026-05-28T14:41:10.867+0000] {logging_mixin.py:190} INFO - [2026-05-28T14:41:10.867+0000] {dag.py:3239} INFO - Sync 1 DAGs
[2026-05-28T14:41:10.896+0000] {logging_mixin.py:190} INFO - [2026-05-28T14:41:10.895+0000] {dag.py:4180} INFO - Setting next_dagrun for example_trigger_controller_dag to 2021-01-01 00:00:00+00:00, run_after=2021-01-01 00:00:00+00:00
[2026-05-28T14:41:10.933+0000] {processor.py:208} INFO - Processing /home/airflow/.local/lib/python3.12/site-packages/airflow/example_dags/example_trigger_controller_dag.py took 0.120 seconds
[2026-05-28T14:41:50.050+0000] {processor.py:186} INFO - Started process (PID=5812) to work on /home/airflow/.local/lib/python3.12/site-packages/airflow/example_dags/example_trigger_controller_dag.py
[2026-05-28T14:41:50.053+0000] {processor.py:914} INFO - Processing file /home/airflow/.local/lib/python3.12/site-packages/airflow/example_dags/example_trigger_controller_dag.py for tasks to queue
[2026-05-28T14:41:50.056+0000] {logging_mixin.py:190} INFO - [2026-05-28T14:41:50.055+0000] {dagbag.py:588} INFO - Filling up the DagBag from /home/airflow/.local/lib/python3.12/site-packages/airflow/example_dags/example_trigger_controller_dag.py
[2026-05-28T14:41:50.067+0000] {processor.py:925} INFO - DAG(s) 'example_trigger_controller_dag' retrieved from /home/airflow/.local/lib/python3.12/site-packages/airflow/example_dags/example_trigger_controller_dag.py
[2026-05-28T14:41:50.114+0000] {logging_mixin.py:190} INFO - [2026-05-28T14:41:50.113+0000] {dag.py:3239} INFO - Sync 1 DAGs
[2026-05-28T14:41:50.156+0000] {logging_mixin.py:190} INFO - [2026-05-28T14:41:50.155+0000] {dag.py:4180} INFO - Setting next_dagrun for example_trigger_controller_dag to 2021-01-01 00:00:00+00:00, run_after=2021-01-01 00:00:00+00:00
[2026-05-28T14:41:50.198+0000] {processor.py:208} INFO - Processing /home/airflow/.local/lib/python3.12/site-packages/airflow/example_dags/example_trigger_controller_dag.py took 0.157 seconds
[2026-05-28T14:42:26.572+0000] {processor.py:186} INFO - Started process (PID=5876) to work on /home/airflow/.local/lib/python3.12/site-packages/airflow/example_dags/example_trigger_controller_dag.py
[2026-05-28T14:42:26.574+0000] {processor.py:914} INFO - Processing file /home/airflow/.local/lib/python3.12/site-packages/airflow/example_dags/example_trigger_controller_dag.py for tasks to queue
[2026-05-28T14:42:26.578+0000] {logging_mixin.py:190} INFO - [2026-05-28T14:42:26.577+0000] {dagbag.py:588} INFO - Filling up the DagBag from /home/airflow/.local/lib/python3.12/site-packages/airflow/example_dags/example_trigger_controller_dag.py
[2026-05-28T14:42:26.597+0000] {processor.py:925} INFO - DAG(s) 'example_trigger_controller_dag' retrieved from /home/airflow/.local/lib/python3.12/site-packages/airflow/example_dags/example_trigger_controller_dag.py
[2026-05-28T14:42:26.632+0000] {logging_mixin.py:190} INFO - [2026-05-28T14:42:26.632+0000] {dag.py:3239} INFO - Sync 1 DAGs
[2026-05-28T14:42:26.663+0000] {logging_mixin.py:190} INFO - [2026-05-28T14:42:26.663+0000] {dag.py:4180} INFO - Setting next_dagrun for example_trigger_controller_dag to 2021-01-01 00:00:00+00:00, run_after=2021-01-01 00:00:00+00:00
[2026-05-28T14:42:26.690+0000] {processor.py:208} INFO - Processing /home/airflow/.local/lib/python3.12/site-packages/airflow/example_dags/example_trigger_controller_dag.py took 0.130 seconds
[2026-05-28T14:43:04.651+0000] {processor.py:186} INFO - Started process (PID=5941) to work on /home/airflow/.local/lib/python3.12/site-packages/airflow/example_dags/example_trigger_controller_dag.py
[2026-05-28T14:43:04.653+0000] {processor.py:914} INFO - Processing file /home/airflow/.local/lib/python3.12/site-packages/airflow/example_dags/example_trigger_controller_dag.py for tasks to queue
[2026-05-28T14:43:04.656+0000] {logging_mixin.py:190} INFO - [2026-05-28T14:43:04.655+0000] {dagbag.py:588} INFO - Filling up the DagBag from /home/airflow/.local/lib/python3.12/site-packages/airflow/example_dags/example_trigger_controller_dag.py
[2026-05-28T14:43:04.669+0000] {processor.py:925} INFO - DAG(s) 'example_trigger_controller_dag' retrieved from /home/airflow/.local/lib/python3.12/site-packages/airflow/example_dags/example_trigger_controller_dag.py
[2026-05-28T14:43:04.706+0000] {logging_mixin.py:190} INFO - [2026-05-28T14:43:04.706+0000] {dag.py:3239} INFO - Sync 1 DAGs
[2026-05-28T14:43:04.738+0000] {logging_mixin.py:190} INFO - [2026-05-28T14:43:04.738+0000] {dag.py:4180} INFO - Setting next_dagrun for example_trigger_controller_dag to 2021-01-01 00:00:00+00:00, run_after=2021-01-01 00:00:00+00:00
[2026-05-28T14:43:04.769+0000] {processor.py:208} INFO - Processing /home/airflow/.local/lib/python3.12/site-packages/airflow/example_dags/example_trigger_controller_dag.py took 0.125 seconds
[2026-05-28T14:43:44.646+0000] {processor.py:186} INFO - Started process (PID=6020) to work on /home/airflow/.local/lib/python3.12/site-packages/airflow/example_dags/example_trigger_controller_dag.py
[2026-05-28T14:43:44.648+0000] {processor.py:914} INFO - Processing file /home/airflow/.local/lib/python3.12/site-packages/airflow/example_dags/example_trigger_controller_dag.py for tasks to queue
[2026-05-28T14:43:44.651+0000] {logging_mixin.py:190} INFO - [2026-05-28T14:43:44.650+0000] {dagbag.py:588} INFO - Filling up the DagBag from /home/airflow/.local/lib/python3.12/site-packages/airflow/example_dags/example_trigger_controller_dag.py
[2026-05-28T14:43:44.663+0000] {processor.py:925} INFO - DAG(s) 'example_trigger_controller_dag' retrieved from /home/airflow/.local/lib/python3.12/site-packages/airflow/example_dags/example_trigger_controller_dag.py
[2026-05-28T14:43:44.697+0000] {logging_mixin.py:190} INFO - [2026-05-28T14:43:44.696+0000] {dag.py:3239} INFO - Sync 1 DAGs
[2026-05-28T14:43:44.730+0000] {logging_mixin.py:190} INFO - [2026-05-28T14:43:44.729+0000] {dag.py:4180} INFO - Setting next_dagrun for example_trigger_controller_dag to 2021-01-01 00:00:00+00:00, run_after=2021-01-01 00:00:00+00:00
[2026-05-28T14:43:44.760+0000] {processor.py:208} INFO - Processing /home/airflow/.local/lib/python3.12/site-packages/airflow/example_dags/example_trigger_controller_dag.py took 0.123 seconds
[2026-05-28T14:44:22.122+0000] {processor.py:186} INFO - Started process (PID=6091) to work on /home/airflow/.local/lib/python3.12/site-packages/airflow/example_dags/example_trigger_controller_dag.py
[2026-05-28T14:44:22.124+0000] {processor.py:914} INFO - Processing file /home/airflow/.local/lib/python3.12/site-packages/airflow/example_dags/example_trigger_controller_dag.py for tasks to queue
[2026-05-28T14:44:22.127+0000] {logging_mixin.py:190} INFO - [2026-05-28T14:44:22.126+0000] {dagbag.py:588} INFO - Filling up the DagBag from /home/airflow/.local/lib/python3.12/site-packages/airflow/example_dags/example_trigger_controller_dag.py
[2026-05-28T14:44:22.141+0000] {processor.py:925} INFO - DAG(s) 'example_trigger_controller_dag' retrieved from /home/airflow/.local/lib/python3.12/site-packages/airflow/example_dags/example_trigger_controller_dag.py
[2026-05-28T14:44:22.177+0000] {logging_mixin.py:190} INFO - [2026-05-28T14:44:22.176+0000] {dag.py:3239} INFO - Sync 1 DAGs
[2026-05-28T14:44:22.210+0000] {logging_mixin.py:190} INFO - [2026-05-28T14:44:22.209+0000] {dag.py:4180} INFO - Setting next_dagrun for example_trigger_controller_dag to 2021-01-01 00:00:00+00:00, run_after=2021-01-01 00:00:00+00:00
[2026-05-28T14:44:22.238+0000] {processor.py:208} INFO - Processing /home/airflow/.local/lib/python3.12/site-packages/airflow/example_dags/example_trigger_controller_dag.py took 0.126 seconds
[2026-05-28T14:44:54.585+0000] {processor.py:186} INFO - Started process (PID=6154) to work on /home/airflow/.local/lib/python3.12/site-packages/airflow/example_dags/example_trigger_controller_dag.py
[2026-05-28T14:44:54.587+0000] {processor.py:914} INFO - Processing file /home/airflow/.local/lib/python3.12/site-packages/airflow/example_dags/example_trigger_controller_dag.py for tasks to queue
[2026-05-28T14:44:54.591+0000] {logging_mixin.py:190} INFO - [2026-05-28T14:44:54.590+0000] {dagbag.py:588} INFO - Filling up the DagBag from /home/airflow/.local/lib/python3.12/site-packages/airflow/example_dags/example_trigger_controller_dag.py
[2026-05-28T14:44:54.602+0000] {processor.py:925} INFO - DAG(s) 'example_trigger_controller_dag' retrieved from /home/airflow/.local/lib/python3.12/site-packages/airflow/example_dags/example_trigger_controller_dag.py
[2026-05-28T14:44:54.647+0000] {logging_mixin.py:190} INFO - [2026-05-28T14:44:54.647+0000] {dag.py:3239} INFO - Sync 1 DAGs
[2026-05-28T14:44:54.692+0000] {logging_mixin.py:190} INFO - [2026-05-28T14:44:54.692+0000] {dag.py:4180} INFO - Setting next_dagrun for example_trigger_controller_dag to 2021-01-01 00:00:00+00:00, run_after=2021-01-01 00:00:00+00:00
[2026-05-28T14:44:54.734+0000] {processor.py:208} INFO - Processing /home/airflow/.local/lib/python3.12/site-packages/airflow/example_dags/example_trigger_controller_dag.py took 0.156 seconds
[2026-05-28T14:45:25.776+0000] {processor.py:186} INFO - Started process (PID=6218) to work on /home/airflow/.local/lib/python3.12/site-packages/airflow/example_dags/example_trigger_controller_dag.py
[2026-05-28T14:45:25.778+0000] {processor.py:914} INFO - Processing file /home/airflow/.local/lib/python3.12/site-packages/airflow/example_dags/example_trigger_controller_dag.py for tasks to queue
[2026-05-28T14:45:25.781+0000] {logging_mixin.py:190} INFO - [2026-05-28T14:45:25.780+0000] {dagbag.py:588} INFO - Filling up the DagBag from /home/airflow/.local/lib/python3.12/site-packages/airflow/example_dags/example_trigger_controller_dag.py
[2026-05-28T14:45:25.792+0000] {processor.py:925} INFO - DAG(s) 'example_trigger_controller_dag' retrieved from /home/airflow/.local/lib/python3.12/site-packages/airflow/example_dags/example_trigger_controller_dag.py
[2026-05-28T14:45:25.837+0000] {logging_mixin.py:190} INFO - [2026-05-28T14:45:25.836+0000] {dag.py:3239} INFO - Sync 1 DAGs
[2026-05-28T14:45:25.875+0000] {logging_mixin.py:190} INFO - [2026-05-28T14:45:25.874+0000] {dag.py:4180} INFO - Setting next_dagrun for example_trigger_controller_dag to 2021-01-01 00:00:00+00:00, run_after=2021-01-01 00:00:00+00:00
[2026-05-28T14:45:25.922+0000] {processor.py:208} INFO - Processing /home/airflow/.local/lib/python3.12/site-packages/airflow/example_dags/example_trigger_controller_dag.py took 0.157 seconds
[2026-05-28T14:45:57.809+0000] {processor.py:186} INFO - Started process (PID=6282) to work on /home/airflow/.local/lib/python3.12/site-packages/airflow/example_dags/example_trigger_controller_dag.py
[2026-05-28T14:45:57.811+0000] {processor.py:914} INFO - Processing file /home/airflow/.local/lib/python3.12/site-packages/airflow/example_dags/example_trigger_controller_dag.py for tasks to queue
[2026-05-28T14:45:57.814+0000] {logging_mixin.py:190} INFO - [2026-05-28T14:45:57.813+0000] {dagbag.py:588} INFO - Filling up the DagBag from /home/airflow/.local/lib/python3.12/site-packages/airflow/example_dags/example_trigger_controller_dag.py
[2026-05-28T14:45:57.825+0000] {processor.py:925} INFO - DAG(s) 'example_trigger_controller_dag' retrieved from /home/airflow/.local/lib/python3.12/site-packages/airflow/example_dags/example_trigger_controller_dag.py
[2026-05-28T14:45:57.858+0000] {logging_mixin.py:190} INFO - [2026-05-28T14:45:57.858+0000] {dag.py:3239} INFO - Sync 1 DAGs
[2026-05-28T14:45:57.889+0000] {logging_mixin.py:190} INFO - [2026-05-28T14:45:57.888+0000] {dag.py:4180} INFO - Setting next_dagrun for example_trigger_controller_dag to 2021-01-01 00:00:00+00:00, run_after=2021-01-01 00:00:00+00:00
[2026-05-28T14:45:57.916+0000] {processor.py:208} INFO - Processing /home/airflow/.local/lib/python3.12/site-packages/airflow/example_dags/example_trigger_controller_dag.py took 0.114 seconds
[2026-05-28T14:46:30.113+0000] {processor.py:186} INFO - Started process (PID=6345) to work on /home/airflow/.local/lib/python3.12/site-packages/airflow/example_dags/example_trigger_controller_dag.py
[2026-05-28T14:46:30.116+0000] {processor.py:914} INFO - Processing file /home/airflow/.local/lib/python3.12/site-packages/airflow/example_dags/example_trigger_controller_dag.py for tasks to queue
[2026-05-28T14:46:30.119+0000] {logging_mixin.py:190} INFO - [2026-05-28T14:46:30.118+0000] {dagbag.py:588} INFO - Filling up the DagBag from /home/airflow/.local/lib/python3.12/site-packages/airflow/example_dags/example_trigger_controller_dag.py
[2026-05-28T14:46:30.133+0000] {processor.py:925} INFO - DAG(s) 'example_trigger_controller_dag' retrieved from /home/airflow/.local/lib/python3.12/site-packages/airflow/example_dags/example_trigger_controller_dag.py
[2026-05-28T14:46:30.186+0000] {logging_mixin.py:190} INFO - [2026-05-28T14:46:30.186+0000] {dag.py:3239} INFO - Sync 1 DAGs
[2026-05-28T14:46:30.234+0000] {logging_mixin.py:190} INFO - [2026-05-28T14:46:30.233+0000] {dag.py:4180} INFO - Setting next_dagrun for example_trigger_controller_dag to 2021-01-01 00:00:00+00:00, run_after=2021-01-01 00:00:00+00:00
[2026-05-28T14:46:30.274+0000] {processor.py:208} INFO - Processing /home/airflow/.local/lib/python3.12/site-packages/airflow/example_dags/example_trigger_controller_dag.py took 0.173 seconds
[2026-05-28T14:47:01.305+0000] {processor.py:186} INFO - Started process (PID=6408) to work on /home/airflow/.local/lib/python3.12/site-packages/airflow/example_dags/example_trigger_controller_dag.py
[2026-05-28T14:47:01.307+0000] {processor.py:914} INFO - Processing file /home/airflow/.local/lib/python3.12/site-packages/airflow/example_dags/example_trigger_controller_dag.py for tasks to queue
[2026-05-28T14:47:01.310+0000] {logging_mixin.py:190} INFO - [2026-05-28T14:47:01.309+0000] {dagbag.py:588} INFO - Filling up the DagBag from /home/airflow/.local/lib/python3.12/site-packages/airflow/example_dags/example_trigger_controller_dag.py
[2026-05-28T14:47:01.323+0000] {processor.py:925} INFO - DAG(s) 'example_trigger_controller_dag' retrieved from /home/airflow/.local/lib/python3.12/site-packages/airflow/example_dags/example_trigger_controller_dag.py
[2026-05-28T14:47:01.363+0000] {logging_mixin.py:190} INFO - [2026-05-28T14:47:01.362+0000] {dag.py:3239} INFO - Sync 1 DAGs
[2026-05-28T14:47:01.397+0000] {logging_mixin.py:190} INFO - [2026-05-28T14:47:01.396+0000] {dag.py:4180} INFO - Setting next_dagrun for example_trigger_controller_dag to 2021-01-01 00:00:00+00:00, run_after=2021-01-01 00:00:00+00:00
[2026-05-28T14:47:01.435+0000] {processor.py:208} INFO - Processing /home/airflow/.local/lib/python3.12/site-packages/airflow/example_dags/example_trigger_controller_dag.py took 0.139 seconds
[2026-05-28T14:47:32.714+0000] {processor.py:186} INFO - Started process (PID=6470) to work on /home/airflow/.local/lib/python3.12/site-packages/airflow/example_dags/example_trigger_controller_dag.py
[2026-05-28T14:47:32.717+0000] {processor.py:914} INFO - Processing file /home/airflow/.local/lib/python3.12/site-packages/airflow/example_dags/example_trigger_controller_dag.py for tasks to queue
[2026-05-28T14:47:32.722+0000] {logging_mixin.py:190} INFO - [2026-05-28T14:47:32.721+0000] {dagbag.py:588} INFO - Filling up the DagBag from /home/airflow/.local/lib/python3.12/site-packages/airflow/example_dags/example_trigger_controller_dag.py
[2026-05-28T14:47:32.742+0000] {processor.py:925} INFO - DAG(s) 'example_trigger_controller_dag' retrieved from /home/airflow/.local/lib/python3.12/site-packages/airflow/example_dags/example_trigger_controller_dag.py
[2026-05-28T14:47:32.781+0000] {logging_mixin.py:190} INFO - [2026-05-28T14:47:32.781+0000] {dag.py:3239} INFO - Sync 1 DAGs
[2026-05-28T14:47:32.825+0000] {logging_mixin.py:190} INFO - [2026-05-28T14:47:32.825+0000] {dag.py:4180} INFO - Setting next_dagrun for example_trigger_controller_dag to 2021-01-01 00:00:00+00:00, run_after=2021-01-01 00:00:00+00:00
[2026-05-28T14:47:32.877+0000] {processor.py:208} INFO - Processing /home/airflow/.local/lib/python3.12/site-packages/airflow/example_dags/example_trigger_controller_dag.py took 0.173 seconds
[2026-05-28T14:48:12.586+0000] {processor.py:186} INFO - Started process (PID=6542) to work on /home/airflow/.local/lib/python3.12/site-packages/airflow/example_dags/example_trigger_controller_dag.py
[2026-05-28T14:48:12.588+0000] {processor.py:914} INFO - Processing file /home/airflow/.local/lib/python3.12/site-packages/airflow/example_dags/example_trigger_controller_dag.py for tasks to queue
[2026-05-28T14:48:12.592+0000] {logging_mixin.py:190} INFO - [2026-05-28T14:48:12.591+0000] {dagbag.py:588} INFO - Filling up the DagBag from /home/airflow/.local/lib/python3.12/site-packages/airflow/example_dags/example_trigger_controller_dag.py
[2026-05-28T14:48:12.605+0000] {processor.py:925} INFO - DAG(s) 'example_trigger_controller_dag' retrieved from /home/airflow/.local/lib/python3.12/site-packages/airflow/example_dags/example_trigger_controller_dag.py
[2026-05-28T14:48:12.663+0000] {logging_mixin.py:190} INFO - [2026-05-28T14:48:12.663+0000] {dag.py:3239} INFO - Sync 1 DAGs
[2026-05-28T14:48:12.708+0000] {logging_mixin.py:190} INFO - [2026-05-28T14:48:12.708+0000] {dag.py:4180} INFO - Setting next_dagrun for example_trigger_controller_dag to 2021-01-01 00:00:00+00:00, run_after=2021-01-01 00:00:00+00:00
[2026-05-28T14:48:12.757+0000] {processor.py:208} INFO - Processing /home/airflow/.local/lib/python3.12/site-packages/airflow/example_dags/example_trigger_controller_dag.py took 0.181 seconds
[2026-05-28T14:48:51.917+0000] {processor.py:186} INFO - Started process (PID=6615) to work on /home/airflow/.local/lib/python3.12/site-packages/airflow/example_dags/example_trigger_controller_dag.py
[2026-05-28T14:48:51.919+0000] {processor.py:914} INFO - Processing file /home/airflow/.local/lib/python3.12/site-packages/airflow/example_dags/example_trigger_controller_dag.py for tasks to queue
[2026-05-28T14:48:51.922+0000] {logging_mixin.py:190} INFO - [2026-05-28T14:48:51.921+0000] {dagbag.py:588} INFO - Filling up the DagBag from /home/airflow/.local/lib/python3.12/site-packages/airflow/example_dags/example_trigger_controller_dag.py
[2026-05-28T14:48:51.933+0000] {processor.py:925} INFO - DAG(s) 'example_trigger_controller_dag' retrieved from /home/airflow/.local/lib/python3.12/site-packages/airflow/example_dags/example_trigger_controller_dag.py
[2026-05-28T14:48:51.971+0000] {logging_mixin.py:190} INFO - [2026-05-28T14:48:51.970+0000] {dag.py:3239} INFO - Sync 1 DAGs
[2026-05-28T14:48:52.006+0000] {logging_mixin.py:190} INFO - [2026-05-28T14:48:52.006+0000] {dag.py:4180} INFO - Setting next_dagrun for example_trigger_controller_dag to 2021-01-01 00:00:00+00:00, run_after=2021-01-01 00:00:00+00:00
[2026-05-28T14:48:52.039+0000] {processor.py:208} INFO - Processing /home/airflow/.local/lib/python3.12/site-packages/airflow/example_dags/example_trigger_controller_dag.py took 0.133 seconds
[2026-05-28T14:49:31.085+0000] {processor.py:186} INFO - Started process (PID=6682) to work on /home/airflow/.local/lib/python3.12/site-packages/airflow/example_dags/example_trigger_controller_dag.py
[2026-05-28T14:49:31.087+0000] {processor.py:914} INFO - Processing file /home/airflow/.local/lib/python3.12/site-packages/airflow/example_dags/example_trigger_controller_dag.py for tasks to queue
[2026-05-28T14:49:31.089+0000] {logging_mixin.py:190} INFO - [2026-05-28T14:49:31.089+0000] {dagbag.py:588} INFO - Filling up the DagBag from /home/airflow/.local/lib/python3.12/site-packages/airflow/example_dags/example_trigger_controller_dag.py
[2026-05-28T14:49:31.102+0000] {processor.py:925} INFO - DAG(s) 'example_trigger_controller_dag' retrieved from /home/airflow/.local/lib/python3.12/site-packages/airflow/example_dags/example_trigger_controller_dag.py
[2026-05-28T14:49:31.142+0000] {logging_mixin.py:190} INFO - [2026-05-28T14:49:31.141+0000] {dag.py:3239} INFO - Sync 1 DAGs
[2026-05-28T14:49:31.179+0000] {logging_mixin.py:190} INFO - [2026-05-28T14:49:31.179+0000] {dag.py:4180} INFO - Setting next_dagrun for example_trigger_controller_dag to 2021-01-01 00:00:00+00:00, run_after=2021-01-01 00:00:00+00:00
[2026-05-28T14:49:31.207+0000] {processor.py:208} INFO - Processing /home/airflow/.local/lib/python3.12/site-packages/airflow/example_dags/example_trigger_controller_dag.py took 0.133 seconds
[2026-05-28T14:50:01.711+0000] {processor.py:186} INFO - Started process (PID=6746) to work on /home/airflow/.local/lib/python3.12/site-packages/airflow/example_dags/example_trigger_controller_dag.py
[2026-05-28T14:50:01.713+0000] {processor.py:914} INFO - Processing file /home/airflow/.local/lib/python3.12/site-packages/airflow/example_dags/example_trigger_controller_dag.py for tasks to queue
[2026-05-28T14:50:01.715+0000] {logging_mixin.py:190} INFO - [2026-05-28T14:50:01.715+0000] {dagbag.py:588} INFO - Filling up the DagBag from /home/airflow/.local/lib/python3.12/site-packages/airflow/example_dags/example_trigger_controller_dag.py
[2026-05-28T14:50:01.731+0000] {processor.py:925} INFO - DAG(s) 'example_trigger_controller_dag' retrieved from /home/airflow/.local/lib/python3.12/site-packages/airflow/example_dags/example_trigger_controller_dag.py
[2026-05-28T14:50:01.777+0000] {logging_mixin.py:190} INFO - [2026-05-28T14:50:01.777+0000] {dag.py:3239} INFO - Sync 1 DAGs
[2026-05-28T14:50:01.810+0000] {logging_mixin.py:190} INFO - [2026-05-28T14:50:01.810+0000] {dag.py:4180} INFO - Setting next_dagrun for example_trigger_controller_dag to 2021-01-01 00:00:00+00:00, run_after=2021-01-01 00:00:00+00:00
[2026-05-28T14:50:01.843+0000] {processor.py:208} INFO - Processing /home/airflow/.local/lib/python3.12/site-packages/airflow/example_dags/example_trigger_controller_dag.py took 0.142 seconds
[2026-05-28T14:50:32.347+0000] {processor.py:186} INFO - Started process (PID=6809) to work on /home/airflow/.local/lib/python3.12/site-packages/airflow/example_dags/example_trigger_controller_dag.py
[2026-05-28T14:50:32.349+0000] {processor.py:914} INFO - Processing file /home/airflow/.local/lib/python3.12/site-packages/airflow/example_dags/example_trigger_controller_dag.py for tasks to queue
[2026-05-28T14:50:32.352+0000] {logging_mixin.py:190} INFO - [2026-05-28T14:50:32.352+0000] {dagbag.py:588} INFO - Filling up the DagBag from /home/airflow/.local/lib/python3.12/site-packages/airflow/example_dags/example_trigger_controller_dag.py
[2026-05-28T14:50:32.362+0000] {processor.py:925} INFO - DAG(s) 'example_trigger_controller_dag' retrieved from /home/airflow/.local/lib/python3.12/site-packages/airflow/example_dags/example_trigger_controller_dag.py
[2026-05-28T14:50:32.403+0000] {logging_mixin.py:190} INFO - [2026-05-28T14:50:32.402+0000] {dag.py:3239} INFO - Sync 1 DAGs
[2026-05-28T14:50:32.438+0000] {logging_mixin.py:190} INFO - [2026-05-28T14:50:32.438+0000] {dag.py:4180} INFO - Setting next_dagrun for example_trigger_controller_dag to 2021-01-01 00:00:00+00:00, run_after=2021-01-01 00:00:00+00:00
[2026-05-28T14:50:32.477+0000] {processor.py:208} INFO - Processing /home/airflow/.local/lib/python3.12/site-packages/airflow/example_dags/example_trigger_controller_dag.py took 0.139 seconds
[2026-05-28T14:51:07.354+0000] {processor.py:186} INFO - Started process (PID=6872) to work on /home/airflow/.local/lib/python3.12/site-packages/airflow/example_dags/example_trigger_controller_dag.py
[2026-05-28T14:51:07.356+0000] {processor.py:914} INFO - Processing file /home/airflow/.local/lib/python3.12/site-packages/airflow/example_dags/example_trigger_controller_dag.py for tasks to queue
[2026-05-28T14:51:07.359+0000] {logging_mixin.py:190} INFO - [2026-05-28T14:51:07.358+0000] {dagbag.py:588} INFO - Filling up the DagBag from /home/airflow/.local/lib/python3.12/site-packages/airflow/example_dags/example_trigger_controller_dag.py
[2026-05-28T14:51:07.371+0000] {processor.py:925} INFO - DAG(s) 'example_trigger_controller_dag' retrieved from /home/airflow/.local/lib/python3.12/site-packages/airflow/example_dags/example_trigger_controller_dag.py
[2026-05-28T14:51:07.414+0000] {logging_mixin.py:190} INFO - [2026-05-28T14:51:07.413+0000] {dag.py:3239} INFO - Sync 1 DAGs
[2026-05-28T14:51:07.453+0000] {logging_mixin.py:190} INFO - [2026-05-28T14:51:07.452+0000] {dag.py:4180} INFO - Setting next_dagrun for example_trigger_controller_dag to 2021-01-01 00:00:00+00:00, run_after=2021-01-01 00:00:00+00:00
[2026-05-28T14:51:07.485+0000] {processor.py:208} INFO - Processing /home/airflow/.local/lib/python3.12/site-packages/airflow/example_dags/example_trigger_controller_dag.py took 0.141 seconds
[2026-05-28T14:51:38.496+0000] {processor.py:186} INFO - Started process (PID=6936) to work on /home/airflow/.local/lib/python3.12/site-packages/airflow/example_dags/example_trigger_controller_dag.py
[2026-05-28T14:51:38.498+0000] {processor.py:914} INFO - Processing file /home/airflow/.local/lib/python3.12/site-packages/airflow/example_dags/example_trigger_controller_dag.py for tasks to queue
[2026-05-28T14:51:38.505+0000] {logging_mixin.py:190} INFO - [2026-05-28T14:51:38.502+0000] {dagbag.py:588} INFO - Filling up the DagBag from /home/airflow/.local/lib/python3.12/site-packages/airflow/example_dags/example_trigger_controller_dag.py
[2026-05-28T14:51:38.519+0000] {processor.py:925} INFO - DAG(s) 'example_trigger_controller_dag' retrieved from /home/airflow/.local/lib/python3.12/site-packages/airflow/example_dags/example_trigger_controller_dag.py
[2026-05-28T14:51:38.562+0000] {logging_mixin.py:190} INFO - [2026-05-28T14:51:38.562+0000] {dag.py:3239} INFO - Sync 1 DAGs
[2026-05-28T14:51:38.602+0000] {logging_mixin.py:190} INFO - [2026-05-28T14:51:38.602+0000] {dag.py:4180} INFO - Setting next_dagrun for example_trigger_controller_dag to 2021-01-01 00:00:00+00:00, run_after=2021-01-01 00:00:00+00:00
[2026-05-28T14:51:38.641+0000] {processor.py:208} INFO - Processing /home/airflow/.local/lib/python3.12/site-packages/airflow/example_dags/example_trigger_controller_dag.py took 0.157 seconds
[2026-05-28T14:52:09.398+0000] {processor.py:186} INFO - Started process (PID=6999) to work on /home/airflow/.local/lib/python3.12/site-packages/airflow/example_dags/example_trigger_controller_dag.py
[2026-05-28T14:52:09.400+0000] {processor.py:914} INFO - Processing file /home/airflow/.local/lib/python3.12/site-packages/airflow/example_dags/example_trigger_controller_dag.py for tasks to queue
[2026-05-28T14:52:09.405+0000] {logging_mixin.py:190} INFO - [2026-05-28T14:52:09.405+0000] {dagbag.py:588} INFO - Filling up the DagBag from /home/airflow/.local/lib/python3.12/site-packages/airflow/example_dags/example_trigger_controller_dag.py
[2026-05-28T14:52:09.416+0000] {processor.py:925} INFO - DAG(s) 'example_trigger_controller_dag' retrieved from /home/airflow/.local/lib/python3.12/site-packages/airflow/example_dags/example_trigger_controller_dag.py
[2026-05-28T14:52:09.453+0000] {logging_mixin.py:190} INFO - [2026-05-28T14:52:09.453+0000] {dag.py:3239} INFO - Sync 1 DAGs
[2026-05-28T14:52:09.485+0000] {logging_mixin.py:190} INFO - [2026-05-28T14:52:09.485+0000] {dag.py:4180} INFO - Setting next_dagrun for example_trigger_controller_dag to 2021-01-01 00:00:00+00:00, run_after=2021-01-01 00:00:00+00:00
[2026-05-28T14:52:09.517+0000] {processor.py:208} INFO - Processing /home/airflow/.local/lib/python3.12/site-packages/airflow/example_dags/example_trigger_controller_dag.py took 0.129 seconds
[2026-05-28T14:52:40.985+0000] {processor.py:186} INFO - Started process (PID=7062) to work on /home/airflow/.local/lib/python3.12/site-packages/airflow/example_dags/example_trigger_controller_dag.py
[2026-05-28T14:52:40.987+0000] {processor.py:914} INFO - Processing file /home/airflow/.local/lib/python3.12/site-packages/airflow/example_dags/example_trigger_controller_dag.py for tasks to queue
[2026-05-28T14:52:40.990+0000] {logging_mixin.py:190} INFO - [2026-05-28T14:52:40.989+0000] {dagbag.py:588} INFO - Filling up the DagBag from /home/airflow/.local/lib/python3.12/site-packages/airflow/example_dags/example_trigger_controller_dag.py
[2026-05-28T14:52:41.003+0000] {processor.py:925} INFO - DAG(s) 'example_trigger_controller_dag' retrieved from /home/airflow/.local/lib/python3.12/site-packages/airflow/example_dags/example_trigger_controller_dag.py
[2026-05-28T14:52:41.045+0000] {logging_mixin.py:190} INFO - [2026-05-28T14:52:41.045+0000] {dag.py:3239} INFO - Sync 1 DAGs
[2026-05-28T14:52:41.078+0000] {logging_mixin.py:190} INFO - [2026-05-28T14:52:41.078+0000] {dag.py:4180} INFO - Setting next_dagrun for example_trigger_controller_dag to 2021-01-01 00:00:00+00:00, run_after=2021-01-01 00:00:00+00:00
[2026-05-28T14:52:41.121+0000] {processor.py:208} INFO - Processing /home/airflow/.local/lib/python3.12/site-packages/airflow/example_dags/example_trigger_controller_dag.py took 0.147 seconds
[2026-05-28T14:53:13.493+0000] {processor.py:186} INFO - Started process (PID=7125) to work on /home/airflow/.local/lib/python3.12/site-packages/airflow/example_dags/example_trigger_controller_dag.py
[2026-05-28T14:53:13.495+0000] {processor.py:914} INFO - Processing file /home/airflow/.local/lib/python3.12/site-packages/airflow/example_dags/example_trigger_controller_dag.py for tasks to queue
[2026-05-28T14:53:13.497+0000] {logging_mixin.py:190} INFO - [2026-05-28T14:53:13.497+0000] {dagbag.py:588} INFO - Filling up the DagBag from /home/airflow/.local/lib/python3.12/site-packages/airflow/example_dags/example_trigger_controller_dag.py
[2026-05-28T14:53:13.508+0000] {processor.py:925} INFO - DAG(s) 'example_trigger_controller_dag' retrieved from /home/airflow/.local/lib/python3.12/site-packages/airflow/example_dags/example_trigger_controller_dag.py
[2026-05-28T14:53:13.545+0000] {logging_mixin.py:190} INFO - [2026-05-28T14:53:13.545+0000] {dag.py:3239} INFO - Sync 1 DAGs
[2026-05-28T14:53:13.579+0000] {logging_mixin.py:190} INFO - [2026-05-28T14:53:13.579+0000] {dag.py:4180} INFO - Setting next_dagrun for example_trigger_controller_dag to 2021-01-01 00:00:00+00:00, run_after=2021-01-01 00:00:00+00:00
[2026-05-28T14:53:13.611+0000] {processor.py:208} INFO - Processing /home/airflow/.local/lib/python3.12/site-packages/airflow/example_dags/example_trigger_controller_dag.py took 0.126 seconds
[2026-05-28T14:53:50.287+0000] {processor.py:186} INFO - Started process (PID=7190) to work on /home/airflow/.local/lib/python3.12/site-packages/airflow/example_dags/example_trigger_controller_dag.py
[2026-05-28T14:53:50.289+0000] {processor.py:914} INFO - Processing file /home/airflow/.local/lib/python3.12/site-packages/airflow/example_dags/example_trigger_controller_dag.py for tasks to queue
[2026-05-28T14:53:50.291+0000] {logging_mixin.py:190} INFO - [2026-05-28T14:53:50.290+0000] {dagbag.py:588} INFO - Filling up the DagBag from /home/airflow/.local/lib/python3.12/site-packages/airflow/example_dags/example_trigger_controller_dag.py
[2026-05-28T14:53:50.300+0000] {processor.py:925} INFO - DAG(s) 'example_trigger_controller_dag' retrieved from /home/airflow/.local/lib/python3.12/site-packages/airflow/example_dags/example_trigger_controller_dag.py
[2026-05-28T14:53:50.334+0000] {logging_mixin.py:190} INFO - [2026-05-28T14:53:50.334+0000] {dag.py:3239} INFO - Sync 1 DAGs
[2026-05-28T14:53:50.365+0000] {logging_mixin.py:190} INFO - [2026-05-28T14:53:50.364+0000] {dag.py:4180} INFO - Setting next_dagrun for example_trigger_controller_dag to 2021-01-01 00:00:00+00:00, run_after=2021-01-01 00:00:00+00:00
[2026-05-28T14:53:50.404+0000] {processor.py:208} INFO - Processing /home/airflow/.local/lib/python3.12/site-packages/airflow/example_dags/example_trigger_controller_dag.py took 0.124 seconds
[2026-05-28T14:54:26.073+0000] {processor.py:186} INFO - Started process (PID=7254) to work on /home/airflow/.local/lib/python3.12/site-packages/airflow/example_dags/example_trigger_controller_dag.py
[2026-05-28T14:54:26.074+0000] {processor.py:914} INFO - Processing file /home/airflow/.local/lib/python3.12/site-packages/airflow/example_dags/example_trigger_controller_dag.py for tasks to queue
[2026-05-28T14:54:26.077+0000] {logging_mixin.py:190} INFO - [2026-05-28T14:54:26.076+0000] {dagbag.py:588} INFO - Filling up the DagBag from /home/airflow/.local/lib/python3.12/site-packages/airflow/example_dags/example_trigger_controller_dag.py
[2026-05-28T14:54:26.088+0000] {processor.py:925} INFO - DAG(s) 'example_trigger_controller_dag' retrieved from /home/airflow/.local/lib/python3.12/site-packages/airflow/example_dags/example_trigger_controller_dag.py
[2026-05-28T14:54:26.131+0000] {logging_mixin.py:190} INFO - [2026-05-28T14:54:26.130+0000] {dag.py:3239} INFO - Sync 1 DAGs
[2026-05-28T14:54:26.166+0000] {logging_mixin.py:190} INFO - [2026-05-28T14:54:26.165+0000] {dag.py:4180} INFO - Setting next_dagrun for example_trigger_controller_dag to 2021-01-01 00:00:00+00:00, run_after=2021-01-01 00:00:00+00:00
[2026-05-28T14:54:26.211+0000] {processor.py:208} INFO - Processing /home/airflow/.local/lib/python3.12/site-packages/airflow/example_dags/example_trigger_controller_dag.py took 0.147 seconds
[2026-05-28T14:54:56.600+0000] {processor.py:186} INFO - Started process (PID=7318) to work on /home/airflow/.local/lib/python3.12/site-packages/airflow/example_dags/example_trigger_controller_dag.py
[2026-05-28T14:54:56.602+0000] {processor.py:914} INFO - Processing file /home/airflow/.local/lib/python3.12/site-packages/airflow/example_dags/example_trigger_controller_dag.py for tasks to queue
[2026-05-28T14:54:56.605+0000] {logging_mixin.py:190} INFO - [2026-05-28T14:54:56.604+0000] {dagbag.py:588} INFO - Filling up the DagBag from /home/airflow/.local/lib/python3.12/site-packages/airflow/example_dags/example_trigger_controller_dag.py
[2026-05-28T14:54:56.616+0000] {processor.py:925} INFO - DAG(s) 'example_trigger_controller_dag' retrieved from /home/airflow/.local/lib/python3.12/site-packages/airflow/example_dags/example_trigger_controller_dag.py
[2026-05-28T14:54:56.651+0000] {logging_mixin.py:190} INFO - [2026-05-28T14:54:56.651+0000] {dag.py:3239} INFO - Sync 1 DAGs
[2026-05-28T14:54:56.683+0000] {logging_mixin.py:190} INFO - [2026-05-28T14:54:56.683+0000] {dag.py:4180} INFO - Setting next_dagrun for example_trigger_controller_dag to 2021-01-01 00:00:00+00:00, run_after=2021-01-01 00:00:00+00:00
[2026-05-28T14:54:56.713+0000] {processor.py:208} INFO - Processing /home/airflow/.local/lib/python3.12/site-packages/airflow/example_dags/example_trigger_controller_dag.py took 0.120 seconds
[2026-05-28T14:55:27.869+0000] {processor.py:186} INFO - Started process (PID=7382) to work on /home/airflow/.local/lib/python3.12/site-packages/airflow/example_dags/example_trigger_controller_dag.py
[2026-05-28T14:55:27.871+0000] {processor.py:914} INFO - Processing file /home/airflow/.local/lib/python3.12/site-packages/airflow/example_dags/example_trigger_controller_dag.py for tasks to queue
[2026-05-28T14:55:27.874+0000] {logging_mixin.py:190} INFO - [2026-05-28T14:55:27.873+0000] {dagbag.py:588} INFO - Filling up the DagBag from /home/airflow/.local/lib/python3.12/site-packages/airflow/example_dags/example_trigger_controller_dag.py
[2026-05-28T14:55:27.890+0000] {processor.py:925} INFO - DAG(s) 'example_trigger_controller_dag' retrieved from /home/airflow/.local/lib/python3.12/site-packages/airflow/example_dags/example_trigger_controller_dag.py
[2026-05-28T14:55:27.937+0000] {logging_mixin.py:190} INFO - [2026-05-28T14:55:27.936+0000] {dag.py:3239} INFO - Sync 1 DAGs
[2026-05-28T14:55:27.988+0000] {logging_mixin.py:190} INFO - [2026-05-28T14:55:27.987+0000] {dag.py:4180} INFO - Setting next_dagrun for example_trigger_controller_dag to 2021-01-01 00:00:00+00:00, run_after=2021-01-01 00:00:00+00:00
[2026-05-28T14:55:28.036+0000] {processor.py:208} INFO - Processing /home/airflow/.local/lib/python3.12/site-packages/airflow/example_dags/example_trigger_controller_dag.py took 0.175 seconds
[2026-05-28T14:56:01.565+0000] {processor.py:186} INFO - Started process (PID=7446) to work on /home/airflow/.local/lib/python3.12/site-packages/airflow/example_dags/example_trigger_controller_dag.py
[2026-05-28T14:56:01.567+0000] {processor.py:914} INFO - Processing file /home/airflow/.local/lib/python3.12/site-packages/airflow/example_dags/example_trigger_controller_dag.py for tasks to queue
[2026-05-28T14:56:01.570+0000] {logging_mixin.py:190} INFO - [2026-05-28T14:56:01.569+0000] {dagbag.py:588} INFO - Filling up the DagBag from /home/airflow/.local/lib/python3.12/site-packages/airflow/example_dags/example_trigger_controller_dag.py
[2026-05-28T14:56:01.582+0000] {processor.py:925} INFO - DAG(s) 'example_trigger_controller_dag' retrieved from /home/airflow/.local/lib/python3.12/site-packages/airflow/example_dags/example_trigger_controller_dag.py
[2026-05-28T14:56:01.628+0000] {logging_mixin.py:190} INFO - [2026-05-28T14:56:01.627+0000] {dag.py:3239} INFO - Sync 1 DAGs
[2026-05-28T14:56:01.666+0000] {logging_mixin.py:190} INFO - [2026-05-28T14:56:01.666+0000] {dag.py:4180} INFO - Setting next_dagrun for example_trigger_controller_dag to 2021-01-01 00:00:00+00:00, run_after=2021-01-01 00:00:00+00:00
[2026-05-28T14:56:01.701+0000] {processor.py:208} INFO - Processing /home/airflow/.local/lib/python3.12/site-packages/airflow/example_dags/example_trigger_controller_dag.py took 0.145 seconds
[2026-05-28T14:56:33.209+0000] {processor.py:186} INFO - Started process (PID=7511) to work on /home/airflow/.local/lib/python3.12/site-packages/airflow/example_dags/example_trigger_controller_dag.py
[2026-05-28T14:56:33.211+0000] {processor.py:914} INFO - Processing file /home/airflow/.local/lib/python3.12/site-packages/airflow/example_dags/example_trigger_controller_dag.py for tasks to queue
[2026-05-28T14:56:33.214+0000] {logging_mixin.py:190} INFO - [2026-05-28T14:56:33.213+0000] {dagbag.py:588} INFO - Filling up the DagBag from /home/airflow/.local/lib/python3.12/site-packages/airflow/example_dags/example_trigger_controller_dag.py
[2026-05-28T14:56:33.226+0000] {processor.py:925} INFO - DAG(s) 'example_trigger_controller_dag' retrieved from /home/airflow/.local/lib/python3.12/site-packages/airflow/example_dags/example_trigger_controller_dag.py
[2026-05-28T14:56:33.264+0000] {logging_mixin.py:190} INFO - [2026-05-28T14:56:33.263+0000] {dag.py:3239} INFO - Sync 1 DAGs
[2026-05-28T14:56:33.299+0000] {logging_mixin.py:190} INFO - [2026-05-28T14:56:33.299+0000] {dag.py:4180} INFO - Setting next_dagrun for example_trigger_controller_dag to 2021-01-01 00:00:00+00:00, run_after=2021-01-01 00:00:00+00:00
[2026-05-28T14:56:33.334+0000] {processor.py:208} INFO - Processing /home/airflow/.local/lib/python3.12/site-packages/airflow/example_dags/example_trigger_controller_dag.py took 0.134 seconds
[2026-05-28T14:57:03.757+0000] {processor.py:186} INFO - Started process (PID=7574) to work on /home/airflow/.local/lib/python3.12/site-packages/airflow/example_dags/example_trigger_controller_dag.py
[2026-05-28T14:57:03.759+0000] {processor.py:914} INFO - Processing file /home/airflow/.local/lib/python3.12/site-packages/airflow/example_dags/example_trigger_controller_dag.py for tasks to queue
[2026-05-28T14:57:03.762+0000] {logging_mixin.py:190} INFO - [2026-05-28T14:57:03.761+0000] {dagbag.py:588} INFO - Filling up the DagBag from /home/airflow/.local/lib/python3.12/site-packages/airflow/example_dags/example_trigger_controller_dag.py
[2026-05-28T14:57:03.776+0000] {processor.py:925} INFO - DAG(s) 'example_trigger_controller_dag' retrieved from /home/airflow/.local/lib/python3.12/site-packages/airflow/example_dags/example_trigger_controller_dag.py
[2026-05-28T14:57:03.820+0000] {logging_mixin.py:190} INFO - [2026-05-28T14:57:03.820+0000] {dag.py:3239} INFO - Sync 1 DAGs
[2026-05-28T14:57:03.866+0000] {logging_mixin.py:190} INFO - [2026-05-28T14:57:03.866+0000] {dag.py:4180} INFO - Setting next_dagrun for example_trigger_controller_dag to 2021-01-01 00:00:00+00:00, run_after=2021-01-01 00:00:00+00:00
[2026-05-28T14:57:03.901+0000] {processor.py:208} INFO - Processing /home/airflow/.local/lib/python3.12/site-packages/airflow/example_dags/example_trigger_controller_dag.py took 0.156 seconds
[2026-05-28T14:57:35.853+0000] {processor.py:186} INFO - Started process (PID=7637) to work on /home/airflow/.local/lib/python3.12/site-packages/airflow/example_dags/example_trigger_controller_dag.py
[2026-05-28T14:57:35.855+0000] {processor.py:914} INFO - Processing file /home/airflow/.local/lib/python3.12/site-packages/airflow/example_dags/example_trigger_controller_dag.py for tasks to queue
[2026-05-28T14:57:35.857+0000] {logging_mixin.py:190} INFO - [2026-05-28T14:57:35.857+0000] {dagbag.py:588} INFO - Filling up the DagBag from /home/airflow/.local/lib/python3.12/site-packages/airflow/example_dags/example_trigger_controller_dag.py
[2026-05-28T14:57:35.870+0000] {processor.py:925} INFO - DAG(s) 'example_trigger_controller_dag' retrieved from /home/airflow/.local/lib/python3.12/site-packages/airflow/example_dags/example_trigger_controller_dag.py
[2026-05-28T14:57:35.906+0000] {logging_mixin.py:190} INFO - [2026-05-28T14:57:35.905+0000] {dag.py:3239} INFO - Sync 1 DAGs
[2026-05-28T14:57:35.945+0000] {logging_mixin.py:190} INFO - [2026-05-28T14:57:35.945+0000] {dag.py:4180} INFO - Setting next_dagrun for example_trigger_controller_dag to 2021-01-01 00:00:00+00:00, run_after=2021-01-01 00:00:00+00:00
[2026-05-28T14:57:35.985+0000] {processor.py:208} INFO - Processing /home/airflow/.local/lib/python3.12/site-packages/airflow/example_dags/example_trigger_controller_dag.py took 0.141 seconds
[2026-05-28T14:58:14.465+0000] {processor.py:186} INFO - Started process (PID=7701) to work on /home/airflow/.local/lib/python3.12/site-packages/airflow/example_dags/example_trigger_controller_dag.py
[2026-05-28T14:58:14.468+0000] {processor.py:914} INFO - Processing file /home/airflow/.local/lib/python3.12/site-packages/airflow/example_dags/example_trigger_controller_dag.py for tasks to queue
[2026-05-28T14:58:14.471+0000] {logging_mixin.py:190} INFO - [2026-05-28T14:58:14.470+0000] {dagbag.py:588} INFO - Filling up the DagBag from /home/airflow/.local/lib/python3.12/site-packages/airflow/example_dags/example_trigger_controller_dag.py
[2026-05-28T14:58:14.486+0000] {processor.py:925} INFO - DAG(s) 'example_trigger_controller_dag' retrieved from /home/airflow/.local/lib/python3.12/site-packages/airflow/example_dags/example_trigger_controller_dag.py
[2026-05-28T14:58:14.526+0000] {logging_mixin.py:190} INFO - [2026-05-28T14:58:14.525+0000] {dag.py:3239} INFO - Sync 1 DAGs
[2026-05-28T14:58:14.563+0000] {logging_mixin.py:190} INFO - [2026-05-28T14:58:14.563+0000] {dag.py:4180} INFO - Setting next_dagrun for example_trigger_controller_dag to 2021-01-01 00:00:00+00:00, run_after=2021-01-01 00:00:00+00:00
[2026-05-28T14:58:14.599+0000] {processor.py:208} INFO - Processing /home/airflow/.local/lib/python3.12/site-packages/airflow/example_dags/example_trigger_controller_dag.py took 0.145 seconds
[2026-05-28T14:58:44.871+0000] {processor.py:186} INFO - Started process (PID=7765) to work on /home/airflow/.local/lib/python3.12/site-packages/airflow/example_dags/example_trigger_controller_dag.py
[2026-05-28T14:58:44.872+0000] {processor.py:914} INFO - Processing file /home/airflow/.local/lib/python3.12/site-packages/airflow/example_dags/example_trigger_controller_dag.py for tasks to queue
[2026-05-28T14:58:44.875+0000] {logging_mixin.py:190} INFO - [2026-05-28T14:58:44.874+0000] {dagbag.py:588} INFO - Filling up the DagBag from /home/airflow/.local/lib/python3.12/site-packages/airflow/example_dags/example_trigger_controller_dag.py
[2026-05-28T14:58:44.886+0000] {processor.py:925} INFO - DAG(s) 'example_trigger_controller_dag' retrieved from /home/airflow/.local/lib/python3.12/site-packages/airflow/example_dags/example_trigger_controller_dag.py
[2026-05-28T14:58:44.921+0000] {logging_mixin.py:190} INFO - [2026-05-28T14:58:44.921+0000] {dag.py:3239} INFO - Sync 1 DAGs
[2026-05-28T14:58:44.959+0000] {logging_mixin.py:190} INFO - [2026-05-28T14:58:44.958+0000] {dag.py:4180} INFO - Setting next_dagrun for example_trigger_controller_dag to 2021-01-01 00:00:00+00:00, run_after=2021-01-01 00:00:00+00:00
[2026-05-28T14:58:44.995+0000] {processor.py:208} INFO - Processing /home/airflow/.local/lib/python3.12/site-packages/airflow/example_dags/example_trigger_controller_dag.py took 0.133 seconds
[2026-05-28T14:59:15.461+0000] {processor.py:186} INFO - Started process (PID=7830) to work on /home/airflow/.local/lib/python3.12/site-packages/airflow/example_dags/example_trigger_controller_dag.py
[2026-05-28T14:59:15.463+0000] {processor.py:914} INFO - Processing file /home/airflow/.local/lib/python3.12/site-packages/airflow/example_dags/example_trigger_controller_dag.py for tasks to queue
[2026-05-28T14:59:15.466+0000] {logging_mixin.py:190} INFO - [2026-05-28T14:59:15.466+0000] {dagbag.py:588} INFO - Filling up the DagBag from /home/airflow/.local/lib/python3.12/site-packages/airflow/example_dags/example_trigger_controller_dag.py
[2026-05-28T14:59:15.477+0000] {processor.py:925} INFO - DAG(s) 'example_trigger_controller_dag' retrieved from /home/airflow/.local/lib/python3.12/site-packages/airflow/example_dags/example_trigger_controller_dag.py
[2026-05-28T14:59:15.512+0000] {logging_mixin.py:190} INFO - [2026-05-28T14:59:15.511+0000] {dag.py:3239} INFO - Sync 1 DAGs
[2026-05-28T14:59:15.542+0000] {logging_mixin.py:190} INFO - [2026-05-28T14:59:15.542+0000] {dag.py:4180} INFO - Setting next_dagrun for example_trigger_controller_dag to 2021-01-01 00:00:00+00:00, run_after=2021-01-01 00:00:00+00:00
[2026-05-28T14:59:15.570+0000] {processor.py:208} INFO - Processing /home/airflow/.local/lib/python3.12/site-packages/airflow/example_dags/example_trigger_controller_dag.py took 0.118 seconds
[2026-05-28T14:59:52.427+0000] {processor.py:186} INFO - Started process (PID=7895) to work on /home/airflow/.local/lib/python3.12/site-packages/airflow/example_dags/example_trigger_controller_dag.py
[2026-05-28T14:59:52.429+0000] {processor.py:914} INFO - Processing file /home/airflow/.local/lib/python3.12/site-packages/airflow/example_dags/example_trigger_controller_dag.py for tasks to queue
[2026-05-28T14:59:52.432+0000] {logging_mixin.py:190} INFO - [2026-05-28T14:59:52.431+0000] {dagbag.py:588} INFO - Filling up the DagBag from /home/airflow/.local/lib/python3.12/site-packages/airflow/example_dags/example_trigger_controller_dag.py
[2026-05-28T14:59:52.446+0000] {processor.py:925} INFO - DAG(s) 'example_trigger_controller_dag' retrieved from /home/airflow/.local/lib/python3.12/site-packages/airflow/example_dags/example_trigger_controller_dag.py
[2026-05-28T14:59:52.485+0000] {logging_mixin.py:190} INFO - [2026-05-28T14:59:52.484+0000] {dag.py:3239} INFO - Sync 1 DAGs
[2026-05-28T14:59:52.526+0000] {logging_mixin.py:190} INFO - [2026-05-28T14:59:52.526+0000] {dag.py:4180} INFO - Setting next_dagrun for example_trigger_controller_dag to 2021-01-01 00:00:00+00:00, run_after=2021-01-01 00:00:00+00:00
[2026-05-28T14:59:52.566+0000] {processor.py:208} INFO - Processing /home/airflow/.local/lib/python3.12/site-packages/airflow/example_dags/example_trigger_controller_dag.py took 0.148 seconds
[2026-05-28T15:00:31.669+0000] {processor.py:186} INFO - Started process (PID=7966) to work on /home/airflow/.local/lib/python3.12/site-packages/airflow/example_dags/example_trigger_controller_dag.py
[2026-05-28T15:00:31.670+0000] {processor.py:914} INFO - Processing file /home/airflow/.local/lib/python3.12/site-packages/airflow/example_dags/example_trigger_controller_dag.py for tasks to queue
[2026-05-28T15:00:31.673+0000] {logging_mixin.py:190} INFO - [2026-05-28T15:00:31.672+0000] {dagbag.py:588} INFO - Filling up the DagBag from /home/airflow/.local/lib/python3.12/site-packages/airflow/example_dags/example_trigger_controller_dag.py
[2026-05-28T15:00:31.684+0000] {processor.py:925} INFO - DAG(s) 'example_trigger_controller_dag' retrieved from /home/airflow/.local/lib/python3.12/site-packages/airflow/example_dags/example_trigger_controller_dag.py
[2026-05-28T15:00:31.721+0000] {logging_mixin.py:190} INFO - [2026-05-28T15:00:31.720+0000] {dag.py:3239} INFO - Sync 1 DAGs
[2026-05-28T15:00:31.760+0000] {logging_mixin.py:190} INFO - [2026-05-28T15:00:31.760+0000] {dag.py:4180} INFO - Setting next_dagrun for example_trigger_controller_dag to 2021-01-01 00:00:00+00:00, run_after=2021-01-01 00:00:00+00:00
[2026-05-28T15:00:31.791+0000] {processor.py:208} INFO - Processing /home/airflow/.local/lib/python3.12/site-packages/airflow/example_dags/example_trigger_controller_dag.py took 0.131 seconds
[2026-05-28T15:01:05.854+0000] {processor.py:186} INFO - Started process (PID=8030) to work on /home/airflow/.local/lib/python3.12/site-packages/airflow/example_dags/example_trigger_controller_dag.py
[2026-05-28T15:01:05.856+0000] {processor.py:914} INFO - Processing file /home/airflow/.local/lib/python3.12/site-packages/airflow/example_dags/example_trigger_controller_dag.py for tasks to queue
[2026-05-28T15:01:05.858+0000] {logging_mixin.py:190} INFO - [2026-05-28T15:01:05.857+0000] {dagbag.py:588} INFO - Filling up the DagBag from /home/airflow/.local/lib/python3.12/site-packages/airflow/example_dags/example_trigger_controller_dag.py
[2026-05-28T15:01:05.869+0000] {processor.py:925} INFO - DAG(s) 'example_trigger_controller_dag' retrieved from /home/airflow/.local/lib/python3.12/site-packages/airflow/example_dags/example_trigger_controller_dag.py
[2026-05-28T15:01:05.904+0000] {logging_mixin.py:190} INFO - [2026-05-28T15:01:05.904+0000] {dag.py:3239} INFO - Sync 1 DAGs
[2026-05-28T15:01:05.936+0000] {logging_mixin.py:190} INFO - [2026-05-28T15:01:05.936+0000] {dag.py:4180} INFO - Setting next_dagrun for example_trigger_controller_dag to 2021-01-01 00:00:00+00:00, run_after=2021-01-01 00:00:00+00:00
[2026-05-28T15:01:05.963+0000] {processor.py:208} INFO - Processing /home/airflow/.local/lib/python3.12/site-packages/airflow/example_dags/example_trigger_controller_dag.py took 0.117 seconds
[2026-05-28T15:01:36.057+0000] {processor.py:186} INFO - Started process (PID=8093) to work on /home/airflow/.local/lib/python3.12/site-packages/airflow/example_dags/example_trigger_controller_dag.py
[2026-05-28T15:01:36.059+0000] {processor.py:914} INFO - Processing file /home/airflow/.local/lib/python3.12/site-packages/airflow/example_dags/example_trigger_controller_dag.py for tasks to queue
[2026-05-28T15:01:36.061+0000] {logging_mixin.py:190} INFO - [2026-05-28T15:01:36.060+0000] {dagbag.py:588} INFO - Filling up the DagBag from /home/airflow/.local/lib/python3.12/site-packages/airflow/example_dags/example_trigger_controller_dag.py
[2026-05-28T15:01:36.072+0000] {processor.py:925} INFO - DAG(s) 'example_trigger_controller_dag' retrieved from /home/airflow/.local/lib/python3.12/site-packages/airflow/example_dags/example_trigger_controller_dag.py
[2026-05-28T15:01:36.109+0000] {logging_mixin.py:190} INFO - [2026-05-28T15:01:36.108+0000] {dag.py:3239} INFO - Sync 1 DAGs
[2026-05-28T15:01:36.140+0000] {logging_mixin.py:190} INFO - [2026-05-28T15:01:36.139+0000] {dag.py:4180} INFO - Setting next_dagrun for example_trigger_controller_dag to 2021-01-01 00:00:00+00:00, run_after=2021-01-01 00:00:00+00:00
[2026-05-28T15:01:36.170+0000] {processor.py:208} INFO - Processing /home/airflow/.local/lib/python3.12/site-packages/airflow/example_dags/example_trigger_controller_dag.py took 0.123 seconds
[2026-05-28T15:02:08.592+0000] {processor.py:186} INFO - Started process (PID=8156) to work on /home/airflow/.local/lib/python3.12/site-packages/airflow/example_dags/example_trigger_controller_dag.py
[2026-05-28T15:02:08.594+0000] {processor.py:914} INFO - Processing file /home/airflow/.local/lib/python3.12/site-packages/airflow/example_dags/example_trigger_controller_dag.py for tasks to queue
[2026-05-28T15:02:08.596+0000] {logging_mixin.py:190} INFO - [2026-05-28T15:02:08.596+0000] {dagbag.py:588} INFO - Filling up the DagBag from /home/airflow/.local/lib/python3.12/site-packages/airflow/example_dags/example_trigger_controller_dag.py
[2026-05-28T15:02:08.613+0000] {processor.py:925} INFO - DAG(s) 'example_trigger_controller_dag' retrieved from /home/airflow/.local/lib/python3.12/site-packages/airflow/example_dags/example_trigger_controller_dag.py
[2026-05-28T15:02:08.667+0000] {logging_mixin.py:190} INFO - [2026-05-28T15:02:08.667+0000] {dag.py:3239} INFO - Sync 1 DAGs
[2026-05-28T15:02:08.711+0000] {logging_mixin.py:190} INFO - [2026-05-28T15:02:08.711+0000] {dag.py:4180} INFO - Setting next_dagrun for example_trigger_controller_dag to 2021-01-01 00:00:00+00:00, run_after=2021-01-01 00:00:00+00:00
[2026-05-28T15:02:08.753+0000] {processor.py:208} INFO - Processing /home/airflow/.local/lib/python3.12/site-packages/airflow/example_dags/example_trigger_controller_dag.py took 0.171 seconds
[2026-05-28T15:02:40.339+0000] {processor.py:186} INFO - Started process (PID=8219) to work on /home/airflow/.local/lib/python3.12/site-packages/airflow/example_dags/example_trigger_controller_dag.py
[2026-05-28T15:02:40.341+0000] {processor.py:914} INFO - Processing file /home/airflow/.local/lib/python3.12/site-packages/airflow/example_dags/example_trigger_controller_dag.py for tasks to queue
[2026-05-28T15:02:40.343+0000] {logging_mixin.py:190} INFO - [2026-05-28T15:02:40.343+0000] {dagbag.py:588} INFO - Filling up the DagBag from /home/airflow/.local/lib/python3.12/site-packages/airflow/example_dags/example_trigger_controller_dag.py
[2026-05-28T15:02:40.355+0000] {processor.py:925} INFO - DAG(s) 'example_trigger_controller_dag' retrieved from /home/airflow/.local/lib/python3.12/site-packages/airflow/example_dags/example_trigger_controller_dag.py
[2026-05-28T15:02:40.395+0000] {logging_mixin.py:190} INFO - [2026-05-28T15:02:40.394+0000] {dag.py:3239} INFO - Sync 1 DAGs
[2026-05-28T15:02:40.432+0000] {logging_mixin.py:190} INFO - [2026-05-28T15:02:40.431+0000] {dag.py:4180} INFO - Setting next_dagrun for example_trigger_controller_dag to 2021-01-01 00:00:00+00:00, run_after=2021-01-01 00:00:00+00:00
[2026-05-28T15:02:40.464+0000] {processor.py:208} INFO - Processing /home/airflow/.local/lib/python3.12/site-packages/airflow/example_dags/example_trigger_controller_dag.py took 0.133 seconds
[2026-05-28T15:03:11.376+0000] {processor.py:186} INFO - Started process (PID=8283) to work on /home/airflow/.local/lib/python3.12/site-packages/airflow/example_dags/example_trigger_controller_dag.py
[2026-05-28T15:03:11.378+0000] {processor.py:914} INFO - Processing file /home/airflow/.local/lib/python3.12/site-packages/airflow/example_dags/example_trigger_controller_dag.py for tasks to queue
[2026-05-28T15:03:11.380+0000] {logging_mixin.py:190} INFO - [2026-05-28T15:03:11.380+0000] {dagbag.py:588} INFO - Filling up the DagBag from /home/airflow/.local/lib/python3.12/site-packages/airflow/example_dags/example_trigger_controller_dag.py
[2026-05-28T15:03:11.391+0000] {processor.py:925} INFO - DAG(s) 'example_trigger_controller_dag' retrieved from /home/airflow/.local/lib/python3.12/site-packages/airflow/example_dags/example_trigger_controller_dag.py
[2026-05-28T15:03:11.428+0000] {logging_mixin.py:190} INFO - [2026-05-28T15:03:11.428+0000] {dag.py:3239} INFO - Sync 1 DAGs
[2026-05-28T15:03:11.463+0000] {logging_mixin.py:190} INFO - [2026-05-28T15:03:11.463+0000] {dag.py:4180} INFO - Setting next_dagrun for example_trigger_controller_dag to 2021-01-01 00:00:00+00:00, run_after=2021-01-01 00:00:00+00:00
[2026-05-28T15:03:11.503+0000] {processor.py:208} INFO - Processing /home/airflow/.local/lib/python3.12/site-packages/airflow/example_dags/example_trigger_controller_dag.py took 0.135 seconds
[2026-05-28T15:03:42.434+0000] {processor.py:186} INFO - Started process (PID=8346) to work on /home/airflow/.local/lib/python3.12/site-packages/airflow/example_dags/example_trigger_controller_dag.py
[2026-05-28T15:03:42.435+0000] {processor.py:914} INFO - Processing file /home/airflow/.local/lib/python3.12/site-packages/airflow/example_dags/example_trigger_controller_dag.py for tasks to queue
[2026-05-28T15:03:42.437+0000] {logging_mixin.py:190} INFO - [2026-05-28T15:03:42.437+0000] {dagbag.py:588} INFO - Filling up the DagBag from /home/airflow/.local/lib/python3.12/site-packages/airflow/example_dags/example_trigger_controller_dag.py
[2026-05-28T15:03:42.447+0000] {processor.py:925} INFO - DAG(s) 'example_trigger_controller_dag' retrieved from /home/airflow/.local/lib/python3.12/site-packages/airflow/example_dags/example_trigger_controller_dag.py
[2026-05-28T15:03:42.479+0000] {logging_mixin.py:190} INFO - [2026-05-28T15:03:42.479+0000] {dag.py:3239} INFO - Sync 1 DAGs
[2026-05-28T15:03:42.510+0000] {logging_mixin.py:190} INFO - [2026-05-28T15:03:42.509+0000] {dag.py:4180} INFO - Setting next_dagrun for example_trigger_controller_dag to 2021-01-01 00:00:00+00:00, run_after=2021-01-01 00:00:00+00:00
[2026-05-28T15:03:42.548+0000] {processor.py:208} INFO - Processing /home/airflow/.local/lib/python3.12/site-packages/airflow/example_dags/example_trigger_controller_dag.py took 0.122 seconds
[2026-05-28T15:04:18.754+0000] {processor.py:186} INFO - Started process (PID=8410) to work on /home/airflow/.local/lib/python3.12/site-packages/airflow/example_dags/example_trigger_controller_dag.py
[2026-05-28T15:04:18.755+0000] {processor.py:914} INFO - Processing file /home/airflow/.local/lib/python3.12/site-packages/airflow/example_dags/example_trigger_controller_dag.py for tasks to queue
[2026-05-28T15:04:18.757+0000] {logging_mixin.py:190} INFO - [2026-05-28T15:04:18.757+0000] {dagbag.py:588} INFO - Filling up the DagBag from /home/airflow/.local/lib/python3.12/site-packages/airflow/example_dags/example_trigger_controller_dag.py
[2026-05-28T15:04:18.769+0000] {processor.py:925} INFO - DAG(s) 'example_trigger_controller_dag' retrieved from /home/airflow/.local/lib/python3.12/site-packages/airflow/example_dags/example_trigger_controller_dag.py
[2026-05-28T15:04:18.805+0000] {logging_mixin.py:190} INFO - [2026-05-28T15:04:18.805+0000] {dag.py:3239} INFO - Sync 1 DAGs
[2026-05-28T15:04:18.838+0000] {logging_mixin.py:190} INFO - [2026-05-28T15:04:18.837+0000] {dag.py:4180} INFO - Setting next_dagrun for example_trigger_controller_dag to 2021-01-01 00:00:00+00:00, run_after=2021-01-01 00:00:00+00:00
[2026-05-28T15:04:18.878+0000] {processor.py:208} INFO - Processing /home/airflow/.local/lib/python3.12/site-packages/airflow/example_dags/example_trigger_controller_dag.py took 0.135 seconds
[2026-05-28T15:04:58.508+0000] {processor.py:186} INFO - Started process (PID=8488) to work on /home/airflow/.local/lib/python3.12/site-packages/airflow/example_dags/example_trigger_controller_dag.py
[2026-05-28T15:04:58.509+0000] {processor.py:914} INFO - Processing file /home/airflow/.local/lib/python3.12/site-packages/airflow/example_dags/example_trigger_controller_dag.py for tasks to queue
[2026-05-28T15:04:58.511+0000] {logging_mixin.py:190} INFO - [2026-05-28T15:04:58.511+0000] {dagbag.py:588} INFO - Filling up the DagBag from /home/airflow/.local/lib/python3.12/site-packages/airflow/example_dags/example_trigger_controller_dag.py
[2026-05-28T15:04:58.523+0000] {processor.py:925} INFO - DAG(s) 'example_trigger_controller_dag' retrieved from /home/airflow/.local/lib/python3.12/site-packages/airflow/example_dags/example_trigger_controller_dag.py
[2026-05-28T15:04:58.559+0000] {logging_mixin.py:190} INFO - [2026-05-28T15:04:58.559+0000] {dag.py:3239} INFO - Sync 1 DAGs
[2026-05-28T15:04:58.591+0000] {logging_mixin.py:190} INFO - [2026-05-28T15:04:58.591+0000] {dag.py:4180} INFO - Setting next_dagrun for example_trigger_controller_dag to 2021-01-01 00:00:00+00:00, run_after=2021-01-01 00:00:00+00:00
[2026-05-28T15:04:58.635+0000] {processor.py:208} INFO - Processing /home/airflow/.local/lib/python3.12/site-packages/airflow/example_dags/example_trigger_controller_dag.py took 0.134 seconds
[2026-05-28T15:05:39.246+0000] {processor.py:186} INFO - Started process (PID=8562) to work on /home/airflow/.local/lib/python3.12/site-packages/airflow/example_dags/example_trigger_controller_dag.py
[2026-05-28T15:05:39.247+0000] {processor.py:914} INFO - Processing file /home/airflow/.local/lib/python3.12/site-packages/airflow/example_dags/example_trigger_controller_dag.py for tasks to queue
[2026-05-28T15:05:39.250+0000] {logging_mixin.py:190} INFO - [2026-05-28T15:05:39.249+0000] {dagbag.py:588} INFO - Filling up the DagBag from /home/airflow/.local/lib/python3.12/site-packages/airflow/example_dags/example_trigger_controller_dag.py
[2026-05-28T15:05:39.261+0000] {processor.py:925} INFO - DAG(s) 'example_trigger_controller_dag' retrieved from /home/airflow/.local/lib/python3.12/site-packages/airflow/example_dags/example_trigger_controller_dag.py
[2026-05-28T15:05:39.299+0000] {logging_mixin.py:190} INFO - [2026-05-28T15:05:39.298+0000] {dag.py:3239} INFO - Sync 1 DAGs
[2026-05-28T15:05:39.331+0000] {logging_mixin.py:190} INFO - [2026-05-28T15:05:39.331+0000] {dag.py:4180} INFO - Setting next_dagrun for example_trigger_controller_dag to 2021-01-01 00:00:00+00:00, run_after=2021-01-01 00:00:00+00:00
[2026-05-28T15:05:39.370+0000] {processor.py:208} INFO - Processing /home/airflow/.local/lib/python3.12/site-packages/airflow/example_dags/example_trigger_controller_dag.py took 0.132 seconds
[2026-05-28T15:06:16.546+0000] {processor.py:186} INFO - Started process (PID=8627) to work on /home/airflow/.local/lib/python3.12/site-packages/airflow/example_dags/example_trigger_controller_dag.py
[2026-05-28T15:06:16.548+0000] {processor.py:914} INFO - Processing file /home/airflow/.local/lib/python3.12/site-packages/airflow/example_dags/example_trigger_controller_dag.py for tasks to queue
[2026-05-28T15:06:16.553+0000] {logging_mixin.py:190} INFO - [2026-05-28T15:06:16.551+0000] {dagbag.py:588} INFO - Filling up the DagBag from /home/airflow/.local/lib/python3.12/site-packages/airflow/example_dags/example_trigger_controller_dag.py
[2026-05-28T15:06:16.569+0000] {processor.py:925} INFO - DAG(s) 'example_trigger_controller_dag' retrieved from /home/airflow/.local/lib/python3.12/site-packages/airflow/example_dags/example_trigger_controller_dag.py
[2026-05-28T15:06:16.615+0000] {logging_mixin.py:190} INFO - [2026-05-28T15:06:16.615+0000] {dag.py:3239} INFO - Sync 1 DAGs
[2026-05-28T15:06:16.663+0000] {logging_mixin.py:190} INFO - [2026-05-28T15:06:16.663+0000] {dag.py:4180} INFO - Setting next_dagrun for example_trigger_controller_dag to 2021-01-01 00:00:00+00:00, run_after=2021-01-01 00:00:00+00:00
[2026-05-28T15:06:16.727+0000] {processor.py:208} INFO - Processing /home/airflow/.local/lib/python3.12/site-packages/airflow/example_dags/example_trigger_controller_dag.py took 0.195 seconds
[2026-05-28T15:06:47.491+0000] {processor.py:186} INFO - Started process (PID=8690) to work on /home/airflow/.local/lib/python3.12/site-packages/airflow/example_dags/example_trigger_controller_dag.py
[2026-05-28T15:06:47.492+0000] {processor.py:914} INFO - Processing file /home/airflow/.local/lib/python3.12/site-packages/airflow/example_dags/example_trigger_controller_dag.py for tasks to queue
[2026-05-28T15:06:47.495+0000] {logging_mixin.py:190} INFO - [2026-05-28T15:06:47.494+0000] {dagbag.py:588} INFO - Filling up the DagBag from /home/airflow/.local/lib/python3.12/site-packages/airflow/example_dags/example_trigger_controller_dag.py
[2026-05-28T15:06:47.506+0000] {processor.py:925} INFO - DAG(s) 'example_trigger_controller_dag' retrieved from /home/airflow/.local/lib/python3.12/site-packages/airflow/example_dags/example_trigger_controller_dag.py
[2026-05-28T15:06:47.539+0000] {logging_mixin.py:190} INFO - [2026-05-28T15:06:47.538+0000] {dag.py:3239} INFO - Sync 1 DAGs
[2026-05-28T15:06:47.575+0000] {logging_mixin.py:190} INFO - [2026-05-28T15:06:47.575+0000] {dag.py:4180} INFO - Setting next_dagrun for example_trigger_controller_dag to 2021-01-01 00:00:00+00:00, run_after=2021-01-01 00:00:00+00:00
[2026-05-28T15:06:47.612+0000] {processor.py:208} INFO - Processing /home/airflow/.local/lib/python3.12/site-packages/airflow/example_dags/example_trigger_controller_dag.py took 0.130 seconds
[2026-05-28T15:07:23.011+0000] {processor.py:186} INFO - Started process (PID=8769) to work on /home/airflow/.local/lib/python3.12/site-packages/airflow/example_dags/example_trigger_controller_dag.py
[2026-05-28T15:07:23.013+0000] {processor.py:914} INFO - Processing file /home/airflow/.local/lib/python3.12/site-packages/airflow/example_dags/example_trigger_controller_dag.py for tasks to queue
[2026-05-28T15:07:23.017+0000] {logging_mixin.py:190} INFO - [2026-05-28T15:07:23.017+0000] {dagbag.py:588} INFO - Filling up the DagBag from /home/airflow/.local/lib/python3.12/site-packages/airflow/example_dags/example_trigger_controller_dag.py
[2026-05-28T15:07:23.027+0000] {processor.py:925} INFO - DAG(s) 'example_trigger_controller_dag' retrieved from /home/airflow/.local/lib/python3.12/site-packages/airflow/example_dags/example_trigger_controller_dag.py
[2026-05-28T15:07:23.064+0000] {logging_mixin.py:190} INFO - [2026-05-28T15:07:23.064+0000] {dag.py:3239} INFO - Sync 1 DAGs
[2026-05-28T15:07:23.095+0000] {logging_mixin.py:190} INFO - [2026-05-28T15:07:23.095+0000] {dag.py:4180} INFO - Setting next_dagrun for example_trigger_controller_dag to 2021-01-01 00:00:00+00:00, run_after=2021-01-01 00:00:00+00:00
[2026-05-28T15:07:23.139+0000] {processor.py:208} INFO - Processing /home/airflow/.local/lib/python3.12/site-packages/airflow/example_dags/example_trigger_controller_dag.py took 0.136 seconds
[2026-05-28T15:07:53.554+0000] {processor.py:186} INFO - Started process (PID=8832) to work on /home/airflow/.local/lib/python3.12/site-packages/airflow/example_dags/example_trigger_controller_dag.py
[2026-05-28T15:07:53.556+0000] {processor.py:914} INFO - Processing file /home/airflow/.local/lib/python3.12/site-packages/airflow/example_dags/example_trigger_controller_dag.py for tasks to queue
[2026-05-28T15:07:53.559+0000] {logging_mixin.py:190} INFO - [2026-05-28T15:07:53.559+0000] {dagbag.py:588} INFO - Filling up the DagBag from /home/airflow/.local/lib/python3.12/site-packages/airflow/example_dags/example_trigger_controller_dag.py
[2026-05-28T15:07:53.569+0000] {processor.py:925} INFO - DAG(s) 'example_trigger_controller_dag' retrieved from /home/airflow/.local/lib/python3.12/site-packages/airflow/example_dags/example_trigger_controller_dag.py
[2026-05-28T15:07:53.607+0000] {logging_mixin.py:190} INFO - [2026-05-28T15:07:53.607+0000] {dag.py:3239} INFO - Sync 1 DAGs
[2026-05-28T15:07:53.640+0000] {logging_mixin.py:190} INFO - [2026-05-28T15:07:53.640+0000] {dag.py:4180} INFO - Setting next_dagrun for example_trigger_controller_dag to 2021-01-01 00:00:00+00:00, run_after=2021-01-01 00:00:00+00:00
[2026-05-28T15:07:53.680+0000] {processor.py:208} INFO - Processing /home/airflow/.local/lib/python3.12/site-packages/airflow/example_dags/example_trigger_controller_dag.py took 0.134 seconds
[2026-05-28T15:08:24.018+0000] {processor.py:186} INFO - Started process (PID=8895) to work on /home/airflow/.local/lib/python3.12/site-packages/airflow/example_dags/example_trigger_controller_dag.py
[2026-05-28T15:08:24.020+0000] {processor.py:914} INFO - Processing file /home/airflow/.local/lib/python3.12/site-packages/airflow/example_dags/example_trigger_controller_dag.py for tasks to queue
[2026-05-28T15:08:24.023+0000] {logging_mixin.py:190} INFO - [2026-05-28T15:08:24.022+0000] {dagbag.py:588} INFO - Filling up the DagBag from /home/airflow/.local/lib/python3.12/site-packages/airflow/example_dags/example_trigger_controller_dag.py
[2026-05-28T15:08:24.036+0000] {processor.py:925} INFO - DAG(s) 'example_trigger_controller_dag' retrieved from /home/airflow/.local/lib/python3.12/site-packages/airflow/example_dags/example_trigger_controller_dag.py
[2026-05-28T15:08:24.071+0000] {logging_mixin.py:190} INFO - [2026-05-28T15:08:24.071+0000] {dag.py:3239} INFO - Sync 1 DAGs
[2026-05-28T15:08:24.101+0000] {logging_mixin.py:190} INFO - [2026-05-28T15:08:24.101+0000] {dag.py:4180} INFO - Setting next_dagrun for example_trigger_controller_dag to 2021-01-01 00:00:00+00:00, run_after=2021-01-01 00:00:00+00:00
[2026-05-28T15:08:24.140+0000] {processor.py:208} INFO - Processing /home/airflow/.local/lib/python3.12/site-packages/airflow/example_dags/example_trigger_controller_dag.py took 0.134 seconds
[2026-05-28T15:08:54.857+0000] {processor.py:186} INFO - Started process (PID=8958) to work on /home/airflow/.local/lib/python3.12/site-packages/airflow/example_dags/example_trigger_controller_dag.py
[2026-05-28T15:08:54.859+0000] {processor.py:914} INFO - Processing file /home/airflow/.local/lib/python3.12/site-packages/airflow/example_dags/example_trigger_controller_dag.py for tasks to queue
[2026-05-28T15:08:54.863+0000] {logging_mixin.py:190} INFO - [2026-05-28T15:08:54.862+0000] {dagbag.py:588} INFO - Filling up the DagBag from /home/airflow/.local/lib/python3.12/site-packages/airflow/example_dags/example_trigger_controller_dag.py
[2026-05-28T15:08:54.879+0000] {processor.py:925} INFO - DAG(s) 'example_trigger_controller_dag' retrieved from /home/airflow/.local/lib/python3.12/site-packages/airflow/example_dags/example_trigger_controller_dag.py
[2026-05-28T15:08:54.925+0000] {logging_mixin.py:190} INFO - [2026-05-28T15:08:54.924+0000] {dag.py:3239} INFO - Sync 1 DAGs
[2026-05-28T15:08:54.971+0000] {logging_mixin.py:190} INFO - [2026-05-28T15:08:54.970+0000] {dag.py:4180} INFO - Setting next_dagrun for example_trigger_controller_dag to 2021-01-01 00:00:00+00:00, run_after=2021-01-01 00:00:00+00:00
[2026-05-28T15:08:55.010+0000] {processor.py:208} INFO - Processing /home/airflow/.local/lib/python3.12/site-packages/airflow/example_dags/example_trigger_controller_dag.py took 0.163 seconds
[2026-05-28T15:09:28.642+0000] {processor.py:186} INFO - Started process (PID=9022) to work on /home/airflow/.local/lib/python3.12/site-packages/airflow/example_dags/example_trigger_controller_dag.py
[2026-05-28T15:09:28.644+0000] {processor.py:914} INFO - Processing file /home/airflow/.local/lib/python3.12/site-packages/airflow/example_dags/example_trigger_controller_dag.py for tasks to queue
[2026-05-28T15:09:28.646+0000] {logging_mixin.py:190} INFO - [2026-05-28T15:09:28.646+0000] {dagbag.py:588} INFO - Filling up the DagBag from /home/airflow/.local/lib/python3.12/site-packages/airflow/example_dags/example_trigger_controller_dag.py
[2026-05-28T15:09:28.665+0000] {processor.py:925} INFO - DAG(s) 'example_trigger_controller_dag' retrieved from /home/airflow/.local/lib/python3.12/site-packages/airflow/example_dags/example_trigger_controller_dag.py
[2026-05-28T15:09:28.716+0000] {logging_mixin.py:190} INFO - [2026-05-28T15:09:28.716+0000] {dag.py:3239} INFO - Sync 1 DAGs
[2026-05-28T15:09:28.766+0000] {logging_mixin.py:190} INFO - [2026-05-28T15:09:28.765+0000] {dag.py:4180} INFO - Setting next_dagrun for example_trigger_controller_dag to 2021-01-01 00:00:00+00:00, run_after=2021-01-01 00:00:00+00:00
[2026-05-28T15:09:28.811+0000] {processor.py:208} INFO - Processing /home/airflow/.local/lib/python3.12/site-packages/airflow/example_dags/example_trigger_controller_dag.py took 0.180 seconds
[2026-05-28T15:10:03.874+0000] {processor.py:186} INFO - Started process (PID=9086) to work on /home/airflow/.local/lib/python3.12/site-packages/airflow/example_dags/example_trigger_controller_dag.py
[2026-05-28T15:10:03.875+0000] {processor.py:914} INFO - Processing file /home/airflow/.local/lib/python3.12/site-packages/airflow/example_dags/example_trigger_controller_dag.py for tasks to queue
[2026-05-28T15:10:03.878+0000] {logging_mixin.py:190} INFO - [2026-05-28T15:10:03.877+0000] {dagbag.py:588} INFO - Filling up the DagBag from /home/airflow/.local/lib/python3.12/site-packages/airflow/example_dags/example_trigger_controller_dag.py
[2026-05-28T15:10:03.888+0000] {processor.py:925} INFO - DAG(s) 'example_trigger_controller_dag' retrieved from /home/airflow/.local/lib/python3.12/site-packages/airflow/example_dags/example_trigger_controller_dag.py
[2026-05-28T15:10:03.924+0000] {logging_mixin.py:190} INFO - [2026-05-28T15:10:03.924+0000] {dag.py:3239} INFO - Sync 1 DAGs
[2026-05-28T15:10:03.956+0000] {logging_mixin.py:190} INFO - [2026-05-28T15:10:03.955+0000] {dag.py:4180} INFO - Setting next_dagrun for example_trigger_controller_dag to 2021-01-01 00:00:00+00:00, run_after=2021-01-01 00:00:00+00:00
[2026-05-28T15:10:03.996+0000] {processor.py:208} INFO - Processing /home/airflow/.local/lib/python3.12/site-packages/airflow/example_dags/example_trigger_controller_dag.py took 0.131 seconds
[2026-05-28T15:10:34.801+0000] {processor.py:186} INFO - Started process (PID=9149) to work on /home/airflow/.local/lib/python3.12/site-packages/airflow/example_dags/example_trigger_controller_dag.py
[2026-05-28T15:10:34.803+0000] {processor.py:914} INFO - Processing file /home/airflow/.local/lib/python3.12/site-packages/airflow/example_dags/example_trigger_controller_dag.py for tasks to queue
[2026-05-28T15:10:34.805+0000] {logging_mixin.py:190} INFO - [2026-05-28T15:10:34.805+0000] {dagbag.py:588} INFO - Filling up the DagBag from /home/airflow/.local/lib/python3.12/site-packages/airflow/example_dags/example_trigger_controller_dag.py
[2026-05-28T15:10:34.818+0000] {processor.py:925} INFO - DAG(s) 'example_trigger_controller_dag' retrieved from /home/airflow/.local/lib/python3.12/site-packages/airflow/example_dags/example_trigger_controller_dag.py
[2026-05-28T15:10:34.855+0000] {logging_mixin.py:190} INFO - [2026-05-28T15:10:34.854+0000] {dag.py:3239} INFO - Sync 1 DAGs
[2026-05-28T15:10:34.891+0000] {logging_mixin.py:190} INFO - [2026-05-28T15:10:34.891+0000] {dag.py:4180} INFO - Setting next_dagrun for example_trigger_controller_dag to 2021-01-01 00:00:00+00:00, run_after=2021-01-01 00:00:00+00:00
[2026-05-28T15:10:34.930+0000] {processor.py:208} INFO - Processing /home/airflow/.local/lib/python3.12/site-packages/airflow/example_dags/example_trigger_controller_dag.py took 0.137 seconds
[2026-05-28T15:11:12.822+0000] {processor.py:186} INFO - Started process (PID=9212) to work on /home/airflow/.local/lib/python3.12/site-packages/airflow/example_dags/example_trigger_controller_dag.py
[2026-05-28T15:11:12.824+0000] {processor.py:914} INFO - Processing file /home/airflow/.local/lib/python3.12/site-packages/airflow/example_dags/example_trigger_controller_dag.py for tasks to queue
[2026-05-28T15:11:12.826+0000] {logging_mixin.py:190} INFO - [2026-05-28T15:11:12.826+0000] {dagbag.py:588} INFO - Filling up the DagBag from /home/airflow/.local/lib/python3.12/site-packages/airflow/example_dags/example_trigger_controller_dag.py
[2026-05-28T15:11:12.838+0000] {processor.py:925} INFO - DAG(s) 'example_trigger_controller_dag' retrieved from /home/airflow/.local/lib/python3.12/site-packages/airflow/example_dags/example_trigger_controller_dag.py
[2026-05-28T15:11:12.873+0000] {logging_mixin.py:190} INFO - [2026-05-28T15:11:12.873+0000] {dag.py:3239} INFO - Sync 1 DAGs
[2026-05-28T15:11:12.909+0000] {logging_mixin.py:190} INFO - [2026-05-28T15:11:12.908+0000] {dag.py:4180} INFO - Setting next_dagrun for example_trigger_controller_dag to 2021-01-01 00:00:00+00:00, run_after=2021-01-01 00:00:00+00:00
[2026-05-28T15:11:12.942+0000] {processor.py:208} INFO - Processing /home/airflow/.local/lib/python3.12/site-packages/airflow/example_dags/example_trigger_controller_dag.py took 0.131 seconds
[2026-05-28T15:11:51.422+0000] {processor.py:186} INFO - Started process (PID=9280) to work on /home/airflow/.local/lib/python3.12/site-packages/airflow/example_dags/example_trigger_controller_dag.py
[2026-05-28T15:11:51.424+0000] {processor.py:914} INFO - Processing file /home/airflow/.local/lib/python3.12/site-packages/airflow/example_dags/example_trigger_controller_dag.py for tasks to queue
[2026-05-28T15:11:51.426+0000] {logging_mixin.py:190} INFO - [2026-05-28T15:11:51.426+0000] {dagbag.py:588} INFO - Filling up the DagBag from /home/airflow/.local/lib/python3.12/site-packages/airflow/example_dags/example_trigger_controller_dag.py
[2026-05-28T15:11:51.437+0000] {processor.py:925} INFO - DAG(s) 'example_trigger_controller_dag' retrieved from /home/airflow/.local/lib/python3.12/site-packages/airflow/example_dags/example_trigger_controller_dag.py
[2026-05-28T15:11:51.476+0000] {logging_mixin.py:190} INFO - [2026-05-28T15:11:51.475+0000] {dag.py:3239} INFO - Sync 1 DAGs
[2026-05-28T15:11:51.523+0000] {logging_mixin.py:190} INFO - [2026-05-28T15:11:51.522+0000] {dag.py:4180} INFO - Setting next_dagrun for example_trigger_controller_dag to 2021-01-01 00:00:00+00:00, run_after=2021-01-01 00:00:00+00:00
[2026-05-28T15:11:51.594+0000] {processor.py:208} INFO - Processing /home/airflow/.local/lib/python3.12/site-packages/airflow/example_dags/example_trigger_controller_dag.py took 0.187 seconds
[2026-05-28T15:12:29.744+0000] {processor.py:186} INFO - Started process (PID=9350) to work on /home/airflow/.local/lib/python3.12/site-packages/airflow/example_dags/example_trigger_controller_dag.py
[2026-05-28T15:12:29.745+0000] {processor.py:914} INFO - Processing file /home/airflow/.local/lib/python3.12/site-packages/airflow/example_dags/example_trigger_controller_dag.py for tasks to queue
[2026-05-28T15:12:29.748+0000] {logging_mixin.py:190} INFO - [2026-05-28T15:12:29.748+0000] {dagbag.py:588} INFO - Filling up the DagBag from /home/airflow/.local/lib/python3.12/site-packages/airflow/example_dags/example_trigger_controller_dag.py
[2026-05-28T15:12:29.762+0000] {processor.py:925} INFO - DAG(s) 'example_trigger_controller_dag' retrieved from /home/airflow/.local/lib/python3.12/site-packages/airflow/example_dags/example_trigger_controller_dag.py
[2026-05-28T15:12:29.808+0000] {logging_mixin.py:190} INFO - [2026-05-28T15:12:29.808+0000] {dag.py:3239} INFO - Sync 1 DAGs
[2026-05-28T15:12:29.840+0000] {logging_mixin.py:190} INFO - [2026-05-28T15:12:29.839+0000] {dag.py:4180} INFO - Setting next_dagrun for example_trigger_controller_dag to 2021-01-01 00:00:00+00:00, run_after=2021-01-01 00:00:00+00:00
[2026-05-28T15:12:29.885+0000] {processor.py:208} INFO - Processing /home/airflow/.local/lib/python3.12/site-packages/airflow/example_dags/example_trigger_controller_dag.py took 0.150 seconds
[2026-05-28T15:13:00.003+0000] {processor.py:186} INFO - Started process (PID=9413) to work on /home/airflow/.local/lib/python3.12/site-packages/airflow/example_dags/example_trigger_controller_dag.py
[2026-05-28T15:13:00.005+0000] {processor.py:914} INFO - Processing file /home/airflow/.local/lib/python3.12/site-packages/airflow/example_dags/example_trigger_controller_dag.py for tasks to queue
[2026-05-28T15:13:00.008+0000] {logging_mixin.py:190} INFO - [2026-05-28T15:13:00.007+0000] {dagbag.py:588} INFO - Filling up the DagBag from /home/airflow/.local/lib/python3.12/site-packages/airflow/example_dags/example_trigger_controller_dag.py
[2026-05-28T15:13:00.020+0000] {processor.py:925} INFO - DAG(s) 'example_trigger_controller_dag' retrieved from /home/airflow/.local/lib/python3.12/site-packages/airflow/example_dags/example_trigger_controller_dag.py
[2026-05-28T15:13:00.055+0000] {logging_mixin.py:190} INFO - [2026-05-28T15:13:00.055+0000] {dag.py:3239} INFO - Sync 1 DAGs
[2026-05-28T15:13:00.087+0000] {logging_mixin.py:190} INFO - [2026-05-28T15:13:00.087+0000] {dag.py:4180} INFO - Setting next_dagrun for example_trigger_controller_dag to 2021-01-01 00:00:00+00:00, run_after=2021-01-01 00:00:00+00:00
[2026-05-28T15:13:00.125+0000] {processor.py:208} INFO - Processing /home/airflow/.local/lib/python3.12/site-packages/airflow/example_dags/example_trigger_controller_dag.py took 0.130 seconds
[2026-05-28T15:13:30.315+0000] {processor.py:186} INFO - Started process (PID=9477) to work on /home/airflow/.local/lib/python3.12/site-packages/airflow/example_dags/example_trigger_controller_dag.py
[2026-05-28T15:13:30.317+0000] {processor.py:914} INFO - Processing file /home/airflow/.local/lib/python3.12/site-packages/airflow/example_dags/example_trigger_controller_dag.py for tasks to queue
[2026-05-28T15:13:30.319+0000] {logging_mixin.py:190} INFO - [2026-05-28T15:13:30.319+0000] {dagbag.py:588} INFO - Filling up the DagBag from /home/airflow/.local/lib/python3.12/site-packages/airflow/example_dags/example_trigger_controller_dag.py
[2026-05-28T15:13:30.330+0000] {processor.py:925} INFO - DAG(s) 'example_trigger_controller_dag' retrieved from /home/airflow/.local/lib/python3.12/site-packages/airflow/example_dags/example_trigger_controller_dag.py
[2026-05-28T15:13:30.365+0000] {logging_mixin.py:190} INFO - [2026-05-28T15:13:30.365+0000] {dag.py:3239} INFO - Sync 1 DAGs
[2026-05-28T15:13:30.399+0000] {logging_mixin.py:190} INFO - [2026-05-28T15:13:30.398+0000] {dag.py:4180} INFO - Setting next_dagrun for example_trigger_controller_dag to 2021-01-01 00:00:00+00:00, run_after=2021-01-01 00:00:00+00:00
[2026-05-28T15:13:30.434+0000] {processor.py:208} INFO - Processing /home/airflow/.local/lib/python3.12/site-packages/airflow/example_dags/example_trigger_controller_dag.py took 0.127 seconds
[2026-05-28T15:14:00.758+0000] {processor.py:186} INFO - Started process (PID=9540) to work on /home/airflow/.local/lib/python3.12/site-packages/airflow/example_dags/example_trigger_controller_dag.py
[2026-05-28T15:14:00.760+0000] {processor.py:914} INFO - Processing file /home/airflow/.local/lib/python3.12/site-packages/airflow/example_dags/example_trigger_controller_dag.py for tasks to queue
[2026-05-28T15:14:00.762+0000] {logging_mixin.py:190} INFO - [2026-05-28T15:14:00.761+0000] {dagbag.py:588} INFO - Filling up the DagBag from /home/airflow/.local/lib/python3.12/site-packages/airflow/example_dags/example_trigger_controller_dag.py
[2026-05-28T15:14:00.773+0000] {processor.py:925} INFO - DAG(s) 'example_trigger_controller_dag' retrieved from /home/airflow/.local/lib/python3.12/site-packages/airflow/example_dags/example_trigger_controller_dag.py
[2026-05-28T15:14:00.809+0000] {logging_mixin.py:190} INFO - [2026-05-28T15:14:00.808+0000] {dag.py:3239} INFO - Sync 1 DAGs
[2026-05-28T15:14:00.843+0000] {logging_mixin.py:190} INFO - [2026-05-28T15:14:00.842+0000] {dag.py:4180} INFO - Setting next_dagrun for example_trigger_controller_dag to 2021-01-01 00:00:00+00:00, run_after=2021-01-01 00:00:00+00:00
[2026-05-28T15:14:00.880+0000] {processor.py:208} INFO - Processing /home/airflow/.local/lib/python3.12/site-packages/airflow/example_dags/example_trigger_controller_dag.py took 0.136 seconds
[2026-05-28T15:14:33.388+0000] {processor.py:186} INFO - Started process (PID=9604) to work on /home/airflow/.local/lib/python3.12/site-packages/airflow/example_dags/example_trigger_controller_dag.py
[2026-05-28T15:14:33.390+0000] {processor.py:914} INFO - Processing file /home/airflow/.local/lib/python3.12/site-packages/airflow/example_dags/example_trigger_controller_dag.py for tasks to queue
[2026-05-28T15:14:33.394+0000] {logging_mixin.py:190} INFO - [2026-05-28T15:14:33.393+0000] {dagbag.py:588} INFO - Filling up the DagBag from /home/airflow/.local/lib/python3.12/site-packages/airflow/example_dags/example_trigger_controller_dag.py
[2026-05-28T15:14:33.406+0000] {processor.py:925} INFO - DAG(s) 'example_trigger_controller_dag' retrieved from /home/airflow/.local/lib/python3.12/site-packages/airflow/example_dags/example_trigger_controller_dag.py
[2026-05-28T15:14:33.451+0000] {logging_mixin.py:190} INFO - [2026-05-28T15:14:33.451+0000] {dag.py:3239} INFO - Sync 1 DAGs
[2026-05-28T15:14:33.493+0000] {logging_mixin.py:190} INFO - [2026-05-28T15:14:33.493+0000] {dag.py:4180} INFO - Setting next_dagrun for example_trigger_controller_dag to 2021-01-01 00:00:00+00:00, run_after=2021-01-01 00:00:00+00:00
[2026-05-28T15:14:33.536+0000] {processor.py:208} INFO - Processing /home/airflow/.local/lib/python3.12/site-packages/airflow/example_dags/example_trigger_controller_dag.py took 0.157 seconds
[2026-05-28T15:15:05.328+0000] {processor.py:186} INFO - Started process (PID=9667) to work on /home/airflow/.local/lib/python3.12/site-packages/airflow/example_dags/example_trigger_controller_dag.py
[2026-05-28T15:15:05.330+0000] {processor.py:914} INFO - Processing file /home/airflow/.local/lib/python3.12/site-packages/airflow/example_dags/example_trigger_controller_dag.py for tasks to queue
[2026-05-28T15:15:05.333+0000] {logging_mixin.py:190} INFO - [2026-05-28T15:15:05.332+0000] {dagbag.py:588} INFO - Filling up the DagBag from /home/airflow/.local/lib/python3.12/site-packages/airflow/example_dags/example_trigger_controller_dag.py
[2026-05-28T15:15:05.350+0000] {processor.py:925} INFO - DAG(s) 'example_trigger_controller_dag' retrieved from /home/airflow/.local/lib/python3.12/site-packages/airflow/example_dags/example_trigger_controller_dag.py
[2026-05-28T15:15:05.395+0000] {logging_mixin.py:190} INFO - [2026-05-28T15:15:05.394+0000] {dag.py:3239} INFO - Sync 1 DAGs
[2026-05-28T15:15:05.430+0000] {logging_mixin.py:190} INFO - [2026-05-28T15:15:05.430+0000] {dag.py:4180} INFO - Setting next_dagrun for example_trigger_controller_dag to 2021-01-01 00:00:00+00:00, run_after=2021-01-01 00:00:00+00:00
[2026-05-28T15:15:05.463+0000] {processor.py:208} INFO - Processing /home/airflow/.local/lib/python3.12/site-packages/airflow/example_dags/example_trigger_controller_dag.py took 0.145 seconds
[2026-05-28T15:15:43.873+0000] {processor.py:186} INFO - Started process (PID=9725) to work on /home/airflow/.local/lib/python3.12/site-packages/airflow/example_dags/example_trigger_controller_dag.py
[2026-05-28T15:15:43.876+0000] {processor.py:914} INFO - Processing file /home/airflow/.local/lib/python3.12/site-packages/airflow/example_dags/example_trigger_controller_dag.py for tasks to queue
[2026-05-28T15:15:43.881+0000] {logging_mixin.py:190} INFO - [2026-05-28T15:15:43.881+0000] {dagbag.py:588} INFO - Filling up the DagBag from /home/airflow/.local/lib/python3.12/site-packages/airflow/example_dags/example_trigger_controller_dag.py
[2026-05-28T15:15:43.898+0000] {processor.py:925} INFO - DAG(s) 'example_trigger_controller_dag' retrieved from /home/airflow/.local/lib/python3.12/site-packages/airflow/example_dags/example_trigger_controller_dag.py
[2026-05-28T15:15:43.937+0000] {logging_mixin.py:190} INFO - [2026-05-28T15:15:43.937+0000] {dag.py:3239} INFO - Sync 1 DAGs
[2026-05-28T15:15:43.986+0000] {logging_mixin.py:190} INFO - [2026-05-28T15:15:43.985+0000] {dag.py:4180} INFO - Setting next_dagrun for example_trigger_controller_dag to 2021-01-01 00:00:00+00:00, run_after=2021-01-01 00:00:00+00:00
[2026-05-28T15:15:44.026+0000] {processor.py:208} INFO - Processing /home/airflow/.local/lib/python3.12/site-packages/airflow/example_dags/example_trigger_controller_dag.py took 0.166 seconds
[2026-05-28T15:16:14.442+0000] {processor.py:186} INFO - Started process (PID=9788) to work on /home/airflow/.local/lib/python3.12/site-packages/airflow/example_dags/example_trigger_controller_dag.py
[2026-05-28T15:16:14.464+0000] {processor.py:914} INFO - Processing file /home/airflow/.local/lib/python3.12/site-packages/airflow/example_dags/example_trigger_controller_dag.py for tasks to queue
[2026-05-28T15:16:14.482+0000] {logging_mixin.py:190} INFO - [2026-05-28T15:16:14.481+0000] {dagbag.py:588} INFO - Filling up the DagBag from /home/airflow/.local/lib/python3.12/site-packages/airflow/example_dags/example_trigger_controller_dag.py
[2026-05-28T15:16:14.535+0000] {processor.py:925} INFO - DAG(s) 'example_trigger_controller_dag' retrieved from /home/airflow/.local/lib/python3.12/site-packages/airflow/example_dags/example_trigger_controller_dag.py
[2026-05-28T15:16:14.624+0000] {logging_mixin.py:190} INFO - [2026-05-28T15:16:14.624+0000] {dag.py:3239} INFO - Sync 1 DAGs
[2026-05-28T15:16:14.662+0000] {logging_mixin.py:190} INFO - [2026-05-28T15:16:14.662+0000] {dag.py:4180} INFO - Setting next_dagrun for example_trigger_controller_dag to 2021-01-01 00:00:00+00:00, run_after=2021-01-01 00:00:00+00:00
[2026-05-28T15:16:14.756+0000] {processor.py:208} INFO - Processing /home/airflow/.local/lib/python3.12/site-packages/airflow/example_dags/example_trigger_controller_dag.py took 0.323 seconds
[2026-05-28T15:16:49.775+0000] {processor.py:186} INFO - Started process (PID=9852) to work on /home/airflow/.local/lib/python3.12/site-packages/airflow/example_dags/example_trigger_controller_dag.py
[2026-05-28T15:16:49.777+0000] {processor.py:914} INFO - Processing file /home/airflow/.local/lib/python3.12/site-packages/airflow/example_dags/example_trigger_controller_dag.py for tasks to queue
[2026-05-28T15:16:49.780+0000] {logging_mixin.py:190} INFO - [2026-05-28T15:16:49.779+0000] {dagbag.py:588} INFO - Filling up the DagBag from /home/airflow/.local/lib/python3.12/site-packages/airflow/example_dags/example_trigger_controller_dag.py
[2026-05-28T15:16:49.790+0000] {processor.py:925} INFO - DAG(s) 'example_trigger_controller_dag' retrieved from /home/airflow/.local/lib/python3.12/site-packages/airflow/example_dags/example_trigger_controller_dag.py
[2026-05-28T15:16:49.821+0000] {logging_mixin.py:190} INFO - [2026-05-28T15:16:49.821+0000] {dag.py:3239} INFO - Sync 1 DAGs
[2026-05-28T15:16:49.854+0000] {logging_mixin.py:190} INFO - [2026-05-28T15:16:49.853+0000] {dag.py:4180} INFO - Setting next_dagrun for example_trigger_controller_dag to 2021-01-01 00:00:00+00:00, run_after=2021-01-01 00:00:00+00:00
[2026-05-28T15:16:49.888+0000] {processor.py:208} INFO - Processing /home/airflow/.local/lib/python3.12/site-packages/airflow/example_dags/example_trigger_controller_dag.py took 0.121 seconds
[2026-05-28T15:17:20.787+0000] {processor.py:186} INFO - Started process (PID=9915) to work on /home/airflow/.local/lib/python3.12/site-packages/airflow/example_dags/example_trigger_controller_dag.py
[2026-05-28T15:17:20.789+0000] {processor.py:914} INFO - Processing file /home/airflow/.local/lib/python3.12/site-packages/airflow/example_dags/example_trigger_controller_dag.py for tasks to queue
[2026-05-28T15:17:20.791+0000] {logging_mixin.py:190} INFO - [2026-05-28T15:17:20.791+0000] {dagbag.py:588} INFO - Filling up the DagBag from /home/airflow/.local/lib/python3.12/site-packages/airflow/example_dags/example_trigger_controller_dag.py
[2026-05-28T15:17:20.804+0000] {processor.py:925} INFO - DAG(s) 'example_trigger_controller_dag' retrieved from /home/airflow/.local/lib/python3.12/site-packages/airflow/example_dags/example_trigger_controller_dag.py
[2026-05-28T15:17:20.845+0000] {logging_mixin.py:190} INFO - [2026-05-28T15:17:20.845+0000] {dag.py:3239} INFO - Sync 1 DAGs
[2026-05-28T15:17:20.877+0000] {logging_mixin.py:190} INFO - [2026-05-28T15:17:20.876+0000] {dag.py:4180} INFO - Setting next_dagrun for example_trigger_controller_dag to 2021-01-01 00:00:00+00:00, run_after=2021-01-01 00:00:00+00:00
[2026-05-28T15:17:20.906+0000] {processor.py:208} INFO - Processing /home/airflow/.local/lib/python3.12/site-packages/airflow/example_dags/example_trigger_controller_dag.py took 0.127 seconds
[2026-05-28T15:17:55.623+0000] {processor.py:186} INFO - Started process (PID=9977) to work on /home/airflow/.local/lib/python3.12/site-packages/airflow/example_dags/example_trigger_controller_dag.py
[2026-05-28T15:17:55.625+0000] {processor.py:914} INFO - Processing file /home/airflow/.local/lib/python3.12/site-packages/airflow/example_dags/example_trigger_controller_dag.py for tasks to queue
[2026-05-28T15:17:55.628+0000] {logging_mixin.py:190} INFO - [2026-05-28T15:17:55.628+0000] {dagbag.py:588} INFO - Filling up the DagBag from /home/airflow/.local/lib/python3.12/site-packages/airflow/example_dags/example_trigger_controller_dag.py
[2026-05-28T15:17:55.641+0000] {processor.py:925} INFO - DAG(s) 'example_trigger_controller_dag' retrieved from /home/airflow/.local/lib/python3.12/site-packages/airflow/example_dags/example_trigger_controller_dag.py
[2026-05-28T15:17:55.688+0000] {logging_mixin.py:190} INFO - [2026-05-28T15:17:55.687+0000] {dag.py:3239} INFO - Sync 1 DAGs
[2026-05-28T15:17:55.731+0000] {logging_mixin.py:190} INFO - [2026-05-28T15:17:55.730+0000] {dag.py:4180} INFO - Setting next_dagrun for example_trigger_controller_dag to 2021-01-01 00:00:00+00:00, run_after=2021-01-01 00:00:00+00:00
[2026-05-28T15:17:55.780+0000] {processor.py:208} INFO - Processing /home/airflow/.local/lib/python3.12/site-packages/airflow/example_dags/example_trigger_controller_dag.py took 0.169 seconds
[2026-05-28T15:18:26.444+0000] {processor.py:186} INFO - Started process (PID=10040) to work on /home/airflow/.local/lib/python3.12/site-packages/airflow/example_dags/example_trigger_controller_dag.py
[2026-05-28T15:18:26.445+0000] {processor.py:914} INFO - Processing file /home/airflow/.local/lib/python3.12/site-packages/airflow/example_dags/example_trigger_controller_dag.py for tasks to queue
[2026-05-28T15:18:26.448+0000] {logging_mixin.py:190} INFO - [2026-05-28T15:18:26.448+0000] {dagbag.py:588} INFO - Filling up the DagBag from /home/airflow/.local/lib/python3.12/site-packages/airflow/example_dags/example_trigger_controller_dag.py
[2026-05-28T15:18:26.460+0000] {processor.py:925} INFO - DAG(s) 'example_trigger_controller_dag' retrieved from /home/airflow/.local/lib/python3.12/site-packages/airflow/example_dags/example_trigger_controller_dag.py
[2026-05-28T15:18:26.501+0000] {logging_mixin.py:190} INFO - [2026-05-28T15:18:26.501+0000] {dag.py:3239} INFO - Sync 1 DAGs
[2026-05-28T15:18:26.543+0000] {logging_mixin.py:190} INFO - [2026-05-28T15:18:26.543+0000] {dag.py:4180} INFO - Setting next_dagrun for example_trigger_controller_dag to 2021-01-01 00:00:00+00:00, run_after=2021-01-01 00:00:00+00:00
[2026-05-28T15:18:26.595+0000] {processor.py:208} INFO - Processing /home/airflow/.local/lib/python3.12/site-packages/airflow/example_dags/example_trigger_controller_dag.py took 0.161 seconds
[2026-05-28T15:19:01.825+0000] {processor.py:186} INFO - Started process (PID=10110) to work on /home/airflow/.local/lib/python3.12/site-packages/airflow/example_dags/example_trigger_controller_dag.py
[2026-05-28T15:19:01.827+0000] {processor.py:914} INFO - Processing file /home/airflow/.local/lib/python3.12/site-packages/airflow/example_dags/example_trigger_controller_dag.py for tasks to queue
[2026-05-28T15:19:01.830+0000] {logging_mixin.py:190} INFO - [2026-05-28T15:19:01.829+0000] {dagbag.py:588} INFO - Filling up the DagBag from /home/airflow/.local/lib/python3.12/site-packages/airflow/example_dags/example_trigger_controller_dag.py
[2026-05-28T15:19:01.840+0000] {processor.py:925} INFO - DAG(s) 'example_trigger_controller_dag' retrieved from /home/airflow/.local/lib/python3.12/site-packages/airflow/example_dags/example_trigger_controller_dag.py
[2026-05-28T15:19:01.886+0000] {logging_mixin.py:190} INFO - [2026-05-28T15:19:01.886+0000] {dag.py:3239} INFO - Sync 1 DAGs
[2026-05-28T15:19:01.940+0000] {logging_mixin.py:190} INFO - [2026-05-28T15:19:01.939+0000] {dag.py:4180} INFO - Setting next_dagrun for example_trigger_controller_dag to 2021-01-01 00:00:00+00:00, run_after=2021-01-01 00:00:00+00:00
[2026-05-28T15:19:01.974+0000] {processor.py:208} INFO - Processing /home/airflow/.local/lib/python3.12/site-packages/airflow/example_dags/example_trigger_controller_dag.py took 0.158 seconds
[2026-05-28T15:19:32.672+0000] {processor.py:186} INFO - Started process (PID=10173) to work on /home/airflow/.local/lib/python3.12/site-packages/airflow/example_dags/example_trigger_controller_dag.py
[2026-05-28T15:19:32.675+0000] {processor.py:914} INFO - Processing file /home/airflow/.local/lib/python3.12/site-packages/airflow/example_dags/example_trigger_controller_dag.py for tasks to queue
[2026-05-28T15:19:32.681+0000] {logging_mixin.py:190} INFO - [2026-05-28T15:19:32.680+0000] {dagbag.py:588} INFO - Filling up the DagBag from /home/airflow/.local/lib/python3.12/site-packages/airflow/example_dags/example_trigger_controller_dag.py
[2026-05-28T15:19:32.696+0000] {processor.py:925} INFO - DAG(s) 'example_trigger_controller_dag' retrieved from /home/airflow/.local/lib/python3.12/site-packages/airflow/example_dags/example_trigger_controller_dag.py
[2026-05-28T15:19:32.741+0000] {logging_mixin.py:190} INFO - [2026-05-28T15:19:32.740+0000] {dag.py:3239} INFO - Sync 1 DAGs
[2026-05-28T15:19:32.797+0000] {logging_mixin.py:190} INFO - [2026-05-28T15:19:32.797+0000] {dag.py:4180} INFO - Setting next_dagrun for example_trigger_controller_dag to 2021-01-01 00:00:00+00:00, run_after=2021-01-01 00:00:00+00:00
[2026-05-28T15:19:32.840+0000] {processor.py:208} INFO - Processing /home/airflow/.local/lib/python3.12/site-packages/airflow/example_dags/example_trigger_controller_dag.py took 0.187 seconds
[2026-05-28T15:20:05.340+0000] {processor.py:186} INFO - Started process (PID=10236) to work on /home/airflow/.local/lib/python3.12/site-packages/airflow/example_dags/example_trigger_controller_dag.py
[2026-05-28T15:20:05.342+0000] {processor.py:914} INFO - Processing file /home/airflow/.local/lib/python3.12/site-packages/airflow/example_dags/example_trigger_controller_dag.py for tasks to queue
[2026-05-28T15:20:05.346+0000] {logging_mixin.py:190} INFO - [2026-05-28T15:20:05.345+0000] {dagbag.py:588} INFO - Filling up the DagBag from /home/airflow/.local/lib/python3.12/site-packages/airflow/example_dags/example_trigger_controller_dag.py
[2026-05-28T15:20:05.358+0000] {processor.py:925} INFO - DAG(s) 'example_trigger_controller_dag' retrieved from /home/airflow/.local/lib/python3.12/site-packages/airflow/example_dags/example_trigger_controller_dag.py
[2026-05-28T15:20:05.391+0000] {logging_mixin.py:190} INFO - [2026-05-28T15:20:05.391+0000] {dag.py:3239} INFO - Sync 1 DAGs
[2026-05-28T15:20:05.425+0000] {logging_mixin.py:190} INFO - [2026-05-28T15:20:05.425+0000] {dag.py:4180} INFO - Setting next_dagrun for example_trigger_controller_dag to 2021-01-01 00:00:00+00:00, run_after=2021-01-01 00:00:00+00:00
[2026-05-28T15:20:05.455+0000] {processor.py:208} INFO - Processing /home/airflow/.local/lib/python3.12/site-packages/airflow/example_dags/example_trigger_controller_dag.py took 0.125 seconds
[2026-05-28T15:20:40.417+0000] {processor.py:186} INFO - Started process (PID=10300) to work on /home/airflow/.local/lib/python3.12/site-packages/airflow/example_dags/example_trigger_controller_dag.py
[2026-05-28T15:20:40.420+0000] {processor.py:914} INFO - Processing file /home/airflow/.local/lib/python3.12/site-packages/airflow/example_dags/example_trigger_controller_dag.py for tasks to queue
[2026-05-28T15:20:40.423+0000] {logging_mixin.py:190} INFO - [2026-05-28T15:20:40.422+0000] {dagbag.py:588} INFO - Filling up the DagBag from /home/airflow/.local/lib/python3.12/site-packages/airflow/example_dags/example_trigger_controller_dag.py
[2026-05-28T15:20:40.434+0000] {processor.py:925} INFO - DAG(s) 'example_trigger_controller_dag' retrieved from /home/airflow/.local/lib/python3.12/site-packages/airflow/example_dags/example_trigger_controller_dag.py
[2026-05-28T15:20:40.468+0000] {logging_mixin.py:190} INFO - [2026-05-28T15:20:40.468+0000] {dag.py:3239} INFO - Sync 1 DAGs
[2026-05-28T15:20:40.498+0000] {logging_mixin.py:190} INFO - [2026-05-28T15:20:40.498+0000] {dag.py:4180} INFO - Setting next_dagrun for example_trigger_controller_dag to 2021-01-01 00:00:00+00:00, run_after=2021-01-01 00:00:00+00:00
[2026-05-28T15:20:40.540+0000] {processor.py:208} INFO - Processing /home/airflow/.local/lib/python3.12/site-packages/airflow/example_dags/example_trigger_controller_dag.py took 0.132 seconds
[2026-05-28T15:21:14.366+0000] {processor.py:186} INFO - Started process (PID=10363) to work on /home/airflow/.local/lib/python3.12/site-packages/airflow/example_dags/example_trigger_controller_dag.py
[2026-05-28T15:21:14.368+0000] {processor.py:914} INFO - Processing file /home/airflow/.local/lib/python3.12/site-packages/airflow/example_dags/example_trigger_controller_dag.py for tasks to queue
[2026-05-28T15:21:14.371+0000] {logging_mixin.py:190} INFO - [2026-05-28T15:21:14.370+0000] {dagbag.py:588} INFO - Filling up the DagBag from /home/airflow/.local/lib/python3.12/site-packages/airflow/example_dags/example_trigger_controller_dag.py
[2026-05-28T15:21:14.384+0000] {processor.py:925} INFO - DAG(s) 'example_trigger_controller_dag' retrieved from /home/airflow/.local/lib/python3.12/site-packages/airflow/example_dags/example_trigger_controller_dag.py
[2026-05-28T15:21:14.421+0000] {logging_mixin.py:190} INFO - [2026-05-28T15:21:14.421+0000] {dag.py:3239} INFO - Sync 1 DAGs
[2026-05-28T15:21:14.465+0000] {logging_mixin.py:190} INFO - [2026-05-28T15:21:14.465+0000] {dag.py:4180} INFO - Setting next_dagrun for example_trigger_controller_dag to 2021-01-01 00:00:00+00:00, run_after=2021-01-01 00:00:00+00:00
[2026-05-28T15:21:14.510+0000] {processor.py:208} INFO - Processing /home/airflow/.local/lib/python3.12/site-packages/airflow/example_dags/example_trigger_controller_dag.py took 0.156 seconds
[2026-05-28T15:21:52.705+0000] {processor.py:186} INFO - Started process (PID=10431) to work on /home/airflow/.local/lib/python3.12/site-packages/airflow/example_dags/example_trigger_controller_dag.py
[2026-05-28T15:21:52.707+0000] {processor.py:914} INFO - Processing file /home/airflow/.local/lib/python3.12/site-packages/airflow/example_dags/example_trigger_controller_dag.py for tasks to queue
[2026-05-28T15:21:52.710+0000] {logging_mixin.py:190} INFO - [2026-05-28T15:21:52.709+0000] {dagbag.py:588} INFO - Filling up the DagBag from /home/airflow/.local/lib/python3.12/site-packages/airflow/example_dags/example_trigger_controller_dag.py
[2026-05-28T15:21:52.721+0000] {processor.py:925} INFO - DAG(s) 'example_trigger_controller_dag' retrieved from /home/airflow/.local/lib/python3.12/site-packages/airflow/example_dags/example_trigger_controller_dag.py
[2026-05-28T15:21:52.760+0000] {logging_mixin.py:190} INFO - [2026-05-28T15:21:52.759+0000] {dag.py:3239} INFO - Sync 1 DAGs
[2026-05-28T15:21:52.798+0000] {logging_mixin.py:190} INFO - [2026-05-28T15:21:52.798+0000] {dag.py:4180} INFO - Setting next_dagrun for example_trigger_controller_dag to 2021-01-01 00:00:00+00:00, run_after=2021-01-01 00:00:00+00:00
[2026-05-28T15:21:52.838+0000] {processor.py:208} INFO - Processing /home/airflow/.local/lib/python3.12/site-packages/airflow/example_dags/example_trigger_controller_dag.py took 0.140 seconds
[2026-05-28T15:22:30.155+0000] {processor.py:186} INFO - Started process (PID=10504) to work on /home/airflow/.local/lib/python3.12/site-packages/airflow/example_dags/example_trigger_controller_dag.py
[2026-05-28T15:22:30.157+0000] {processor.py:914} INFO - Processing file /home/airflow/.local/lib/python3.12/site-packages/airflow/example_dags/example_trigger_controller_dag.py for tasks to queue
[2026-05-28T15:22:30.159+0000] {logging_mixin.py:190} INFO - [2026-05-28T15:22:30.158+0000] {dagbag.py:588} INFO - Filling up the DagBag from /home/airflow/.local/lib/python3.12/site-packages/airflow/example_dags/example_trigger_controller_dag.py
[2026-05-28T15:22:30.170+0000] {processor.py:925} INFO - DAG(s) 'example_trigger_controller_dag' retrieved from /home/airflow/.local/lib/python3.12/site-packages/airflow/example_dags/example_trigger_controller_dag.py
[2026-05-28T15:22:30.211+0000] {logging_mixin.py:190} INFO - [2026-05-28T15:22:30.211+0000] {dag.py:3239} INFO - Sync 1 DAGs
[2026-05-28T15:22:30.247+0000] {logging_mixin.py:190} INFO - [2026-05-28T15:22:30.247+0000] {dag.py:4180} INFO - Setting next_dagrun for example_trigger_controller_dag to 2021-01-01 00:00:00+00:00, run_after=2021-01-01 00:00:00+00:00
[2026-05-28T15:22:30.277+0000] {processor.py:208} INFO - Processing /home/airflow/.local/lib/python3.12/site-packages/airflow/example_dags/example_trigger_controller_dag.py took 0.130 seconds
[2026-05-28T15:23:04.492+0000] {processor.py:186} INFO - Started process (PID=10569) to work on /home/airflow/.local/lib/python3.12/site-packages/airflow/example_dags/example_trigger_controller_dag.py
[2026-05-28T15:23:04.493+0000] {processor.py:914} INFO - Processing file /home/airflow/.local/lib/python3.12/site-packages/airflow/example_dags/example_trigger_controller_dag.py for tasks to queue
[2026-05-28T15:23:04.496+0000] {logging_mixin.py:190} INFO - [2026-05-28T15:23:04.495+0000] {dagbag.py:588} INFO - Filling up the DagBag from /home/airflow/.local/lib/python3.12/site-packages/airflow/example_dags/example_trigger_controller_dag.py
[2026-05-28T15:23:04.510+0000] {processor.py:925} INFO - DAG(s) 'example_trigger_controller_dag' retrieved from /home/airflow/.local/lib/python3.12/site-packages/airflow/example_dags/example_trigger_controller_dag.py
[2026-05-28T15:23:04.554+0000] {logging_mixin.py:190} INFO - [2026-05-28T15:23:04.554+0000] {dag.py:3239} INFO - Sync 1 DAGs
[2026-05-28T15:23:04.592+0000] {logging_mixin.py:190} INFO - [2026-05-28T15:23:04.592+0000] {dag.py:4180} INFO - Setting next_dagrun for example_trigger_controller_dag to 2021-01-01 00:00:00+00:00, run_after=2021-01-01 00:00:00+00:00
[2026-05-28T15:23:04.628+0000] {processor.py:208} INFO - Processing /home/airflow/.local/lib/python3.12/site-packages/airflow/example_dags/example_trigger_controller_dag.py took 0.146 seconds
[2026-05-28T15:23:35.964+0000] {processor.py:186} INFO - Started process (PID=10632) to work on /home/airflow/.local/lib/python3.12/site-packages/airflow/example_dags/example_trigger_controller_dag.py
[2026-05-28T15:23:35.966+0000] {processor.py:914} INFO - Processing file /home/airflow/.local/lib/python3.12/site-packages/airflow/example_dags/example_trigger_controller_dag.py for tasks to queue
[2026-05-28T15:23:35.969+0000] {logging_mixin.py:190} INFO - [2026-05-28T15:23:35.968+0000] {dagbag.py:588} INFO - Filling up the DagBag from /home/airflow/.local/lib/python3.12/site-packages/airflow/example_dags/example_trigger_controller_dag.py
[2026-05-28T15:23:35.981+0000] {processor.py:925} INFO - DAG(s) 'example_trigger_controller_dag' retrieved from /home/airflow/.local/lib/python3.12/site-packages/airflow/example_dags/example_trigger_controller_dag.py
[2026-05-28T15:23:36.014+0000] {logging_mixin.py:190} INFO - [2026-05-28T15:23:36.014+0000] {dag.py:3239} INFO - Sync 1 DAGs
[2026-05-28T15:23:36.045+0000] {logging_mixin.py:190} INFO - [2026-05-28T15:23:36.044+0000] {dag.py:4180} INFO - Setting next_dagrun for example_trigger_controller_dag to 2021-01-01 00:00:00+00:00, run_after=2021-01-01 00:00:00+00:00
[2026-05-28T15:23:36.073+0000] {processor.py:208} INFO - Processing /home/airflow/.local/lib/python3.12/site-packages/airflow/example_dags/example_trigger_controller_dag.py took 0.118 seconds
[2026-05-28T15:24:06.291+0000] {processor.py:186} INFO - Started process (PID=10695) to work on /home/airflow/.local/lib/python3.12/site-packages/airflow/example_dags/example_trigger_controller_dag.py
[2026-05-28T15:24:06.293+0000] {processor.py:914} INFO - Processing file /home/airflow/.local/lib/python3.12/site-packages/airflow/example_dags/example_trigger_controller_dag.py for tasks to queue
[2026-05-28T15:24:06.296+0000] {logging_mixin.py:190} INFO - [2026-05-28T15:24:06.295+0000] {dagbag.py:588} INFO - Filling up the DagBag from /home/airflow/.local/lib/python3.12/site-packages/airflow/example_dags/example_trigger_controller_dag.py
[2026-05-28T15:24:06.308+0000] {processor.py:925} INFO - DAG(s) 'example_trigger_controller_dag' retrieved from /home/airflow/.local/lib/python3.12/site-packages/airflow/example_dags/example_trigger_controller_dag.py
[2026-05-28T15:24:06.347+0000] {logging_mixin.py:190} INFO - [2026-05-28T15:24:06.346+0000] {dag.py:3239} INFO - Sync 1 DAGs
[2026-05-28T15:24:06.382+0000] {logging_mixin.py:190} INFO - [2026-05-28T15:24:06.382+0000] {dag.py:4180} INFO - Setting next_dagrun for example_trigger_controller_dag to 2021-01-01 00:00:00+00:00, run_after=2021-01-01 00:00:00+00:00
[2026-05-28T15:24:06.428+0000] {processor.py:208} INFO - Processing /home/airflow/.local/lib/python3.12/site-packages/airflow/example_dags/example_trigger_controller_dag.py took 0.146 seconds
[2026-05-28T15:24:41.659+0000] {processor.py:186} INFO - Started process (PID=10758) to work on /home/airflow/.local/lib/python3.12/site-packages/airflow/example_dags/example_trigger_controller_dag.py
[2026-05-28T15:24:41.661+0000] {processor.py:914} INFO - Processing file /home/airflow/.local/lib/python3.12/site-packages/airflow/example_dags/example_trigger_controller_dag.py for tasks to queue
[2026-05-28T15:24:41.664+0000] {logging_mixin.py:190} INFO - [2026-05-28T15:24:41.664+0000] {dagbag.py:588} INFO - Filling up the DagBag from /home/airflow/.local/lib/python3.12/site-packages/airflow/example_dags/example_trigger_controller_dag.py
[2026-05-28T15:24:41.676+0000] {processor.py:925} INFO - DAG(s) 'example_trigger_controller_dag' retrieved from /home/airflow/.local/lib/python3.12/site-packages/airflow/example_dags/example_trigger_controller_dag.py
[2026-05-28T15:24:41.713+0000] {logging_mixin.py:190} INFO - [2026-05-28T15:24:41.713+0000] {dag.py:3239} INFO - Sync 1 DAGs
[2026-05-28T15:24:41.759+0000] {logging_mixin.py:190} INFO - [2026-05-28T15:24:41.758+0000] {dag.py:4180} INFO - Setting next_dagrun for example_trigger_controller_dag to 2021-01-01 00:00:00+00:00, run_after=2021-01-01 00:00:00+00:00
[2026-05-28T15:24:41.804+0000] {processor.py:208} INFO - Processing /home/airflow/.local/lib/python3.12/site-packages/airflow/example_dags/example_trigger_controller_dag.py took 0.152 seconds
[2026-05-28T15:25:17.635+0000] {processor.py:186} INFO - Started process (PID=10822) to work on /home/airflow/.local/lib/python3.12/site-packages/airflow/example_dags/example_trigger_controller_dag.py
[2026-05-28T15:25:17.637+0000] {processor.py:914} INFO - Processing file /home/airflow/.local/lib/python3.12/site-packages/airflow/example_dags/example_trigger_controller_dag.py for tasks to queue
[2026-05-28T15:25:17.641+0000] {logging_mixin.py:190} INFO - [2026-05-28T15:25:17.640+0000] {dagbag.py:588} INFO - Filling up the DagBag from /home/airflow/.local/lib/python3.12/site-packages/airflow/example_dags/example_trigger_controller_dag.py
[2026-05-28T15:25:17.657+0000] {processor.py:925} INFO - DAG(s) 'example_trigger_controller_dag' retrieved from /home/airflow/.local/lib/python3.12/site-packages/airflow/example_dags/example_trigger_controller_dag.py
[2026-05-28T15:25:17.713+0000] {logging_mixin.py:190} INFO - [2026-05-28T15:25:17.712+0000] {dag.py:3239} INFO - Sync 1 DAGs
[2026-05-28T15:25:17.762+0000] {logging_mixin.py:190} INFO - [2026-05-28T15:25:17.762+0000] {dag.py:4180} INFO - Setting next_dagrun for example_trigger_controller_dag to 2021-01-01 00:00:00+00:00, run_after=2021-01-01 00:00:00+00:00
[2026-05-28T15:25:17.796+0000] {processor.py:208} INFO - Processing /home/airflow/.local/lib/python3.12/site-packages/airflow/example_dags/example_trigger_controller_dag.py took 0.172 seconds
[2026-05-28T15:25:56.681+0000] {processor.py:186} INFO - Started process (PID=10887) to work on /home/airflow/.local/lib/python3.12/site-packages/airflow/example_dags/example_trigger_controller_dag.py
[2026-05-28T15:25:56.683+0000] {processor.py:914} INFO - Processing file /home/airflow/.local/lib/python3.12/site-packages/airflow/example_dags/example_trigger_controller_dag.py for tasks to queue
[2026-05-28T15:25:56.686+0000] {logging_mixin.py:190} INFO - [2026-05-28T15:25:56.686+0000] {dagbag.py:588} INFO - Filling up the DagBag from /home/airflow/.local/lib/python3.12/site-packages/airflow/example_dags/example_trigger_controller_dag.py
[2026-05-28T15:25:56.698+0000] {processor.py:925} INFO - DAG(s) 'example_trigger_controller_dag' retrieved from /home/airflow/.local/lib/python3.12/site-packages/airflow/example_dags/example_trigger_controller_dag.py
[2026-05-28T15:25:56.742+0000] {logging_mixin.py:190} INFO - [2026-05-28T15:25:56.741+0000] {dag.py:3239} INFO - Sync 1 DAGs
[2026-05-28T15:25:56.778+0000] {logging_mixin.py:190} INFO - [2026-05-28T15:25:56.778+0000] {dag.py:4180} INFO - Setting next_dagrun for example_trigger_controller_dag to 2021-01-01 00:00:00+00:00, run_after=2021-01-01 00:00:00+00:00
[2026-05-28T15:25:56.831+0000] {processor.py:208} INFO - Processing /home/airflow/.local/lib/python3.12/site-packages/airflow/example_dags/example_trigger_controller_dag.py took 0.163 seconds
[2026-05-28T15:26:26.955+0000] {processor.py:186} INFO - Started process (PID=10950) to work on /home/airflow/.local/lib/python3.12/site-packages/airflow/example_dags/example_trigger_controller_dag.py
[2026-05-28T15:26:26.956+0000] {processor.py:914} INFO - Processing file /home/airflow/.local/lib/python3.12/site-packages/airflow/example_dags/example_trigger_controller_dag.py for tasks to queue
[2026-05-28T15:26:26.958+0000] {logging_mixin.py:190} INFO - [2026-05-28T15:26:26.958+0000] {dagbag.py:588} INFO - Filling up the DagBag from /home/airflow/.local/lib/python3.12/site-packages/airflow/example_dags/example_trigger_controller_dag.py
[2026-05-28T15:26:26.968+0000] {processor.py:925} INFO - DAG(s) 'example_trigger_controller_dag' retrieved from /home/airflow/.local/lib/python3.12/site-packages/airflow/example_dags/example_trigger_controller_dag.py
[2026-05-28T15:26:27.003+0000] {logging_mixin.py:190} INFO - [2026-05-28T15:26:27.002+0000] {dag.py:3239} INFO - Sync 1 DAGs
[2026-05-28T15:26:27.035+0000] {logging_mixin.py:190} INFO - [2026-05-28T15:26:27.035+0000] {dag.py:4180} INFO - Setting next_dagrun for example_trigger_controller_dag to 2021-01-01 00:00:00+00:00, run_after=2021-01-01 00:00:00+00:00
[2026-05-28T15:26:27.075+0000] {processor.py:208} INFO - Processing /home/airflow/.local/lib/python3.12/site-packages/airflow/example_dags/example_trigger_controller_dag.py took 0.127 seconds
[2026-05-28T15:26:58.588+0000] {processor.py:186} INFO - Started process (PID=11013) to work on /home/airflow/.local/lib/python3.12/site-packages/airflow/example_dags/example_trigger_controller_dag.py
[2026-05-28T15:26:58.590+0000] {processor.py:914} INFO - Processing file /home/airflow/.local/lib/python3.12/site-packages/airflow/example_dags/example_trigger_controller_dag.py for tasks to queue
[2026-05-28T15:26:58.592+0000] {logging_mixin.py:190} INFO - [2026-05-28T15:26:58.592+0000] {dagbag.py:588} INFO - Filling up the DagBag from /home/airflow/.local/lib/python3.12/site-packages/airflow/example_dags/example_trigger_controller_dag.py
[2026-05-28T15:26:58.605+0000] {processor.py:925} INFO - DAG(s) 'example_trigger_controller_dag' retrieved from /home/airflow/.local/lib/python3.12/site-packages/airflow/example_dags/example_trigger_controller_dag.py
[2026-05-28T15:26:58.643+0000] {logging_mixin.py:190} INFO - [2026-05-28T15:26:58.643+0000] {dag.py:3239} INFO - Sync 1 DAGs
[2026-05-28T15:26:58.681+0000] {logging_mixin.py:190} INFO - [2026-05-28T15:26:58.680+0000] {dag.py:4180} INFO - Setting next_dagrun for example_trigger_controller_dag to 2021-01-01 00:00:00+00:00, run_after=2021-01-01 00:00:00+00:00
[2026-05-28T15:26:58.715+0000] {processor.py:208} INFO - Processing /home/airflow/.local/lib/python3.12/site-packages/airflow/example_dags/example_trigger_controller_dag.py took 0.137 seconds
[2026-05-28T15:27:29.408+0000] {processor.py:186} INFO - Started process (PID=11082) to work on /home/airflow/.local/lib/python3.12/site-packages/airflow/example_dags/example_trigger_controller_dag.py
[2026-05-28T15:27:29.411+0000] {processor.py:914} INFO - Processing file /home/airflow/.local/lib/python3.12/site-packages/airflow/example_dags/example_trigger_controller_dag.py for tasks to queue
[2026-05-28T15:27:29.414+0000] {logging_mixin.py:190} INFO - [2026-05-28T15:27:29.413+0000] {dagbag.py:588} INFO - Filling up the DagBag from /home/airflow/.local/lib/python3.12/site-packages/airflow/example_dags/example_trigger_controller_dag.py
[2026-05-28T15:27:29.427+0000] {processor.py:925} INFO - DAG(s) 'example_trigger_controller_dag' retrieved from /home/airflow/.local/lib/python3.12/site-packages/airflow/example_dags/example_trigger_controller_dag.py
[2026-05-28T15:27:29.477+0000] {logging_mixin.py:190} INFO - [2026-05-28T15:27:29.476+0000] {dag.py:3239} INFO - Sync 1 DAGs
[2026-05-28T15:27:29.509+0000] {logging_mixin.py:190} INFO - [2026-05-28T15:27:29.508+0000] {dag.py:4180} INFO - Setting next_dagrun for example_trigger_controller_dag to 2021-01-01 00:00:00+00:00, run_after=2021-01-01 00:00:00+00:00
[2026-05-28T15:27:29.539+0000] {processor.py:208} INFO - Processing /home/airflow/.local/lib/python3.12/site-packages/airflow/example_dags/example_trigger_controller_dag.py took 0.139 seconds
[2026-05-28T15:28:00.087+0000] {processor.py:186} INFO - Started process (PID=11145) to work on /home/airflow/.local/lib/python3.12/site-packages/airflow/example_dags/example_trigger_controller_dag.py
[2026-05-28T15:28:00.089+0000] {processor.py:914} INFO - Processing file /home/airflow/.local/lib/python3.12/site-packages/airflow/example_dags/example_trigger_controller_dag.py for tasks to queue
[2026-05-28T15:28:00.091+0000] {logging_mixin.py:190} INFO - [2026-05-28T15:28:00.091+0000] {dagbag.py:588} INFO - Filling up the DagBag from /home/airflow/.local/lib/python3.12/site-packages/airflow/example_dags/example_trigger_controller_dag.py
[2026-05-28T15:28:00.102+0000] {processor.py:925} INFO - DAG(s) 'example_trigger_controller_dag' retrieved from /home/airflow/.local/lib/python3.12/site-packages/airflow/example_dags/example_trigger_controller_dag.py
[2026-05-28T15:28:00.141+0000] {logging_mixin.py:190} INFO - [2026-05-28T15:28:00.140+0000] {dag.py:3239} INFO - Sync 1 DAGs
[2026-05-28T15:28:00.173+0000] {logging_mixin.py:190} INFO - [2026-05-28T15:28:00.172+0000] {dag.py:4180} INFO - Setting next_dagrun for example_trigger_controller_dag to 2021-01-01 00:00:00+00:00, run_after=2021-01-01 00:00:00+00:00
[2026-05-28T15:28:00.204+0000] {processor.py:208} INFO - Processing /home/airflow/.local/lib/python3.12/site-packages/airflow/example_dags/example_trigger_controller_dag.py took 0.126 seconds
[2026-05-28T15:28:37.372+0000] {processor.py:186} INFO - Started process (PID=11210) to work on /home/airflow/.local/lib/python3.12/site-packages/airflow/example_dags/example_trigger_controller_dag.py
[2026-05-28T15:28:37.374+0000] {processor.py:914} INFO - Processing file /home/airflow/.local/lib/python3.12/site-packages/airflow/example_dags/example_trigger_controller_dag.py for tasks to queue
[2026-05-28T15:28:37.377+0000] {logging_mixin.py:190} INFO - [2026-05-28T15:28:37.376+0000] {dagbag.py:588} INFO - Filling up the DagBag from /home/airflow/.local/lib/python3.12/site-packages/airflow/example_dags/example_trigger_controller_dag.py
[2026-05-28T15:28:37.387+0000] {processor.py:925} INFO - DAG(s) 'example_trigger_controller_dag' retrieved from /home/airflow/.local/lib/python3.12/site-packages/airflow/example_dags/example_trigger_controller_dag.py
[2026-05-28T15:28:37.422+0000] {logging_mixin.py:190} INFO - [2026-05-28T15:28:37.422+0000] {dag.py:3239} INFO - Sync 1 DAGs
[2026-05-28T15:28:37.454+0000] {logging_mixin.py:190} INFO - [2026-05-28T15:28:37.453+0000] {dag.py:4180} INFO - Setting next_dagrun for example_trigger_controller_dag to 2021-01-01 00:00:00+00:00, run_after=2021-01-01 00:00:00+00:00
[2026-05-28T15:28:37.492+0000] {processor.py:208} INFO - Processing /home/airflow/.local/lib/python3.12/site-packages/airflow/example_dags/example_trigger_controller_dag.py took 0.128 seconds
[2026-05-28T15:29:17.267+0000] {processor.py:186} INFO - Started process (PID=11282) to work on /home/airflow/.local/lib/python3.12/site-packages/airflow/example_dags/example_trigger_controller_dag.py
[2026-05-28T15:29:17.269+0000] {processor.py:914} INFO - Processing file /home/airflow/.local/lib/python3.12/site-packages/airflow/example_dags/example_trigger_controller_dag.py for tasks to queue
[2026-05-28T15:29:17.272+0000] {logging_mixin.py:190} INFO - [2026-05-28T15:29:17.271+0000] {dagbag.py:588} INFO - Filling up the DagBag from /home/airflow/.local/lib/python3.12/site-packages/airflow/example_dags/example_trigger_controller_dag.py
[2026-05-28T15:29:17.286+0000] {processor.py:925} INFO - DAG(s) 'example_trigger_controller_dag' retrieved from /home/airflow/.local/lib/python3.12/site-packages/airflow/example_dags/example_trigger_controller_dag.py
[2026-05-28T15:29:17.324+0000] {logging_mixin.py:190} INFO - [2026-05-28T15:29:17.324+0000] {dag.py:3239} INFO - Sync 1 DAGs
[2026-05-28T15:29:17.357+0000] {logging_mixin.py:190} INFO - [2026-05-28T15:29:17.357+0000] {dag.py:4180} INFO - Setting next_dagrun for example_trigger_controller_dag to 2021-01-01 00:00:00+00:00, run_after=2021-01-01 00:00:00+00:00
[2026-05-28T15:29:17.390+0000] {processor.py:208} INFO - Processing /home/airflow/.local/lib/python3.12/site-packages/airflow/example_dags/example_trigger_controller_dag.py took 0.131 seconds
[2026-05-28T15:29:57.214+0000] {processor.py:186} INFO - Started process (PID=11353) to work on /home/airflow/.local/lib/python3.12/site-packages/airflow/example_dags/example_trigger_controller_dag.py
[2026-05-28T15:29:57.217+0000] {processor.py:914} INFO - Processing file /home/airflow/.local/lib/python3.12/site-packages/airflow/example_dags/example_trigger_controller_dag.py for tasks to queue
[2026-05-28T15:29:57.220+0000] {logging_mixin.py:190} INFO - [2026-05-28T15:29:57.219+0000] {dagbag.py:588} INFO - Filling up the DagBag from /home/airflow/.local/lib/python3.12/site-packages/airflow/example_dags/example_trigger_controller_dag.py
[2026-05-28T15:29:57.233+0000] {processor.py:925} INFO - DAG(s) 'example_trigger_controller_dag' retrieved from /home/airflow/.local/lib/python3.12/site-packages/airflow/example_dags/example_trigger_controller_dag.py
[2026-05-28T15:29:57.271+0000] {logging_mixin.py:190} INFO - [2026-05-28T15:29:57.270+0000] {dag.py:3239} INFO - Sync 1 DAGs
[2026-05-28T15:29:57.302+0000] {logging_mixin.py:190} INFO - [2026-05-28T15:29:57.302+0000] {dag.py:4180} INFO - Setting next_dagrun for example_trigger_controller_dag to 2021-01-01 00:00:00+00:00, run_after=2021-01-01 00:00:00+00:00
[2026-05-28T15:29:57.337+0000] {processor.py:208} INFO - Processing /home/airflow/.local/lib/python3.12/site-packages/airflow/example_dags/example_trigger_controller_dag.py took 0.131 seconds
[2026-05-28T15:30:34.181+0000] {processor.py:186} INFO - Started process (PID=11423) to work on /home/airflow/.local/lib/python3.12/site-packages/airflow/example_dags/example_trigger_controller_dag.py
[2026-05-28T15:30:34.186+0000] {processor.py:914} INFO - Processing file /home/airflow/.local/lib/python3.12/site-packages/airflow/example_dags/example_trigger_controller_dag.py for tasks to queue
[2026-05-28T15:30:34.189+0000] {logging_mixin.py:190} INFO - [2026-05-28T15:30:34.188+0000] {dagbag.py:588} INFO - Filling up the DagBag from /home/airflow/.local/lib/python3.12/site-packages/airflow/example_dags/example_trigger_controller_dag.py
[2026-05-28T15:30:34.199+0000] {processor.py:925} INFO - DAG(s) 'example_trigger_controller_dag' retrieved from /home/airflow/.local/lib/python3.12/site-packages/airflow/example_dags/example_trigger_controller_dag.py
[2026-05-28T15:30:34.236+0000] {logging_mixin.py:190} INFO - [2026-05-28T15:30:34.236+0000] {dag.py:3239} INFO - Sync 1 DAGs
[2026-05-28T15:30:34.272+0000] {logging_mixin.py:190} INFO - [2026-05-28T15:30:34.272+0000] {dag.py:4180} INFO - Setting next_dagrun for example_trigger_controller_dag to 2021-01-01 00:00:00+00:00, run_after=2021-01-01 00:00:00+00:00
[2026-05-28T15:30:34.305+0000] {processor.py:208} INFO - Processing /home/airflow/.local/lib/python3.12/site-packages/airflow/example_dags/example_trigger_controller_dag.py took 0.134 seconds
[2026-05-28T15:31:07.044+0000] {processor.py:186} INFO - Started process (PID=11491) to work on /home/airflow/.local/lib/python3.12/site-packages/airflow/example_dags/example_trigger_controller_dag.py
[2026-05-28T15:31:07.046+0000] {processor.py:914} INFO - Processing file /home/airflow/.local/lib/python3.12/site-packages/airflow/example_dags/example_trigger_controller_dag.py for tasks to queue
[2026-05-28T15:31:07.048+0000] {logging_mixin.py:190} INFO - [2026-05-28T15:31:07.047+0000] {dagbag.py:588} INFO - Filling up the DagBag from /home/airflow/.local/lib/python3.12/site-packages/airflow/example_dags/example_trigger_controller_dag.py
[2026-05-28T15:31:07.061+0000] {processor.py:925} INFO - DAG(s) 'example_trigger_controller_dag' retrieved from /home/airflow/.local/lib/python3.12/site-packages/airflow/example_dags/example_trigger_controller_dag.py
[2026-05-28T15:31:07.103+0000] {logging_mixin.py:190} INFO - [2026-05-28T15:31:07.102+0000] {dag.py:3239} INFO - Sync 1 DAGs
[2026-05-28T15:31:07.143+0000] {logging_mixin.py:190} INFO - [2026-05-28T15:31:07.143+0000] {dag.py:4180} INFO - Setting next_dagrun for example_trigger_controller_dag to 2021-01-01 00:00:00+00:00, run_after=2021-01-01 00:00:00+00:00
[2026-05-28T15:31:07.182+0000] {processor.py:208} INFO - Processing /home/airflow/.local/lib/python3.12/site-packages/airflow/example_dags/example_trigger_controller_dag.py took 0.147 seconds
[2026-05-28T15:31:39.018+0000] {processor.py:186} INFO - Started process (PID=11554) to work on /home/airflow/.local/lib/python3.12/site-packages/airflow/example_dags/example_trigger_controller_dag.py
[2026-05-28T15:31:39.020+0000] {processor.py:914} INFO - Processing file /home/airflow/.local/lib/python3.12/site-packages/airflow/example_dags/example_trigger_controller_dag.py for tasks to queue
[2026-05-28T15:31:39.022+0000] {logging_mixin.py:190} INFO - [2026-05-28T15:31:39.021+0000] {dagbag.py:588} INFO - Filling up the DagBag from /home/airflow/.local/lib/python3.12/site-packages/airflow/example_dags/example_trigger_controller_dag.py
[2026-05-28T15:31:39.033+0000] {processor.py:925} INFO - DAG(s) 'example_trigger_controller_dag' retrieved from /home/airflow/.local/lib/python3.12/site-packages/airflow/example_dags/example_trigger_controller_dag.py
[2026-05-28T15:31:39.069+0000] {logging_mixin.py:190} INFO - [2026-05-28T15:31:39.069+0000] {dag.py:3239} INFO - Sync 1 DAGs
[2026-05-28T15:31:39.102+0000] {logging_mixin.py:190} INFO - [2026-05-28T15:31:39.101+0000] {dag.py:4180} INFO - Setting next_dagrun for example_trigger_controller_dag to 2021-01-01 00:00:00+00:00, run_after=2021-01-01 00:00:00+00:00
[2026-05-28T15:31:39.141+0000] {processor.py:208} INFO - Processing /home/airflow/.local/lib/python3.12/site-packages/airflow/example_dags/example_trigger_controller_dag.py took 0.135 seconds
[2026-05-28T15:32:09.982+0000] {processor.py:186} INFO - Started process (PID=11618) to work on /home/airflow/.local/lib/python3.12/site-packages/airflow/example_dags/example_trigger_controller_dag.py
[2026-05-28T15:32:09.984+0000] {processor.py:914} INFO - Processing file /home/airflow/.local/lib/python3.12/site-packages/airflow/example_dags/example_trigger_controller_dag.py for tasks to queue
[2026-05-28T15:32:09.987+0000] {logging_mixin.py:190} INFO - [2026-05-28T15:32:09.986+0000] {dagbag.py:588} INFO - Filling up the DagBag from /home/airflow/.local/lib/python3.12/site-packages/airflow/example_dags/example_trigger_controller_dag.py
[2026-05-28T15:32:10.002+0000] {processor.py:925} INFO - DAG(s) 'example_trigger_controller_dag' retrieved from /home/airflow/.local/lib/python3.12/site-packages/airflow/example_dags/example_trigger_controller_dag.py
[2026-05-28T15:32:10.048+0000] {logging_mixin.py:190} INFO - [2026-05-28T15:32:10.048+0000] {dag.py:3239} INFO - Sync 1 DAGs
[2026-05-28T15:32:10.093+0000] {logging_mixin.py:190} INFO - [2026-05-28T15:32:10.092+0000] {dag.py:4180} INFO - Setting next_dagrun for example_trigger_controller_dag to 2021-01-01 00:00:00+00:00, run_after=2021-01-01 00:00:00+00:00
[2026-05-28T15:32:10.128+0000] {processor.py:208} INFO - Processing /home/airflow/.local/lib/python3.12/site-packages/airflow/example_dags/example_trigger_controller_dag.py took 0.156 seconds
[2026-05-28T15:32:40.667+0000] {processor.py:186} INFO - Started process (PID=11682) to work on /home/airflow/.local/lib/python3.12/site-packages/airflow/example_dags/example_trigger_controller_dag.py
[2026-05-28T15:32:40.669+0000] {processor.py:914} INFO - Processing file /home/airflow/.local/lib/python3.12/site-packages/airflow/example_dags/example_trigger_controller_dag.py for tasks to queue
[2026-05-28T15:32:40.671+0000] {logging_mixin.py:190} INFO - [2026-05-28T15:32:40.671+0000] {dagbag.py:588} INFO - Filling up the DagBag from /home/airflow/.local/lib/python3.12/site-packages/airflow/example_dags/example_trigger_controller_dag.py
[2026-05-28T15:32:40.681+0000] {processor.py:925} INFO - DAG(s) 'example_trigger_controller_dag' retrieved from /home/airflow/.local/lib/python3.12/site-packages/airflow/example_dags/example_trigger_controller_dag.py
[2026-05-28T15:32:40.716+0000] {logging_mixin.py:190} INFO - [2026-05-28T15:32:40.715+0000] {dag.py:3239} INFO - Sync 1 DAGs
[2026-05-28T15:32:40.749+0000] {logging_mixin.py:190} INFO - [2026-05-28T15:32:40.749+0000] {dag.py:4180} INFO - Setting next_dagrun for example_trigger_controller_dag to 2021-01-01 00:00:00+00:00, run_after=2021-01-01 00:00:00+00:00
[2026-05-28T15:32:40.779+0000] {processor.py:208} INFO - Processing /home/airflow/.local/lib/python3.12/site-packages/airflow/example_dags/example_trigger_controller_dag.py took 0.120 seconds
[2026-05-28T15:33:20.024+0000] {processor.py:186} INFO - Started process (PID=11754) to work on /home/airflow/.local/lib/python3.12/site-packages/airflow/example_dags/example_trigger_controller_dag.py
[2026-05-28T15:33:20.027+0000] {processor.py:914} INFO - Processing file /home/airflow/.local/lib/python3.12/site-packages/airflow/example_dags/example_trigger_controller_dag.py for tasks to queue
[2026-05-28T15:33:20.030+0000] {logging_mixin.py:190} INFO - [2026-05-28T15:33:20.029+0000] {dagbag.py:588} INFO - Filling up the DagBag from /home/airflow/.local/lib/python3.12/site-packages/airflow/example_dags/example_trigger_controller_dag.py
[2026-05-28T15:33:20.041+0000] {processor.py:925} INFO - DAG(s) 'example_trigger_controller_dag' retrieved from /home/airflow/.local/lib/python3.12/site-packages/airflow/example_dags/example_trigger_controller_dag.py
[2026-05-28T15:33:20.085+0000] {logging_mixin.py:190} INFO - [2026-05-28T15:33:20.084+0000] {dag.py:3239} INFO - Sync 1 DAGs
[2026-05-28T15:33:20.133+0000] {logging_mixin.py:190} INFO - [2026-05-28T15:33:20.132+0000] {dag.py:4180} INFO - Setting next_dagrun for example_trigger_controller_dag to 2021-01-01 00:00:00+00:00, run_after=2021-01-01 00:00:00+00:00
[2026-05-28T15:33:20.160+0000] {processor.py:208} INFO - Processing /home/airflow/.local/lib/python3.12/site-packages/airflow/example_dags/example_trigger_controller_dag.py took 0.146 seconds
[2026-05-28T15:33:58.104+0000] {processor.py:186} INFO - Started process (PID=11818) to work on /home/airflow/.local/lib/python3.12/site-packages/airflow/example_dags/example_trigger_controller_dag.py
[2026-05-28T15:33:58.106+0000] {processor.py:914} INFO - Processing file /home/airflow/.local/lib/python3.12/site-packages/airflow/example_dags/example_trigger_controller_dag.py for tasks to queue
[2026-05-28T15:33:58.108+0000] {logging_mixin.py:190} INFO - [2026-05-28T15:33:58.107+0000] {dagbag.py:588} INFO - Filling up the DagBag from /home/airflow/.local/lib/python3.12/site-packages/airflow/example_dags/example_trigger_controller_dag.py
[2026-05-28T15:33:58.117+0000] {processor.py:925} INFO - DAG(s) 'example_trigger_controller_dag' retrieved from /home/airflow/.local/lib/python3.12/site-packages/airflow/example_dags/example_trigger_controller_dag.py
[2026-05-28T15:33:58.149+0000] {logging_mixin.py:190} INFO - [2026-05-28T15:33:58.149+0000] {dag.py:3239} INFO - Sync 1 DAGs
[2026-05-28T15:33:58.183+0000] {logging_mixin.py:190} INFO - [2026-05-28T15:33:58.182+0000] {dag.py:4180} INFO - Setting next_dagrun for example_trigger_controller_dag to 2021-01-01 00:00:00+00:00, run_after=2021-01-01 00:00:00+00:00
[2026-05-28T15:33:58.225+0000] {processor.py:208} INFO - Processing /home/airflow/.local/lib/python3.12/site-packages/airflow/example_dags/example_trigger_controller_dag.py took 0.129 seconds
[2026-05-28T15:34:32.189+0000] {processor.py:186} INFO - Started process (PID=11891) to work on /home/airflow/.local/lib/python3.12/site-packages/airflow/example_dags/example_trigger_controller_dag.py
[2026-05-28T15:34:32.192+0000] {processor.py:914} INFO - Processing file /home/airflow/.local/lib/python3.12/site-packages/airflow/example_dags/example_trigger_controller_dag.py for tasks to queue
[2026-05-28T15:34:32.196+0000] {logging_mixin.py:190} INFO - [2026-05-28T15:34:32.195+0000] {dagbag.py:588} INFO - Filling up the DagBag from /home/airflow/.local/lib/python3.12/site-packages/airflow/example_dags/example_trigger_controller_dag.py
[2026-05-28T15:34:32.213+0000] {processor.py:925} INFO - DAG(s) 'example_trigger_controller_dag' retrieved from /home/airflow/.local/lib/python3.12/site-packages/airflow/example_dags/example_trigger_controller_dag.py
[2026-05-28T15:34:32.278+0000] {logging_mixin.py:190} INFO - [2026-05-28T15:34:32.276+0000] {dag.py:3239} INFO - Sync 1 DAGs
[2026-05-28T15:34:32.707+0000] {logging_mixin.py:190} INFO - [2026-05-28T15:34:32.706+0000] {dag.py:4180} INFO - Setting next_dagrun for example_trigger_controller_dag to 2021-01-01 00:00:00+00:00, run_after=2021-01-01 00:00:00+00:00
[2026-05-28T15:34:32.732+0000] {processor.py:208} INFO - Processing /home/airflow/.local/lib/python3.12/site-packages/airflow/example_dags/example_trigger_controller_dag.py took 0.557 seconds
[2026-05-28T15:35:04.391+0000] {processor.py:186} INFO - Started process (PID=11954) to work on /home/airflow/.local/lib/python3.12/site-packages/airflow/example_dags/example_trigger_controller_dag.py
[2026-05-28T15:35:04.393+0000] {processor.py:914} INFO - Processing file /home/airflow/.local/lib/python3.12/site-packages/airflow/example_dags/example_trigger_controller_dag.py for tasks to queue
[2026-05-28T15:35:04.395+0000] {logging_mixin.py:190} INFO - [2026-05-28T15:35:04.395+0000] {dagbag.py:588} INFO - Filling up the DagBag from /home/airflow/.local/lib/python3.12/site-packages/airflow/example_dags/example_trigger_controller_dag.py
[2026-05-28T15:35:04.406+0000] {processor.py:925} INFO - DAG(s) 'example_trigger_controller_dag' retrieved from /home/airflow/.local/lib/python3.12/site-packages/airflow/example_dags/example_trigger_controller_dag.py
[2026-05-28T15:35:04.438+0000] {logging_mixin.py:190} INFO - [2026-05-28T15:35:04.438+0000] {dag.py:3239} INFO - Sync 1 DAGs
[2026-05-28T15:35:04.474+0000] {logging_mixin.py:190} INFO - [2026-05-28T15:35:04.474+0000] {dag.py:4180} INFO - Setting next_dagrun for example_trigger_controller_dag to 2021-01-01 00:00:00+00:00, run_after=2021-01-01 00:00:00+00:00
[2026-05-28T15:35:04.776+0000] {processor.py:208} INFO - Processing /home/airflow/.local/lib/python3.12/site-packages/airflow/example_dags/example_trigger_controller_dag.py took 0.392 seconds
[2026-05-28T15:35:38.906+0000] {processor.py:186} INFO - Started process (PID=12017) to work on /home/airflow/.local/lib/python3.12/site-packages/airflow/example_dags/example_trigger_controller_dag.py
[2026-05-28T15:35:38.907+0000] {processor.py:914} INFO - Processing file /home/airflow/.local/lib/python3.12/site-packages/airflow/example_dags/example_trigger_controller_dag.py for tasks to queue
[2026-05-28T15:35:38.909+0000] {logging_mixin.py:190} INFO - [2026-05-28T15:35:38.909+0000] {dagbag.py:588} INFO - Filling up the DagBag from /home/airflow/.local/lib/python3.12/site-packages/airflow/example_dags/example_trigger_controller_dag.py
[2026-05-28T15:35:38.918+0000] {processor.py:925} INFO - DAG(s) 'example_trigger_controller_dag' retrieved from /home/airflow/.local/lib/python3.12/site-packages/airflow/example_dags/example_trigger_controller_dag.py
[2026-05-28T15:35:38.949+0000] {logging_mixin.py:190} INFO - [2026-05-28T15:35:38.948+0000] {dag.py:3239} INFO - Sync 1 DAGs
[2026-05-28T15:35:38.984+0000] {logging_mixin.py:190} INFO - [2026-05-28T15:35:38.983+0000] {dag.py:4180} INFO - Setting next_dagrun for example_trigger_controller_dag to 2021-01-01 00:00:00+00:00, run_after=2021-01-01 00:00:00+00:00
[2026-05-28T15:35:39.025+0000] {processor.py:208} INFO - Processing /home/airflow/.local/lib/python3.12/site-packages/airflow/example_dags/example_trigger_controller_dag.py took 0.126 seconds
[2026-05-28T15:36:10.745+0000] {processor.py:186} INFO - Started process (PID=12081) to work on /home/airflow/.local/lib/python3.12/site-packages/airflow/example_dags/example_trigger_controller_dag.py
[2026-05-28T15:36:10.747+0000] {processor.py:914} INFO - Processing file /home/airflow/.local/lib/python3.12/site-packages/airflow/example_dags/example_trigger_controller_dag.py for tasks to queue
[2026-05-28T15:36:10.750+0000] {logging_mixin.py:190} INFO - [2026-05-28T15:36:10.750+0000] {dagbag.py:588} INFO - Filling up the DagBag from /home/airflow/.local/lib/python3.12/site-packages/airflow/example_dags/example_trigger_controller_dag.py
[2026-05-28T15:36:10.761+0000] {processor.py:925} INFO - DAG(s) 'example_trigger_controller_dag' retrieved from /home/airflow/.local/lib/python3.12/site-packages/airflow/example_dags/example_trigger_controller_dag.py
[2026-05-28T15:36:10.800+0000] {logging_mixin.py:190} INFO - [2026-05-28T15:36:10.800+0000] {dag.py:3239} INFO - Sync 1 DAGs
[2026-05-28T15:36:10.838+0000] {logging_mixin.py:190} INFO - [2026-05-28T15:36:10.838+0000] {dag.py:4180} INFO - Setting next_dagrun for example_trigger_controller_dag to 2021-01-01 00:00:00+00:00, run_after=2021-01-01 00:00:00+00:00
[2026-05-28T15:36:10.868+0000] {processor.py:208} INFO - Processing /home/airflow/.local/lib/python3.12/site-packages/airflow/example_dags/example_trigger_controller_dag.py took 0.130 seconds
[2026-05-28T15:36:41.588+0000] {processor.py:186} INFO - Started process (PID=12144) to work on /home/airflow/.local/lib/python3.12/site-packages/airflow/example_dags/example_trigger_controller_dag.py
[2026-05-28T15:36:41.589+0000] {processor.py:914} INFO - Processing file /home/airflow/.local/lib/python3.12/site-packages/airflow/example_dags/example_trigger_controller_dag.py for tasks to queue
[2026-05-28T15:36:41.592+0000] {logging_mixin.py:190} INFO - [2026-05-28T15:36:41.591+0000] {dagbag.py:588} INFO - Filling up the DagBag from /home/airflow/.local/lib/python3.12/site-packages/airflow/example_dags/example_trigger_controller_dag.py
[2026-05-28T15:36:41.603+0000] {processor.py:925} INFO - DAG(s) 'example_trigger_controller_dag' retrieved from /home/airflow/.local/lib/python3.12/site-packages/airflow/example_dags/example_trigger_controller_dag.py
[2026-05-28T15:36:41.641+0000] {logging_mixin.py:190} INFO - [2026-05-28T15:36:41.641+0000] {dag.py:3239} INFO - Sync 1 DAGs
[2026-05-28T15:36:41.679+0000] {logging_mixin.py:190} INFO - [2026-05-28T15:36:41.679+0000] {dag.py:4180} INFO - Setting next_dagrun for example_trigger_controller_dag to 2021-01-01 00:00:00+00:00, run_after=2021-01-01 00:00:00+00:00
[2026-05-28T15:36:41.738+0000] {processor.py:208} INFO - Processing /home/airflow/.local/lib/python3.12/site-packages/airflow/example_dags/example_trigger_controller_dag.py took 0.158 seconds
[2026-05-28T15:37:17.603+0000] {processor.py:186} INFO - Started process (PID=12202) to work on /home/airflow/.local/lib/python3.12/site-packages/airflow/example_dags/example_trigger_controller_dag.py
[2026-05-28T15:37:17.605+0000] {processor.py:914} INFO - Processing file /home/airflow/.local/lib/python3.12/site-packages/airflow/example_dags/example_trigger_controller_dag.py for tasks to queue
[2026-05-28T15:37:17.607+0000] {logging_mixin.py:190} INFO - [2026-05-28T15:37:17.607+0000] {dagbag.py:588} INFO - Filling up the DagBag from /home/airflow/.local/lib/python3.12/site-packages/airflow/example_dags/example_trigger_controller_dag.py
[2026-05-28T15:37:17.619+0000] {processor.py:925} INFO - DAG(s) 'example_trigger_controller_dag' retrieved from /home/airflow/.local/lib/python3.12/site-packages/airflow/example_dags/example_trigger_controller_dag.py
[2026-05-28T15:37:17.659+0000] {logging_mixin.py:190} INFO - [2026-05-28T15:37:17.658+0000] {dag.py:3239} INFO - Sync 1 DAGs
[2026-05-28T15:37:17.707+0000] {logging_mixin.py:190} INFO - [2026-05-28T15:37:17.706+0000] {dag.py:4180} INFO - Setting next_dagrun for example_trigger_controller_dag to 2021-01-01 00:00:00+00:00, run_after=2021-01-01 00:00:00+00:00
[2026-05-28T15:37:17.749+0000] {processor.py:208} INFO - Processing /home/airflow/.local/lib/python3.12/site-packages/airflow/example_dags/example_trigger_controller_dag.py took 0.155 seconds
