[2026-05-28T06:10:02.922+0000] {processor.py:161} INFO - Started process (PID=91) to work on /home/airflow/.local/lib/python3.12/site-packages/airflow/example_dags/example_branch_operator.py
[2026-05-28T06:10:02.924+0000] {processor.py:830} INFO - Processing file /home/airflow/.local/lib/python3.12/site-packages/airflow/example_dags/example_branch_operator.py for tasks to queue
[2026-05-28T06:10:02.928+0000] {logging_mixin.py:188} INFO - [2026-05-28T06:10:02.927+0000] {dagbag.py:545} INFO - Filling up the DagBag from /home/airflow/.local/lib/python3.12/site-packages/airflow/example_dags/example_branch_operator.py
[2026-05-28T06:10:02.967+0000] {processor.py:840} INFO - DAG(s) 'example_branch_operator' retrieved from /home/airflow/.local/lib/python3.12/site-packages/airflow/example_dags/example_branch_operator.py
[2026-05-28T06:10:03.193+0000] {logging_mixin.py:188} INFO - [2026-05-28T06:10:03.192+0000] {dag.py:3089} INFO - Sync 1 DAGs
[2026-05-28T06:10:03.236+0000] {logging_mixin.py:188} INFO - [2026-05-28T06:10:03.235+0000] {dag.py:3947} INFO - Setting next_dagrun for example_branch_operator to 2026-05-27 00:00:00+00:00, run_after=2026-05-28 00:00:00+00:00
[2026-05-28T06:10:03.282+0000] {processor.py:183} INFO - Processing /home/airflow/.local/lib/python3.12/site-packages/airflow/example_dags/example_branch_operator.py took 0.368 seconds
[2026-05-28T06:10:34.157+0000] {processor.py:161} INFO - Started process (PID=149) to work on /home/airflow/.local/lib/python3.12/site-packages/airflow/example_dags/example_branch_operator.py
[2026-05-28T06:10:34.161+0000] {processor.py:830} INFO - Processing file /home/airflow/.local/lib/python3.12/site-packages/airflow/example_dags/example_branch_operator.py for tasks to queue
[2026-05-28T06:10:34.183+0000] {logging_mixin.py:188} INFO - [2026-05-28T06:10:34.182+0000] {dagbag.py:545} INFO - Filling up the DagBag from /home/airflow/.local/lib/python3.12/site-packages/airflow/example_dags/example_branch_operator.py
[2026-05-28T06:10:34.315+0000] {processor.py:840} INFO - DAG(s) 'example_branch_operator' retrieved from /home/airflow/.local/lib/python3.12/site-packages/airflow/example_dags/example_branch_operator.py
[2026-05-28T06:10:34.453+0000] {logging_mixin.py:188} INFO - [2026-05-28T06:10:34.452+0000] {dag.py:3089} INFO - Sync 1 DAGs
[2026-05-28T06:10:34.555+0000] {logging_mixin.py:188} INFO - [2026-05-28T06:10:34.554+0000] {dag.py:3947} INFO - Setting next_dagrun for example_branch_operator to 2026-05-27 00:00:00+00:00, run_after=2026-05-28 00:00:00+00:00
[2026-05-28T06:10:34.666+0000] {processor.py:183} INFO - Processing /home/airflow/.local/lib/python3.12/site-packages/airflow/example_dags/example_branch_operator.py took 0.534 seconds
[2026-05-28T06:11:04.820+0000] {processor.py:161} INFO - Started process (PID=207) to work on /home/airflow/.local/lib/python3.12/site-packages/airflow/example_dags/example_branch_operator.py
[2026-05-28T06:11:04.825+0000] {processor.py:830} INFO - Processing file /home/airflow/.local/lib/python3.12/site-packages/airflow/example_dags/example_branch_operator.py for tasks to queue
[2026-05-28T06:11:04.834+0000] {logging_mixin.py:188} INFO - [2026-05-28T06:11:04.833+0000] {dagbag.py:545} INFO - Filling up the DagBag from /home/airflow/.local/lib/python3.12/site-packages/airflow/example_dags/example_branch_operator.py
[2026-05-28T06:11:04.871+0000] {processor.py:840} INFO - DAG(s) 'example_branch_operator' retrieved from /home/airflow/.local/lib/python3.12/site-packages/airflow/example_dags/example_branch_operator.py
[2026-05-28T06:11:04.920+0000] {logging_mixin.py:188} INFO - [2026-05-28T06:11:04.919+0000] {dag.py:3089} INFO - Sync 1 DAGs
[2026-05-28T06:11:04.960+0000] {logging_mixin.py:188} INFO - [2026-05-28T06:11:04.959+0000] {dag.py:3947} INFO - Setting next_dagrun for example_branch_operator to 2026-05-27 00:00:00+00:00, run_after=2026-05-28 00:00:00+00:00
[2026-05-28T06:11:05.000+0000] {processor.py:183} INFO - Processing /home/airflow/.local/lib/python3.12/site-packages/airflow/example_dags/example_branch_operator.py took 0.194 seconds
[2026-05-28T06:11:35.605+0000] {processor.py:161} INFO - Started process (PID=265) to work on /home/airflow/.local/lib/python3.12/site-packages/airflow/example_dags/example_branch_operator.py
[2026-05-28T06:11:35.607+0000] {processor.py:830} INFO - Processing file /home/airflow/.local/lib/python3.12/site-packages/airflow/example_dags/example_branch_operator.py for tasks to queue
[2026-05-28T06:11:35.610+0000] {logging_mixin.py:188} INFO - [2026-05-28T06:11:35.609+0000] {dagbag.py:545} INFO - Filling up the DagBag from /home/airflow/.local/lib/python3.12/site-packages/airflow/example_dags/example_branch_operator.py
[2026-05-28T06:11:35.633+0000] {processor.py:840} INFO - DAG(s) 'example_branch_operator' retrieved from /home/airflow/.local/lib/python3.12/site-packages/airflow/example_dags/example_branch_operator.py
[2026-05-28T06:11:35.677+0000] {logging_mixin.py:188} INFO - [2026-05-28T06:11:35.677+0000] {dag.py:3089} INFO - Sync 1 DAGs
[2026-05-28T06:11:35.714+0000] {logging_mixin.py:188} INFO - [2026-05-28T06:11:35.713+0000] {dag.py:3947} INFO - Setting next_dagrun for example_branch_operator to 2026-05-27 00:00:00+00:00, run_after=2026-05-28 00:00:00+00:00
[2026-05-28T06:11:35.771+0000] {processor.py:183} INFO - Processing /home/airflow/.local/lib/python3.12/site-packages/airflow/example_dags/example_branch_operator.py took 0.176 seconds
[2026-05-28T06:12:06.450+0000] {processor.py:161} INFO - Started process (PID=323) to work on /home/airflow/.local/lib/python3.12/site-packages/airflow/example_dags/example_branch_operator.py
[2026-05-28T06:12:06.453+0000] {processor.py:830} INFO - Processing file /home/airflow/.local/lib/python3.12/site-packages/airflow/example_dags/example_branch_operator.py for tasks to queue
[2026-05-28T06:12:06.457+0000] {logging_mixin.py:188} INFO - [2026-05-28T06:12:06.457+0000] {dagbag.py:545} INFO - Filling up the DagBag from /home/airflow/.local/lib/python3.12/site-packages/airflow/example_dags/example_branch_operator.py
[2026-05-28T06:12:06.502+0000] {processor.py:840} INFO - DAG(s) 'example_branch_operator' retrieved from /home/airflow/.local/lib/python3.12/site-packages/airflow/example_dags/example_branch_operator.py
[2026-05-28T06:12:06.578+0000] {logging_mixin.py:188} INFO - [2026-05-28T06:12:06.578+0000] {dag.py:3089} INFO - Sync 1 DAGs
[2026-05-28T06:12:06.636+0000] {logging_mixin.py:188} INFO - [2026-05-28T06:12:06.636+0000] {dag.py:3947} INFO - Setting next_dagrun for example_branch_operator to 2026-05-27 00:00:00+00:00, run_after=2026-05-28 00:00:00+00:00
[2026-05-28T06:12:06.682+0000] {processor.py:183} INFO - Processing /home/airflow/.local/lib/python3.12/site-packages/airflow/example_dags/example_branch_operator.py took 0.245 seconds
[2026-05-28T06:12:37.318+0000] {processor.py:161} INFO - Started process (PID=380) to work on /home/airflow/.local/lib/python3.12/site-packages/airflow/example_dags/example_branch_operator.py
[2026-05-28T06:12:37.319+0000] {processor.py:830} INFO - Processing file /home/airflow/.local/lib/python3.12/site-packages/airflow/example_dags/example_branch_operator.py for tasks to queue
[2026-05-28T06:12:37.323+0000] {logging_mixin.py:188} INFO - [2026-05-28T06:12:37.322+0000] {dagbag.py:545} INFO - Filling up the DagBag from /home/airflow/.local/lib/python3.12/site-packages/airflow/example_dags/example_branch_operator.py
[2026-05-28T06:12:37.348+0000] {processor.py:840} INFO - DAG(s) 'example_branch_operator' retrieved from /home/airflow/.local/lib/python3.12/site-packages/airflow/example_dags/example_branch_operator.py
[2026-05-28T06:12:37.401+0000] {logging_mixin.py:188} INFO - [2026-05-28T06:12:37.400+0000] {dag.py:3089} INFO - Sync 1 DAGs
[2026-05-28T06:12:37.451+0000] {logging_mixin.py:188} INFO - [2026-05-28T06:12:37.451+0000] {dag.py:3947} INFO - Setting next_dagrun for example_branch_operator to 2026-05-27 00:00:00+00:00, run_after=2026-05-28 00:00:00+00:00
[2026-05-28T06:12:37.498+0000] {processor.py:183} INFO - Processing /home/airflow/.local/lib/python3.12/site-packages/airflow/example_dags/example_branch_operator.py took 0.195 seconds
[2026-05-28T06:13:08.057+0000] {processor.py:161} INFO - Started process (PID=438) to work on /home/airflow/.local/lib/python3.12/site-packages/airflow/example_dags/example_branch_operator.py
[2026-05-28T06:13:08.059+0000] {processor.py:830} INFO - Processing file /home/airflow/.local/lib/python3.12/site-packages/airflow/example_dags/example_branch_operator.py for tasks to queue
[2026-05-28T06:13:08.063+0000] {logging_mixin.py:188} INFO - [2026-05-28T06:13:08.062+0000] {dagbag.py:545} INFO - Filling up the DagBag from /home/airflow/.local/lib/python3.12/site-packages/airflow/example_dags/example_branch_operator.py
[2026-05-28T06:13:08.087+0000] {processor.py:840} INFO - DAG(s) 'example_branch_operator' retrieved from /home/airflow/.local/lib/python3.12/site-packages/airflow/example_dags/example_branch_operator.py
[2026-05-28T06:13:08.140+0000] {logging_mixin.py:188} INFO - [2026-05-28T06:13:08.139+0000] {dag.py:3089} INFO - Sync 1 DAGs
[2026-05-28T06:13:08.195+0000] {logging_mixin.py:188} INFO - [2026-05-28T06:13:08.195+0000] {dag.py:3947} INFO - Setting next_dagrun for example_branch_operator to 2026-05-27 00:00:00+00:00, run_after=2026-05-28 00:00:00+00:00
[2026-05-28T06:13:08.256+0000] {processor.py:183} INFO - Processing /home/airflow/.local/lib/python3.12/site-packages/airflow/example_dags/example_branch_operator.py took 0.208 seconds
[2026-05-28T06:13:39.119+0000] {processor.py:161} INFO - Started process (PID=495) to work on /home/airflow/.local/lib/python3.12/site-packages/airflow/example_dags/example_branch_operator.py
[2026-05-28T06:13:39.121+0000] {processor.py:830} INFO - Processing file /home/airflow/.local/lib/python3.12/site-packages/airflow/example_dags/example_branch_operator.py for tasks to queue
[2026-05-28T06:13:39.124+0000] {logging_mixin.py:188} INFO - [2026-05-28T06:13:39.124+0000] {dagbag.py:545} INFO - Filling up the DagBag from /home/airflow/.local/lib/python3.12/site-packages/airflow/example_dags/example_branch_operator.py
[2026-05-28T06:13:39.164+0000] {processor.py:840} INFO - DAG(s) 'example_branch_operator' retrieved from /home/airflow/.local/lib/python3.12/site-packages/airflow/example_dags/example_branch_operator.py
[2026-05-28T06:13:39.225+0000] {logging_mixin.py:188} INFO - [2026-05-28T06:13:39.225+0000] {dag.py:3089} INFO - Sync 1 DAGs
[2026-05-28T06:13:39.269+0000] {logging_mixin.py:188} INFO - [2026-05-28T06:13:39.269+0000] {dag.py:3947} INFO - Setting next_dagrun for example_branch_operator to 2026-05-27 00:00:00+00:00, run_after=2026-05-28 00:00:00+00:00
[2026-05-28T06:13:39.314+0000] {processor.py:183} INFO - Processing /home/airflow/.local/lib/python3.12/site-packages/airflow/example_dags/example_branch_operator.py took 0.206 seconds
[2026-05-28T06:14:10.112+0000] {processor.py:161} INFO - Started process (PID=553) to work on /home/airflow/.local/lib/python3.12/site-packages/airflow/example_dags/example_branch_operator.py
[2026-05-28T06:14:10.114+0000] {processor.py:830} INFO - Processing file /home/airflow/.local/lib/python3.12/site-packages/airflow/example_dags/example_branch_operator.py for tasks to queue
[2026-05-28T06:14:10.117+0000] {logging_mixin.py:188} INFO - [2026-05-28T06:14:10.116+0000] {dagbag.py:545} INFO - Filling up the DagBag from /home/airflow/.local/lib/python3.12/site-packages/airflow/example_dags/example_branch_operator.py
[2026-05-28T06:14:10.138+0000] {processor.py:840} INFO - DAG(s) 'example_branch_operator' retrieved from /home/airflow/.local/lib/python3.12/site-packages/airflow/example_dags/example_branch_operator.py
[2026-05-28T06:14:10.172+0000] {logging_mixin.py:188} INFO - [2026-05-28T06:14:10.172+0000] {dag.py:3089} INFO - Sync 1 DAGs
[2026-05-28T06:14:10.201+0000] {logging_mixin.py:188} INFO - [2026-05-28T06:14:10.201+0000] {dag.py:3947} INFO - Setting next_dagrun for example_branch_operator to 2026-05-27 00:00:00+00:00, run_after=2026-05-28 00:00:00+00:00
[2026-05-28T06:14:10.235+0000] {processor.py:183} INFO - Processing /home/airflow/.local/lib/python3.12/site-packages/airflow/example_dags/example_branch_operator.py took 0.129 seconds
[2026-05-28T06:14:40.474+0000] {processor.py:161} INFO - Started process (PID=612) to work on /home/airflow/.local/lib/python3.12/site-packages/airflow/example_dags/example_branch_operator.py
[2026-05-28T06:14:40.476+0000] {processor.py:830} INFO - Processing file /home/airflow/.local/lib/python3.12/site-packages/airflow/example_dags/example_branch_operator.py for tasks to queue
[2026-05-28T06:14:40.479+0000] {logging_mixin.py:188} INFO - [2026-05-28T06:14:40.479+0000] {dagbag.py:545} INFO - Filling up the DagBag from /home/airflow/.local/lib/python3.12/site-packages/airflow/example_dags/example_branch_operator.py
[2026-05-28T06:14:40.510+0000] {processor.py:840} INFO - DAG(s) 'example_branch_operator' retrieved from /home/airflow/.local/lib/python3.12/site-packages/airflow/example_dags/example_branch_operator.py
[2026-05-28T06:14:40.572+0000] {logging_mixin.py:188} INFO - [2026-05-28T06:14:40.571+0000] {dag.py:3089} INFO - Sync 1 DAGs
[2026-05-28T06:14:40.612+0000] {logging_mixin.py:188} INFO - [2026-05-28T06:14:40.611+0000] {dag.py:3947} INFO - Setting next_dagrun for example_branch_operator to 2026-05-27 00:00:00+00:00, run_after=2026-05-28 00:00:00+00:00
[2026-05-28T06:14:40.650+0000] {processor.py:183} INFO - Processing /home/airflow/.local/lib/python3.12/site-packages/airflow/example_dags/example_branch_operator.py took 0.185 seconds
[2026-05-28T06:15:11.019+0000] {processor.py:161} INFO - Started process (PID=670) to work on /home/airflow/.local/lib/python3.12/site-packages/airflow/example_dags/example_branch_operator.py
[2026-05-28T06:15:11.020+0000] {processor.py:830} INFO - Processing file /home/airflow/.local/lib/python3.12/site-packages/airflow/example_dags/example_branch_operator.py for tasks to queue
[2026-05-28T06:15:11.023+0000] {logging_mixin.py:188} INFO - [2026-05-28T06:15:11.023+0000] {dagbag.py:545} INFO - Filling up the DagBag from /home/airflow/.local/lib/python3.12/site-packages/airflow/example_dags/example_branch_operator.py
[2026-05-28T06:15:11.044+0000] {processor.py:840} INFO - DAG(s) 'example_branch_operator' retrieved from /home/airflow/.local/lib/python3.12/site-packages/airflow/example_dags/example_branch_operator.py
[2026-05-28T06:15:11.081+0000] {logging_mixin.py:188} INFO - [2026-05-28T06:15:11.080+0000] {dag.py:3089} INFO - Sync 1 DAGs
[2026-05-28T06:15:11.109+0000] {logging_mixin.py:188} INFO - [2026-05-28T06:15:11.109+0000] {dag.py:3947} INFO - Setting next_dagrun for example_branch_operator to 2026-05-27 00:00:00+00:00, run_after=2026-05-28 00:00:00+00:00
[2026-05-28T06:15:11.141+0000] {processor.py:183} INFO - Processing /home/airflow/.local/lib/python3.12/site-packages/airflow/example_dags/example_branch_operator.py took 0.129 seconds
[2026-05-28T06:15:41.817+0000] {processor.py:161} INFO - Started process (PID=728) to work on /home/airflow/.local/lib/python3.12/site-packages/airflow/example_dags/example_branch_operator.py
[2026-05-28T06:15:41.820+0000] {processor.py:830} INFO - Processing file /home/airflow/.local/lib/python3.12/site-packages/airflow/example_dags/example_branch_operator.py for tasks to queue
[2026-05-28T06:15:41.827+0000] {logging_mixin.py:188} INFO - [2026-05-28T06:15:41.825+0000] {dagbag.py:545} INFO - Filling up the DagBag from /home/airflow/.local/lib/python3.12/site-packages/airflow/example_dags/example_branch_operator.py
[2026-05-28T06:15:41.898+0000] {processor.py:840} INFO - DAG(s) 'example_branch_operator' retrieved from /home/airflow/.local/lib/python3.12/site-packages/airflow/example_dags/example_branch_operator.py
[2026-05-28T06:15:42.003+0000] {logging_mixin.py:188} INFO - [2026-05-28T06:15:42.002+0000] {dag.py:3089} INFO - Sync 1 DAGs
[2026-05-28T06:15:42.105+0000] {logging_mixin.py:188} INFO - [2026-05-28T06:15:42.105+0000] {dag.py:3947} INFO - Setting next_dagrun for example_branch_operator to 2026-05-27 00:00:00+00:00, run_after=2026-05-28 00:00:00+00:00
[2026-05-28T06:15:42.188+0000] {processor.py:183} INFO - Processing /home/airflow/.local/lib/python3.12/site-packages/airflow/example_dags/example_branch_operator.py took 0.388 seconds
[2026-05-28T06:16:12.647+0000] {processor.py:161} INFO - Started process (PID=786) to work on /home/airflow/.local/lib/python3.12/site-packages/airflow/example_dags/example_branch_operator.py
[2026-05-28T06:16:12.649+0000] {processor.py:830} INFO - Processing file /home/airflow/.local/lib/python3.12/site-packages/airflow/example_dags/example_branch_operator.py for tasks to queue
[2026-05-28T06:16:12.652+0000] {logging_mixin.py:188} INFO - [2026-05-28T06:16:12.652+0000] {dagbag.py:545} INFO - Filling up the DagBag from /home/airflow/.local/lib/python3.12/site-packages/airflow/example_dags/example_branch_operator.py
[2026-05-28T06:16:12.679+0000] {processor.py:840} INFO - DAG(s) 'example_branch_operator' retrieved from /home/airflow/.local/lib/python3.12/site-packages/airflow/example_dags/example_branch_operator.py
[2026-05-28T06:16:12.734+0000] {logging_mixin.py:188} INFO - [2026-05-28T06:16:12.734+0000] {dag.py:3089} INFO - Sync 1 DAGs
[2026-05-28T06:16:12.791+0000] {logging_mixin.py:188} INFO - [2026-05-28T06:16:12.790+0000] {dag.py:3947} INFO - Setting next_dagrun for example_branch_operator to 2026-05-27 00:00:00+00:00, run_after=2026-05-28 00:00:00+00:00
[2026-05-28T06:16:12.843+0000] {processor.py:183} INFO - Processing /home/airflow/.local/lib/python3.12/site-packages/airflow/example_dags/example_branch_operator.py took 0.204 seconds
[2026-05-28T06:16:43.814+0000] {processor.py:161} INFO - Started process (PID=844) to work on /home/airflow/.local/lib/python3.12/site-packages/airflow/example_dags/example_branch_operator.py
[2026-05-28T06:16:43.816+0000] {processor.py:830} INFO - Processing file /home/airflow/.local/lib/python3.12/site-packages/airflow/example_dags/example_branch_operator.py for tasks to queue
[2026-05-28T06:16:43.820+0000] {logging_mixin.py:188} INFO - [2026-05-28T06:16:43.819+0000] {dagbag.py:545} INFO - Filling up the DagBag from /home/airflow/.local/lib/python3.12/site-packages/airflow/example_dags/example_branch_operator.py
[2026-05-28T06:16:43.847+0000] {processor.py:840} INFO - DAG(s) 'example_branch_operator' retrieved from /home/airflow/.local/lib/python3.12/site-packages/airflow/example_dags/example_branch_operator.py
[2026-05-28T06:16:43.912+0000] {logging_mixin.py:188} INFO - [2026-05-28T06:16:43.911+0000] {dag.py:3089} INFO - Sync 1 DAGs
[2026-05-28T06:16:43.994+0000] {logging_mixin.py:188} INFO - [2026-05-28T06:16:43.993+0000] {dag.py:3947} INFO - Setting next_dagrun for example_branch_operator to 2026-05-27 00:00:00+00:00, run_after=2026-05-28 00:00:00+00:00
[2026-05-28T06:16:44.053+0000] {processor.py:183} INFO - Processing /home/airflow/.local/lib/python3.12/site-packages/airflow/example_dags/example_branch_operator.py took 0.248 seconds
[2026-05-28T06:17:14.752+0000] {processor.py:161} INFO - Started process (PID=902) to work on /home/airflow/.local/lib/python3.12/site-packages/airflow/example_dags/example_branch_operator.py
[2026-05-28T06:17:14.754+0000] {processor.py:830} INFO - Processing file /home/airflow/.local/lib/python3.12/site-packages/airflow/example_dags/example_branch_operator.py for tasks to queue
[2026-05-28T06:17:14.757+0000] {logging_mixin.py:188} INFO - [2026-05-28T06:17:14.757+0000] {dagbag.py:545} INFO - Filling up the DagBag from /home/airflow/.local/lib/python3.12/site-packages/airflow/example_dags/example_branch_operator.py
[2026-05-28T06:17:14.783+0000] {processor.py:840} INFO - DAG(s) 'example_branch_operator' retrieved from /home/airflow/.local/lib/python3.12/site-packages/airflow/example_dags/example_branch_operator.py
[2026-05-28T06:17:14.831+0000] {logging_mixin.py:188} INFO - [2026-05-28T06:17:14.830+0000] {dag.py:3089} INFO - Sync 1 DAGs
[2026-05-28T06:17:14.863+0000] {logging_mixin.py:188} INFO - [2026-05-28T06:17:14.862+0000] {dag.py:3947} INFO - Setting next_dagrun for example_branch_operator to 2026-05-27 00:00:00+00:00, run_after=2026-05-28 00:00:00+00:00
[2026-05-28T06:17:14.896+0000] {processor.py:183} INFO - Processing /home/airflow/.local/lib/python3.12/site-packages/airflow/example_dags/example_branch_operator.py took 0.154 seconds
[2026-05-28T06:17:45.680+0000] {processor.py:161} INFO - Started process (PID=961) to work on /home/airflow/.local/lib/python3.12/site-packages/airflow/example_dags/example_branch_operator.py
[2026-05-28T06:17:45.682+0000] {processor.py:830} INFO - Processing file /home/airflow/.local/lib/python3.12/site-packages/airflow/example_dags/example_branch_operator.py for tasks to queue
[2026-05-28T06:17:45.685+0000] {logging_mixin.py:188} INFO - [2026-05-28T06:17:45.685+0000] {dagbag.py:545} INFO - Filling up the DagBag from /home/airflow/.local/lib/python3.12/site-packages/airflow/example_dags/example_branch_operator.py
[2026-05-28T06:17:45.713+0000] {processor.py:840} INFO - DAG(s) 'example_branch_operator' retrieved from /home/airflow/.local/lib/python3.12/site-packages/airflow/example_dags/example_branch_operator.py
[2026-05-28T06:17:45.765+0000] {logging_mixin.py:188} INFO - [2026-05-28T06:17:45.765+0000] {dag.py:3089} INFO - Sync 1 DAGs
[2026-05-28T06:17:45.804+0000] {logging_mixin.py:188} INFO - [2026-05-28T06:17:45.803+0000] {dag.py:3947} INFO - Setting next_dagrun for example_branch_operator to 2026-05-27 00:00:00+00:00, run_after=2026-05-28 00:00:00+00:00
[2026-05-28T06:17:45.836+0000] {processor.py:183} INFO - Processing /home/airflow/.local/lib/python3.12/site-packages/airflow/example_dags/example_branch_operator.py took 0.164 seconds
[2026-05-28T06:18:16.816+0000] {processor.py:161} INFO - Started process (PID=1020) to work on /home/airflow/.local/lib/python3.12/site-packages/airflow/example_dags/example_branch_operator.py
[2026-05-28T06:18:16.818+0000] {processor.py:830} INFO - Processing file /home/airflow/.local/lib/python3.12/site-packages/airflow/example_dags/example_branch_operator.py for tasks to queue
[2026-05-28T06:18:16.821+0000] {logging_mixin.py:188} INFO - [2026-05-28T06:18:16.820+0000] {dagbag.py:545} INFO - Filling up the DagBag from /home/airflow/.local/lib/python3.12/site-packages/airflow/example_dags/example_branch_operator.py
[2026-05-28T06:18:16.847+0000] {processor.py:840} INFO - DAG(s) 'example_branch_operator' retrieved from /home/airflow/.local/lib/python3.12/site-packages/airflow/example_dags/example_branch_operator.py
[2026-05-28T06:18:16.893+0000] {logging_mixin.py:188} INFO - [2026-05-28T06:18:16.892+0000] {dag.py:3089} INFO - Sync 1 DAGs
[2026-05-28T06:18:16.930+0000] {logging_mixin.py:188} INFO - [2026-05-28T06:18:16.929+0000] {dag.py:3947} INFO - Setting next_dagrun for example_branch_operator to 2026-05-27 00:00:00+00:00, run_after=2026-05-28 00:00:00+00:00
[2026-05-28T06:18:16.971+0000] {processor.py:183} INFO - Processing /home/airflow/.local/lib/python3.12/site-packages/airflow/example_dags/example_branch_operator.py took 0.163 seconds
[2026-05-28T06:18:47.101+0000] {processor.py:161} INFO - Started process (PID=1077) to work on /home/airflow/.local/lib/python3.12/site-packages/airflow/example_dags/example_branch_operator.py
[2026-05-28T06:18:47.103+0000] {processor.py:830} INFO - Processing file /home/airflow/.local/lib/python3.12/site-packages/airflow/example_dags/example_branch_operator.py for tasks to queue
[2026-05-28T06:18:47.107+0000] {logging_mixin.py:188} INFO - [2026-05-28T06:18:47.106+0000] {dagbag.py:545} INFO - Filling up the DagBag from /home/airflow/.local/lib/python3.12/site-packages/airflow/example_dags/example_branch_operator.py
[2026-05-28T06:18:47.137+0000] {processor.py:840} INFO - DAG(s) 'example_branch_operator' retrieved from /home/airflow/.local/lib/python3.12/site-packages/airflow/example_dags/example_branch_operator.py
[2026-05-28T06:18:47.201+0000] {logging_mixin.py:188} INFO - [2026-05-28T06:18:47.201+0000] {dag.py:3089} INFO - Sync 1 DAGs
[2026-05-28T06:18:47.281+0000] {logging_mixin.py:188} INFO - [2026-05-28T06:18:47.281+0000] {dag.py:3947} INFO - Setting next_dagrun for example_branch_operator to 2026-05-27 00:00:00+00:00, run_after=2026-05-28 00:00:00+00:00
[2026-05-28T06:18:47.342+0000] {processor.py:183} INFO - Processing /home/airflow/.local/lib/python3.12/site-packages/airflow/example_dags/example_branch_operator.py took 0.254 seconds
[2026-05-28T06:19:18.059+0000] {processor.py:161} INFO - Started process (PID=1135) to work on /home/airflow/.local/lib/python3.12/site-packages/airflow/example_dags/example_branch_operator.py
[2026-05-28T06:19:18.060+0000] {processor.py:830} INFO - Processing file /home/airflow/.local/lib/python3.12/site-packages/airflow/example_dags/example_branch_operator.py for tasks to queue
[2026-05-28T06:19:18.064+0000] {logging_mixin.py:188} INFO - [2026-05-28T06:19:18.063+0000] {dagbag.py:545} INFO - Filling up the DagBag from /home/airflow/.local/lib/python3.12/site-packages/airflow/example_dags/example_branch_operator.py
[2026-05-28T06:19:18.086+0000] {processor.py:840} INFO - DAG(s) 'example_branch_operator' retrieved from /home/airflow/.local/lib/python3.12/site-packages/airflow/example_dags/example_branch_operator.py
[2026-05-28T06:19:18.125+0000] {logging_mixin.py:188} INFO - [2026-05-28T06:19:18.124+0000] {dag.py:3089} INFO - Sync 1 DAGs
[2026-05-28T06:19:18.154+0000] {logging_mixin.py:188} INFO - [2026-05-28T06:19:18.153+0000] {dag.py:3947} INFO - Setting next_dagrun for example_branch_operator to 2026-05-27 00:00:00+00:00, run_after=2026-05-28 00:00:00+00:00
[2026-05-28T06:19:18.185+0000] {processor.py:183} INFO - Processing /home/airflow/.local/lib/python3.12/site-packages/airflow/example_dags/example_branch_operator.py took 0.135 seconds
[2026-05-28T06:19:48.879+0000] {processor.py:161} INFO - Started process (PID=1193) to work on /home/airflow/.local/lib/python3.12/site-packages/airflow/example_dags/example_branch_operator.py
[2026-05-28T06:19:48.882+0000] {processor.py:830} INFO - Processing file /home/airflow/.local/lib/python3.12/site-packages/airflow/example_dags/example_branch_operator.py for tasks to queue
[2026-05-28T06:19:48.887+0000] {logging_mixin.py:188} INFO - [2026-05-28T06:19:48.886+0000] {dagbag.py:545} INFO - Filling up the DagBag from /home/airflow/.local/lib/python3.12/site-packages/airflow/example_dags/example_branch_operator.py
[2026-05-28T06:19:48.929+0000] {processor.py:840} INFO - DAG(s) 'example_branch_operator' retrieved from /home/airflow/.local/lib/python3.12/site-packages/airflow/example_dags/example_branch_operator.py
[2026-05-28T06:19:48.992+0000] {logging_mixin.py:188} INFO - [2026-05-28T06:19:48.992+0000] {dag.py:3089} INFO - Sync 1 DAGs
[2026-05-28T06:19:49.040+0000] {logging_mixin.py:188} INFO - [2026-05-28T06:19:49.040+0000] {dag.py:3947} INFO - Setting next_dagrun for example_branch_operator to 2026-05-27 00:00:00+00:00, run_after=2026-05-28 00:00:00+00:00
[2026-05-28T06:19:49.085+0000] {processor.py:183} INFO - Processing /home/airflow/.local/lib/python3.12/site-packages/airflow/example_dags/example_branch_operator.py took 0.215 seconds
[2026-05-28T06:20:19.710+0000] {processor.py:161} INFO - Started process (PID=1252) to work on /home/airflow/.local/lib/python3.12/site-packages/airflow/example_dags/example_branch_operator.py
[2026-05-28T06:20:19.711+0000] {processor.py:830} INFO - Processing file /home/airflow/.local/lib/python3.12/site-packages/airflow/example_dags/example_branch_operator.py for tasks to queue
[2026-05-28T06:20:19.714+0000] {logging_mixin.py:188} INFO - [2026-05-28T06:20:19.714+0000] {dagbag.py:545} INFO - Filling up the DagBag from /home/airflow/.local/lib/python3.12/site-packages/airflow/example_dags/example_branch_operator.py
[2026-05-28T06:20:19.740+0000] {processor.py:840} INFO - DAG(s) 'example_branch_operator' retrieved from /home/airflow/.local/lib/python3.12/site-packages/airflow/example_dags/example_branch_operator.py
[2026-05-28T06:20:19.788+0000] {logging_mixin.py:188} INFO - [2026-05-28T06:20:19.787+0000] {dag.py:3089} INFO - Sync 1 DAGs
[2026-05-28T06:20:19.825+0000] {logging_mixin.py:188} INFO - [2026-05-28T06:20:19.824+0000] {dag.py:3947} INFO - Setting next_dagrun for example_branch_operator to 2026-05-27 00:00:00+00:00, run_after=2026-05-28 00:00:00+00:00
[2026-05-28T06:20:19.863+0000] {processor.py:183} INFO - Processing /home/airflow/.local/lib/python3.12/site-packages/airflow/example_dags/example_branch_operator.py took 0.165 seconds
[2026-05-28T06:20:50.496+0000] {processor.py:161} INFO - Started process (PID=1310) to work on /home/airflow/.local/lib/python3.12/site-packages/airflow/example_dags/example_branch_operator.py
[2026-05-28T06:20:50.499+0000] {processor.py:830} INFO - Processing file /home/airflow/.local/lib/python3.12/site-packages/airflow/example_dags/example_branch_operator.py for tasks to queue
[2026-05-28T06:20:50.504+0000] {logging_mixin.py:188} INFO - [2026-05-28T06:20:50.503+0000] {dagbag.py:545} INFO - Filling up the DagBag from /home/airflow/.local/lib/python3.12/site-packages/airflow/example_dags/example_branch_operator.py
[2026-05-28T06:20:50.543+0000] {processor.py:840} INFO - DAG(s) 'example_branch_operator' retrieved from /home/airflow/.local/lib/python3.12/site-packages/airflow/example_dags/example_branch_operator.py
[2026-05-28T06:20:50.590+0000] {logging_mixin.py:188} INFO - [2026-05-28T06:20:50.590+0000] {dag.py:3089} INFO - Sync 1 DAGs
[2026-05-28T06:20:50.626+0000] {logging_mixin.py:188} INFO - [2026-05-28T06:20:50.626+0000] {dag.py:3947} INFO - Setting next_dagrun for example_branch_operator to 2026-05-27 00:00:00+00:00, run_after=2026-05-28 00:00:00+00:00
[2026-05-28T06:20:50.667+0000] {processor.py:183} INFO - Processing /home/airflow/.local/lib/python3.12/site-packages/airflow/example_dags/example_branch_operator.py took 0.181 seconds
[2026-05-28T06:21:20.920+0000] {processor.py:161} INFO - Started process (PID=1368) to work on /home/airflow/.local/lib/python3.12/site-packages/airflow/example_dags/example_branch_operator.py
[2026-05-28T06:21:20.922+0000] {processor.py:830} INFO - Processing file /home/airflow/.local/lib/python3.12/site-packages/airflow/example_dags/example_branch_operator.py for tasks to queue
[2026-05-28T06:21:20.925+0000] {logging_mixin.py:188} INFO - [2026-05-28T06:21:20.925+0000] {dagbag.py:545} INFO - Filling up the DagBag from /home/airflow/.local/lib/python3.12/site-packages/airflow/example_dags/example_branch_operator.py
[2026-05-28T06:21:20.959+0000] {processor.py:840} INFO - DAG(s) 'example_branch_operator' retrieved from /home/airflow/.local/lib/python3.12/site-packages/airflow/example_dags/example_branch_operator.py
[2026-05-28T06:21:21.014+0000] {logging_mixin.py:188} INFO - [2026-05-28T06:21:21.014+0000] {dag.py:3089} INFO - Sync 1 DAGs
[2026-05-28T06:21:21.062+0000] {logging_mixin.py:188} INFO - [2026-05-28T06:21:21.061+0000] {dag.py:3947} INFO - Setting next_dagrun for example_branch_operator to 2026-05-27 00:00:00+00:00, run_after=2026-05-28 00:00:00+00:00
[2026-05-28T06:21:21.102+0000] {processor.py:183} INFO - Processing /home/airflow/.local/lib/python3.12/site-packages/airflow/example_dags/example_branch_operator.py took 0.191 seconds
[2026-05-28T06:21:51.477+0000] {processor.py:161} INFO - Started process (PID=1426) to work on /home/airflow/.local/lib/python3.12/site-packages/airflow/example_dags/example_branch_operator.py
[2026-05-28T06:21:51.479+0000] {processor.py:830} INFO - Processing file /home/airflow/.local/lib/python3.12/site-packages/airflow/example_dags/example_branch_operator.py for tasks to queue
[2026-05-28T06:21:51.483+0000] {logging_mixin.py:188} INFO - [2026-05-28T06:21:51.482+0000] {dagbag.py:545} INFO - Filling up the DagBag from /home/airflow/.local/lib/python3.12/site-packages/airflow/example_dags/example_branch_operator.py
[2026-05-28T06:21:51.507+0000] {processor.py:840} INFO - DAG(s) 'example_branch_operator' retrieved from /home/airflow/.local/lib/python3.12/site-packages/airflow/example_dags/example_branch_operator.py
[2026-05-28T06:21:51.552+0000] {logging_mixin.py:188} INFO - [2026-05-28T06:21:51.551+0000] {dag.py:3089} INFO - Sync 1 DAGs
[2026-05-28T06:21:51.583+0000] {logging_mixin.py:188} INFO - [2026-05-28T06:21:51.583+0000] {dag.py:3947} INFO - Setting next_dagrun for example_branch_operator to 2026-05-27 00:00:00+00:00, run_after=2026-05-28 00:00:00+00:00
[2026-05-28T06:21:51.635+0000] {processor.py:183} INFO - Processing /home/airflow/.local/lib/python3.12/site-packages/airflow/example_dags/example_branch_operator.py took 0.165 seconds
[2026-05-28T06:22:22.289+0000] {processor.py:161} INFO - Started process (PID=1484) to work on /home/airflow/.local/lib/python3.12/site-packages/airflow/example_dags/example_branch_operator.py
[2026-05-28T06:22:22.291+0000] {processor.py:830} INFO - Processing file /home/airflow/.local/lib/python3.12/site-packages/airflow/example_dags/example_branch_operator.py for tasks to queue
[2026-05-28T06:22:22.294+0000] {logging_mixin.py:188} INFO - [2026-05-28T06:22:22.294+0000] {dagbag.py:545} INFO - Filling up the DagBag from /home/airflow/.local/lib/python3.12/site-packages/airflow/example_dags/example_branch_operator.py
[2026-05-28T06:22:22.317+0000] {processor.py:840} INFO - DAG(s) 'example_branch_operator' retrieved from /home/airflow/.local/lib/python3.12/site-packages/airflow/example_dags/example_branch_operator.py
[2026-05-28T06:22:22.358+0000] {logging_mixin.py:188} INFO - [2026-05-28T06:22:22.357+0000] {dag.py:3089} INFO - Sync 1 DAGs
[2026-05-28T06:22:22.393+0000] {logging_mixin.py:188} INFO - [2026-05-28T06:22:22.392+0000] {dag.py:3947} INFO - Setting next_dagrun for example_branch_operator to 2026-05-27 00:00:00+00:00, run_after=2026-05-28 00:00:00+00:00
[2026-05-28T06:22:22.426+0000] {processor.py:183} INFO - Processing /home/airflow/.local/lib/python3.12/site-packages/airflow/example_dags/example_branch_operator.py took 0.145 seconds
[2026-05-28T06:22:52.578+0000] {processor.py:161} INFO - Started process (PID=1542) to work on /home/airflow/.local/lib/python3.12/site-packages/airflow/example_dags/example_branch_operator.py
[2026-05-28T06:22:52.581+0000] {processor.py:830} INFO - Processing file /home/airflow/.local/lib/python3.12/site-packages/airflow/example_dags/example_branch_operator.py for tasks to queue
[2026-05-28T06:22:52.587+0000] {logging_mixin.py:188} INFO - [2026-05-28T06:22:52.586+0000] {dagbag.py:545} INFO - Filling up the DagBag from /home/airflow/.local/lib/python3.12/site-packages/airflow/example_dags/example_branch_operator.py
[2026-05-28T06:22:52.647+0000] {processor.py:840} INFO - DAG(s) 'example_branch_operator' retrieved from /home/airflow/.local/lib/python3.12/site-packages/airflow/example_dags/example_branch_operator.py
[2026-05-28T06:22:52.729+0000] {logging_mixin.py:188} INFO - [2026-05-28T06:22:52.728+0000] {dag.py:3089} INFO - Sync 1 DAGs
[2026-05-28T06:22:52.805+0000] {logging_mixin.py:188} INFO - [2026-05-28T06:22:52.804+0000] {dag.py:3947} INFO - Setting next_dagrun for example_branch_operator to 2026-05-27 00:00:00+00:00, run_after=2026-05-28 00:00:00+00:00
[2026-05-28T06:22:52.873+0000] {processor.py:183} INFO - Processing /home/airflow/.local/lib/python3.12/site-packages/airflow/example_dags/example_branch_operator.py took 0.307 seconds
[2026-05-28T06:23:23.038+0000] {processor.py:161} INFO - Started process (PID=1600) to work on /home/airflow/.local/lib/python3.12/site-packages/airflow/example_dags/example_branch_operator.py
[2026-05-28T06:23:23.040+0000] {processor.py:830} INFO - Processing file /home/airflow/.local/lib/python3.12/site-packages/airflow/example_dags/example_branch_operator.py for tasks to queue
[2026-05-28T06:23:23.052+0000] {logging_mixin.py:188} INFO - [2026-05-28T06:23:23.051+0000] {dagbag.py:545} INFO - Filling up the DagBag from /home/airflow/.local/lib/python3.12/site-packages/airflow/example_dags/example_branch_operator.py
[2026-05-28T06:23:23.105+0000] {processor.py:840} INFO - DAG(s) 'example_branch_operator' retrieved from /home/airflow/.local/lib/python3.12/site-packages/airflow/example_dags/example_branch_operator.py
[2026-05-28T06:23:23.202+0000] {logging_mixin.py:188} INFO - [2026-05-28T06:23:23.202+0000] {dag.py:3089} INFO - Sync 1 DAGs
[2026-05-28T06:23:23.265+0000] {logging_mixin.py:188} INFO - [2026-05-28T06:23:23.264+0000] {dag.py:3947} INFO - Setting next_dagrun for example_branch_operator to 2026-05-27 00:00:00+00:00, run_after=2026-05-28 00:00:00+00:00
[2026-05-28T06:23:23.318+0000] {processor.py:183} INFO - Processing /home/airflow/.local/lib/python3.12/site-packages/airflow/example_dags/example_branch_operator.py took 0.297 seconds
[2026-05-28T06:23:53.518+0000] {processor.py:161} INFO - Started process (PID=1659) to work on /home/airflow/.local/lib/python3.12/site-packages/airflow/example_dags/example_branch_operator.py
[2026-05-28T06:23:53.520+0000] {processor.py:830} INFO - Processing file /home/airflow/.local/lib/python3.12/site-packages/airflow/example_dags/example_branch_operator.py for tasks to queue
[2026-05-28T06:23:53.524+0000] {logging_mixin.py:188} INFO - [2026-05-28T06:23:53.523+0000] {dagbag.py:545} INFO - Filling up the DagBag from /home/airflow/.local/lib/python3.12/site-packages/airflow/example_dags/example_branch_operator.py
[2026-05-28T06:23:53.545+0000] {processor.py:840} INFO - DAG(s) 'example_branch_operator' retrieved from /home/airflow/.local/lib/python3.12/site-packages/airflow/example_dags/example_branch_operator.py
[2026-05-28T06:23:53.582+0000] {logging_mixin.py:188} INFO - [2026-05-28T06:23:53.582+0000] {dag.py:3089} INFO - Sync 1 DAGs
[2026-05-28T06:23:53.615+0000] {logging_mixin.py:188} INFO - [2026-05-28T06:23:53.614+0000] {dag.py:3947} INFO - Setting next_dagrun for example_branch_operator to 2026-05-27 00:00:00+00:00, run_after=2026-05-28 00:00:00+00:00
[2026-05-28T06:23:53.829+0000] {processor.py:183} INFO - Processing /home/airflow/.local/lib/python3.12/site-packages/airflow/example_dags/example_branch_operator.py took 0.319 seconds
[2026-05-28T06:24:24.083+0000] {processor.py:161} INFO - Started process (PID=1716) to work on /home/airflow/.local/lib/python3.12/site-packages/airflow/example_dags/example_branch_operator.py
[2026-05-28T06:24:24.086+0000] {processor.py:830} INFO - Processing file /home/airflow/.local/lib/python3.12/site-packages/airflow/example_dags/example_branch_operator.py for tasks to queue
[2026-05-28T06:24:24.090+0000] {logging_mixin.py:188} INFO - [2026-05-28T06:24:24.089+0000] {dagbag.py:545} INFO - Filling up the DagBag from /home/airflow/.local/lib/python3.12/site-packages/airflow/example_dags/example_branch_operator.py
[2026-05-28T06:24:24.140+0000] {processor.py:840} INFO - DAG(s) 'example_branch_operator' retrieved from /home/airflow/.local/lib/python3.12/site-packages/airflow/example_dags/example_branch_operator.py
[2026-05-28T06:24:24.190+0000] {logging_mixin.py:188} INFO - [2026-05-28T06:24:24.190+0000] {dag.py:3089} INFO - Sync 1 DAGs
[2026-05-28T06:24:24.459+0000] {logging_mixin.py:188} INFO - [2026-05-28T06:24:24.458+0000] {dag.py:3947} INFO - Setting next_dagrun for example_branch_operator to 2026-05-27 00:00:00+00:00, run_after=2026-05-28 00:00:00+00:00
[2026-05-28T06:24:24.502+0000] {processor.py:183} INFO - Processing /home/airflow/.local/lib/python3.12/site-packages/airflow/example_dags/example_branch_operator.py took 0.435 seconds
[2026-05-28T06:24:54.678+0000] {processor.py:161} INFO - Started process (PID=1774) to work on /home/airflow/.local/lib/python3.12/site-packages/airflow/example_dags/example_branch_operator.py
[2026-05-28T06:24:54.680+0000] {processor.py:830} INFO - Processing file /home/airflow/.local/lib/python3.12/site-packages/airflow/example_dags/example_branch_operator.py for tasks to queue
[2026-05-28T06:24:54.685+0000] {logging_mixin.py:188} INFO - [2026-05-28T06:24:54.683+0000] {dagbag.py:545} INFO - Filling up the DagBag from /home/airflow/.local/lib/python3.12/site-packages/airflow/example_dags/example_branch_operator.py
[2026-05-28T06:24:54.720+0000] {processor.py:840} INFO - DAG(s) 'example_branch_operator' retrieved from /home/airflow/.local/lib/python3.12/site-packages/airflow/example_dags/example_branch_operator.py
[2026-05-28T06:24:54.761+0000] {logging_mixin.py:188} INFO - [2026-05-28T06:24:54.760+0000] {dag.py:3089} INFO - Sync 1 DAGs
[2026-05-28T06:24:55.005+0000] {logging_mixin.py:188} INFO - [2026-05-28T06:24:55.005+0000] {dag.py:3947} INFO - Setting next_dagrun for example_branch_operator to 2026-05-27 00:00:00+00:00, run_after=2026-05-28 00:00:00+00:00
[2026-05-28T06:24:55.037+0000] {processor.py:183} INFO - Processing /home/airflow/.local/lib/python3.12/site-packages/airflow/example_dags/example_branch_operator.py took 0.369 seconds
[2026-05-28T06:25:25.911+0000] {processor.py:161} INFO - Started process (PID=1832) to work on /home/airflow/.local/lib/python3.12/site-packages/airflow/example_dags/example_branch_operator.py
[2026-05-28T06:25:25.915+0000] {processor.py:830} INFO - Processing file /home/airflow/.local/lib/python3.12/site-packages/airflow/example_dags/example_branch_operator.py for tasks to queue
[2026-05-28T06:25:25.918+0000] {logging_mixin.py:188} INFO - [2026-05-28T06:25:25.917+0000] {dagbag.py:545} INFO - Filling up the DagBag from /home/airflow/.local/lib/python3.12/site-packages/airflow/example_dags/example_branch_operator.py
[2026-05-28T06:25:25.969+0000] {processor.py:840} INFO - DAG(s) 'example_branch_operator' retrieved from /home/airflow/.local/lib/python3.12/site-packages/airflow/example_dags/example_branch_operator.py
[2026-05-28T06:25:26.031+0000] {logging_mixin.py:188} INFO - [2026-05-28T06:25:26.030+0000] {dag.py:3089} INFO - Sync 1 DAGs
[2026-05-28T06:25:26.068+0000] {logging_mixin.py:188} INFO - [2026-05-28T06:25:26.068+0000] {dag.py:3947} INFO - Setting next_dagrun for example_branch_operator to 2026-05-27 00:00:00+00:00, run_after=2026-05-28 00:00:00+00:00
[2026-05-28T06:25:26.393+0000] {processor.py:183} INFO - Processing /home/airflow/.local/lib/python3.12/site-packages/airflow/example_dags/example_branch_operator.py took 0.492 seconds
[2026-05-28T06:25:56.564+0000] {processor.py:161} INFO - Started process (PID=1896) to work on /home/airflow/.local/lib/python3.12/site-packages/airflow/example_dags/example_branch_operator.py
[2026-05-28T06:25:56.565+0000] {processor.py:830} INFO - Processing file /home/airflow/.local/lib/python3.12/site-packages/airflow/example_dags/example_branch_operator.py for tasks to queue
[2026-05-28T06:25:56.569+0000] {logging_mixin.py:188} INFO - [2026-05-28T06:25:56.568+0000] {dagbag.py:545} INFO - Filling up the DagBag from /home/airflow/.local/lib/python3.12/site-packages/airflow/example_dags/example_branch_operator.py
[2026-05-28T06:25:56.595+0000] {processor.py:840} INFO - DAG(s) 'example_branch_operator' retrieved from /home/airflow/.local/lib/python3.12/site-packages/airflow/example_dags/example_branch_operator.py
[2026-05-28T06:25:56.638+0000] {logging_mixin.py:188} INFO - [2026-05-28T06:25:56.637+0000] {dag.py:3089} INFO - Sync 1 DAGs
[2026-05-28T06:25:56.674+0000] {logging_mixin.py:188} INFO - [2026-05-28T06:25:56.674+0000] {dag.py:3947} INFO - Setting next_dagrun for example_branch_operator to 2026-05-27 00:00:00+00:00, run_after=2026-05-28 00:00:00+00:00
[2026-05-28T06:25:56.952+0000] {processor.py:183} INFO - Processing /home/airflow/.local/lib/python3.12/site-packages/airflow/example_dags/example_branch_operator.py took 0.397 seconds
[2026-05-28T06:26:27.810+0000] {processor.py:161} INFO - Started process (PID=1954) to work on /home/airflow/.local/lib/python3.12/site-packages/airflow/example_dags/example_branch_operator.py
[2026-05-28T06:26:27.813+0000] {processor.py:830} INFO - Processing file /home/airflow/.local/lib/python3.12/site-packages/airflow/example_dags/example_branch_operator.py for tasks to queue
[2026-05-28T06:26:27.818+0000] {logging_mixin.py:188} INFO - [2026-05-28T06:26:27.817+0000] {dagbag.py:545} INFO - Filling up the DagBag from /home/airflow/.local/lib/python3.12/site-packages/airflow/example_dags/example_branch_operator.py
[2026-05-28T06:26:27.846+0000] {processor.py:840} INFO - DAG(s) 'example_branch_operator' retrieved from /home/airflow/.local/lib/python3.12/site-packages/airflow/example_dags/example_branch_operator.py
[2026-05-28T06:26:27.900+0000] {logging_mixin.py:188} INFO - [2026-05-28T06:26:27.899+0000] {dag.py:3089} INFO - Sync 1 DAGs
[2026-05-28T06:26:27.938+0000] {logging_mixin.py:188} INFO - [2026-05-28T06:26:27.938+0000] {dag.py:3947} INFO - Setting next_dagrun for example_branch_operator to 2026-05-27 00:00:00+00:00, run_after=2026-05-28 00:00:00+00:00
[2026-05-28T06:26:28.203+0000] {processor.py:183} INFO - Processing /home/airflow/.local/lib/python3.12/site-packages/airflow/example_dags/example_branch_operator.py took 0.402 seconds
[2026-05-28T06:26:59.066+0000] {processor.py:161} INFO - Started process (PID=2012) to work on /home/airflow/.local/lib/python3.12/site-packages/airflow/example_dags/example_branch_operator.py
[2026-05-28T06:26:59.068+0000] {processor.py:830} INFO - Processing file /home/airflow/.local/lib/python3.12/site-packages/airflow/example_dags/example_branch_operator.py for tasks to queue
[2026-05-28T06:26:59.072+0000] {logging_mixin.py:188} INFO - [2026-05-28T06:26:59.072+0000] {dagbag.py:545} INFO - Filling up the DagBag from /home/airflow/.local/lib/python3.12/site-packages/airflow/example_dags/example_branch_operator.py
[2026-05-28T06:26:59.101+0000] {processor.py:840} INFO - DAG(s) 'example_branch_operator' retrieved from /home/airflow/.local/lib/python3.12/site-packages/airflow/example_dags/example_branch_operator.py
[2026-05-28T06:26:59.165+0000] {logging_mixin.py:188} INFO - [2026-05-28T06:26:59.164+0000] {dag.py:3089} INFO - Sync 1 DAGs
[2026-05-28T06:26:59.204+0000] {logging_mixin.py:188} INFO - [2026-05-28T06:26:59.203+0000] {dag.py:3947} INFO - Setting next_dagrun for example_branch_operator to 2026-05-27 00:00:00+00:00, run_after=2026-05-28 00:00:00+00:00
[2026-05-28T06:26:59.485+0000] {processor.py:183} INFO - Processing /home/airflow/.local/lib/python3.12/site-packages/airflow/example_dags/example_branch_operator.py took 0.427 seconds
[2026-05-28T06:27:29.560+0000] {processor.py:161} INFO - Started process (PID=2071) to work on /home/airflow/.local/lib/python3.12/site-packages/airflow/example_dags/example_branch_operator.py
[2026-05-28T06:27:29.562+0000] {processor.py:830} INFO - Processing file /home/airflow/.local/lib/python3.12/site-packages/airflow/example_dags/example_branch_operator.py for tasks to queue
[2026-05-28T06:27:29.566+0000] {logging_mixin.py:188} INFO - [2026-05-28T06:27:29.566+0000] {dagbag.py:545} INFO - Filling up the DagBag from /home/airflow/.local/lib/python3.12/site-packages/airflow/example_dags/example_branch_operator.py
[2026-05-28T06:27:29.598+0000] {processor.py:840} INFO - DAG(s) 'example_branch_operator' retrieved from /home/airflow/.local/lib/python3.12/site-packages/airflow/example_dags/example_branch_operator.py
[2026-05-28T06:27:29.657+0000] {logging_mixin.py:188} INFO - [2026-05-28T06:27:29.656+0000] {dag.py:3089} INFO - Sync 1 DAGs
[2026-05-28T06:27:29.692+0000] {logging_mixin.py:188} INFO - [2026-05-28T06:27:29.692+0000] {dag.py:3947} INFO - Setting next_dagrun for example_branch_operator to 2026-05-27 00:00:00+00:00, run_after=2026-05-28 00:00:00+00:00
[2026-05-28T06:27:29.732+0000] {processor.py:183} INFO - Processing /home/airflow/.local/lib/python3.12/site-packages/airflow/example_dags/example_branch_operator.py took 0.183 seconds
[2026-05-28T06:28:00.369+0000] {processor.py:161} INFO - Started process (PID=2128) to work on /home/airflow/.local/lib/python3.12/site-packages/airflow/example_dags/example_branch_operator.py
[2026-05-28T06:28:00.373+0000] {processor.py:830} INFO - Processing file /home/airflow/.local/lib/python3.12/site-packages/airflow/example_dags/example_branch_operator.py for tasks to queue
[2026-05-28T06:28:00.377+0000] {logging_mixin.py:188} INFO - [2026-05-28T06:28:00.377+0000] {dagbag.py:545} INFO - Filling up the DagBag from /home/airflow/.local/lib/python3.12/site-packages/airflow/example_dags/example_branch_operator.py
[2026-05-28T06:28:00.421+0000] {processor.py:840} INFO - DAG(s) 'example_branch_operator' retrieved from /home/airflow/.local/lib/python3.12/site-packages/airflow/example_dags/example_branch_operator.py
[2026-05-28T06:28:00.495+0000] {logging_mixin.py:188} INFO - [2026-05-28T06:28:00.495+0000] {dag.py:3089} INFO - Sync 1 DAGs
[2026-05-28T06:28:00.554+0000] {logging_mixin.py:188} INFO - [2026-05-28T06:28:00.554+0000] {dag.py:3947} INFO - Setting next_dagrun for example_branch_operator to 2026-05-27 00:00:00+00:00, run_after=2026-05-28 00:00:00+00:00
[2026-05-28T06:28:00.619+0000] {processor.py:183} INFO - Processing /home/airflow/.local/lib/python3.12/site-packages/airflow/example_dags/example_branch_operator.py took 0.266 seconds
[2026-05-28T06:29:04.434+0000] {processor.py:161} INFO - Started process (PID=2192) to work on /home/airflow/.local/lib/python3.12/site-packages/airflow/example_dags/example_branch_operator.py
[2026-05-28T06:29:04.538+0000] {processor.py:830} INFO - Processing file /home/airflow/.local/lib/python3.12/site-packages/airflow/example_dags/example_branch_operator.py for tasks to queue
[2026-05-28T06:29:04.639+0000] {logging_mixin.py:188} INFO - [2026-05-28T06:29:04.623+0000] {dagbag.py:545} INFO - Filling up the DagBag from /home/airflow/.local/lib/python3.12/site-packages/airflow/example_dags/example_branch_operator.py
[2026-05-28T06:29:06.188+0000] {processor.py:840} INFO - DAG(s) 'example_branch_operator' retrieved from /home/airflow/.local/lib/python3.12/site-packages/airflow/example_dags/example_branch_operator.py
[2026-05-28T06:29:07.802+0000] {logging_mixin.py:188} INFO - [2026-05-28T06:29:07.799+0000] {dag.py:3089} INFO - Sync 1 DAGs
[2026-05-28T06:29:08.884+0000] {logging_mixin.py:188} INFO - [2026-05-28T06:29:08.882+0000] {dag.py:3947} INFO - Setting next_dagrun for example_branch_operator to 2026-05-27 00:00:00+00:00, run_after=2026-05-28 00:00:00+00:00
[2026-05-28T06:29:09.631+0000] {processor.py:183} INFO - Processing /home/airflow/.local/lib/python3.12/site-packages/airflow/example_dags/example_branch_operator.py took 5.519 seconds
[2026-05-28T06:30:49.433+0000] {processor.py:161} INFO - Started process (PID=2260) to work on /home/airflow/.local/lib/python3.12/site-packages/airflow/example_dags/example_branch_operator.py
[2026-05-28T06:30:49.441+0000] {processor.py:830} INFO - Processing file /home/airflow/.local/lib/python3.12/site-packages/airflow/example_dags/example_branch_operator.py for tasks to queue
[2026-05-28T06:30:49.454+0000] {logging_mixin.py:188} INFO - [2026-05-28T06:30:49.452+0000] {dagbag.py:545} INFO - Filling up the DagBag from /home/airflow/.local/lib/python3.12/site-packages/airflow/example_dags/example_branch_operator.py
[2026-05-28T06:30:49.592+0000] {processor.py:840} INFO - DAG(s) 'example_branch_operator' retrieved from /home/airflow/.local/lib/python3.12/site-packages/airflow/example_dags/example_branch_operator.py
[2026-05-28T06:30:49.888+0000] {logging_mixin.py:188} INFO - [2026-05-28T06:30:49.886+0000] {dag.py:3089} INFO - Sync 1 DAGs
[2026-05-28T06:30:50.093+0000] {logging_mixin.py:188} INFO - [2026-05-28T06:30:50.091+0000] {dag.py:3947} INFO - Setting next_dagrun for example_branch_operator to 2026-05-27 00:00:00+00:00, run_after=2026-05-28 00:00:00+00:00
[2026-05-28T06:30:50.266+0000] {processor.py:183} INFO - Processing /home/airflow/.local/lib/python3.12/site-packages/airflow/example_dags/example_branch_operator.py took 0.879 seconds
[2026-05-28T06:31:20.846+0000] {processor.py:161} INFO - Started process (PID=2318) to work on /home/airflow/.local/lib/python3.12/site-packages/airflow/example_dags/example_branch_operator.py
[2026-05-28T06:31:20.850+0000] {processor.py:830} INFO - Processing file /home/airflow/.local/lib/python3.12/site-packages/airflow/example_dags/example_branch_operator.py for tasks to queue
[2026-05-28T06:31:20.863+0000] {logging_mixin.py:188} INFO - [2026-05-28T06:31:20.861+0000] {dagbag.py:545} INFO - Filling up the DagBag from /home/airflow/.local/lib/python3.12/site-packages/airflow/example_dags/example_branch_operator.py
[2026-05-28T06:31:20.944+0000] {processor.py:840} INFO - DAG(s) 'example_branch_operator' retrieved from /home/airflow/.local/lib/python3.12/site-packages/airflow/example_dags/example_branch_operator.py
[2026-05-28T06:31:21.058+0000] {logging_mixin.py:188} INFO - [2026-05-28T06:31:21.057+0000] {dag.py:3089} INFO - Sync 1 DAGs
[2026-05-28T06:31:21.118+0000] {logging_mixin.py:188} INFO - [2026-05-28T06:31:21.117+0000] {dag.py:3947} INFO - Setting next_dagrun for example_branch_operator to 2026-05-27 00:00:00+00:00, run_after=2026-05-28 00:00:00+00:00
[2026-05-28T06:31:21.185+0000] {processor.py:183} INFO - Processing /home/airflow/.local/lib/python3.12/site-packages/airflow/example_dags/example_branch_operator.py took 0.362 seconds
[2026-05-28T06:31:51.943+0000] {processor.py:161} INFO - Started process (PID=2377) to work on /home/airflow/.local/lib/python3.12/site-packages/airflow/example_dags/example_branch_operator.py
[2026-05-28T06:31:51.946+0000] {processor.py:830} INFO - Processing file /home/airflow/.local/lib/python3.12/site-packages/airflow/example_dags/example_branch_operator.py for tasks to queue
[2026-05-28T06:31:51.953+0000] {logging_mixin.py:188} INFO - [2026-05-28T06:31:51.952+0000] {dagbag.py:545} INFO - Filling up the DagBag from /home/airflow/.local/lib/python3.12/site-packages/airflow/example_dags/example_branch_operator.py
[2026-05-28T06:31:52.020+0000] {processor.py:840} INFO - DAG(s) 'example_branch_operator' retrieved from /home/airflow/.local/lib/python3.12/site-packages/airflow/example_dags/example_branch_operator.py
[2026-05-28T06:31:52.131+0000] {logging_mixin.py:188} INFO - [2026-05-28T06:31:52.130+0000] {dag.py:3089} INFO - Sync 1 DAGs
[2026-05-28T06:31:52.211+0000] {logging_mixin.py:188} INFO - [2026-05-28T06:31:52.210+0000] {dag.py:3947} INFO - Setting next_dagrun for example_branch_operator to 2026-05-27 00:00:00+00:00, run_after=2026-05-28 00:00:00+00:00
[2026-05-28T06:31:52.280+0000] {processor.py:183} INFO - Processing /home/airflow/.local/lib/python3.12/site-packages/airflow/example_dags/example_branch_operator.py took 0.359 seconds
[2026-05-28T06:32:24.187+0000] {processor.py:161} INFO - Started process (PID=2434) to work on /home/airflow/.local/lib/python3.12/site-packages/airflow/example_dags/example_branch_operator.py
[2026-05-28T06:32:24.191+0000] {processor.py:830} INFO - Processing file /home/airflow/.local/lib/python3.12/site-packages/airflow/example_dags/example_branch_operator.py for tasks to queue
[2026-05-28T06:32:24.205+0000] {logging_mixin.py:188} INFO - [2026-05-28T06:32:24.203+0000] {dagbag.py:545} INFO - Filling up the DagBag from /home/airflow/.local/lib/python3.12/site-packages/airflow/example_dags/example_branch_operator.py
[2026-05-28T06:32:24.331+0000] {processor.py:840} INFO - DAG(s) 'example_branch_operator' retrieved from /home/airflow/.local/lib/python3.12/site-packages/airflow/example_dags/example_branch_operator.py
[2026-05-28T06:32:24.515+0000] {logging_mixin.py:188} INFO - [2026-05-28T06:32:24.514+0000] {dag.py:3089} INFO - Sync 1 DAGs
[2026-05-28T06:32:24.672+0000] {logging_mixin.py:188} INFO - [2026-05-28T06:32:24.671+0000] {dag.py:3947} INFO - Setting next_dagrun for example_branch_operator to 2026-05-27 00:00:00+00:00, run_after=2026-05-28 00:00:00+00:00
[2026-05-28T06:32:24.850+0000] {processor.py:183} INFO - Processing /home/airflow/.local/lib/python3.12/site-packages/airflow/example_dags/example_branch_operator.py took 0.696 seconds
[2026-05-28T06:32:55.427+0000] {processor.py:161} INFO - Started process (PID=2492) to work on /home/airflow/.local/lib/python3.12/site-packages/airflow/example_dags/example_branch_operator.py
[2026-05-28T06:32:55.430+0000] {processor.py:830} INFO - Processing file /home/airflow/.local/lib/python3.12/site-packages/airflow/example_dags/example_branch_operator.py for tasks to queue
[2026-05-28T06:32:55.436+0000] {logging_mixin.py:188} INFO - [2026-05-28T06:32:55.435+0000] {dagbag.py:545} INFO - Filling up the DagBag from /home/airflow/.local/lib/python3.12/site-packages/airflow/example_dags/example_branch_operator.py
[2026-05-28T06:32:55.486+0000] {processor.py:840} INFO - DAG(s) 'example_branch_operator' retrieved from /home/airflow/.local/lib/python3.12/site-packages/airflow/example_dags/example_branch_operator.py
[2026-05-28T06:32:55.572+0000] {logging_mixin.py:188} INFO - [2026-05-28T06:32:55.571+0000] {dag.py:3089} INFO - Sync 1 DAGs
[2026-05-28T06:32:55.636+0000] {logging_mixin.py:188} INFO - [2026-05-28T06:32:55.636+0000] {dag.py:3947} INFO - Setting next_dagrun for example_branch_operator to 2026-05-27 00:00:00+00:00, run_after=2026-05-28 00:00:00+00:00
[2026-05-28T06:32:55.694+0000] {processor.py:183} INFO - Processing /home/airflow/.local/lib/python3.12/site-packages/airflow/example_dags/example_branch_operator.py took 0.289 seconds
[2026-05-28T06:33:25.932+0000] {processor.py:161} INFO - Started process (PID=2550) to work on /home/airflow/.local/lib/python3.12/site-packages/airflow/example_dags/example_branch_operator.py
[2026-05-28T06:33:25.938+0000] {processor.py:830} INFO - Processing file /home/airflow/.local/lib/python3.12/site-packages/airflow/example_dags/example_branch_operator.py for tasks to queue
[2026-05-28T06:33:25.944+0000] {logging_mixin.py:188} INFO - [2026-05-28T06:33:25.943+0000] {dagbag.py:545} INFO - Filling up the DagBag from /home/airflow/.local/lib/python3.12/site-packages/airflow/example_dags/example_branch_operator.py
[2026-05-28T06:33:26.003+0000] {processor.py:840} INFO - DAG(s) 'example_branch_operator' retrieved from /home/airflow/.local/lib/python3.12/site-packages/airflow/example_dags/example_branch_operator.py
[2026-05-28T06:33:26.112+0000] {logging_mixin.py:188} INFO - [2026-05-28T06:33:26.112+0000] {dag.py:3089} INFO - Sync 1 DAGs
[2026-05-28T06:33:26.204+0000] {logging_mixin.py:188} INFO - [2026-05-28T06:33:26.204+0000] {dag.py:3947} INFO - Setting next_dagrun for example_branch_operator to 2026-05-27 00:00:00+00:00, run_after=2026-05-28 00:00:00+00:00
[2026-05-28T06:33:26.272+0000] {processor.py:183} INFO - Processing /home/airflow/.local/lib/python3.12/site-packages/airflow/example_dags/example_branch_operator.py took 0.356 seconds
[2026-05-28T06:33:56.859+0000] {processor.py:161} INFO - Started process (PID=2608) to work on /home/airflow/.local/lib/python3.12/site-packages/airflow/example_dags/example_branch_operator.py
[2026-05-28T06:33:56.863+0000] {processor.py:830} INFO - Processing file /home/airflow/.local/lib/python3.12/site-packages/airflow/example_dags/example_branch_operator.py for tasks to queue
[2026-05-28T06:33:56.870+0000] {logging_mixin.py:188} INFO - [2026-05-28T06:33:56.869+0000] {dagbag.py:545} INFO - Filling up the DagBag from /home/airflow/.local/lib/python3.12/site-packages/airflow/example_dags/example_branch_operator.py
[2026-05-28T06:33:56.919+0000] {processor.py:840} INFO - DAG(s) 'example_branch_operator' retrieved from /home/airflow/.local/lib/python3.12/site-packages/airflow/example_dags/example_branch_operator.py
[2026-05-28T06:33:57.001+0000] {logging_mixin.py:188} INFO - [2026-05-28T06:33:57.000+0000] {dag.py:3089} INFO - Sync 1 DAGs
[2026-05-28T06:33:57.103+0000] {logging_mixin.py:188} INFO - [2026-05-28T06:33:57.102+0000] {dag.py:3947} INFO - Setting next_dagrun for example_branch_operator to 2026-05-27 00:00:00+00:00, run_after=2026-05-28 00:00:00+00:00
[2026-05-28T06:33:57.193+0000] {processor.py:183} INFO - Processing /home/airflow/.local/lib/python3.12/site-packages/airflow/example_dags/example_branch_operator.py took 0.352 seconds
[2026-05-28T06:34:27.437+0000] {processor.py:161} INFO - Started process (PID=2667) to work on /home/airflow/.local/lib/python3.12/site-packages/airflow/example_dags/example_branch_operator.py
[2026-05-28T06:34:27.444+0000] {processor.py:830} INFO - Processing file /home/airflow/.local/lib/python3.12/site-packages/airflow/example_dags/example_branch_operator.py for tasks to queue
[2026-05-28T06:34:27.458+0000] {logging_mixin.py:188} INFO - [2026-05-28T06:34:27.456+0000] {dagbag.py:545} INFO - Filling up the DagBag from /home/airflow/.local/lib/python3.12/site-packages/airflow/example_dags/example_branch_operator.py
[2026-05-28T06:34:27.528+0000] {processor.py:840} INFO - DAG(s) 'example_branch_operator' retrieved from /home/airflow/.local/lib/python3.12/site-packages/airflow/example_dags/example_branch_operator.py
[2026-05-28T06:34:27.621+0000] {logging_mixin.py:188} INFO - [2026-05-28T06:34:27.620+0000] {dag.py:3089} INFO - Sync 1 DAGs
[2026-05-28T06:34:27.693+0000] {logging_mixin.py:188} INFO - [2026-05-28T06:34:27.692+0000] {dag.py:3947} INFO - Setting next_dagrun for example_branch_operator to 2026-05-27 00:00:00+00:00, run_after=2026-05-28 00:00:00+00:00
[2026-05-28T06:34:27.749+0000] {processor.py:183} INFO - Processing /home/airflow/.local/lib/python3.12/site-packages/airflow/example_dags/example_branch_operator.py took 0.338 seconds
[2026-05-28T06:34:58.113+0000] {processor.py:161} INFO - Started process (PID=2724) to work on /home/airflow/.local/lib/python3.12/site-packages/airflow/example_dags/example_branch_operator.py
[2026-05-28T06:34:58.116+0000] {processor.py:830} INFO - Processing file /home/airflow/.local/lib/python3.12/site-packages/airflow/example_dags/example_branch_operator.py for tasks to queue
[2026-05-28T06:34:58.123+0000] {logging_mixin.py:188} INFO - [2026-05-28T06:34:58.122+0000] {dagbag.py:545} INFO - Filling up the DagBag from /home/airflow/.local/lib/python3.12/site-packages/airflow/example_dags/example_branch_operator.py
[2026-05-28T06:34:58.170+0000] {processor.py:840} INFO - DAG(s) 'example_branch_operator' retrieved from /home/airflow/.local/lib/python3.12/site-packages/airflow/example_dags/example_branch_operator.py
[2026-05-28T06:34:58.263+0000] {logging_mixin.py:188} INFO - [2026-05-28T06:34:58.262+0000] {dag.py:3089} INFO - Sync 1 DAGs
[2026-05-28T06:34:58.340+0000] {logging_mixin.py:188} INFO - [2026-05-28T06:34:58.339+0000] {dag.py:3947} INFO - Setting next_dagrun for example_branch_operator to 2026-05-27 00:00:00+00:00, run_after=2026-05-28 00:00:00+00:00
[2026-05-28T06:34:58.396+0000] {processor.py:183} INFO - Processing /home/airflow/.local/lib/python3.12/site-packages/airflow/example_dags/example_branch_operator.py took 0.298 seconds
[2026-05-28T06:35:29.322+0000] {processor.py:161} INFO - Started process (PID=2782) to work on /home/airflow/.local/lib/python3.12/site-packages/airflow/example_dags/example_branch_operator.py
[2026-05-28T06:35:29.325+0000] {processor.py:830} INFO - Processing file /home/airflow/.local/lib/python3.12/site-packages/airflow/example_dags/example_branch_operator.py for tasks to queue
[2026-05-28T06:35:29.329+0000] {logging_mixin.py:188} INFO - [2026-05-28T06:35:29.329+0000] {dagbag.py:545} INFO - Filling up the DagBag from /home/airflow/.local/lib/python3.12/site-packages/airflow/example_dags/example_branch_operator.py
[2026-05-28T06:35:29.369+0000] {processor.py:840} INFO - DAG(s) 'example_branch_operator' retrieved from /home/airflow/.local/lib/python3.12/site-packages/airflow/example_dags/example_branch_operator.py
[2026-05-28T06:35:29.447+0000] {logging_mixin.py:188} INFO - [2026-05-28T06:35:29.446+0000] {dag.py:3089} INFO - Sync 1 DAGs
[2026-05-28T06:35:29.516+0000] {logging_mixin.py:188} INFO - [2026-05-28T06:35:29.515+0000] {dag.py:3947} INFO - Setting next_dagrun for example_branch_operator to 2026-05-27 00:00:00+00:00, run_after=2026-05-28 00:00:00+00:00
[2026-05-28T06:35:29.581+0000] {processor.py:183} INFO - Processing /home/airflow/.local/lib/python3.12/site-packages/airflow/example_dags/example_branch_operator.py took 0.275 seconds
[2026-05-28T06:36:00.338+0000] {processor.py:161} INFO - Started process (PID=2840) to work on /home/airflow/.local/lib/python3.12/site-packages/airflow/example_dags/example_branch_operator.py
[2026-05-28T06:36:00.342+0000] {processor.py:830} INFO - Processing file /home/airflow/.local/lib/python3.12/site-packages/airflow/example_dags/example_branch_operator.py for tasks to queue
[2026-05-28T06:36:00.350+0000] {logging_mixin.py:188} INFO - [2026-05-28T06:36:00.349+0000] {dagbag.py:545} INFO - Filling up the DagBag from /home/airflow/.local/lib/python3.12/site-packages/airflow/example_dags/example_branch_operator.py
[2026-05-28T06:36:00.428+0000] {processor.py:840} INFO - DAG(s) 'example_branch_operator' retrieved from /home/airflow/.local/lib/python3.12/site-packages/airflow/example_dags/example_branch_operator.py
[2026-05-28T06:36:00.643+0000] {logging_mixin.py:188} INFO - [2026-05-28T06:36:00.640+0000] {dag.py:3089} INFO - Sync 1 DAGs
[2026-05-28T06:36:00.825+0000] {logging_mixin.py:188} INFO - [2026-05-28T06:36:00.823+0000] {dag.py:3947} INFO - Setting next_dagrun for example_branch_operator to 2026-05-27 00:00:00+00:00, run_after=2026-05-28 00:00:00+00:00
[2026-05-28T06:36:00.985+0000] {processor.py:183} INFO - Processing /home/airflow/.local/lib/python3.12/site-packages/airflow/example_dags/example_branch_operator.py took 0.670 seconds
[2026-05-28T06:36:31.792+0000] {processor.py:161} INFO - Started process (PID=2898) to work on /home/airflow/.local/lib/python3.12/site-packages/airflow/example_dags/example_branch_operator.py
[2026-05-28T06:36:31.795+0000] {processor.py:830} INFO - Processing file /home/airflow/.local/lib/python3.12/site-packages/airflow/example_dags/example_branch_operator.py for tasks to queue
[2026-05-28T06:36:31.802+0000] {logging_mixin.py:188} INFO - [2026-05-28T06:36:31.800+0000] {dagbag.py:545} INFO - Filling up the DagBag from /home/airflow/.local/lib/python3.12/site-packages/airflow/example_dags/example_branch_operator.py
[2026-05-28T06:36:31.850+0000] {processor.py:840} INFO - DAG(s) 'example_branch_operator' retrieved from /home/airflow/.local/lib/python3.12/site-packages/airflow/example_dags/example_branch_operator.py
[2026-05-28T06:36:31.927+0000] {logging_mixin.py:188} INFO - [2026-05-28T06:36:31.926+0000] {dag.py:3089} INFO - Sync 1 DAGs
[2026-05-28T06:36:31.984+0000] {logging_mixin.py:188} INFO - [2026-05-28T06:36:31.983+0000] {dag.py:3947} INFO - Setting next_dagrun for example_branch_operator to 2026-05-27 00:00:00+00:00, run_after=2026-05-28 00:00:00+00:00
[2026-05-28T06:36:32.047+0000] {processor.py:183} INFO - Processing /home/airflow/.local/lib/python3.12/site-packages/airflow/example_dags/example_branch_operator.py took 0.276 seconds
[2026-05-28T06:37:02.311+0000] {processor.py:161} INFO - Started process (PID=2955) to work on /home/airflow/.local/lib/python3.12/site-packages/airflow/example_dags/example_branch_operator.py
[2026-05-28T06:37:02.314+0000] {processor.py:830} INFO - Processing file /home/airflow/.local/lib/python3.12/site-packages/airflow/example_dags/example_branch_operator.py for tasks to queue
[2026-05-28T06:37:02.321+0000] {logging_mixin.py:188} INFO - [2026-05-28T06:37:02.320+0000] {dagbag.py:545} INFO - Filling up the DagBag from /home/airflow/.local/lib/python3.12/site-packages/airflow/example_dags/example_branch_operator.py
[2026-05-28T06:37:02.376+0000] {processor.py:840} INFO - DAG(s) 'example_branch_operator' retrieved from /home/airflow/.local/lib/python3.12/site-packages/airflow/example_dags/example_branch_operator.py
[2026-05-28T06:37:02.486+0000] {logging_mixin.py:188} INFO - [2026-05-28T06:37:02.485+0000] {dag.py:3089} INFO - Sync 1 DAGs
[2026-05-28T06:37:02.560+0000] {logging_mixin.py:188} INFO - [2026-05-28T06:37:02.559+0000] {dag.py:3947} INFO - Setting next_dagrun for example_branch_operator to 2026-05-27 00:00:00+00:00, run_after=2026-05-28 00:00:00+00:00
[2026-05-28T06:37:02.670+0000] {processor.py:183} INFO - Processing /home/airflow/.local/lib/python3.12/site-packages/airflow/example_dags/example_branch_operator.py took 0.378 seconds
[2026-05-28T06:37:33.593+0000] {processor.py:161} INFO - Started process (PID=3015) to work on /home/airflow/.local/lib/python3.12/site-packages/airflow/example_dags/example_branch_operator.py
[2026-05-28T06:37:33.596+0000] {processor.py:830} INFO - Processing file /home/airflow/.local/lib/python3.12/site-packages/airflow/example_dags/example_branch_operator.py for tasks to queue
[2026-05-28T06:37:33.604+0000] {logging_mixin.py:188} INFO - [2026-05-28T06:37:33.603+0000] {dagbag.py:545} INFO - Filling up the DagBag from /home/airflow/.local/lib/python3.12/site-packages/airflow/example_dags/example_branch_operator.py
[2026-05-28T06:37:33.658+0000] {processor.py:840} INFO - DAG(s) 'example_branch_operator' retrieved from /home/airflow/.local/lib/python3.12/site-packages/airflow/example_dags/example_branch_operator.py
[2026-05-28T06:37:33.754+0000] {logging_mixin.py:188} INFO - [2026-05-28T06:37:33.753+0000] {dag.py:3089} INFO - Sync 1 DAGs
[2026-05-28T06:37:33.842+0000] {logging_mixin.py:188} INFO - [2026-05-28T06:37:33.841+0000] {dag.py:3947} INFO - Setting next_dagrun for example_branch_operator to 2026-05-27 00:00:00+00:00, run_after=2026-05-28 00:00:00+00:00
[2026-05-28T06:37:33.911+0000] {processor.py:183} INFO - Processing /home/airflow/.local/lib/python3.12/site-packages/airflow/example_dags/example_branch_operator.py took 0.336 seconds
[2026-05-28T06:38:04.117+0000] {processor.py:161} INFO - Started process (PID=3073) to work on /home/airflow/.local/lib/python3.12/site-packages/airflow/example_dags/example_branch_operator.py
[2026-05-28T06:38:04.120+0000] {processor.py:830} INFO - Processing file /home/airflow/.local/lib/python3.12/site-packages/airflow/example_dags/example_branch_operator.py for tasks to queue
[2026-05-28T06:38:04.125+0000] {logging_mixin.py:188} INFO - [2026-05-28T06:38:04.124+0000] {dagbag.py:545} INFO - Filling up the DagBag from /home/airflow/.local/lib/python3.12/site-packages/airflow/example_dags/example_branch_operator.py
[2026-05-28T06:38:04.169+0000] {processor.py:840} INFO - DAG(s) 'example_branch_operator' retrieved from /home/airflow/.local/lib/python3.12/site-packages/airflow/example_dags/example_branch_operator.py
[2026-05-28T06:38:04.252+0000] {logging_mixin.py:188} INFO - [2026-05-28T06:38:04.251+0000] {dag.py:3089} INFO - Sync 1 DAGs
[2026-05-28T06:38:04.308+0000] {logging_mixin.py:188} INFO - [2026-05-28T06:38:04.308+0000] {dag.py:3947} INFO - Setting next_dagrun for example_branch_operator to 2026-05-27 00:00:00+00:00, run_after=2026-05-28 00:00:00+00:00
[2026-05-28T06:38:04.365+0000] {processor.py:183} INFO - Processing /home/airflow/.local/lib/python3.12/site-packages/airflow/example_dags/example_branch_operator.py took 0.263 seconds
[2026-05-28T06:38:34.526+0000] {processor.py:161} INFO - Started process (PID=3131) to work on /home/airflow/.local/lib/python3.12/site-packages/airflow/example_dags/example_branch_operator.py
[2026-05-28T06:38:34.528+0000] {processor.py:830} INFO - Processing file /home/airflow/.local/lib/python3.12/site-packages/airflow/example_dags/example_branch_operator.py for tasks to queue
[2026-05-28T06:38:34.534+0000] {logging_mixin.py:188} INFO - [2026-05-28T06:38:34.533+0000] {dagbag.py:545} INFO - Filling up the DagBag from /home/airflow/.local/lib/python3.12/site-packages/airflow/example_dags/example_branch_operator.py
[2026-05-28T06:38:34.577+0000] {processor.py:840} INFO - DAG(s) 'example_branch_operator' retrieved from /home/airflow/.local/lib/python3.12/site-packages/airflow/example_dags/example_branch_operator.py
[2026-05-28T06:38:34.654+0000] {logging_mixin.py:188} INFO - [2026-05-28T06:38:34.653+0000] {dag.py:3089} INFO - Sync 1 DAGs
[2026-05-28T06:38:34.708+0000] {logging_mixin.py:188} INFO - [2026-05-28T06:38:34.707+0000] {dag.py:3947} INFO - Setting next_dagrun for example_branch_operator to 2026-05-27 00:00:00+00:00, run_after=2026-05-28 00:00:00+00:00
[2026-05-28T06:38:34.763+0000] {processor.py:183} INFO - Processing /home/airflow/.local/lib/python3.12/site-packages/airflow/example_dags/example_branch_operator.py took 0.253 seconds
[2026-05-28T06:39:05.330+0000] {processor.py:161} INFO - Started process (PID=3189) to work on /home/airflow/.local/lib/python3.12/site-packages/airflow/example_dags/example_branch_operator.py
[2026-05-28T06:39:05.333+0000] {processor.py:830} INFO - Processing file /home/airflow/.local/lib/python3.12/site-packages/airflow/example_dags/example_branch_operator.py for tasks to queue
[2026-05-28T06:39:05.337+0000] {logging_mixin.py:188} INFO - [2026-05-28T06:39:05.336+0000] {dagbag.py:545} INFO - Filling up the DagBag from /home/airflow/.local/lib/python3.12/site-packages/airflow/example_dags/example_branch_operator.py
[2026-05-28T06:39:05.390+0000] {processor.py:840} INFO - DAG(s) 'example_branch_operator' retrieved from /home/airflow/.local/lib/python3.12/site-packages/airflow/example_dags/example_branch_operator.py
[2026-05-28T06:39:05.480+0000] {logging_mixin.py:188} INFO - [2026-05-28T06:39:05.480+0000] {dag.py:3089} INFO - Sync 1 DAGs
[2026-05-28T06:39:05.544+0000] {logging_mixin.py:188} INFO - [2026-05-28T06:39:05.544+0000] {dag.py:3947} INFO - Setting next_dagrun for example_branch_operator to 2026-05-27 00:00:00+00:00, run_after=2026-05-28 00:00:00+00:00
[2026-05-28T06:39:05.606+0000] {processor.py:183} INFO - Processing /home/airflow/.local/lib/python3.12/site-packages/airflow/example_dags/example_branch_operator.py took 0.293 seconds
[2026-05-28T06:39:35.935+0000] {processor.py:161} INFO - Started process (PID=3247) to work on /home/airflow/.local/lib/python3.12/site-packages/airflow/example_dags/example_branch_operator.py
[2026-05-28T06:39:35.938+0000] {processor.py:830} INFO - Processing file /home/airflow/.local/lib/python3.12/site-packages/airflow/example_dags/example_branch_operator.py for tasks to queue
[2026-05-28T06:39:35.944+0000] {logging_mixin.py:188} INFO - [2026-05-28T06:39:35.943+0000] {dagbag.py:545} INFO - Filling up the DagBag from /home/airflow/.local/lib/python3.12/site-packages/airflow/example_dags/example_branch_operator.py
[2026-05-28T06:39:35.992+0000] {processor.py:840} INFO - DAG(s) 'example_branch_operator' retrieved from /home/airflow/.local/lib/python3.12/site-packages/airflow/example_dags/example_branch_operator.py
[2026-05-28T06:39:36.061+0000] {logging_mixin.py:188} INFO - [2026-05-28T06:39:36.061+0000] {dag.py:3089} INFO - Sync 1 DAGs
[2026-05-28T06:39:36.121+0000] {logging_mixin.py:188} INFO - [2026-05-28T06:39:36.120+0000] {dag.py:3947} INFO - Setting next_dagrun for example_branch_operator to 2026-05-27 00:00:00+00:00, run_after=2026-05-28 00:00:00+00:00
[2026-05-28T06:39:36.174+0000] {processor.py:183} INFO - Processing /home/airflow/.local/lib/python3.12/site-packages/airflow/example_dags/example_branch_operator.py took 0.255 seconds
[2026-05-28T06:40:07.042+0000] {processor.py:161} INFO - Started process (PID=3305) to work on /home/airflow/.local/lib/python3.12/site-packages/airflow/example_dags/example_branch_operator.py
[2026-05-28T06:40:07.045+0000] {processor.py:830} INFO - Processing file /home/airflow/.local/lib/python3.12/site-packages/airflow/example_dags/example_branch_operator.py for tasks to queue
[2026-05-28T06:40:07.051+0000] {logging_mixin.py:188} INFO - [2026-05-28T06:40:07.050+0000] {dagbag.py:545} INFO - Filling up the DagBag from /home/airflow/.local/lib/python3.12/site-packages/airflow/example_dags/example_branch_operator.py
[2026-05-28T06:40:07.109+0000] {processor.py:840} INFO - DAG(s) 'example_branch_operator' retrieved from /home/airflow/.local/lib/python3.12/site-packages/airflow/example_dags/example_branch_operator.py
[2026-05-28T06:40:07.253+0000] {logging_mixin.py:188} INFO - [2026-05-28T06:40:07.252+0000] {dag.py:3089} INFO - Sync 1 DAGs
[2026-05-28T06:40:07.336+0000] {logging_mixin.py:188} INFO - [2026-05-28T06:40:07.335+0000] {dag.py:3947} INFO - Setting next_dagrun for example_branch_operator to 2026-05-27 00:00:00+00:00, run_after=2026-05-28 00:00:00+00:00
[2026-05-28T06:40:07.402+0000] {processor.py:183} INFO - Processing /home/airflow/.local/lib/python3.12/site-packages/airflow/example_dags/example_branch_operator.py took 0.377 seconds
[2026-05-28T06:40:37.607+0000] {processor.py:161} INFO - Started process (PID=3363) to work on /home/airflow/.local/lib/python3.12/site-packages/airflow/example_dags/example_branch_operator.py
[2026-05-28T06:40:37.608+0000] {processor.py:830} INFO - Processing file /home/airflow/.local/lib/python3.12/site-packages/airflow/example_dags/example_branch_operator.py for tasks to queue
[2026-05-28T06:40:37.611+0000] {logging_mixin.py:188} INFO - [2026-05-28T06:40:37.611+0000] {dagbag.py:545} INFO - Filling up the DagBag from /home/airflow/.local/lib/python3.12/site-packages/airflow/example_dags/example_branch_operator.py
[2026-05-28T06:40:37.640+0000] {processor.py:840} INFO - DAG(s) 'example_branch_operator' retrieved from /home/airflow/.local/lib/python3.12/site-packages/airflow/example_dags/example_branch_operator.py
[2026-05-28T06:40:37.690+0000] {logging_mixin.py:188} INFO - [2026-05-28T06:40:37.690+0000] {dag.py:3089} INFO - Sync 1 DAGs
[2026-05-28T06:40:37.724+0000] {logging_mixin.py:188} INFO - [2026-05-28T06:40:37.724+0000] {dag.py:3947} INFO - Setting next_dagrun for example_branch_operator to 2026-05-27 00:00:00+00:00, run_after=2026-05-28 00:00:00+00:00
[2026-05-28T06:40:37.761+0000] {processor.py:183} INFO - Processing /home/airflow/.local/lib/python3.12/site-packages/airflow/example_dags/example_branch_operator.py took 0.168 seconds
[2026-05-28T06:41:08.064+0000] {processor.py:161} INFO - Started process (PID=3421) to work on /home/airflow/.local/lib/python3.12/site-packages/airflow/example_dags/example_branch_operator.py
[2026-05-28T06:41:08.067+0000] {processor.py:830} INFO - Processing file /home/airflow/.local/lib/python3.12/site-packages/airflow/example_dags/example_branch_operator.py for tasks to queue
[2026-05-28T06:41:08.073+0000] {logging_mixin.py:188} INFO - [2026-05-28T06:41:08.072+0000] {dagbag.py:545} INFO - Filling up the DagBag from /home/airflow/.local/lib/python3.12/site-packages/airflow/example_dags/example_branch_operator.py
[2026-05-28T06:41:08.128+0000] {processor.py:840} INFO - DAG(s) 'example_branch_operator' retrieved from /home/airflow/.local/lib/python3.12/site-packages/airflow/example_dags/example_branch_operator.py
[2026-05-28T06:41:08.239+0000] {logging_mixin.py:188} INFO - [2026-05-28T06:41:08.237+0000] {dag.py:3089} INFO - Sync 1 DAGs
[2026-05-28T06:41:08.318+0000] {logging_mixin.py:188} INFO - [2026-05-28T06:41:08.317+0000] {dag.py:3947} INFO - Setting next_dagrun for example_branch_operator to 2026-05-27 00:00:00+00:00, run_after=2026-05-28 00:00:00+00:00
[2026-05-28T06:41:08.376+0000] {processor.py:183} INFO - Processing /home/airflow/.local/lib/python3.12/site-packages/airflow/example_dags/example_branch_operator.py took 0.328 seconds
[2026-05-28T06:41:38.850+0000] {processor.py:161} INFO - Started process (PID=3479) to work on /home/airflow/.local/lib/python3.12/site-packages/airflow/example_dags/example_branch_operator.py
[2026-05-28T06:41:38.852+0000] {processor.py:830} INFO - Processing file /home/airflow/.local/lib/python3.12/site-packages/airflow/example_dags/example_branch_operator.py for tasks to queue
[2026-05-28T06:41:38.858+0000] {logging_mixin.py:188} INFO - [2026-05-28T06:41:38.857+0000] {dagbag.py:545} INFO - Filling up the DagBag from /home/airflow/.local/lib/python3.12/site-packages/airflow/example_dags/example_branch_operator.py
[2026-05-28T06:41:38.910+0000] {processor.py:840} INFO - DAG(s) 'example_branch_operator' retrieved from /home/airflow/.local/lib/python3.12/site-packages/airflow/example_dags/example_branch_operator.py
[2026-05-28T06:41:39.019+0000] {logging_mixin.py:188} INFO - [2026-05-28T06:41:39.018+0000] {dag.py:3089} INFO - Sync 1 DAGs
[2026-05-28T06:41:39.076+0000] {logging_mixin.py:188} INFO - [2026-05-28T06:41:39.075+0000] {dag.py:3947} INFO - Setting next_dagrun for example_branch_operator to 2026-05-27 00:00:00+00:00, run_after=2026-05-28 00:00:00+00:00
[2026-05-28T06:41:39.112+0000] {processor.py:183} INFO - Processing /home/airflow/.local/lib/python3.12/site-packages/airflow/example_dags/example_branch_operator.py took 0.281 seconds
[2026-05-28T06:42:09.379+0000] {processor.py:161} INFO - Started process (PID=3537) to work on /home/airflow/.local/lib/python3.12/site-packages/airflow/example_dags/example_branch_operator.py
[2026-05-28T06:42:09.382+0000] {processor.py:830} INFO - Processing file /home/airflow/.local/lib/python3.12/site-packages/airflow/example_dags/example_branch_operator.py for tasks to queue
[2026-05-28T06:42:09.387+0000] {logging_mixin.py:188} INFO - [2026-05-28T06:42:09.386+0000] {dagbag.py:545} INFO - Filling up the DagBag from /home/airflow/.local/lib/python3.12/site-packages/airflow/example_dags/example_branch_operator.py
[2026-05-28T06:42:09.432+0000] {processor.py:840} INFO - DAG(s) 'example_branch_operator' retrieved from /home/airflow/.local/lib/python3.12/site-packages/airflow/example_dags/example_branch_operator.py
[2026-05-28T06:42:09.497+0000] {logging_mixin.py:188} INFO - [2026-05-28T06:42:09.496+0000] {dag.py:3089} INFO - Sync 1 DAGs
[2026-05-28T06:42:09.551+0000] {logging_mixin.py:188} INFO - [2026-05-28T06:42:09.550+0000] {dag.py:3947} INFO - Setting next_dagrun for example_branch_operator to 2026-05-27 00:00:00+00:00, run_after=2026-05-28 00:00:00+00:00
[2026-05-28T06:42:09.600+0000] {processor.py:183} INFO - Processing /home/airflow/.local/lib/python3.12/site-packages/airflow/example_dags/example_branch_operator.py took 0.238 seconds
[2026-05-28T06:42:40.232+0000] {processor.py:161} INFO - Started process (PID=3595) to work on /home/airflow/.local/lib/python3.12/site-packages/airflow/example_dags/example_branch_operator.py
[2026-05-28T06:42:40.241+0000] {processor.py:830} INFO - Processing file /home/airflow/.local/lib/python3.12/site-packages/airflow/example_dags/example_branch_operator.py for tasks to queue
[2026-05-28T06:42:40.251+0000] {logging_mixin.py:188} INFO - [2026-05-28T06:42:40.250+0000] {dagbag.py:545} INFO - Filling up the DagBag from /home/airflow/.local/lib/python3.12/site-packages/airflow/example_dags/example_branch_operator.py
[2026-05-28T06:42:40.333+0000] {processor.py:840} INFO - DAG(s) 'example_branch_operator' retrieved from /home/airflow/.local/lib/python3.12/site-packages/airflow/example_dags/example_branch_operator.py
[2026-05-28T06:42:40.465+0000] {logging_mixin.py:188} INFO - [2026-05-28T06:42:40.464+0000] {dag.py:3089} INFO - Sync 1 DAGs
[2026-05-28T06:42:40.577+0000] {logging_mixin.py:188} INFO - [2026-05-28T06:42:40.576+0000] {dag.py:3947} INFO - Setting next_dagrun for example_branch_operator to 2026-05-27 00:00:00+00:00, run_after=2026-05-28 00:00:00+00:00
[2026-05-28T06:42:40.670+0000] {processor.py:183} INFO - Processing /home/airflow/.local/lib/python3.12/site-packages/airflow/example_dags/example_branch_operator.py took 0.462 seconds
[2026-05-28T06:57:07.381+0000] {processor.py:186} INFO - Started process (PID=106) to work on /home/airflow/.local/lib/python3.12/site-packages/airflow/example_dags/example_branch_operator.py
[2026-05-28T06:57:07.384+0000] {processor.py:914} INFO - Processing file /home/airflow/.local/lib/python3.12/site-packages/airflow/example_dags/example_branch_operator.py for tasks to queue
[2026-05-28T06:57:07.391+0000] {logging_mixin.py:190} INFO - [2026-05-28T06:57:07.390+0000] {dagbag.py:588} INFO - Filling up the DagBag from /home/airflow/.local/lib/python3.12/site-packages/airflow/example_dags/example_branch_operator.py
[2026-05-28T06:57:07.439+0000] {processor.py:925} INFO - DAG(s) 'example_branch_operator' retrieved from /home/airflow/.local/lib/python3.12/site-packages/airflow/example_dags/example_branch_operator.py
[2026-05-28T06:57:07.728+0000] {logging_mixin.py:190} INFO - [2026-05-28T06:57:07.726+0000] {override.py:1932} INFO - Created Permission View: can delete on DAG:example_branch_operator
[2026-05-28T06:57:07.780+0000] {logging_mixin.py:190} INFO - [2026-05-28T06:57:07.779+0000] {override.py:1932} INFO - Created Permission View: can edit on DAG:example_branch_operator
[2026-05-28T06:57:07.805+0000] {logging_mixin.py:190} INFO - [2026-05-28T06:57:07.803+0000] {override.py:1932} INFO - Created Permission View: can read on DAG:example_branch_operator
[2026-05-28T06:57:07.827+0000] {logging_mixin.py:190} INFO - [2026-05-28T06:57:07.827+0000] {override.py:1932} INFO - Created Permission View: can delete on DAG Run:example_branch_operator
[2026-05-28T06:57:07.847+0000] {logging_mixin.py:190} INFO - [2026-05-28T06:57:07.847+0000] {override.py:1932} INFO - Created Permission View: menu access on DAG Run:example_branch_operator
[2026-05-28T06:57:07.865+0000] {logging_mixin.py:190} INFO - [2026-05-28T06:57:07.865+0000] {override.py:1932} INFO - Created Permission View: can create on DAG Run:example_branch_operator
[2026-05-28T06:57:07.894+0000] {logging_mixin.py:190} INFO - [2026-05-28T06:57:07.892+0000] {override.py:1932} INFO - Created Permission View: can read on DAG Run:example_branch_operator
[2026-05-28T06:57:07.895+0000] {logging_mixin.py:190} INFO - [2026-05-28T06:57:07.895+0000] {dag.py:3239} INFO - Sync 1 DAGs
[2026-05-28T06:57:07.950+0000] {logging_mixin.py:190} INFO - [2026-05-28T06:57:07.950+0000] {dag.py:3262} INFO - Creating ORM DAG for example_branch_operator
[2026-05-28T06:57:07.985+0000] {logging_mixin.py:190} INFO - [2026-05-28T06:57:07.984+0000] {dag.py:4180} INFO - Setting next_dagrun for example_branch_operator to 2026-05-27 00:00:00+00:00, run_after=2026-05-28 00:00:00+00:00
[2026-05-28T06:57:08.049+0000] {processor.py:208} INFO - Processing /home/airflow/.local/lib/python3.12/site-packages/airflow/example_dags/example_branch_operator.py took 0.685 seconds
[2026-05-28T06:57:54.797+0000] {processor.py:186} INFO - Started process (PID=173) to work on /home/airflow/.local/lib/python3.12/site-packages/airflow/example_dags/example_branch_operator.py
[2026-05-28T06:57:54.800+0000] {processor.py:914} INFO - Processing file /home/airflow/.local/lib/python3.12/site-packages/airflow/example_dags/example_branch_operator.py for tasks to queue
[2026-05-28T06:57:54.808+0000] {logging_mixin.py:190} INFO - [2026-05-28T06:57:54.807+0000] {dagbag.py:588} INFO - Filling up the DagBag from /home/airflow/.local/lib/python3.12/site-packages/airflow/example_dags/example_branch_operator.py
[2026-05-28T06:57:54.868+0000] {processor.py:925} INFO - DAG(s) 'example_branch_operator' retrieved from /home/airflow/.local/lib/python3.12/site-packages/airflow/example_dags/example_branch_operator.py
[2026-05-28T06:57:54.929+0000] {logging_mixin.py:190} INFO - [2026-05-28T06:57:54.929+0000] {dag.py:3239} INFO - Sync 1 DAGs
[2026-05-28T06:57:54.979+0000] {logging_mixin.py:190} INFO - [2026-05-28T06:57:54.979+0000] {dag.py:4180} INFO - Setting next_dagrun for example_branch_operator to 2026-05-27 00:00:00+00:00, run_after=2026-05-28 00:00:00+00:00
[2026-05-28T06:57:55.022+0000] {processor.py:208} INFO - Processing /home/airflow/.local/lib/python3.12/site-packages/airflow/example_dags/example_branch_operator.py took 0.248 seconds
[2026-05-28T06:58:34.783+0000] {processor.py:186} INFO - Started process (PID=237) to work on /home/airflow/.local/lib/python3.12/site-packages/airflow/example_dags/example_branch_operator.py
[2026-05-28T06:58:34.785+0000] {processor.py:914} INFO - Processing file /home/airflow/.local/lib/python3.12/site-packages/airflow/example_dags/example_branch_operator.py for tasks to queue
[2026-05-28T06:58:34.789+0000] {logging_mixin.py:190} INFO - [2026-05-28T06:58:34.789+0000] {dagbag.py:588} INFO - Filling up the DagBag from /home/airflow/.local/lib/python3.12/site-packages/airflow/example_dags/example_branch_operator.py
[2026-05-28T06:58:34.823+0000] {processor.py:925} INFO - DAG(s) 'example_branch_operator' retrieved from /home/airflow/.local/lib/python3.12/site-packages/airflow/example_dags/example_branch_operator.py
[2026-05-28T06:58:34.877+0000] {logging_mixin.py:190} INFO - [2026-05-28T06:58:34.876+0000] {dag.py:3239} INFO - Sync 1 DAGs
[2026-05-28T06:58:34.914+0000] {logging_mixin.py:190} INFO - [2026-05-28T06:58:34.913+0000] {dag.py:4180} INFO - Setting next_dagrun for example_branch_operator to 2026-05-27 00:00:00+00:00, run_after=2026-05-28 00:00:00+00:00
[2026-05-28T06:58:34.957+0000] {processor.py:208} INFO - Processing /home/airflow/.local/lib/python3.12/site-packages/airflow/example_dags/example_branch_operator.py took 0.183 seconds
[2026-05-28T06:59:05.364+0000] {processor.py:186} INFO - Started process (PID=300) to work on /home/airflow/.local/lib/python3.12/site-packages/airflow/example_dags/example_branch_operator.py
[2026-05-28T06:59:05.366+0000] {processor.py:914} INFO - Processing file /home/airflow/.local/lib/python3.12/site-packages/airflow/example_dags/example_branch_operator.py for tasks to queue
[2026-05-28T06:59:05.370+0000] {logging_mixin.py:190} INFO - [2026-05-28T06:59:05.370+0000] {dagbag.py:588} INFO - Filling up the DagBag from /home/airflow/.local/lib/python3.12/site-packages/airflow/example_dags/example_branch_operator.py
[2026-05-28T06:59:05.404+0000] {processor.py:925} INFO - DAG(s) 'example_branch_operator' retrieved from /home/airflow/.local/lib/python3.12/site-packages/airflow/example_dags/example_branch_operator.py
[2026-05-28T06:59:05.457+0000] {logging_mixin.py:190} INFO - [2026-05-28T06:59:05.456+0000] {dag.py:3239} INFO - Sync 1 DAGs
[2026-05-28T06:59:05.495+0000] {logging_mixin.py:190} INFO - [2026-05-28T06:59:05.495+0000] {dag.py:4180} INFO - Setting next_dagrun for example_branch_operator to 2026-05-27 00:00:00+00:00, run_after=2026-05-28 00:00:00+00:00
[2026-05-28T06:59:05.539+0000] {processor.py:208} INFO - Processing /home/airflow/.local/lib/python3.12/site-packages/airflow/example_dags/example_branch_operator.py took 0.186 seconds
[2026-05-28T06:59:35.814+0000] {processor.py:186} INFO - Started process (PID=361) to work on /home/airflow/.local/lib/python3.12/site-packages/airflow/example_dags/example_branch_operator.py
[2026-05-28T06:59:35.816+0000] {processor.py:914} INFO - Processing file /home/airflow/.local/lib/python3.12/site-packages/airflow/example_dags/example_branch_operator.py for tasks to queue
[2026-05-28T06:59:35.821+0000] {logging_mixin.py:190} INFO - [2026-05-28T06:59:35.820+0000] {dagbag.py:588} INFO - Filling up the DagBag from /home/airflow/.local/lib/python3.12/site-packages/airflow/example_dags/example_branch_operator.py
[2026-05-28T06:59:35.849+0000] {processor.py:925} INFO - DAG(s) 'example_branch_operator' retrieved from /home/airflow/.local/lib/python3.12/site-packages/airflow/example_dags/example_branch_operator.py
[2026-05-28T06:59:35.903+0000] {logging_mixin.py:190} INFO - [2026-05-28T06:59:35.902+0000] {dag.py:3239} INFO - Sync 1 DAGs
[2026-05-28T06:59:35.944+0000] {logging_mixin.py:190} INFO - [2026-05-28T06:59:35.944+0000] {dag.py:4180} INFO - Setting next_dagrun for example_branch_operator to 2026-05-27 00:00:00+00:00, run_after=2026-05-28 00:00:00+00:00
[2026-05-28T06:59:35.980+0000] {processor.py:208} INFO - Processing /home/airflow/.local/lib/python3.12/site-packages/airflow/example_dags/example_branch_operator.py took 0.176 seconds
[2026-05-28T07:00:14.893+0000] {processor.py:186} INFO - Started process (PID=424) to work on /home/airflow/.local/lib/python3.12/site-packages/airflow/example_dags/example_branch_operator.py
[2026-05-28T07:00:14.895+0000] {processor.py:914} INFO - Processing file /home/airflow/.local/lib/python3.12/site-packages/airflow/example_dags/example_branch_operator.py for tasks to queue
[2026-05-28T07:00:14.902+0000] {logging_mixin.py:190} INFO - [2026-05-28T07:00:14.901+0000] {dagbag.py:588} INFO - Filling up the DagBag from /home/airflow/.local/lib/python3.12/site-packages/airflow/example_dags/example_branch_operator.py
[2026-05-28T07:00:14.948+0000] {processor.py:925} INFO - DAG(s) 'example_branch_operator' retrieved from /home/airflow/.local/lib/python3.12/site-packages/airflow/example_dags/example_branch_operator.py
[2026-05-28T07:00:15.024+0000] {logging_mixin.py:190} INFO - [2026-05-28T07:00:15.023+0000] {dag.py:3239} INFO - Sync 1 DAGs
[2026-05-28T07:00:15.099+0000] {logging_mixin.py:190} INFO - [2026-05-28T07:00:15.098+0000] {dag.py:4180} INFO - Setting next_dagrun for example_branch_operator to 2026-05-27 00:00:00+00:00, run_after=2026-05-28 00:00:00+00:00
[2026-05-28T07:00:15.139+0000] {processor.py:208} INFO - Processing /home/airflow/.local/lib/python3.12/site-packages/airflow/example_dags/example_branch_operator.py took 0.259 seconds
[2026-05-28T07:00:57.257+0000] {processor.py:186} INFO - Started process (PID=493) to work on /home/airflow/.local/lib/python3.12/site-packages/airflow/example_dags/example_branch_operator.py
[2026-05-28T07:00:57.260+0000] {processor.py:914} INFO - Processing file /home/airflow/.local/lib/python3.12/site-packages/airflow/example_dags/example_branch_operator.py for tasks to queue
[2026-05-28T07:00:57.267+0000] {logging_mixin.py:190} INFO - [2026-05-28T07:00:57.266+0000] {dagbag.py:588} INFO - Filling up the DagBag from /home/airflow/.local/lib/python3.12/site-packages/airflow/example_dags/example_branch_operator.py
[2026-05-28T07:00:57.320+0000] {processor.py:925} INFO - DAG(s) 'example_branch_operator' retrieved from /home/airflow/.local/lib/python3.12/site-packages/airflow/example_dags/example_branch_operator.py
[2026-05-28T07:00:57.377+0000] {logging_mixin.py:190} INFO - [2026-05-28T07:00:57.376+0000] {dag.py:3239} INFO - Sync 1 DAGs
[2026-05-28T07:00:57.412+0000] {logging_mixin.py:190} INFO - [2026-05-28T07:00:57.412+0000] {dag.py:4180} INFO - Setting next_dagrun for example_branch_operator to 2026-05-27 00:00:00+00:00, run_after=2026-05-28 00:00:00+00:00
[2026-05-28T07:00:57.446+0000] {processor.py:208} INFO - Processing /home/airflow/.local/lib/python3.12/site-packages/airflow/example_dags/example_branch_operator.py took 0.204 seconds
[2026-05-28T07:01:34.377+0000] {processor.py:186} INFO - Started process (PID=551) to work on /home/airflow/.local/lib/python3.12/site-packages/airflow/example_dags/example_branch_operator.py
[2026-05-28T07:01:34.379+0000] {processor.py:914} INFO - Processing file /home/airflow/.local/lib/python3.12/site-packages/airflow/example_dags/example_branch_operator.py for tasks to queue
[2026-05-28T07:01:34.384+0000] {logging_mixin.py:190} INFO - [2026-05-28T07:01:34.384+0000] {dagbag.py:588} INFO - Filling up the DagBag from /home/airflow/.local/lib/python3.12/site-packages/airflow/example_dags/example_branch_operator.py
[2026-05-28T07:01:34.436+0000] {processor.py:925} INFO - DAG(s) 'example_branch_operator' retrieved from /home/airflow/.local/lib/python3.12/site-packages/airflow/example_dags/example_branch_operator.py
[2026-05-28T07:01:34.501+0000] {logging_mixin.py:190} INFO - [2026-05-28T07:01:34.500+0000] {dag.py:3239} INFO - Sync 1 DAGs
[2026-05-28T07:01:34.547+0000] {logging_mixin.py:190} INFO - [2026-05-28T07:01:34.546+0000] {dag.py:4180} INFO - Setting next_dagrun for example_branch_operator to 2026-05-27 00:00:00+00:00, run_after=2026-05-28 00:00:00+00:00
[2026-05-28T07:01:34.583+0000] {processor.py:208} INFO - Processing /home/airflow/.local/lib/python3.12/site-packages/airflow/example_dags/example_branch_operator.py took 0.217 seconds
[2026-05-28T07:02:06.262+0000] {processor.py:186} INFO - Started process (PID=613) to work on /home/airflow/.local/lib/python3.12/site-packages/airflow/example_dags/example_branch_operator.py
[2026-05-28T07:02:06.264+0000] {processor.py:914} INFO - Processing file /home/airflow/.local/lib/python3.12/site-packages/airflow/example_dags/example_branch_operator.py for tasks to queue
[2026-05-28T07:02:06.269+0000] {logging_mixin.py:190} INFO - [2026-05-28T07:02:06.269+0000] {dagbag.py:588} INFO - Filling up the DagBag from /home/airflow/.local/lib/python3.12/site-packages/airflow/example_dags/example_branch_operator.py
[2026-05-28T07:02:06.306+0000] {processor.py:925} INFO - DAG(s) 'example_branch_operator' retrieved from /home/airflow/.local/lib/python3.12/site-packages/airflow/example_dags/example_branch_operator.py
[2026-05-28T07:02:06.360+0000] {logging_mixin.py:190} INFO - [2026-05-28T07:02:06.360+0000] {dag.py:3239} INFO - Sync 1 DAGs
[2026-05-28T07:02:06.404+0000] {logging_mixin.py:190} INFO - [2026-05-28T07:02:06.404+0000] {dag.py:4180} INFO - Setting next_dagrun for example_branch_operator to 2026-05-27 00:00:00+00:00, run_after=2026-05-28 00:00:00+00:00
[2026-05-28T07:02:06.460+0000] {processor.py:208} INFO - Processing /home/airflow/.local/lib/python3.12/site-packages/airflow/example_dags/example_branch_operator.py took 0.211 seconds
[2026-05-28T07:02:37.051+0000] {processor.py:186} INFO - Started process (PID=675) to work on /home/airflow/.local/lib/python3.12/site-packages/airflow/example_dags/example_branch_operator.py
[2026-05-28T07:02:37.053+0000] {processor.py:914} INFO - Processing file /home/airflow/.local/lib/python3.12/site-packages/airflow/example_dags/example_branch_operator.py for tasks to queue
[2026-05-28T07:02:37.060+0000] {logging_mixin.py:190} INFO - [2026-05-28T07:02:37.059+0000] {dagbag.py:588} INFO - Filling up the DagBag from /home/airflow/.local/lib/python3.12/site-packages/airflow/example_dags/example_branch_operator.py
[2026-05-28T07:02:37.102+0000] {processor.py:925} INFO - DAG(s) 'example_branch_operator' retrieved from /home/airflow/.local/lib/python3.12/site-packages/airflow/example_dags/example_branch_operator.py
[2026-05-28T07:02:37.172+0000] {logging_mixin.py:190} INFO - [2026-05-28T07:02:37.172+0000] {dag.py:3239} INFO - Sync 1 DAGs
[2026-05-28T07:02:37.228+0000] {logging_mixin.py:190} INFO - [2026-05-28T07:02:37.227+0000] {dag.py:4180} INFO - Setting next_dagrun for example_branch_operator to 2026-05-27 00:00:00+00:00, run_after=2026-05-28 00:00:00+00:00
[2026-05-28T07:02:37.288+0000] {processor.py:208} INFO - Processing /home/airflow/.local/lib/python3.12/site-packages/airflow/example_dags/example_branch_operator.py took 0.250 seconds
[2026-05-28T07:03:19.894+0000] {processor.py:186} INFO - Started process (PID=745) to work on /home/airflow/.local/lib/python3.12/site-packages/airflow/example_dags/example_branch_operator.py
[2026-05-28T07:03:19.897+0000] {processor.py:914} INFO - Processing file /home/airflow/.local/lib/python3.12/site-packages/airflow/example_dags/example_branch_operator.py for tasks to queue
[2026-05-28T07:03:19.903+0000] {logging_mixin.py:190} INFO - [2026-05-28T07:03:19.902+0000] {dagbag.py:588} INFO - Filling up the DagBag from /home/airflow/.local/lib/python3.12/site-packages/airflow/example_dags/example_branch_operator.py
[2026-05-28T07:03:19.935+0000] {processor.py:925} INFO - DAG(s) 'example_branch_operator' retrieved from /home/airflow/.local/lib/python3.12/site-packages/airflow/example_dags/example_branch_operator.py
[2026-05-28T07:03:20.005+0000] {logging_mixin.py:190} INFO - [2026-05-28T07:03:20.005+0000] {dag.py:3239} INFO - Sync 1 DAGs
[2026-05-28T07:03:20.078+0000] {logging_mixin.py:190} INFO - [2026-05-28T07:03:20.077+0000] {dag.py:4180} INFO - Setting next_dagrun for example_branch_operator to 2026-05-27 00:00:00+00:00, run_after=2026-05-28 00:00:00+00:00
[2026-05-28T07:03:20.140+0000] {processor.py:208} INFO - Processing /home/airflow/.local/lib/python3.12/site-packages/airflow/example_dags/example_branch_operator.py took 0.256 seconds
[2026-05-28T07:04:00.993+0000] {processor.py:186} INFO - Started process (PID=807) to work on /home/airflow/.local/lib/python3.12/site-packages/airflow/example_dags/example_branch_operator.py
[2026-05-28T07:04:00.994+0000] {processor.py:914} INFO - Processing file /home/airflow/.local/lib/python3.12/site-packages/airflow/example_dags/example_branch_operator.py for tasks to queue
[2026-05-28T07:04:00.999+0000] {logging_mixin.py:190} INFO - [2026-05-28T07:04:00.998+0000] {dagbag.py:588} INFO - Filling up the DagBag from /home/airflow/.local/lib/python3.12/site-packages/airflow/example_dags/example_branch_operator.py
[2026-05-28T07:04:01.025+0000] {processor.py:925} INFO - DAG(s) 'example_branch_operator' retrieved from /home/airflow/.local/lib/python3.12/site-packages/airflow/example_dags/example_branch_operator.py
[2026-05-28T07:04:01.081+0000] {logging_mixin.py:190} INFO - [2026-05-28T07:04:01.081+0000] {dag.py:3239} INFO - Sync 1 DAGs
[2026-05-28T07:04:01.123+0000] {logging_mixin.py:190} INFO - [2026-05-28T07:04:01.123+0000] {dag.py:4180} INFO - Setting next_dagrun for example_branch_operator to 2026-05-27 00:00:00+00:00, run_after=2026-05-28 00:00:00+00:00
[2026-05-28T07:04:01.169+0000] {processor.py:208} INFO - Processing /home/airflow/.local/lib/python3.12/site-packages/airflow/example_dags/example_branch_operator.py took 0.184 seconds
[2026-05-28T07:04:38.094+0000] {processor.py:186} INFO - Started process (PID=875) to work on /home/airflow/.local/lib/python3.12/site-packages/airflow/example_dags/example_branch_operator.py
[2026-05-28T07:04:38.096+0000] {processor.py:914} INFO - Processing file /home/airflow/.local/lib/python3.12/site-packages/airflow/example_dags/example_branch_operator.py for tasks to queue
[2026-05-28T07:04:38.101+0000] {logging_mixin.py:190} INFO - [2026-05-28T07:04:38.101+0000] {dagbag.py:588} INFO - Filling up the DagBag from /home/airflow/.local/lib/python3.12/site-packages/airflow/example_dags/example_branch_operator.py
[2026-05-28T07:04:38.127+0000] {processor.py:925} INFO - DAG(s) 'example_branch_operator' retrieved from /home/airflow/.local/lib/python3.12/site-packages/airflow/example_dags/example_branch_operator.py
[2026-05-28T07:04:38.172+0000] {logging_mixin.py:190} INFO - [2026-05-28T07:04:38.172+0000] {dag.py:3239} INFO - Sync 1 DAGs
[2026-05-28T07:04:38.201+0000] {logging_mixin.py:190} INFO - [2026-05-28T07:04:38.201+0000] {dag.py:4180} INFO - Setting next_dagrun for example_branch_operator to 2026-05-27 00:00:00+00:00, run_after=2026-05-28 00:00:00+00:00
[2026-05-28T07:04:38.237+0000] {processor.py:208} INFO - Processing /home/airflow/.local/lib/python3.12/site-packages/airflow/example_dags/example_branch_operator.py took 0.152 seconds
[2026-05-28T07:05:11.215+0000] {processor.py:186} INFO - Started process (PID=936) to work on /home/airflow/.local/lib/python3.12/site-packages/airflow/example_dags/example_branch_operator.py
[2026-05-28T07:05:11.217+0000] {processor.py:914} INFO - Processing file /home/airflow/.local/lib/python3.12/site-packages/airflow/example_dags/example_branch_operator.py for tasks to queue
[2026-05-28T07:05:11.223+0000] {logging_mixin.py:190} INFO - [2026-05-28T07:05:11.222+0000] {dagbag.py:588} INFO - Filling up the DagBag from /home/airflow/.local/lib/python3.12/site-packages/airflow/example_dags/example_branch_operator.py
[2026-05-28T07:05:11.261+0000] {processor.py:925} INFO - DAG(s) 'example_branch_operator' retrieved from /home/airflow/.local/lib/python3.12/site-packages/airflow/example_dags/example_branch_operator.py
[2026-05-28T07:05:11.317+0000] {logging_mixin.py:190} INFO - [2026-05-28T07:05:11.316+0000] {dag.py:3239} INFO - Sync 1 DAGs
[2026-05-28T07:05:11.363+0000] {logging_mixin.py:190} INFO - [2026-05-28T07:05:11.362+0000] {dag.py:4180} INFO - Setting next_dagrun for example_branch_operator to 2026-05-27 00:00:00+00:00, run_after=2026-05-28 00:00:00+00:00
[2026-05-28T07:05:11.400+0000] {processor.py:208} INFO - Processing /home/airflow/.local/lib/python3.12/site-packages/airflow/example_dags/example_branch_operator.py took 0.193 seconds
[2026-05-28T07:05:42.158+0000] {processor.py:186} INFO - Started process (PID=997) to work on /home/airflow/.local/lib/python3.12/site-packages/airflow/example_dags/example_branch_operator.py
[2026-05-28T07:05:42.160+0000] {processor.py:914} INFO - Processing file /home/airflow/.local/lib/python3.12/site-packages/airflow/example_dags/example_branch_operator.py for tasks to queue
[2026-05-28T07:05:42.166+0000] {logging_mixin.py:190} INFO - [2026-05-28T07:05:42.165+0000] {dagbag.py:588} INFO - Filling up the DagBag from /home/airflow/.local/lib/python3.12/site-packages/airflow/example_dags/example_branch_operator.py
[2026-05-28T07:05:42.196+0000] {processor.py:925} INFO - DAG(s) 'example_branch_operator' retrieved from /home/airflow/.local/lib/python3.12/site-packages/airflow/example_dags/example_branch_operator.py
[2026-05-28T07:05:42.249+0000] {logging_mixin.py:190} INFO - [2026-05-28T07:05:42.248+0000] {dag.py:3239} INFO - Sync 1 DAGs
[2026-05-28T07:05:42.295+0000] {logging_mixin.py:190} INFO - [2026-05-28T07:05:42.295+0000] {dag.py:4180} INFO - Setting next_dagrun for example_branch_operator to 2026-05-27 00:00:00+00:00, run_after=2026-05-28 00:00:00+00:00
[2026-05-28T07:05:42.334+0000] {processor.py:208} INFO - Processing /home/airflow/.local/lib/python3.12/site-packages/airflow/example_dags/example_branch_operator.py took 0.186 seconds
[2026-05-28T07:06:16.819+0000] {processor.py:186} INFO - Started process (PID=1065) to work on /home/airflow/.local/lib/python3.12/site-packages/airflow/example_dags/example_branch_operator.py
[2026-05-28T07:06:16.821+0000] {processor.py:914} INFO - Processing file /home/airflow/.local/lib/python3.12/site-packages/airflow/example_dags/example_branch_operator.py for tasks to queue
[2026-05-28T07:06:16.827+0000] {logging_mixin.py:190} INFO - [2026-05-28T07:06:16.826+0000] {dagbag.py:588} INFO - Filling up the DagBag from /home/airflow/.local/lib/python3.12/site-packages/airflow/example_dags/example_branch_operator.py
[2026-05-28T07:06:16.870+0000] {processor.py:925} INFO - DAG(s) 'example_branch_operator' retrieved from /home/airflow/.local/lib/python3.12/site-packages/airflow/example_dags/example_branch_operator.py
[2026-05-28T07:06:16.958+0000] {logging_mixin.py:190} INFO - [2026-05-28T07:06:16.957+0000] {dag.py:3239} INFO - Sync 1 DAGs
[2026-05-28T07:06:17.024+0000] {logging_mixin.py:190} INFO - [2026-05-28T07:06:17.024+0000] {dag.py:4180} INFO - Setting next_dagrun for example_branch_operator to 2026-05-27 00:00:00+00:00, run_after=2026-05-28 00:00:00+00:00
[2026-05-28T07:06:17.085+0000] {processor.py:208} INFO - Processing /home/airflow/.local/lib/python3.12/site-packages/airflow/example_dags/example_branch_operator.py took 0.278 seconds
[2026-05-28T07:06:56.401+0000] {processor.py:186} INFO - Started process (PID=1128) to work on /home/airflow/.local/lib/python3.12/site-packages/airflow/example_dags/example_branch_operator.py
[2026-05-28T07:06:56.403+0000] {processor.py:914} INFO - Processing file /home/airflow/.local/lib/python3.12/site-packages/airflow/example_dags/example_branch_operator.py for tasks to queue
[2026-05-28T07:06:56.409+0000] {logging_mixin.py:190} INFO - [2026-05-28T07:06:56.408+0000] {dagbag.py:588} INFO - Filling up the DagBag from /home/airflow/.local/lib/python3.12/site-packages/airflow/example_dags/example_branch_operator.py
[2026-05-28T07:06:56.452+0000] {processor.py:925} INFO - DAG(s) 'example_branch_operator' retrieved from /home/airflow/.local/lib/python3.12/site-packages/airflow/example_dags/example_branch_operator.py
[2026-05-28T07:06:56.527+0000] {logging_mixin.py:190} INFO - [2026-05-28T07:06:56.527+0000] {dag.py:3239} INFO - Sync 1 DAGs
[2026-05-28T07:06:56.580+0000] {logging_mixin.py:190} INFO - [2026-05-28T07:06:56.580+0000] {dag.py:4180} INFO - Setting next_dagrun for example_branch_operator to 2026-05-27 00:00:00+00:00, run_after=2026-05-28 00:00:00+00:00
[2026-05-28T07:06:56.685+0000] {processor.py:208} INFO - Processing /home/airflow/.local/lib/python3.12/site-packages/airflow/example_dags/example_branch_operator.py took 0.295 seconds
[2026-05-28T07:07:28.262+0000] {processor.py:186} INFO - Started process (PID=1189) to work on /home/airflow/.local/lib/python3.12/site-packages/airflow/example_dags/example_branch_operator.py
[2026-05-28T07:07:28.266+0000] {processor.py:914} INFO - Processing file /home/airflow/.local/lib/python3.12/site-packages/airflow/example_dags/example_branch_operator.py for tasks to queue
[2026-05-28T07:07:28.273+0000] {logging_mixin.py:190} INFO - [2026-05-28T07:07:28.272+0000] {dagbag.py:588} INFO - Filling up the DagBag from /home/airflow/.local/lib/python3.12/site-packages/airflow/example_dags/example_branch_operator.py
[2026-05-28T07:07:28.337+0000] {processor.py:925} INFO - DAG(s) 'example_branch_operator' retrieved from /home/airflow/.local/lib/python3.12/site-packages/airflow/example_dags/example_branch_operator.py
[2026-05-28T07:07:28.411+0000] {logging_mixin.py:190} INFO - [2026-05-28T07:07:28.410+0000] {dag.py:3239} INFO - Sync 1 DAGs
[2026-05-28T07:07:28.460+0000] {logging_mixin.py:190} INFO - [2026-05-28T07:07:28.460+0000] {dag.py:4180} INFO - Setting next_dagrun for example_branch_operator to 2026-05-27 00:00:00+00:00, run_after=2026-05-28 00:00:00+00:00
[2026-05-28T07:07:28.507+0000] {processor.py:208} INFO - Processing /home/airflow/.local/lib/python3.12/site-packages/airflow/example_dags/example_branch_operator.py took 0.262 seconds
[2026-05-28T07:08:02.163+0000] {processor.py:186} INFO - Started process (PID=1251) to work on /home/airflow/.local/lib/python3.12/site-packages/airflow/example_dags/example_branch_operator.py
[2026-05-28T07:08:02.165+0000] {processor.py:914} INFO - Processing file /home/airflow/.local/lib/python3.12/site-packages/airflow/example_dags/example_branch_operator.py for tasks to queue
[2026-05-28T07:08:02.171+0000] {logging_mixin.py:190} INFO - [2026-05-28T07:08:02.170+0000] {dagbag.py:588} INFO - Filling up the DagBag from /home/airflow/.local/lib/python3.12/site-packages/airflow/example_dags/example_branch_operator.py
[2026-05-28T07:08:02.213+0000] {processor.py:925} INFO - DAG(s) 'example_branch_operator' retrieved from /home/airflow/.local/lib/python3.12/site-packages/airflow/example_dags/example_branch_operator.py
[2026-05-28T07:08:02.285+0000] {logging_mixin.py:190} INFO - [2026-05-28T07:08:02.284+0000] {dag.py:3239} INFO - Sync 1 DAGs
[2026-05-28T07:08:02.324+0000] {logging_mixin.py:190} INFO - [2026-05-28T07:08:02.323+0000] {dag.py:4180} INFO - Setting next_dagrun for example_branch_operator to 2026-05-27 00:00:00+00:00, run_after=2026-05-28 00:00:00+00:00
[2026-05-28T07:08:02.372+0000] {processor.py:208} INFO - Processing /home/airflow/.local/lib/python3.12/site-packages/airflow/example_dags/example_branch_operator.py took 0.221 seconds
[2026-05-28T07:08:32.854+0000] {processor.py:186} INFO - Started process (PID=1313) to work on /home/airflow/.local/lib/python3.12/site-packages/airflow/example_dags/example_branch_operator.py
[2026-05-28T07:08:32.855+0000] {processor.py:914} INFO - Processing file /home/airflow/.local/lib/python3.12/site-packages/airflow/example_dags/example_branch_operator.py for tasks to queue
[2026-05-28T07:08:32.860+0000] {logging_mixin.py:190} INFO - [2026-05-28T07:08:32.859+0000] {dagbag.py:588} INFO - Filling up the DagBag from /home/airflow/.local/lib/python3.12/site-packages/airflow/example_dags/example_branch_operator.py
[2026-05-28T07:08:32.892+0000] {processor.py:925} INFO - DAG(s) 'example_branch_operator' retrieved from /home/airflow/.local/lib/python3.12/site-packages/airflow/example_dags/example_branch_operator.py
[2026-05-28T07:08:32.942+0000] {logging_mixin.py:190} INFO - [2026-05-28T07:08:32.941+0000] {dag.py:3239} INFO - Sync 1 DAGs
[2026-05-28T07:08:32.989+0000] {logging_mixin.py:190} INFO - [2026-05-28T07:08:32.988+0000] {dag.py:4180} INFO - Setting next_dagrun for example_branch_operator to 2026-05-27 00:00:00+00:00, run_after=2026-05-28 00:00:00+00:00
[2026-05-28T07:08:33.021+0000] {processor.py:208} INFO - Processing /home/airflow/.local/lib/python3.12/site-packages/airflow/example_dags/example_branch_operator.py took 0.176 seconds
[2026-05-28T07:09:07.777+0000] {processor.py:186} INFO - Started process (PID=1376) to work on /home/airflow/.local/lib/python3.12/site-packages/airflow/example_dags/example_branch_operator.py
[2026-05-28T07:09:07.780+0000] {processor.py:914} INFO - Processing file /home/airflow/.local/lib/python3.12/site-packages/airflow/example_dags/example_branch_operator.py for tasks to queue
[2026-05-28T07:09:07.786+0000] {logging_mixin.py:190} INFO - [2026-05-28T07:09:07.785+0000] {dagbag.py:588} INFO - Filling up the DagBag from /home/airflow/.local/lib/python3.12/site-packages/airflow/example_dags/example_branch_operator.py
[2026-05-28T07:09:07.815+0000] {processor.py:925} INFO - DAG(s) 'example_branch_operator' retrieved from /home/airflow/.local/lib/python3.12/site-packages/airflow/example_dags/example_branch_operator.py
[2026-05-28T07:09:07.873+0000] {logging_mixin.py:190} INFO - [2026-05-28T07:09:07.873+0000] {dag.py:3239} INFO - Sync 1 DAGs
[2026-05-28T07:09:07.909+0000] {logging_mixin.py:190} INFO - [2026-05-28T07:09:07.909+0000] {dag.py:4180} INFO - Setting next_dagrun for example_branch_operator to 2026-05-27 00:00:00+00:00, run_after=2026-05-28 00:00:00+00:00
[2026-05-28T07:09:07.943+0000] {processor.py:208} INFO - Processing /home/airflow/.local/lib/python3.12/site-packages/airflow/example_dags/example_branch_operator.py took 0.176 seconds
[2026-05-28T07:09:46.920+0000] {processor.py:186} INFO - Started process (PID=1449) to work on /home/airflow/.local/lib/python3.12/site-packages/airflow/example_dags/example_branch_operator.py
[2026-05-28T07:09:46.922+0000] {processor.py:914} INFO - Processing file /home/airflow/.local/lib/python3.12/site-packages/airflow/example_dags/example_branch_operator.py for tasks to queue
[2026-05-28T07:09:46.928+0000] {logging_mixin.py:190} INFO - [2026-05-28T07:09:46.927+0000] {dagbag.py:588} INFO - Filling up the DagBag from /home/airflow/.local/lib/python3.12/site-packages/airflow/example_dags/example_branch_operator.py
[2026-05-28T07:09:46.969+0000] {processor.py:925} INFO - DAG(s) 'example_branch_operator' retrieved from /home/airflow/.local/lib/python3.12/site-packages/airflow/example_dags/example_branch_operator.py
[2026-05-28T07:09:47.033+0000] {logging_mixin.py:190} INFO - [2026-05-28T07:09:47.032+0000] {dag.py:3239} INFO - Sync 1 DAGs
[2026-05-28T07:09:47.080+0000] {logging_mixin.py:190} INFO - [2026-05-28T07:09:47.080+0000] {dag.py:4180} INFO - Setting next_dagrun for example_branch_operator to 2026-05-27 00:00:00+00:00, run_after=2026-05-28 00:00:00+00:00
[2026-05-28T07:09:47.121+0000] {processor.py:208} INFO - Processing /home/airflow/.local/lib/python3.12/site-packages/airflow/example_dags/example_branch_operator.py took 0.214 seconds
[2026-05-28T07:10:27.967+0000] {processor.py:186} INFO - Started process (PID=1512) to work on /home/airflow/.local/lib/python3.12/site-packages/airflow/example_dags/example_branch_operator.py
[2026-05-28T07:10:27.969+0000] {processor.py:914} INFO - Processing file /home/airflow/.local/lib/python3.12/site-packages/airflow/example_dags/example_branch_operator.py for tasks to queue
[2026-05-28T07:10:27.976+0000] {logging_mixin.py:190} INFO - [2026-05-28T07:10:27.975+0000] {dagbag.py:588} INFO - Filling up the DagBag from /home/airflow/.local/lib/python3.12/site-packages/airflow/example_dags/example_branch_operator.py
[2026-05-28T07:10:28.018+0000] {processor.py:925} INFO - DAG(s) 'example_branch_operator' retrieved from /home/airflow/.local/lib/python3.12/site-packages/airflow/example_dags/example_branch_operator.py
[2026-05-28T07:10:28.061+0000] {logging_mixin.py:190} INFO - [2026-05-28T07:10:28.061+0000] {dag.py:3239} INFO - Sync 1 DAGs
[2026-05-28T07:10:28.096+0000] {logging_mixin.py:190} INFO - [2026-05-28T07:10:28.096+0000] {dag.py:4180} INFO - Setting next_dagrun for example_branch_operator to 2026-05-27 00:00:00+00:00, run_after=2026-05-28 00:00:00+00:00
[2026-05-28T07:10:28.127+0000] {processor.py:208} INFO - Processing /home/airflow/.local/lib/python3.12/site-packages/airflow/example_dags/example_branch_operator.py took 0.170 seconds
[2026-05-28T07:11:11.346+0000] {processor.py:186} INFO - Started process (PID=1580) to work on /home/airflow/.local/lib/python3.12/site-packages/airflow/example_dags/example_branch_operator.py
[2026-05-28T07:11:11.348+0000] {processor.py:914} INFO - Processing file /home/airflow/.local/lib/python3.12/site-packages/airflow/example_dags/example_branch_operator.py for tasks to queue
[2026-05-28T07:11:11.353+0000] {logging_mixin.py:190} INFO - [2026-05-28T07:11:11.352+0000] {dagbag.py:588} INFO - Filling up the DagBag from /home/airflow/.local/lib/python3.12/site-packages/airflow/example_dags/example_branch_operator.py
[2026-05-28T07:11:11.386+0000] {processor.py:925} INFO - DAG(s) 'example_branch_operator' retrieved from /home/airflow/.local/lib/python3.12/site-packages/airflow/example_dags/example_branch_operator.py
[2026-05-28T07:11:11.440+0000] {logging_mixin.py:190} INFO - [2026-05-28T07:11:11.439+0000] {dag.py:3239} INFO - Sync 1 DAGs
[2026-05-28T07:11:11.476+0000] {logging_mixin.py:190} INFO - [2026-05-28T07:11:11.476+0000] {dag.py:4180} INFO - Setting next_dagrun for example_branch_operator to 2026-05-27 00:00:00+00:00, run_after=2026-05-28 00:00:00+00:00
[2026-05-28T07:11:11.510+0000] {processor.py:208} INFO - Processing /home/airflow/.local/lib/python3.12/site-packages/airflow/example_dags/example_branch_operator.py took 0.173 seconds
[2026-05-28T07:11:44.895+0000] {processor.py:186} INFO - Started process (PID=1641) to work on /home/airflow/.local/lib/python3.12/site-packages/airflow/example_dags/example_branch_operator.py
[2026-05-28T07:11:44.897+0000] {processor.py:914} INFO - Processing file /home/airflow/.local/lib/python3.12/site-packages/airflow/example_dags/example_branch_operator.py for tasks to queue
[2026-05-28T07:11:44.904+0000] {logging_mixin.py:190} INFO - [2026-05-28T07:11:44.903+0000] {dagbag.py:588} INFO - Filling up the DagBag from /home/airflow/.local/lib/python3.12/site-packages/airflow/example_dags/example_branch_operator.py
[2026-05-28T07:11:44.945+0000] {processor.py:925} INFO - DAG(s) 'example_branch_operator' retrieved from /home/airflow/.local/lib/python3.12/site-packages/airflow/example_dags/example_branch_operator.py
[2026-05-28T07:11:45.025+0000] {logging_mixin.py:190} INFO - [2026-05-28T07:11:45.025+0000] {dag.py:3239} INFO - Sync 1 DAGs
[2026-05-28T07:11:45.090+0000] {logging_mixin.py:190} INFO - [2026-05-28T07:11:45.089+0000] {dag.py:4180} INFO - Setting next_dagrun for example_branch_operator to 2026-05-27 00:00:00+00:00, run_after=2026-05-28 00:00:00+00:00
[2026-05-28T07:11:45.149+0000] {processor.py:208} INFO - Processing /home/airflow/.local/lib/python3.12/site-packages/airflow/example_dags/example_branch_operator.py took 0.272 seconds
[2026-05-28T07:12:19.490+0000] {processor.py:186} INFO - Started process (PID=1709) to work on /home/airflow/.local/lib/python3.12/site-packages/airflow/example_dags/example_branch_operator.py
[2026-05-28T07:12:19.492+0000] {processor.py:914} INFO - Processing file /home/airflow/.local/lib/python3.12/site-packages/airflow/example_dags/example_branch_operator.py for tasks to queue
[2026-05-28T07:12:19.497+0000] {logging_mixin.py:190} INFO - [2026-05-28T07:12:19.496+0000] {dagbag.py:588} INFO - Filling up the DagBag from /home/airflow/.local/lib/python3.12/site-packages/airflow/example_dags/example_branch_operator.py
[2026-05-28T07:12:19.528+0000] {processor.py:925} INFO - DAG(s) 'example_branch_operator' retrieved from /home/airflow/.local/lib/python3.12/site-packages/airflow/example_dags/example_branch_operator.py
[2026-05-28T07:12:19.595+0000] {logging_mixin.py:190} INFO - [2026-05-28T07:12:19.594+0000] {dag.py:3239} INFO - Sync 1 DAGs
[2026-05-28T07:12:19.644+0000] {logging_mixin.py:190} INFO - [2026-05-28T07:12:19.643+0000] {dag.py:4180} INFO - Setting next_dagrun for example_branch_operator to 2026-05-27 00:00:00+00:00, run_after=2026-05-28 00:00:00+00:00
[2026-05-28T07:12:19.680+0000] {processor.py:208} INFO - Processing /home/airflow/.local/lib/python3.12/site-packages/airflow/example_dags/example_branch_operator.py took 0.202 seconds
[2026-05-28T07:12:56.617+0000] {processor.py:186} INFO - Started process (PID=1772) to work on /home/airflow/.local/lib/python3.12/site-packages/airflow/example_dags/example_branch_operator.py
[2026-05-28T07:12:56.619+0000] {processor.py:914} INFO - Processing file /home/airflow/.local/lib/python3.12/site-packages/airflow/example_dags/example_branch_operator.py for tasks to queue
[2026-05-28T07:12:56.626+0000] {logging_mixin.py:190} INFO - [2026-05-28T07:12:56.624+0000] {dagbag.py:588} INFO - Filling up the DagBag from /home/airflow/.local/lib/python3.12/site-packages/airflow/example_dags/example_branch_operator.py
[2026-05-28T07:12:56.663+0000] {processor.py:925} INFO - DAG(s) 'example_branch_operator' retrieved from /home/airflow/.local/lib/python3.12/site-packages/airflow/example_dags/example_branch_operator.py
[2026-05-28T07:12:56.744+0000] {logging_mixin.py:190} INFO - [2026-05-28T07:12:56.743+0000] {dag.py:3239} INFO - Sync 1 DAGs
[2026-05-28T07:12:56.792+0000] {logging_mixin.py:190} INFO - [2026-05-28T07:12:56.792+0000] {dag.py:4180} INFO - Setting next_dagrun for example_branch_operator to 2026-05-27 00:00:00+00:00, run_after=2026-05-28 00:00:00+00:00
[2026-05-28T07:12:56.839+0000] {processor.py:208} INFO - Processing /home/airflow/.local/lib/python3.12/site-packages/airflow/example_dags/example_branch_operator.py took 0.238 seconds
[2026-05-28T07:23:07.475+0000] {processor.py:186} INFO - Started process (PID=106) to work on /home/airflow/.local/lib/python3.12/site-packages/airflow/example_dags/example_branch_operator.py
[2026-05-28T07:23:07.478+0000] {processor.py:914} INFO - Processing file /home/airflow/.local/lib/python3.12/site-packages/airflow/example_dags/example_branch_operator.py for tasks to queue
[2026-05-28T07:23:07.483+0000] {logging_mixin.py:190} INFO - [2026-05-28T07:23:07.482+0000] {dagbag.py:588} INFO - Filling up the DagBag from /home/airflow/.local/lib/python3.12/site-packages/airflow/example_dags/example_branch_operator.py
[2026-05-28T07:23:07.536+0000] {processor.py:925} INFO - DAG(s) 'example_branch_operator' retrieved from /home/airflow/.local/lib/python3.12/site-packages/airflow/example_dags/example_branch_operator.py
[2026-05-28T07:23:07.779+0000] {logging_mixin.py:190} INFO - [2026-05-28T07:23:07.775+0000] {override.py:1932} INFO - Created Permission View: can delete on DAG:example_branch_operator
[2026-05-28T07:23:07.810+0000] {logging_mixin.py:190} INFO - [2026-05-28T07:23:07.810+0000] {override.py:1932} INFO - Created Permission View: can read on DAG:example_branch_operator
[2026-05-28T07:23:07.851+0000] {logging_mixin.py:190} INFO - [2026-05-28T07:23:07.851+0000] {override.py:1932} INFO - Created Permission View: can edit on DAG:example_branch_operator
[2026-05-28T07:23:07.875+0000] {logging_mixin.py:190} INFO - [2026-05-28T07:23:07.875+0000] {override.py:1932} INFO - Created Permission View: can create on DAG Run:example_branch_operator
[2026-05-28T07:23:07.891+0000] {logging_mixin.py:190} INFO - [2026-05-28T07:23:07.890+0000] {override.py:1932} INFO - Created Permission View: can read on DAG Run:example_branch_operator
[2026-05-28T07:23:07.909+0000] {logging_mixin.py:190} INFO - [2026-05-28T07:23:07.908+0000] {override.py:1932} INFO - Created Permission View: can delete on DAG Run:example_branch_operator
[2026-05-28T07:23:07.938+0000] {logging_mixin.py:190} INFO - [2026-05-28T07:23:07.938+0000] {override.py:1932} INFO - Created Permission View: menu access on DAG Run:example_branch_operator
[2026-05-28T07:23:07.940+0000] {logging_mixin.py:190} INFO - [2026-05-28T07:23:07.939+0000] {dag.py:3239} INFO - Sync 1 DAGs
[2026-05-28T07:23:07.975+0000] {logging_mixin.py:190} INFO - [2026-05-28T07:23:07.972+0000] {dag.py:3262} INFO - Creating ORM DAG for example_branch_operator
[2026-05-28T07:23:08.002+0000] {logging_mixin.py:190} INFO - [2026-05-28T07:23:08.001+0000] {dag.py:4180} INFO - Setting next_dagrun for example_branch_operator to 2026-05-27 00:00:00+00:00, run_after=2026-05-28 00:00:00+00:00
[2026-05-28T07:23:08.066+0000] {processor.py:208} INFO - Processing /home/airflow/.local/lib/python3.12/site-packages/airflow/example_dags/example_branch_operator.py took 0.603 seconds
[2026-05-28T07:23:49.872+0000] {processor.py:186} INFO - Started process (PID=168) to work on /home/airflow/.local/lib/python3.12/site-packages/airflow/example_dags/example_branch_operator.py
[2026-05-28T07:23:49.875+0000] {processor.py:914} INFO - Processing file /home/airflow/.local/lib/python3.12/site-packages/airflow/example_dags/example_branch_operator.py for tasks to queue
[2026-05-28T07:23:49.880+0000] {logging_mixin.py:190} INFO - [2026-05-28T07:23:49.879+0000] {dagbag.py:588} INFO - Filling up the DagBag from /home/airflow/.local/lib/python3.12/site-packages/airflow/example_dags/example_branch_operator.py
[2026-05-28T07:23:49.932+0000] {processor.py:925} INFO - DAG(s) 'example_branch_operator' retrieved from /home/airflow/.local/lib/python3.12/site-packages/airflow/example_dags/example_branch_operator.py
[2026-05-28T07:23:49.994+0000] {logging_mixin.py:190} INFO - [2026-05-28T07:23:49.994+0000] {dag.py:3239} INFO - Sync 1 DAGs
[2026-05-28T07:23:50.040+0000] {logging_mixin.py:190} INFO - [2026-05-28T07:23:50.039+0000] {dag.py:4180} INFO - Setting next_dagrun for example_branch_operator to 2026-05-27 00:00:00+00:00, run_after=2026-05-28 00:00:00+00:00
[2026-05-28T07:23:50.076+0000] {processor.py:208} INFO - Processing /home/airflow/.local/lib/python3.12/site-packages/airflow/example_dags/example_branch_operator.py took 0.218 seconds
[2026-05-28T07:24:29.694+0000] {processor.py:186} INFO - Started process (PID=231) to work on /home/airflow/.local/lib/python3.12/site-packages/airflow/example_dags/example_branch_operator.py
[2026-05-28T07:24:29.696+0000] {processor.py:914} INFO - Processing file /home/airflow/.local/lib/python3.12/site-packages/airflow/example_dags/example_branch_operator.py for tasks to queue
[2026-05-28T07:24:29.700+0000] {logging_mixin.py:190} INFO - [2026-05-28T07:24:29.700+0000] {dagbag.py:588} INFO - Filling up the DagBag from /home/airflow/.local/lib/python3.12/site-packages/airflow/example_dags/example_branch_operator.py
[2026-05-28T07:24:29.730+0000] {processor.py:925} INFO - DAG(s) 'example_branch_operator' retrieved from /home/airflow/.local/lib/python3.12/site-packages/airflow/example_dags/example_branch_operator.py
[2026-05-28T07:24:29.779+0000] {logging_mixin.py:190} INFO - [2026-05-28T07:24:29.779+0000] {dag.py:3239} INFO - Sync 1 DAGs
[2026-05-28T07:24:29.818+0000] {logging_mixin.py:190} INFO - [2026-05-28T07:24:29.818+0000] {dag.py:4180} INFO - Setting next_dagrun for example_branch_operator to 2026-05-27 00:00:00+00:00, run_after=2026-05-28 00:00:00+00:00
[2026-05-28T07:24:29.855+0000] {processor.py:208} INFO - Processing /home/airflow/.local/lib/python3.12/site-packages/airflow/example_dags/example_branch_operator.py took 0.172 seconds
[2026-05-28T07:25:00.559+0000] {processor.py:186} INFO - Started process (PID=293) to work on /home/airflow/.local/lib/python3.12/site-packages/airflow/example_dags/example_branch_operator.py
[2026-05-28T07:25:00.561+0000] {processor.py:914} INFO - Processing file /home/airflow/.local/lib/python3.12/site-packages/airflow/example_dags/example_branch_operator.py for tasks to queue
[2026-05-28T07:25:00.566+0000] {logging_mixin.py:190} INFO - [2026-05-28T07:25:00.565+0000] {dagbag.py:588} INFO - Filling up the DagBag from /home/airflow/.local/lib/python3.12/site-packages/airflow/example_dags/example_branch_operator.py
[2026-05-28T07:25:00.592+0000] {processor.py:925} INFO - DAG(s) 'example_branch_operator' retrieved from /home/airflow/.local/lib/python3.12/site-packages/airflow/example_dags/example_branch_operator.py
[2026-05-28T07:25:00.638+0000] {logging_mixin.py:190} INFO - [2026-05-28T07:25:00.638+0000] {dag.py:3239} INFO - Sync 1 DAGs
[2026-05-28T07:25:00.674+0000] {logging_mixin.py:190} INFO - [2026-05-28T07:25:00.674+0000] {dag.py:4180} INFO - Setting next_dagrun for example_branch_operator to 2026-05-27 00:00:00+00:00, run_after=2026-05-28 00:00:00+00:00
[2026-05-28T07:25:00.717+0000] {processor.py:208} INFO - Processing /home/airflow/.local/lib/python3.12/site-packages/airflow/example_dags/example_branch_operator.py took 0.167 seconds
[2026-05-28T07:25:30.817+0000] {processor.py:186} INFO - Started process (PID=355) to work on /home/airflow/.local/lib/python3.12/site-packages/airflow/example_dags/example_branch_operator.py
[2026-05-28T07:25:30.820+0000] {processor.py:914} INFO - Processing file /home/airflow/.local/lib/python3.12/site-packages/airflow/example_dags/example_branch_operator.py for tasks to queue
[2026-05-28T07:25:30.825+0000] {logging_mixin.py:190} INFO - [2026-05-28T07:25:30.824+0000] {dagbag.py:588} INFO - Filling up the DagBag from /home/airflow/.local/lib/python3.12/site-packages/airflow/example_dags/example_branch_operator.py
[2026-05-28T07:25:30.862+0000] {processor.py:925} INFO - DAG(s) 'example_branch_operator' retrieved from /home/airflow/.local/lib/python3.12/site-packages/airflow/example_dags/example_branch_operator.py
[2026-05-28T07:25:30.923+0000] {logging_mixin.py:190} INFO - [2026-05-28T07:25:30.922+0000] {dag.py:3239} INFO - Sync 1 DAGs
[2026-05-28T07:25:30.963+0000] {logging_mixin.py:190} INFO - [2026-05-28T07:25:30.963+0000] {dag.py:4180} INFO - Setting next_dagrun for example_branch_operator to 2026-05-27 00:00:00+00:00, run_after=2026-05-28 00:00:00+00:00
[2026-05-28T07:25:31.005+0000] {processor.py:208} INFO - Processing /home/airflow/.local/lib/python3.12/site-packages/airflow/example_dags/example_branch_operator.py took 0.199 seconds
[2026-05-28T07:26:05.661+0000] {processor.py:186} INFO - Started process (PID=423) to work on /home/airflow/.local/lib/python3.12/site-packages/airflow/example_dags/example_branch_operator.py
[2026-05-28T07:26:05.663+0000] {processor.py:914} INFO - Processing file /home/airflow/.local/lib/python3.12/site-packages/airflow/example_dags/example_branch_operator.py for tasks to queue
[2026-05-28T07:26:05.667+0000] {logging_mixin.py:190} INFO - [2026-05-28T07:26:05.667+0000] {dagbag.py:588} INFO - Filling up the DagBag from /home/airflow/.local/lib/python3.12/site-packages/airflow/example_dags/example_branch_operator.py
[2026-05-28T07:26:05.694+0000] {processor.py:925} INFO - DAG(s) 'example_branch_operator' retrieved from /home/airflow/.local/lib/python3.12/site-packages/airflow/example_dags/example_branch_operator.py
[2026-05-28T07:26:05.752+0000] {logging_mixin.py:190} INFO - [2026-05-28T07:26:05.751+0000] {dag.py:3239} INFO - Sync 1 DAGs
[2026-05-28T07:26:05.802+0000] {logging_mixin.py:190} INFO - [2026-05-28T07:26:05.802+0000] {dag.py:4180} INFO - Setting next_dagrun for example_branch_operator to 2026-05-27 00:00:00+00:00, run_after=2026-05-28 00:00:00+00:00
[2026-05-28T07:26:05.852+0000] {processor.py:208} INFO - Processing /home/airflow/.local/lib/python3.12/site-packages/airflow/example_dags/example_branch_operator.py took 0.199 seconds
[2026-05-28T07:26:36.009+0000] {processor.py:186} INFO - Started process (PID=484) to work on /home/airflow/.local/lib/python3.12/site-packages/airflow/example_dags/example_branch_operator.py
[2026-05-28T07:26:36.011+0000] {processor.py:914} INFO - Processing file /home/airflow/.local/lib/python3.12/site-packages/airflow/example_dags/example_branch_operator.py for tasks to queue
[2026-05-28T07:26:36.016+0000] {logging_mixin.py:190} INFO - [2026-05-28T07:26:36.015+0000] {dagbag.py:588} INFO - Filling up the DagBag from /home/airflow/.local/lib/python3.12/site-packages/airflow/example_dags/example_branch_operator.py
[2026-05-28T07:26:36.047+0000] {processor.py:925} INFO - DAG(s) 'example_branch_operator' retrieved from /home/airflow/.local/lib/python3.12/site-packages/airflow/example_dags/example_branch_operator.py
[2026-05-28T07:26:36.092+0000] {logging_mixin.py:190} INFO - [2026-05-28T07:26:36.092+0000] {dag.py:3239} INFO - Sync 1 DAGs
[2026-05-28T07:26:36.126+0000] {logging_mixin.py:190} INFO - [2026-05-28T07:26:36.126+0000] {dag.py:4180} INFO - Setting next_dagrun for example_branch_operator to 2026-05-27 00:00:00+00:00, run_after=2026-05-28 00:00:00+00:00
[2026-05-28T07:26:36.169+0000] {processor.py:208} INFO - Processing /home/airflow/.local/lib/python3.12/site-packages/airflow/example_dags/example_branch_operator.py took 0.173 seconds
[2026-05-28T07:27:06.333+0000] {processor.py:186} INFO - Started process (PID=547) to work on /home/airflow/.local/lib/python3.12/site-packages/airflow/example_dags/example_branch_operator.py
[2026-05-28T07:27:06.335+0000] {processor.py:914} INFO - Processing file /home/airflow/.local/lib/python3.12/site-packages/airflow/example_dags/example_branch_operator.py for tasks to queue
[2026-05-28T07:27:06.340+0000] {logging_mixin.py:190} INFO - [2026-05-28T07:27:06.339+0000] {dagbag.py:588} INFO - Filling up the DagBag from /home/airflow/.local/lib/python3.12/site-packages/airflow/example_dags/example_branch_operator.py
[2026-05-28T07:27:06.368+0000] {processor.py:925} INFO - DAG(s) 'example_branch_operator' retrieved from /home/airflow/.local/lib/python3.12/site-packages/airflow/example_dags/example_branch_operator.py
[2026-05-28T07:27:06.418+0000] {logging_mixin.py:190} INFO - [2026-05-28T07:27:06.418+0000] {dag.py:3239} INFO - Sync 1 DAGs
[2026-05-28T07:27:06.458+0000] {logging_mixin.py:190} INFO - [2026-05-28T07:27:06.458+0000] {dag.py:4180} INFO - Setting next_dagrun for example_branch_operator to 2026-05-27 00:00:00+00:00, run_after=2026-05-28 00:00:00+00:00
[2026-05-28T07:27:06.507+0000] {processor.py:208} INFO - Processing /home/airflow/.local/lib/python3.12/site-packages/airflow/example_dags/example_branch_operator.py took 0.181 seconds
[2026-05-28T07:27:39.439+0000] {processor.py:186} INFO - Started process (PID=608) to work on /home/airflow/.local/lib/python3.12/site-packages/airflow/example_dags/example_branch_operator.py
[2026-05-28T07:27:39.441+0000] {processor.py:914} INFO - Processing file /home/airflow/.local/lib/python3.12/site-packages/airflow/example_dags/example_branch_operator.py for tasks to queue
[2026-05-28T07:27:39.445+0000] {logging_mixin.py:190} INFO - [2026-05-28T07:27:39.444+0000] {dagbag.py:588} INFO - Filling up the DagBag from /home/airflow/.local/lib/python3.12/site-packages/airflow/example_dags/example_branch_operator.py
[2026-05-28T07:27:39.476+0000] {processor.py:925} INFO - DAG(s) 'example_branch_operator' retrieved from /home/airflow/.local/lib/python3.12/site-packages/airflow/example_dags/example_branch_operator.py
[2026-05-28T07:27:39.523+0000] {logging_mixin.py:190} INFO - [2026-05-28T07:27:39.523+0000] {dag.py:3239} INFO - Sync 1 DAGs
[2026-05-28T07:27:39.558+0000] {logging_mixin.py:190} INFO - [2026-05-28T07:27:39.558+0000] {dag.py:4180} INFO - Setting next_dagrun for example_branch_operator to 2026-05-27 00:00:00+00:00, run_after=2026-05-28 00:00:00+00:00
[2026-05-28T07:27:39.589+0000] {processor.py:208} INFO - Processing /home/airflow/.local/lib/python3.12/site-packages/airflow/example_dags/example_branch_operator.py took 0.159 seconds
[2026-05-28T07:28:15.116+0000] {processor.py:186} INFO - Started process (PID=664) to work on /home/airflow/.local/lib/python3.12/site-packages/airflow/example_dags/example_branch_operator.py
[2026-05-28T07:28:15.118+0000] {processor.py:914} INFO - Processing file /home/airflow/.local/lib/python3.12/site-packages/airflow/example_dags/example_branch_operator.py for tasks to queue
[2026-05-28T07:28:15.122+0000] {logging_mixin.py:190} INFO - [2026-05-28T07:28:15.122+0000] {dagbag.py:588} INFO - Filling up the DagBag from /home/airflow/.local/lib/python3.12/site-packages/airflow/example_dags/example_branch_operator.py
[2026-05-28T07:28:15.157+0000] {processor.py:925} INFO - DAG(s) 'example_branch_operator' retrieved from /home/airflow/.local/lib/python3.12/site-packages/airflow/example_dags/example_branch_operator.py
[2026-05-28T07:28:15.207+0000] {logging_mixin.py:190} INFO - [2026-05-28T07:28:15.206+0000] {dag.py:3239} INFO - Sync 1 DAGs
[2026-05-28T07:28:15.242+0000] {logging_mixin.py:190} INFO - [2026-05-28T07:28:15.241+0000] {dag.py:4180} INFO - Setting next_dagrun for example_branch_operator to 2026-05-27 00:00:00+00:00, run_after=2026-05-28 00:00:00+00:00
[2026-05-28T07:28:15.280+0000] {processor.py:208} INFO - Processing /home/airflow/.local/lib/python3.12/site-packages/airflow/example_dags/example_branch_operator.py took 0.174 seconds
[2026-05-28T07:28:56.699+0000] {processor.py:186} INFO - Started process (PID=728) to work on /home/airflow/.local/lib/python3.12/site-packages/airflow/example_dags/example_branch_operator.py
[2026-05-28T07:28:56.701+0000] {processor.py:914} INFO - Processing file /home/airflow/.local/lib/python3.12/site-packages/airflow/example_dags/example_branch_operator.py for tasks to queue
[2026-05-28T07:28:56.707+0000] {logging_mixin.py:190} INFO - [2026-05-28T07:28:56.706+0000] {dagbag.py:588} INFO - Filling up the DagBag from /home/airflow/.local/lib/python3.12/site-packages/airflow/example_dags/example_branch_operator.py
[2026-05-28T07:28:56.756+0000] {processor.py:925} INFO - DAG(s) 'example_branch_operator' retrieved from /home/airflow/.local/lib/python3.12/site-packages/airflow/example_dags/example_branch_operator.py
[2026-05-28T07:28:56.817+0000] {logging_mixin.py:190} INFO - [2026-05-28T07:28:56.817+0000] {dag.py:3239} INFO - Sync 1 DAGs
[2026-05-28T07:28:56.873+0000] {logging_mixin.py:190} INFO - [2026-05-28T07:28:56.872+0000] {dag.py:4180} INFO - Setting next_dagrun for example_branch_operator to 2026-05-27 00:00:00+00:00, run_after=2026-05-28 00:00:00+00:00
[2026-05-28T07:28:56.924+0000] {processor.py:208} INFO - Processing /home/airflow/.local/lib/python3.12/site-packages/airflow/example_dags/example_branch_operator.py took 0.236 seconds
[2026-05-28T07:29:27.244+0000] {processor.py:186} INFO - Started process (PID=789) to work on /home/airflow/.local/lib/python3.12/site-packages/airflow/example_dags/example_branch_operator.py
[2026-05-28T07:29:27.245+0000] {processor.py:914} INFO - Processing file /home/airflow/.local/lib/python3.12/site-packages/airflow/example_dags/example_branch_operator.py for tasks to queue
[2026-05-28T07:29:27.250+0000] {logging_mixin.py:190} INFO - [2026-05-28T07:29:27.249+0000] {dagbag.py:588} INFO - Filling up the DagBag from /home/airflow/.local/lib/python3.12/site-packages/airflow/example_dags/example_branch_operator.py
[2026-05-28T07:29:27.276+0000] {processor.py:925} INFO - DAG(s) 'example_branch_operator' retrieved from /home/airflow/.local/lib/python3.12/site-packages/airflow/example_dags/example_branch_operator.py
[2026-05-28T07:29:27.332+0000] {logging_mixin.py:190} INFO - [2026-05-28T07:29:27.332+0000] {dag.py:3239} INFO - Sync 1 DAGs
[2026-05-28T07:29:27.372+0000] {logging_mixin.py:190} INFO - [2026-05-28T07:29:27.372+0000] {dag.py:4180} INFO - Setting next_dagrun for example_branch_operator to 2026-05-27 00:00:00+00:00, run_after=2026-05-28 00:00:00+00:00
[2026-05-28T07:29:27.410+0000] {processor.py:208} INFO - Processing /home/airflow/.local/lib/python3.12/site-packages/airflow/example_dags/example_branch_operator.py took 0.176 seconds
[2026-05-28T07:29:57.777+0000] {processor.py:186} INFO - Started process (PID=851) to work on /home/airflow/.local/lib/python3.12/site-packages/airflow/example_dags/example_branch_operator.py
[2026-05-28T07:29:57.779+0000] {processor.py:914} INFO - Processing file /home/airflow/.local/lib/python3.12/site-packages/airflow/example_dags/example_branch_operator.py for tasks to queue
[2026-05-28T07:29:57.785+0000] {logging_mixin.py:190} INFO - [2026-05-28T07:29:57.785+0000] {dagbag.py:588} INFO - Filling up the DagBag from /home/airflow/.local/lib/python3.12/site-packages/airflow/example_dags/example_branch_operator.py
[2026-05-28T07:29:57.824+0000] {processor.py:925} INFO - DAG(s) 'example_branch_operator' retrieved from /home/airflow/.local/lib/python3.12/site-packages/airflow/example_dags/example_branch_operator.py
[2026-05-28T07:29:57.896+0000] {logging_mixin.py:190} INFO - [2026-05-28T07:29:57.895+0000] {dag.py:3239} INFO - Sync 1 DAGs
[2026-05-28T07:29:57.940+0000] {logging_mixin.py:190} INFO - [2026-05-28T07:29:57.940+0000] {dag.py:4180} INFO - Setting next_dagrun for example_branch_operator to 2026-05-27 00:00:00+00:00, run_after=2026-05-28 00:00:00+00:00
[2026-05-28T07:29:57.978+0000] {processor.py:208} INFO - Processing /home/airflow/.local/lib/python3.12/site-packages/airflow/example_dags/example_branch_operator.py took 0.210 seconds
[2026-05-28T07:30:31.238+0000] {processor.py:186} INFO - Started process (PID=911) to work on /home/airflow/.local/lib/python3.12/site-packages/airflow/example_dags/example_branch_operator.py
[2026-05-28T07:30:31.240+0000] {processor.py:914} INFO - Processing file /home/airflow/.local/lib/python3.12/site-packages/airflow/example_dags/example_branch_operator.py for tasks to queue
[2026-05-28T07:30:31.246+0000] {logging_mixin.py:190} INFO - [2026-05-28T07:30:31.245+0000] {dagbag.py:588} INFO - Filling up the DagBag from /home/airflow/.local/lib/python3.12/site-packages/airflow/example_dags/example_branch_operator.py
[2026-05-28T07:30:31.271+0000] {processor.py:925} INFO - DAG(s) 'example_branch_operator' retrieved from /home/airflow/.local/lib/python3.12/site-packages/airflow/example_dags/example_branch_operator.py
[2026-05-28T07:30:31.328+0000] {logging_mixin.py:190} INFO - [2026-05-28T07:30:31.328+0000] {dag.py:3239} INFO - Sync 1 DAGs
[2026-05-28T07:30:31.363+0000] {logging_mixin.py:190} INFO - [2026-05-28T07:30:31.363+0000] {dag.py:4180} INFO - Setting next_dagrun for example_branch_operator to 2026-05-27 00:00:00+00:00, run_after=2026-05-28 00:00:00+00:00
[2026-05-28T07:30:31.402+0000] {processor.py:208} INFO - Processing /home/airflow/.local/lib/python3.12/site-packages/airflow/example_dags/example_branch_operator.py took 0.172 seconds
[2026-05-28T07:31:05.103+0000] {processor.py:186} INFO - Started process (PID=975) to work on /home/airflow/.local/lib/python3.12/site-packages/airflow/example_dags/example_branch_operator.py
[2026-05-28T07:31:05.104+0000] {processor.py:914} INFO - Processing file /home/airflow/.local/lib/python3.12/site-packages/airflow/example_dags/example_branch_operator.py for tasks to queue
[2026-05-28T07:31:05.113+0000] {logging_mixin.py:190} INFO - [2026-05-28T07:31:05.112+0000] {dagbag.py:588} INFO - Filling up the DagBag from /home/airflow/.local/lib/python3.12/site-packages/airflow/example_dags/example_branch_operator.py
[2026-05-28T07:31:05.143+0000] {processor.py:925} INFO - DAG(s) 'example_branch_operator' retrieved from /home/airflow/.local/lib/python3.12/site-packages/airflow/example_dags/example_branch_operator.py
[2026-05-28T07:31:05.190+0000] {logging_mixin.py:190} INFO - [2026-05-28T07:31:05.190+0000] {dag.py:3239} INFO - Sync 1 DAGs
[2026-05-28T07:31:05.222+0000] {logging_mixin.py:190} INFO - [2026-05-28T07:31:05.222+0000] {dag.py:4180} INFO - Setting next_dagrun for example_branch_operator to 2026-05-27 00:00:00+00:00, run_after=2026-05-28 00:00:00+00:00
[2026-05-28T07:31:05.262+0000] {processor.py:208} INFO - Processing /home/airflow/.local/lib/python3.12/site-packages/airflow/example_dags/example_branch_operator.py took 0.167 seconds
[2026-05-28T07:31:46.764+0000] {processor.py:186} INFO - Started process (PID=1038) to work on /home/airflow/.local/lib/python3.12/site-packages/airflow/example_dags/example_branch_operator.py
[2026-05-28T07:31:46.766+0000] {processor.py:914} INFO - Processing file /home/airflow/.local/lib/python3.12/site-packages/airflow/example_dags/example_branch_operator.py for tasks to queue
[2026-05-28T07:31:46.772+0000] {logging_mixin.py:190} INFO - [2026-05-28T07:31:46.771+0000] {dagbag.py:588} INFO - Filling up the DagBag from /home/airflow/.local/lib/python3.12/site-packages/airflow/example_dags/example_branch_operator.py
[2026-05-28T07:31:46.815+0000] {processor.py:925} INFO - DAG(s) 'example_branch_operator' retrieved from /home/airflow/.local/lib/python3.12/site-packages/airflow/example_dags/example_branch_operator.py
[2026-05-28T07:31:46.883+0000] {logging_mixin.py:190} INFO - [2026-05-28T07:31:46.882+0000] {dag.py:3239} INFO - Sync 1 DAGs
[2026-05-28T07:31:46.924+0000] {logging_mixin.py:190} INFO - [2026-05-28T07:31:46.924+0000] {dag.py:4180} INFO - Setting next_dagrun for example_branch_operator to 2026-05-27 00:00:00+00:00, run_after=2026-05-28 00:00:00+00:00
[2026-05-28T07:31:46.969+0000] {processor.py:208} INFO - Processing /home/airflow/.local/lib/python3.12/site-packages/airflow/example_dags/example_branch_operator.py took 0.218 seconds
[2026-05-28T07:32:18.726+0000] {processor.py:186} INFO - Started process (PID=1101) to work on /home/airflow/.local/lib/python3.12/site-packages/airflow/example_dags/example_branch_operator.py
[2026-05-28T07:32:18.728+0000] {processor.py:914} INFO - Processing file /home/airflow/.local/lib/python3.12/site-packages/airflow/example_dags/example_branch_operator.py for tasks to queue
[2026-05-28T07:32:18.731+0000] {logging_mixin.py:190} INFO - [2026-05-28T07:32:18.731+0000] {dagbag.py:588} INFO - Filling up the DagBag from /home/airflow/.local/lib/python3.12/site-packages/airflow/example_dags/example_branch_operator.py
[2026-05-28T07:32:18.753+0000] {processor.py:925} INFO - DAG(s) 'example_branch_operator' retrieved from /home/airflow/.local/lib/python3.12/site-packages/airflow/example_dags/example_branch_operator.py
[2026-05-28T07:32:18.797+0000] {logging_mixin.py:190} INFO - [2026-05-28T07:32:18.797+0000] {dag.py:3239} INFO - Sync 1 DAGs
[2026-05-28T07:32:18.828+0000] {logging_mixin.py:190} INFO - [2026-05-28T07:32:18.827+0000] {dag.py:4180} INFO - Setting next_dagrun for example_branch_operator to 2026-05-27 00:00:00+00:00, run_after=2026-05-28 00:00:00+00:00
[2026-05-28T07:32:18.866+0000] {processor.py:208} INFO - Processing /home/airflow/.local/lib/python3.12/site-packages/airflow/example_dags/example_branch_operator.py took 0.147 seconds
[2026-05-28T07:35:59.974+0000] {processor.py:186} INFO - Started process (PID=107) to work on /home/airflow/.local/lib/python3.12/site-packages/airflow/example_dags/example_branch_operator.py
[2026-05-28T07:35:59.976+0000] {processor.py:914} INFO - Processing file /home/airflow/.local/lib/python3.12/site-packages/airflow/example_dags/example_branch_operator.py for tasks to queue
[2026-05-28T07:35:59.983+0000] {logging_mixin.py:190} INFO - [2026-05-28T07:35:59.982+0000] {dagbag.py:588} INFO - Filling up the DagBag from /home/airflow/.local/lib/python3.12/site-packages/airflow/example_dags/example_branch_operator.py
[2026-05-28T07:36:00.042+0000] {processor.py:925} INFO - DAG(s) 'example_branch_operator' retrieved from /home/airflow/.local/lib/python3.12/site-packages/airflow/example_dags/example_branch_operator.py
[2026-05-28T07:36:00.382+0000] {logging_mixin.py:190} INFO - [2026-05-28T07:36:00.380+0000] {override.py:1932} INFO - Created Permission View: can delete on DAG:example_branch_operator
[2026-05-28T07:36:00.411+0000] {logging_mixin.py:190} INFO - [2026-05-28T07:36:00.410+0000] {override.py:1932} INFO - Created Permission View: can read on DAG:example_branch_operator
[2026-05-28T07:36:00.428+0000] {logging_mixin.py:190} INFO - [2026-05-28T07:36:00.428+0000] {override.py:1932} INFO - Created Permission View: can edit on DAG:example_branch_operator
[2026-05-28T07:36:00.445+0000] {logging_mixin.py:190} INFO - [2026-05-28T07:36:00.444+0000] {override.py:1932} INFO - Created Permission View: can delete on DAG Run:example_branch_operator
[2026-05-28T07:36:00.460+0000] {logging_mixin.py:190} INFO - [2026-05-28T07:36:00.459+0000] {override.py:1932} INFO - Created Permission View: can read on DAG Run:example_branch_operator
[2026-05-28T07:36:00.475+0000] {logging_mixin.py:190} INFO - [2026-05-28T07:36:00.475+0000] {override.py:1932} INFO - Created Permission View: menu access on DAG Run:example_branch_operator
[2026-05-28T07:36:00.491+0000] {logging_mixin.py:190} INFO - [2026-05-28T07:36:00.490+0000] {override.py:1932} INFO - Created Permission View: can create on DAG Run:example_branch_operator
[2026-05-28T07:36:00.492+0000] {logging_mixin.py:190} INFO - [2026-05-28T07:36:00.492+0000] {dag.py:3239} INFO - Sync 1 DAGs
[2026-05-28T07:36:00.512+0000] {logging_mixin.py:190} INFO - [2026-05-28T07:36:00.512+0000] {dag.py:3262} INFO - Creating ORM DAG for example_branch_operator
[2026-05-28T07:36:00.528+0000] {logging_mixin.py:190} INFO - [2026-05-28T07:36:00.528+0000] {dag.py:4180} INFO - Setting next_dagrun for example_branch_operator to 2026-05-27 00:00:00+00:00, run_after=2026-05-28 00:00:00+00:00
[2026-05-28T07:36:00.565+0000] {processor.py:208} INFO - Processing /home/airflow/.local/lib/python3.12/site-packages/airflow/example_dags/example_branch_operator.py took 0.602 seconds
[2026-05-28T07:36:38.933+0000] {processor.py:186} INFO - Started process (PID=169) to work on /home/airflow/.local/lib/python3.12/site-packages/airflow/example_dags/example_branch_operator.py
[2026-05-28T07:36:38.934+0000] {processor.py:914} INFO - Processing file /home/airflow/.local/lib/python3.12/site-packages/airflow/example_dags/example_branch_operator.py for tasks to queue
[2026-05-28T07:36:38.938+0000] {logging_mixin.py:190} INFO - [2026-05-28T07:36:38.937+0000] {dagbag.py:588} INFO - Filling up the DagBag from /home/airflow/.local/lib/python3.12/site-packages/airflow/example_dags/example_branch_operator.py
[2026-05-28T07:36:38.964+0000] {processor.py:925} INFO - DAG(s) 'example_branch_operator' retrieved from /home/airflow/.local/lib/python3.12/site-packages/airflow/example_dags/example_branch_operator.py
[2026-05-28T07:36:39.017+0000] {logging_mixin.py:190} INFO - [2026-05-28T07:36:39.016+0000] {dag.py:3239} INFO - Sync 1 DAGs
[2026-05-28T07:36:39.049+0000] {logging_mixin.py:190} INFO - [2026-05-28T07:36:39.048+0000] {dag.py:4180} INFO - Setting next_dagrun for example_branch_operator to 2026-05-27 00:00:00+00:00, run_after=2026-05-28 00:00:00+00:00
[2026-05-28T07:36:39.402+0000] {processor.py:208} INFO - Processing /home/airflow/.local/lib/python3.12/site-packages/airflow/example_dags/example_branch_operator.py took 0.478 seconds
[2026-05-28T07:37:18.841+0000] {processor.py:186} INFO - Started process (PID=238) to work on /home/airflow/.local/lib/python3.12/site-packages/airflow/example_dags/example_branch_operator.py
[2026-05-28T07:37:18.843+0000] {processor.py:914} INFO - Processing file /home/airflow/.local/lib/python3.12/site-packages/airflow/example_dags/example_branch_operator.py for tasks to queue
[2026-05-28T07:37:18.848+0000] {logging_mixin.py:190} INFO - [2026-05-28T07:37:18.847+0000] {dagbag.py:588} INFO - Filling up the DagBag from /home/airflow/.local/lib/python3.12/site-packages/airflow/example_dags/example_branch_operator.py
[2026-05-28T07:37:18.882+0000] {processor.py:925} INFO - DAG(s) 'example_branch_operator' retrieved from /home/airflow/.local/lib/python3.12/site-packages/airflow/example_dags/example_branch_operator.py
[2026-05-28T07:37:18.935+0000] {logging_mixin.py:190} INFO - [2026-05-28T07:37:18.935+0000] {dag.py:3239} INFO - Sync 1 DAGs
[2026-05-28T07:37:18.974+0000] {logging_mixin.py:190} INFO - [2026-05-28T07:37:18.974+0000] {dag.py:4180} INFO - Setting next_dagrun for example_branch_operator to 2026-05-27 00:00:00+00:00, run_after=2026-05-28 00:00:00+00:00
[2026-05-28T07:37:19.016+0000] {processor.py:208} INFO - Processing /home/airflow/.local/lib/python3.12/site-packages/airflow/example_dags/example_branch_operator.py took 0.186 seconds
[2026-05-28T07:37:49.447+0000] {processor.py:186} INFO - Started process (PID=301) to work on /home/airflow/.local/lib/python3.12/site-packages/airflow/example_dags/example_branch_operator.py
[2026-05-28T07:37:49.450+0000] {processor.py:914} INFO - Processing file /home/airflow/.local/lib/python3.12/site-packages/airflow/example_dags/example_branch_operator.py for tasks to queue
[2026-05-28T07:37:49.456+0000] {logging_mixin.py:190} INFO - [2026-05-28T07:37:49.456+0000] {dagbag.py:588} INFO - Filling up the DagBag from /home/airflow/.local/lib/python3.12/site-packages/airflow/example_dags/example_branch_operator.py
[2026-05-28T07:37:49.497+0000] {processor.py:925} INFO - DAG(s) 'example_branch_operator' retrieved from /home/airflow/.local/lib/python3.12/site-packages/airflow/example_dags/example_branch_operator.py
[2026-05-28T07:37:49.567+0000] {logging_mixin.py:190} INFO - [2026-05-28T07:37:49.566+0000] {dag.py:3239} INFO - Sync 1 DAGs
[2026-05-28T07:37:49.620+0000] {logging_mixin.py:190} INFO - [2026-05-28T07:37:49.620+0000] {dag.py:4180} INFO - Setting next_dagrun for example_branch_operator to 2026-05-27 00:00:00+00:00, run_after=2026-05-28 00:00:00+00:00
[2026-05-28T07:37:49.664+0000] {processor.py:208} INFO - Processing /home/airflow/.local/lib/python3.12/site-packages/airflow/example_dags/example_branch_operator.py took 0.234 seconds
[2026-05-28T07:38:19.920+0000] {processor.py:186} INFO - Started process (PID=363) to work on /home/airflow/.local/lib/python3.12/site-packages/airflow/example_dags/example_branch_operator.py
[2026-05-28T07:38:19.922+0000] {processor.py:914} INFO - Processing file /home/airflow/.local/lib/python3.12/site-packages/airflow/example_dags/example_branch_operator.py for tasks to queue
[2026-05-28T07:38:19.928+0000] {logging_mixin.py:190} INFO - [2026-05-28T07:38:19.928+0000] {dagbag.py:588} INFO - Filling up the DagBag from /home/airflow/.local/lib/python3.12/site-packages/airflow/example_dags/example_branch_operator.py
[2026-05-28T07:38:19.967+0000] {processor.py:925} INFO - DAG(s) 'example_branch_operator' retrieved from /home/airflow/.local/lib/python3.12/site-packages/airflow/example_dags/example_branch_operator.py
[2026-05-28T07:38:20.045+0000] {logging_mixin.py:190} INFO - [2026-05-28T07:38:20.044+0000] {dag.py:3239} INFO - Sync 1 DAGs
[2026-05-28T07:38:20.117+0000] {logging_mixin.py:190} INFO - [2026-05-28T07:38:20.117+0000] {dag.py:4180} INFO - Setting next_dagrun for example_branch_operator to 2026-05-27 00:00:00+00:00, run_after=2026-05-28 00:00:00+00:00
[2026-05-28T07:38:20.163+0000] {processor.py:208} INFO - Processing /home/airflow/.local/lib/python3.12/site-packages/airflow/example_dags/example_branch_operator.py took 0.258 seconds
[2026-05-28T07:38:54.839+0000] {processor.py:186} INFO - Started process (PID=425) to work on /home/airflow/.local/lib/python3.12/site-packages/airflow/example_dags/example_branch_operator.py
[2026-05-28T07:38:54.841+0000] {processor.py:914} INFO - Processing file /home/airflow/.local/lib/python3.12/site-packages/airflow/example_dags/example_branch_operator.py for tasks to queue
[2026-05-28T07:38:54.847+0000] {logging_mixin.py:190} INFO - [2026-05-28T07:38:54.847+0000] {dagbag.py:588} INFO - Filling up the DagBag from /home/airflow/.local/lib/python3.12/site-packages/airflow/example_dags/example_branch_operator.py
[2026-05-28T07:38:54.883+0000] {processor.py:925} INFO - DAG(s) 'example_branch_operator' retrieved from /home/airflow/.local/lib/python3.12/site-packages/airflow/example_dags/example_branch_operator.py
[2026-05-28T07:38:54.950+0000] {logging_mixin.py:190} INFO - [2026-05-28T07:38:54.950+0000] {dag.py:3239} INFO - Sync 1 DAGs
[2026-05-28T07:38:55.009+0000] {logging_mixin.py:190} INFO - [2026-05-28T07:38:55.008+0000] {dag.py:4180} INFO - Setting next_dagrun for example_branch_operator to 2026-05-27 00:00:00+00:00, run_after=2026-05-28 00:00:00+00:00
[2026-05-28T07:38:55.051+0000] {processor.py:208} INFO - Processing /home/airflow/.local/lib/python3.12/site-packages/airflow/example_dags/example_branch_operator.py took 0.223 seconds
[2026-05-28T07:39:25.877+0000] {processor.py:186} INFO - Started process (PID=487) to work on /home/airflow/.local/lib/python3.12/site-packages/airflow/example_dags/example_branch_operator.py
[2026-05-28T07:39:25.879+0000] {processor.py:914} INFO - Processing file /home/airflow/.local/lib/python3.12/site-packages/airflow/example_dags/example_branch_operator.py for tasks to queue
[2026-05-28T07:39:25.884+0000] {logging_mixin.py:190} INFO - [2026-05-28T07:39:25.883+0000] {dagbag.py:588} INFO - Filling up the DagBag from /home/airflow/.local/lib/python3.12/site-packages/airflow/example_dags/example_branch_operator.py
[2026-05-28T07:39:25.919+0000] {processor.py:925} INFO - DAG(s) 'example_branch_operator' retrieved from /home/airflow/.local/lib/python3.12/site-packages/airflow/example_dags/example_branch_operator.py
[2026-05-28T07:39:25.972+0000] {logging_mixin.py:190} INFO - [2026-05-28T07:39:25.971+0000] {dag.py:3239} INFO - Sync 1 DAGs
[2026-05-28T07:39:26.006+0000] {logging_mixin.py:190} INFO - [2026-05-28T07:39:26.005+0000] {dag.py:4180} INFO - Setting next_dagrun for example_branch_operator to 2026-05-27 00:00:00+00:00, run_after=2026-05-28 00:00:00+00:00
[2026-05-28T07:39:26.044+0000] {processor.py:208} INFO - Processing /home/airflow/.local/lib/python3.12/site-packages/airflow/example_dags/example_branch_operator.py took 0.177 seconds
[2026-05-28T07:39:57.330+0000] {processor.py:186} INFO - Started process (PID=548) to work on /home/airflow/.local/lib/python3.12/site-packages/airflow/example_dags/example_branch_operator.py
[2026-05-28T07:39:57.332+0000] {processor.py:914} INFO - Processing file /home/airflow/.local/lib/python3.12/site-packages/airflow/example_dags/example_branch_operator.py for tasks to queue
[2026-05-28T07:39:57.338+0000] {logging_mixin.py:190} INFO - [2026-05-28T07:39:57.337+0000] {dagbag.py:588} INFO - Filling up the DagBag from /home/airflow/.local/lib/python3.12/site-packages/airflow/example_dags/example_branch_operator.py
[2026-05-28T07:39:57.369+0000] {processor.py:925} INFO - DAG(s) 'example_branch_operator' retrieved from /home/airflow/.local/lib/python3.12/site-packages/airflow/example_dags/example_branch_operator.py
[2026-05-28T07:39:57.420+0000] {logging_mixin.py:190} INFO - [2026-05-28T07:39:57.420+0000] {dag.py:3239} INFO - Sync 1 DAGs
[2026-05-28T07:39:57.457+0000] {logging_mixin.py:190} INFO - [2026-05-28T07:39:57.456+0000] {dag.py:4180} INFO - Setting next_dagrun for example_branch_operator to 2026-05-27 00:00:00+00:00, run_after=2026-05-28 00:00:00+00:00
[2026-05-28T07:39:57.494+0000] {processor.py:208} INFO - Processing /home/airflow/.local/lib/python3.12/site-packages/airflow/example_dags/example_branch_operator.py took 0.173 seconds
[2026-05-28T07:40:28.753+0000] {processor.py:186} INFO - Started process (PID=592) to work on /home/airflow/.local/lib/python3.12/site-packages/airflow/example_dags/example_branch_operator.py
[2026-05-28T07:40:28.755+0000] {processor.py:914} INFO - Processing file /home/airflow/.local/lib/python3.12/site-packages/airflow/example_dags/example_branch_operator.py for tasks to queue
[2026-05-28T07:40:28.760+0000] {logging_mixin.py:190} INFO - [2026-05-28T07:40:28.759+0000] {dagbag.py:588} INFO - Filling up the DagBag from /home/airflow/.local/lib/python3.12/site-packages/airflow/example_dags/example_branch_operator.py
[2026-05-28T07:40:28.802+0000] {processor.py:925} INFO - DAG(s) 'example_branch_operator' retrieved from /home/airflow/.local/lib/python3.12/site-packages/airflow/example_dags/example_branch_operator.py
[2026-05-28T07:40:28.873+0000] {logging_mixin.py:190} INFO - [2026-05-28T07:40:28.873+0000] {dag.py:3239} INFO - Sync 1 DAGs
[2026-05-28T07:40:28.922+0000] {logging_mixin.py:190} INFO - [2026-05-28T07:40:28.922+0000] {dag.py:4180} INFO - Setting next_dagrun for example_branch_operator to 2026-05-27 00:00:00+00:00, run_after=2026-05-28 00:00:00+00:00
[2026-05-28T07:40:28.978+0000] {processor.py:208} INFO - Processing /home/airflow/.local/lib/python3.12/site-packages/airflow/example_dags/example_branch_operator.py took 0.239 seconds
[2026-05-28T07:41:08.211+0000] {processor.py:186} INFO - Started process (PID=653) to work on /home/airflow/.local/lib/python3.12/site-packages/airflow/example_dags/example_branch_operator.py
[2026-05-28T07:41:08.213+0000] {processor.py:914} INFO - Processing file /home/airflow/.local/lib/python3.12/site-packages/airflow/example_dags/example_branch_operator.py for tasks to queue
[2026-05-28T07:41:08.217+0000] {logging_mixin.py:190} INFO - [2026-05-28T07:41:08.217+0000] {dagbag.py:588} INFO - Filling up the DagBag from /home/airflow/.local/lib/python3.12/site-packages/airflow/example_dags/example_branch_operator.py
[2026-05-28T07:41:08.256+0000] {processor.py:925} INFO - DAG(s) 'example_branch_operator' retrieved from /home/airflow/.local/lib/python3.12/site-packages/airflow/example_dags/example_branch_operator.py
[2026-05-28T07:41:08.304+0000] {logging_mixin.py:190} INFO - [2026-05-28T07:41:08.303+0000] {dag.py:3239} INFO - Sync 1 DAGs
[2026-05-28T07:41:08.346+0000] {logging_mixin.py:190} INFO - [2026-05-28T07:41:08.345+0000] {dag.py:4180} INFO - Setting next_dagrun for example_branch_operator to 2026-05-27 00:00:00+00:00, run_after=2026-05-28 00:00:00+00:00
[2026-05-28T07:41:08.389+0000] {processor.py:208} INFO - Processing /home/airflow/.local/lib/python3.12/site-packages/airflow/example_dags/example_branch_operator.py took 0.188 seconds
[2026-05-28T07:41:38.745+0000] {processor.py:186} INFO - Started process (PID=714) to work on /home/airflow/.local/lib/python3.12/site-packages/airflow/example_dags/example_branch_operator.py
[2026-05-28T07:41:38.747+0000] {processor.py:914} INFO - Processing file /home/airflow/.local/lib/python3.12/site-packages/airflow/example_dags/example_branch_operator.py for tasks to queue
[2026-05-28T07:41:38.752+0000] {logging_mixin.py:190} INFO - [2026-05-28T07:41:38.751+0000] {dagbag.py:588} INFO - Filling up the DagBag from /home/airflow/.local/lib/python3.12/site-packages/airflow/example_dags/example_branch_operator.py
[2026-05-28T07:41:38.784+0000] {processor.py:925} INFO - DAG(s) 'example_branch_operator' retrieved from /home/airflow/.local/lib/python3.12/site-packages/airflow/example_dags/example_branch_operator.py
[2026-05-28T07:41:38.860+0000] {logging_mixin.py:190} INFO - [2026-05-28T07:41:38.859+0000] {dag.py:3239} INFO - Sync 1 DAGs
[2026-05-28T07:41:38.922+0000] {logging_mixin.py:190} INFO - [2026-05-28T07:41:38.922+0000] {dag.py:4180} INFO - Setting next_dagrun for example_branch_operator to 2026-05-27 00:00:00+00:00, run_after=2026-05-28 00:00:00+00:00
[2026-05-28T07:41:38.975+0000] {processor.py:208} INFO - Processing /home/airflow/.local/lib/python3.12/site-packages/airflow/example_dags/example_branch_operator.py took 0.240 seconds
[2026-05-28T07:42:09.072+0000] {processor.py:186} INFO - Started process (PID=777) to work on /home/airflow/.local/lib/python3.12/site-packages/airflow/example_dags/example_branch_operator.py
[2026-05-28T07:42:09.074+0000] {processor.py:914} INFO - Processing file /home/airflow/.local/lib/python3.12/site-packages/airflow/example_dags/example_branch_operator.py for tasks to queue
[2026-05-28T07:42:09.078+0000] {logging_mixin.py:190} INFO - [2026-05-28T07:42:09.077+0000] {dagbag.py:588} INFO - Filling up the DagBag from /home/airflow/.local/lib/python3.12/site-packages/airflow/example_dags/example_branch_operator.py
[2026-05-28T07:42:09.103+0000] {processor.py:925} INFO - DAG(s) 'example_branch_operator' retrieved from /home/airflow/.local/lib/python3.12/site-packages/airflow/example_dags/example_branch_operator.py
[2026-05-28T07:42:09.150+0000] {logging_mixin.py:190} INFO - [2026-05-28T07:42:09.150+0000] {dag.py:3239} INFO - Sync 1 DAGs
[2026-05-28T07:42:09.184+0000] {logging_mixin.py:190} INFO - [2026-05-28T07:42:09.183+0000] {dag.py:4180} INFO - Setting next_dagrun for example_branch_operator to 2026-05-27 00:00:00+00:00, run_after=2026-05-28 00:00:00+00:00
[2026-05-28T07:42:09.221+0000] {processor.py:208} INFO - Processing /home/airflow/.local/lib/python3.12/site-packages/airflow/example_dags/example_branch_operator.py took 0.158 seconds
[2026-05-28T07:42:43.450+0000] {processor.py:186} INFO - Started process (PID=839) to work on /home/airflow/.local/lib/python3.12/site-packages/airflow/example_dags/example_branch_operator.py
[2026-05-28T07:42:43.452+0000] {processor.py:914} INFO - Processing file /home/airflow/.local/lib/python3.12/site-packages/airflow/example_dags/example_branch_operator.py for tasks to queue
[2026-05-28T07:42:43.457+0000] {logging_mixin.py:190} INFO - [2026-05-28T07:42:43.456+0000] {dagbag.py:588} INFO - Filling up the DagBag from /home/airflow/.local/lib/python3.12/site-packages/airflow/example_dags/example_branch_operator.py
[2026-05-28T07:42:43.485+0000] {processor.py:925} INFO - DAG(s) 'example_branch_operator' retrieved from /home/airflow/.local/lib/python3.12/site-packages/airflow/example_dags/example_branch_operator.py
[2026-05-28T07:42:43.545+0000] {logging_mixin.py:190} INFO - [2026-05-28T07:42:43.544+0000] {dag.py:3239} INFO - Sync 1 DAGs
[2026-05-28T07:42:43.582+0000] {logging_mixin.py:190} INFO - [2026-05-28T07:42:43.582+0000] {dag.py:4180} INFO - Setting next_dagrun for example_branch_operator to 2026-05-27 00:00:00+00:00, run_after=2026-05-28 00:00:00+00:00
[2026-05-28T07:42:43.624+0000] {processor.py:208} INFO - Processing /home/airflow/.local/lib/python3.12/site-packages/airflow/example_dags/example_branch_operator.py took 0.182 seconds
[2026-05-28T07:43:22.901+0000] {processor.py:186} INFO - Started process (PID=908) to work on /home/airflow/.local/lib/python3.12/site-packages/airflow/example_dags/example_branch_operator.py
[2026-05-28T07:43:22.905+0000] {processor.py:914} INFO - Processing file /home/airflow/.local/lib/python3.12/site-packages/airflow/example_dags/example_branch_operator.py for tasks to queue
[2026-05-28T07:43:22.913+0000] {logging_mixin.py:190} INFO - [2026-05-28T07:43:22.912+0000] {dagbag.py:588} INFO - Filling up the DagBag from /home/airflow/.local/lib/python3.12/site-packages/airflow/example_dags/example_branch_operator.py
[2026-05-28T07:43:22.980+0000] {processor.py:925} INFO - DAG(s) 'example_branch_operator' retrieved from /home/airflow/.local/lib/python3.12/site-packages/airflow/example_dags/example_branch_operator.py
[2026-05-28T07:43:23.048+0000] {logging_mixin.py:190} INFO - [2026-05-28T07:43:23.048+0000] {dag.py:3239} INFO - Sync 1 DAGs
[2026-05-28T07:43:23.102+0000] {logging_mixin.py:190} INFO - [2026-05-28T07:43:23.102+0000] {dag.py:4180} INFO - Setting next_dagrun for example_branch_operator to 2026-05-27 00:00:00+00:00, run_after=2026-05-28 00:00:00+00:00
[2026-05-28T07:43:23.149+0000] {processor.py:208} INFO - Processing /home/airflow/.local/lib/python3.12/site-packages/airflow/example_dags/example_branch_operator.py took 0.264 seconds
[2026-05-28T07:43:53.708+0000] {processor.py:186} INFO - Started process (PID=970) to work on /home/airflow/.local/lib/python3.12/site-packages/airflow/example_dags/example_branch_operator.py
[2026-05-28T07:43:53.711+0000] {processor.py:914} INFO - Processing file /home/airflow/.local/lib/python3.12/site-packages/airflow/example_dags/example_branch_operator.py for tasks to queue
[2026-05-28T07:43:53.716+0000] {logging_mixin.py:190} INFO - [2026-05-28T07:43:53.716+0000] {dagbag.py:588} INFO - Filling up the DagBag from /home/airflow/.local/lib/python3.12/site-packages/airflow/example_dags/example_branch_operator.py
[2026-05-28T07:43:53.751+0000] {processor.py:925} INFO - DAG(s) 'example_branch_operator' retrieved from /home/airflow/.local/lib/python3.12/site-packages/airflow/example_dags/example_branch_operator.py
[2026-05-28T07:43:53.807+0000] {logging_mixin.py:190} INFO - [2026-05-28T07:43:53.807+0000] {dag.py:3239} INFO - Sync 1 DAGs
[2026-05-28T07:43:53.845+0000] {logging_mixin.py:190} INFO - [2026-05-28T07:43:53.845+0000] {dag.py:4180} INFO - Setting next_dagrun for example_branch_operator to 2026-05-27 00:00:00+00:00, run_after=2026-05-28 00:00:00+00:00
[2026-05-28T07:43:53.896+0000] {processor.py:208} INFO - Processing /home/airflow/.local/lib/python3.12/site-packages/airflow/example_dags/example_branch_operator.py took 0.196 seconds
[2026-05-28T07:44:26.530+0000] {processor.py:186} INFO - Started process (PID=1033) to work on /home/airflow/.local/lib/python3.12/site-packages/airflow/example_dags/example_branch_operator.py
[2026-05-28T07:44:26.532+0000] {processor.py:914} INFO - Processing file /home/airflow/.local/lib/python3.12/site-packages/airflow/example_dags/example_branch_operator.py for tasks to queue
[2026-05-28T07:44:26.537+0000] {logging_mixin.py:190} INFO - [2026-05-28T07:44:26.536+0000] {dagbag.py:588} INFO - Filling up the DagBag from /home/airflow/.local/lib/python3.12/site-packages/airflow/example_dags/example_branch_operator.py
[2026-05-28T07:44:26.574+0000] {processor.py:925} INFO - DAG(s) 'example_branch_operator' retrieved from /home/airflow/.local/lib/python3.12/site-packages/airflow/example_dags/example_branch_operator.py
[2026-05-28T07:44:26.644+0000] {logging_mixin.py:190} INFO - [2026-05-28T07:44:26.644+0000] {dag.py:3239} INFO - Sync 1 DAGs
[2026-05-28T07:44:26.693+0000] {logging_mixin.py:190} INFO - [2026-05-28T07:44:26.693+0000] {dag.py:4180} INFO - Setting next_dagrun for example_branch_operator to 2026-05-27 00:00:00+00:00, run_after=2026-05-28 00:00:00+00:00
[2026-05-28T07:44:26.741+0000] {processor.py:208} INFO - Processing /home/airflow/.local/lib/python3.12/site-packages/airflow/example_dags/example_branch_operator.py took 0.221 seconds
[2026-05-28T07:45:00.068+0000] {processor.py:186} INFO - Started process (PID=1094) to work on /home/airflow/.local/lib/python3.12/site-packages/airflow/example_dags/example_branch_operator.py
[2026-05-28T07:45:00.070+0000] {processor.py:914} INFO - Processing file /home/airflow/.local/lib/python3.12/site-packages/airflow/example_dags/example_branch_operator.py for tasks to queue
[2026-05-28T07:45:00.075+0000] {logging_mixin.py:190} INFO - [2026-05-28T07:45:00.074+0000] {dagbag.py:588} INFO - Filling up the DagBag from /home/airflow/.local/lib/python3.12/site-packages/airflow/example_dags/example_branch_operator.py
[2026-05-28T07:45:00.099+0000] {processor.py:925} INFO - DAG(s) 'example_branch_operator' retrieved from /home/airflow/.local/lib/python3.12/site-packages/airflow/example_dags/example_branch_operator.py
[2026-05-28T07:45:00.173+0000] {logging_mixin.py:190} INFO - [2026-05-28T07:45:00.172+0000] {dag.py:3239} INFO - Sync 1 DAGs
[2026-05-28T07:45:00.242+0000] {logging_mixin.py:190} INFO - [2026-05-28T07:45:00.242+0000] {dag.py:4180} INFO - Setting next_dagrun for example_branch_operator to 2026-05-27 00:00:00+00:00, run_after=2026-05-28 00:00:00+00:00
[2026-05-28T07:45:00.288+0000] {processor.py:208} INFO - Processing /home/airflow/.local/lib/python3.12/site-packages/airflow/example_dags/example_branch_operator.py took 0.229 seconds
[2026-05-28T07:45:33.225+0000] {processor.py:186} INFO - Started process (PID=1157) to work on /home/airflow/.local/lib/python3.12/site-packages/airflow/example_dags/example_branch_operator.py
[2026-05-28T07:45:33.227+0000] {processor.py:914} INFO - Processing file /home/airflow/.local/lib/python3.12/site-packages/airflow/example_dags/example_branch_operator.py for tasks to queue
[2026-05-28T07:45:33.232+0000] {logging_mixin.py:190} INFO - [2026-05-28T07:45:33.232+0000] {dagbag.py:588} INFO - Filling up the DagBag from /home/airflow/.local/lib/python3.12/site-packages/airflow/example_dags/example_branch_operator.py
[2026-05-28T07:45:33.269+0000] {processor.py:925} INFO - DAG(s) 'example_branch_operator' retrieved from /home/airflow/.local/lib/python3.12/site-packages/airflow/example_dags/example_branch_operator.py
[2026-05-28T07:45:33.333+0000] {logging_mixin.py:190} INFO - [2026-05-28T07:45:33.332+0000] {dag.py:3239} INFO - Sync 1 DAGs
[2026-05-28T07:45:33.384+0000] {logging_mixin.py:190} INFO - [2026-05-28T07:45:33.384+0000] {dag.py:4180} INFO - Setting next_dagrun for example_branch_operator to 2026-05-27 00:00:00+00:00, run_after=2026-05-28 00:00:00+00:00
[2026-05-28T07:45:33.431+0000] {processor.py:208} INFO - Processing /home/airflow/.local/lib/python3.12/site-packages/airflow/example_dags/example_branch_operator.py took 0.218 seconds
[2026-05-28T07:46:09.897+0000] {processor.py:186} INFO - Started process (PID=1198) to work on /home/airflow/.local/lib/python3.12/site-packages/airflow/example_dags/example_branch_operator.py
[2026-05-28T07:46:09.899+0000] {processor.py:914} INFO - Processing file /home/airflow/.local/lib/python3.12/site-packages/airflow/example_dags/example_branch_operator.py for tasks to queue
[2026-05-28T07:46:09.905+0000] {logging_mixin.py:190} INFO - [2026-05-28T07:46:09.905+0000] {dagbag.py:588} INFO - Filling up the DagBag from /home/airflow/.local/lib/python3.12/site-packages/airflow/example_dags/example_branch_operator.py
[2026-05-28T07:46:09.940+0000] {processor.py:925} INFO - DAG(s) 'example_branch_operator' retrieved from /home/airflow/.local/lib/python3.12/site-packages/airflow/example_dags/example_branch_operator.py
[2026-05-28T07:46:09.995+0000] {logging_mixin.py:190} INFO - [2026-05-28T07:46:09.994+0000] {dag.py:3239} INFO - Sync 1 DAGs
[2026-05-28T07:46:10.036+0000] {logging_mixin.py:190} INFO - [2026-05-28T07:46:10.035+0000] {dag.py:4180} INFO - Setting next_dagrun for example_branch_operator to 2026-05-27 00:00:00+00:00, run_after=2026-05-28 00:00:00+00:00
[2026-05-28T07:46:10.074+0000] {processor.py:208} INFO - Processing /home/airflow/.local/lib/python3.12/site-packages/airflow/example_dags/example_branch_operator.py took 0.187 seconds
[2026-05-28T07:46:41.143+0000] {processor.py:186} INFO - Started process (PID=1260) to work on /home/airflow/.local/lib/python3.12/site-packages/airflow/example_dags/example_branch_operator.py
[2026-05-28T07:46:41.144+0000] {processor.py:914} INFO - Processing file /home/airflow/.local/lib/python3.12/site-packages/airflow/example_dags/example_branch_operator.py for tasks to queue
[2026-05-28T07:46:41.150+0000] {logging_mixin.py:190} INFO - [2026-05-28T07:46:41.149+0000] {dagbag.py:588} INFO - Filling up the DagBag from /home/airflow/.local/lib/python3.12/site-packages/airflow/example_dags/example_branch_operator.py
[2026-05-28T07:46:41.180+0000] {processor.py:925} INFO - DAG(s) 'example_branch_operator' retrieved from /home/airflow/.local/lib/python3.12/site-packages/airflow/example_dags/example_branch_operator.py
[2026-05-28T07:46:41.237+0000] {logging_mixin.py:190} INFO - [2026-05-28T07:46:41.236+0000] {dag.py:3239} INFO - Sync 1 DAGs
[2026-05-28T07:46:41.274+0000] {logging_mixin.py:190} INFO - [2026-05-28T07:46:41.273+0000] {dag.py:4180} INFO - Setting next_dagrun for example_branch_operator to 2026-05-27 00:00:00+00:00, run_after=2026-05-28 00:00:00+00:00
[2026-05-28T07:46:41.310+0000] {processor.py:208} INFO - Processing /home/airflow/.local/lib/python3.12/site-packages/airflow/example_dags/example_branch_operator.py took 0.180 seconds
[2026-05-28T07:47:19.075+0000] {processor.py:186} INFO - Started process (PID=1329) to work on /home/airflow/.local/lib/python3.12/site-packages/airflow/example_dags/example_branch_operator.py
[2026-05-28T07:47:19.077+0000] {processor.py:914} INFO - Processing file /home/airflow/.local/lib/python3.12/site-packages/airflow/example_dags/example_branch_operator.py for tasks to queue
[2026-05-28T07:47:19.081+0000] {logging_mixin.py:190} INFO - [2026-05-28T07:47:19.081+0000] {dagbag.py:588} INFO - Filling up the DagBag from /home/airflow/.local/lib/python3.12/site-packages/airflow/example_dags/example_branch_operator.py
[2026-05-28T07:47:19.115+0000] {processor.py:925} INFO - DAG(s) 'example_branch_operator' retrieved from /home/airflow/.local/lib/python3.12/site-packages/airflow/example_dags/example_branch_operator.py
[2026-05-28T07:47:19.177+0000] {logging_mixin.py:190} INFO - [2026-05-28T07:47:19.176+0000] {dag.py:3239} INFO - Sync 1 DAGs
[2026-05-28T07:47:19.211+0000] {logging_mixin.py:190} INFO - [2026-05-28T07:47:19.211+0000] {dag.py:4180} INFO - Setting next_dagrun for example_branch_operator to 2026-05-27 00:00:00+00:00, run_after=2026-05-28 00:00:00+00:00
[2026-05-28T07:47:19.253+0000] {processor.py:208} INFO - Processing /home/airflow/.local/lib/python3.12/site-packages/airflow/example_dags/example_branch_operator.py took 0.186 seconds
[2026-05-28T07:47:52.717+0000] {processor.py:186} INFO - Started process (PID=1391) to work on /home/airflow/.local/lib/python3.12/site-packages/airflow/example_dags/example_branch_operator.py
[2026-05-28T07:47:52.720+0000] {processor.py:914} INFO - Processing file /home/airflow/.local/lib/python3.12/site-packages/airflow/example_dags/example_branch_operator.py for tasks to queue
[2026-05-28T07:47:52.726+0000] {logging_mixin.py:190} INFO - [2026-05-28T07:47:52.725+0000] {dagbag.py:588} INFO - Filling up the DagBag from /home/airflow/.local/lib/python3.12/site-packages/airflow/example_dags/example_branch_operator.py
[2026-05-28T07:47:52.786+0000] {processor.py:925} INFO - DAG(s) 'example_branch_operator' retrieved from /home/airflow/.local/lib/python3.12/site-packages/airflow/example_dags/example_branch_operator.py
[2026-05-28T07:47:52.874+0000] {logging_mixin.py:190} INFO - [2026-05-28T07:47:52.873+0000] {dag.py:3239} INFO - Sync 1 DAGs
[2026-05-28T07:47:52.922+0000] {logging_mixin.py:190} INFO - [2026-05-28T07:47:52.922+0000] {dag.py:4180} INFO - Setting next_dagrun for example_branch_operator to 2026-05-27 00:00:00+00:00, run_after=2026-05-28 00:00:00+00:00
[2026-05-28T07:47:52.956+0000] {processor.py:208} INFO - Processing /home/airflow/.local/lib/python3.12/site-packages/airflow/example_dags/example_branch_operator.py took 0.253 seconds
[2026-05-28T07:48:23.513+0000] {processor.py:186} INFO - Started process (PID=1453) to work on /home/airflow/.local/lib/python3.12/site-packages/airflow/example_dags/example_branch_operator.py
[2026-05-28T07:48:23.515+0000] {processor.py:914} INFO - Processing file /home/airflow/.local/lib/python3.12/site-packages/airflow/example_dags/example_branch_operator.py for tasks to queue
[2026-05-28T07:48:23.520+0000] {logging_mixin.py:190} INFO - [2026-05-28T07:48:23.520+0000] {dagbag.py:588} INFO - Filling up the DagBag from /home/airflow/.local/lib/python3.12/site-packages/airflow/example_dags/example_branch_operator.py
[2026-05-28T07:48:23.548+0000] {processor.py:925} INFO - DAG(s) 'example_branch_operator' retrieved from /home/airflow/.local/lib/python3.12/site-packages/airflow/example_dags/example_branch_operator.py
[2026-05-28T07:48:23.591+0000] {logging_mixin.py:190} INFO - [2026-05-28T07:48:23.591+0000] {dag.py:3239} INFO - Sync 1 DAGs
[2026-05-28T07:48:23.626+0000] {logging_mixin.py:190} INFO - [2026-05-28T07:48:23.626+0000] {dag.py:4180} INFO - Setting next_dagrun for example_branch_operator to 2026-05-27 00:00:00+00:00, run_after=2026-05-28 00:00:00+00:00
[2026-05-28T07:48:23.671+0000] {processor.py:208} INFO - Processing /home/airflow/.local/lib/python3.12/site-packages/airflow/example_dags/example_branch_operator.py took 0.168 seconds
[2026-05-28T07:48:54.686+0000] {processor.py:186} INFO - Started process (PID=1515) to work on /home/airflow/.local/lib/python3.12/site-packages/airflow/example_dags/example_branch_operator.py
[2026-05-28T07:48:54.688+0000] {processor.py:914} INFO - Processing file /home/airflow/.local/lib/python3.12/site-packages/airflow/example_dags/example_branch_operator.py for tasks to queue
[2026-05-28T07:48:54.692+0000] {logging_mixin.py:190} INFO - [2026-05-28T07:48:54.691+0000] {dagbag.py:588} INFO - Filling up the DagBag from /home/airflow/.local/lib/python3.12/site-packages/airflow/example_dags/example_branch_operator.py
[2026-05-28T07:48:54.725+0000] {processor.py:925} INFO - DAG(s) 'example_branch_operator' retrieved from /home/airflow/.local/lib/python3.12/site-packages/airflow/example_dags/example_branch_operator.py
[2026-05-28T07:48:54.769+0000] {logging_mixin.py:190} INFO - [2026-05-28T07:48:54.768+0000] {dag.py:3239} INFO - Sync 1 DAGs
[2026-05-28T07:48:54.811+0000] {logging_mixin.py:190} INFO - [2026-05-28T07:48:54.810+0000] {dag.py:4180} INFO - Setting next_dagrun for example_branch_operator to 2026-05-27 00:00:00+00:00, run_after=2026-05-28 00:00:00+00:00
[2026-05-28T07:48:54.860+0000] {processor.py:208} INFO - Processing /home/airflow/.local/lib/python3.12/site-packages/airflow/example_dags/example_branch_operator.py took 0.183 seconds
[2026-05-28T07:49:25.660+0000] {processor.py:186} INFO - Started process (PID=1578) to work on /home/airflow/.local/lib/python3.12/site-packages/airflow/example_dags/example_branch_operator.py
[2026-05-28T07:49:25.662+0000] {processor.py:914} INFO - Processing file /home/airflow/.local/lib/python3.12/site-packages/airflow/example_dags/example_branch_operator.py for tasks to queue
[2026-05-28T07:49:25.668+0000] {logging_mixin.py:190} INFO - [2026-05-28T07:49:25.667+0000] {dagbag.py:588} INFO - Filling up the DagBag from /home/airflow/.local/lib/python3.12/site-packages/airflow/example_dags/example_branch_operator.py
[2026-05-28T07:49:25.702+0000] {processor.py:925} INFO - DAG(s) 'example_branch_operator' retrieved from /home/airflow/.local/lib/python3.12/site-packages/airflow/example_dags/example_branch_operator.py
[2026-05-28T07:49:25.759+0000] {logging_mixin.py:190} INFO - [2026-05-28T07:49:25.759+0000] {dag.py:3239} INFO - Sync 1 DAGs
[2026-05-28T07:49:25.797+0000] {logging_mixin.py:190} INFO - [2026-05-28T07:49:25.797+0000] {dag.py:4180} INFO - Setting next_dagrun for example_branch_operator to 2026-05-27 00:00:00+00:00, run_after=2026-05-28 00:00:00+00:00
[2026-05-28T07:49:25.833+0000] {processor.py:208} INFO - Processing /home/airflow/.local/lib/python3.12/site-packages/airflow/example_dags/example_branch_operator.py took 0.183 seconds
[2026-05-28T07:50:05.092+0000] {processor.py:186} INFO - Started process (PID=1643) to work on /home/airflow/.local/lib/python3.12/site-packages/airflow/example_dags/example_branch_operator.py
[2026-05-28T07:50:05.094+0000] {processor.py:914} INFO - Processing file /home/airflow/.local/lib/python3.12/site-packages/airflow/example_dags/example_branch_operator.py for tasks to queue
[2026-05-28T07:50:05.099+0000] {logging_mixin.py:190} INFO - [2026-05-28T07:50:05.098+0000] {dagbag.py:588} INFO - Filling up the DagBag from /home/airflow/.local/lib/python3.12/site-packages/airflow/example_dags/example_branch_operator.py
[2026-05-28T07:50:05.134+0000] {processor.py:925} INFO - DAG(s) 'example_branch_operator' retrieved from /home/airflow/.local/lib/python3.12/site-packages/airflow/example_dags/example_branch_operator.py
[2026-05-28T07:50:05.194+0000] {logging_mixin.py:190} INFO - [2026-05-28T07:50:05.194+0000] {dag.py:3239} INFO - Sync 1 DAGs
[2026-05-28T07:50:05.239+0000] {logging_mixin.py:190} INFO - [2026-05-28T07:50:05.239+0000] {dag.py:4180} INFO - Setting next_dagrun for example_branch_operator to 2026-05-27 00:00:00+00:00, run_after=2026-05-28 00:00:00+00:00
[2026-05-28T07:50:05.277+0000] {processor.py:208} INFO - Processing /home/airflow/.local/lib/python3.12/site-packages/airflow/example_dags/example_branch_operator.py took 0.194 seconds
[2026-05-28T07:50:45.518+0000] {processor.py:186} INFO - Started process (PID=1708) to work on /home/airflow/.local/lib/python3.12/site-packages/airflow/example_dags/example_branch_operator.py
[2026-05-28T07:50:45.520+0000] {processor.py:914} INFO - Processing file /home/airflow/.local/lib/python3.12/site-packages/airflow/example_dags/example_branch_operator.py for tasks to queue
[2026-05-28T07:50:45.528+0000] {logging_mixin.py:190} INFO - [2026-05-28T07:50:45.527+0000] {dagbag.py:588} INFO - Filling up the DagBag from /home/airflow/.local/lib/python3.12/site-packages/airflow/example_dags/example_branch_operator.py
[2026-05-28T07:50:45.568+0000] {processor.py:925} INFO - DAG(s) 'example_branch_operator' retrieved from /home/airflow/.local/lib/python3.12/site-packages/airflow/example_dags/example_branch_operator.py
[2026-05-28T07:50:45.658+0000] {logging_mixin.py:190} INFO - [2026-05-28T07:50:45.657+0000] {dag.py:3239} INFO - Sync 1 DAGs
[2026-05-28T07:50:45.721+0000] {logging_mixin.py:190} INFO - [2026-05-28T07:50:45.720+0000] {dag.py:4180} INFO - Setting next_dagrun for example_branch_operator to 2026-05-27 00:00:00+00:00, run_after=2026-05-28 00:00:00+00:00
[2026-05-28T07:50:45.789+0000] {processor.py:208} INFO - Processing /home/airflow/.local/lib/python3.12/site-packages/airflow/example_dags/example_branch_operator.py took 0.283 seconds
[2026-05-28T07:51:28.759+0000] {processor.py:186} INFO - Started process (PID=1786) to work on /home/airflow/.local/lib/python3.12/site-packages/airflow/example_dags/example_branch_operator.py
[2026-05-28T07:51:28.762+0000] {processor.py:914} INFO - Processing file /home/airflow/.local/lib/python3.12/site-packages/airflow/example_dags/example_branch_operator.py for tasks to queue
[2026-05-28T07:51:28.767+0000] {logging_mixin.py:190} INFO - [2026-05-28T07:51:28.766+0000] {dagbag.py:588} INFO - Filling up the DagBag from /home/airflow/.local/lib/python3.12/site-packages/airflow/example_dags/example_branch_operator.py
[2026-05-28T07:51:28.798+0000] {processor.py:925} INFO - DAG(s) 'example_branch_operator' retrieved from /home/airflow/.local/lib/python3.12/site-packages/airflow/example_dags/example_branch_operator.py
[2026-05-28T07:51:28.867+0000] {logging_mixin.py:190} INFO - [2026-05-28T07:51:28.866+0000] {dag.py:3239} INFO - Sync 1 DAGs
[2026-05-28T07:51:28.907+0000] {logging_mixin.py:190} INFO - [2026-05-28T07:51:28.906+0000] {dag.py:4180} INFO - Setting next_dagrun for example_branch_operator to 2026-05-27 00:00:00+00:00, run_after=2026-05-28 00:00:00+00:00
[2026-05-28T07:51:28.947+0000] {processor.py:208} INFO - Processing /home/airflow/.local/lib/python3.12/site-packages/airflow/example_dags/example_branch_operator.py took 0.199 seconds
[2026-05-28T07:52:08.797+0000] {processor.py:186} INFO - Started process (PID=1848) to work on /home/airflow/.local/lib/python3.12/site-packages/airflow/example_dags/example_branch_operator.py
[2026-05-28T07:52:08.798+0000] {processor.py:914} INFO - Processing file /home/airflow/.local/lib/python3.12/site-packages/airflow/example_dags/example_branch_operator.py for tasks to queue
[2026-05-28T07:52:08.802+0000] {logging_mixin.py:190} INFO - [2026-05-28T07:52:08.802+0000] {dagbag.py:588} INFO - Filling up the DagBag from /home/airflow/.local/lib/python3.12/site-packages/airflow/example_dags/example_branch_operator.py
[2026-05-28T07:52:08.832+0000] {processor.py:925} INFO - DAG(s) 'example_branch_operator' retrieved from /home/airflow/.local/lib/python3.12/site-packages/airflow/example_dags/example_branch_operator.py
[2026-05-28T07:52:08.876+0000] {logging_mixin.py:190} INFO - [2026-05-28T07:52:08.875+0000] {dag.py:3239} INFO - Sync 1 DAGs
[2026-05-28T07:52:08.918+0000] {logging_mixin.py:190} INFO - [2026-05-28T07:52:08.918+0000] {dag.py:4180} INFO - Setting next_dagrun for example_branch_operator to 2026-05-27 00:00:00+00:00, run_after=2026-05-28 00:00:00+00:00
[2026-05-28T07:52:08.959+0000] {processor.py:208} INFO - Processing /home/airflow/.local/lib/python3.12/site-packages/airflow/example_dags/example_branch_operator.py took 0.171 seconds
[2026-05-28T07:52:49.834+0000] {processor.py:186} INFO - Started process (PID=1920) to work on /home/airflow/.local/lib/python3.12/site-packages/airflow/example_dags/example_branch_operator.py
[2026-05-28T07:52:49.836+0000] {processor.py:914} INFO - Processing file /home/airflow/.local/lib/python3.12/site-packages/airflow/example_dags/example_branch_operator.py for tasks to queue
[2026-05-28T07:52:49.841+0000] {logging_mixin.py:190} INFO - [2026-05-28T07:52:49.841+0000] {dagbag.py:588} INFO - Filling up the DagBag from /home/airflow/.local/lib/python3.12/site-packages/airflow/example_dags/example_branch_operator.py
[2026-05-28T07:52:49.873+0000] {processor.py:925} INFO - DAG(s) 'example_branch_operator' retrieved from /home/airflow/.local/lib/python3.12/site-packages/airflow/example_dags/example_branch_operator.py
[2026-05-28T07:52:49.928+0000] {logging_mixin.py:190} INFO - [2026-05-28T07:52:49.927+0000] {dag.py:3239} INFO - Sync 1 DAGs
[2026-05-28T07:52:49.964+0000] {logging_mixin.py:190} INFO - [2026-05-28T07:52:49.964+0000] {dag.py:4180} INFO - Setting next_dagrun for example_branch_operator to 2026-05-27 00:00:00+00:00, run_after=2026-05-28 00:00:00+00:00
[2026-05-28T07:52:50.006+0000] {processor.py:208} INFO - Processing /home/airflow/.local/lib/python3.12/site-packages/airflow/example_dags/example_branch_operator.py took 0.182 seconds
[2026-05-28T07:53:20.680+0000] {processor.py:186} INFO - Started process (PID=1983) to work on /home/airflow/.local/lib/python3.12/site-packages/airflow/example_dags/example_branch_operator.py
[2026-05-28T07:53:20.683+0000] {processor.py:914} INFO - Processing file /home/airflow/.local/lib/python3.12/site-packages/airflow/example_dags/example_branch_operator.py for tasks to queue
[2026-05-28T07:53:20.690+0000] {logging_mixin.py:190} INFO - [2026-05-28T07:53:20.689+0000] {dagbag.py:588} INFO - Filling up the DagBag from /home/airflow/.local/lib/python3.12/site-packages/airflow/example_dags/example_branch_operator.py
[2026-05-28T07:53:20.729+0000] {processor.py:925} INFO - DAG(s) 'example_branch_operator' retrieved from /home/airflow/.local/lib/python3.12/site-packages/airflow/example_dags/example_branch_operator.py
[2026-05-28T07:53:20.804+0000] {logging_mixin.py:190} INFO - [2026-05-28T07:53:20.803+0000] {dag.py:3239} INFO - Sync 1 DAGs
[2026-05-28T07:53:20.853+0000] {logging_mixin.py:190} INFO - [2026-05-28T07:53:20.853+0000] {dag.py:4180} INFO - Setting next_dagrun for example_branch_operator to 2026-05-27 00:00:00+00:00, run_after=2026-05-28 00:00:00+00:00
[2026-05-28T07:53:20.924+0000] {processor.py:208} INFO - Processing /home/airflow/.local/lib/python3.12/site-packages/airflow/example_dags/example_branch_operator.py took 0.256 seconds
[2026-05-28T07:53:56.244+0000] {processor.py:186} INFO - Started process (PID=2048) to work on /home/airflow/.local/lib/python3.12/site-packages/airflow/example_dags/example_branch_operator.py
[2026-05-28T07:53:56.247+0000] {processor.py:914} INFO - Processing file /home/airflow/.local/lib/python3.12/site-packages/airflow/example_dags/example_branch_operator.py for tasks to queue
[2026-05-28T07:53:56.254+0000] {logging_mixin.py:190} INFO - [2026-05-28T07:53:56.253+0000] {dagbag.py:588} INFO - Filling up the DagBag from /home/airflow/.local/lib/python3.12/site-packages/airflow/example_dags/example_branch_operator.py
[2026-05-28T07:53:56.301+0000] {processor.py:925} INFO - DAG(s) 'example_branch_operator' retrieved from /home/airflow/.local/lib/python3.12/site-packages/airflow/example_dags/example_branch_operator.py
[2026-05-28T07:53:56.389+0000] {logging_mixin.py:190} INFO - [2026-05-28T07:53:56.389+0000] {dag.py:3239} INFO - Sync 1 DAGs
[2026-05-28T07:53:56.449+0000] {logging_mixin.py:190} INFO - [2026-05-28T07:53:56.449+0000] {dag.py:4180} INFO - Setting next_dagrun for example_branch_operator to 2026-05-27 00:00:00+00:00, run_after=2026-05-28 00:00:00+00:00
[2026-05-28T07:53:56.492+0000] {processor.py:208} INFO - Processing /home/airflow/.local/lib/python3.12/site-packages/airflow/example_dags/example_branch_operator.py took 0.264 seconds
[2026-05-28T07:54:27.019+0000] {processor.py:186} INFO - Started process (PID=2110) to work on /home/airflow/.local/lib/python3.12/site-packages/airflow/example_dags/example_branch_operator.py
[2026-05-28T07:54:27.021+0000] {processor.py:914} INFO - Processing file /home/airflow/.local/lib/python3.12/site-packages/airflow/example_dags/example_branch_operator.py for tasks to queue
[2026-05-28T07:54:27.027+0000] {logging_mixin.py:190} INFO - [2026-05-28T07:54:27.026+0000] {dagbag.py:588} INFO - Filling up the DagBag from /home/airflow/.local/lib/python3.12/site-packages/airflow/example_dags/example_branch_operator.py
[2026-05-28T07:54:27.055+0000] {processor.py:925} INFO - DAG(s) 'example_branch_operator' retrieved from /home/airflow/.local/lib/python3.12/site-packages/airflow/example_dags/example_branch_operator.py
[2026-05-28T07:54:27.116+0000] {logging_mixin.py:190} INFO - [2026-05-28T07:54:27.116+0000] {dag.py:3239} INFO - Sync 1 DAGs
[2026-05-28T07:54:27.156+0000] {logging_mixin.py:190} INFO - [2026-05-28T07:54:27.155+0000] {dag.py:4180} INFO - Setting next_dagrun for example_branch_operator to 2026-05-27 00:00:00+00:00, run_after=2026-05-28 00:00:00+00:00
[2026-05-28T07:54:27.192+0000] {processor.py:208} INFO - Processing /home/airflow/.local/lib/python3.12/site-packages/airflow/example_dags/example_branch_operator.py took 0.184 seconds
[2026-05-28T07:55:00.551+0000] {processor.py:186} INFO - Started process (PID=2172) to work on /home/airflow/.local/lib/python3.12/site-packages/airflow/example_dags/example_branch_operator.py
[2026-05-28T07:55:00.553+0000] {processor.py:914} INFO - Processing file /home/airflow/.local/lib/python3.12/site-packages/airflow/example_dags/example_branch_operator.py for tasks to queue
[2026-05-28T07:55:00.560+0000] {logging_mixin.py:190} INFO - [2026-05-28T07:55:00.559+0000] {dagbag.py:588} INFO - Filling up the DagBag from /home/airflow/.local/lib/python3.12/site-packages/airflow/example_dags/example_branch_operator.py
[2026-05-28T07:55:00.601+0000] {processor.py:925} INFO - DAG(s) 'example_branch_operator' retrieved from /home/airflow/.local/lib/python3.12/site-packages/airflow/example_dags/example_branch_operator.py
[2026-05-28T07:55:00.712+0000] {logging_mixin.py:190} INFO - [2026-05-28T07:55:00.711+0000] {dag.py:3239} INFO - Sync 1 DAGs
[2026-05-28T07:55:00.790+0000] {logging_mixin.py:190} INFO - [2026-05-28T07:55:00.790+0000] {dag.py:4180} INFO - Setting next_dagrun for example_branch_operator to 2026-05-27 00:00:00+00:00, run_after=2026-05-28 00:00:00+00:00
[2026-05-28T07:55:00.860+0000] {processor.py:208} INFO - Processing /home/airflow/.local/lib/python3.12/site-packages/airflow/example_dags/example_branch_operator.py took 0.329 seconds
[2026-05-28T07:55:31.315+0000] {processor.py:186} INFO - Started process (PID=2234) to work on /home/airflow/.local/lib/python3.12/site-packages/airflow/example_dags/example_branch_operator.py
[2026-05-28T07:55:31.317+0000] {processor.py:914} INFO - Processing file /home/airflow/.local/lib/python3.12/site-packages/airflow/example_dags/example_branch_operator.py for tasks to queue
[2026-05-28T07:55:31.324+0000] {logging_mixin.py:190} INFO - [2026-05-28T07:55:31.323+0000] {dagbag.py:588} INFO - Filling up the DagBag from /home/airflow/.local/lib/python3.12/site-packages/airflow/example_dags/example_branch_operator.py
[2026-05-28T07:55:31.356+0000] {processor.py:925} INFO - DAG(s) 'example_branch_operator' retrieved from /home/airflow/.local/lib/python3.12/site-packages/airflow/example_dags/example_branch_operator.py
[2026-05-28T07:55:31.411+0000] {logging_mixin.py:190} INFO - [2026-05-28T07:55:31.411+0000] {dag.py:3239} INFO - Sync 1 DAGs
[2026-05-28T07:55:31.447+0000] {logging_mixin.py:190} INFO - [2026-05-28T07:55:31.447+0000] {dag.py:4180} INFO - Setting next_dagrun for example_branch_operator to 2026-05-27 00:00:00+00:00, run_after=2026-05-28 00:00:00+00:00
[2026-05-28T07:55:31.494+0000] {processor.py:208} INFO - Processing /home/airflow/.local/lib/python3.12/site-packages/airflow/example_dags/example_branch_operator.py took 0.192 seconds
[2026-05-28T07:56:03.877+0000] {processor.py:186} INFO - Started process (PID=2295) to work on /home/airflow/.local/lib/python3.12/site-packages/airflow/example_dags/example_branch_operator.py
[2026-05-28T07:56:03.879+0000] {processor.py:914} INFO - Processing file /home/airflow/.local/lib/python3.12/site-packages/airflow/example_dags/example_branch_operator.py for tasks to queue
[2026-05-28T07:56:03.884+0000] {logging_mixin.py:190} INFO - [2026-05-28T07:56:03.883+0000] {dagbag.py:588} INFO - Filling up the DagBag from /home/airflow/.local/lib/python3.12/site-packages/airflow/example_dags/example_branch_operator.py
[2026-05-28T07:56:03.919+0000] {processor.py:925} INFO - DAG(s) 'example_branch_operator' retrieved from /home/airflow/.local/lib/python3.12/site-packages/airflow/example_dags/example_branch_operator.py
[2026-05-28T07:56:03.977+0000] {logging_mixin.py:190} INFO - [2026-05-28T07:56:03.977+0000] {dag.py:3239} INFO - Sync 1 DAGs
[2026-05-28T07:56:04.020+0000] {logging_mixin.py:190} INFO - [2026-05-28T07:56:04.019+0000] {dag.py:4180} INFO - Setting next_dagrun for example_branch_operator to 2026-05-27 00:00:00+00:00, run_after=2026-05-28 00:00:00+00:00
[2026-05-28T07:56:04.066+0000] {processor.py:208} INFO - Processing /home/airflow/.local/lib/python3.12/site-packages/airflow/example_dags/example_branch_operator.py took 0.200 seconds
[2026-05-28T07:56:34.732+0000] {processor.py:186} INFO - Started process (PID=2357) to work on /home/airflow/.local/lib/python3.12/site-packages/airflow/example_dags/example_branch_operator.py
[2026-05-28T07:56:34.733+0000] {processor.py:914} INFO - Processing file /home/airflow/.local/lib/python3.12/site-packages/airflow/example_dags/example_branch_operator.py for tasks to queue
[2026-05-28T07:56:34.738+0000] {logging_mixin.py:190} INFO - [2026-05-28T07:56:34.737+0000] {dagbag.py:588} INFO - Filling up the DagBag from /home/airflow/.local/lib/python3.12/site-packages/airflow/example_dags/example_branch_operator.py
[2026-05-28T07:56:34.774+0000] {processor.py:925} INFO - DAG(s) 'example_branch_operator' retrieved from /home/airflow/.local/lib/python3.12/site-packages/airflow/example_dags/example_branch_operator.py
[2026-05-28T07:56:34.836+0000] {logging_mixin.py:190} INFO - [2026-05-28T07:56:34.836+0000] {dag.py:3239} INFO - Sync 1 DAGs
[2026-05-28T07:56:34.869+0000] {logging_mixin.py:190} INFO - [2026-05-28T07:56:34.869+0000] {dag.py:4180} INFO - Setting next_dagrun for example_branch_operator to 2026-05-27 00:00:00+00:00, run_after=2026-05-28 00:00:00+00:00
[2026-05-28T07:56:34.912+0000] {processor.py:208} INFO - Processing /home/airflow/.local/lib/python3.12/site-packages/airflow/example_dags/example_branch_operator.py took 0.190 seconds
[2026-05-28T07:57:07.161+0000] {processor.py:186} INFO - Started process (PID=2419) to work on /home/airflow/.local/lib/python3.12/site-packages/airflow/example_dags/example_branch_operator.py
[2026-05-28T07:57:07.163+0000] {processor.py:914} INFO - Processing file /home/airflow/.local/lib/python3.12/site-packages/airflow/example_dags/example_branch_operator.py for tasks to queue
[2026-05-28T07:57:07.166+0000] {logging_mixin.py:190} INFO - [2026-05-28T07:57:07.166+0000] {dagbag.py:588} INFO - Filling up the DagBag from /home/airflow/.local/lib/python3.12/site-packages/airflow/example_dags/example_branch_operator.py
[2026-05-28T07:57:07.197+0000] {processor.py:925} INFO - DAG(s) 'example_branch_operator' retrieved from /home/airflow/.local/lib/python3.12/site-packages/airflow/example_dags/example_branch_operator.py
[2026-05-28T07:57:07.247+0000] {logging_mixin.py:190} INFO - [2026-05-28T07:57:07.246+0000] {dag.py:3239} INFO - Sync 1 DAGs
[2026-05-28T07:57:07.279+0000] {logging_mixin.py:190} INFO - [2026-05-28T07:57:07.279+0000] {dag.py:4180} INFO - Setting next_dagrun for example_branch_operator to 2026-05-27 00:00:00+00:00, run_after=2026-05-28 00:00:00+00:00
[2026-05-28T07:57:07.316+0000] {processor.py:208} INFO - Processing /home/airflow/.local/lib/python3.12/site-packages/airflow/example_dags/example_branch_operator.py took 0.163 seconds
[2026-05-28T07:57:45.198+0000] {processor.py:186} INFO - Started process (PID=2473) to work on /home/airflow/.local/lib/python3.12/site-packages/airflow/example_dags/example_branch_operator.py
[2026-05-28T07:57:45.200+0000] {processor.py:914} INFO - Processing file /home/airflow/.local/lib/python3.12/site-packages/airflow/example_dags/example_branch_operator.py for tasks to queue
[2026-05-28T07:57:45.205+0000] {logging_mixin.py:190} INFO - [2026-05-28T07:57:45.204+0000] {dagbag.py:588} INFO - Filling up the DagBag from /home/airflow/.local/lib/python3.12/site-packages/airflow/example_dags/example_branch_operator.py
[2026-05-28T07:57:45.234+0000] {processor.py:925} INFO - DAG(s) 'example_branch_operator' retrieved from /home/airflow/.local/lib/python3.12/site-packages/airflow/example_dags/example_branch_operator.py
[2026-05-28T07:57:45.288+0000] {logging_mixin.py:190} INFO - [2026-05-28T07:57:45.288+0000] {dag.py:3239} INFO - Sync 1 DAGs
[2026-05-28T07:57:45.332+0000] {logging_mixin.py:190} INFO - [2026-05-28T07:57:45.331+0000] {dag.py:4180} INFO - Setting next_dagrun for example_branch_operator to 2026-05-27 00:00:00+00:00, run_after=2026-05-28 00:00:00+00:00
[2026-05-28T07:57:45.364+0000] {processor.py:208} INFO - Processing /home/airflow/.local/lib/python3.12/site-packages/airflow/example_dags/example_branch_operator.py took 0.175 seconds
[2026-05-28T07:58:25.644+0000] {processor.py:186} INFO - Started process (PID=2549) to work on /home/airflow/.local/lib/python3.12/site-packages/airflow/example_dags/example_branch_operator.py
[2026-05-28T07:58:25.646+0000] {processor.py:914} INFO - Processing file /home/airflow/.local/lib/python3.12/site-packages/airflow/example_dags/example_branch_operator.py for tasks to queue
[2026-05-28T07:58:25.651+0000] {logging_mixin.py:190} INFO - [2026-05-28T07:58:25.650+0000] {dagbag.py:588} INFO - Filling up the DagBag from /home/airflow/.local/lib/python3.12/site-packages/airflow/example_dags/example_branch_operator.py
[2026-05-28T07:58:25.685+0000] {processor.py:925} INFO - DAG(s) 'example_branch_operator' retrieved from /home/airflow/.local/lib/python3.12/site-packages/airflow/example_dags/example_branch_operator.py
[2026-05-28T07:58:25.741+0000] {logging_mixin.py:190} INFO - [2026-05-28T07:58:25.741+0000] {dag.py:3239} INFO - Sync 1 DAGs
[2026-05-28T07:58:25.781+0000] {logging_mixin.py:190} INFO - [2026-05-28T07:58:25.781+0000] {dag.py:4180} INFO - Setting next_dagrun for example_branch_operator to 2026-05-27 00:00:00+00:00, run_after=2026-05-28 00:00:00+00:00
[2026-05-28T07:58:25.817+0000] {processor.py:208} INFO - Processing /home/airflow/.local/lib/python3.12/site-packages/airflow/example_dags/example_branch_operator.py took 0.183 seconds
[2026-05-28T07:58:56.250+0000] {processor.py:186} INFO - Started process (PID=2612) to work on /home/airflow/.local/lib/python3.12/site-packages/airflow/example_dags/example_branch_operator.py
[2026-05-28T07:58:56.251+0000] {processor.py:914} INFO - Processing file /home/airflow/.local/lib/python3.12/site-packages/airflow/example_dags/example_branch_operator.py for tasks to queue
[2026-05-28T07:58:56.257+0000] {logging_mixin.py:190} INFO - [2026-05-28T07:58:56.256+0000] {dagbag.py:588} INFO - Filling up the DagBag from /home/airflow/.local/lib/python3.12/site-packages/airflow/example_dags/example_branch_operator.py
[2026-05-28T07:58:56.288+0000] {processor.py:925} INFO - DAG(s) 'example_branch_operator' retrieved from /home/airflow/.local/lib/python3.12/site-packages/airflow/example_dags/example_branch_operator.py
[2026-05-28T07:58:56.347+0000] {logging_mixin.py:190} INFO - [2026-05-28T07:58:56.347+0000] {dag.py:3239} INFO - Sync 1 DAGs
[2026-05-28T07:58:56.383+0000] {logging_mixin.py:190} INFO - [2026-05-28T07:58:56.383+0000] {dag.py:4180} INFO - Setting next_dagrun for example_branch_operator to 2026-05-27 00:00:00+00:00, run_after=2026-05-28 00:00:00+00:00
[2026-05-28T07:58:56.418+0000] {processor.py:208} INFO - Processing /home/airflow/.local/lib/python3.12/site-packages/airflow/example_dags/example_branch_operator.py took 0.177 seconds
[2026-05-28T07:59:35.188+0000] {processor.py:186} INFO - Started process (PID=2675) to work on /home/airflow/.local/lib/python3.12/site-packages/airflow/example_dags/example_branch_operator.py
[2026-05-28T07:59:35.189+0000] {processor.py:914} INFO - Processing file /home/airflow/.local/lib/python3.12/site-packages/airflow/example_dags/example_branch_operator.py for tasks to queue
[2026-05-28T07:59:35.195+0000] {logging_mixin.py:190} INFO - [2026-05-28T07:59:35.194+0000] {dagbag.py:588} INFO - Filling up the DagBag from /home/airflow/.local/lib/python3.12/site-packages/airflow/example_dags/example_branch_operator.py
[2026-05-28T07:59:35.226+0000] {processor.py:925} INFO - DAG(s) 'example_branch_operator' retrieved from /home/airflow/.local/lib/python3.12/site-packages/airflow/example_dags/example_branch_operator.py
[2026-05-28T07:59:35.278+0000] {logging_mixin.py:190} INFO - [2026-05-28T07:59:35.278+0000] {dag.py:3239} INFO - Sync 1 DAGs
[2026-05-28T07:59:35.310+0000] {logging_mixin.py:190} INFO - [2026-05-28T07:59:35.309+0000] {dag.py:4180} INFO - Setting next_dagrun for example_branch_operator to 2026-05-27 00:00:00+00:00, run_after=2026-05-28 00:00:00+00:00
[2026-05-28T07:59:35.352+0000] {processor.py:208} INFO - Processing /home/airflow/.local/lib/python3.12/site-packages/airflow/example_dags/example_branch_operator.py took 0.173 seconds
[2026-05-28T08:00:07.302+0000] {processor.py:186} INFO - Started process (PID=2739) to work on /home/airflow/.local/lib/python3.12/site-packages/airflow/example_dags/example_branch_operator.py
[2026-05-28T08:00:07.303+0000] {processor.py:914} INFO - Processing file /home/airflow/.local/lib/python3.12/site-packages/airflow/example_dags/example_branch_operator.py for tasks to queue
[2026-05-28T08:00:07.308+0000] {logging_mixin.py:190} INFO - [2026-05-28T08:00:07.307+0000] {dagbag.py:588} INFO - Filling up the DagBag from /home/airflow/.local/lib/python3.12/site-packages/airflow/example_dags/example_branch_operator.py
[2026-05-28T08:00:07.336+0000] {processor.py:925} INFO - DAG(s) 'example_branch_operator' retrieved from /home/airflow/.local/lib/python3.12/site-packages/airflow/example_dags/example_branch_operator.py
[2026-05-28T08:00:07.387+0000] {logging_mixin.py:190} INFO - [2026-05-28T08:00:07.386+0000] {dag.py:3239} INFO - Sync 1 DAGs
[2026-05-28T08:00:07.423+0000] {logging_mixin.py:190} INFO - [2026-05-28T08:00:07.423+0000] {dag.py:4180} INFO - Setting next_dagrun for example_branch_operator to 2026-05-27 00:00:00+00:00, run_after=2026-05-28 00:00:00+00:00
[2026-05-28T08:00:07.467+0000] {processor.py:208} INFO - Processing /home/airflow/.local/lib/python3.12/site-packages/airflow/example_dags/example_branch_operator.py took 0.174 seconds
[2026-05-28T08:00:38.227+0000] {processor.py:186} INFO - Started process (PID=2802) to work on /home/airflow/.local/lib/python3.12/site-packages/airflow/example_dags/example_branch_operator.py
[2026-05-28T08:00:38.229+0000] {processor.py:914} INFO - Processing file /home/airflow/.local/lib/python3.12/site-packages/airflow/example_dags/example_branch_operator.py for tasks to queue
[2026-05-28T08:00:38.235+0000] {logging_mixin.py:190} INFO - [2026-05-28T08:00:38.234+0000] {dagbag.py:588} INFO - Filling up the DagBag from /home/airflow/.local/lib/python3.12/site-packages/airflow/example_dags/example_branch_operator.py
[2026-05-28T08:00:38.264+0000] {processor.py:925} INFO - DAG(s) 'example_branch_operator' retrieved from /home/airflow/.local/lib/python3.12/site-packages/airflow/example_dags/example_branch_operator.py
[2026-05-28T08:00:38.320+0000] {logging_mixin.py:190} INFO - [2026-05-28T08:00:38.319+0000] {dag.py:3239} INFO - Sync 1 DAGs
[2026-05-28T08:00:38.359+0000] {logging_mixin.py:190} INFO - [2026-05-28T08:00:38.358+0000] {dag.py:4180} INFO - Setting next_dagrun for example_branch_operator to 2026-05-27 00:00:00+00:00, run_after=2026-05-28 00:00:00+00:00
[2026-05-28T08:00:38.404+0000] {processor.py:208} INFO - Processing /home/airflow/.local/lib/python3.12/site-packages/airflow/example_dags/example_branch_operator.py took 0.187 seconds
[2026-05-28T08:01:09.168+0000] {processor.py:186} INFO - Started process (PID=2865) to work on /home/airflow/.local/lib/python3.12/site-packages/airflow/example_dags/example_branch_operator.py
[2026-05-28T08:01:09.171+0000] {processor.py:914} INFO - Processing file /home/airflow/.local/lib/python3.12/site-packages/airflow/example_dags/example_branch_operator.py for tasks to queue
[2026-05-28T08:01:09.175+0000] {logging_mixin.py:190} INFO - [2026-05-28T08:01:09.175+0000] {dagbag.py:588} INFO - Filling up the DagBag from /home/airflow/.local/lib/python3.12/site-packages/airflow/example_dags/example_branch_operator.py
[2026-05-28T08:01:09.204+0000] {processor.py:925} INFO - DAG(s) 'example_branch_operator' retrieved from /home/airflow/.local/lib/python3.12/site-packages/airflow/example_dags/example_branch_operator.py
[2026-05-28T08:01:09.260+0000] {logging_mixin.py:190} INFO - [2026-05-28T08:01:09.260+0000] {dag.py:3239} INFO - Sync 1 DAGs
[2026-05-28T08:01:09.296+0000] {logging_mixin.py:190} INFO - [2026-05-28T08:01:09.295+0000] {dag.py:4180} INFO - Setting next_dagrun for example_branch_operator to 2026-05-27 00:00:00+00:00, run_after=2026-05-28 00:00:00+00:00
[2026-05-28T08:01:09.329+0000] {processor.py:208} INFO - Processing /home/airflow/.local/lib/python3.12/site-packages/airflow/example_dags/example_branch_operator.py took 0.169 seconds
[2026-05-28T08:01:43.632+0000] {processor.py:186} INFO - Started process (PID=2925) to work on /home/airflow/.local/lib/python3.12/site-packages/airflow/example_dags/example_branch_operator.py
[2026-05-28T08:01:43.634+0000] {processor.py:914} INFO - Processing file /home/airflow/.local/lib/python3.12/site-packages/airflow/example_dags/example_branch_operator.py for tasks to queue
[2026-05-28T08:01:43.639+0000] {logging_mixin.py:190} INFO - [2026-05-28T08:01:43.638+0000] {dagbag.py:588} INFO - Filling up the DagBag from /home/airflow/.local/lib/python3.12/site-packages/airflow/example_dags/example_branch_operator.py
[2026-05-28T08:01:43.672+0000] {processor.py:925} INFO - DAG(s) 'example_branch_operator' retrieved from /home/airflow/.local/lib/python3.12/site-packages/airflow/example_dags/example_branch_operator.py
[2026-05-28T08:01:43.729+0000] {logging_mixin.py:190} INFO - [2026-05-28T08:01:43.729+0000] {dag.py:3239} INFO - Sync 1 DAGs
[2026-05-28T08:01:43.780+0000] {logging_mixin.py:190} INFO - [2026-05-28T08:01:43.780+0000] {dag.py:4180} INFO - Setting next_dagrun for example_branch_operator to 2026-05-27 00:00:00+00:00, run_after=2026-05-28 00:00:00+00:00
[2026-05-28T08:01:43.822+0000] {processor.py:208} INFO - Processing /home/airflow/.local/lib/python3.12/site-packages/airflow/example_dags/example_branch_operator.py took 0.200 seconds
[2026-05-28T08:02:20.596+0000] {processor.py:186} INFO - Started process (PID=2994) to work on /home/airflow/.local/lib/python3.12/site-packages/airflow/example_dags/example_branch_operator.py
[2026-05-28T08:02:20.597+0000] {processor.py:914} INFO - Processing file /home/airflow/.local/lib/python3.12/site-packages/airflow/example_dags/example_branch_operator.py for tasks to queue
[2026-05-28T08:02:20.602+0000] {logging_mixin.py:190} INFO - [2026-05-28T08:02:20.602+0000] {dagbag.py:588} INFO - Filling up the DagBag from /home/airflow/.local/lib/python3.12/site-packages/airflow/example_dags/example_branch_operator.py
[2026-05-28T08:02:20.631+0000] {processor.py:925} INFO - DAG(s) 'example_branch_operator' retrieved from /home/airflow/.local/lib/python3.12/site-packages/airflow/example_dags/example_branch_operator.py
[2026-05-28T08:02:20.699+0000] {logging_mixin.py:190} INFO - [2026-05-28T08:02:20.698+0000] {dag.py:3239} INFO - Sync 1 DAGs
[2026-05-28T08:02:20.746+0000] {logging_mixin.py:190} INFO - [2026-05-28T08:02:20.745+0000] {dag.py:4180} INFO - Setting next_dagrun for example_branch_operator to 2026-05-27 00:00:00+00:00, run_after=2026-05-28 00:00:00+00:00
[2026-05-28T08:02:20.800+0000] {processor.py:208} INFO - Processing /home/airflow/.local/lib/python3.12/site-packages/airflow/example_dags/example_branch_operator.py took 0.214 seconds
[2026-05-28T08:02:51.279+0000] {processor.py:186} INFO - Started process (PID=3055) to work on /home/airflow/.local/lib/python3.12/site-packages/airflow/example_dags/example_branch_operator.py
[2026-05-28T08:02:51.282+0000] {processor.py:914} INFO - Processing file /home/airflow/.local/lib/python3.12/site-packages/airflow/example_dags/example_branch_operator.py for tasks to queue
[2026-05-28T08:02:51.288+0000] {logging_mixin.py:190} INFO - [2026-05-28T08:02:51.288+0000] {dagbag.py:588} INFO - Filling up the DagBag from /home/airflow/.local/lib/python3.12/site-packages/airflow/example_dags/example_branch_operator.py
[2026-05-28T08:02:51.335+0000] {processor.py:925} INFO - DAG(s) 'example_branch_operator' retrieved from /home/airflow/.local/lib/python3.12/site-packages/airflow/example_dags/example_branch_operator.py
[2026-05-28T08:02:51.426+0000] {logging_mixin.py:190} INFO - [2026-05-28T08:02:51.425+0000] {dag.py:3239} INFO - Sync 1 DAGs
[2026-05-28T08:02:51.521+0000] {logging_mixin.py:190} INFO - [2026-05-28T08:02:51.520+0000] {dag.py:4180} INFO - Setting next_dagrun for example_branch_operator to 2026-05-27 00:00:00+00:00, run_after=2026-05-28 00:00:00+00:00
[2026-05-28T08:02:51.581+0000] {processor.py:208} INFO - Processing /home/airflow/.local/lib/python3.12/site-packages/airflow/example_dags/example_branch_operator.py took 0.316 seconds
[2026-05-28T08:03:22.369+0000] {processor.py:186} INFO - Started process (PID=3117) to work on /home/airflow/.local/lib/python3.12/site-packages/airflow/example_dags/example_branch_operator.py
[2026-05-28T08:03:22.372+0000] {processor.py:914} INFO - Processing file /home/airflow/.local/lib/python3.12/site-packages/airflow/example_dags/example_branch_operator.py for tasks to queue
[2026-05-28T08:03:22.377+0000] {logging_mixin.py:190} INFO - [2026-05-28T08:03:22.376+0000] {dagbag.py:588} INFO - Filling up the DagBag from /home/airflow/.local/lib/python3.12/site-packages/airflow/example_dags/example_branch_operator.py
[2026-05-28T08:03:22.403+0000] {processor.py:925} INFO - DAG(s) 'example_branch_operator' retrieved from /home/airflow/.local/lib/python3.12/site-packages/airflow/example_dags/example_branch_operator.py
[2026-05-28T08:03:22.465+0000] {logging_mixin.py:190} INFO - [2026-05-28T08:03:22.464+0000] {dag.py:3239} INFO - Sync 1 DAGs
[2026-05-28T08:03:22.508+0000] {logging_mixin.py:190} INFO - [2026-05-28T08:03:22.508+0000] {dag.py:4180} INFO - Setting next_dagrun for example_branch_operator to 2026-05-27 00:00:00+00:00, run_after=2026-05-28 00:00:00+00:00
[2026-05-28T08:03:22.538+0000] {processor.py:208} INFO - Processing /home/airflow/.local/lib/python3.12/site-packages/airflow/example_dags/example_branch_operator.py took 0.178 seconds
[2026-05-28T08:03:54.507+0000] {processor.py:186} INFO - Started process (PID=3179) to work on /home/airflow/.local/lib/python3.12/site-packages/airflow/example_dags/example_branch_operator.py
[2026-05-28T08:03:54.513+0000] {processor.py:914} INFO - Processing file /home/airflow/.local/lib/python3.12/site-packages/airflow/example_dags/example_branch_operator.py for tasks to queue
[2026-05-28T08:03:54.518+0000] {logging_mixin.py:190} INFO - [2026-05-28T08:03:54.517+0000] {dagbag.py:588} INFO - Filling up the DagBag from /home/airflow/.local/lib/python3.12/site-packages/airflow/example_dags/example_branch_operator.py
[2026-05-28T08:03:54.547+0000] {processor.py:925} INFO - DAG(s) 'example_branch_operator' retrieved from /home/airflow/.local/lib/python3.12/site-packages/airflow/example_dags/example_branch_operator.py
[2026-05-28T08:03:54.605+0000] {logging_mixin.py:190} INFO - [2026-05-28T08:03:54.604+0000] {dag.py:3239} INFO - Sync 1 DAGs
[2026-05-28T08:03:54.640+0000] {logging_mixin.py:190} INFO - [2026-05-28T08:03:54.640+0000] {dag.py:4180} INFO - Setting next_dagrun for example_branch_operator to 2026-05-27 00:00:00+00:00, run_after=2026-05-28 00:00:00+00:00
[2026-05-28T08:03:54.685+0000] {processor.py:208} INFO - Processing /home/airflow/.local/lib/python3.12/site-packages/airflow/example_dags/example_branch_operator.py took 0.189 seconds
[2026-05-28T08:04:25.649+0000] {processor.py:186} INFO - Started process (PID=3241) to work on /home/airflow/.local/lib/python3.12/site-packages/airflow/example_dags/example_branch_operator.py
[2026-05-28T08:04:25.651+0000] {processor.py:914} INFO - Processing file /home/airflow/.local/lib/python3.12/site-packages/airflow/example_dags/example_branch_operator.py for tasks to queue
[2026-05-28T08:04:25.656+0000] {logging_mixin.py:190} INFO - [2026-05-28T08:04:25.655+0000] {dagbag.py:588} INFO - Filling up the DagBag from /home/airflow/.local/lib/python3.12/site-packages/airflow/example_dags/example_branch_operator.py
[2026-05-28T08:04:25.684+0000] {processor.py:925} INFO - DAG(s) 'example_branch_operator' retrieved from /home/airflow/.local/lib/python3.12/site-packages/airflow/example_dags/example_branch_operator.py
[2026-05-28T08:04:25.737+0000] {logging_mixin.py:190} INFO - [2026-05-28T08:04:25.736+0000] {dag.py:3239} INFO - Sync 1 DAGs
[2026-05-28T08:04:25.771+0000] {logging_mixin.py:190} INFO - [2026-05-28T08:04:25.771+0000] {dag.py:4180} INFO - Setting next_dagrun for example_branch_operator to 2026-05-27 00:00:00+00:00, run_after=2026-05-28 00:00:00+00:00
[2026-05-28T08:04:25.803+0000] {processor.py:208} INFO - Processing /home/airflow/.local/lib/python3.12/site-packages/airflow/example_dags/example_branch_operator.py took 0.163 seconds
[2026-05-28T08:05:02.316+0000] {processor.py:186} INFO - Started process (PID=3304) to work on /home/airflow/.local/lib/python3.12/site-packages/airflow/example_dags/example_branch_operator.py
[2026-05-28T08:05:02.319+0000] {processor.py:914} INFO - Processing file /home/airflow/.local/lib/python3.12/site-packages/airflow/example_dags/example_branch_operator.py for tasks to queue
[2026-05-28T08:05:02.323+0000] {logging_mixin.py:190} INFO - [2026-05-28T08:05:02.322+0000] {dagbag.py:588} INFO - Filling up the DagBag from /home/airflow/.local/lib/python3.12/site-packages/airflow/example_dags/example_branch_operator.py
[2026-05-28T08:05:02.348+0000] {processor.py:925} INFO - DAG(s) 'example_branch_operator' retrieved from /home/airflow/.local/lib/python3.12/site-packages/airflow/example_dags/example_branch_operator.py
[2026-05-28T08:05:02.421+0000] {logging_mixin.py:190} INFO - [2026-05-28T08:05:02.421+0000] {dag.py:3239} INFO - Sync 1 DAGs
[2026-05-28T08:05:02.462+0000] {logging_mixin.py:190} INFO - [2026-05-28T08:05:02.462+0000] {dag.py:4180} INFO - Setting next_dagrun for example_branch_operator to 2026-05-27 00:00:00+00:00, run_after=2026-05-28 00:00:00+00:00
[2026-05-28T08:05:02.503+0000] {processor.py:208} INFO - Processing /home/airflow/.local/lib/python3.12/site-packages/airflow/example_dags/example_branch_operator.py took 0.194 seconds
[2026-05-28T08:07:46.366+0000] {processor.py:186} INFO - Started process (PID=3374) to work on /home/airflow/.local/lib/python3.12/site-packages/airflow/example_dags/example_branch_operator.py
[2026-05-28T08:07:46.564+0000] {processor.py:914} INFO - Processing file /home/airflow/.local/lib/python3.12/site-packages/airflow/example_dags/example_branch_operator.py for tasks to queue
[2026-05-28T08:07:46.623+0000] {logging_mixin.py:190} INFO - [2026-05-28T08:07:46.619+0000] {dagbag.py:588} INFO - Filling up the DagBag from /home/airflow/.local/lib/python3.12/site-packages/airflow/example_dags/example_branch_operator.py
[2026-05-28T08:07:48.900+0000] {processor.py:925} INFO - DAG(s) 'example_branch_operator' retrieved from /home/airflow/.local/lib/python3.12/site-packages/airflow/example_dags/example_branch_operator.py
[2026-05-28T08:07:54.069+0000] {logging_mixin.py:190} INFO - [2026-05-28T08:07:54.055+0000] {dag.py:3239} INFO - Sync 1 DAGs
[2026-05-28T08:07:58.580+0000] {logging_mixin.py:190} INFO - [2026-05-28T08:07:58.561+0000] {dag.py:4180} INFO - Setting next_dagrun for example_branch_operator to 2026-05-27 00:00:00+00:00, run_after=2026-05-28 00:00:00+00:00
[2026-05-28T08:08:01.411+0000] {processor.py:208} INFO - Processing /home/airflow/.local/lib/python3.12/site-packages/airflow/example_dags/example_branch_operator.py took 15.480 seconds
[2026-05-28T08:10:11.949+0000] {processor.py:186} INFO - Started process (PID=3451) to work on /home/airflow/.local/lib/python3.12/site-packages/airflow/example_dags/example_branch_operator.py
[2026-05-28T08:10:11.953+0000] {processor.py:914} INFO - Processing file /home/airflow/.local/lib/python3.12/site-packages/airflow/example_dags/example_branch_operator.py for tasks to queue
[2026-05-28T08:10:11.966+0000] {logging_mixin.py:190} INFO - [2026-05-28T08:10:11.959+0000] {dagbag.py:588} INFO - Filling up the DagBag from /home/airflow/.local/lib/python3.12/site-packages/airflow/example_dags/example_branch_operator.py
[2026-05-28T08:10:12.099+0000] {processor.py:925} INFO - DAG(s) 'example_branch_operator' retrieved from /home/airflow/.local/lib/python3.12/site-packages/airflow/example_dags/example_branch_operator.py
[2026-05-28T08:10:12.263+0000] {logging_mixin.py:190} INFO - [2026-05-28T08:10:12.262+0000] {dag.py:3239} INFO - Sync 1 DAGs
[2026-05-28T08:10:12.397+0000] {logging_mixin.py:190} INFO - [2026-05-28T08:10:12.396+0000] {dag.py:4180} INFO - Setting next_dagrun for example_branch_operator to 2026-05-27 00:00:00+00:00, run_after=2026-05-28 00:00:00+00:00
[2026-05-28T08:10:12.485+0000] {processor.py:208} INFO - Processing /home/airflow/.local/lib/python3.12/site-packages/airflow/example_dags/example_branch_operator.py took 0.575 seconds
[2026-05-28T08:11:36.569+0000] {processor.py:186} INFO - Started process (PID=3541) to work on /home/airflow/.local/lib/python3.12/site-packages/airflow/example_dags/example_branch_operator.py
[2026-05-28T08:11:36.573+0000] {processor.py:914} INFO - Processing file /home/airflow/.local/lib/python3.12/site-packages/airflow/example_dags/example_branch_operator.py for tasks to queue
[2026-05-28T08:11:36.577+0000] {logging_mixin.py:190} INFO - [2026-05-28T08:11:36.576+0000] {dagbag.py:588} INFO - Filling up the DagBag from /home/airflow/.local/lib/python3.12/site-packages/airflow/example_dags/example_branch_operator.py
[2026-05-28T08:11:36.641+0000] {processor.py:925} INFO - DAG(s) 'example_branch_operator' retrieved from /home/airflow/.local/lib/python3.12/site-packages/airflow/example_dags/example_branch_operator.py
[2026-05-28T08:11:36.772+0000] {logging_mixin.py:190} INFO - [2026-05-28T08:11:36.771+0000] {dag.py:3239} INFO - Sync 1 DAGs
[2026-05-28T08:11:36.831+0000] {logging_mixin.py:190} INFO - [2026-05-28T08:11:36.830+0000] {dag.py:4180} INFO - Setting next_dagrun for example_branch_operator to 2026-05-27 00:00:00+00:00, run_after=2026-05-28 00:00:00+00:00
[2026-05-28T08:11:36.886+0000] {processor.py:208} INFO - Processing /home/airflow/.local/lib/python3.12/site-packages/airflow/example_dags/example_branch_operator.py took 0.350 seconds
[2026-05-28T08:12:22.895+0000] {processor.py:186} INFO - Started process (PID=3603) to work on /home/airflow/.local/lib/python3.12/site-packages/airflow/example_dags/example_branch_operator.py
[2026-05-28T08:12:22.898+0000] {processor.py:914} INFO - Processing file /home/airflow/.local/lib/python3.12/site-packages/airflow/example_dags/example_branch_operator.py for tasks to queue
[2026-05-28T08:12:22.902+0000] {logging_mixin.py:190} INFO - [2026-05-28T08:12:22.900+0000] {dagbag.py:588} INFO - Filling up the DagBag from /home/airflow/.local/lib/python3.12/site-packages/airflow/example_dags/example_branch_operator.py
[2026-05-28T08:12:22.947+0000] {processor.py:925} INFO - DAG(s) 'example_branch_operator' retrieved from /home/airflow/.local/lib/python3.12/site-packages/airflow/example_dags/example_branch_operator.py
[2026-05-28T08:12:23.026+0000] {logging_mixin.py:190} INFO - [2026-05-28T08:12:23.026+0000] {dag.py:3239} INFO - Sync 1 DAGs
[2026-05-28T08:12:23.080+0000] {logging_mixin.py:190} INFO - [2026-05-28T08:12:23.079+0000] {dag.py:4180} INFO - Setting next_dagrun for example_branch_operator to 2026-05-27 00:00:00+00:00, run_after=2026-05-28 00:00:00+00:00
[2026-05-28T08:12:23.131+0000] {processor.py:208} INFO - Processing /home/airflow/.local/lib/python3.12/site-packages/airflow/example_dags/example_branch_operator.py took 0.250 seconds
[2026-05-28T08:12:55.283+0000] {processor.py:186} INFO - Started process (PID=3670) to work on /home/airflow/.local/lib/python3.12/site-packages/airflow/example_dags/example_branch_operator.py
[2026-05-28T08:12:55.286+0000] {processor.py:914} INFO - Processing file /home/airflow/.local/lib/python3.12/site-packages/airflow/example_dags/example_branch_operator.py for tasks to queue
[2026-05-28T08:12:55.291+0000] {logging_mixin.py:190} INFO - [2026-05-28T08:12:55.290+0000] {dagbag.py:588} INFO - Filling up the DagBag from /home/airflow/.local/lib/python3.12/site-packages/airflow/example_dags/example_branch_operator.py
[2026-05-28T08:12:55.356+0000] {processor.py:925} INFO - DAG(s) 'example_branch_operator' retrieved from /home/airflow/.local/lib/python3.12/site-packages/airflow/example_dags/example_branch_operator.py
[2026-05-28T08:12:55.479+0000] {logging_mixin.py:190} INFO - [2026-05-28T08:12:55.479+0000] {dag.py:3239} INFO - Sync 1 DAGs
[2026-05-28T08:12:55.598+0000] {logging_mixin.py:190} INFO - [2026-05-28T08:12:55.597+0000] {dag.py:4180} INFO - Setting next_dagrun for example_branch_operator to 2026-05-27 00:00:00+00:00, run_after=2026-05-28 00:00:00+00:00
[2026-05-28T08:12:55.691+0000] {processor.py:208} INFO - Processing /home/airflow/.local/lib/python3.12/site-packages/airflow/example_dags/example_branch_operator.py took 0.430 seconds
[2026-05-28T08:13:39.130+0000] {processor.py:186} INFO - Started process (PID=3719) to work on /home/airflow/.local/lib/python3.12/site-packages/airflow/example_dags/example_branch_operator.py
[2026-05-28T08:13:39.133+0000] {processor.py:914} INFO - Processing file /home/airflow/.local/lib/python3.12/site-packages/airflow/example_dags/example_branch_operator.py for tasks to queue
[2026-05-28T08:13:39.136+0000] {logging_mixin.py:190} INFO - [2026-05-28T08:13:39.136+0000] {dagbag.py:588} INFO - Filling up the DagBag from /home/airflow/.local/lib/python3.12/site-packages/airflow/example_dags/example_branch_operator.py
[2026-05-28T08:13:39.175+0000] {processor.py:925} INFO - DAG(s) 'example_branch_operator' retrieved from /home/airflow/.local/lib/python3.12/site-packages/airflow/example_dags/example_branch_operator.py
[2026-05-28T08:13:39.246+0000] {logging_mixin.py:190} INFO - [2026-05-28T08:13:39.246+0000] {dag.py:3239} INFO - Sync 1 DAGs
[2026-05-28T08:13:39.298+0000] {logging_mixin.py:190} INFO - [2026-05-28T08:13:39.297+0000] {dag.py:4180} INFO - Setting next_dagrun for example_branch_operator to 2026-05-27 00:00:00+00:00, run_after=2026-05-28 00:00:00+00:00
[2026-05-28T08:13:39.342+0000] {processor.py:208} INFO - Processing /home/airflow/.local/lib/python3.12/site-packages/airflow/example_dags/example_branch_operator.py took 0.226 seconds
[2026-05-28T08:14:25.335+0000] {processor.py:186} INFO - Started process (PID=3790) to work on /home/airflow/.local/lib/python3.12/site-packages/airflow/example_dags/example_branch_operator.py
[2026-05-28T08:14:25.339+0000] {processor.py:914} INFO - Processing file /home/airflow/.local/lib/python3.12/site-packages/airflow/example_dags/example_branch_operator.py for tasks to queue
[2026-05-28T08:14:25.344+0000] {logging_mixin.py:190} INFO - [2026-05-28T08:14:25.343+0000] {dagbag.py:588} INFO - Filling up the DagBag from /home/airflow/.local/lib/python3.12/site-packages/airflow/example_dags/example_branch_operator.py
[2026-05-28T08:14:25.413+0000] {processor.py:925} INFO - DAG(s) 'example_branch_operator' retrieved from /home/airflow/.local/lib/python3.12/site-packages/airflow/example_dags/example_branch_operator.py
[2026-05-28T08:14:25.525+0000] {logging_mixin.py:190} INFO - [2026-05-28T08:14:25.525+0000] {dag.py:3239} INFO - Sync 1 DAGs
[2026-05-28T08:14:25.623+0000] {logging_mixin.py:190} INFO - [2026-05-28T08:14:25.622+0000] {dag.py:4180} INFO - Setting next_dagrun for example_branch_operator to 2026-05-27 00:00:00+00:00, run_after=2026-05-28 00:00:00+00:00
[2026-05-28T08:14:25.678+0000] {processor.py:208} INFO - Processing /home/airflow/.local/lib/python3.12/site-packages/airflow/example_dags/example_branch_operator.py took 0.360 seconds
[2026-05-28T08:15:10.952+0000] {processor.py:186} INFO - Started process (PID=3852) to work on /home/airflow/.local/lib/python3.12/site-packages/airflow/example_dags/example_branch_operator.py
[2026-05-28T08:15:10.955+0000] {processor.py:914} INFO - Processing file /home/airflow/.local/lib/python3.12/site-packages/airflow/example_dags/example_branch_operator.py for tasks to queue
[2026-05-28T08:15:10.959+0000] {logging_mixin.py:190} INFO - [2026-05-28T08:15:10.958+0000] {dagbag.py:588} INFO - Filling up the DagBag from /home/airflow/.local/lib/python3.12/site-packages/airflow/example_dags/example_branch_operator.py
[2026-05-28T08:15:11.008+0000] {processor.py:925} INFO - DAG(s) 'example_branch_operator' retrieved from /home/airflow/.local/lib/python3.12/site-packages/airflow/example_dags/example_branch_operator.py
[2026-05-28T08:15:11.077+0000] {logging_mixin.py:190} INFO - [2026-05-28T08:15:11.077+0000] {dag.py:3239} INFO - Sync 1 DAGs
[2026-05-28T08:15:11.126+0000] {logging_mixin.py:190} INFO - [2026-05-28T08:15:11.126+0000] {dag.py:4180} INFO - Setting next_dagrun for example_branch_operator to 2026-05-27 00:00:00+00:00, run_after=2026-05-28 00:00:00+00:00
[2026-05-28T08:15:11.190+0000] {processor.py:208} INFO - Processing /home/airflow/.local/lib/python3.12/site-packages/airflow/example_dags/example_branch_operator.py took 0.257 seconds
[2026-05-28T08:15:58.478+0000] {processor.py:186} INFO - Started process (PID=3928) to work on /home/airflow/.local/lib/python3.12/site-packages/airflow/example_dags/example_branch_operator.py
[2026-05-28T08:15:58.481+0000] {processor.py:914} INFO - Processing file /home/airflow/.local/lib/python3.12/site-packages/airflow/example_dags/example_branch_operator.py for tasks to queue
[2026-05-28T08:15:58.485+0000] {logging_mixin.py:190} INFO - [2026-05-28T08:15:58.484+0000] {dagbag.py:588} INFO - Filling up the DagBag from /home/airflow/.local/lib/python3.12/site-packages/airflow/example_dags/example_branch_operator.py
[2026-05-28T08:15:58.578+0000] {processor.py:925} INFO - DAG(s) 'example_branch_operator' retrieved from /home/airflow/.local/lib/python3.12/site-packages/airflow/example_dags/example_branch_operator.py
[2026-05-28T08:15:58.680+0000] {logging_mixin.py:190} INFO - [2026-05-28T08:15:58.679+0000] {dag.py:3239} INFO - Sync 1 DAGs
[2026-05-28T08:15:58.750+0000] {logging_mixin.py:190} INFO - [2026-05-28T08:15:58.750+0000] {dag.py:4180} INFO - Setting next_dagrun for example_branch_operator to 2026-05-27 00:00:00+00:00, run_after=2026-05-28 00:00:00+00:00
[2026-05-28T08:15:58.813+0000] {processor.py:208} INFO - Processing /home/airflow/.local/lib/python3.12/site-packages/airflow/example_dags/example_branch_operator.py took 0.351 seconds
[2026-05-28T08:16:33.717+0000] {processor.py:186} INFO - Started process (PID=3988) to work on /home/airflow/.local/lib/python3.12/site-packages/airflow/example_dags/example_branch_operator.py
[2026-05-28T08:16:33.720+0000] {processor.py:914} INFO - Processing file /home/airflow/.local/lib/python3.12/site-packages/airflow/example_dags/example_branch_operator.py for tasks to queue
[2026-05-28T08:16:33.723+0000] {logging_mixin.py:190} INFO - [2026-05-28T08:16:33.723+0000] {dagbag.py:588} INFO - Filling up the DagBag from /home/airflow/.local/lib/python3.12/site-packages/airflow/example_dags/example_branch_operator.py
[2026-05-28T08:16:33.777+0000] {processor.py:925} INFO - DAG(s) 'example_branch_operator' retrieved from /home/airflow/.local/lib/python3.12/site-packages/airflow/example_dags/example_branch_operator.py
[2026-05-28T08:16:33.864+0000] {logging_mixin.py:190} INFO - [2026-05-28T08:16:33.863+0000] {dag.py:3239} INFO - Sync 1 DAGs
[2026-05-28T08:16:33.948+0000] {logging_mixin.py:190} INFO - [2026-05-28T08:16:33.948+0000] {dag.py:4180} INFO - Setting next_dagrun for example_branch_operator to 2026-05-27 00:00:00+00:00, run_after=2026-05-28 00:00:00+00:00
[2026-05-28T08:16:33.995+0000] {processor.py:208} INFO - Processing /home/airflow/.local/lib/python3.12/site-packages/airflow/example_dags/example_branch_operator.py took 0.295 seconds
[2026-05-28T08:17:28.007+0000] {processor.py:186} INFO - Started process (PID=4053) to work on /home/airflow/.local/lib/python3.12/site-packages/airflow/example_dags/example_branch_operator.py
[2026-05-28T08:17:28.011+0000] {processor.py:914} INFO - Processing file /home/airflow/.local/lib/python3.12/site-packages/airflow/example_dags/example_branch_operator.py for tasks to queue
[2026-05-28T08:17:28.015+0000] {logging_mixin.py:190} INFO - [2026-05-28T08:17:28.014+0000] {dagbag.py:588} INFO - Filling up the DagBag from /home/airflow/.local/lib/python3.12/site-packages/airflow/example_dags/example_branch_operator.py
[2026-05-28T08:17:28.061+0000] {processor.py:925} INFO - DAG(s) 'example_branch_operator' retrieved from /home/airflow/.local/lib/python3.12/site-packages/airflow/example_dags/example_branch_operator.py
[2026-05-28T08:17:28.160+0000] {logging_mixin.py:190} INFO - [2026-05-28T08:17:28.159+0000] {dag.py:3239} INFO - Sync 1 DAGs
[2026-05-28T08:17:28.236+0000] {logging_mixin.py:190} INFO - [2026-05-28T08:17:28.235+0000] {dag.py:4180} INFO - Setting next_dagrun for example_branch_operator to 2026-05-27 00:00:00+00:00, run_after=2026-05-28 00:00:00+00:00
[2026-05-28T08:17:28.296+0000] {processor.py:208} INFO - Processing /home/airflow/.local/lib/python3.12/site-packages/airflow/example_dags/example_branch_operator.py took 0.303 seconds
[2026-05-28T08:18:10.351+0000] {processor.py:186} INFO - Started process (PID=4110) to work on /home/airflow/.local/lib/python3.12/site-packages/airflow/example_dags/example_branch_operator.py
[2026-05-28T08:18:10.353+0000] {processor.py:914} INFO - Processing file /home/airflow/.local/lib/python3.12/site-packages/airflow/example_dags/example_branch_operator.py for tasks to queue
[2026-05-28T08:18:10.358+0000] {logging_mixin.py:190} INFO - [2026-05-28T08:18:10.356+0000] {dagbag.py:588} INFO - Filling up the DagBag from /home/airflow/.local/lib/python3.12/site-packages/airflow/example_dags/example_branch_operator.py
[2026-05-28T08:18:10.417+0000] {processor.py:925} INFO - DAG(s) 'example_branch_operator' retrieved from /home/airflow/.local/lib/python3.12/site-packages/airflow/example_dags/example_branch_operator.py
[2026-05-28T08:18:10.508+0000] {logging_mixin.py:190} INFO - [2026-05-28T08:18:10.507+0000] {dag.py:3239} INFO - Sync 1 DAGs
[2026-05-28T08:18:10.580+0000] {logging_mixin.py:190} INFO - [2026-05-28T08:18:10.579+0000] {dag.py:4180} INFO - Setting next_dagrun for example_branch_operator to 2026-05-27 00:00:00+00:00, run_after=2026-05-28 00:00:00+00:00
[2026-05-28T08:18:10.629+0000] {processor.py:208} INFO - Processing /home/airflow/.local/lib/python3.12/site-packages/airflow/example_dags/example_branch_operator.py took 0.295 seconds
[2026-05-28T08:18:58.350+0000] {processor.py:186} INFO - Started process (PID=4181) to work on /home/airflow/.local/lib/python3.12/site-packages/airflow/example_dags/example_branch_operator.py
[2026-05-28T08:18:58.353+0000] {processor.py:914} INFO - Processing file /home/airflow/.local/lib/python3.12/site-packages/airflow/example_dags/example_branch_operator.py for tasks to queue
[2026-05-28T08:18:58.357+0000] {logging_mixin.py:190} INFO - [2026-05-28T08:18:58.356+0000] {dagbag.py:588} INFO - Filling up the DagBag from /home/airflow/.local/lib/python3.12/site-packages/airflow/example_dags/example_branch_operator.py
[2026-05-28T08:18:58.411+0000] {processor.py:925} INFO - DAG(s) 'example_branch_operator' retrieved from /home/airflow/.local/lib/python3.12/site-packages/airflow/example_dags/example_branch_operator.py
[2026-05-28T08:18:58.488+0000] {logging_mixin.py:190} INFO - [2026-05-28T08:18:58.488+0000] {dag.py:3239} INFO - Sync 1 DAGs
[2026-05-28T08:18:58.607+0000] {logging_mixin.py:190} INFO - [2026-05-28T08:18:58.606+0000] {dag.py:4180} INFO - Setting next_dagrun for example_branch_operator to 2026-05-27 00:00:00+00:00, run_after=2026-05-28 00:00:00+00:00
[2026-05-28T08:18:58.665+0000] {processor.py:208} INFO - Processing /home/airflow/.local/lib/python3.12/site-packages/airflow/example_dags/example_branch_operator.py took 0.330 seconds
[2026-05-28T08:19:50.077+0000] {processor.py:186} INFO - Started process (PID=4253) to work on /home/airflow/.local/lib/python3.12/site-packages/airflow/example_dags/example_branch_operator.py
[2026-05-28T08:19:50.080+0000] {processor.py:914} INFO - Processing file /home/airflow/.local/lib/python3.12/site-packages/airflow/example_dags/example_branch_operator.py for tasks to queue
[2026-05-28T08:19:50.084+0000] {logging_mixin.py:190} INFO - [2026-05-28T08:19:50.083+0000] {dagbag.py:588} INFO - Filling up the DagBag from /home/airflow/.local/lib/python3.12/site-packages/airflow/example_dags/example_branch_operator.py
[2026-05-28T08:19:50.124+0000] {processor.py:925} INFO - DAG(s) 'example_branch_operator' retrieved from /home/airflow/.local/lib/python3.12/site-packages/airflow/example_dags/example_branch_operator.py
[2026-05-28T08:19:50.193+0000] {logging_mixin.py:190} INFO - [2026-05-28T08:19:50.193+0000] {dag.py:3239} INFO - Sync 1 DAGs
[2026-05-28T08:19:50.243+0000] {logging_mixin.py:190} INFO - [2026-05-28T08:19:50.243+0000] {dag.py:4180} INFO - Setting next_dagrun for example_branch_operator to 2026-05-27 00:00:00+00:00, run_after=2026-05-28 00:00:00+00:00
[2026-05-28T08:19:50.292+0000] {processor.py:208} INFO - Processing /home/airflow/.local/lib/python3.12/site-packages/airflow/example_dags/example_branch_operator.py took 0.231 seconds
[2026-05-28T08:20:27.341+0000] {processor.py:186} INFO - Started process (PID=4314) to work on /home/airflow/.local/lib/python3.12/site-packages/airflow/example_dags/example_branch_operator.py
[2026-05-28T08:20:27.345+0000] {processor.py:914} INFO - Processing file /home/airflow/.local/lib/python3.12/site-packages/airflow/example_dags/example_branch_operator.py for tasks to queue
[2026-05-28T08:20:27.352+0000] {logging_mixin.py:190} INFO - [2026-05-28T08:20:27.351+0000] {dagbag.py:588} INFO - Filling up the DagBag from /home/airflow/.local/lib/python3.12/site-packages/airflow/example_dags/example_branch_operator.py
[2026-05-28T08:20:27.397+0000] {processor.py:925} INFO - DAG(s) 'example_branch_operator' retrieved from /home/airflow/.local/lib/python3.12/site-packages/airflow/example_dags/example_branch_operator.py
[2026-05-28T08:20:27.480+0000] {logging_mixin.py:190} INFO - [2026-05-28T08:20:27.480+0000] {dag.py:3239} INFO - Sync 1 DAGs
[2026-05-28T08:20:27.531+0000] {logging_mixin.py:190} INFO - [2026-05-28T08:20:27.531+0000] {dag.py:4180} INFO - Setting next_dagrun for example_branch_operator to 2026-05-27 00:00:00+00:00, run_after=2026-05-28 00:00:00+00:00
[2026-05-28T08:20:27.570+0000] {processor.py:208} INFO - Processing /home/airflow/.local/lib/python3.12/site-packages/airflow/example_dags/example_branch_operator.py took 0.244 seconds
[2026-05-28T08:21:20.680+0000] {processor.py:186} INFO - Started process (PID=4383) to work on /home/airflow/.local/lib/python3.12/site-packages/airflow/example_dags/example_branch_operator.py
[2026-05-28T08:21:20.683+0000] {processor.py:914} INFO - Processing file /home/airflow/.local/lib/python3.12/site-packages/airflow/example_dags/example_branch_operator.py for tasks to queue
[2026-05-28T08:21:20.687+0000] {logging_mixin.py:190} INFO - [2026-05-28T08:21:20.686+0000] {dagbag.py:588} INFO - Filling up the DagBag from /home/airflow/.local/lib/python3.12/site-packages/airflow/example_dags/example_branch_operator.py
[2026-05-28T08:21:20.735+0000] {processor.py:925} INFO - DAG(s) 'example_branch_operator' retrieved from /home/airflow/.local/lib/python3.12/site-packages/airflow/example_dags/example_branch_operator.py
[2026-05-28T08:21:20.813+0000] {logging_mixin.py:190} INFO - [2026-05-28T08:21:20.813+0000] {dag.py:3239} INFO - Sync 1 DAGs
[2026-05-28T08:21:20.871+0000] {logging_mixin.py:190} INFO - [2026-05-28T08:21:20.870+0000] {dag.py:4180} INFO - Setting next_dagrun for example_branch_operator to 2026-05-27 00:00:00+00:00, run_after=2026-05-28 00:00:00+00:00
[2026-05-28T08:21:20.917+0000] {processor.py:208} INFO - Processing /home/airflow/.local/lib/python3.12/site-packages/airflow/example_dags/example_branch_operator.py took 0.252 seconds
[2026-05-28T08:22:13.883+0000] {processor.py:186} INFO - Started process (PID=4450) to work on /home/airflow/.local/lib/python3.12/site-packages/airflow/example_dags/example_branch_operator.py
[2026-05-28T08:22:13.885+0000] {processor.py:914} INFO - Processing file /home/airflow/.local/lib/python3.12/site-packages/airflow/example_dags/example_branch_operator.py for tasks to queue
[2026-05-28T08:22:13.889+0000] {logging_mixin.py:190} INFO - [2026-05-28T08:22:13.888+0000] {dagbag.py:588} INFO - Filling up the DagBag from /home/airflow/.local/lib/python3.12/site-packages/airflow/example_dags/example_branch_operator.py
[2026-05-28T08:22:13.927+0000] {processor.py:925} INFO - DAG(s) 'example_branch_operator' retrieved from /home/airflow/.local/lib/python3.12/site-packages/airflow/example_dags/example_branch_operator.py
[2026-05-28T08:22:13.997+0000] {logging_mixin.py:190} INFO - [2026-05-28T08:22:13.997+0000] {dag.py:3239} INFO - Sync 1 DAGs
[2026-05-28T08:22:14.050+0000] {logging_mixin.py:190} INFO - [2026-05-28T08:22:14.050+0000] {dag.py:4180} INFO - Setting next_dagrun for example_branch_operator to 2026-05-27 00:00:00+00:00, run_after=2026-05-28 00:00:00+00:00
[2026-05-28T08:22:14.090+0000] {processor.py:208} INFO - Processing /home/airflow/.local/lib/python3.12/site-packages/airflow/example_dags/example_branch_operator.py took 0.220 seconds
[2026-05-28T08:23:00.964+0000] {processor.py:186} INFO - Started process (PID=4518) to work on /home/airflow/.local/lib/python3.12/site-packages/airflow/example_dags/example_branch_operator.py
[2026-05-28T08:23:00.969+0000] {processor.py:914} INFO - Processing file /home/airflow/.local/lib/python3.12/site-packages/airflow/example_dags/example_branch_operator.py for tasks to queue
[2026-05-28T08:23:00.973+0000] {logging_mixin.py:190} INFO - [2026-05-28T08:23:00.972+0000] {dagbag.py:588} INFO - Filling up the DagBag from /home/airflow/.local/lib/python3.12/site-packages/airflow/example_dags/example_branch_operator.py
[2026-05-28T08:23:01.032+0000] {processor.py:925} INFO - DAG(s) 'example_branch_operator' retrieved from /home/airflow/.local/lib/python3.12/site-packages/airflow/example_dags/example_branch_operator.py
[2026-05-28T08:23:01.111+0000] {logging_mixin.py:190} INFO - [2026-05-28T08:23:01.110+0000] {dag.py:3239} INFO - Sync 1 DAGs
[2026-05-28T08:23:01.170+0000] {logging_mixin.py:190} INFO - [2026-05-28T08:23:01.169+0000] {dag.py:4180} INFO - Setting next_dagrun for example_branch_operator to 2026-05-27 00:00:00+00:00, run_after=2026-05-28 00:00:00+00:00
[2026-05-28T08:23:01.224+0000] {processor.py:208} INFO - Processing /home/airflow/.local/lib/python3.12/site-packages/airflow/example_dags/example_branch_operator.py took 0.278 seconds
[2026-05-28T08:23:48.691+0000] {processor.py:186} INFO - Started process (PID=4581) to work on /home/airflow/.local/lib/python3.12/site-packages/airflow/example_dags/example_branch_operator.py
[2026-05-28T08:23:48.701+0000] {processor.py:914} INFO - Processing file /home/airflow/.local/lib/python3.12/site-packages/airflow/example_dags/example_branch_operator.py for tasks to queue
[2026-05-28T08:23:48.712+0000] {logging_mixin.py:190} INFO - [2026-05-28T08:23:48.706+0000] {dagbag.py:588} INFO - Filling up the DagBag from /home/airflow/.local/lib/python3.12/site-packages/airflow/example_dags/example_branch_operator.py
[2026-05-28T08:23:48.782+0000] {processor.py:925} INFO - DAG(s) 'example_branch_operator' retrieved from /home/airflow/.local/lib/python3.12/site-packages/airflow/example_dags/example_branch_operator.py
[2026-05-28T08:23:48.889+0000] {logging_mixin.py:190} INFO - [2026-05-28T08:23:48.888+0000] {dag.py:3239} INFO - Sync 1 DAGs
[2026-05-28T08:23:48.971+0000] {logging_mixin.py:190} INFO - [2026-05-28T08:23:48.970+0000] {dag.py:4180} INFO - Setting next_dagrun for example_branch_operator to 2026-05-27 00:00:00+00:00, run_after=2026-05-28 00:00:00+00:00
[2026-05-28T08:23:49.025+0000] {processor.py:208} INFO - Processing /home/airflow/.local/lib/python3.12/site-packages/airflow/example_dags/example_branch_operator.py took 0.370 seconds
[2026-05-28T08:24:26.230+0000] {processor.py:186} INFO - Started process (PID=4649) to work on /home/airflow/.local/lib/python3.12/site-packages/airflow/example_dags/example_branch_operator.py
[2026-05-28T08:24:26.233+0000] {processor.py:914} INFO - Processing file /home/airflow/.local/lib/python3.12/site-packages/airflow/example_dags/example_branch_operator.py for tasks to queue
[2026-05-28T08:24:26.239+0000] {logging_mixin.py:190} INFO - [2026-05-28T08:24:26.238+0000] {dagbag.py:588} INFO - Filling up the DagBag from /home/airflow/.local/lib/python3.12/site-packages/airflow/example_dags/example_branch_operator.py
[2026-05-28T08:24:26.343+0000] {processor.py:925} INFO - DAG(s) 'example_branch_operator' retrieved from /home/airflow/.local/lib/python3.12/site-packages/airflow/example_dags/example_branch_operator.py
[2026-05-28T08:24:26.479+0000] {logging_mixin.py:190} INFO - [2026-05-28T08:24:26.478+0000] {dag.py:3239} INFO - Sync 1 DAGs
[2026-05-28T08:24:26.599+0000] {logging_mixin.py:190} INFO - [2026-05-28T08:24:26.598+0000] {dag.py:4180} INFO - Setting next_dagrun for example_branch_operator to 2026-05-27 00:00:00+00:00, run_after=2026-05-28 00:00:00+00:00
[2026-05-28T08:24:26.687+0000] {processor.py:208} INFO - Processing /home/airflow/.local/lib/python3.12/site-packages/airflow/example_dags/example_branch_operator.py took 0.482 seconds
[2026-05-28T08:25:10.403+0000] {processor.py:186} INFO - Started process (PID=4709) to work on /home/airflow/.local/lib/python3.12/site-packages/airflow/example_dags/example_branch_operator.py
[2026-05-28T08:25:10.406+0000] {processor.py:914} INFO - Processing file /home/airflow/.local/lib/python3.12/site-packages/airflow/example_dags/example_branch_operator.py for tasks to queue
[2026-05-28T08:25:10.412+0000] {logging_mixin.py:190} INFO - [2026-05-28T08:25:10.411+0000] {dagbag.py:588} INFO - Filling up the DagBag from /home/airflow/.local/lib/python3.12/site-packages/airflow/example_dags/example_branch_operator.py
[2026-05-28T08:25:10.466+0000] {processor.py:925} INFO - DAG(s) 'example_branch_operator' retrieved from /home/airflow/.local/lib/python3.12/site-packages/airflow/example_dags/example_branch_operator.py
[2026-05-28T08:25:10.638+0000] {logging_mixin.py:190} INFO - [2026-05-28T08:25:10.637+0000] {dag.py:3239} INFO - Sync 1 DAGs
[2026-05-28T08:25:10.772+0000] {logging_mixin.py:190} INFO - [2026-05-28T08:25:10.771+0000] {dag.py:4180} INFO - Setting next_dagrun for example_branch_operator to 2026-05-27 00:00:00+00:00, run_after=2026-05-28 00:00:00+00:00
[2026-05-28T08:25:10.844+0000] {processor.py:208} INFO - Processing /home/airflow/.local/lib/python3.12/site-packages/airflow/example_dags/example_branch_operator.py took 0.461 seconds
[2026-05-28T08:25:58.762+0000] {processor.py:186} INFO - Started process (PID=4771) to work on /home/airflow/.local/lib/python3.12/site-packages/airflow/example_dags/example_branch_operator.py
[2026-05-28T08:25:58.776+0000] {processor.py:914} INFO - Processing file /home/airflow/.local/lib/python3.12/site-packages/airflow/example_dags/example_branch_operator.py for tasks to queue
[2026-05-28T08:25:58.781+0000] {logging_mixin.py:190} INFO - [2026-05-28T08:25:58.780+0000] {dagbag.py:588} INFO - Filling up the DagBag from /home/airflow/.local/lib/python3.12/site-packages/airflow/example_dags/example_branch_operator.py
[2026-05-28T08:25:58.894+0000] {processor.py:925} INFO - DAG(s) 'example_branch_operator' retrieved from /home/airflow/.local/lib/python3.12/site-packages/airflow/example_dags/example_branch_operator.py
[2026-05-28T08:25:59.011+0000] {logging_mixin.py:190} INFO - [2026-05-28T08:25:59.010+0000] {dag.py:3239} INFO - Sync 1 DAGs
[2026-05-28T08:25:59.090+0000] {logging_mixin.py:190} INFO - [2026-05-28T08:25:59.089+0000] {dag.py:4180} INFO - Setting next_dagrun for example_branch_operator to 2026-05-27 00:00:00+00:00, run_after=2026-05-28 00:00:00+00:00
[2026-05-28T08:25:59.149+0000] {processor.py:208} INFO - Processing /home/airflow/.local/lib/python3.12/site-packages/airflow/example_dags/example_branch_operator.py took 0.421 seconds
[2026-05-28T08:26:47.877+0000] {processor.py:186} INFO - Started process (PID=4845) to work on /home/airflow/.local/lib/python3.12/site-packages/airflow/example_dags/example_branch_operator.py
[2026-05-28T08:26:47.879+0000] {processor.py:914} INFO - Processing file /home/airflow/.local/lib/python3.12/site-packages/airflow/example_dags/example_branch_operator.py for tasks to queue
[2026-05-28T08:26:47.883+0000] {logging_mixin.py:190} INFO - [2026-05-28T08:26:47.882+0000] {dagbag.py:588} INFO - Filling up the DagBag from /home/airflow/.local/lib/python3.12/site-packages/airflow/example_dags/example_branch_operator.py
[2026-05-28T08:26:47.934+0000] {processor.py:925} INFO - DAG(s) 'example_branch_operator' retrieved from /home/airflow/.local/lib/python3.12/site-packages/airflow/example_dags/example_branch_operator.py
[2026-05-28T08:26:48.014+0000] {logging_mixin.py:190} INFO - [2026-05-28T08:26:48.014+0000] {dag.py:3239} INFO - Sync 1 DAGs
[2026-05-28T08:26:48.092+0000] {logging_mixin.py:190} INFO - [2026-05-28T08:26:48.092+0000] {dag.py:4180} INFO - Setting next_dagrun for example_branch_operator to 2026-05-27 00:00:00+00:00, run_after=2026-05-28 00:00:00+00:00
[2026-05-28T08:26:48.149+0000] {processor.py:208} INFO - Processing /home/airflow/.local/lib/python3.12/site-packages/airflow/example_dags/example_branch_operator.py took 0.287 seconds
[2026-05-28T08:27:33.961+0000] {processor.py:186} INFO - Started process (PID=4917) to work on /home/airflow/.local/lib/python3.12/site-packages/airflow/example_dags/example_branch_operator.py
[2026-05-28T08:27:33.964+0000] {processor.py:914} INFO - Processing file /home/airflow/.local/lib/python3.12/site-packages/airflow/example_dags/example_branch_operator.py for tasks to queue
[2026-05-28T08:27:33.969+0000] {logging_mixin.py:190} INFO - [2026-05-28T08:27:33.968+0000] {dagbag.py:588} INFO - Filling up the DagBag from /home/airflow/.local/lib/python3.12/site-packages/airflow/example_dags/example_branch_operator.py
[2026-05-28T08:27:34.017+0000] {processor.py:925} INFO - DAG(s) 'example_branch_operator' retrieved from /home/airflow/.local/lib/python3.12/site-packages/airflow/example_dags/example_branch_operator.py
[2026-05-28T08:27:34.101+0000] {logging_mixin.py:190} INFO - [2026-05-28T08:27:34.101+0000] {dag.py:3239} INFO - Sync 1 DAGs
[2026-05-28T08:27:34.152+0000] {logging_mixin.py:190} INFO - [2026-05-28T08:27:34.152+0000] {dag.py:4180} INFO - Setting next_dagrun for example_branch_operator to 2026-05-27 00:00:00+00:00, run_after=2026-05-28 00:00:00+00:00
[2026-05-28T08:27:34.202+0000] {processor.py:208} INFO - Processing /home/airflow/.local/lib/python3.12/site-packages/airflow/example_dags/example_branch_operator.py took 0.259 seconds
[2026-05-28T08:28:20.521+0000] {processor.py:186} INFO - Started process (PID=4986) to work on /home/airflow/.local/lib/python3.12/site-packages/airflow/example_dags/example_branch_operator.py
[2026-05-28T08:28:20.524+0000] {processor.py:914} INFO - Processing file /home/airflow/.local/lib/python3.12/site-packages/airflow/example_dags/example_branch_operator.py for tasks to queue
[2026-05-28T08:28:20.528+0000] {logging_mixin.py:190} INFO - [2026-05-28T08:28:20.527+0000] {dagbag.py:588} INFO - Filling up the DagBag from /home/airflow/.local/lib/python3.12/site-packages/airflow/example_dags/example_branch_operator.py
[2026-05-28T08:28:20.568+0000] {processor.py:925} INFO - DAG(s) 'example_branch_operator' retrieved from /home/airflow/.local/lib/python3.12/site-packages/airflow/example_dags/example_branch_operator.py
[2026-05-28T08:28:20.656+0000] {logging_mixin.py:190} INFO - [2026-05-28T08:28:20.655+0000] {dag.py:3239} INFO - Sync 1 DAGs
[2026-05-28T08:28:20.707+0000] {logging_mixin.py:190} INFO - [2026-05-28T08:28:20.707+0000] {dag.py:4180} INFO - Setting next_dagrun for example_branch_operator to 2026-05-27 00:00:00+00:00, run_after=2026-05-28 00:00:00+00:00
[2026-05-28T08:28:20.757+0000] {processor.py:208} INFO - Processing /home/airflow/.local/lib/python3.12/site-packages/airflow/example_dags/example_branch_operator.py took 0.251 seconds
[2026-05-28T08:29:11.182+0000] {processor.py:186} INFO - Started process (PID=5054) to work on /home/airflow/.local/lib/python3.12/site-packages/airflow/example_dags/example_branch_operator.py
[2026-05-28T08:29:11.184+0000] {processor.py:914} INFO - Processing file /home/airflow/.local/lib/python3.12/site-packages/airflow/example_dags/example_branch_operator.py for tasks to queue
[2026-05-28T08:29:11.188+0000] {logging_mixin.py:190} INFO - [2026-05-28T08:29:11.187+0000] {dagbag.py:588} INFO - Filling up the DagBag from /home/airflow/.local/lib/python3.12/site-packages/airflow/example_dags/example_branch_operator.py
[2026-05-28T08:29:11.228+0000] {processor.py:925} INFO - DAG(s) 'example_branch_operator' retrieved from /home/airflow/.local/lib/python3.12/site-packages/airflow/example_dags/example_branch_operator.py
[2026-05-28T08:29:11.298+0000] {logging_mixin.py:190} INFO - [2026-05-28T08:29:11.297+0000] {dag.py:3239} INFO - Sync 1 DAGs
[2026-05-28T08:29:11.350+0000] {logging_mixin.py:190} INFO - [2026-05-28T08:29:11.349+0000] {dag.py:4180} INFO - Setting next_dagrun for example_branch_operator to 2026-05-27 00:00:00+00:00, run_after=2026-05-28 00:00:00+00:00
[2026-05-28T08:29:11.391+0000] {processor.py:208} INFO - Processing /home/airflow/.local/lib/python3.12/site-packages/airflow/example_dags/example_branch_operator.py took 0.222 seconds
[2026-05-28T08:30:08.196+0000] {processor.py:186} INFO - Started process (PID=5134) to work on /home/airflow/.local/lib/python3.12/site-packages/airflow/example_dags/example_branch_operator.py
[2026-05-28T08:30:08.198+0000] {processor.py:914} INFO - Processing file /home/airflow/.local/lib/python3.12/site-packages/airflow/example_dags/example_branch_operator.py for tasks to queue
[2026-05-28T08:30:08.201+0000] {logging_mixin.py:190} INFO - [2026-05-28T08:30:08.200+0000] {dagbag.py:588} INFO - Filling up the DagBag from /home/airflow/.local/lib/python3.12/site-packages/airflow/example_dags/example_branch_operator.py
[2026-05-28T08:30:08.256+0000] {processor.py:925} INFO - DAG(s) 'example_branch_operator' retrieved from /home/airflow/.local/lib/python3.12/site-packages/airflow/example_dags/example_branch_operator.py
[2026-05-28T08:30:08.328+0000] {logging_mixin.py:190} INFO - [2026-05-28T08:30:08.327+0000] {dag.py:3239} INFO - Sync 1 DAGs
[2026-05-28T08:30:08.378+0000] {logging_mixin.py:190} INFO - [2026-05-28T08:30:08.377+0000] {dag.py:4180} INFO - Setting next_dagrun for example_branch_operator to 2026-05-27 00:00:00+00:00, run_after=2026-05-28 00:00:00+00:00
[2026-05-28T08:30:08.431+0000] {processor.py:208} INFO - Processing /home/airflow/.local/lib/python3.12/site-packages/airflow/example_dags/example_branch_operator.py took 0.250 seconds
[2026-05-28T08:31:00.292+0000] {processor.py:186} INFO - Started process (PID=5206) to work on /home/airflow/.local/lib/python3.12/site-packages/airflow/example_dags/example_branch_operator.py
[2026-05-28T08:31:00.296+0000] {processor.py:914} INFO - Processing file /home/airflow/.local/lib/python3.12/site-packages/airflow/example_dags/example_branch_operator.py for tasks to queue
[2026-05-28T08:31:00.301+0000] {logging_mixin.py:190} INFO - [2026-05-28T08:31:00.299+0000] {dagbag.py:588} INFO - Filling up the DagBag from /home/airflow/.local/lib/python3.12/site-packages/airflow/example_dags/example_branch_operator.py
[2026-05-28T08:31:00.374+0000] {processor.py:925} INFO - DAG(s) 'example_branch_operator' retrieved from /home/airflow/.local/lib/python3.12/site-packages/airflow/example_dags/example_branch_operator.py
[2026-05-28T08:31:00.471+0000] {logging_mixin.py:190} INFO - [2026-05-28T08:31:00.470+0000] {dag.py:3239} INFO - Sync 1 DAGs
[2026-05-28T08:31:00.549+0000] {logging_mixin.py:190} INFO - [2026-05-28T08:31:00.549+0000] {dag.py:4180} INFO - Setting next_dagrun for example_branch_operator to 2026-05-27 00:00:00+00:00, run_after=2026-05-28 00:00:00+00:00
[2026-05-28T08:31:00.620+0000] {processor.py:208} INFO - Processing /home/airflow/.local/lib/python3.12/site-packages/airflow/example_dags/example_branch_operator.py took 0.347 seconds
[2026-05-28T08:31:55.650+0000] {processor.py:186} INFO - Started process (PID=5275) to work on /home/airflow/.local/lib/python3.12/site-packages/airflow/example_dags/example_branch_operator.py
[2026-05-28T08:31:55.656+0000] {processor.py:914} INFO - Processing file /home/airflow/.local/lib/python3.12/site-packages/airflow/example_dags/example_branch_operator.py for tasks to queue
[2026-05-28T08:31:55.666+0000] {logging_mixin.py:190} INFO - [2026-05-28T08:31:55.664+0000] {dagbag.py:588} INFO - Filling up the DagBag from /home/airflow/.local/lib/python3.12/site-packages/airflow/example_dags/example_branch_operator.py
[2026-05-28T08:31:55.763+0000] {processor.py:925} INFO - DAG(s) 'example_branch_operator' retrieved from /home/airflow/.local/lib/python3.12/site-packages/airflow/example_dags/example_branch_operator.py
[2026-05-28T08:31:55.916+0000] {logging_mixin.py:190} INFO - [2026-05-28T08:31:55.914+0000] {dag.py:3239} INFO - Sync 1 DAGs
[2026-05-28T08:31:56.006+0000] {logging_mixin.py:190} INFO - [2026-05-28T08:31:56.005+0000] {dag.py:4180} INFO - Setting next_dagrun for example_branch_operator to 2026-05-27 00:00:00+00:00, run_after=2026-05-28 00:00:00+00:00
[2026-05-28T08:31:56.058+0000] {processor.py:208} INFO - Processing /home/airflow/.local/lib/python3.12/site-packages/airflow/example_dags/example_branch_operator.py took 0.431 seconds
[2026-05-28T08:32:47.177+0000] {processor.py:186} INFO - Started process (PID=5358) to work on /home/airflow/.local/lib/python3.12/site-packages/airflow/example_dags/example_branch_operator.py
[2026-05-28T08:32:47.180+0000] {processor.py:914} INFO - Processing file /home/airflow/.local/lib/python3.12/site-packages/airflow/example_dags/example_branch_operator.py for tasks to queue
[2026-05-28T08:32:47.184+0000] {logging_mixin.py:190} INFO - [2026-05-28T08:32:47.183+0000] {dagbag.py:588} INFO - Filling up the DagBag from /home/airflow/.local/lib/python3.12/site-packages/airflow/example_dags/example_branch_operator.py
[2026-05-28T08:32:47.226+0000] {processor.py:925} INFO - DAG(s) 'example_branch_operator' retrieved from /home/airflow/.local/lib/python3.12/site-packages/airflow/example_dags/example_branch_operator.py
[2026-05-28T08:32:47.302+0000] {logging_mixin.py:190} INFO - [2026-05-28T08:32:47.301+0000] {dag.py:3239} INFO - Sync 1 DAGs
[2026-05-28T08:32:47.360+0000] {logging_mixin.py:190} INFO - [2026-05-28T08:32:47.360+0000] {dag.py:4180} INFO - Setting next_dagrun for example_branch_operator to 2026-05-27 00:00:00+00:00, run_after=2026-05-28 00:00:00+00:00
[2026-05-28T08:32:47.404+0000] {processor.py:208} INFO - Processing /home/airflow/.local/lib/python3.12/site-packages/airflow/example_dags/example_branch_operator.py took 0.240 seconds
[2026-05-28T08:33:29.894+0000] {processor.py:186} INFO - Started process (PID=5422) to work on /home/airflow/.local/lib/python3.12/site-packages/airflow/example_dags/example_branch_operator.py
[2026-05-28T08:33:29.897+0000] {processor.py:914} INFO - Processing file /home/airflow/.local/lib/python3.12/site-packages/airflow/example_dags/example_branch_operator.py for tasks to queue
[2026-05-28T08:33:29.901+0000] {logging_mixin.py:190} INFO - [2026-05-28T08:33:29.900+0000] {dagbag.py:588} INFO - Filling up the DagBag from /home/airflow/.local/lib/python3.12/site-packages/airflow/example_dags/example_branch_operator.py
[2026-05-28T08:33:29.962+0000] {processor.py:925} INFO - DAG(s) 'example_branch_operator' retrieved from /home/airflow/.local/lib/python3.12/site-packages/airflow/example_dags/example_branch_operator.py
[2026-05-28T08:33:30.058+0000] {logging_mixin.py:190} INFO - [2026-05-28T08:33:30.057+0000] {dag.py:3239} INFO - Sync 1 DAGs
[2026-05-28T08:33:30.135+0000] {logging_mixin.py:190} INFO - [2026-05-28T08:33:30.134+0000] {dag.py:4180} INFO - Setting next_dagrun for example_branch_operator to 2026-05-27 00:00:00+00:00, run_after=2026-05-28 00:00:00+00:00
[2026-05-28T08:33:30.193+0000] {processor.py:208} INFO - Processing /home/airflow/.local/lib/python3.12/site-packages/airflow/example_dags/example_branch_operator.py took 0.319 seconds
[2026-05-28T08:34:16.197+0000] {processor.py:186} INFO - Started process (PID=5497) to work on /home/airflow/.local/lib/python3.12/site-packages/airflow/example_dags/example_branch_operator.py
[2026-05-28T08:34:16.200+0000] {processor.py:914} INFO - Processing file /home/airflow/.local/lib/python3.12/site-packages/airflow/example_dags/example_branch_operator.py for tasks to queue
[2026-05-28T08:34:16.203+0000] {logging_mixin.py:190} INFO - [2026-05-28T08:34:16.202+0000] {dagbag.py:588} INFO - Filling up the DagBag from /home/airflow/.local/lib/python3.12/site-packages/airflow/example_dags/example_branch_operator.py
[2026-05-28T08:34:16.249+0000] {processor.py:925} INFO - DAG(s) 'example_branch_operator' retrieved from /home/airflow/.local/lib/python3.12/site-packages/airflow/example_dags/example_branch_operator.py
[2026-05-28T08:34:16.356+0000] {logging_mixin.py:190} INFO - [2026-05-28T08:34:16.356+0000] {dag.py:3239} INFO - Sync 1 DAGs
[2026-05-28T08:34:16.435+0000] {logging_mixin.py:190} INFO - [2026-05-28T08:34:16.434+0000] {dag.py:4180} INFO - Setting next_dagrun for example_branch_operator to 2026-05-27 00:00:00+00:00, run_after=2026-05-28 00:00:00+00:00
[2026-05-28T08:34:16.488+0000] {processor.py:208} INFO - Processing /home/airflow/.local/lib/python3.12/site-packages/airflow/example_dags/example_branch_operator.py took 0.305 seconds
[2026-05-28T08:34:58.106+0000] {processor.py:186} INFO - Started process (PID=5559) to work on /home/airflow/.local/lib/python3.12/site-packages/airflow/example_dags/example_branch_operator.py
[2026-05-28T08:34:58.109+0000] {processor.py:914} INFO - Processing file /home/airflow/.local/lib/python3.12/site-packages/airflow/example_dags/example_branch_operator.py for tasks to queue
[2026-05-28T08:34:58.117+0000] {logging_mixin.py:190} INFO - [2026-05-28T08:34:58.116+0000] {dagbag.py:588} INFO - Filling up the DagBag from /home/airflow/.local/lib/python3.12/site-packages/airflow/example_dags/example_branch_operator.py
[2026-05-28T08:34:58.178+0000] {processor.py:925} INFO - DAG(s) 'example_branch_operator' retrieved from /home/airflow/.local/lib/python3.12/site-packages/airflow/example_dags/example_branch_operator.py
[2026-05-28T08:34:58.259+0000] {logging_mixin.py:190} INFO - [2026-05-28T08:34:58.258+0000] {dag.py:3239} INFO - Sync 1 DAGs
[2026-05-28T08:34:58.311+0000] {logging_mixin.py:190} INFO - [2026-05-28T08:34:58.311+0000] {dag.py:4180} INFO - Setting next_dagrun for example_branch_operator to 2026-05-27 00:00:00+00:00, run_after=2026-05-28 00:00:00+00:00
[2026-05-28T08:34:58.354+0000] {processor.py:208} INFO - Processing /home/airflow/.local/lib/python3.12/site-packages/airflow/example_dags/example_branch_operator.py took 0.260 seconds
[2026-05-28T08:35:41.032+0000] {processor.py:186} INFO - Started process (PID=5628) to work on /home/airflow/.local/lib/python3.12/site-packages/airflow/example_dags/example_branch_operator.py
[2026-05-28T08:35:41.035+0000] {processor.py:914} INFO - Processing file /home/airflow/.local/lib/python3.12/site-packages/airflow/example_dags/example_branch_operator.py for tasks to queue
[2026-05-28T08:35:41.038+0000] {logging_mixin.py:190} INFO - [2026-05-28T08:35:41.037+0000] {dagbag.py:588} INFO - Filling up the DagBag from /home/airflow/.local/lib/python3.12/site-packages/airflow/example_dags/example_branch_operator.py
[2026-05-28T08:35:41.080+0000] {processor.py:925} INFO - DAG(s) 'example_branch_operator' retrieved from /home/airflow/.local/lib/python3.12/site-packages/airflow/example_dags/example_branch_operator.py
[2026-05-28T08:35:41.168+0000] {logging_mixin.py:190} INFO - [2026-05-28T08:35:41.168+0000] {dag.py:3239} INFO - Sync 1 DAGs
[2026-05-28T08:35:41.225+0000] {logging_mixin.py:190} INFO - [2026-05-28T08:35:41.224+0000] {dag.py:4180} INFO - Setting next_dagrun for example_branch_operator to 2026-05-27 00:00:00+00:00, run_after=2026-05-28 00:00:00+00:00
[2026-05-28T08:35:41.269+0000] {processor.py:208} INFO - Processing /home/airflow/.local/lib/python3.12/site-packages/airflow/example_dags/example_branch_operator.py took 0.251 seconds
[2026-05-28T08:36:28.444+0000] {processor.py:186} INFO - Started process (PID=5690) to work on /home/airflow/.local/lib/python3.12/site-packages/airflow/example_dags/example_branch_operator.py
[2026-05-28T08:36:28.447+0000] {processor.py:914} INFO - Processing file /home/airflow/.local/lib/python3.12/site-packages/airflow/example_dags/example_branch_operator.py for tasks to queue
[2026-05-28T08:36:28.450+0000] {logging_mixin.py:190} INFO - [2026-05-28T08:36:28.449+0000] {dagbag.py:588} INFO - Filling up the DagBag from /home/airflow/.local/lib/python3.12/site-packages/airflow/example_dags/example_branch_operator.py
[2026-05-28T08:36:28.493+0000] {processor.py:925} INFO - DAG(s) 'example_branch_operator' retrieved from /home/airflow/.local/lib/python3.12/site-packages/airflow/example_dags/example_branch_operator.py
[2026-05-28T08:36:28.571+0000] {logging_mixin.py:190} INFO - [2026-05-28T08:36:28.571+0000] {dag.py:3239} INFO - Sync 1 DAGs
[2026-05-28T08:36:28.638+0000] {logging_mixin.py:190} INFO - [2026-05-28T08:36:28.637+0000] {dag.py:4180} INFO - Setting next_dagrun for example_branch_operator to 2026-05-27 00:00:00+00:00, run_after=2026-05-28 00:00:00+00:00
[2026-05-28T08:36:28.685+0000] {processor.py:208} INFO - Processing /home/airflow/.local/lib/python3.12/site-packages/airflow/example_dags/example_branch_operator.py took 0.256 seconds
[2026-05-28T08:37:09.053+0000] {processor.py:186} INFO - Started process (PID=5757) to work on /home/airflow/.local/lib/python3.12/site-packages/airflow/example_dags/example_branch_operator.py
[2026-05-28T08:37:09.057+0000] {processor.py:914} INFO - Processing file /home/airflow/.local/lib/python3.12/site-packages/airflow/example_dags/example_branch_operator.py for tasks to queue
[2026-05-28T08:37:09.061+0000] {logging_mixin.py:190} INFO - [2026-05-28T08:37:09.060+0000] {dagbag.py:588} INFO - Filling up the DagBag from /home/airflow/.local/lib/python3.12/site-packages/airflow/example_dags/example_branch_operator.py
[2026-05-28T08:37:09.123+0000] {processor.py:925} INFO - DAG(s) 'example_branch_operator' retrieved from /home/airflow/.local/lib/python3.12/site-packages/airflow/example_dags/example_branch_operator.py
[2026-05-28T08:37:09.230+0000] {logging_mixin.py:190} INFO - [2026-05-28T08:37:09.229+0000] {dag.py:3239} INFO - Sync 1 DAGs
[2026-05-28T08:37:09.327+0000] {logging_mixin.py:190} INFO - [2026-05-28T08:37:09.326+0000] {dag.py:4180} INFO - Setting next_dagrun for example_branch_operator to 2026-05-27 00:00:00+00:00, run_after=2026-05-28 00:00:00+00:00
[2026-05-28T08:37:09.404+0000] {processor.py:208} INFO - Processing /home/airflow/.local/lib/python3.12/site-packages/airflow/example_dags/example_branch_operator.py took 0.370 seconds
[2026-05-28T08:38:21.174+0000] {processor.py:186} INFO - Started process (PID=5839) to work on /home/airflow/.local/lib/python3.12/site-packages/airflow/example_dags/example_branch_operator.py
[2026-05-28T08:38:21.177+0000] {processor.py:914} INFO - Processing file /home/airflow/.local/lib/python3.12/site-packages/airflow/example_dags/example_branch_operator.py for tasks to queue
[2026-05-28T08:38:21.184+0000] {logging_mixin.py:190} INFO - [2026-05-28T08:38:21.183+0000] {dagbag.py:588} INFO - Filling up the DagBag from /home/airflow/.local/lib/python3.12/site-packages/airflow/example_dags/example_branch_operator.py
[2026-05-28T08:38:21.242+0000] {processor.py:925} INFO - DAG(s) 'example_branch_operator' retrieved from /home/airflow/.local/lib/python3.12/site-packages/airflow/example_dags/example_branch_operator.py
[2026-05-28T08:38:21.356+0000] {logging_mixin.py:190} INFO - [2026-05-28T08:38:21.355+0000] {dag.py:3239} INFO - Sync 1 DAGs
[2026-05-28T08:38:21.450+0000] {logging_mixin.py:190} INFO - [2026-05-28T08:38:21.450+0000] {dag.py:4180} INFO - Setting next_dagrun for example_branch_operator to 2026-05-27 00:00:00+00:00, run_after=2026-05-28 00:00:00+00:00
[2026-05-28T08:38:21.512+0000] {processor.py:208} INFO - Processing /home/airflow/.local/lib/python3.12/site-packages/airflow/example_dags/example_branch_operator.py took 0.356 seconds
[2026-05-28T08:39:26.621+0000] {processor.py:186} INFO - Started process (PID=5917) to work on /home/airflow/.local/lib/python3.12/site-packages/airflow/example_dags/example_branch_operator.py
[2026-05-28T08:39:26.624+0000] {processor.py:914} INFO - Processing file /home/airflow/.local/lib/python3.12/site-packages/airflow/example_dags/example_branch_operator.py for tasks to queue
[2026-05-28T08:39:26.628+0000] {logging_mixin.py:190} INFO - [2026-05-28T08:39:26.627+0000] {dagbag.py:588} INFO - Filling up the DagBag from /home/airflow/.local/lib/python3.12/site-packages/airflow/example_dags/example_branch_operator.py
[2026-05-28T08:39:26.689+0000] {processor.py:925} INFO - DAG(s) 'example_branch_operator' retrieved from /home/airflow/.local/lib/python3.12/site-packages/airflow/example_dags/example_branch_operator.py
[2026-05-28T08:39:26.794+0000] {logging_mixin.py:190} INFO - [2026-05-28T08:39:26.793+0000] {dag.py:3239} INFO - Sync 1 DAGs
[2026-05-28T08:39:26.857+0000] {logging_mixin.py:190} INFO - [2026-05-28T08:39:26.857+0000] {dag.py:4180} INFO - Setting next_dagrun for example_branch_operator to 2026-05-27 00:00:00+00:00, run_after=2026-05-28 00:00:00+00:00
[2026-05-28T08:39:26.919+0000] {processor.py:208} INFO - Processing /home/airflow/.local/lib/python3.12/site-packages/airflow/example_dags/example_branch_operator.py took 0.316 seconds
[2026-05-28T08:40:34.990+0000] {processor.py:186} INFO - Started process (PID=5988) to work on /home/airflow/.local/lib/python3.12/site-packages/airflow/example_dags/example_branch_operator.py
[2026-05-28T08:40:34.994+0000] {processor.py:914} INFO - Processing file /home/airflow/.local/lib/python3.12/site-packages/airflow/example_dags/example_branch_operator.py for tasks to queue
[2026-05-28T08:40:34.999+0000] {logging_mixin.py:190} INFO - [2026-05-28T08:40:34.998+0000] {dagbag.py:588} INFO - Filling up the DagBag from /home/airflow/.local/lib/python3.12/site-packages/airflow/example_dags/example_branch_operator.py
[2026-05-28T08:40:35.076+0000] {processor.py:925} INFO - DAG(s) 'example_branch_operator' retrieved from /home/airflow/.local/lib/python3.12/site-packages/airflow/example_dags/example_branch_operator.py
[2026-05-28T08:40:35.191+0000] {logging_mixin.py:190} INFO - [2026-05-28T08:40:35.190+0000] {dag.py:3239} INFO - Sync 1 DAGs
[2026-05-28T08:40:35.288+0000] {logging_mixin.py:190} INFO - [2026-05-28T08:40:35.287+0000] {dag.py:4180} INFO - Setting next_dagrun for example_branch_operator to 2026-05-27 00:00:00+00:00, run_after=2026-05-28 00:00:00+00:00
[2026-05-28T08:40:35.360+0000] {processor.py:208} INFO - Processing /home/airflow/.local/lib/python3.12/site-packages/airflow/example_dags/example_branch_operator.py took 0.393 seconds
[2026-05-28T08:41:27.507+0000] {processor.py:186} INFO - Started process (PID=6062) to work on /home/airflow/.local/lib/python3.12/site-packages/airflow/example_dags/example_branch_operator.py
[2026-05-28T08:41:27.513+0000] {processor.py:914} INFO - Processing file /home/airflow/.local/lib/python3.12/site-packages/airflow/example_dags/example_branch_operator.py for tasks to queue
[2026-05-28T08:41:27.519+0000] {logging_mixin.py:190} INFO - [2026-05-28T08:41:27.517+0000] {dagbag.py:588} INFO - Filling up the DagBag from /home/airflow/.local/lib/python3.12/site-packages/airflow/example_dags/example_branch_operator.py
[2026-05-28T08:41:27.671+0000] {processor.py:925} INFO - DAG(s) 'example_branch_operator' retrieved from /home/airflow/.local/lib/python3.12/site-packages/airflow/example_dags/example_branch_operator.py
[2026-05-28T08:41:27.774+0000] {logging_mixin.py:190} INFO - [2026-05-28T08:41:27.773+0000] {dag.py:3239} INFO - Sync 1 DAGs
[2026-05-28T08:41:27.852+0000] {logging_mixin.py:190} INFO - [2026-05-28T08:41:27.852+0000] {dag.py:4180} INFO - Setting next_dagrun for example_branch_operator to 2026-05-27 00:00:00+00:00, run_after=2026-05-28 00:00:00+00:00
[2026-05-28T08:41:27.908+0000] {processor.py:208} INFO - Processing /home/airflow/.local/lib/python3.12/site-packages/airflow/example_dags/example_branch_operator.py took 0.440 seconds
[2026-05-28T08:42:49.400+0000] {processor.py:186} INFO - Started process (PID=6149) to work on /home/airflow/.local/lib/python3.12/site-packages/airflow/example_dags/example_branch_operator.py
[2026-05-28T08:42:49.403+0000] {processor.py:914} INFO - Processing file /home/airflow/.local/lib/python3.12/site-packages/airflow/example_dags/example_branch_operator.py for tasks to queue
[2026-05-28T08:42:49.408+0000] {logging_mixin.py:190} INFO - [2026-05-28T08:42:49.407+0000] {dagbag.py:588} INFO - Filling up the DagBag from /home/airflow/.local/lib/python3.12/site-packages/airflow/example_dags/example_branch_operator.py
[2026-05-28T08:42:49.476+0000] {processor.py:925} INFO - DAG(s) 'example_branch_operator' retrieved from /home/airflow/.local/lib/python3.12/site-packages/airflow/example_dags/example_branch_operator.py
[2026-05-28T08:42:49.592+0000] {logging_mixin.py:190} INFO - [2026-05-28T08:42:49.591+0000] {dag.py:3239} INFO - Sync 1 DAGs
[2026-05-28T08:42:49.667+0000] {logging_mixin.py:190} INFO - [2026-05-28T08:42:49.666+0000] {dag.py:4180} INFO - Setting next_dagrun for example_branch_operator to 2026-05-27 00:00:00+00:00, run_after=2026-05-28 00:00:00+00:00
[2026-05-28T08:42:49.731+0000] {processor.py:208} INFO - Processing /home/airflow/.local/lib/python3.12/site-packages/airflow/example_dags/example_branch_operator.py took 0.352 seconds
[2026-05-28T08:43:53.467+0000] {processor.py:186} INFO - Started process (PID=6228) to work on /home/airflow/.local/lib/python3.12/site-packages/airflow/example_dags/example_branch_operator.py
[2026-05-28T08:43:53.470+0000] {processor.py:914} INFO - Processing file /home/airflow/.local/lib/python3.12/site-packages/airflow/example_dags/example_branch_operator.py for tasks to queue
[2026-05-28T08:43:53.475+0000] {logging_mixin.py:190} INFO - [2026-05-28T08:43:53.473+0000] {dagbag.py:588} INFO - Filling up the DagBag from /home/airflow/.local/lib/python3.12/site-packages/airflow/example_dags/example_branch_operator.py
[2026-05-28T08:43:53.535+0000] {processor.py:925} INFO - DAG(s) 'example_branch_operator' retrieved from /home/airflow/.local/lib/python3.12/site-packages/airflow/example_dags/example_branch_operator.py
[2026-05-28T08:43:53.655+0000] {logging_mixin.py:190} INFO - [2026-05-28T08:43:53.654+0000] {dag.py:3239} INFO - Sync 1 DAGs
[2026-05-28T08:43:53.734+0000] {logging_mixin.py:190} INFO - [2026-05-28T08:43:53.733+0000] {dag.py:4180} INFO - Setting next_dagrun for example_branch_operator to 2026-05-27 00:00:00+00:00, run_after=2026-05-28 00:00:00+00:00
[2026-05-28T08:43:53.793+0000] {processor.py:208} INFO - Processing /home/airflow/.local/lib/python3.12/site-packages/airflow/example_dags/example_branch_operator.py took 0.344 seconds
[2026-05-28T08:45:18.987+0000] {processor.py:186} INFO - Started process (PID=6320) to work on /home/airflow/.local/lib/python3.12/site-packages/airflow/example_dags/example_branch_operator.py
[2026-05-28T08:45:18.990+0000] {processor.py:914} INFO - Processing file /home/airflow/.local/lib/python3.12/site-packages/airflow/example_dags/example_branch_operator.py for tasks to queue
[2026-05-28T08:45:18.995+0000] {logging_mixin.py:190} INFO - [2026-05-28T08:45:18.993+0000] {dagbag.py:588} INFO - Filling up the DagBag from /home/airflow/.local/lib/python3.12/site-packages/airflow/example_dags/example_branch_operator.py
[2026-05-28T08:45:19.061+0000] {processor.py:925} INFO - DAG(s) 'example_branch_operator' retrieved from /home/airflow/.local/lib/python3.12/site-packages/airflow/example_dags/example_branch_operator.py
[2026-05-28T08:45:19.181+0000] {logging_mixin.py:190} INFO - [2026-05-28T08:45:19.180+0000] {dag.py:3239} INFO - Sync 1 DAGs
[2026-05-28T08:45:19.258+0000] {logging_mixin.py:190} INFO - [2026-05-28T08:45:19.257+0000] {dag.py:4180} INFO - Setting next_dagrun for example_branch_operator to 2026-05-27 00:00:00+00:00, run_after=2026-05-28 00:00:00+00:00
[2026-05-28T08:45:19.318+0000] {processor.py:208} INFO - Processing /home/airflow/.local/lib/python3.12/site-packages/airflow/example_dags/example_branch_operator.py took 0.350 seconds
[2026-05-28T08:46:25.106+0000] {processor.py:186} INFO - Started process (PID=6400) to work on /home/airflow/.local/lib/python3.12/site-packages/airflow/example_dags/example_branch_operator.py
[2026-05-28T08:46:25.110+0000] {processor.py:914} INFO - Processing file /home/airflow/.local/lib/python3.12/site-packages/airflow/example_dags/example_branch_operator.py for tasks to queue
[2026-05-28T08:46:25.114+0000] {logging_mixin.py:190} INFO - [2026-05-28T08:46:25.113+0000] {dagbag.py:588} INFO - Filling up the DagBag from /home/airflow/.local/lib/python3.12/site-packages/airflow/example_dags/example_branch_operator.py
[2026-05-28T08:46:25.182+0000] {processor.py:925} INFO - DAG(s) 'example_branch_operator' retrieved from /home/airflow/.local/lib/python3.12/site-packages/airflow/example_dags/example_branch_operator.py
[2026-05-28T08:46:25.287+0000] {logging_mixin.py:190} INFO - [2026-05-28T08:46:25.286+0000] {dag.py:3239} INFO - Sync 1 DAGs
[2026-05-28T08:46:25.371+0000] {logging_mixin.py:190} INFO - [2026-05-28T08:46:25.370+0000] {dag.py:4180} INFO - Setting next_dagrun for example_branch_operator to 2026-05-27 00:00:00+00:00, run_after=2026-05-28 00:00:00+00:00
[2026-05-28T08:46:25.427+0000] {processor.py:208} INFO - Processing /home/airflow/.local/lib/python3.12/site-packages/airflow/example_dags/example_branch_operator.py took 0.339 seconds
[2026-05-28T08:47:47.417+0000] {processor.py:186} INFO - Started process (PID=6487) to work on /home/airflow/.local/lib/python3.12/site-packages/airflow/example_dags/example_branch_operator.py
[2026-05-28T08:47:47.422+0000] {processor.py:914} INFO - Processing file /home/airflow/.local/lib/python3.12/site-packages/airflow/example_dags/example_branch_operator.py for tasks to queue
[2026-05-28T08:47:47.427+0000] {logging_mixin.py:190} INFO - [2026-05-28T08:47:47.426+0000] {dagbag.py:588} INFO - Filling up the DagBag from /home/airflow/.local/lib/python3.12/site-packages/airflow/example_dags/example_branch_operator.py
[2026-05-28T08:47:47.562+0000] {processor.py:925} INFO - DAG(s) 'example_branch_operator' retrieved from /home/airflow/.local/lib/python3.12/site-packages/airflow/example_dags/example_branch_operator.py
[2026-05-28T08:47:47.750+0000] {logging_mixin.py:190} INFO - [2026-05-28T08:47:47.749+0000] {dag.py:3239} INFO - Sync 1 DAGs
[2026-05-28T08:47:47.918+0000] {logging_mixin.py:190} INFO - [2026-05-28T08:47:47.917+0000] {dag.py:4180} INFO - Setting next_dagrun for example_branch_operator to 2026-05-27 00:00:00+00:00, run_after=2026-05-28 00:00:00+00:00
[2026-05-28T08:47:48.024+0000] {processor.py:208} INFO - Processing /home/airflow/.local/lib/python3.12/site-packages/airflow/example_dags/example_branch_operator.py took 0.627 seconds
[2026-05-28T08:49:18.258+0000] {processor.py:186} INFO - Started process (PID=6578) to work on /home/airflow/.local/lib/python3.12/site-packages/airflow/example_dags/example_branch_operator.py
[2026-05-28T08:49:18.261+0000] {processor.py:914} INFO - Processing file /home/airflow/.local/lib/python3.12/site-packages/airflow/example_dags/example_branch_operator.py for tasks to queue
[2026-05-28T08:49:18.266+0000] {logging_mixin.py:190} INFO - [2026-05-28T08:49:18.264+0000] {dagbag.py:588} INFO - Filling up the DagBag from /home/airflow/.local/lib/python3.12/site-packages/airflow/example_dags/example_branch_operator.py
[2026-05-28T08:49:18.331+0000] {processor.py:925} INFO - DAG(s) 'example_branch_operator' retrieved from /home/airflow/.local/lib/python3.12/site-packages/airflow/example_dags/example_branch_operator.py
[2026-05-28T08:49:18.451+0000] {logging_mixin.py:190} INFO - [2026-05-28T08:49:18.451+0000] {dag.py:3239} INFO - Sync 1 DAGs
[2026-05-28T08:49:18.530+0000] {logging_mixin.py:190} INFO - [2026-05-28T08:49:18.529+0000] {dag.py:4180} INFO - Setting next_dagrun for example_branch_operator to 2026-05-27 00:00:00+00:00, run_after=2026-05-28 00:00:00+00:00
[2026-05-28T08:49:18.592+0000] {processor.py:208} INFO - Processing /home/airflow/.local/lib/python3.12/site-packages/airflow/example_dags/example_branch_operator.py took 0.358 seconds
[2026-05-28T08:50:16.616+0000] {processor.py:186} INFO - Started process (PID=6649) to work on /home/airflow/.local/lib/python3.12/site-packages/airflow/example_dags/example_branch_operator.py
[2026-05-28T08:50:16.620+0000] {processor.py:914} INFO - Processing file /home/airflow/.local/lib/python3.12/site-packages/airflow/example_dags/example_branch_operator.py for tasks to queue
[2026-05-28T08:50:16.624+0000] {logging_mixin.py:190} INFO - [2026-05-28T08:50:16.623+0000] {dagbag.py:588} INFO - Filling up the DagBag from /home/airflow/.local/lib/python3.12/site-packages/airflow/example_dags/example_branch_operator.py
[2026-05-28T08:50:16.686+0000] {processor.py:925} INFO - DAG(s) 'example_branch_operator' retrieved from /home/airflow/.local/lib/python3.12/site-packages/airflow/example_dags/example_branch_operator.py
[2026-05-28T08:50:16.795+0000] {logging_mixin.py:190} INFO - [2026-05-28T08:50:16.795+0000] {dag.py:3239} INFO - Sync 1 DAGs
[2026-05-28T08:50:16.877+0000] {logging_mixin.py:190} INFO - [2026-05-28T08:50:16.877+0000] {dag.py:4180} INFO - Setting next_dagrun for example_branch_operator to 2026-05-27 00:00:00+00:00, run_after=2026-05-28 00:00:00+00:00
[2026-05-28T08:50:16.943+0000] {processor.py:208} INFO - Processing /home/airflow/.local/lib/python3.12/site-packages/airflow/example_dags/example_branch_operator.py took 0.346 seconds
[2026-05-28T08:51:38.316+0000] {processor.py:186} INFO - Started process (PID=6724) to work on /home/airflow/.local/lib/python3.12/site-packages/airflow/example_dags/example_branch_operator.py
[2026-05-28T08:51:38.322+0000] {processor.py:914} INFO - Processing file /home/airflow/.local/lib/python3.12/site-packages/airflow/example_dags/example_branch_operator.py for tasks to queue
[2026-05-28T08:51:38.328+0000] {logging_mixin.py:190} INFO - [2026-05-28T08:51:38.326+0000] {dagbag.py:588} INFO - Filling up the DagBag from /home/airflow/.local/lib/python3.12/site-packages/airflow/example_dags/example_branch_operator.py
[2026-05-28T08:51:38.399+0000] {processor.py:925} INFO - DAG(s) 'example_branch_operator' retrieved from /home/airflow/.local/lib/python3.12/site-packages/airflow/example_dags/example_branch_operator.py
[2026-05-28T08:51:38.563+0000] {logging_mixin.py:190} INFO - [2026-05-28T08:51:38.562+0000] {dag.py:3239} INFO - Sync 1 DAGs
[2026-05-28T08:51:38.672+0000] {logging_mixin.py:190} INFO - [2026-05-28T08:51:38.672+0000] {dag.py:4180} INFO - Setting next_dagrun for example_branch_operator to 2026-05-27 00:00:00+00:00, run_after=2026-05-28 00:00:00+00:00
[2026-05-28T08:51:38.748+0000] {processor.py:208} INFO - Processing /home/airflow/.local/lib/python3.12/site-packages/airflow/example_dags/example_branch_operator.py took 0.474 seconds
[2026-05-28T08:52:39.125+0000] {processor.py:186} INFO - Started process (PID=6791) to work on /home/airflow/.local/lib/python3.12/site-packages/airflow/example_dags/example_branch_operator.py
[2026-05-28T08:52:39.129+0000] {processor.py:914} INFO - Processing file /home/airflow/.local/lib/python3.12/site-packages/airflow/example_dags/example_branch_operator.py for tasks to queue
[2026-05-28T08:52:39.133+0000] {logging_mixin.py:190} INFO - [2026-05-28T08:52:39.132+0000] {dagbag.py:588} INFO - Filling up the DagBag from /home/airflow/.local/lib/python3.12/site-packages/airflow/example_dags/example_branch_operator.py
[2026-05-28T08:52:39.226+0000] {processor.py:925} INFO - DAG(s) 'example_branch_operator' retrieved from /home/airflow/.local/lib/python3.12/site-packages/airflow/example_dags/example_branch_operator.py
[2026-05-28T08:52:39.388+0000] {logging_mixin.py:190} INFO - [2026-05-28T08:52:39.387+0000] {dag.py:3239} INFO - Sync 1 DAGs
[2026-05-28T08:52:39.510+0000] {logging_mixin.py:190} INFO - [2026-05-28T08:52:39.509+0000] {dag.py:4180} INFO - Setting next_dagrun for example_branch_operator to 2026-05-27 00:00:00+00:00, run_after=2026-05-28 00:00:00+00:00
[2026-05-28T08:52:39.574+0000] {processor.py:208} INFO - Processing /home/airflow/.local/lib/python3.12/site-packages/airflow/example_dags/example_branch_operator.py took 0.471 seconds
[2026-05-28T08:53:34.423+0000] {processor.py:186} INFO - Started process (PID=6860) to work on /home/airflow/.local/lib/python3.12/site-packages/airflow/example_dags/example_branch_operator.py
[2026-05-28T08:53:34.426+0000] {processor.py:914} INFO - Processing file /home/airflow/.local/lib/python3.12/site-packages/airflow/example_dags/example_branch_operator.py for tasks to queue
[2026-05-28T08:53:34.430+0000] {logging_mixin.py:190} INFO - [2026-05-28T08:53:34.429+0000] {dagbag.py:588} INFO - Filling up the DagBag from /home/airflow/.local/lib/python3.12/site-packages/airflow/example_dags/example_branch_operator.py
[2026-05-28T08:53:34.491+0000] {processor.py:925} INFO - DAG(s) 'example_branch_operator' retrieved from /home/airflow/.local/lib/python3.12/site-packages/airflow/example_dags/example_branch_operator.py
[2026-05-28T08:53:34.591+0000] {logging_mixin.py:190} INFO - [2026-05-28T08:53:34.590+0000] {dag.py:3239} INFO - Sync 1 DAGs
[2026-05-28T08:53:34.668+0000] {logging_mixin.py:190} INFO - [2026-05-28T08:53:34.667+0000] {dag.py:4180} INFO - Setting next_dagrun for example_branch_operator to 2026-05-27 00:00:00+00:00, run_after=2026-05-28 00:00:00+00:00
[2026-05-28T08:53:34.722+0000] {processor.py:208} INFO - Processing /home/airflow/.local/lib/python3.12/site-packages/airflow/example_dags/example_branch_operator.py took 0.317 seconds
[2026-05-28T08:54:51.868+0000] {processor.py:186} INFO - Started process (PID=6936) to work on /home/airflow/.local/lib/python3.12/site-packages/airflow/example_dags/example_branch_operator.py
[2026-05-28T08:54:51.871+0000] {processor.py:914} INFO - Processing file /home/airflow/.local/lib/python3.12/site-packages/airflow/example_dags/example_branch_operator.py for tasks to queue
[2026-05-28T08:54:51.875+0000] {logging_mixin.py:190} INFO - [2026-05-28T08:54:51.874+0000] {dagbag.py:588} INFO - Filling up the DagBag from /home/airflow/.local/lib/python3.12/site-packages/airflow/example_dags/example_branch_operator.py
[2026-05-28T08:54:51.930+0000] {processor.py:925} INFO - DAG(s) 'example_branch_operator' retrieved from /home/airflow/.local/lib/python3.12/site-packages/airflow/example_dags/example_branch_operator.py
[2026-05-28T08:54:52.025+0000] {logging_mixin.py:190} INFO - [2026-05-28T08:54:52.024+0000] {dag.py:3239} INFO - Sync 1 DAGs
[2026-05-28T08:54:52.097+0000] {logging_mixin.py:190} INFO - [2026-05-28T08:54:52.097+0000] {dag.py:4180} INFO - Setting next_dagrun for example_branch_operator to 2026-05-27 00:00:00+00:00, run_after=2026-05-28 00:00:00+00:00
[2026-05-28T08:54:52.225+0000] {processor.py:208} INFO - Processing /home/airflow/.local/lib/python3.12/site-packages/airflow/example_dags/example_branch_operator.py took 0.373 seconds
[2026-05-28T08:55:49.920+0000] {processor.py:186} INFO - Started process (PID=6999) to work on /home/airflow/.local/lib/python3.12/site-packages/airflow/example_dags/example_branch_operator.py
[2026-05-28T08:55:49.924+0000] {processor.py:914} INFO - Processing file /home/airflow/.local/lib/python3.12/site-packages/airflow/example_dags/example_branch_operator.py for tasks to queue
[2026-05-28T08:55:49.929+0000] {logging_mixin.py:190} INFO - [2026-05-28T08:55:49.928+0000] {dagbag.py:588} INFO - Filling up the DagBag from /home/airflow/.local/lib/python3.12/site-packages/airflow/example_dags/example_branch_operator.py
[2026-05-28T08:55:49.983+0000] {processor.py:925} INFO - DAG(s) 'example_branch_operator' retrieved from /home/airflow/.local/lib/python3.12/site-packages/airflow/example_dags/example_branch_operator.py
[2026-05-28T08:55:50.071+0000] {logging_mixin.py:190} INFO - [2026-05-28T08:55:50.070+0000] {dag.py:3239} INFO - Sync 1 DAGs
[2026-05-28T08:55:50.147+0000] {logging_mixin.py:190} INFO - [2026-05-28T08:55:50.146+0000] {dag.py:4180} INFO - Setting next_dagrun for example_branch_operator to 2026-05-27 00:00:00+00:00, run_after=2026-05-28 00:00:00+00:00
[2026-05-28T08:55:50.201+0000] {processor.py:208} INFO - Processing /home/airflow/.local/lib/python3.12/site-packages/airflow/example_dags/example_branch_operator.py took 0.304 seconds
[2026-05-28T08:57:02.885+0000] {processor.py:186} INFO - Started process (PID=7077) to work on /home/airflow/.local/lib/python3.12/site-packages/airflow/example_dags/example_branch_operator.py
[2026-05-28T08:57:02.888+0000] {processor.py:914} INFO - Processing file /home/airflow/.local/lib/python3.12/site-packages/airflow/example_dags/example_branch_operator.py for tasks to queue
[2026-05-28T08:57:02.892+0000] {logging_mixin.py:190} INFO - [2026-05-28T08:57:02.891+0000] {dagbag.py:588} INFO - Filling up the DagBag from /home/airflow/.local/lib/python3.12/site-packages/airflow/example_dags/example_branch_operator.py
[2026-05-28T08:57:02.966+0000] {processor.py:925} INFO - DAG(s) 'example_branch_operator' retrieved from /home/airflow/.local/lib/python3.12/site-packages/airflow/example_dags/example_branch_operator.py
[2026-05-28T08:57:03.079+0000] {logging_mixin.py:190} INFO - [2026-05-28T08:57:03.078+0000] {dag.py:3239} INFO - Sync 1 DAGs
[2026-05-28T08:57:03.165+0000] {logging_mixin.py:190} INFO - [2026-05-28T08:57:03.164+0000] {dag.py:4180} INFO - Setting next_dagrun for example_branch_operator to 2026-05-27 00:00:00+00:00, run_after=2026-05-28 00:00:00+00:00
[2026-05-28T08:57:03.231+0000] {processor.py:208} INFO - Processing /home/airflow/.local/lib/python3.12/site-packages/airflow/example_dags/example_branch_operator.py took 0.368 seconds
[2026-05-28T08:57:38.578+0000] {processor.py:186} INFO - Started process (PID=7138) to work on /home/airflow/.local/lib/python3.12/site-packages/airflow/example_dags/example_branch_operator.py
[2026-05-28T08:57:38.581+0000] {processor.py:914} INFO - Processing file /home/airflow/.local/lib/python3.12/site-packages/airflow/example_dags/example_branch_operator.py for tasks to queue
[2026-05-28T08:57:38.585+0000] {logging_mixin.py:190} INFO - [2026-05-28T08:57:38.584+0000] {dagbag.py:588} INFO - Filling up the DagBag from /home/airflow/.local/lib/python3.12/site-packages/airflow/example_dags/example_branch_operator.py
[2026-05-28T08:57:38.639+0000] {processor.py:925} INFO - DAG(s) 'example_branch_operator' retrieved from /home/airflow/.local/lib/python3.12/site-packages/airflow/example_dags/example_branch_operator.py
[2026-05-28T08:57:38.721+0000] {logging_mixin.py:190} INFO - [2026-05-28T08:57:38.721+0000] {dag.py:3239} INFO - Sync 1 DAGs
[2026-05-28T08:57:38.781+0000] {logging_mixin.py:190} INFO - [2026-05-28T08:57:38.780+0000] {dag.py:4180} INFO - Setting next_dagrun for example_branch_operator to 2026-05-27 00:00:00+00:00, run_after=2026-05-28 00:00:00+00:00
[2026-05-28T08:57:38.840+0000] {processor.py:208} INFO - Processing /home/airflow/.local/lib/python3.12/site-packages/airflow/example_dags/example_branch_operator.py took 0.277 seconds
[2026-05-28T08:58:56.760+0000] {processor.py:186} INFO - Started process (PID=7226) to work on /home/airflow/.local/lib/python3.12/site-packages/airflow/example_dags/example_branch_operator.py
[2026-05-28T08:58:56.763+0000] {processor.py:914} INFO - Processing file /home/airflow/.local/lib/python3.12/site-packages/airflow/example_dags/example_branch_operator.py for tasks to queue
[2026-05-28T08:58:56.768+0000] {logging_mixin.py:190} INFO - [2026-05-28T08:58:56.767+0000] {dagbag.py:588} INFO - Filling up the DagBag from /home/airflow/.local/lib/python3.12/site-packages/airflow/example_dags/example_branch_operator.py
[2026-05-28T08:58:56.823+0000] {processor.py:925} INFO - DAG(s) 'example_branch_operator' retrieved from /home/airflow/.local/lib/python3.12/site-packages/airflow/example_dags/example_branch_operator.py
[2026-05-28T08:58:56.933+0000] {logging_mixin.py:190} INFO - [2026-05-28T08:58:56.932+0000] {dag.py:3239} INFO - Sync 1 DAGs
[2026-05-28T08:58:57.013+0000] {logging_mixin.py:190} INFO - [2026-05-28T08:58:57.012+0000] {dag.py:4180} INFO - Setting next_dagrun for example_branch_operator to 2026-05-27 00:00:00+00:00, run_after=2026-05-28 00:00:00+00:00
[2026-05-28T08:58:57.065+0000] {processor.py:208} INFO - Processing /home/airflow/.local/lib/python3.12/site-packages/airflow/example_dags/example_branch_operator.py took 0.325 seconds
[2026-05-28T08:59:50.459+0000] {processor.py:186} INFO - Started process (PID=7302) to work on /home/airflow/.local/lib/python3.12/site-packages/airflow/example_dags/example_branch_operator.py
[2026-05-28T08:59:50.462+0000] {processor.py:914} INFO - Processing file /home/airflow/.local/lib/python3.12/site-packages/airflow/example_dags/example_branch_operator.py for tasks to queue
[2026-05-28T08:59:50.467+0000] {logging_mixin.py:190} INFO - [2026-05-28T08:59:50.466+0000] {dagbag.py:588} INFO - Filling up the DagBag from /home/airflow/.local/lib/python3.12/site-packages/airflow/example_dags/example_branch_operator.py
[2026-05-28T08:59:50.527+0000] {processor.py:925} INFO - DAG(s) 'example_branch_operator' retrieved from /home/airflow/.local/lib/python3.12/site-packages/airflow/example_dags/example_branch_operator.py
[2026-05-28T08:59:50.692+0000] {logging_mixin.py:190} INFO - [2026-05-28T08:59:50.691+0000] {dag.py:3239} INFO - Sync 1 DAGs
[2026-05-28T08:59:50.812+0000] {logging_mixin.py:190} INFO - [2026-05-28T08:59:50.811+0000] {dag.py:4180} INFO - Setting next_dagrun for example_branch_operator to 2026-05-27 00:00:00+00:00, run_after=2026-05-28 00:00:00+00:00
[2026-05-28T08:59:50.877+0000] {processor.py:208} INFO - Processing /home/airflow/.local/lib/python3.12/site-packages/airflow/example_dags/example_branch_operator.py took 0.434 seconds
[2026-05-28T09:00:46.065+0000] {processor.py:186} INFO - Started process (PID=7364) to work on /home/airflow/.local/lib/python3.12/site-packages/airflow/example_dags/example_branch_operator.py
[2026-05-28T09:00:46.068+0000] {processor.py:914} INFO - Processing file /home/airflow/.local/lib/python3.12/site-packages/airflow/example_dags/example_branch_operator.py for tasks to queue
[2026-05-28T09:00:46.072+0000] {logging_mixin.py:190} INFO - [2026-05-28T09:00:46.071+0000] {dagbag.py:588} INFO - Filling up the DagBag from /home/airflow/.local/lib/python3.12/site-packages/airflow/example_dags/example_branch_operator.py
[2026-05-28T09:00:46.162+0000] {processor.py:925} INFO - DAG(s) 'example_branch_operator' retrieved from /home/airflow/.local/lib/python3.12/site-packages/airflow/example_dags/example_branch_operator.py
[2026-05-28T09:00:46.251+0000] {logging_mixin.py:190} INFO - [2026-05-28T09:00:46.251+0000] {dag.py:3239} INFO - Sync 1 DAGs
[2026-05-28T09:00:46.325+0000] {logging_mixin.py:190} INFO - [2026-05-28T09:00:46.324+0000] {dag.py:4180} INFO - Setting next_dagrun for example_branch_operator to 2026-05-27 00:00:00+00:00, run_after=2026-05-28 00:00:00+00:00
[2026-05-28T09:00:46.406+0000] {processor.py:208} INFO - Processing /home/airflow/.local/lib/python3.12/site-packages/airflow/example_dags/example_branch_operator.py took 0.358 seconds
[2026-05-28T09:02:10.858+0000] {processor.py:186} INFO - Started process (PID=7445) to work on /home/airflow/.local/lib/python3.12/site-packages/airflow/example_dags/example_branch_operator.py
[2026-05-28T09:02:10.861+0000] {processor.py:914} INFO - Processing file /home/airflow/.local/lib/python3.12/site-packages/airflow/example_dags/example_branch_operator.py for tasks to queue
[2026-05-28T09:02:10.866+0000] {logging_mixin.py:190} INFO - [2026-05-28T09:02:10.865+0000] {dagbag.py:588} INFO - Filling up the DagBag from /home/airflow/.local/lib/python3.12/site-packages/airflow/example_dags/example_branch_operator.py
[2026-05-28T09:02:10.931+0000] {processor.py:925} INFO - DAG(s) 'example_branch_operator' retrieved from /home/airflow/.local/lib/python3.12/site-packages/airflow/example_dags/example_branch_operator.py
[2026-05-28T09:02:11.043+0000] {logging_mixin.py:190} INFO - [2026-05-28T09:02:11.042+0000] {dag.py:3239} INFO - Sync 1 DAGs
[2026-05-28T09:02:11.117+0000] {logging_mixin.py:190} INFO - [2026-05-28T09:02:11.116+0000] {dag.py:4180} INFO - Setting next_dagrun for example_branch_operator to 2026-05-27 00:00:00+00:00, run_after=2026-05-28 00:00:00+00:00
[2026-05-28T09:02:11.184+0000] {processor.py:208} INFO - Processing /home/airflow/.local/lib/python3.12/site-packages/airflow/example_dags/example_branch_operator.py took 0.344 seconds
[2026-05-28T09:03:10.240+0000] {processor.py:186} INFO - Started process (PID=7529) to work on /home/airflow/.local/lib/python3.12/site-packages/airflow/example_dags/example_branch_operator.py
[2026-05-28T09:03:10.243+0000] {processor.py:914} INFO - Processing file /home/airflow/.local/lib/python3.12/site-packages/airflow/example_dags/example_branch_operator.py for tasks to queue
[2026-05-28T09:03:10.246+0000] {logging_mixin.py:190} INFO - [2026-05-28T09:03:10.245+0000] {dagbag.py:588} INFO - Filling up the DagBag from /home/airflow/.local/lib/python3.12/site-packages/airflow/example_dags/example_branch_operator.py
[2026-05-28T09:03:10.297+0000] {processor.py:925} INFO - DAG(s) 'example_branch_operator' retrieved from /home/airflow/.local/lib/python3.12/site-packages/airflow/example_dags/example_branch_operator.py
[2026-05-28T09:03:10.380+0000] {logging_mixin.py:190} INFO - [2026-05-28T09:03:10.380+0000] {dag.py:3239} INFO - Sync 1 DAGs
[2026-05-28T09:03:10.443+0000] {logging_mixin.py:190} INFO - [2026-05-28T09:03:10.442+0000] {dag.py:4180} INFO - Setting next_dagrun for example_branch_operator to 2026-05-27 00:00:00+00:00, run_after=2026-05-28 00:00:00+00:00
[2026-05-28T09:03:10.487+0000] {processor.py:208} INFO - Processing /home/airflow/.local/lib/python3.12/site-packages/airflow/example_dags/example_branch_operator.py took 0.266 seconds
[2026-05-28T09:03:56.636+0000] {processor.py:186} INFO - Started process (PID=7601) to work on /home/airflow/.local/lib/python3.12/site-packages/airflow/example_dags/example_branch_operator.py
[2026-05-28T09:03:56.640+0000] {processor.py:914} INFO - Processing file /home/airflow/.local/lib/python3.12/site-packages/airflow/example_dags/example_branch_operator.py for tasks to queue
[2026-05-28T09:03:56.643+0000] {logging_mixin.py:190} INFO - [2026-05-28T09:03:56.642+0000] {dagbag.py:588} INFO - Filling up the DagBag from /home/airflow/.local/lib/python3.12/site-packages/airflow/example_dags/example_branch_operator.py
[2026-05-28T09:03:56.687+0000] {processor.py:925} INFO - DAG(s) 'example_branch_operator' retrieved from /home/airflow/.local/lib/python3.12/site-packages/airflow/example_dags/example_branch_operator.py
[2026-05-28T09:03:56.779+0000] {logging_mixin.py:190} INFO - [2026-05-28T09:03:56.779+0000] {dag.py:3239} INFO - Sync 1 DAGs
[2026-05-28T09:03:56.852+0000] {logging_mixin.py:190} INFO - [2026-05-28T09:03:56.851+0000] {dag.py:4180} INFO - Setting next_dagrun for example_branch_operator to 2026-05-27 00:00:00+00:00, run_after=2026-05-28 00:00:00+00:00
[2026-05-28T09:03:56.914+0000] {processor.py:208} INFO - Processing /home/airflow/.local/lib/python3.12/site-packages/airflow/example_dags/example_branch_operator.py took 0.296 seconds
[2026-05-28T09:04:49.101+0000] {processor.py:186} INFO - Started process (PID=7673) to work on /home/airflow/.local/lib/python3.12/site-packages/airflow/example_dags/example_branch_operator.py
[2026-05-28T09:04:49.103+0000] {processor.py:914} INFO - Processing file /home/airflow/.local/lib/python3.12/site-packages/airflow/example_dags/example_branch_operator.py for tasks to queue
[2026-05-28T09:04:49.106+0000] {logging_mixin.py:190} INFO - [2026-05-28T09:04:49.106+0000] {dagbag.py:588} INFO - Filling up the DagBag from /home/airflow/.local/lib/python3.12/site-packages/airflow/example_dags/example_branch_operator.py
[2026-05-28T09:04:49.149+0000] {processor.py:925} INFO - DAG(s) 'example_branch_operator' retrieved from /home/airflow/.local/lib/python3.12/site-packages/airflow/example_dags/example_branch_operator.py
[2026-05-28T09:04:49.235+0000] {logging_mixin.py:190} INFO - [2026-05-28T09:04:49.235+0000] {dag.py:3239} INFO - Sync 1 DAGs
[2026-05-28T09:04:49.300+0000] {logging_mixin.py:190} INFO - [2026-05-28T09:04:49.300+0000] {dag.py:4180} INFO - Setting next_dagrun for example_branch_operator to 2026-05-27 00:00:00+00:00, run_after=2026-05-28 00:00:00+00:00
[2026-05-28T09:04:49.355+0000] {processor.py:208} INFO - Processing /home/airflow/.local/lib/python3.12/site-packages/airflow/example_dags/example_branch_operator.py took 0.272 seconds
[2026-05-28T09:05:40.915+0000] {processor.py:186} INFO - Started process (PID=7740) to work on /home/airflow/.local/lib/python3.12/site-packages/airflow/example_dags/example_branch_operator.py
[2026-05-28T09:05:40.918+0000] {processor.py:914} INFO - Processing file /home/airflow/.local/lib/python3.12/site-packages/airflow/example_dags/example_branch_operator.py for tasks to queue
[2026-05-28T09:05:40.923+0000] {logging_mixin.py:190} INFO - [2026-05-28T09:05:40.922+0000] {dagbag.py:588} INFO - Filling up the DagBag from /home/airflow/.local/lib/python3.12/site-packages/airflow/example_dags/example_branch_operator.py
[2026-05-28T09:05:40.994+0000] {processor.py:925} INFO - DAG(s) 'example_branch_operator' retrieved from /home/airflow/.local/lib/python3.12/site-packages/airflow/example_dags/example_branch_operator.py
[2026-05-28T09:05:41.097+0000] {logging_mixin.py:190} INFO - [2026-05-28T09:05:41.096+0000] {dag.py:3239} INFO - Sync 1 DAGs
[2026-05-28T09:05:41.178+0000] {logging_mixin.py:190} INFO - [2026-05-28T09:05:41.178+0000] {dag.py:4180} INFO - Setting next_dagrun for example_branch_operator to 2026-05-27 00:00:00+00:00, run_after=2026-05-28 00:00:00+00:00
[2026-05-28T09:05:41.240+0000] {processor.py:208} INFO - Processing /home/airflow/.local/lib/python3.12/site-packages/airflow/example_dags/example_branch_operator.py took 0.346 seconds
[2026-05-28T09:06:38.146+0000] {processor.py:186} INFO - Started process (PID=7823) to work on /home/airflow/.local/lib/python3.12/site-packages/airflow/example_dags/example_branch_operator.py
[2026-05-28T09:06:38.149+0000] {processor.py:914} INFO - Processing file /home/airflow/.local/lib/python3.12/site-packages/airflow/example_dags/example_branch_operator.py for tasks to queue
[2026-05-28T09:06:38.153+0000] {logging_mixin.py:190} INFO - [2026-05-28T09:06:38.152+0000] {dagbag.py:588} INFO - Filling up the DagBag from /home/airflow/.local/lib/python3.12/site-packages/airflow/example_dags/example_branch_operator.py
[2026-05-28T09:06:38.205+0000] {processor.py:925} INFO - DAG(s) 'example_branch_operator' retrieved from /home/airflow/.local/lib/python3.12/site-packages/airflow/example_dags/example_branch_operator.py
[2026-05-28T09:06:38.298+0000] {logging_mixin.py:190} INFO - [2026-05-28T09:06:38.297+0000] {dag.py:3239} INFO - Sync 1 DAGs
[2026-05-28T09:06:38.384+0000] {logging_mixin.py:190} INFO - [2026-05-28T09:06:38.383+0000] {dag.py:4180} INFO - Setting next_dagrun for example_branch_operator to 2026-05-27 00:00:00+00:00, run_after=2026-05-28 00:00:00+00:00
[2026-05-28T09:06:38.487+0000] {processor.py:208} INFO - Processing /home/airflow/.local/lib/python3.12/site-packages/airflow/example_dags/example_branch_operator.py took 0.360 seconds
[2026-05-28T09:07:19.592+0000] {processor.py:186} INFO - Started process (PID=7890) to work on /home/airflow/.local/lib/python3.12/site-packages/airflow/example_dags/example_branch_operator.py
[2026-05-28T09:07:19.595+0000] {processor.py:914} INFO - Processing file /home/airflow/.local/lib/python3.12/site-packages/airflow/example_dags/example_branch_operator.py for tasks to queue
[2026-05-28T09:07:19.600+0000] {logging_mixin.py:190} INFO - [2026-05-28T09:07:19.599+0000] {dagbag.py:588} INFO - Filling up the DagBag from /home/airflow/.local/lib/python3.12/site-packages/airflow/example_dags/example_branch_operator.py
[2026-05-28T09:07:19.657+0000] {processor.py:925} INFO - DAG(s) 'example_branch_operator' retrieved from /home/airflow/.local/lib/python3.12/site-packages/airflow/example_dags/example_branch_operator.py
[2026-05-28T09:07:19.738+0000] {logging_mixin.py:190} INFO - [2026-05-28T09:07:19.738+0000] {dag.py:3239} INFO - Sync 1 DAGs
[2026-05-28T09:07:19.795+0000] {logging_mixin.py:190} INFO - [2026-05-28T09:07:19.795+0000] {dag.py:4180} INFO - Setting next_dagrun for example_branch_operator to 2026-05-27 00:00:00+00:00, run_after=2026-05-28 00:00:00+00:00
[2026-05-28T09:07:19.838+0000] {processor.py:208} INFO - Processing /home/airflow/.local/lib/python3.12/site-packages/airflow/example_dags/example_branch_operator.py took 0.261 seconds
[2026-05-28T09:08:07.076+0000] {processor.py:186} INFO - Started process (PID=7952) to work on /home/airflow/.local/lib/python3.12/site-packages/airflow/example_dags/example_branch_operator.py
[2026-05-28T09:08:07.079+0000] {processor.py:914} INFO - Processing file /home/airflow/.local/lib/python3.12/site-packages/airflow/example_dags/example_branch_operator.py for tasks to queue
[2026-05-28T09:08:07.083+0000] {logging_mixin.py:190} INFO - [2026-05-28T09:08:07.082+0000] {dagbag.py:588} INFO - Filling up the DagBag from /home/airflow/.local/lib/python3.12/site-packages/airflow/example_dags/example_branch_operator.py
[2026-05-28T09:08:07.131+0000] {processor.py:925} INFO - DAG(s) 'example_branch_operator' retrieved from /home/airflow/.local/lib/python3.12/site-packages/airflow/example_dags/example_branch_operator.py
[2026-05-28T09:08:07.209+0000] {logging_mixin.py:190} INFO - [2026-05-28T09:08:07.209+0000] {dag.py:3239} INFO - Sync 1 DAGs
[2026-05-28T09:08:07.275+0000] {logging_mixin.py:190} INFO - [2026-05-28T09:08:07.274+0000] {dag.py:4180} INFO - Setting next_dagrun for example_branch_operator to 2026-05-27 00:00:00+00:00, run_after=2026-05-28 00:00:00+00:00
[2026-05-28T09:08:07.316+0000] {processor.py:208} INFO - Processing /home/airflow/.local/lib/python3.12/site-packages/airflow/example_dags/example_branch_operator.py took 0.254 seconds
[2026-05-28T09:08:55.653+0000] {processor.py:186} INFO - Started process (PID=8019) to work on /home/airflow/.local/lib/python3.12/site-packages/airflow/example_dags/example_branch_operator.py
[2026-05-28T09:08:55.661+0000] {processor.py:914} INFO - Processing file /home/airflow/.local/lib/python3.12/site-packages/airflow/example_dags/example_branch_operator.py for tasks to queue
[2026-05-28T09:08:55.666+0000] {logging_mixin.py:190} INFO - [2026-05-28T09:08:55.665+0000] {dagbag.py:588} INFO - Filling up the DagBag from /home/airflow/.local/lib/python3.12/site-packages/airflow/example_dags/example_branch_operator.py
[2026-05-28T09:08:55.785+0000] {processor.py:925} INFO - DAG(s) 'example_branch_operator' retrieved from /home/airflow/.local/lib/python3.12/site-packages/airflow/example_dags/example_branch_operator.py
[2026-05-28T09:08:55.926+0000] {logging_mixin.py:190} INFO - [2026-05-28T09:08:55.925+0000] {dag.py:3239} INFO - Sync 1 DAGs
[2026-05-28T09:08:56.042+0000] {logging_mixin.py:190} INFO - [2026-05-28T09:08:56.042+0000] {dag.py:4180} INFO - Setting next_dagrun for example_branch_operator to 2026-05-27 00:00:00+00:00, run_after=2026-05-28 00:00:00+00:00
[2026-05-28T09:08:56.112+0000] {processor.py:208} INFO - Processing /home/airflow/.local/lib/python3.12/site-packages/airflow/example_dags/example_branch_operator.py took 0.494 seconds
[2026-05-28T09:09:41.926+0000] {processor.py:186} INFO - Started process (PID=8064) to work on /home/airflow/.local/lib/python3.12/site-packages/airflow/example_dags/example_branch_operator.py
[2026-05-28T09:09:41.932+0000] {processor.py:914} INFO - Processing file /home/airflow/.local/lib/python3.12/site-packages/airflow/example_dags/example_branch_operator.py for tasks to queue
[2026-05-28T09:09:41.937+0000] {logging_mixin.py:190} INFO - [2026-05-28T09:09:41.935+0000] {dagbag.py:588} INFO - Filling up the DagBag from /home/airflow/.local/lib/python3.12/site-packages/airflow/example_dags/example_branch_operator.py
[2026-05-28T09:09:42.004+0000] {processor.py:925} INFO - DAG(s) 'example_branch_operator' retrieved from /home/airflow/.local/lib/python3.12/site-packages/airflow/example_dags/example_branch_operator.py
[2026-05-28T09:09:42.120+0000] {logging_mixin.py:190} INFO - [2026-05-28T09:09:42.119+0000] {dag.py:3239} INFO - Sync 1 DAGs
[2026-05-28T09:09:42.224+0000] {logging_mixin.py:190} INFO - [2026-05-28T09:09:42.224+0000] {dag.py:4180} INFO - Setting next_dagrun for example_branch_operator to 2026-05-27 00:00:00+00:00, run_after=2026-05-28 00:00:00+00:00
[2026-05-28T09:09:42.282+0000] {processor.py:208} INFO - Processing /home/airflow/.local/lib/python3.12/site-packages/airflow/example_dags/example_branch_operator.py took 0.378 seconds
[2026-05-28T09:10:13.255+0000] {processor.py:186} INFO - Started process (PID=8126) to work on /home/airflow/.local/lib/python3.12/site-packages/airflow/example_dags/example_branch_operator.py
[2026-05-28T09:10:13.258+0000] {processor.py:914} INFO - Processing file /home/airflow/.local/lib/python3.12/site-packages/airflow/example_dags/example_branch_operator.py for tasks to queue
[2026-05-28T09:10:13.261+0000] {logging_mixin.py:190} INFO - [2026-05-28T09:10:13.260+0000] {dagbag.py:588} INFO - Filling up the DagBag from /home/airflow/.local/lib/python3.12/site-packages/airflow/example_dags/example_branch_operator.py
[2026-05-28T09:10:13.312+0000] {processor.py:925} INFO - DAG(s) 'example_branch_operator' retrieved from /home/airflow/.local/lib/python3.12/site-packages/airflow/example_dags/example_branch_operator.py
[2026-05-28T09:10:13.387+0000] {logging_mixin.py:190} INFO - [2026-05-28T09:10:13.386+0000] {dag.py:3239} INFO - Sync 1 DAGs
[2026-05-28T09:10:13.441+0000] {logging_mixin.py:190} INFO - [2026-05-28T09:10:13.441+0000] {dag.py:4180} INFO - Setting next_dagrun for example_branch_operator to 2026-05-27 00:00:00+00:00, run_after=2026-05-28 00:00:00+00:00
[2026-05-28T09:10:13.507+0000] {processor.py:208} INFO - Processing /home/airflow/.local/lib/python3.12/site-packages/airflow/example_dags/example_branch_operator.py took 0.270 seconds
[2026-05-28T09:10:55.545+0000] {processor.py:186} INFO - Started process (PID=8190) to work on /home/airflow/.local/lib/python3.12/site-packages/airflow/example_dags/example_branch_operator.py
[2026-05-28T09:10:55.548+0000] {processor.py:914} INFO - Processing file /home/airflow/.local/lib/python3.12/site-packages/airflow/example_dags/example_branch_operator.py for tasks to queue
[2026-05-28T09:10:55.553+0000] {logging_mixin.py:190} INFO - [2026-05-28T09:10:55.552+0000] {dagbag.py:588} INFO - Filling up the DagBag from /home/airflow/.local/lib/python3.12/site-packages/airflow/example_dags/example_branch_operator.py
[2026-05-28T09:10:55.658+0000] {processor.py:925} INFO - DAG(s) 'example_branch_operator' retrieved from /home/airflow/.local/lib/python3.12/site-packages/airflow/example_dags/example_branch_operator.py
[2026-05-28T09:10:55.830+0000] {logging_mixin.py:190} INFO - [2026-05-28T09:10:55.828+0000] {dag.py:3239} INFO - Sync 1 DAGs
[2026-05-28T09:10:55.953+0000] {logging_mixin.py:190} INFO - [2026-05-28T09:10:55.945+0000] {dag.py:4180} INFO - Setting next_dagrun for example_branch_operator to 2026-05-27 00:00:00+00:00, run_after=2026-05-28 00:00:00+00:00
[2026-05-28T09:10:56.130+0000] {processor.py:208} INFO - Processing /home/airflow/.local/lib/python3.12/site-packages/airflow/example_dags/example_branch_operator.py took 0.602 seconds
[2026-05-28T09:11:41.580+0000] {processor.py:186} INFO - Started process (PID=8248) to work on /home/airflow/.local/lib/python3.12/site-packages/airflow/example_dags/example_branch_operator.py
[2026-05-28T09:11:41.583+0000] {processor.py:914} INFO - Processing file /home/airflow/.local/lib/python3.12/site-packages/airflow/example_dags/example_branch_operator.py for tasks to queue
[2026-05-28T09:11:41.588+0000] {logging_mixin.py:190} INFO - [2026-05-28T09:11:41.587+0000] {dagbag.py:588} INFO - Filling up the DagBag from /home/airflow/.local/lib/python3.12/site-packages/airflow/example_dags/example_branch_operator.py
[2026-05-28T09:11:41.656+0000] {processor.py:925} INFO - DAG(s) 'example_branch_operator' retrieved from /home/airflow/.local/lib/python3.12/site-packages/airflow/example_dags/example_branch_operator.py
[2026-05-28T09:11:41.756+0000] {logging_mixin.py:190} INFO - [2026-05-28T09:11:41.755+0000] {dag.py:3239} INFO - Sync 1 DAGs
[2026-05-28T09:11:41.830+0000] {logging_mixin.py:190} INFO - [2026-05-28T09:11:41.829+0000] {dag.py:4180} INFO - Setting next_dagrun for example_branch_operator to 2026-05-27 00:00:00+00:00, run_after=2026-05-28 00:00:00+00:00
[2026-05-28T09:11:41.911+0000] {processor.py:208} INFO - Processing /home/airflow/.local/lib/python3.12/site-packages/airflow/example_dags/example_branch_operator.py took 0.352 seconds
[2026-05-28T09:12:17.363+0000] {processor.py:186} INFO - Started process (PID=8315) to work on /home/airflow/.local/lib/python3.12/site-packages/airflow/example_dags/example_branch_operator.py
[2026-05-28T09:12:17.367+0000] {processor.py:914} INFO - Processing file /home/airflow/.local/lib/python3.12/site-packages/airflow/example_dags/example_branch_operator.py for tasks to queue
[2026-05-28T09:12:17.371+0000] {logging_mixin.py:190} INFO - [2026-05-28T09:12:17.370+0000] {dagbag.py:588} INFO - Filling up the DagBag from /home/airflow/.local/lib/python3.12/site-packages/airflow/example_dags/example_branch_operator.py
[2026-05-28T09:12:17.423+0000] {processor.py:925} INFO - DAG(s) 'example_branch_operator' retrieved from /home/airflow/.local/lib/python3.12/site-packages/airflow/example_dags/example_branch_operator.py
[2026-05-28T09:12:17.511+0000] {logging_mixin.py:190} INFO - [2026-05-28T09:12:17.510+0000] {dag.py:3239} INFO - Sync 1 DAGs
[2026-05-28T09:12:17.583+0000] {logging_mixin.py:190} INFO - [2026-05-28T09:12:17.582+0000] {dag.py:4180} INFO - Setting next_dagrun for example_branch_operator to 2026-05-27 00:00:00+00:00, run_after=2026-05-28 00:00:00+00:00
[2026-05-28T09:12:17.636+0000] {processor.py:208} INFO - Processing /home/airflow/.local/lib/python3.12/site-packages/airflow/example_dags/example_branch_operator.py took 0.291 seconds
[2026-05-28T09:13:09.704+0000] {processor.py:186} INFO - Started process (PID=8385) to work on /home/airflow/.local/lib/python3.12/site-packages/airflow/example_dags/example_branch_operator.py
[2026-05-28T09:13:09.707+0000] {processor.py:914} INFO - Processing file /home/airflow/.local/lib/python3.12/site-packages/airflow/example_dags/example_branch_operator.py for tasks to queue
[2026-05-28T09:13:09.711+0000] {logging_mixin.py:190} INFO - [2026-05-28T09:13:09.710+0000] {dagbag.py:588} INFO - Filling up the DagBag from /home/airflow/.local/lib/python3.12/site-packages/airflow/example_dags/example_branch_operator.py
[2026-05-28T09:13:09.752+0000] {processor.py:925} INFO - DAG(s) 'example_branch_operator' retrieved from /home/airflow/.local/lib/python3.12/site-packages/airflow/example_dags/example_branch_operator.py
[2026-05-28T09:13:09.838+0000] {logging_mixin.py:190} INFO - [2026-05-28T09:13:09.837+0000] {dag.py:3239} INFO - Sync 1 DAGs
[2026-05-28T09:13:09.899+0000] {logging_mixin.py:190} INFO - [2026-05-28T09:13:09.899+0000] {dag.py:4180} INFO - Setting next_dagrun for example_branch_operator to 2026-05-27 00:00:00+00:00, run_after=2026-05-28 00:00:00+00:00
[2026-05-28T09:13:09.950+0000] {processor.py:208} INFO - Processing /home/airflow/.local/lib/python3.12/site-packages/airflow/example_dags/example_branch_operator.py took 0.261 seconds
[2026-05-28T09:14:26.458+0000] {processor.py:186} INFO - Started process (PID=8452) to work on /home/airflow/.local/lib/python3.12/site-packages/airflow/example_dags/example_branch_operator.py
[2026-05-28T09:14:26.461+0000] {processor.py:914} INFO - Processing file /home/airflow/.local/lib/python3.12/site-packages/airflow/example_dags/example_branch_operator.py for tasks to queue
[2026-05-28T09:14:26.465+0000] {logging_mixin.py:190} INFO - [2026-05-28T09:14:26.464+0000] {dagbag.py:588} INFO - Filling up the DagBag from /home/airflow/.local/lib/python3.12/site-packages/airflow/example_dags/example_branch_operator.py
[2026-05-28T09:14:26.512+0000] {processor.py:925} INFO - DAG(s) 'example_branch_operator' retrieved from /home/airflow/.local/lib/python3.12/site-packages/airflow/example_dags/example_branch_operator.py
[2026-05-28T09:14:26.594+0000] {logging_mixin.py:190} INFO - [2026-05-28T09:14:26.594+0000] {dag.py:3239} INFO - Sync 1 DAGs
[2026-05-28T09:14:26.662+0000] {logging_mixin.py:190} INFO - [2026-05-28T09:14:26.661+0000] {dag.py:4180} INFO - Setting next_dagrun for example_branch_operator to 2026-05-27 00:00:00+00:00, run_after=2026-05-28 00:00:00+00:00
[2026-05-28T09:14:26.716+0000] {processor.py:208} INFO - Processing /home/airflow/.local/lib/python3.12/site-packages/airflow/example_dags/example_branch_operator.py took 0.275 seconds
[2026-05-28T09:15:30.676+0000] {processor.py:186} INFO - Started process (PID=8538) to work on /home/airflow/.local/lib/python3.12/site-packages/airflow/example_dags/example_branch_operator.py
[2026-05-28T09:15:30.680+0000] {processor.py:914} INFO - Processing file /home/airflow/.local/lib/python3.12/site-packages/airflow/example_dags/example_branch_operator.py for tasks to queue
[2026-05-28T09:15:30.684+0000] {logging_mixin.py:190} INFO - [2026-05-28T09:15:30.683+0000] {dagbag.py:588} INFO - Filling up the DagBag from /home/airflow/.local/lib/python3.12/site-packages/airflow/example_dags/example_branch_operator.py
[2026-05-28T09:15:30.748+0000] {processor.py:925} INFO - DAG(s) 'example_branch_operator' retrieved from /home/airflow/.local/lib/python3.12/site-packages/airflow/example_dags/example_branch_operator.py
[2026-05-28T09:15:30.829+0000] {logging_mixin.py:190} INFO - [2026-05-28T09:15:30.828+0000] {dag.py:3239} INFO - Sync 1 DAGs
[2026-05-28T09:15:30.896+0000] {logging_mixin.py:190} INFO - [2026-05-28T09:15:30.895+0000] {dag.py:4180} INFO - Setting next_dagrun for example_branch_operator to 2026-05-27 00:00:00+00:00, run_after=2026-05-28 00:00:00+00:00
[2026-05-28T09:15:30.944+0000] {processor.py:208} INFO - Processing /home/airflow/.local/lib/python3.12/site-packages/airflow/example_dags/example_branch_operator.py took 0.286 seconds
[2026-05-28T09:16:42.951+0000] {processor.py:186} INFO - Started process (PID=8609) to work on /home/airflow/.local/lib/python3.12/site-packages/airflow/example_dags/example_branch_operator.py
[2026-05-28T09:16:42.953+0000] {processor.py:914} INFO - Processing file /home/airflow/.local/lib/python3.12/site-packages/airflow/example_dags/example_branch_operator.py for tasks to queue
[2026-05-28T09:16:42.957+0000] {logging_mixin.py:190} INFO - [2026-05-28T09:16:42.956+0000] {dagbag.py:588} INFO - Filling up the DagBag from /home/airflow/.local/lib/python3.12/site-packages/airflow/example_dags/example_branch_operator.py
[2026-05-28T09:16:43.007+0000] {processor.py:925} INFO - DAG(s) 'example_branch_operator' retrieved from /home/airflow/.local/lib/python3.12/site-packages/airflow/example_dags/example_branch_operator.py
[2026-05-28T09:16:43.082+0000] {logging_mixin.py:190} INFO - [2026-05-28T09:16:43.081+0000] {dag.py:3239} INFO - Sync 1 DAGs
[2026-05-28T09:16:43.140+0000] {logging_mixin.py:190} INFO - [2026-05-28T09:16:43.140+0000] {dag.py:4180} INFO - Setting next_dagrun for example_branch_operator to 2026-05-27 00:00:00+00:00, run_after=2026-05-28 00:00:00+00:00
[2026-05-28T09:16:43.184+0000] {processor.py:208} INFO - Processing /home/airflow/.local/lib/python3.12/site-packages/airflow/example_dags/example_branch_operator.py took 0.248 seconds
[2026-05-28T09:17:46.737+0000] {processor.py:186} INFO - Started process (PID=8697) to work on /home/airflow/.local/lib/python3.12/site-packages/airflow/example_dags/example_branch_operator.py
[2026-05-28T09:17:46.741+0000] {processor.py:914} INFO - Processing file /home/airflow/.local/lib/python3.12/site-packages/airflow/example_dags/example_branch_operator.py for tasks to queue
[2026-05-28T09:17:46.747+0000] {logging_mixin.py:190} INFO - [2026-05-28T09:17:46.745+0000] {dagbag.py:588} INFO - Filling up the DagBag from /home/airflow/.local/lib/python3.12/site-packages/airflow/example_dags/example_branch_operator.py
[2026-05-28T09:17:46.806+0000] {processor.py:925} INFO - DAG(s) 'example_branch_operator' retrieved from /home/airflow/.local/lib/python3.12/site-packages/airflow/example_dags/example_branch_operator.py
[2026-05-28T09:17:46.897+0000] {logging_mixin.py:190} INFO - [2026-05-28T09:17:46.896+0000] {dag.py:3239} INFO - Sync 1 DAGs
[2026-05-28T09:17:46.975+0000] {logging_mixin.py:190} INFO - [2026-05-28T09:17:46.974+0000] {dag.py:4180} INFO - Setting next_dagrun for example_branch_operator to 2026-05-27 00:00:00+00:00, run_after=2026-05-28 00:00:00+00:00
[2026-05-28T09:17:47.049+0000] {processor.py:208} INFO - Processing /home/airflow/.local/lib/python3.12/site-packages/airflow/example_dags/example_branch_operator.py took 0.332 seconds
[2026-05-28T09:19:06.331+0000] {processor.py:186} INFO - Started process (PID=8792) to work on /home/airflow/.local/lib/python3.12/site-packages/airflow/example_dags/example_branch_operator.py
[2026-05-28T09:19:06.333+0000] {processor.py:914} INFO - Processing file /home/airflow/.local/lib/python3.12/site-packages/airflow/example_dags/example_branch_operator.py for tasks to queue
[2026-05-28T09:19:06.336+0000] {logging_mixin.py:190} INFO - [2026-05-28T09:19:06.335+0000] {dagbag.py:588} INFO - Filling up the DagBag from /home/airflow/.local/lib/python3.12/site-packages/airflow/example_dags/example_branch_operator.py
[2026-05-28T09:19:06.383+0000] {processor.py:925} INFO - DAG(s) 'example_branch_operator' retrieved from /home/airflow/.local/lib/python3.12/site-packages/airflow/example_dags/example_branch_operator.py
[2026-05-28T09:19:06.466+0000] {logging_mixin.py:190} INFO - [2026-05-28T09:19:06.465+0000] {dag.py:3239} INFO - Sync 1 DAGs
[2026-05-28T09:19:06.534+0000] {logging_mixin.py:190} INFO - [2026-05-28T09:19:06.533+0000] {dag.py:4180} INFO - Setting next_dagrun for example_branch_operator to 2026-05-27 00:00:00+00:00, run_after=2026-05-28 00:00:00+00:00
[2026-05-28T09:19:06.581+0000] {processor.py:208} INFO - Processing /home/airflow/.local/lib/python3.12/site-packages/airflow/example_dags/example_branch_operator.py took 0.266 seconds
[2026-05-28T09:20:01.486+0000] {processor.py:186} INFO - Started process (PID=8882) to work on /home/airflow/.local/lib/python3.12/site-packages/airflow/example_dags/example_branch_operator.py
[2026-05-28T09:20:01.488+0000] {processor.py:914} INFO - Processing file /home/airflow/.local/lib/python3.12/site-packages/airflow/example_dags/example_branch_operator.py for tasks to queue
[2026-05-28T09:20:01.493+0000] {logging_mixin.py:190} INFO - [2026-05-28T09:20:01.492+0000] {dagbag.py:588} INFO - Filling up the DagBag from /home/airflow/.local/lib/python3.12/site-packages/airflow/example_dags/example_branch_operator.py
[2026-05-28T09:20:01.546+0000] {processor.py:925} INFO - DAG(s) 'example_branch_operator' retrieved from /home/airflow/.local/lib/python3.12/site-packages/airflow/example_dags/example_branch_operator.py
[2026-05-28T09:20:01.645+0000] {logging_mixin.py:190} INFO - [2026-05-28T09:20:01.645+0000] {dag.py:3239} INFO - Sync 1 DAGs
[2026-05-28T09:20:01.704+0000] {logging_mixin.py:190} INFO - [2026-05-28T09:20:01.703+0000] {dag.py:4180} INFO - Setting next_dagrun for example_branch_operator to 2026-05-27 00:00:00+00:00, run_after=2026-05-28 00:00:00+00:00
[2026-05-28T09:20:01.749+0000] {processor.py:208} INFO - Processing /home/airflow/.local/lib/python3.12/site-packages/airflow/example_dags/example_branch_operator.py took 0.278 seconds
[2026-05-28T09:20:56.040+0000] {processor.py:186} INFO - Started process (PID=8951) to work on /home/airflow/.local/lib/python3.12/site-packages/airflow/example_dags/example_branch_operator.py
[2026-05-28T09:20:56.043+0000] {processor.py:914} INFO - Processing file /home/airflow/.local/lib/python3.12/site-packages/airflow/example_dags/example_branch_operator.py for tasks to queue
[2026-05-28T09:20:56.050+0000] {logging_mixin.py:190} INFO - [2026-05-28T09:20:56.049+0000] {dagbag.py:588} INFO - Filling up the DagBag from /home/airflow/.local/lib/python3.12/site-packages/airflow/example_dags/example_branch_operator.py
[2026-05-28T09:20:56.133+0000] {processor.py:925} INFO - DAG(s) 'example_branch_operator' retrieved from /home/airflow/.local/lib/python3.12/site-packages/airflow/example_dags/example_branch_operator.py
[2026-05-28T09:20:56.247+0000] {logging_mixin.py:190} INFO - [2026-05-28T09:20:56.246+0000] {dag.py:3239} INFO - Sync 1 DAGs
[2026-05-28T09:20:56.317+0000] {logging_mixin.py:190} INFO - [2026-05-28T09:20:56.316+0000] {dag.py:4180} INFO - Setting next_dagrun for example_branch_operator to 2026-05-27 00:00:00+00:00, run_after=2026-05-28 00:00:00+00:00
[2026-05-28T09:20:56.368+0000] {processor.py:208} INFO - Processing /home/airflow/.local/lib/python3.12/site-packages/airflow/example_dags/example_branch_operator.py took 0.350 seconds
[2026-05-28T09:21:43.855+0000] {processor.py:186} INFO - Started process (PID=9014) to work on /home/airflow/.local/lib/python3.12/site-packages/airflow/example_dags/example_branch_operator.py
[2026-05-28T09:21:43.859+0000] {processor.py:914} INFO - Processing file /home/airflow/.local/lib/python3.12/site-packages/airflow/example_dags/example_branch_operator.py for tasks to queue
[2026-05-28T09:21:43.863+0000] {logging_mixin.py:190} INFO - [2026-05-28T09:21:43.862+0000] {dagbag.py:588} INFO - Filling up the DagBag from /home/airflow/.local/lib/python3.12/site-packages/airflow/example_dags/example_branch_operator.py
[2026-05-28T09:21:43.919+0000] {processor.py:925} INFO - DAG(s) 'example_branch_operator' retrieved from /home/airflow/.local/lib/python3.12/site-packages/airflow/example_dags/example_branch_operator.py
[2026-05-28T09:21:43.998+0000] {logging_mixin.py:190} INFO - [2026-05-28T09:21:43.998+0000] {dag.py:3239} INFO - Sync 1 DAGs
[2026-05-28T09:21:44.055+0000] {logging_mixin.py:190} INFO - [2026-05-28T09:21:44.054+0000] {dag.py:4180} INFO - Setting next_dagrun for example_branch_operator to 2026-05-27 00:00:00+00:00, run_after=2026-05-28 00:00:00+00:00
[2026-05-28T09:21:44.100+0000] {processor.py:208} INFO - Processing /home/airflow/.local/lib/python3.12/site-packages/airflow/example_dags/example_branch_operator.py took 0.262 seconds
[2026-05-28T09:22:38.627+0000] {processor.py:186} INFO - Started process (PID=9108) to work on /home/airflow/.local/lib/python3.12/site-packages/airflow/example_dags/example_branch_operator.py
[2026-05-28T09:22:38.632+0000] {processor.py:914} INFO - Processing file /home/airflow/.local/lib/python3.12/site-packages/airflow/example_dags/example_branch_operator.py for tasks to queue
[2026-05-28T09:22:38.636+0000] {logging_mixin.py:190} INFO - [2026-05-28T09:22:38.635+0000] {dagbag.py:588} INFO - Filling up the DagBag from /home/airflow/.local/lib/python3.12/site-packages/airflow/example_dags/example_branch_operator.py
[2026-05-28T09:22:38.707+0000] {processor.py:925} INFO - DAG(s) 'example_branch_operator' retrieved from /home/airflow/.local/lib/python3.12/site-packages/airflow/example_dags/example_branch_operator.py
[2026-05-28T09:22:38.813+0000] {logging_mixin.py:190} INFO - [2026-05-28T09:22:38.812+0000] {dag.py:3239} INFO - Sync 1 DAGs
[2026-05-28T09:22:38.908+0000] {logging_mixin.py:190} INFO - [2026-05-28T09:22:38.908+0000] {dag.py:4180} INFO - Setting next_dagrun for example_branch_operator to 2026-05-27 00:00:00+00:00, run_after=2026-05-28 00:00:00+00:00
[2026-05-28T09:22:38.965+0000] {processor.py:208} INFO - Processing /home/airflow/.local/lib/python3.12/site-packages/airflow/example_dags/example_branch_operator.py took 0.355 seconds
[2026-05-28T09:23:32.608+0000] {processor.py:186} INFO - Started process (PID=9176) to work on /home/airflow/.local/lib/python3.12/site-packages/airflow/example_dags/example_branch_operator.py
[2026-05-28T09:23:32.611+0000] {processor.py:914} INFO - Processing file /home/airflow/.local/lib/python3.12/site-packages/airflow/example_dags/example_branch_operator.py for tasks to queue
[2026-05-28T09:23:32.614+0000] {logging_mixin.py:190} INFO - [2026-05-28T09:23:32.613+0000] {dagbag.py:588} INFO - Filling up the DagBag from /home/airflow/.local/lib/python3.12/site-packages/airflow/example_dags/example_branch_operator.py
[2026-05-28T09:23:32.657+0000] {processor.py:925} INFO - DAG(s) 'example_branch_operator' retrieved from /home/airflow/.local/lib/python3.12/site-packages/airflow/example_dags/example_branch_operator.py
[2026-05-28T09:23:32.729+0000] {logging_mixin.py:190} INFO - [2026-05-28T09:23:32.728+0000] {dag.py:3239} INFO - Sync 1 DAGs
[2026-05-28T09:23:32.780+0000] {logging_mixin.py:190} INFO - [2026-05-28T09:23:32.779+0000] {dag.py:4180} INFO - Setting next_dagrun for example_branch_operator to 2026-05-27 00:00:00+00:00, run_after=2026-05-28 00:00:00+00:00
[2026-05-28T09:23:32.824+0000] {processor.py:208} INFO - Processing /home/airflow/.local/lib/python3.12/site-packages/airflow/example_dags/example_branch_operator.py took 0.228 seconds
[2026-05-28T09:24:15.942+0000] {processor.py:186} INFO - Started process (PID=9243) to work on /home/airflow/.local/lib/python3.12/site-packages/airflow/example_dags/example_branch_operator.py
[2026-05-28T09:24:15.944+0000] {processor.py:914} INFO - Processing file /home/airflow/.local/lib/python3.12/site-packages/airflow/example_dags/example_branch_operator.py for tasks to queue
[2026-05-28T09:24:15.947+0000] {logging_mixin.py:190} INFO - [2026-05-28T09:24:15.946+0000] {dagbag.py:588} INFO - Filling up the DagBag from /home/airflow/.local/lib/python3.12/site-packages/airflow/example_dags/example_branch_operator.py
[2026-05-28T09:24:15.991+0000] {processor.py:925} INFO - DAG(s) 'example_branch_operator' retrieved from /home/airflow/.local/lib/python3.12/site-packages/airflow/example_dags/example_branch_operator.py
[2026-05-28T09:24:16.079+0000] {logging_mixin.py:190} INFO - [2026-05-28T09:24:16.078+0000] {dag.py:3239} INFO - Sync 1 DAGs
[2026-05-28T09:24:16.131+0000] {logging_mixin.py:190} INFO - [2026-05-28T09:24:16.131+0000] {dag.py:4180} INFO - Setting next_dagrun for example_branch_operator to 2026-05-27 00:00:00+00:00, run_after=2026-05-28 00:00:00+00:00
[2026-05-28T09:24:16.192+0000] {processor.py:208} INFO - Processing /home/airflow/.local/lib/python3.12/site-packages/airflow/example_dags/example_branch_operator.py took 0.263 seconds
[2026-05-28T09:25:01.029+0000] {processor.py:186} INFO - Started process (PID=9311) to work on /home/airflow/.local/lib/python3.12/site-packages/airflow/example_dags/example_branch_operator.py
[2026-05-28T09:25:01.032+0000] {processor.py:914} INFO - Processing file /home/airflow/.local/lib/python3.12/site-packages/airflow/example_dags/example_branch_operator.py for tasks to queue
[2026-05-28T09:25:01.036+0000] {logging_mixin.py:190} INFO - [2026-05-28T09:25:01.035+0000] {dagbag.py:588} INFO - Filling up the DagBag from /home/airflow/.local/lib/python3.12/site-packages/airflow/example_dags/example_branch_operator.py
[2026-05-28T09:25:01.084+0000] {processor.py:925} INFO - DAG(s) 'example_branch_operator' retrieved from /home/airflow/.local/lib/python3.12/site-packages/airflow/example_dags/example_branch_operator.py
[2026-05-28T09:25:01.154+0000] {logging_mixin.py:190} INFO - [2026-05-28T09:25:01.153+0000] {dag.py:3239} INFO - Sync 1 DAGs
[2026-05-28T09:25:01.204+0000] {logging_mixin.py:190} INFO - [2026-05-28T09:25:01.204+0000] {dag.py:4180} INFO - Setting next_dagrun for example_branch_operator to 2026-05-27 00:00:00+00:00, run_after=2026-05-28 00:00:00+00:00
[2026-05-28T09:25:01.247+0000] {processor.py:208} INFO - Processing /home/airflow/.local/lib/python3.12/site-packages/airflow/example_dags/example_branch_operator.py took 0.235 seconds
[2026-05-28T09:25:48.001+0000] {processor.py:186} INFO - Started process (PID=9408) to work on /home/airflow/.local/lib/python3.12/site-packages/airflow/example_dags/example_branch_operator.py
[2026-05-28T09:25:48.004+0000] {processor.py:914} INFO - Processing file /home/airflow/.local/lib/python3.12/site-packages/airflow/example_dags/example_branch_operator.py for tasks to queue
[2026-05-28T09:25:48.007+0000] {logging_mixin.py:190} INFO - [2026-05-28T09:25:48.006+0000] {dagbag.py:588} INFO - Filling up the DagBag from /home/airflow/.local/lib/python3.12/site-packages/airflow/example_dags/example_branch_operator.py
[2026-05-28T09:25:48.052+0000] {processor.py:925} INFO - DAG(s) 'example_branch_operator' retrieved from /home/airflow/.local/lib/python3.12/site-packages/airflow/example_dags/example_branch_operator.py
[2026-05-28T09:25:48.131+0000] {logging_mixin.py:190} INFO - [2026-05-28T09:25:48.131+0000] {dag.py:3239} INFO - Sync 1 DAGs
[2026-05-28T09:25:48.193+0000] {logging_mixin.py:190} INFO - [2026-05-28T09:25:48.192+0000] {dag.py:4180} INFO - Setting next_dagrun for example_branch_operator to 2026-05-27 00:00:00+00:00, run_after=2026-05-28 00:00:00+00:00
[2026-05-28T09:25:48.244+0000] {processor.py:208} INFO - Processing /home/airflow/.local/lib/python3.12/site-packages/airflow/example_dags/example_branch_operator.py took 0.261 seconds
[2026-05-28T09:26:36.832+0000] {processor.py:186} INFO - Started process (PID=9477) to work on /home/airflow/.local/lib/python3.12/site-packages/airflow/example_dags/example_branch_operator.py
[2026-05-28T09:26:36.835+0000] {processor.py:914} INFO - Processing file /home/airflow/.local/lib/python3.12/site-packages/airflow/example_dags/example_branch_operator.py for tasks to queue
[2026-05-28T09:26:36.839+0000] {logging_mixin.py:190} INFO - [2026-05-28T09:26:36.838+0000] {dagbag.py:588} INFO - Filling up the DagBag from /home/airflow/.local/lib/python3.12/site-packages/airflow/example_dags/example_branch_operator.py
[2026-05-28T09:26:36.893+0000] {processor.py:925} INFO - DAG(s) 'example_branch_operator' retrieved from /home/airflow/.local/lib/python3.12/site-packages/airflow/example_dags/example_branch_operator.py
[2026-05-28T09:26:36.978+0000] {logging_mixin.py:190} INFO - [2026-05-28T09:26:36.978+0000] {dag.py:3239} INFO - Sync 1 DAGs
[2026-05-28T09:26:37.045+0000] {logging_mixin.py:190} INFO - [2026-05-28T09:26:37.045+0000] {dag.py:4180} INFO - Setting next_dagrun for example_branch_operator to 2026-05-27 00:00:00+00:00, run_after=2026-05-28 00:00:00+00:00
[2026-05-28T09:26:37.094+0000] {processor.py:208} INFO - Processing /home/airflow/.local/lib/python3.12/site-packages/airflow/example_dags/example_branch_operator.py took 0.278 seconds
[2026-05-28T09:27:19.278+0000] {processor.py:186} INFO - Started process (PID=9564) to work on /home/airflow/.local/lib/python3.12/site-packages/airflow/example_dags/example_branch_operator.py
[2026-05-28T09:27:19.281+0000] {processor.py:914} INFO - Processing file /home/airflow/.local/lib/python3.12/site-packages/airflow/example_dags/example_branch_operator.py for tasks to queue
[2026-05-28T09:27:19.285+0000] {logging_mixin.py:190} INFO - [2026-05-28T09:27:19.284+0000] {dagbag.py:588} INFO - Filling up the DagBag from /home/airflow/.local/lib/python3.12/site-packages/airflow/example_dags/example_branch_operator.py
[2026-05-28T09:27:19.339+0000] {processor.py:925} INFO - DAG(s) 'example_branch_operator' retrieved from /home/airflow/.local/lib/python3.12/site-packages/airflow/example_dags/example_branch_operator.py
[2026-05-28T09:27:19.455+0000] {logging_mixin.py:190} INFO - [2026-05-28T09:27:19.455+0000] {dag.py:3239} INFO - Sync 1 DAGs
[2026-05-28T09:27:19.543+0000] {logging_mixin.py:190} INFO - [2026-05-28T09:27:19.542+0000] {dag.py:4180} INFO - Setting next_dagrun for example_branch_operator to 2026-05-27 00:00:00+00:00, run_after=2026-05-28 00:00:00+00:00
[2026-05-28T09:27:19.612+0000] {processor.py:208} INFO - Processing /home/airflow/.local/lib/python3.12/site-packages/airflow/example_dags/example_branch_operator.py took 0.352 seconds
[2026-05-28T09:28:03.739+0000] {processor.py:186} INFO - Started process (PID=9656) to work on /home/airflow/.local/lib/python3.12/site-packages/airflow/example_dags/example_branch_operator.py
[2026-05-28T09:28:03.742+0000] {processor.py:914} INFO - Processing file /home/airflow/.local/lib/python3.12/site-packages/airflow/example_dags/example_branch_operator.py for tasks to queue
[2026-05-28T09:28:03.746+0000] {logging_mixin.py:190} INFO - [2026-05-28T09:28:03.744+0000] {dagbag.py:588} INFO - Filling up the DagBag from /home/airflow/.local/lib/python3.12/site-packages/airflow/example_dags/example_branch_operator.py
[2026-05-28T09:28:03.796+0000] {processor.py:925} INFO - DAG(s) 'example_branch_operator' retrieved from /home/airflow/.local/lib/python3.12/site-packages/airflow/example_dags/example_branch_operator.py
[2026-05-28T09:28:03.894+0000] {logging_mixin.py:190} INFO - [2026-05-28T09:28:03.893+0000] {dag.py:3239} INFO - Sync 1 DAGs
[2026-05-28T09:28:03.958+0000] {logging_mixin.py:190} INFO - [2026-05-28T09:28:03.958+0000] {dag.py:4180} INFO - Setting next_dagrun for example_branch_operator to 2026-05-27 00:00:00+00:00, run_after=2026-05-28 00:00:00+00:00
[2026-05-28T09:28:04.004+0000] {processor.py:208} INFO - Processing /home/airflow/.local/lib/python3.12/site-packages/airflow/example_dags/example_branch_operator.py took 0.282 seconds
[2026-05-28T09:28:57.317+0000] {processor.py:186} INFO - Started process (PID=9724) to work on /home/airflow/.local/lib/python3.12/site-packages/airflow/example_dags/example_branch_operator.py
[2026-05-28T09:28:57.320+0000] {processor.py:914} INFO - Processing file /home/airflow/.local/lib/python3.12/site-packages/airflow/example_dags/example_branch_operator.py for tasks to queue
[2026-05-28T09:28:57.323+0000] {logging_mixin.py:190} INFO - [2026-05-28T09:28:57.322+0000] {dagbag.py:588} INFO - Filling up the DagBag from /home/airflow/.local/lib/python3.12/site-packages/airflow/example_dags/example_branch_operator.py
[2026-05-28T09:28:57.366+0000] {processor.py:925} INFO - DAG(s) 'example_branch_operator' retrieved from /home/airflow/.local/lib/python3.12/site-packages/airflow/example_dags/example_branch_operator.py
[2026-05-28T09:28:57.443+0000] {logging_mixin.py:190} INFO - [2026-05-28T09:28:57.443+0000] {dag.py:3239} INFO - Sync 1 DAGs
[2026-05-28T09:28:57.554+0000] {logging_mixin.py:190} INFO - [2026-05-28T09:28:57.553+0000] {dag.py:4180} INFO - Setting next_dagrun for example_branch_operator to 2026-05-27 00:00:00+00:00, run_after=2026-05-28 00:00:00+00:00
[2026-05-28T09:28:57.634+0000] {processor.py:208} INFO - Processing /home/airflow/.local/lib/python3.12/site-packages/airflow/example_dags/example_branch_operator.py took 0.334 seconds
[2026-05-28T09:29:41.552+0000] {processor.py:186} INFO - Started process (PID=9793) to work on /home/airflow/.local/lib/python3.12/site-packages/airflow/example_dags/example_branch_operator.py
[2026-05-28T09:29:41.555+0000] {processor.py:914} INFO - Processing file /home/airflow/.local/lib/python3.12/site-packages/airflow/example_dags/example_branch_operator.py for tasks to queue
[2026-05-28T09:29:41.558+0000] {logging_mixin.py:190} INFO - [2026-05-28T09:29:41.557+0000] {dagbag.py:588} INFO - Filling up the DagBag from /home/airflow/.local/lib/python3.12/site-packages/airflow/example_dags/example_branch_operator.py
[2026-05-28T09:29:41.596+0000] {processor.py:925} INFO - DAG(s) 'example_branch_operator' retrieved from /home/airflow/.local/lib/python3.12/site-packages/airflow/example_dags/example_branch_operator.py
[2026-05-28T09:29:41.663+0000] {logging_mixin.py:190} INFO - [2026-05-28T09:29:41.663+0000] {dag.py:3239} INFO - Sync 1 DAGs
[2026-05-28T09:29:41.713+0000] {logging_mixin.py:190} INFO - [2026-05-28T09:29:41.713+0000] {dag.py:4180} INFO - Setting next_dagrun for example_branch_operator to 2026-05-27 00:00:00+00:00, run_after=2026-05-28 00:00:00+00:00
[2026-05-28T09:29:41.761+0000] {processor.py:208} INFO - Processing /home/airflow/.local/lib/python3.12/site-packages/airflow/example_dags/example_branch_operator.py took 0.222 seconds
[2026-05-28T09:30:33.007+0000] {processor.py:186} INFO - Started process (PID=9891) to work on /home/airflow/.local/lib/python3.12/site-packages/airflow/example_dags/example_branch_operator.py
[2026-05-28T09:30:33.010+0000] {processor.py:914} INFO - Processing file /home/airflow/.local/lib/python3.12/site-packages/airflow/example_dags/example_branch_operator.py for tasks to queue
[2026-05-28T09:30:33.014+0000] {logging_mixin.py:190} INFO - [2026-05-28T09:30:33.013+0000] {dagbag.py:588} INFO - Filling up the DagBag from /home/airflow/.local/lib/python3.12/site-packages/airflow/example_dags/example_branch_operator.py
[2026-05-28T09:30:33.069+0000] {processor.py:925} INFO - DAG(s) 'example_branch_operator' retrieved from /home/airflow/.local/lib/python3.12/site-packages/airflow/example_dags/example_branch_operator.py
[2026-05-28T09:30:33.159+0000] {logging_mixin.py:190} INFO - [2026-05-28T09:30:33.158+0000] {dag.py:3239} INFO - Sync 1 DAGs
[2026-05-28T09:30:33.230+0000] {logging_mixin.py:190} INFO - [2026-05-28T09:30:33.229+0000] {dag.py:4180} INFO - Setting next_dagrun for example_branch_operator to 2026-05-27 00:00:00+00:00, run_after=2026-05-28 00:00:00+00:00
[2026-05-28T09:30:33.271+0000] {processor.py:208} INFO - Processing /home/airflow/.local/lib/python3.12/site-packages/airflow/example_dags/example_branch_operator.py took 0.283 seconds
[2026-05-28T09:31:20.594+0000] {processor.py:186} INFO - Started process (PID=9962) to work on /home/airflow/.local/lib/python3.12/site-packages/airflow/example_dags/example_branch_operator.py
[2026-05-28T09:31:20.596+0000] {processor.py:914} INFO - Processing file /home/airflow/.local/lib/python3.12/site-packages/airflow/example_dags/example_branch_operator.py for tasks to queue
[2026-05-28T09:31:20.599+0000] {logging_mixin.py:190} INFO - [2026-05-28T09:31:20.598+0000] {dagbag.py:588} INFO - Filling up the DagBag from /home/airflow/.local/lib/python3.12/site-packages/airflow/example_dags/example_branch_operator.py
[2026-05-28T09:31:20.646+0000] {processor.py:925} INFO - DAG(s) 'example_branch_operator' retrieved from /home/airflow/.local/lib/python3.12/site-packages/airflow/example_dags/example_branch_operator.py
[2026-05-28T09:31:20.718+0000] {logging_mixin.py:190} INFO - [2026-05-28T09:31:20.717+0000] {dag.py:3239} INFO - Sync 1 DAGs
[2026-05-28T09:31:20.779+0000] {logging_mixin.py:190} INFO - [2026-05-28T09:31:20.778+0000] {dag.py:4180} INFO - Setting next_dagrun for example_branch_operator to 2026-05-27 00:00:00+00:00, run_after=2026-05-28 00:00:00+00:00
[2026-05-28T09:31:20.819+0000] {processor.py:208} INFO - Processing /home/airflow/.local/lib/python3.12/site-packages/airflow/example_dags/example_branch_operator.py took 0.238 seconds
[2026-05-28T09:32:05.101+0000] {processor.py:186} INFO - Started process (PID=10032) to work on /home/airflow/.local/lib/python3.12/site-packages/airflow/example_dags/example_branch_operator.py
[2026-05-28T09:32:05.104+0000] {processor.py:914} INFO - Processing file /home/airflow/.local/lib/python3.12/site-packages/airflow/example_dags/example_branch_operator.py for tasks to queue
[2026-05-28T09:32:05.108+0000] {logging_mixin.py:190} INFO - [2026-05-28T09:32:05.108+0000] {dagbag.py:588} INFO - Filling up the DagBag from /home/airflow/.local/lib/python3.12/site-packages/airflow/example_dags/example_branch_operator.py
[2026-05-28T09:32:05.152+0000] {processor.py:925} INFO - DAG(s) 'example_branch_operator' retrieved from /home/airflow/.local/lib/python3.12/site-packages/airflow/example_dags/example_branch_operator.py
[2026-05-28T09:32:05.256+0000] {logging_mixin.py:190} INFO - [2026-05-28T09:32:05.256+0000] {dag.py:3239} INFO - Sync 1 DAGs
[2026-05-28T09:32:05.392+0000] {logging_mixin.py:190} INFO - [2026-05-28T09:32:05.391+0000] {dag.py:4180} INFO - Setting next_dagrun for example_branch_operator to 2026-05-27 00:00:00+00:00, run_after=2026-05-28 00:00:00+00:00
[2026-05-28T09:32:05.503+0000] {processor.py:208} INFO - Processing /home/airflow/.local/lib/python3.12/site-packages/airflow/example_dags/example_branch_operator.py took 0.421 seconds
[2026-05-28T09:32:44.115+0000] {processor.py:186} INFO - Started process (PID=10093) to work on /home/airflow/.local/lib/python3.12/site-packages/airflow/example_dags/example_branch_operator.py
[2026-05-28T09:32:44.117+0000] {processor.py:914} INFO - Processing file /home/airflow/.local/lib/python3.12/site-packages/airflow/example_dags/example_branch_operator.py for tasks to queue
[2026-05-28T09:32:44.121+0000] {logging_mixin.py:190} INFO - [2026-05-28T09:32:44.120+0000] {dagbag.py:588} INFO - Filling up the DagBag from /home/airflow/.local/lib/python3.12/site-packages/airflow/example_dags/example_branch_operator.py
[2026-05-28T09:32:44.161+0000] {processor.py:925} INFO - DAG(s) 'example_branch_operator' retrieved from /home/airflow/.local/lib/python3.12/site-packages/airflow/example_dags/example_branch_operator.py
[2026-05-28T09:32:44.242+0000] {logging_mixin.py:190} INFO - [2026-05-28T09:32:44.242+0000] {dag.py:3239} INFO - Sync 1 DAGs
[2026-05-28T09:32:44.310+0000] {logging_mixin.py:190} INFO - [2026-05-28T09:32:44.310+0000] {dag.py:4180} INFO - Setting next_dagrun for example_branch_operator to 2026-05-27 00:00:00+00:00, run_after=2026-05-28 00:00:00+00:00
[2026-05-28T09:32:44.351+0000] {processor.py:208} INFO - Processing /home/airflow/.local/lib/python3.12/site-packages/airflow/example_dags/example_branch_operator.py took 0.249 seconds
[2026-05-28T09:33:24.408+0000] {processor.py:186} INFO - Started process (PID=10148) to work on /home/airflow/.local/lib/python3.12/site-packages/airflow/example_dags/example_branch_operator.py
[2026-05-28T09:33:24.411+0000] {processor.py:914} INFO - Processing file /home/airflow/.local/lib/python3.12/site-packages/airflow/example_dags/example_branch_operator.py for tasks to queue
[2026-05-28T09:33:24.418+0000] {logging_mixin.py:190} INFO - [2026-05-28T09:33:24.417+0000] {dagbag.py:588} INFO - Filling up the DagBag from /home/airflow/.local/lib/python3.12/site-packages/airflow/example_dags/example_branch_operator.py
[2026-05-28T09:33:24.460+0000] {processor.py:925} INFO - DAG(s) 'example_branch_operator' retrieved from /home/airflow/.local/lib/python3.12/site-packages/airflow/example_dags/example_branch_operator.py
[2026-05-28T09:33:24.564+0000] {logging_mixin.py:190} INFO - [2026-05-28T09:33:24.563+0000] {dag.py:3239} INFO - Sync 1 DAGs
[2026-05-28T09:33:24.659+0000] {logging_mixin.py:190} INFO - [2026-05-28T09:33:24.658+0000] {dag.py:4180} INFO - Setting next_dagrun for example_branch_operator to 2026-05-27 00:00:00+00:00, run_after=2026-05-28 00:00:00+00:00
[2026-05-28T09:33:24.714+0000] {processor.py:208} INFO - Processing /home/airflow/.local/lib/python3.12/site-packages/airflow/example_dags/example_branch_operator.py took 0.320 seconds
[2026-05-28T09:34:08.889+0000] {processor.py:186} INFO - Started process (PID=10215) to work on /home/airflow/.local/lib/python3.12/site-packages/airflow/example_dags/example_branch_operator.py
[2026-05-28T09:34:08.892+0000] {processor.py:914} INFO - Processing file /home/airflow/.local/lib/python3.12/site-packages/airflow/example_dags/example_branch_operator.py for tasks to queue
[2026-05-28T09:34:08.895+0000] {logging_mixin.py:190} INFO - [2026-05-28T09:34:08.894+0000] {dagbag.py:588} INFO - Filling up the DagBag from /home/airflow/.local/lib/python3.12/site-packages/airflow/example_dags/example_branch_operator.py
[2026-05-28T09:34:08.944+0000] {processor.py:925} INFO - DAG(s) 'example_branch_operator' retrieved from /home/airflow/.local/lib/python3.12/site-packages/airflow/example_dags/example_branch_operator.py
[2026-05-28T09:34:09.028+0000] {logging_mixin.py:190} INFO - [2026-05-28T09:34:09.027+0000] {dag.py:3239} INFO - Sync 1 DAGs
[2026-05-28T09:34:09.094+0000] {logging_mixin.py:190} INFO - [2026-05-28T09:34:09.094+0000] {dag.py:4180} INFO - Setting next_dagrun for example_branch_operator to 2026-05-27 00:00:00+00:00, run_after=2026-05-28 00:00:00+00:00
[2026-05-28T09:34:09.142+0000] {processor.py:208} INFO - Processing /home/airflow/.local/lib/python3.12/site-packages/airflow/example_dags/example_branch_operator.py took 0.268 seconds
[2026-05-28T09:34:56.346+0000] {processor.py:186} INFO - Started process (PID=10284) to work on /home/airflow/.local/lib/python3.12/site-packages/airflow/example_dags/example_branch_operator.py
[2026-05-28T09:34:56.350+0000] {processor.py:914} INFO - Processing file /home/airflow/.local/lib/python3.12/site-packages/airflow/example_dags/example_branch_operator.py for tasks to queue
[2026-05-28T09:34:56.354+0000] {logging_mixin.py:190} INFO - [2026-05-28T09:34:56.353+0000] {dagbag.py:588} INFO - Filling up the DagBag from /home/airflow/.local/lib/python3.12/site-packages/airflow/example_dags/example_branch_operator.py
[2026-05-28T09:34:56.404+0000] {processor.py:925} INFO - DAG(s) 'example_branch_operator' retrieved from /home/airflow/.local/lib/python3.12/site-packages/airflow/example_dags/example_branch_operator.py
[2026-05-28T09:34:56.483+0000] {logging_mixin.py:190} INFO - [2026-05-28T09:34:56.482+0000] {dag.py:3239} INFO - Sync 1 DAGs
[2026-05-28T09:34:56.540+0000] {logging_mixin.py:190} INFO - [2026-05-28T09:34:56.540+0000] {dag.py:4180} INFO - Setting next_dagrun for example_branch_operator to 2026-05-27 00:00:00+00:00, run_after=2026-05-28 00:00:00+00:00
[2026-05-28T09:34:56.578+0000] {processor.py:208} INFO - Processing /home/airflow/.local/lib/python3.12/site-packages/airflow/example_dags/example_branch_operator.py took 0.248 seconds
[2026-05-28T09:35:40.859+0000] {processor.py:186} INFO - Started process (PID=10346) to work on /home/airflow/.local/lib/python3.12/site-packages/airflow/example_dags/example_branch_operator.py
[2026-05-28T09:35:40.862+0000] {processor.py:914} INFO - Processing file /home/airflow/.local/lib/python3.12/site-packages/airflow/example_dags/example_branch_operator.py for tasks to queue
[2026-05-28T09:35:40.866+0000] {logging_mixin.py:190} INFO - [2026-05-28T09:35:40.865+0000] {dagbag.py:588} INFO - Filling up the DagBag from /home/airflow/.local/lib/python3.12/site-packages/airflow/example_dags/example_branch_operator.py
[2026-05-28T09:35:40.911+0000] {processor.py:925} INFO - DAG(s) 'example_branch_operator' retrieved from /home/airflow/.local/lib/python3.12/site-packages/airflow/example_dags/example_branch_operator.py
[2026-05-28T09:35:40.987+0000] {logging_mixin.py:190} INFO - [2026-05-28T09:35:40.986+0000] {dag.py:3239} INFO - Sync 1 DAGs
[2026-05-28T09:35:41.041+0000] {logging_mixin.py:190} INFO - [2026-05-28T09:35:41.040+0000] {dag.py:4180} INFO - Setting next_dagrun for example_branch_operator to 2026-05-27 00:00:00+00:00, run_after=2026-05-28 00:00:00+00:00
[2026-05-28T09:35:41.084+0000] {processor.py:208} INFO - Processing /home/airflow/.local/lib/python3.12/site-packages/airflow/example_dags/example_branch_operator.py took 0.241 seconds
[2026-05-28T09:36:36.965+0000] {processor.py:186} INFO - Started process (PID=10419) to work on /home/airflow/.local/lib/python3.12/site-packages/airflow/example_dags/example_branch_operator.py
[2026-05-28T09:36:36.970+0000] {processor.py:914} INFO - Processing file /home/airflow/.local/lib/python3.12/site-packages/airflow/example_dags/example_branch_operator.py for tasks to queue
[2026-05-28T09:36:36.975+0000] {logging_mixin.py:190} INFO - [2026-05-28T09:36:36.973+0000] {dagbag.py:588} INFO - Filling up the DagBag from /home/airflow/.local/lib/python3.12/site-packages/airflow/example_dags/example_branch_operator.py
[2026-05-28T09:36:37.124+0000] {processor.py:925} INFO - DAG(s) 'example_branch_operator' retrieved from /home/airflow/.local/lib/python3.12/site-packages/airflow/example_dags/example_branch_operator.py
[2026-05-28T09:36:37.244+0000] {logging_mixin.py:190} INFO - [2026-05-28T09:36:37.243+0000] {dag.py:3239} INFO - Sync 1 DAGs
[2026-05-28T09:36:37.321+0000] {logging_mixin.py:190} INFO - [2026-05-28T09:36:37.320+0000] {dag.py:4180} INFO - Setting next_dagrun for example_branch_operator to 2026-05-27 00:00:00+00:00, run_after=2026-05-28 00:00:00+00:00
[2026-05-28T09:36:37.368+0000] {processor.py:208} INFO - Processing /home/airflow/.local/lib/python3.12/site-packages/airflow/example_dags/example_branch_operator.py took 0.439 seconds
[2026-05-28T09:37:38.389+0000] {processor.py:186} INFO - Started process (PID=10502) to work on /home/airflow/.local/lib/python3.12/site-packages/airflow/example_dags/example_branch_operator.py
[2026-05-28T09:37:38.391+0000] {processor.py:914} INFO - Processing file /home/airflow/.local/lib/python3.12/site-packages/airflow/example_dags/example_branch_operator.py for tasks to queue
[2026-05-28T09:37:38.394+0000] {logging_mixin.py:190} INFO - [2026-05-28T09:37:38.393+0000] {dagbag.py:588} INFO - Filling up the DagBag from /home/airflow/.local/lib/python3.12/site-packages/airflow/example_dags/example_branch_operator.py
[2026-05-28T09:37:38.436+0000] {processor.py:925} INFO - DAG(s) 'example_branch_operator' retrieved from /home/airflow/.local/lib/python3.12/site-packages/airflow/example_dags/example_branch_operator.py
[2026-05-28T09:37:38.506+0000] {logging_mixin.py:190} INFO - [2026-05-28T09:37:38.506+0000] {dag.py:3239} INFO - Sync 1 DAGs
[2026-05-28T09:37:38.558+0000] {logging_mixin.py:190} INFO - [2026-05-28T09:37:38.558+0000] {dag.py:4180} INFO - Setting next_dagrun for example_branch_operator to 2026-05-27 00:00:00+00:00, run_after=2026-05-28 00:00:00+00:00
[2026-05-28T09:37:38.601+0000] {processor.py:208} INFO - Processing /home/airflow/.local/lib/python3.12/site-packages/airflow/example_dags/example_branch_operator.py took 0.226 seconds
[2026-05-28T09:38:35.089+0000] {processor.py:186} INFO - Started process (PID=10570) to work on /home/airflow/.local/lib/python3.12/site-packages/airflow/example_dags/example_branch_operator.py
[2026-05-28T09:38:35.091+0000] {processor.py:914} INFO - Processing file /home/airflow/.local/lib/python3.12/site-packages/airflow/example_dags/example_branch_operator.py for tasks to queue
[2026-05-28T09:38:35.096+0000] {logging_mixin.py:190} INFO - [2026-05-28T09:38:35.095+0000] {dagbag.py:588} INFO - Filling up the DagBag from /home/airflow/.local/lib/python3.12/site-packages/airflow/example_dags/example_branch_operator.py
[2026-05-28T09:38:35.157+0000] {processor.py:925} INFO - DAG(s) 'example_branch_operator' retrieved from /home/airflow/.local/lib/python3.12/site-packages/airflow/example_dags/example_branch_operator.py
[2026-05-28T09:38:35.280+0000] {logging_mixin.py:190} INFO - [2026-05-28T09:38:35.279+0000] {dag.py:3239} INFO - Sync 1 DAGs
[2026-05-28T09:38:35.420+0000] {logging_mixin.py:190} INFO - [2026-05-28T09:38:35.419+0000] {dag.py:4180} INFO - Setting next_dagrun for example_branch_operator to 2026-05-27 00:00:00+00:00, run_after=2026-05-28 00:00:00+00:00
[2026-05-28T09:38:35.530+0000] {processor.py:208} INFO - Processing /home/airflow/.local/lib/python3.12/site-packages/airflow/example_dags/example_branch_operator.py took 0.456 seconds
[2026-05-28T09:39:31.371+0000] {processor.py:186} INFO - Started process (PID=10652) to work on /home/airflow/.local/lib/python3.12/site-packages/airflow/example_dags/example_branch_operator.py
[2026-05-28T09:39:31.385+0000] {processor.py:914} INFO - Processing file /home/airflow/.local/lib/python3.12/site-packages/airflow/example_dags/example_branch_operator.py for tasks to queue
[2026-05-28T09:39:31.391+0000] {logging_mixin.py:190} INFO - [2026-05-28T09:39:31.389+0000] {dagbag.py:588} INFO - Filling up the DagBag from /home/airflow/.local/lib/python3.12/site-packages/airflow/example_dags/example_branch_operator.py
[2026-05-28T09:39:31.459+0000] {processor.py:925} INFO - DAG(s) 'example_branch_operator' retrieved from /home/airflow/.local/lib/python3.12/site-packages/airflow/example_dags/example_branch_operator.py
[2026-05-28T09:39:31.536+0000] {logging_mixin.py:190} INFO - [2026-05-28T09:39:31.535+0000] {dag.py:3239} INFO - Sync 1 DAGs
[2026-05-28T09:39:31.595+0000] {logging_mixin.py:190} INFO - [2026-05-28T09:39:31.594+0000] {dag.py:4180} INFO - Setting next_dagrun for example_branch_operator to 2026-05-27 00:00:00+00:00, run_after=2026-05-28 00:00:00+00:00
[2026-05-28T09:39:31.638+0000] {processor.py:208} INFO - Processing /home/airflow/.local/lib/python3.12/site-packages/airflow/example_dags/example_branch_operator.py took 0.296 seconds
[2026-05-28T09:40:24.761+0000] {processor.py:186} INFO - Started process (PID=10714) to work on /home/airflow/.local/lib/python3.12/site-packages/airflow/example_dags/example_branch_operator.py
[2026-05-28T09:40:24.765+0000] {processor.py:914} INFO - Processing file /home/airflow/.local/lib/python3.12/site-packages/airflow/example_dags/example_branch_operator.py for tasks to queue
[2026-05-28T09:40:24.770+0000] {logging_mixin.py:190} INFO - [2026-05-28T09:40:24.769+0000] {dagbag.py:588} INFO - Filling up the DagBag from /home/airflow/.local/lib/python3.12/site-packages/airflow/example_dags/example_branch_operator.py
[2026-05-28T09:40:24.825+0000] {processor.py:925} INFO - DAG(s) 'example_branch_operator' retrieved from /home/airflow/.local/lib/python3.12/site-packages/airflow/example_dags/example_branch_operator.py
[2026-05-28T09:40:24.922+0000] {logging_mixin.py:190} INFO - [2026-05-28T09:40:24.922+0000] {dag.py:3239} INFO - Sync 1 DAGs
[2026-05-28T09:40:24.998+0000] {logging_mixin.py:190} INFO - [2026-05-28T09:40:24.997+0000] {dag.py:4180} INFO - Setting next_dagrun for example_branch_operator to 2026-05-27 00:00:00+00:00, run_after=2026-05-28 00:00:00+00:00
[2026-05-28T09:40:25.045+0000] {processor.py:208} INFO - Processing /home/airflow/.local/lib/python3.12/site-packages/airflow/example_dags/example_branch_operator.py took 0.302 seconds
[2026-05-28T09:41:26.398+0000] {processor.py:186} INFO - Started process (PID=10796) to work on /home/airflow/.local/lib/python3.12/site-packages/airflow/example_dags/example_branch_operator.py
[2026-05-28T09:41:26.401+0000] {processor.py:914} INFO - Processing file /home/airflow/.local/lib/python3.12/site-packages/airflow/example_dags/example_branch_operator.py for tasks to queue
[2026-05-28T09:41:26.405+0000] {logging_mixin.py:190} INFO - [2026-05-28T09:41:26.404+0000] {dagbag.py:588} INFO - Filling up the DagBag from /home/airflow/.local/lib/python3.12/site-packages/airflow/example_dags/example_branch_operator.py
[2026-05-28T09:41:26.459+0000] {processor.py:925} INFO - DAG(s) 'example_branch_operator' retrieved from /home/airflow/.local/lib/python3.12/site-packages/airflow/example_dags/example_branch_operator.py
[2026-05-28T09:41:26.548+0000] {logging_mixin.py:190} INFO - [2026-05-28T09:41:26.547+0000] {dag.py:3239} INFO - Sync 1 DAGs
[2026-05-28T09:41:26.623+0000] {logging_mixin.py:190} INFO - [2026-05-28T09:41:26.623+0000] {dag.py:4180} INFO - Setting next_dagrun for example_branch_operator to 2026-05-27 00:00:00+00:00, run_after=2026-05-28 00:00:00+00:00
[2026-05-28T09:41:26.681+0000] {processor.py:208} INFO - Processing /home/airflow/.local/lib/python3.12/site-packages/airflow/example_dags/example_branch_operator.py took 0.302 seconds
[2026-05-28T09:42:19.818+0000] {processor.py:186} INFO - Started process (PID=10884) to work on /home/airflow/.local/lib/python3.12/site-packages/airflow/example_dags/example_branch_operator.py
[2026-05-28T09:42:19.821+0000] {processor.py:914} INFO - Processing file /home/airflow/.local/lib/python3.12/site-packages/airflow/example_dags/example_branch_operator.py for tasks to queue
[2026-05-28T09:42:19.825+0000] {logging_mixin.py:190} INFO - [2026-05-28T09:42:19.824+0000] {dagbag.py:588} INFO - Filling up the DagBag from /home/airflow/.local/lib/python3.12/site-packages/airflow/example_dags/example_branch_operator.py
[2026-05-28T09:42:19.880+0000] {processor.py:925} INFO - DAG(s) 'example_branch_operator' retrieved from /home/airflow/.local/lib/python3.12/site-packages/airflow/example_dags/example_branch_operator.py
[2026-05-28T09:42:19.981+0000] {logging_mixin.py:190} INFO - [2026-05-28T09:42:19.980+0000] {dag.py:3239} INFO - Sync 1 DAGs
[2026-05-28T09:42:20.082+0000] {logging_mixin.py:190} INFO - [2026-05-28T09:42:20.081+0000] {dag.py:4180} INFO - Setting next_dagrun for example_branch_operator to 2026-05-27 00:00:00+00:00, run_after=2026-05-28 00:00:00+00:00
[2026-05-28T09:42:20.156+0000] {processor.py:208} INFO - Processing /home/airflow/.local/lib/python3.12/site-packages/airflow/example_dags/example_branch_operator.py took 0.356 seconds
[2026-05-28T09:43:15.106+0000] {processor.py:186} INFO - Started process (PID=10975) to work on /home/airflow/.local/lib/python3.12/site-packages/airflow/example_dags/example_branch_operator.py
[2026-05-28T09:43:15.110+0000] {processor.py:914} INFO - Processing file /home/airflow/.local/lib/python3.12/site-packages/airflow/example_dags/example_branch_operator.py for tasks to queue
[2026-05-28T09:43:15.114+0000] {logging_mixin.py:190} INFO - [2026-05-28T09:43:15.113+0000] {dagbag.py:588} INFO - Filling up the DagBag from /home/airflow/.local/lib/python3.12/site-packages/airflow/example_dags/example_branch_operator.py
[2026-05-28T09:43:15.190+0000] {processor.py:925} INFO - DAG(s) 'example_branch_operator' retrieved from /home/airflow/.local/lib/python3.12/site-packages/airflow/example_dags/example_branch_operator.py
[2026-05-28T09:43:15.293+0000] {logging_mixin.py:190} INFO - [2026-05-28T09:43:15.293+0000] {dag.py:3239} INFO - Sync 1 DAGs
[2026-05-28T09:43:15.368+0000] {logging_mixin.py:190} INFO - [2026-05-28T09:43:15.368+0000] {dag.py:4180} INFO - Setting next_dagrun for example_branch_operator to 2026-05-27 00:00:00+00:00, run_after=2026-05-28 00:00:00+00:00
[2026-05-28T09:43:15.430+0000] {processor.py:208} INFO - Processing /home/airflow/.local/lib/python3.12/site-packages/airflow/example_dags/example_branch_operator.py took 0.347 seconds
[2026-05-28T09:44:24.462+0000] {processor.py:186} INFO - Started process (PID=11073) to work on /home/airflow/.local/lib/python3.12/site-packages/airflow/example_dags/example_branch_operator.py
[2026-05-28T09:44:24.464+0000] {processor.py:914} INFO - Processing file /home/airflow/.local/lib/python3.12/site-packages/airflow/example_dags/example_branch_operator.py for tasks to queue
[2026-05-28T09:44:24.468+0000] {logging_mixin.py:190} INFO - [2026-05-28T09:44:24.468+0000] {dagbag.py:588} INFO - Filling up the DagBag from /home/airflow/.local/lib/python3.12/site-packages/airflow/example_dags/example_branch_operator.py
[2026-05-28T09:44:24.518+0000] {processor.py:925} INFO - DAG(s) 'example_branch_operator' retrieved from /home/airflow/.local/lib/python3.12/site-packages/airflow/example_dags/example_branch_operator.py
[2026-05-28T09:44:24.598+0000] {logging_mixin.py:190} INFO - [2026-05-28T09:44:24.597+0000] {dag.py:3239} INFO - Sync 1 DAGs
[2026-05-28T09:44:24.664+0000] {logging_mixin.py:190} INFO - [2026-05-28T09:44:24.663+0000] {dag.py:4180} INFO - Setting next_dagrun for example_branch_operator to 2026-05-27 00:00:00+00:00, run_after=2026-05-28 00:00:00+00:00
[2026-05-28T09:44:24.704+0000] {processor.py:208} INFO - Processing /home/airflow/.local/lib/python3.12/site-packages/airflow/example_dags/example_branch_operator.py took 0.256 seconds
[2026-05-28T09:45:03.565+0000] {processor.py:186} INFO - Started process (PID=11147) to work on /home/airflow/.local/lib/python3.12/site-packages/airflow/example_dags/example_branch_operator.py
[2026-05-28T09:45:03.568+0000] {processor.py:914} INFO - Processing file /home/airflow/.local/lib/python3.12/site-packages/airflow/example_dags/example_branch_operator.py for tasks to queue
[2026-05-28T09:45:03.575+0000] {logging_mixin.py:190} INFO - [2026-05-28T09:45:03.573+0000] {dagbag.py:588} INFO - Filling up the DagBag from /home/airflow/.local/lib/python3.12/site-packages/airflow/example_dags/example_branch_operator.py
[2026-05-28T09:45:03.644+0000] {processor.py:925} INFO - DAG(s) 'example_branch_operator' retrieved from /home/airflow/.local/lib/python3.12/site-packages/airflow/example_dags/example_branch_operator.py
[2026-05-28T09:45:03.751+0000] {logging_mixin.py:190} INFO - [2026-05-28T09:45:03.750+0000] {dag.py:3239} INFO - Sync 1 DAGs
[2026-05-28T09:45:03.815+0000] {logging_mixin.py:190} INFO - [2026-05-28T09:45:03.814+0000] {dag.py:4180} INFO - Setting next_dagrun for example_branch_operator to 2026-05-27 00:00:00+00:00, run_after=2026-05-28 00:00:00+00:00
[2026-05-28T09:45:03.867+0000] {processor.py:208} INFO - Processing /home/airflow/.local/lib/python3.12/site-packages/airflow/example_dags/example_branch_operator.py took 0.320 seconds
[2026-05-28T09:46:05.396+0000] {processor.py:186} INFO - Started process (PID=11215) to work on /home/airflow/.local/lib/python3.12/site-packages/airflow/example_dags/example_branch_operator.py
[2026-05-28T09:46:05.399+0000] {processor.py:914} INFO - Processing file /home/airflow/.local/lib/python3.12/site-packages/airflow/example_dags/example_branch_operator.py for tasks to queue
[2026-05-28T09:46:05.403+0000] {logging_mixin.py:190} INFO - [2026-05-28T09:46:05.402+0000] {dagbag.py:588} INFO - Filling up the DagBag from /home/airflow/.local/lib/python3.12/site-packages/airflow/example_dags/example_branch_operator.py
[2026-05-28T09:46:05.449+0000] {processor.py:925} INFO - DAG(s) 'example_branch_operator' retrieved from /home/airflow/.local/lib/python3.12/site-packages/airflow/example_dags/example_branch_operator.py
[2026-05-28T09:46:05.544+0000] {logging_mixin.py:190} INFO - [2026-05-28T09:46:05.543+0000] {dag.py:3239} INFO - Sync 1 DAGs
[2026-05-28T09:46:05.611+0000] {logging_mixin.py:190} INFO - [2026-05-28T09:46:05.610+0000] {dag.py:4180} INFO - Setting next_dagrun for example_branch_operator to 2026-05-27 00:00:00+00:00, run_after=2026-05-28 00:00:00+00:00
[2026-05-28T09:46:05.662+0000] {processor.py:208} INFO - Processing /home/airflow/.local/lib/python3.12/site-packages/airflow/example_dags/example_branch_operator.py took 0.280 seconds
[2026-05-28T09:47:05.786+0000] {processor.py:186} INFO - Started process (PID=11296) to work on /home/airflow/.local/lib/python3.12/site-packages/airflow/example_dags/example_branch_operator.py
[2026-05-28T09:47:05.788+0000] {processor.py:914} INFO - Processing file /home/airflow/.local/lib/python3.12/site-packages/airflow/example_dags/example_branch_operator.py for tasks to queue
[2026-05-28T09:47:05.793+0000] {logging_mixin.py:190} INFO - [2026-05-28T09:47:05.792+0000] {dagbag.py:588} INFO - Filling up the DagBag from /home/airflow/.local/lib/python3.12/site-packages/airflow/example_dags/example_branch_operator.py
[2026-05-28T09:47:05.854+0000] {processor.py:925} INFO - DAG(s) 'example_branch_operator' retrieved from /home/airflow/.local/lib/python3.12/site-packages/airflow/example_dags/example_branch_operator.py
[2026-05-28T09:47:05.967+0000] {logging_mixin.py:190} INFO - [2026-05-28T09:47:05.966+0000] {dag.py:3239} INFO - Sync 1 DAGs
[2026-05-28T09:47:06.052+0000] {logging_mixin.py:190} INFO - [2026-05-28T09:47:06.052+0000] {dag.py:4180} INFO - Setting next_dagrun for example_branch_operator to 2026-05-27 00:00:00+00:00, run_after=2026-05-28 00:00:00+00:00
[2026-05-28T09:47:06.113+0000] {processor.py:208} INFO - Processing /home/airflow/.local/lib/python3.12/site-packages/airflow/example_dags/example_branch_operator.py took 0.345 seconds
[2026-05-28T09:47:42.858+0000] {processor.py:186} INFO - Started process (PID=11345) to work on /home/airflow/.local/lib/python3.12/site-packages/airflow/example_dags/example_branch_operator.py
[2026-05-28T09:47:42.862+0000] {processor.py:914} INFO - Processing file /home/airflow/.local/lib/python3.12/site-packages/airflow/example_dags/example_branch_operator.py for tasks to queue
[2026-05-28T09:47:42.868+0000] {logging_mixin.py:190} INFO - [2026-05-28T09:47:42.867+0000] {dagbag.py:588} INFO - Filling up the DagBag from /home/airflow/.local/lib/python3.12/site-packages/airflow/example_dags/example_branch_operator.py
[2026-05-28T09:47:42.947+0000] {processor.py:925} INFO - DAG(s) 'example_branch_operator' retrieved from /home/airflow/.local/lib/python3.12/site-packages/airflow/example_dags/example_branch_operator.py
[2026-05-28T09:47:43.032+0000] {logging_mixin.py:190} INFO - [2026-05-28T09:47:43.032+0000] {dag.py:3239} INFO - Sync 1 DAGs
[2026-05-28T09:47:43.091+0000] {logging_mixin.py:190} INFO - [2026-05-28T09:47:43.091+0000] {dag.py:4180} INFO - Setting next_dagrun for example_branch_operator to 2026-05-27 00:00:00+00:00, run_after=2026-05-28 00:00:00+00:00
[2026-05-28T09:47:43.132+0000] {processor.py:208} INFO - Processing /home/airflow/.local/lib/python3.12/site-packages/airflow/example_dags/example_branch_operator.py took 0.308 seconds
[2026-05-28T09:48:37.368+0000] {processor.py:186} INFO - Started process (PID=11404) to work on /home/airflow/.local/lib/python3.12/site-packages/airflow/example_dags/example_branch_operator.py
[2026-05-28T09:48:37.370+0000] {processor.py:914} INFO - Processing file /home/airflow/.local/lib/python3.12/site-packages/airflow/example_dags/example_branch_operator.py for tasks to queue
[2026-05-28T09:48:37.375+0000] {logging_mixin.py:190} INFO - [2026-05-28T09:48:37.374+0000] {dagbag.py:588} INFO - Filling up the DagBag from /home/airflow/.local/lib/python3.12/site-packages/airflow/example_dags/example_branch_operator.py
[2026-05-28T09:48:37.450+0000] {processor.py:925} INFO - DAG(s) 'example_branch_operator' retrieved from /home/airflow/.local/lib/python3.12/site-packages/airflow/example_dags/example_branch_operator.py
[2026-05-28T09:48:37.559+0000] {logging_mixin.py:190} INFO - [2026-05-28T09:48:37.555+0000] {dag.py:3239} INFO - Sync 1 DAGs
[2026-05-28T09:48:37.642+0000] {logging_mixin.py:190} INFO - [2026-05-28T09:48:37.642+0000] {dag.py:4180} INFO - Setting next_dagrun for example_branch_operator to 2026-05-27 00:00:00+00:00, run_after=2026-05-28 00:00:00+00:00
[2026-05-28T09:48:37.706+0000] {processor.py:208} INFO - Processing /home/airflow/.local/lib/python3.12/site-packages/airflow/example_dags/example_branch_operator.py took 0.358 seconds
[2026-05-28T09:49:45.577+0000] {processor.py:186} INFO - Started process (PID=11470) to work on /home/airflow/.local/lib/python3.12/site-packages/airflow/example_dags/example_branch_operator.py
[2026-05-28T09:49:45.580+0000] {processor.py:914} INFO - Processing file /home/airflow/.local/lib/python3.12/site-packages/airflow/example_dags/example_branch_operator.py for tasks to queue
[2026-05-28T09:49:45.585+0000] {logging_mixin.py:190} INFO - [2026-05-28T09:49:45.584+0000] {dagbag.py:588} INFO - Filling up the DagBag from /home/airflow/.local/lib/python3.12/site-packages/airflow/example_dags/example_branch_operator.py
[2026-05-28T09:49:45.670+0000] {processor.py:925} INFO - DAG(s) 'example_branch_operator' retrieved from /home/airflow/.local/lib/python3.12/site-packages/airflow/example_dags/example_branch_operator.py
[2026-05-28T09:49:45.846+0000] {logging_mixin.py:190} INFO - [2026-05-28T09:49:45.842+0000] {dag.py:3239} INFO - Sync 1 DAGs
[2026-05-28T09:49:46.015+0000] {logging_mixin.py:190} INFO - [2026-05-28T09:49:46.014+0000] {dag.py:4180} INFO - Setting next_dagrun for example_branch_operator to 2026-05-27 00:00:00+00:00, run_after=2026-05-28 00:00:00+00:00
[2026-05-28T09:49:46.095+0000] {processor.py:208} INFO - Processing /home/airflow/.local/lib/python3.12/site-packages/airflow/example_dags/example_branch_operator.py took 0.542 seconds
[2026-05-28T09:50:57.885+0000] {processor.py:186} INFO - Started process (PID=11558) to work on /home/airflow/.local/lib/python3.12/site-packages/airflow/example_dags/example_branch_operator.py
[2026-05-28T09:50:57.888+0000] {processor.py:914} INFO - Processing file /home/airflow/.local/lib/python3.12/site-packages/airflow/example_dags/example_branch_operator.py for tasks to queue
[2026-05-28T09:50:57.893+0000] {logging_mixin.py:190} INFO - [2026-05-28T09:50:57.891+0000] {dagbag.py:588} INFO - Filling up the DagBag from /home/airflow/.local/lib/python3.12/site-packages/airflow/example_dags/example_branch_operator.py
[2026-05-28T09:50:57.955+0000] {processor.py:925} INFO - DAG(s) 'example_branch_operator' retrieved from /home/airflow/.local/lib/python3.12/site-packages/airflow/example_dags/example_branch_operator.py
[2026-05-28T09:50:58.053+0000] {logging_mixin.py:190} INFO - [2026-05-28T09:50:58.052+0000] {dag.py:3239} INFO - Sync 1 DAGs
[2026-05-28T09:50:58.122+0000] {logging_mixin.py:190} INFO - [2026-05-28T09:50:58.121+0000] {dag.py:4180} INFO - Setting next_dagrun for example_branch_operator to 2026-05-27 00:00:00+00:00, run_after=2026-05-28 00:00:00+00:00
[2026-05-28T09:50:58.173+0000] {processor.py:208} INFO - Processing /home/airflow/.local/lib/python3.12/site-packages/airflow/example_dags/example_branch_operator.py took 0.304 seconds
[2026-05-28T09:51:58.526+0000] {processor.py:186} INFO - Started process (PID=11626) to work on /home/airflow/.local/lib/python3.12/site-packages/airflow/example_dags/example_branch_operator.py
[2026-05-28T09:51:58.529+0000] {processor.py:914} INFO - Processing file /home/airflow/.local/lib/python3.12/site-packages/airflow/example_dags/example_branch_operator.py for tasks to queue
[2026-05-28T09:51:58.533+0000] {logging_mixin.py:190} INFO - [2026-05-28T09:51:58.532+0000] {dagbag.py:588} INFO - Filling up the DagBag from /home/airflow/.local/lib/python3.12/site-packages/airflow/example_dags/example_branch_operator.py
[2026-05-28T09:51:58.619+0000] {processor.py:925} INFO - DAG(s) 'example_branch_operator' retrieved from /home/airflow/.local/lib/python3.12/site-packages/airflow/example_dags/example_branch_operator.py
[2026-05-28T09:51:58.800+0000] {logging_mixin.py:190} INFO - [2026-05-28T09:51:58.799+0000] {dag.py:3239} INFO - Sync 1 DAGs
[2026-05-28T09:51:58.905+0000] {logging_mixin.py:190} INFO - [2026-05-28T09:51:58.905+0000] {dag.py:4180} INFO - Setting next_dagrun for example_branch_operator to 2026-05-27 00:00:00+00:00, run_after=2026-05-28 00:00:00+00:00
[2026-05-28T09:51:58.967+0000] {processor.py:208} INFO - Processing /home/airflow/.local/lib/python3.12/site-packages/airflow/example_dags/example_branch_operator.py took 0.459 seconds
[2026-05-28T09:52:57.749+0000] {processor.py:186} INFO - Started process (PID=11702) to work on /home/airflow/.local/lib/python3.12/site-packages/airflow/example_dags/example_branch_operator.py
[2026-05-28T09:52:57.757+0000] {processor.py:914} INFO - Processing file /home/airflow/.local/lib/python3.12/site-packages/airflow/example_dags/example_branch_operator.py for tasks to queue
[2026-05-28T09:52:57.761+0000] {logging_mixin.py:190} INFO - [2026-05-28T09:52:57.760+0000] {dagbag.py:588} INFO - Filling up the DagBag from /home/airflow/.local/lib/python3.12/site-packages/airflow/example_dags/example_branch_operator.py
[2026-05-28T09:52:57.837+0000] {processor.py:925} INFO - DAG(s) 'example_branch_operator' retrieved from /home/airflow/.local/lib/python3.12/site-packages/airflow/example_dags/example_branch_operator.py
[2026-05-28T09:52:57.947+0000] {logging_mixin.py:190} INFO - [2026-05-28T09:52:57.947+0000] {dag.py:3239} INFO - Sync 1 DAGs
[2026-05-28T09:52:58.033+0000] {logging_mixin.py:190} INFO - [2026-05-28T09:52:58.033+0000] {dag.py:4180} INFO - Setting next_dagrun for example_branch_operator to 2026-05-27 00:00:00+00:00, run_after=2026-05-28 00:00:00+00:00
[2026-05-28T09:52:58.094+0000] {processor.py:208} INFO - Processing /home/airflow/.local/lib/python3.12/site-packages/airflow/example_dags/example_branch_operator.py took 0.366 seconds
[2026-05-28T09:54:36.357+0000] {processor.py:186} INFO - Started process (PID=11802) to work on /home/airflow/.local/lib/python3.12/site-packages/airflow/example_dags/example_branch_operator.py
[2026-05-28T09:54:36.361+0000] {processor.py:914} INFO - Processing file /home/airflow/.local/lib/python3.12/site-packages/airflow/example_dags/example_branch_operator.py for tasks to queue
[2026-05-28T09:54:36.368+0000] {logging_mixin.py:190} INFO - [2026-05-28T09:54:36.366+0000] {dagbag.py:588} INFO - Filling up the DagBag from /home/airflow/.local/lib/python3.12/site-packages/airflow/example_dags/example_branch_operator.py
[2026-05-28T09:54:36.447+0000] {processor.py:925} INFO - DAG(s) 'example_branch_operator' retrieved from /home/airflow/.local/lib/python3.12/site-packages/airflow/example_dags/example_branch_operator.py
[2026-05-28T09:54:36.585+0000] {logging_mixin.py:190} INFO - [2026-05-28T09:54:36.584+0000] {dag.py:3239} INFO - Sync 1 DAGs
[2026-05-28T09:54:36.703+0000] {logging_mixin.py:190} INFO - [2026-05-28T09:54:36.702+0000] {dag.py:4180} INFO - Setting next_dagrun for example_branch_operator to 2026-05-27 00:00:00+00:00, run_after=2026-05-28 00:00:00+00:00
[2026-05-28T09:54:36.801+0000] {processor.py:208} INFO - Processing /home/airflow/.local/lib/python3.12/site-packages/airflow/example_dags/example_branch_operator.py took 0.472 seconds
[2026-05-28T09:55:44.422+0000] {processor.py:186} INFO - Started process (PID=11880) to work on /home/airflow/.local/lib/python3.12/site-packages/airflow/example_dags/example_branch_operator.py
[2026-05-28T09:55:44.425+0000] {processor.py:914} INFO - Processing file /home/airflow/.local/lib/python3.12/site-packages/airflow/example_dags/example_branch_operator.py for tasks to queue
[2026-05-28T09:55:44.429+0000] {logging_mixin.py:190} INFO - [2026-05-28T09:55:44.429+0000] {dagbag.py:588} INFO - Filling up the DagBag from /home/airflow/.local/lib/python3.12/site-packages/airflow/example_dags/example_branch_operator.py
[2026-05-28T09:55:44.490+0000] {processor.py:925} INFO - DAG(s) 'example_branch_operator' retrieved from /home/airflow/.local/lib/python3.12/site-packages/airflow/example_dags/example_branch_operator.py
[2026-05-28T09:55:44.601+0000] {logging_mixin.py:190} INFO - [2026-05-28T09:55:44.600+0000] {dag.py:3239} INFO - Sync 1 DAGs
[2026-05-28T09:55:44.704+0000] {logging_mixin.py:190} INFO - [2026-05-28T09:55:44.703+0000] {dag.py:4180} INFO - Setting next_dagrun for example_branch_operator to 2026-05-27 00:00:00+00:00, run_after=2026-05-28 00:00:00+00:00
[2026-05-28T09:55:44.769+0000] {processor.py:208} INFO - Processing /home/airflow/.local/lib/python3.12/site-packages/airflow/example_dags/example_branch_operator.py took 0.361 seconds
[2026-05-28T09:56:41.491+0000] {processor.py:186} INFO - Started process (PID=11945) to work on /home/airflow/.local/lib/python3.12/site-packages/airflow/example_dags/example_branch_operator.py
[2026-05-28T09:56:41.494+0000] {processor.py:914} INFO - Processing file /home/airflow/.local/lib/python3.12/site-packages/airflow/example_dags/example_branch_operator.py for tasks to queue
[2026-05-28T09:56:41.500+0000] {logging_mixin.py:190} INFO - [2026-05-28T09:56:41.498+0000] {dagbag.py:588} INFO - Filling up the DagBag from /home/airflow/.local/lib/python3.12/site-packages/airflow/example_dags/example_branch_operator.py
[2026-05-28T09:56:41.570+0000] {processor.py:925} INFO - DAG(s) 'example_branch_operator' retrieved from /home/airflow/.local/lib/python3.12/site-packages/airflow/example_dags/example_branch_operator.py
[2026-05-28T09:56:41.671+0000] {logging_mixin.py:190} INFO - [2026-05-28T09:56:41.670+0000] {dag.py:3239} INFO - Sync 1 DAGs
[2026-05-28T09:56:41.752+0000] {logging_mixin.py:190} INFO - [2026-05-28T09:56:41.752+0000] {dag.py:4180} INFO - Setting next_dagrun for example_branch_operator to 2026-05-27 00:00:00+00:00, run_after=2026-05-28 00:00:00+00:00
[2026-05-28T09:56:41.804+0000] {processor.py:208} INFO - Processing /home/airflow/.local/lib/python3.12/site-packages/airflow/example_dags/example_branch_operator.py took 0.333 seconds
[2026-05-28T09:58:05.933+0000] {processor.py:186} INFO - Started process (PID=12038) to work on /home/airflow/.local/lib/python3.12/site-packages/airflow/example_dags/example_branch_operator.py
[2026-05-28T09:58:05.936+0000] {processor.py:914} INFO - Processing file /home/airflow/.local/lib/python3.12/site-packages/airflow/example_dags/example_branch_operator.py for tasks to queue
[2026-05-28T09:58:05.941+0000] {logging_mixin.py:190} INFO - [2026-05-28T09:58:05.940+0000] {dagbag.py:588} INFO - Filling up the DagBag from /home/airflow/.local/lib/python3.12/site-packages/airflow/example_dags/example_branch_operator.py
[2026-05-28T09:58:06.002+0000] {processor.py:925} INFO - DAG(s) 'example_branch_operator' retrieved from /home/airflow/.local/lib/python3.12/site-packages/airflow/example_dags/example_branch_operator.py
[2026-05-28T09:58:06.105+0000] {logging_mixin.py:190} INFO - [2026-05-28T09:58:06.105+0000] {dag.py:3239} INFO - Sync 1 DAGs
[2026-05-28T09:58:06.180+0000] {logging_mixin.py:190} INFO - [2026-05-28T09:58:06.179+0000] {dag.py:4180} INFO - Setting next_dagrun for example_branch_operator to 2026-05-27 00:00:00+00:00, run_after=2026-05-28 00:00:00+00:00
[2026-05-28T09:58:06.232+0000] {processor.py:208} INFO - Processing /home/airflow/.local/lib/python3.12/site-packages/airflow/example_dags/example_branch_operator.py took 0.319 seconds
[2026-05-28T10:01:55.955+0000] {processor.py:186} INFO - Started process (PID=121) to work on /home/airflow/.local/lib/python3.12/site-packages/airflow/example_dags/example_branch_operator.py
[2026-05-28T10:01:55.959+0000] {processor.py:914} INFO - Processing file /home/airflow/.local/lib/python3.12/site-packages/airflow/example_dags/example_branch_operator.py for tasks to queue
[2026-05-28T10:01:55.974+0000] {logging_mixin.py:190} INFO - [2026-05-28T10:01:55.973+0000] {dagbag.py:588} INFO - Filling up the DagBag from /home/airflow/.local/lib/python3.12/site-packages/airflow/example_dags/example_branch_operator.py
[2026-05-28T10:01:56.028+0000] {processor.py:925} INFO - DAG(s) 'example_branch_operator' retrieved from /home/airflow/.local/lib/python3.12/site-packages/airflow/example_dags/example_branch_operator.py
[2026-05-28T10:01:56.467+0000] {logging_mixin.py:190} INFO - [2026-05-28T10:01:56.466+0000] {dag.py:3239} INFO - Sync 1 DAGs
[2026-05-28T10:01:56.506+0000] {logging_mixin.py:190} INFO - [2026-05-28T10:01:56.505+0000] {dag.py:4180} INFO - Setting next_dagrun for example_branch_operator to 2026-05-27 00:00:00+00:00, run_after=2026-05-28 00:00:00+00:00
[2026-05-28T10:01:56.550+0000] {processor.py:208} INFO - Processing /home/airflow/.local/lib/python3.12/site-packages/airflow/example_dags/example_branch_operator.py took 0.620 seconds
[2026-05-28T10:02:42.273+0000] {processor.py:186} INFO - Started process (PID=184) to work on /home/airflow/.local/lib/python3.12/site-packages/airflow/example_dags/example_branch_operator.py
[2026-05-28T10:02:42.275+0000] {processor.py:914} INFO - Processing file /home/airflow/.local/lib/python3.12/site-packages/airflow/example_dags/example_branch_operator.py for tasks to queue
[2026-05-28T10:02:42.280+0000] {logging_mixin.py:190} INFO - [2026-05-28T10:02:42.279+0000] {dagbag.py:588} INFO - Filling up the DagBag from /home/airflow/.local/lib/python3.12/site-packages/airflow/example_dags/example_branch_operator.py
[2026-05-28T10:02:42.321+0000] {processor.py:925} INFO - DAG(s) 'example_branch_operator' retrieved from /home/airflow/.local/lib/python3.12/site-packages/airflow/example_dags/example_branch_operator.py
[2026-05-28T10:02:42.379+0000] {logging_mixin.py:190} INFO - [2026-05-28T10:02:42.379+0000] {dag.py:3239} INFO - Sync 1 DAGs
[2026-05-28T10:02:42.444+0000] {logging_mixin.py:190} INFO - [2026-05-28T10:02:42.443+0000] {dag.py:4180} INFO - Setting next_dagrun for example_branch_operator to 2026-05-27 00:00:00+00:00, run_after=2026-05-28 00:00:00+00:00
[2026-05-28T10:02:42.487+0000] {processor.py:208} INFO - Processing /home/airflow/.local/lib/python3.12/site-packages/airflow/example_dags/example_branch_operator.py took 0.224 seconds
[2026-05-28T10:03:19.365+0000] {processor.py:186} INFO - Started process (PID=247) to work on /home/airflow/.local/lib/python3.12/site-packages/airflow/example_dags/example_branch_operator.py
[2026-05-28T10:03:19.367+0000] {processor.py:914} INFO - Processing file /home/airflow/.local/lib/python3.12/site-packages/airflow/example_dags/example_branch_operator.py for tasks to queue
[2026-05-28T10:03:19.371+0000] {logging_mixin.py:190} INFO - [2026-05-28T10:03:19.371+0000] {dagbag.py:588} INFO - Filling up the DagBag from /home/airflow/.local/lib/python3.12/site-packages/airflow/example_dags/example_branch_operator.py
[2026-05-28T10:03:19.412+0000] {processor.py:925} INFO - DAG(s) 'example_branch_operator' retrieved from /home/airflow/.local/lib/python3.12/site-packages/airflow/example_dags/example_branch_operator.py
[2026-05-28T10:03:19.466+0000] {logging_mixin.py:190} INFO - [2026-05-28T10:03:19.465+0000] {dag.py:3239} INFO - Sync 1 DAGs
[2026-05-28T10:03:19.521+0000] {logging_mixin.py:190} INFO - [2026-05-28T10:03:19.521+0000] {dag.py:4180} INFO - Setting next_dagrun for example_branch_operator to 2026-05-27 00:00:00+00:00, run_after=2026-05-28 00:00:00+00:00
[2026-05-28T10:03:19.561+0000] {processor.py:208} INFO - Processing /home/airflow/.local/lib/python3.12/site-packages/airflow/example_dags/example_branch_operator.py took 0.205 seconds
[2026-05-28T10:03:58.106+0000] {processor.py:186} INFO - Started process (PID=316) to work on /home/airflow/.local/lib/python3.12/site-packages/airflow/example_dags/example_branch_operator.py
[2026-05-28T10:03:58.108+0000] {processor.py:914} INFO - Processing file /home/airflow/.local/lib/python3.12/site-packages/airflow/example_dags/example_branch_operator.py for tasks to queue
[2026-05-28T10:03:58.113+0000] {logging_mixin.py:190} INFO - [2026-05-28T10:03:58.113+0000] {dagbag.py:588} INFO - Filling up the DagBag from /home/airflow/.local/lib/python3.12/site-packages/airflow/example_dags/example_branch_operator.py
[2026-05-28T10:03:58.149+0000] {processor.py:925} INFO - DAG(s) 'example_branch_operator' retrieved from /home/airflow/.local/lib/python3.12/site-packages/airflow/example_dags/example_branch_operator.py
[2026-05-28T10:03:58.203+0000] {logging_mixin.py:190} INFO - [2026-05-28T10:03:58.203+0000] {dag.py:3239} INFO - Sync 1 DAGs
[2026-05-28T10:03:58.252+0000] {logging_mixin.py:190} INFO - [2026-05-28T10:03:58.251+0000] {dag.py:4180} INFO - Setting next_dagrun for example_branch_operator to 2026-05-27 00:00:00+00:00, run_after=2026-05-28 00:00:00+00:00
[2026-05-28T10:03:58.297+0000] {processor.py:208} INFO - Processing /home/airflow/.local/lib/python3.12/site-packages/airflow/example_dags/example_branch_operator.py took 0.203 seconds
[2026-05-28T10:04:29.032+0000] {processor.py:186} INFO - Started process (PID=391) to work on /home/airflow/.local/lib/python3.12/site-packages/airflow/example_dags/example_branch_operator.py
[2026-05-28T10:04:29.034+0000] {processor.py:914} INFO - Processing file /home/airflow/.local/lib/python3.12/site-packages/airflow/example_dags/example_branch_operator.py for tasks to queue
[2026-05-28T10:04:29.040+0000] {logging_mixin.py:190} INFO - [2026-05-28T10:04:29.039+0000] {dagbag.py:588} INFO - Filling up the DagBag from /home/airflow/.local/lib/python3.12/site-packages/airflow/example_dags/example_branch_operator.py
[2026-05-28T10:04:29.082+0000] {processor.py:925} INFO - DAG(s) 'example_branch_operator' retrieved from /home/airflow/.local/lib/python3.12/site-packages/airflow/example_dags/example_branch_operator.py
[2026-05-28T10:04:29.154+0000] {logging_mixin.py:190} INFO - [2026-05-28T10:04:29.153+0000] {dag.py:3239} INFO - Sync 1 DAGs
[2026-05-28T10:04:29.209+0000] {logging_mixin.py:190} INFO - [2026-05-28T10:04:29.209+0000] {dag.py:4180} INFO - Setting next_dagrun for example_branch_operator to 2026-05-27 00:00:00+00:00, run_after=2026-05-28 00:00:00+00:00
[2026-05-28T10:04:29.253+0000] {processor.py:208} INFO - Processing /home/airflow/.local/lib/python3.12/site-packages/airflow/example_dags/example_branch_operator.py took 0.233 seconds
[2026-05-28T10:05:02.062+0000] {processor.py:186} INFO - Started process (PID=454) to work on /home/airflow/.local/lib/python3.12/site-packages/airflow/example_dags/example_branch_operator.py
[2026-05-28T10:05:02.064+0000] {processor.py:914} INFO - Processing file /home/airflow/.local/lib/python3.12/site-packages/airflow/example_dags/example_branch_operator.py for tasks to queue
[2026-05-28T10:05:02.071+0000] {logging_mixin.py:190} INFO - [2026-05-28T10:05:02.070+0000] {dagbag.py:588} INFO - Filling up the DagBag from /home/airflow/.local/lib/python3.12/site-packages/airflow/example_dags/example_branch_operator.py
[2026-05-28T10:05:02.113+0000] {processor.py:925} INFO - DAG(s) 'example_branch_operator' retrieved from /home/airflow/.local/lib/python3.12/site-packages/airflow/example_dags/example_branch_operator.py
[2026-05-28T10:05:02.209+0000] {logging_mixin.py:190} INFO - [2026-05-28T10:05:02.208+0000] {dag.py:3239} INFO - Sync 1 DAGs
[2026-05-28T10:05:02.255+0000] {logging_mixin.py:190} INFO - [2026-05-28T10:05:02.254+0000] {dag.py:4180} INFO - Setting next_dagrun for example_branch_operator to 2026-05-27 00:00:00+00:00, run_after=2026-05-28 00:00:00+00:00
[2026-05-28T10:05:02.294+0000] {processor.py:208} INFO - Processing /home/airflow/.local/lib/python3.12/site-packages/airflow/example_dags/example_branch_operator.py took 0.246 seconds
[2026-05-28T10:05:36.303+0000] {processor.py:186} INFO - Started process (PID=517) to work on /home/airflow/.local/lib/python3.12/site-packages/airflow/example_dags/example_branch_operator.py
[2026-05-28T10:05:36.305+0000] {processor.py:914} INFO - Processing file /home/airflow/.local/lib/python3.12/site-packages/airflow/example_dags/example_branch_operator.py for tasks to queue
[2026-05-28T10:05:36.310+0000] {logging_mixin.py:190} INFO - [2026-05-28T10:05:36.310+0000] {dagbag.py:588} INFO - Filling up the DagBag from /home/airflow/.local/lib/python3.12/site-packages/airflow/example_dags/example_branch_operator.py
[2026-05-28T10:05:36.343+0000] {processor.py:925} INFO - DAG(s) 'example_branch_operator' retrieved from /home/airflow/.local/lib/python3.12/site-packages/airflow/example_dags/example_branch_operator.py
[2026-05-28T10:05:36.402+0000] {logging_mixin.py:190} INFO - [2026-05-28T10:05:36.401+0000] {dag.py:3239} INFO - Sync 1 DAGs
[2026-05-28T10:05:36.448+0000] {logging_mixin.py:190} INFO - [2026-05-28T10:05:36.448+0000] {dag.py:4180} INFO - Setting next_dagrun for example_branch_operator to 2026-05-27 00:00:00+00:00, run_after=2026-05-28 00:00:00+00:00
[2026-05-28T10:05:36.495+0000] {processor.py:208} INFO - Processing /home/airflow/.local/lib/python3.12/site-packages/airflow/example_dags/example_branch_operator.py took 0.203 seconds
[2026-05-28T10:06:10.053+0000] {processor.py:186} INFO - Started process (PID=579) to work on /home/airflow/.local/lib/python3.12/site-packages/airflow/example_dags/example_branch_operator.py
[2026-05-28T10:06:10.055+0000] {processor.py:914} INFO - Processing file /home/airflow/.local/lib/python3.12/site-packages/airflow/example_dags/example_branch_operator.py for tasks to queue
[2026-05-28T10:06:10.060+0000] {logging_mixin.py:190} INFO - [2026-05-28T10:06:10.059+0000] {dagbag.py:588} INFO - Filling up the DagBag from /home/airflow/.local/lib/python3.12/site-packages/airflow/example_dags/example_branch_operator.py
[2026-05-28T10:06:10.094+0000] {processor.py:925} INFO - DAG(s) 'example_branch_operator' retrieved from /home/airflow/.local/lib/python3.12/site-packages/airflow/example_dags/example_branch_operator.py
[2026-05-28T10:06:10.168+0000] {logging_mixin.py:190} INFO - [2026-05-28T10:06:10.167+0000] {dag.py:3239} INFO - Sync 1 DAGs
[2026-05-28T10:06:10.216+0000] {logging_mixin.py:190} INFO - [2026-05-28T10:06:10.216+0000] {dag.py:4180} INFO - Setting next_dagrun for example_branch_operator to 2026-05-27 00:00:00+00:00, run_after=2026-05-28 00:00:00+00:00
[2026-05-28T10:06:10.256+0000] {processor.py:208} INFO - Processing /home/airflow/.local/lib/python3.12/site-packages/airflow/example_dags/example_branch_operator.py took 0.215 seconds
[2026-05-28T10:06:41.625+0000] {processor.py:186} INFO - Started process (PID=634) to work on /home/airflow/.local/lib/python3.12/site-packages/airflow/example_dags/example_branch_operator.py
[2026-05-28T10:06:41.627+0000] {processor.py:914} INFO - Processing file /home/airflow/.local/lib/python3.12/site-packages/airflow/example_dags/example_branch_operator.py for tasks to queue
[2026-05-28T10:06:41.633+0000] {logging_mixin.py:190} INFO - [2026-05-28T10:06:41.633+0000] {dagbag.py:588} INFO - Filling up the DagBag from /home/airflow/.local/lib/python3.12/site-packages/airflow/example_dags/example_branch_operator.py
[2026-05-28T10:06:41.676+0000] {processor.py:925} INFO - DAG(s) 'example_branch_operator' retrieved from /home/airflow/.local/lib/python3.12/site-packages/airflow/example_dags/example_branch_operator.py
[2026-05-28T10:06:41.761+0000] {logging_mixin.py:190} INFO - [2026-05-28T10:06:41.761+0000] {dag.py:3239} INFO - Sync 1 DAGs
[2026-05-28T10:06:41.818+0000] {logging_mixin.py:190} INFO - [2026-05-28T10:06:41.818+0000] {dag.py:4180} INFO - Setting next_dagrun for example_branch_operator to 2026-05-27 00:00:00+00:00, run_after=2026-05-28 00:00:00+00:00
[2026-05-28T10:06:41.860+0000] {processor.py:208} INFO - Processing /home/airflow/.local/lib/python3.12/site-packages/airflow/example_dags/example_branch_operator.py took 0.248 seconds
[2026-05-28T10:07:16.832+0000] {processor.py:186} INFO - Started process (PID=693) to work on /home/airflow/.local/lib/python3.12/site-packages/airflow/example_dags/example_branch_operator.py
[2026-05-28T10:07:16.834+0000] {processor.py:914} INFO - Processing file /home/airflow/.local/lib/python3.12/site-packages/airflow/example_dags/example_branch_operator.py for tasks to queue
[2026-05-28T10:07:16.841+0000] {logging_mixin.py:190} INFO - [2026-05-28T10:07:16.840+0000] {dagbag.py:588} INFO - Filling up the DagBag from /home/airflow/.local/lib/python3.12/site-packages/airflow/example_dags/example_branch_operator.py
[2026-05-28T10:07:16.879+0000] {processor.py:925} INFO - DAG(s) 'example_branch_operator' retrieved from /home/airflow/.local/lib/python3.12/site-packages/airflow/example_dags/example_branch_operator.py
[2026-05-28T10:07:16.956+0000] {logging_mixin.py:190} INFO - [2026-05-28T10:07:16.956+0000] {dag.py:3239} INFO - Sync 1 DAGs
[2026-05-28T10:07:17.018+0000] {logging_mixin.py:190} INFO - [2026-05-28T10:07:17.017+0000] {dag.py:4180} INFO - Setting next_dagrun for example_branch_operator to 2026-05-27 00:00:00+00:00, run_after=2026-05-28 00:00:00+00:00
[2026-05-28T10:07:17.075+0000] {processor.py:208} INFO - Processing /home/airflow/.local/lib/python3.12/site-packages/airflow/example_dags/example_branch_operator.py took 0.257 seconds
[2026-05-28T10:07:53.085+0000] {processor.py:186} INFO - Started process (PID=748) to work on /home/airflow/.local/lib/python3.12/site-packages/airflow/example_dags/example_branch_operator.py
[2026-05-28T10:07:53.087+0000] {processor.py:914} INFO - Processing file /home/airflow/.local/lib/python3.12/site-packages/airflow/example_dags/example_branch_operator.py for tasks to queue
[2026-05-28T10:07:53.093+0000] {logging_mixin.py:190} INFO - [2026-05-28T10:07:53.092+0000] {dagbag.py:588} INFO - Filling up the DagBag from /home/airflow/.local/lib/python3.12/site-packages/airflow/example_dags/example_branch_operator.py
[2026-05-28T10:07:53.129+0000] {processor.py:925} INFO - DAG(s) 'example_branch_operator' retrieved from /home/airflow/.local/lib/python3.12/site-packages/airflow/example_dags/example_branch_operator.py
[2026-05-28T10:07:53.199+0000] {logging_mixin.py:190} INFO - [2026-05-28T10:07:53.198+0000] {dag.py:3239} INFO - Sync 1 DAGs
[2026-05-28T10:07:53.257+0000] {logging_mixin.py:190} INFO - [2026-05-28T10:07:53.256+0000] {dag.py:4180} INFO - Setting next_dagrun for example_branch_operator to 2026-05-27 00:00:00+00:00, run_after=2026-05-28 00:00:00+00:00
[2026-05-28T10:07:53.344+0000] {processor.py:208} INFO - Processing /home/airflow/.local/lib/python3.12/site-packages/airflow/example_dags/example_branch_operator.py took 0.268 seconds
[2026-05-28T10:08:31.136+0000] {processor.py:186} INFO - Started process (PID=813) to work on /home/airflow/.local/lib/python3.12/site-packages/airflow/example_dags/example_branch_operator.py
[2026-05-28T10:08:31.151+0000] {processor.py:914} INFO - Processing file /home/airflow/.local/lib/python3.12/site-packages/airflow/example_dags/example_branch_operator.py for tasks to queue
[2026-05-28T10:08:31.169+0000] {logging_mixin.py:190} INFO - [2026-05-28T10:08:31.168+0000] {dagbag.py:588} INFO - Filling up the DagBag from /home/airflow/.local/lib/python3.12/site-packages/airflow/example_dags/example_branch_operator.py
[2026-05-28T10:08:31.297+0000] {processor.py:925} INFO - DAG(s) 'example_branch_operator' retrieved from /home/airflow/.local/lib/python3.12/site-packages/airflow/example_dags/example_branch_operator.py
[2026-05-28T10:08:31.567+0000] {logging_mixin.py:190} INFO - [2026-05-28T10:08:31.567+0000] {dag.py:3239} INFO - Sync 1 DAGs
[2026-05-28T10:08:31.761+0000] {logging_mixin.py:190} INFO - [2026-05-28T10:08:31.760+0000] {dag.py:4180} INFO - Setting next_dagrun for example_branch_operator to 2026-05-27 00:00:00+00:00, run_after=2026-05-28 00:00:00+00:00
[2026-05-28T10:08:31.877+0000] {processor.py:208} INFO - Processing /home/airflow/.local/lib/python3.12/site-packages/airflow/example_dags/example_branch_operator.py took 0.791 seconds
[2026-05-28T10:09:38.897+0000] {processor.py:186} INFO - Started process (PID=884) to work on /home/airflow/.local/lib/python3.12/site-packages/airflow/example_dags/example_branch_operator.py
[2026-05-28T10:09:38.899+0000] {processor.py:914} INFO - Processing file /home/airflow/.local/lib/python3.12/site-packages/airflow/example_dags/example_branch_operator.py for tasks to queue
[2026-05-28T10:09:38.903+0000] {logging_mixin.py:190} INFO - [2026-05-28T10:09:38.902+0000] {dagbag.py:588} INFO - Filling up the DagBag from /home/airflow/.local/lib/python3.12/site-packages/airflow/example_dags/example_branch_operator.py
[2026-05-28T10:09:38.928+0000] {processor.py:925} INFO - DAG(s) 'example_branch_operator' retrieved from /home/airflow/.local/lib/python3.12/site-packages/airflow/example_dags/example_branch_operator.py
[2026-05-28T10:09:38.980+0000] {logging_mixin.py:190} INFO - [2026-05-28T10:09:38.979+0000] {dag.py:3239} INFO - Sync 1 DAGs
[2026-05-28T10:09:39.026+0000] {logging_mixin.py:190} INFO - [2026-05-28T10:09:39.026+0000] {dag.py:4180} INFO - Setting next_dagrun for example_branch_operator to 2026-05-27 00:00:00+00:00, run_after=2026-05-28 00:00:00+00:00
[2026-05-28T10:09:39.113+0000] {processor.py:208} INFO - Processing /home/airflow/.local/lib/python3.12/site-packages/airflow/example_dags/example_branch_operator.py took 0.224 seconds
[2026-05-28T10:10:23.143+0000] {processor.py:186} INFO - Started process (PID=954) to work on /home/airflow/.local/lib/python3.12/site-packages/airflow/example_dags/example_branch_operator.py
[2026-05-28T10:10:23.145+0000] {processor.py:914} INFO - Processing file /home/airflow/.local/lib/python3.12/site-packages/airflow/example_dags/example_branch_operator.py for tasks to queue
[2026-05-28T10:10:23.149+0000] {logging_mixin.py:190} INFO - [2026-05-28T10:10:23.148+0000] {dagbag.py:588} INFO - Filling up the DagBag from /home/airflow/.local/lib/python3.12/site-packages/airflow/example_dags/example_branch_operator.py
[2026-05-28T10:10:23.178+0000] {processor.py:925} INFO - DAG(s) 'example_branch_operator' retrieved from /home/airflow/.local/lib/python3.12/site-packages/airflow/example_dags/example_branch_operator.py
[2026-05-28T10:10:23.225+0000] {logging_mixin.py:190} INFO - [2026-05-28T10:10:23.224+0000] {dag.py:3239} INFO - Sync 1 DAGs
[2026-05-28T10:10:23.279+0000] {logging_mixin.py:190} INFO - [2026-05-28T10:10:23.279+0000] {dag.py:4180} INFO - Setting next_dagrun for example_branch_operator to 2026-05-27 00:00:00+00:00, run_after=2026-05-28 00:00:00+00:00
[2026-05-28T10:10:23.328+0000] {processor.py:208} INFO - Processing /home/airflow/.local/lib/python3.12/site-packages/airflow/example_dags/example_branch_operator.py took 0.194 seconds
[2026-05-28T10:11:06.031+0000] {processor.py:186} INFO - Started process (PID=1023) to work on /home/airflow/.local/lib/python3.12/site-packages/airflow/example_dags/example_branch_operator.py
[2026-05-28T10:11:06.033+0000] {processor.py:914} INFO - Processing file /home/airflow/.local/lib/python3.12/site-packages/airflow/example_dags/example_branch_operator.py for tasks to queue
[2026-05-28T10:11:06.039+0000] {logging_mixin.py:190} INFO - [2026-05-28T10:11:06.038+0000] {dagbag.py:588} INFO - Filling up the DagBag from /home/airflow/.local/lib/python3.12/site-packages/airflow/example_dags/example_branch_operator.py
[2026-05-28T10:11:06.075+0000] {processor.py:925} INFO - DAG(s) 'example_branch_operator' retrieved from /home/airflow/.local/lib/python3.12/site-packages/airflow/example_dags/example_branch_operator.py
[2026-05-28T10:11:06.157+0000] {logging_mixin.py:190} INFO - [2026-05-28T10:11:06.156+0000] {dag.py:3239} INFO - Sync 1 DAGs
[2026-05-28T10:11:06.225+0000] {logging_mixin.py:190} INFO - [2026-05-28T10:11:06.225+0000] {dag.py:4180} INFO - Setting next_dagrun for example_branch_operator to 2026-05-27 00:00:00+00:00, run_after=2026-05-28 00:00:00+00:00
[2026-05-28T10:11:06.275+0000] {processor.py:208} INFO - Processing /home/airflow/.local/lib/python3.12/site-packages/airflow/example_dags/example_branch_operator.py took 0.256 seconds
[2026-05-28T10:11:41.617+0000] {processor.py:186} INFO - Started process (PID=1085) to work on /home/airflow/.local/lib/python3.12/site-packages/airflow/example_dags/example_branch_operator.py
[2026-05-28T10:11:41.624+0000] {processor.py:914} INFO - Processing file /home/airflow/.local/lib/python3.12/site-packages/airflow/example_dags/example_branch_operator.py for tasks to queue
[2026-05-28T10:11:41.643+0000] {logging_mixin.py:190} INFO - [2026-05-28T10:11:41.642+0000] {dagbag.py:588} INFO - Filling up the DagBag from /home/airflow/.local/lib/python3.12/site-packages/airflow/example_dags/example_branch_operator.py
[2026-05-28T10:11:41.715+0000] {processor.py:925} INFO - DAG(s) 'example_branch_operator' retrieved from /home/airflow/.local/lib/python3.12/site-packages/airflow/example_dags/example_branch_operator.py
[2026-05-28T10:11:41.835+0000] {logging_mixin.py:190} INFO - [2026-05-28T10:11:41.834+0000] {dag.py:3239} INFO - Sync 1 DAGs
[2026-05-28T10:11:41.957+0000] {logging_mixin.py:190} INFO - [2026-05-28T10:11:41.956+0000] {dag.py:4180} INFO - Setting next_dagrun for example_branch_operator to 2026-05-27 00:00:00+00:00, run_after=2026-05-28 00:00:00+00:00
[2026-05-28T10:11:42.039+0000] {processor.py:208} INFO - Processing /home/airflow/.local/lib/python3.12/site-packages/airflow/example_dags/example_branch_operator.py took 0.446 seconds
[2026-05-28T10:12:22.509+0000] {processor.py:186} INFO - Started process (PID=1157) to work on /home/airflow/.local/lib/python3.12/site-packages/airflow/example_dags/example_branch_operator.py
[2026-05-28T10:12:22.511+0000] {processor.py:914} INFO - Processing file /home/airflow/.local/lib/python3.12/site-packages/airflow/example_dags/example_branch_operator.py for tasks to queue
[2026-05-28T10:12:22.516+0000] {logging_mixin.py:190} INFO - [2026-05-28T10:12:22.515+0000] {dagbag.py:588} INFO - Filling up the DagBag from /home/airflow/.local/lib/python3.12/site-packages/airflow/example_dags/example_branch_operator.py
[2026-05-28T10:12:22.551+0000] {processor.py:925} INFO - DAG(s) 'example_branch_operator' retrieved from /home/airflow/.local/lib/python3.12/site-packages/airflow/example_dags/example_branch_operator.py
[2026-05-28T10:12:22.623+0000] {logging_mixin.py:190} INFO - [2026-05-28T10:12:22.622+0000] {dag.py:3239} INFO - Sync 1 DAGs
[2026-05-28T10:12:22.673+0000] {logging_mixin.py:190} INFO - [2026-05-28T10:12:22.672+0000] {dag.py:4180} INFO - Setting next_dagrun for example_branch_operator to 2026-05-27 00:00:00+00:00, run_after=2026-05-28 00:00:00+00:00
[2026-05-28T10:12:22.719+0000] {processor.py:208} INFO - Processing /home/airflow/.local/lib/python3.12/site-packages/airflow/example_dags/example_branch_operator.py took 0.219 seconds
[2026-05-28T10:12:56.367+0000] {processor.py:186} INFO - Started process (PID=1219) to work on /home/airflow/.local/lib/python3.12/site-packages/airflow/example_dags/example_branch_operator.py
[2026-05-28T10:12:56.369+0000] {processor.py:914} INFO - Processing file /home/airflow/.local/lib/python3.12/site-packages/airflow/example_dags/example_branch_operator.py for tasks to queue
[2026-05-28T10:12:56.373+0000] {logging_mixin.py:190} INFO - [2026-05-28T10:12:56.372+0000] {dagbag.py:588} INFO - Filling up the DagBag from /home/airflow/.local/lib/python3.12/site-packages/airflow/example_dags/example_branch_operator.py
[2026-05-28T10:12:56.408+0000] {processor.py:925} INFO - DAG(s) 'example_branch_operator' retrieved from /home/airflow/.local/lib/python3.12/site-packages/airflow/example_dags/example_branch_operator.py
[2026-05-28T10:12:56.456+0000] {logging_mixin.py:190} INFO - [2026-05-28T10:12:56.456+0000] {dag.py:3239} INFO - Sync 1 DAGs
[2026-05-28T10:12:56.491+0000] {logging_mixin.py:190} INFO - [2026-05-28T10:12:56.491+0000] {dag.py:4180} INFO - Setting next_dagrun for example_branch_operator to 2026-05-27 00:00:00+00:00, run_after=2026-05-28 00:00:00+00:00
[2026-05-28T10:12:56.546+0000] {processor.py:208} INFO - Processing /home/airflow/.local/lib/python3.12/site-packages/airflow/example_dags/example_branch_operator.py took 0.189 seconds
[2026-05-28T10:13:28.555+0000] {processor.py:186} INFO - Started process (PID=1280) to work on /home/airflow/.local/lib/python3.12/site-packages/airflow/example_dags/example_branch_operator.py
[2026-05-28T10:13:28.557+0000] {processor.py:914} INFO - Processing file /home/airflow/.local/lib/python3.12/site-packages/airflow/example_dags/example_branch_operator.py for tasks to queue
[2026-05-28T10:13:28.563+0000] {logging_mixin.py:190} INFO - [2026-05-28T10:13:28.562+0000] {dagbag.py:588} INFO - Filling up the DagBag from /home/airflow/.local/lib/python3.12/site-packages/airflow/example_dags/example_branch_operator.py
[2026-05-28T10:13:28.607+0000] {processor.py:925} INFO - DAG(s) 'example_branch_operator' retrieved from /home/airflow/.local/lib/python3.12/site-packages/airflow/example_dags/example_branch_operator.py
[2026-05-28T10:13:28.670+0000] {logging_mixin.py:190} INFO - [2026-05-28T10:13:28.670+0000] {dag.py:3239} INFO - Sync 1 DAGs
[2026-05-28T10:13:28.715+0000] {logging_mixin.py:190} INFO - [2026-05-28T10:13:28.714+0000] {dag.py:4180} INFO - Setting next_dagrun for example_branch_operator to 2026-05-27 00:00:00+00:00, run_after=2026-05-28 00:00:00+00:00
[2026-05-28T10:13:28.811+0000] {processor.py:208} INFO - Processing /home/airflow/.local/lib/python3.12/site-packages/airflow/example_dags/example_branch_operator.py took 0.269 seconds
[2026-05-28T10:14:05.693+0000] {processor.py:186} INFO - Started process (PID=1348) to work on /home/airflow/.local/lib/python3.12/site-packages/airflow/example_dags/example_branch_operator.py
[2026-05-28T10:14:05.695+0000] {processor.py:914} INFO - Processing file /home/airflow/.local/lib/python3.12/site-packages/airflow/example_dags/example_branch_operator.py for tasks to queue
[2026-05-28T10:14:05.699+0000] {logging_mixin.py:190} INFO - [2026-05-28T10:14:05.699+0000] {dagbag.py:588} INFO - Filling up the DagBag from /home/airflow/.local/lib/python3.12/site-packages/airflow/example_dags/example_branch_operator.py
[2026-05-28T10:14:05.733+0000] {processor.py:925} INFO - DAG(s) 'example_branch_operator' retrieved from /home/airflow/.local/lib/python3.12/site-packages/airflow/example_dags/example_branch_operator.py
[2026-05-28T10:14:05.784+0000] {logging_mixin.py:190} INFO - [2026-05-28T10:14:05.783+0000] {dag.py:3239} INFO - Sync 1 DAGs
[2026-05-28T10:14:05.827+0000] {logging_mixin.py:190} INFO - [2026-05-28T10:14:05.826+0000] {dag.py:4180} INFO - Setting next_dagrun for example_branch_operator to 2026-05-27 00:00:00+00:00, run_after=2026-05-28 00:00:00+00:00
[2026-05-28T10:14:05.861+0000] {processor.py:208} INFO - Processing /home/airflow/.local/lib/python3.12/site-packages/airflow/example_dags/example_branch_operator.py took 0.178 seconds
[2026-05-28T10:14:46.204+0000] {processor.py:186} INFO - Started process (PID=1421) to work on /home/airflow/.local/lib/python3.12/site-packages/airflow/example_dags/example_branch_operator.py
[2026-05-28T10:14:46.207+0000] {processor.py:914} INFO - Processing file /home/airflow/.local/lib/python3.12/site-packages/airflow/example_dags/example_branch_operator.py for tasks to queue
[2026-05-28T10:14:46.214+0000] {logging_mixin.py:190} INFO - [2026-05-28T10:14:46.213+0000] {dagbag.py:588} INFO - Filling up the DagBag from /home/airflow/.local/lib/python3.12/site-packages/airflow/example_dags/example_branch_operator.py
[2026-05-28T10:14:46.278+0000] {processor.py:925} INFO - DAG(s) 'example_branch_operator' retrieved from /home/airflow/.local/lib/python3.12/site-packages/airflow/example_dags/example_branch_operator.py
[2026-05-28T10:14:46.369+0000] {logging_mixin.py:190} INFO - [2026-05-28T10:14:46.369+0000] {dag.py:3239} INFO - Sync 1 DAGs
[2026-05-28T10:14:46.422+0000] {logging_mixin.py:190} INFO - [2026-05-28T10:14:46.421+0000] {dag.py:4180} INFO - Setting next_dagrun for example_branch_operator to 2026-05-27 00:00:00+00:00, run_after=2026-05-28 00:00:00+00:00
[2026-05-28T10:14:46.474+0000] {processor.py:208} INFO - Processing /home/airflow/.local/lib/python3.12/site-packages/airflow/example_dags/example_branch_operator.py took 0.281 seconds
[2026-05-28T10:15:20.374+0000] {processor.py:186} INFO - Started process (PID=1481) to work on /home/airflow/.local/lib/python3.12/site-packages/airflow/example_dags/example_branch_operator.py
[2026-05-28T10:15:20.375+0000] {processor.py:914} INFO - Processing file /home/airflow/.local/lib/python3.12/site-packages/airflow/example_dags/example_branch_operator.py for tasks to queue
[2026-05-28T10:15:20.381+0000] {logging_mixin.py:190} INFO - [2026-05-28T10:15:20.380+0000] {dagbag.py:588} INFO - Filling up the DagBag from /home/airflow/.local/lib/python3.12/site-packages/airflow/example_dags/example_branch_operator.py
[2026-05-28T10:15:20.419+0000] {processor.py:925} INFO - DAG(s) 'example_branch_operator' retrieved from /home/airflow/.local/lib/python3.12/site-packages/airflow/example_dags/example_branch_operator.py
[2026-05-28T10:15:20.474+0000] {logging_mixin.py:190} INFO - [2026-05-28T10:15:20.473+0000] {dag.py:3239} INFO - Sync 1 DAGs
[2026-05-28T10:15:20.516+0000] {logging_mixin.py:190} INFO - [2026-05-28T10:15:20.516+0000] {dag.py:4180} INFO - Setting next_dagrun for example_branch_operator to 2026-05-27 00:00:00+00:00, run_after=2026-05-28 00:00:00+00:00
[2026-05-28T10:15:20.556+0000] {processor.py:208} INFO - Processing /home/airflow/.local/lib/python3.12/site-packages/airflow/example_dags/example_branch_operator.py took 0.191 seconds
[2026-05-28T10:15:53.730+0000] {processor.py:186} INFO - Started process (PID=1542) to work on /home/airflow/.local/lib/python3.12/site-packages/airflow/example_dags/example_branch_operator.py
[2026-05-28T10:15:53.732+0000] {processor.py:914} INFO - Processing file /home/airflow/.local/lib/python3.12/site-packages/airflow/example_dags/example_branch_operator.py for tasks to queue
[2026-05-28T10:15:53.737+0000] {logging_mixin.py:190} INFO - [2026-05-28T10:15:53.736+0000] {dagbag.py:588} INFO - Filling up the DagBag from /home/airflow/.local/lib/python3.12/site-packages/airflow/example_dags/example_branch_operator.py
[2026-05-28T10:15:53.804+0000] {processor.py:925} INFO - DAG(s) 'example_branch_operator' retrieved from /home/airflow/.local/lib/python3.12/site-packages/airflow/example_dags/example_branch_operator.py
[2026-05-28T10:15:53.869+0000] {logging_mixin.py:190} INFO - [2026-05-28T10:15:53.869+0000] {dag.py:3239} INFO - Sync 1 DAGs
[2026-05-28T10:15:53.913+0000] {logging_mixin.py:190} INFO - [2026-05-28T10:15:53.912+0000] {dag.py:4180} INFO - Setting next_dagrun for example_branch_operator to 2026-05-27 00:00:00+00:00, run_after=2026-05-28 00:00:00+00:00
[2026-05-28T10:15:53.953+0000] {processor.py:208} INFO - Processing /home/airflow/.local/lib/python3.12/site-packages/airflow/example_dags/example_branch_operator.py took 0.231 seconds
[2026-05-28T10:16:26.617+0000] {processor.py:186} INFO - Started process (PID=1604) to work on /home/airflow/.local/lib/python3.12/site-packages/airflow/example_dags/example_branch_operator.py
[2026-05-28T10:16:26.641+0000] {processor.py:914} INFO - Processing file /home/airflow/.local/lib/python3.12/site-packages/airflow/example_dags/example_branch_operator.py for tasks to queue
[2026-05-28T10:16:26.698+0000] {logging_mixin.py:190} INFO - [2026-05-28T10:16:26.697+0000] {dagbag.py:588} INFO - Filling up the DagBag from /home/airflow/.local/lib/python3.12/site-packages/airflow/example_dags/example_branch_operator.py
[2026-05-28T10:16:26.783+0000] {processor.py:925} INFO - DAG(s) 'example_branch_operator' retrieved from /home/airflow/.local/lib/python3.12/site-packages/airflow/example_dags/example_branch_operator.py
[2026-05-28T10:16:26.858+0000] {logging_mixin.py:190} INFO - [2026-05-28T10:16:26.857+0000] {dag.py:3239} INFO - Sync 1 DAGs
[2026-05-28T10:16:26.900+0000] {logging_mixin.py:190} INFO - [2026-05-28T10:16:26.900+0000] {dag.py:4180} INFO - Setting next_dagrun for example_branch_operator to 2026-05-27 00:00:00+00:00, run_after=2026-05-28 00:00:00+00:00
[2026-05-28T10:16:26.941+0000] {processor.py:208} INFO - Processing /home/airflow/.local/lib/python3.12/site-packages/airflow/example_dags/example_branch_operator.py took 0.373 seconds
[2026-05-28T10:17:05.434+0000] {processor.py:186} INFO - Started process (PID=1675) to work on /home/airflow/.local/lib/python3.12/site-packages/airflow/example_dags/example_branch_operator.py
[2026-05-28T10:17:05.436+0000] {processor.py:914} INFO - Processing file /home/airflow/.local/lib/python3.12/site-packages/airflow/example_dags/example_branch_operator.py for tasks to queue
[2026-05-28T10:17:05.441+0000] {logging_mixin.py:190} INFO - [2026-05-28T10:17:05.440+0000] {dagbag.py:588} INFO - Filling up the DagBag from /home/airflow/.local/lib/python3.12/site-packages/airflow/example_dags/example_branch_operator.py
[2026-05-28T10:17:05.489+0000] {processor.py:925} INFO - DAG(s) 'example_branch_operator' retrieved from /home/airflow/.local/lib/python3.12/site-packages/airflow/example_dags/example_branch_operator.py
[2026-05-28T10:17:05.554+0000] {logging_mixin.py:190} INFO - [2026-05-28T10:17:05.554+0000] {dag.py:3239} INFO - Sync 1 DAGs
[2026-05-28T10:17:05.607+0000] {logging_mixin.py:190} INFO - [2026-05-28T10:17:05.606+0000] {dag.py:4180} INFO - Setting next_dagrun for example_branch_operator to 2026-05-27 00:00:00+00:00, run_after=2026-05-28 00:00:00+00:00
[2026-05-28T10:17:05.653+0000] {processor.py:208} INFO - Processing /home/airflow/.local/lib/python3.12/site-packages/airflow/example_dags/example_branch_operator.py took 0.231 seconds
[2026-05-28T10:17:41.876+0000] {processor.py:186} INFO - Started process (PID=1738) to work on /home/airflow/.local/lib/python3.12/site-packages/airflow/example_dags/example_branch_operator.py
[2026-05-28T10:17:41.883+0000] {processor.py:914} INFO - Processing file /home/airflow/.local/lib/python3.12/site-packages/airflow/example_dags/example_branch_operator.py for tasks to queue
[2026-05-28T10:17:41.897+0000] {logging_mixin.py:190} INFO - [2026-05-28T10:17:41.896+0000] {dagbag.py:588} INFO - Filling up the DagBag from /home/airflow/.local/lib/python3.12/site-packages/airflow/example_dags/example_branch_operator.py
[2026-05-28T10:17:41.964+0000] {processor.py:925} INFO - DAG(s) 'example_branch_operator' retrieved from /home/airflow/.local/lib/python3.12/site-packages/airflow/example_dags/example_branch_operator.py
[2026-05-28T10:17:42.042+0000] {logging_mixin.py:190} INFO - [2026-05-28T10:17:42.041+0000] {dag.py:3239} INFO - Sync 1 DAGs
[2026-05-28T10:17:42.093+0000] {logging_mixin.py:190} INFO - [2026-05-28T10:17:42.093+0000] {dag.py:4180} INFO - Setting next_dagrun for example_branch_operator to 2026-05-27 00:00:00+00:00, run_after=2026-05-28 00:00:00+00:00
[2026-05-28T10:17:42.142+0000] {processor.py:208} INFO - Processing /home/airflow/.local/lib/python3.12/site-packages/airflow/example_dags/example_branch_operator.py took 0.286 seconds
[2026-05-28T10:18:20.923+0000] {processor.py:186} INFO - Started process (PID=1794) to work on /home/airflow/.local/lib/python3.12/site-packages/airflow/example_dags/example_branch_operator.py
[2026-05-28T10:18:20.926+0000] {processor.py:914} INFO - Processing file /home/airflow/.local/lib/python3.12/site-packages/airflow/example_dags/example_branch_operator.py for tasks to queue
[2026-05-28T10:18:20.932+0000] {logging_mixin.py:190} INFO - [2026-05-28T10:18:20.931+0000] {dagbag.py:588} INFO - Filling up the DagBag from /home/airflow/.local/lib/python3.12/site-packages/airflow/example_dags/example_branch_operator.py
[2026-05-28T10:18:20.976+0000] {processor.py:925} INFO - DAG(s) 'example_branch_operator' retrieved from /home/airflow/.local/lib/python3.12/site-packages/airflow/example_dags/example_branch_operator.py
[2026-05-28T10:18:21.052+0000] {logging_mixin.py:190} INFO - [2026-05-28T10:18:21.052+0000] {dag.py:3239} INFO - Sync 1 DAGs
[2026-05-28T10:18:21.108+0000] {logging_mixin.py:190} INFO - [2026-05-28T10:18:21.107+0000] {dag.py:4180} INFO - Setting next_dagrun for example_branch_operator to 2026-05-27 00:00:00+00:00, run_after=2026-05-28 00:00:00+00:00
[2026-05-28T10:18:21.154+0000] {processor.py:208} INFO - Processing /home/airflow/.local/lib/python3.12/site-packages/airflow/example_dags/example_branch_operator.py took 0.244 seconds
[2026-05-28T10:18:52.325+0000] {processor.py:186} INFO - Started process (PID=1856) to work on /home/airflow/.local/lib/python3.12/site-packages/airflow/example_dags/example_branch_operator.py
[2026-05-28T10:18:52.328+0000] {processor.py:914} INFO - Processing file /home/airflow/.local/lib/python3.12/site-packages/airflow/example_dags/example_branch_operator.py for tasks to queue
[2026-05-28T10:18:52.334+0000] {logging_mixin.py:190} INFO - [2026-05-28T10:18:52.333+0000] {dagbag.py:588} INFO - Filling up the DagBag from /home/airflow/.local/lib/python3.12/site-packages/airflow/example_dags/example_branch_operator.py
[2026-05-28T10:18:52.381+0000] {processor.py:925} INFO - DAG(s) 'example_branch_operator' retrieved from /home/airflow/.local/lib/python3.12/site-packages/airflow/example_dags/example_branch_operator.py
[2026-05-28T10:18:52.470+0000] {logging_mixin.py:190} INFO - [2026-05-28T10:18:52.469+0000] {dag.py:3239} INFO - Sync 1 DAGs
[2026-05-28T10:18:52.520+0000] {logging_mixin.py:190} INFO - [2026-05-28T10:18:52.519+0000] {dag.py:4180} INFO - Setting next_dagrun for example_branch_operator to 2026-05-27 00:00:00+00:00, run_after=2026-05-28 00:00:00+00:00
[2026-05-28T10:18:52.560+0000] {processor.py:208} INFO - Processing /home/airflow/.local/lib/python3.12/site-packages/airflow/example_dags/example_branch_operator.py took 0.251 seconds
[2026-05-28T10:19:23.941+0000] {processor.py:186} INFO - Started process (PID=1918) to work on /home/airflow/.local/lib/python3.12/site-packages/airflow/example_dags/example_branch_operator.py
[2026-05-28T10:19:23.943+0000] {processor.py:914} INFO - Processing file /home/airflow/.local/lib/python3.12/site-packages/airflow/example_dags/example_branch_operator.py for tasks to queue
[2026-05-28T10:19:23.949+0000] {logging_mixin.py:190} INFO - [2026-05-28T10:19:23.948+0000] {dagbag.py:588} INFO - Filling up the DagBag from /home/airflow/.local/lib/python3.12/site-packages/airflow/example_dags/example_branch_operator.py
[2026-05-28T10:19:23.986+0000] {processor.py:925} INFO - DAG(s) 'example_branch_operator' retrieved from /home/airflow/.local/lib/python3.12/site-packages/airflow/example_dags/example_branch_operator.py
[2026-05-28T10:19:24.070+0000] {logging_mixin.py:190} INFO - [2026-05-28T10:19:24.069+0000] {dag.py:3239} INFO - Sync 1 DAGs
[2026-05-28T10:19:24.152+0000] {logging_mixin.py:190} INFO - [2026-05-28T10:19:24.151+0000] {dag.py:4180} INFO - Setting next_dagrun for example_branch_operator to 2026-05-27 00:00:00+00:00, run_after=2026-05-28 00:00:00+00:00
[2026-05-28T10:19:24.198+0000] {processor.py:208} INFO - Processing /home/airflow/.local/lib/python3.12/site-packages/airflow/example_dags/example_branch_operator.py took 0.268 seconds
[2026-05-28T10:19:58.074+0000] {processor.py:186} INFO - Started process (PID=1978) to work on /home/airflow/.local/lib/python3.12/site-packages/airflow/example_dags/example_branch_operator.py
[2026-05-28T10:19:58.077+0000] {processor.py:914} INFO - Processing file /home/airflow/.local/lib/python3.12/site-packages/airflow/example_dags/example_branch_operator.py for tasks to queue
[2026-05-28T10:19:58.083+0000] {logging_mixin.py:190} INFO - [2026-05-28T10:19:58.083+0000] {dagbag.py:588} INFO - Filling up the DagBag from /home/airflow/.local/lib/python3.12/site-packages/airflow/example_dags/example_branch_operator.py
[2026-05-28T10:19:58.129+0000] {processor.py:925} INFO - DAG(s) 'example_branch_operator' retrieved from /home/airflow/.local/lib/python3.12/site-packages/airflow/example_dags/example_branch_operator.py
[2026-05-28T10:19:58.211+0000] {logging_mixin.py:190} INFO - [2026-05-28T10:19:58.210+0000] {dag.py:3239} INFO - Sync 1 DAGs
[2026-05-28T10:19:58.289+0000] {logging_mixin.py:190} INFO - [2026-05-28T10:19:58.289+0000] {dag.py:4180} INFO - Setting next_dagrun for example_branch_operator to 2026-05-27 00:00:00+00:00, run_after=2026-05-28 00:00:00+00:00
[2026-05-28T10:19:58.350+0000] {processor.py:208} INFO - Processing /home/airflow/.local/lib/python3.12/site-packages/airflow/example_dags/example_branch_operator.py took 0.290 seconds
[2026-05-28T10:20:32.753+0000] {processor.py:186} INFO - Started process (PID=2046) to work on /home/airflow/.local/lib/python3.12/site-packages/airflow/example_dags/example_branch_operator.py
[2026-05-28T10:20:32.755+0000] {processor.py:914} INFO - Processing file /home/airflow/.local/lib/python3.12/site-packages/airflow/example_dags/example_branch_operator.py for tasks to queue
[2026-05-28T10:20:32.760+0000] {logging_mixin.py:190} INFO - [2026-05-28T10:20:32.760+0000] {dagbag.py:588} INFO - Filling up the DagBag from /home/airflow/.local/lib/python3.12/site-packages/airflow/example_dags/example_branch_operator.py
[2026-05-28T10:20:32.798+0000] {processor.py:925} INFO - DAG(s) 'example_branch_operator' retrieved from /home/airflow/.local/lib/python3.12/site-packages/airflow/example_dags/example_branch_operator.py
[2026-05-28T10:20:32.859+0000] {logging_mixin.py:190} INFO - [2026-05-28T10:20:32.858+0000] {dag.py:3239} INFO - Sync 1 DAGs
[2026-05-28T10:20:32.899+0000] {logging_mixin.py:190} INFO - [2026-05-28T10:20:32.898+0000] {dag.py:4180} INFO - Setting next_dagrun for example_branch_operator to 2026-05-27 00:00:00+00:00, run_after=2026-05-28 00:00:00+00:00
[2026-05-28T10:20:32.957+0000] {processor.py:208} INFO - Processing /home/airflow/.local/lib/python3.12/site-packages/airflow/example_dags/example_branch_operator.py took 0.215 seconds
[2026-05-28T10:21:10.177+0000] {processor.py:186} INFO - Started process (PID=2110) to work on /home/airflow/.local/lib/python3.12/site-packages/airflow/example_dags/example_branch_operator.py
[2026-05-28T10:21:10.182+0000] {processor.py:914} INFO - Processing file /home/airflow/.local/lib/python3.12/site-packages/airflow/example_dags/example_branch_operator.py for tasks to queue
[2026-05-28T10:21:10.189+0000] {logging_mixin.py:190} INFO - [2026-05-28T10:21:10.188+0000] {dagbag.py:588} INFO - Filling up the DagBag from /home/airflow/.local/lib/python3.12/site-packages/airflow/example_dags/example_branch_operator.py
[2026-05-28T10:21:10.222+0000] {processor.py:925} INFO - DAG(s) 'example_branch_operator' retrieved from /home/airflow/.local/lib/python3.12/site-packages/airflow/example_dags/example_branch_operator.py
[2026-05-28T10:21:10.286+0000] {logging_mixin.py:190} INFO - [2026-05-28T10:21:10.285+0000] {dag.py:3239} INFO - Sync 1 DAGs
[2026-05-28T10:21:10.336+0000] {logging_mixin.py:190} INFO - [2026-05-28T10:21:10.336+0000] {dag.py:4180} INFO - Setting next_dagrun for example_branch_operator to 2026-05-27 00:00:00+00:00, run_after=2026-05-28 00:00:00+00:00
[2026-05-28T10:21:10.373+0000] {processor.py:208} INFO - Processing /home/airflow/.local/lib/python3.12/site-packages/airflow/example_dags/example_branch_operator.py took 0.206 seconds
[2026-05-28T10:21:42.871+0000] {processor.py:186} INFO - Started process (PID=2173) to work on /home/airflow/.local/lib/python3.12/site-packages/airflow/example_dags/example_branch_operator.py
[2026-05-28T10:21:42.872+0000] {processor.py:914} INFO - Processing file /home/airflow/.local/lib/python3.12/site-packages/airflow/example_dags/example_branch_operator.py for tasks to queue
[2026-05-28T10:21:42.877+0000] {logging_mixin.py:190} INFO - [2026-05-28T10:21:42.877+0000] {dagbag.py:588} INFO - Filling up the DagBag from /home/airflow/.local/lib/python3.12/site-packages/airflow/example_dags/example_branch_operator.py
[2026-05-28T10:21:42.912+0000] {processor.py:925} INFO - DAG(s) 'example_branch_operator' retrieved from /home/airflow/.local/lib/python3.12/site-packages/airflow/example_dags/example_branch_operator.py
[2026-05-28T10:21:42.982+0000] {logging_mixin.py:190} INFO - [2026-05-28T10:21:42.982+0000] {dag.py:3239} INFO - Sync 1 DAGs
[2026-05-28T10:21:43.019+0000] {logging_mixin.py:190} INFO - [2026-05-28T10:21:43.019+0000] {dag.py:4180} INFO - Setting next_dagrun for example_branch_operator to 2026-05-27 00:00:00+00:00, run_after=2026-05-28 00:00:00+00:00
[2026-05-28T10:21:43.053+0000] {processor.py:208} INFO - Processing /home/airflow/.local/lib/python3.12/site-packages/airflow/example_dags/example_branch_operator.py took 0.192 seconds
[2026-05-28T10:22:13.590+0000] {processor.py:186} INFO - Started process (PID=2236) to work on /home/airflow/.local/lib/python3.12/site-packages/airflow/example_dags/example_branch_operator.py
[2026-05-28T10:22:13.592+0000] {processor.py:914} INFO - Processing file /home/airflow/.local/lib/python3.12/site-packages/airflow/example_dags/example_branch_operator.py for tasks to queue
[2026-05-28T10:22:13.596+0000] {logging_mixin.py:190} INFO - [2026-05-28T10:22:13.596+0000] {dagbag.py:588} INFO - Filling up the DagBag from /home/airflow/.local/lib/python3.12/site-packages/airflow/example_dags/example_branch_operator.py
[2026-05-28T10:22:13.634+0000] {processor.py:925} INFO - DAG(s) 'example_branch_operator' retrieved from /home/airflow/.local/lib/python3.12/site-packages/airflow/example_dags/example_branch_operator.py
[2026-05-28T10:22:13.698+0000] {logging_mixin.py:190} INFO - [2026-05-28T10:22:13.698+0000] {dag.py:3239} INFO - Sync 1 DAGs
[2026-05-28T10:22:13.742+0000] {logging_mixin.py:190} INFO - [2026-05-28T10:22:13.742+0000] {dag.py:4180} INFO - Setting next_dagrun for example_branch_operator to 2026-05-27 00:00:00+00:00, run_after=2026-05-28 00:00:00+00:00
[2026-05-28T10:22:13.781+0000] {processor.py:208} INFO - Processing /home/airflow/.local/lib/python3.12/site-packages/airflow/example_dags/example_branch_operator.py took 0.201 seconds
[2026-05-28T10:22:48.832+0000] {processor.py:186} INFO - Started process (PID=2291) to work on /home/airflow/.local/lib/python3.12/site-packages/airflow/example_dags/example_branch_operator.py
[2026-05-28T10:22:48.834+0000] {processor.py:914} INFO - Processing file /home/airflow/.local/lib/python3.12/site-packages/airflow/example_dags/example_branch_operator.py for tasks to queue
[2026-05-28T10:22:48.840+0000] {logging_mixin.py:190} INFO - [2026-05-28T10:22:48.839+0000] {dagbag.py:588} INFO - Filling up the DagBag from /home/airflow/.local/lib/python3.12/site-packages/airflow/example_dags/example_branch_operator.py
[2026-05-28T10:22:48.878+0000] {processor.py:925} INFO - DAG(s) 'example_branch_operator' retrieved from /home/airflow/.local/lib/python3.12/site-packages/airflow/example_dags/example_branch_operator.py
[2026-05-28T10:22:48.934+0000] {logging_mixin.py:190} INFO - [2026-05-28T10:22:48.933+0000] {dag.py:3239} INFO - Sync 1 DAGs
[2026-05-28T10:22:48.994+0000] {logging_mixin.py:190} INFO - [2026-05-28T10:22:48.993+0000] {dag.py:4180} INFO - Setting next_dagrun for example_branch_operator to 2026-05-27 00:00:00+00:00, run_after=2026-05-28 00:00:00+00:00
[2026-05-28T10:22:49.052+0000] {processor.py:208} INFO - Processing /home/airflow/.local/lib/python3.12/site-packages/airflow/example_dags/example_branch_operator.py took 0.229 seconds
[2026-05-28T10:23:26.050+0000] {processor.py:186} INFO - Started process (PID=2354) to work on /home/airflow/.local/lib/python3.12/site-packages/airflow/example_dags/example_branch_operator.py
[2026-05-28T10:23:26.053+0000] {processor.py:914} INFO - Processing file /home/airflow/.local/lib/python3.12/site-packages/airflow/example_dags/example_branch_operator.py for tasks to queue
[2026-05-28T10:23:26.058+0000] {logging_mixin.py:190} INFO - [2026-05-28T10:23:26.057+0000] {dagbag.py:588} INFO - Filling up the DagBag from /home/airflow/.local/lib/python3.12/site-packages/airflow/example_dags/example_branch_operator.py
[2026-05-28T10:23:26.092+0000] {processor.py:925} INFO - DAG(s) 'example_branch_operator' retrieved from /home/airflow/.local/lib/python3.12/site-packages/airflow/example_dags/example_branch_operator.py
[2026-05-28T10:23:26.151+0000] {logging_mixin.py:190} INFO - [2026-05-28T10:23:26.150+0000] {dag.py:3239} INFO - Sync 1 DAGs
[2026-05-28T10:23:26.197+0000] {logging_mixin.py:190} INFO - [2026-05-28T10:23:26.196+0000] {dag.py:4180} INFO - Setting next_dagrun for example_branch_operator to 2026-05-27 00:00:00+00:00, run_after=2026-05-28 00:00:00+00:00
[2026-05-28T10:23:26.236+0000] {processor.py:208} INFO - Processing /home/airflow/.local/lib/python3.12/site-packages/airflow/example_dags/example_branch_operator.py took 0.197 seconds
[2026-05-28T10:23:59.215+0000] {processor.py:186} INFO - Started process (PID=2416) to work on /home/airflow/.local/lib/python3.12/site-packages/airflow/example_dags/example_branch_operator.py
[2026-05-28T10:23:59.217+0000] {processor.py:914} INFO - Processing file /home/airflow/.local/lib/python3.12/site-packages/airflow/example_dags/example_branch_operator.py for tasks to queue
[2026-05-28T10:23:59.223+0000] {logging_mixin.py:190} INFO - [2026-05-28T10:23:59.222+0000] {dagbag.py:588} INFO - Filling up the DagBag from /home/airflow/.local/lib/python3.12/site-packages/airflow/example_dags/example_branch_operator.py
[2026-05-28T10:23:59.251+0000] {processor.py:925} INFO - DAG(s) 'example_branch_operator' retrieved from /home/airflow/.local/lib/python3.12/site-packages/airflow/example_dags/example_branch_operator.py
[2026-05-28T10:23:59.316+0000] {logging_mixin.py:190} INFO - [2026-05-28T10:23:59.316+0000] {dag.py:3239} INFO - Sync 1 DAGs
[2026-05-28T10:23:59.359+0000] {logging_mixin.py:190} INFO - [2026-05-28T10:23:59.359+0000] {dag.py:4180} INFO - Setting next_dagrun for example_branch_operator to 2026-05-27 00:00:00+00:00, run_after=2026-05-28 00:00:00+00:00
[2026-05-28T10:23:59.396+0000] {processor.py:208} INFO - Processing /home/airflow/.local/lib/python3.12/site-packages/airflow/example_dags/example_branch_operator.py took 0.190 seconds
[2026-05-28T10:24:34.064+0000] {processor.py:186} INFO - Started process (PID=2484) to work on /home/airflow/.local/lib/python3.12/site-packages/airflow/example_dags/example_branch_operator.py
[2026-05-28T10:24:34.069+0000] {processor.py:914} INFO - Processing file /home/airflow/.local/lib/python3.12/site-packages/airflow/example_dags/example_branch_operator.py for tasks to queue
[2026-05-28T10:24:34.081+0000] {logging_mixin.py:190} INFO - [2026-05-28T10:24:34.080+0000] {dagbag.py:588} INFO - Filling up the DagBag from /home/airflow/.local/lib/python3.12/site-packages/airflow/example_dags/example_branch_operator.py
[2026-05-28T10:24:34.124+0000] {processor.py:925} INFO - DAG(s) 'example_branch_operator' retrieved from /home/airflow/.local/lib/python3.12/site-packages/airflow/example_dags/example_branch_operator.py
[2026-05-28T10:24:34.195+0000] {logging_mixin.py:190} INFO - [2026-05-28T10:24:34.195+0000] {dag.py:3239} INFO - Sync 1 DAGs
[2026-05-28T10:24:34.249+0000] {logging_mixin.py:190} INFO - [2026-05-28T10:24:34.248+0000] {dag.py:4180} INFO - Setting next_dagrun for example_branch_operator to 2026-05-27 00:00:00+00:00, run_after=2026-05-28 00:00:00+00:00
[2026-05-28T10:24:34.296+0000] {processor.py:208} INFO - Processing /home/airflow/.local/lib/python3.12/site-packages/airflow/example_dags/example_branch_operator.py took 0.254 seconds
[2026-05-28T10:25:04.493+0000] {processor.py:186} INFO - Started process (PID=2546) to work on /home/airflow/.local/lib/python3.12/site-packages/airflow/example_dags/example_branch_operator.py
[2026-05-28T10:25:04.495+0000] {processor.py:914} INFO - Processing file /home/airflow/.local/lib/python3.12/site-packages/airflow/example_dags/example_branch_operator.py for tasks to queue
[2026-05-28T10:25:04.502+0000] {logging_mixin.py:190} INFO - [2026-05-28T10:25:04.501+0000] {dagbag.py:588} INFO - Filling up the DagBag from /home/airflow/.local/lib/python3.12/site-packages/airflow/example_dags/example_branch_operator.py
[2026-05-28T10:25:04.544+0000] {processor.py:925} INFO - DAG(s) 'example_branch_operator' retrieved from /home/airflow/.local/lib/python3.12/site-packages/airflow/example_dags/example_branch_operator.py
[2026-05-28T10:25:04.627+0000] {logging_mixin.py:190} INFO - [2026-05-28T10:25:04.626+0000] {dag.py:3239} INFO - Sync 1 DAGs
[2026-05-28T10:25:04.679+0000] {logging_mixin.py:190} INFO - [2026-05-28T10:25:04.679+0000] {dag.py:4180} INFO - Setting next_dagrun for example_branch_operator to 2026-05-27 00:00:00+00:00, run_after=2026-05-28 00:00:00+00:00
[2026-05-28T10:25:04.722+0000] {processor.py:208} INFO - Processing /home/airflow/.local/lib/python3.12/site-packages/airflow/example_dags/example_branch_operator.py took 0.241 seconds
[2026-05-28T10:25:40.830+0000] {processor.py:186} INFO - Started process (PID=2609) to work on /home/airflow/.local/lib/python3.12/site-packages/airflow/example_dags/example_branch_operator.py
[2026-05-28T10:25:40.833+0000] {processor.py:914} INFO - Processing file /home/airflow/.local/lib/python3.12/site-packages/airflow/example_dags/example_branch_operator.py for tasks to queue
[2026-05-28T10:25:40.839+0000] {logging_mixin.py:190} INFO - [2026-05-28T10:25:40.839+0000] {dagbag.py:588} INFO - Filling up the DagBag from /home/airflow/.local/lib/python3.12/site-packages/airflow/example_dags/example_branch_operator.py
[2026-05-28T10:25:40.879+0000] {processor.py:925} INFO - DAG(s) 'example_branch_operator' retrieved from /home/airflow/.local/lib/python3.12/site-packages/airflow/example_dags/example_branch_operator.py
[2026-05-28T10:25:40.956+0000] {logging_mixin.py:190} INFO - [2026-05-28T10:25:40.955+0000] {dag.py:3239} INFO - Sync 1 DAGs
[2026-05-28T10:25:41.008+0000] {logging_mixin.py:190} INFO - [2026-05-28T10:25:41.008+0000] {dag.py:4180} INFO - Setting next_dagrun for example_branch_operator to 2026-05-27 00:00:00+00:00, run_after=2026-05-28 00:00:00+00:00
[2026-05-28T10:25:41.061+0000] {processor.py:208} INFO - Processing /home/airflow/.local/lib/python3.12/site-packages/airflow/example_dags/example_branch_operator.py took 0.242 seconds
[2026-05-28T10:26:18.460+0000] {processor.py:186} INFO - Started process (PID=2669) to work on /home/airflow/.local/lib/python3.12/site-packages/airflow/example_dags/example_branch_operator.py
[2026-05-28T10:26:18.473+0000] {processor.py:914} INFO - Processing file /home/airflow/.local/lib/python3.12/site-packages/airflow/example_dags/example_branch_operator.py for tasks to queue
[2026-05-28T10:26:18.489+0000] {logging_mixin.py:190} INFO - [2026-05-28T10:26:18.488+0000] {dagbag.py:588} INFO - Filling up the DagBag from /home/airflow/.local/lib/python3.12/site-packages/airflow/example_dags/example_branch_operator.py
[2026-05-28T10:26:18.591+0000] {processor.py:925} INFO - DAG(s) 'example_branch_operator' retrieved from /home/airflow/.local/lib/python3.12/site-packages/airflow/example_dags/example_branch_operator.py
[2026-05-28T10:26:18.719+0000] {logging_mixin.py:190} INFO - [2026-05-28T10:26:18.718+0000] {dag.py:3239} INFO - Sync 1 DAGs
[2026-05-28T10:26:18.809+0000] {logging_mixin.py:190} INFO - [2026-05-28T10:26:18.809+0000] {dag.py:4180} INFO - Setting next_dagrun for example_branch_operator to 2026-05-27 00:00:00+00:00, run_after=2026-05-28 00:00:00+00:00
[2026-05-28T10:26:18.873+0000] {processor.py:208} INFO - Processing /home/airflow/.local/lib/python3.12/site-packages/airflow/example_dags/example_branch_operator.py took 0.437 seconds
[2026-05-28T10:26:50.493+0000] {processor.py:186} INFO - Started process (PID=2729) to work on /home/airflow/.local/lib/python3.12/site-packages/airflow/example_dags/example_branch_operator.py
[2026-05-28T10:26:50.495+0000] {processor.py:914} INFO - Processing file /home/airflow/.local/lib/python3.12/site-packages/airflow/example_dags/example_branch_operator.py for tasks to queue
[2026-05-28T10:26:50.500+0000] {logging_mixin.py:190} INFO - [2026-05-28T10:26:50.499+0000] {dagbag.py:588} INFO - Filling up the DagBag from /home/airflow/.local/lib/python3.12/site-packages/airflow/example_dags/example_branch_operator.py
[2026-05-28T10:26:50.535+0000] {processor.py:925} INFO - DAG(s) 'example_branch_operator' retrieved from /home/airflow/.local/lib/python3.12/site-packages/airflow/example_dags/example_branch_operator.py
[2026-05-28T10:26:50.600+0000] {logging_mixin.py:190} INFO - [2026-05-28T10:26:50.599+0000] {dag.py:3239} INFO - Sync 1 DAGs
[2026-05-28T10:26:50.646+0000] {logging_mixin.py:190} INFO - [2026-05-28T10:26:50.646+0000] {dag.py:4180} INFO - Setting next_dagrun for example_branch_operator to 2026-05-27 00:00:00+00:00, run_after=2026-05-28 00:00:00+00:00
[2026-05-28T10:26:50.682+0000] {processor.py:208} INFO - Processing /home/airflow/.local/lib/python3.12/site-packages/airflow/example_dags/example_branch_operator.py took 0.200 seconds
[2026-05-28T10:27:24.054+0000] {processor.py:186} INFO - Started process (PID=2792) to work on /home/airflow/.local/lib/python3.12/site-packages/airflow/example_dags/example_branch_operator.py
[2026-05-28T10:27:24.056+0000] {processor.py:914} INFO - Processing file /home/airflow/.local/lib/python3.12/site-packages/airflow/example_dags/example_branch_operator.py for tasks to queue
[2026-05-28T10:27:24.061+0000] {logging_mixin.py:190} INFO - [2026-05-28T10:27:24.060+0000] {dagbag.py:588} INFO - Filling up the DagBag from /home/airflow/.local/lib/python3.12/site-packages/airflow/example_dags/example_branch_operator.py
[2026-05-28T10:27:24.094+0000] {processor.py:925} INFO - DAG(s) 'example_branch_operator' retrieved from /home/airflow/.local/lib/python3.12/site-packages/airflow/example_dags/example_branch_operator.py
[2026-05-28T10:27:24.160+0000] {logging_mixin.py:190} INFO - [2026-05-28T10:27:24.160+0000] {dag.py:3239} INFO - Sync 1 DAGs
[2026-05-28T10:27:24.217+0000] {logging_mixin.py:190} INFO - [2026-05-28T10:27:24.216+0000] {dag.py:4180} INFO - Setting next_dagrun for example_branch_operator to 2026-05-27 00:00:00+00:00, run_after=2026-05-28 00:00:00+00:00
[2026-05-28T10:27:24.262+0000] {processor.py:208} INFO - Processing /home/airflow/.local/lib/python3.12/site-packages/airflow/example_dags/example_branch_operator.py took 0.217 seconds
[2026-05-28T10:27:56.463+0000] {processor.py:186} INFO - Started process (PID=2855) to work on /home/airflow/.local/lib/python3.12/site-packages/airflow/example_dags/example_branch_operator.py
[2026-05-28T10:27:56.465+0000] {processor.py:914} INFO - Processing file /home/airflow/.local/lib/python3.12/site-packages/airflow/example_dags/example_branch_operator.py for tasks to queue
[2026-05-28T10:27:56.472+0000] {logging_mixin.py:190} INFO - [2026-05-28T10:27:56.470+0000] {dagbag.py:588} INFO - Filling up the DagBag from /home/airflow/.local/lib/python3.12/site-packages/airflow/example_dags/example_branch_operator.py
[2026-05-28T10:27:56.513+0000] {processor.py:925} INFO - DAG(s) 'example_branch_operator' retrieved from /home/airflow/.local/lib/python3.12/site-packages/airflow/example_dags/example_branch_operator.py
[2026-05-28T10:27:56.570+0000] {logging_mixin.py:190} INFO - [2026-05-28T10:27:56.569+0000] {dag.py:3239} INFO - Sync 1 DAGs
[2026-05-28T10:27:56.614+0000] {logging_mixin.py:190} INFO - [2026-05-28T10:27:56.614+0000] {dag.py:4180} INFO - Setting next_dagrun for example_branch_operator to 2026-05-27 00:00:00+00:00, run_after=2026-05-28 00:00:00+00:00
[2026-05-28T10:27:56.648+0000] {processor.py:208} INFO - Processing /home/airflow/.local/lib/python3.12/site-packages/airflow/example_dags/example_branch_operator.py took 0.200 seconds
[2026-05-28T10:28:35.943+0000] {processor.py:186} INFO - Started process (PID=2928) to work on /home/airflow/.local/lib/python3.12/site-packages/airflow/example_dags/example_branch_operator.py
[2026-05-28T10:28:35.945+0000] {processor.py:914} INFO - Processing file /home/airflow/.local/lib/python3.12/site-packages/airflow/example_dags/example_branch_operator.py for tasks to queue
[2026-05-28T10:28:35.951+0000] {logging_mixin.py:190} INFO - [2026-05-28T10:28:35.950+0000] {dagbag.py:588} INFO - Filling up the DagBag from /home/airflow/.local/lib/python3.12/site-packages/airflow/example_dags/example_branch_operator.py
[2026-05-28T10:28:35.984+0000] {processor.py:925} INFO - DAG(s) 'example_branch_operator' retrieved from /home/airflow/.local/lib/python3.12/site-packages/airflow/example_dags/example_branch_operator.py
[2026-05-28T10:28:36.043+0000] {logging_mixin.py:190} INFO - [2026-05-28T10:28:36.042+0000] {dag.py:3239} INFO - Sync 1 DAGs
[2026-05-28T10:28:36.091+0000] {logging_mixin.py:190} INFO - [2026-05-28T10:28:36.090+0000] {dag.py:4180} INFO - Setting next_dagrun for example_branch_operator to 2026-05-27 00:00:00+00:00, run_after=2026-05-28 00:00:00+00:00
[2026-05-28T10:28:36.128+0000] {processor.py:208} INFO - Processing /home/airflow/.local/lib/python3.12/site-packages/airflow/example_dags/example_branch_operator.py took 0.197 seconds
[2026-05-28T10:29:19.493+0000] {processor.py:186} INFO - Started process (PID=2990) to work on /home/airflow/.local/lib/python3.12/site-packages/airflow/example_dags/example_branch_operator.py
[2026-05-28T10:29:19.495+0000] {processor.py:914} INFO - Processing file /home/airflow/.local/lib/python3.12/site-packages/airflow/example_dags/example_branch_operator.py for tasks to queue
[2026-05-28T10:29:19.501+0000] {logging_mixin.py:190} INFO - [2026-05-28T10:29:19.500+0000] {dagbag.py:588} INFO - Filling up the DagBag from /home/airflow/.local/lib/python3.12/site-packages/airflow/example_dags/example_branch_operator.py
[2026-05-28T10:29:19.540+0000] {processor.py:925} INFO - DAG(s) 'example_branch_operator' retrieved from /home/airflow/.local/lib/python3.12/site-packages/airflow/example_dags/example_branch_operator.py
[2026-05-28T10:29:19.603+0000] {logging_mixin.py:190} INFO - [2026-05-28T10:29:19.603+0000] {dag.py:3239} INFO - Sync 1 DAGs
[2026-05-28T10:29:19.649+0000] {logging_mixin.py:190} INFO - [2026-05-28T10:29:19.648+0000] {dag.py:4180} INFO - Setting next_dagrun for example_branch_operator to 2026-05-27 00:00:00+00:00, run_after=2026-05-28 00:00:00+00:00
[2026-05-28T10:29:19.698+0000] {processor.py:208} INFO - Processing /home/airflow/.local/lib/python3.12/site-packages/airflow/example_dags/example_branch_operator.py took 0.217 seconds
[2026-05-28T10:29:57.948+0000] {processor.py:186} INFO - Started process (PID=3057) to work on /home/airflow/.local/lib/python3.12/site-packages/airflow/example_dags/example_branch_operator.py
[2026-05-28T10:29:57.951+0000] {processor.py:914} INFO - Processing file /home/airflow/.local/lib/python3.12/site-packages/airflow/example_dags/example_branch_operator.py for tasks to queue
[2026-05-28T10:29:57.958+0000] {logging_mixin.py:190} INFO - [2026-05-28T10:29:57.957+0000] {dagbag.py:588} INFO - Filling up the DagBag from /home/airflow/.local/lib/python3.12/site-packages/airflow/example_dags/example_branch_operator.py
[2026-05-28T10:29:58.023+0000] {processor.py:925} INFO - DAG(s) 'example_branch_operator' retrieved from /home/airflow/.local/lib/python3.12/site-packages/airflow/example_dags/example_branch_operator.py
[2026-05-28T10:29:58.157+0000] {logging_mixin.py:190} INFO - [2026-05-28T10:29:58.157+0000] {dag.py:3239} INFO - Sync 1 DAGs
[2026-05-28T10:29:58.231+0000] {logging_mixin.py:190} INFO - [2026-05-28T10:29:58.230+0000] {dag.py:4180} INFO - Setting next_dagrun for example_branch_operator to 2026-05-27 00:00:00+00:00, run_after=2026-05-28 00:00:00+00:00
[2026-05-28T10:29:58.308+0000] {processor.py:208} INFO - Processing /home/airflow/.local/lib/python3.12/site-packages/airflow/example_dags/example_branch_operator.py took 0.373 seconds
[2026-05-28T10:30:32.339+0000] {processor.py:186} INFO - Started process (PID=3119) to work on /home/airflow/.local/lib/python3.12/site-packages/airflow/example_dags/example_branch_operator.py
[2026-05-28T10:30:32.349+0000] {processor.py:914} INFO - Processing file /home/airflow/.local/lib/python3.12/site-packages/airflow/example_dags/example_branch_operator.py for tasks to queue
[2026-05-28T10:30:32.356+0000] {logging_mixin.py:190} INFO - [2026-05-28T10:30:32.356+0000] {dagbag.py:588} INFO - Filling up the DagBag from /home/airflow/.local/lib/python3.12/site-packages/airflow/example_dags/example_branch_operator.py
[2026-05-28T10:30:32.438+0000] {processor.py:925} INFO - DAG(s) 'example_branch_operator' retrieved from /home/airflow/.local/lib/python3.12/site-packages/airflow/example_dags/example_branch_operator.py
[2026-05-28T10:30:32.582+0000] {logging_mixin.py:190} INFO - [2026-05-28T10:30:32.581+0000] {dag.py:3239} INFO - Sync 1 DAGs
[2026-05-28T10:30:32.693+0000] {logging_mixin.py:190} INFO - [2026-05-28T10:30:32.692+0000] {dag.py:4180} INFO - Setting next_dagrun for example_branch_operator to 2026-05-27 00:00:00+00:00, run_after=2026-05-28 00:00:00+00:00
[2026-05-28T10:30:32.759+0000] {processor.py:208} INFO - Processing /home/airflow/.local/lib/python3.12/site-packages/airflow/example_dags/example_branch_operator.py took 0.442 seconds
[2026-05-28T10:31:08.566+0000] {processor.py:186} INFO - Started process (PID=3187) to work on /home/airflow/.local/lib/python3.12/site-packages/airflow/example_dags/example_branch_operator.py
[2026-05-28T10:31:08.568+0000] {processor.py:914} INFO - Processing file /home/airflow/.local/lib/python3.12/site-packages/airflow/example_dags/example_branch_operator.py for tasks to queue
[2026-05-28T10:31:08.573+0000] {logging_mixin.py:190} INFO - [2026-05-28T10:31:08.573+0000] {dagbag.py:588} INFO - Filling up the DagBag from /home/airflow/.local/lib/python3.12/site-packages/airflow/example_dags/example_branch_operator.py
[2026-05-28T10:31:08.624+0000] {processor.py:925} INFO - DAG(s) 'example_branch_operator' retrieved from /home/airflow/.local/lib/python3.12/site-packages/airflow/example_dags/example_branch_operator.py
[2026-05-28T10:31:08.704+0000] {logging_mixin.py:190} INFO - [2026-05-28T10:31:08.703+0000] {dag.py:3239} INFO - Sync 1 DAGs
[2026-05-28T10:31:08.756+0000] {logging_mixin.py:190} INFO - [2026-05-28T10:31:08.756+0000] {dag.py:4180} INFO - Setting next_dagrun for example_branch_operator to 2026-05-27 00:00:00+00:00, run_after=2026-05-28 00:00:00+00:00
[2026-05-28T10:31:08.798+0000] {processor.py:208} INFO - Processing /home/airflow/.local/lib/python3.12/site-packages/airflow/example_dags/example_branch_operator.py took 0.244 seconds
[2026-05-28T10:31:40.170+0000] {processor.py:186} INFO - Started process (PID=3249) to work on /home/airflow/.local/lib/python3.12/site-packages/airflow/example_dags/example_branch_operator.py
[2026-05-28T10:31:40.172+0000] {processor.py:914} INFO - Processing file /home/airflow/.local/lib/python3.12/site-packages/airflow/example_dags/example_branch_operator.py for tasks to queue
[2026-05-28T10:31:40.178+0000] {logging_mixin.py:190} INFO - [2026-05-28T10:31:40.177+0000] {dagbag.py:588} INFO - Filling up the DagBag from /home/airflow/.local/lib/python3.12/site-packages/airflow/example_dags/example_branch_operator.py
[2026-05-28T10:31:40.207+0000] {processor.py:925} INFO - DAG(s) 'example_branch_operator' retrieved from /home/airflow/.local/lib/python3.12/site-packages/airflow/example_dags/example_branch_operator.py
[2026-05-28T10:31:40.265+0000] {logging_mixin.py:190} INFO - [2026-05-28T10:31:40.265+0000] {dag.py:3239} INFO - Sync 1 DAGs
[2026-05-28T10:31:40.307+0000] {logging_mixin.py:190} INFO - [2026-05-28T10:31:40.306+0000] {dag.py:4180} INFO - Setting next_dagrun for example_branch_operator to 2026-05-27 00:00:00+00:00, run_after=2026-05-28 00:00:00+00:00
[2026-05-28T10:31:40.347+0000] {processor.py:208} INFO - Processing /home/airflow/.local/lib/python3.12/site-packages/airflow/example_dags/example_branch_operator.py took 0.187 seconds
[2026-05-28T10:32:13.890+0000] {processor.py:186} INFO - Started process (PID=3310) to work on /home/airflow/.local/lib/python3.12/site-packages/airflow/example_dags/example_branch_operator.py
[2026-05-28T10:32:13.893+0000] {processor.py:914} INFO - Processing file /home/airflow/.local/lib/python3.12/site-packages/airflow/example_dags/example_branch_operator.py for tasks to queue
[2026-05-28T10:32:13.898+0000] {logging_mixin.py:190} INFO - [2026-05-28T10:32:13.897+0000] {dagbag.py:588} INFO - Filling up the DagBag from /home/airflow/.local/lib/python3.12/site-packages/airflow/example_dags/example_branch_operator.py
[2026-05-28T10:32:13.941+0000] {processor.py:925} INFO - DAG(s) 'example_branch_operator' retrieved from /home/airflow/.local/lib/python3.12/site-packages/airflow/example_dags/example_branch_operator.py
[2026-05-28T10:32:14.009+0000] {logging_mixin.py:190} INFO - [2026-05-28T10:32:14.008+0000] {dag.py:3239} INFO - Sync 1 DAGs
[2026-05-28T10:32:14.057+0000] {logging_mixin.py:190} INFO - [2026-05-28T10:32:14.056+0000] {dag.py:4180} INFO - Setting next_dagrun for example_branch_operator to 2026-05-27 00:00:00+00:00, run_after=2026-05-28 00:00:00+00:00
[2026-05-28T10:32:14.101+0000] {processor.py:208} INFO - Processing /home/airflow/.local/lib/python3.12/site-packages/airflow/example_dags/example_branch_operator.py took 0.221 seconds
[2026-05-28T10:32:50.781+0000] {processor.py:186} INFO - Started process (PID=3372) to work on /home/airflow/.local/lib/python3.12/site-packages/airflow/example_dags/example_branch_operator.py
[2026-05-28T10:32:50.783+0000] {processor.py:914} INFO - Processing file /home/airflow/.local/lib/python3.12/site-packages/airflow/example_dags/example_branch_operator.py for tasks to queue
[2026-05-28T10:32:50.787+0000] {logging_mixin.py:190} INFO - [2026-05-28T10:32:50.787+0000] {dagbag.py:588} INFO - Filling up the DagBag from /home/airflow/.local/lib/python3.12/site-packages/airflow/example_dags/example_branch_operator.py
[2026-05-28T10:32:50.829+0000] {processor.py:925} INFO - DAG(s) 'example_branch_operator' retrieved from /home/airflow/.local/lib/python3.12/site-packages/airflow/example_dags/example_branch_operator.py
[2026-05-28T10:32:50.893+0000] {logging_mixin.py:190} INFO - [2026-05-28T10:32:50.892+0000] {dag.py:3239} INFO - Sync 1 DAGs
[2026-05-28T10:32:50.940+0000] {logging_mixin.py:190} INFO - [2026-05-28T10:32:50.940+0000] {dag.py:4180} INFO - Setting next_dagrun for example_branch_operator to 2026-05-27 00:00:00+00:00, run_after=2026-05-28 00:00:00+00:00
[2026-05-28T10:32:50.975+0000] {processor.py:208} INFO - Processing /home/airflow/.local/lib/python3.12/site-packages/airflow/example_dags/example_branch_operator.py took 0.203 seconds
[2026-05-28T10:33:39.290+0000] {processor.py:186} INFO - Started process (PID=3443) to work on /home/airflow/.local/lib/python3.12/site-packages/airflow/example_dags/example_branch_operator.py
[2026-05-28T10:33:39.294+0000] {processor.py:914} INFO - Processing file /home/airflow/.local/lib/python3.12/site-packages/airflow/example_dags/example_branch_operator.py for tasks to queue
[2026-05-28T10:33:39.337+0000] {logging_mixin.py:190} INFO - [2026-05-28T10:33:39.315+0000] {dagbag.py:588} INFO - Filling up the DagBag from /home/airflow/.local/lib/python3.12/site-packages/airflow/example_dags/example_branch_operator.py
[2026-05-28T10:33:39.449+0000] {processor.py:925} INFO - DAG(s) 'example_branch_operator' retrieved from /home/airflow/.local/lib/python3.12/site-packages/airflow/example_dags/example_branch_operator.py
[2026-05-28T10:33:39.666+0000] {logging_mixin.py:190} INFO - [2026-05-28T10:33:39.666+0000] {dag.py:3239} INFO - Sync 1 DAGs
[2026-05-28T10:33:39.830+0000] {logging_mixin.py:190} INFO - [2026-05-28T10:33:39.829+0000] {dag.py:4180} INFO - Setting next_dagrun for example_branch_operator to 2026-05-27 00:00:00+00:00, run_after=2026-05-28 00:00:00+00:00
[2026-05-28T10:33:39.939+0000] {processor.py:208} INFO - Processing /home/airflow/.local/lib/python3.12/site-packages/airflow/example_dags/example_branch_operator.py took 0.683 seconds
[2026-05-28T10:34:27.393+0000] {processor.py:186} INFO - Started process (PID=3501) to work on /home/airflow/.local/lib/python3.12/site-packages/airflow/example_dags/example_branch_operator.py
[2026-05-28T10:34:27.396+0000] {processor.py:914} INFO - Processing file /home/airflow/.local/lib/python3.12/site-packages/airflow/example_dags/example_branch_operator.py for tasks to queue
[2026-05-28T10:34:27.401+0000] {logging_mixin.py:190} INFO - [2026-05-28T10:34:27.400+0000] {dagbag.py:588} INFO - Filling up the DagBag from /home/airflow/.local/lib/python3.12/site-packages/airflow/example_dags/example_branch_operator.py
[2026-05-28T10:34:27.444+0000] {processor.py:925} INFO - DAG(s) 'example_branch_operator' retrieved from /home/airflow/.local/lib/python3.12/site-packages/airflow/example_dags/example_branch_operator.py
[2026-05-28T10:34:27.523+0000] {logging_mixin.py:190} INFO - [2026-05-28T10:34:27.522+0000] {dag.py:3239} INFO - Sync 1 DAGs
[2026-05-28T10:34:27.578+0000] {logging_mixin.py:190} INFO - [2026-05-28T10:34:27.577+0000] {dag.py:4180} INFO - Setting next_dagrun for example_branch_operator to 2026-05-27 00:00:00+00:00, run_after=2026-05-28 00:00:00+00:00
[2026-05-28T10:34:27.627+0000] {processor.py:208} INFO - Processing /home/airflow/.local/lib/python3.12/site-packages/airflow/example_dags/example_branch_operator.py took 0.246 seconds
[2026-05-28T10:35:13.929+0000] {processor.py:186} INFO - Started process (PID=3570) to work on /home/airflow/.local/lib/python3.12/site-packages/airflow/example_dags/example_branch_operator.py
[2026-05-28T10:35:13.932+0000] {processor.py:914} INFO - Processing file /home/airflow/.local/lib/python3.12/site-packages/airflow/example_dags/example_branch_operator.py for tasks to queue
[2026-05-28T10:35:13.940+0000] {logging_mixin.py:190} INFO - [2026-05-28T10:35:13.939+0000] {dagbag.py:588} INFO - Filling up the DagBag from /home/airflow/.local/lib/python3.12/site-packages/airflow/example_dags/example_branch_operator.py
[2026-05-28T10:35:13.987+0000] {processor.py:925} INFO - DAG(s) 'example_branch_operator' retrieved from /home/airflow/.local/lib/python3.12/site-packages/airflow/example_dags/example_branch_operator.py
[2026-05-28T10:35:14.054+0000] {logging_mixin.py:190} INFO - [2026-05-28T10:35:14.053+0000] {dag.py:3239} INFO - Sync 1 DAGs
[2026-05-28T10:35:14.102+0000] {logging_mixin.py:190} INFO - [2026-05-28T10:35:14.101+0000] {dag.py:4180} INFO - Setting next_dagrun for example_branch_operator to 2026-05-27 00:00:00+00:00, run_after=2026-05-28 00:00:00+00:00
[2026-05-28T10:35:14.173+0000] {processor.py:208} INFO - Processing /home/airflow/.local/lib/python3.12/site-packages/airflow/example_dags/example_branch_operator.py took 0.260 seconds
[2026-05-28T10:36:02.109+0000] {processor.py:186} INFO - Started process (PID=3658) to work on /home/airflow/.local/lib/python3.12/site-packages/airflow/example_dags/example_branch_operator.py
[2026-05-28T10:36:02.112+0000] {processor.py:914} INFO - Processing file /home/airflow/.local/lib/python3.12/site-packages/airflow/example_dags/example_branch_operator.py for tasks to queue
[2026-05-28T10:36:02.119+0000] {logging_mixin.py:190} INFO - [2026-05-28T10:36:02.118+0000] {dagbag.py:588} INFO - Filling up the DagBag from /home/airflow/.local/lib/python3.12/site-packages/airflow/example_dags/example_branch_operator.py
[2026-05-28T10:36:02.169+0000] {processor.py:925} INFO - DAG(s) 'example_branch_operator' retrieved from /home/airflow/.local/lib/python3.12/site-packages/airflow/example_dags/example_branch_operator.py
[2026-05-28T10:36:02.254+0000] {logging_mixin.py:190} INFO - [2026-05-28T10:36:02.253+0000] {dag.py:3239} INFO - Sync 1 DAGs
[2026-05-28T10:36:02.327+0000] {logging_mixin.py:190} INFO - [2026-05-28T10:36:02.326+0000] {dag.py:4180} INFO - Setting next_dagrun for example_branch_operator to 2026-05-27 00:00:00+00:00, run_after=2026-05-28 00:00:00+00:00
[2026-05-28T10:36:02.393+0000] {processor.py:208} INFO - Processing /home/airflow/.local/lib/python3.12/site-packages/airflow/example_dags/example_branch_operator.py took 0.299 seconds
[2026-05-28T10:36:44.596+0000] {processor.py:186} INFO - Started process (PID=3728) to work on /home/airflow/.local/lib/python3.12/site-packages/airflow/example_dags/example_branch_operator.py
[2026-05-28T10:36:44.599+0000] {processor.py:914} INFO - Processing file /home/airflow/.local/lib/python3.12/site-packages/airflow/example_dags/example_branch_operator.py for tasks to queue
[2026-05-28T10:36:44.602+0000] {logging_mixin.py:190} INFO - [2026-05-28T10:36:44.601+0000] {dagbag.py:588} INFO - Filling up the DagBag from /home/airflow/.local/lib/python3.12/site-packages/airflow/example_dags/example_branch_operator.py
[2026-05-28T10:36:44.644+0000] {processor.py:925} INFO - DAG(s) 'example_branch_operator' retrieved from /home/airflow/.local/lib/python3.12/site-packages/airflow/example_dags/example_branch_operator.py
[2026-05-28T10:36:44.702+0000] {logging_mixin.py:190} INFO - [2026-05-28T10:36:44.701+0000] {dag.py:3239} INFO - Sync 1 DAGs
[2026-05-28T10:36:44.746+0000] {logging_mixin.py:190} INFO - [2026-05-28T10:36:44.745+0000] {dag.py:4180} INFO - Setting next_dagrun for example_branch_operator to 2026-05-27 00:00:00+00:00, run_after=2026-05-28 00:00:00+00:00
[2026-05-28T10:36:44.878+0000] {processor.py:208} INFO - Processing /home/airflow/.local/lib/python3.12/site-packages/airflow/example_dags/example_branch_operator.py took 0.295 seconds
[2026-05-28T10:39:28.489+0000] {processor.py:186} INFO - Started process (PID=111) to work on /home/airflow/.local/lib/python3.12/site-packages/airflow/example_dags/example_branch_operator.py
[2026-05-28T10:39:28.491+0000] {processor.py:914} INFO - Processing file /home/airflow/.local/lib/python3.12/site-packages/airflow/example_dags/example_branch_operator.py for tasks to queue
[2026-05-28T10:39:28.496+0000] {logging_mixin.py:190} INFO - [2026-05-28T10:39:28.496+0000] {dagbag.py:588} INFO - Filling up the DagBag from /home/airflow/.local/lib/python3.12/site-packages/airflow/example_dags/example_branch_operator.py
[2026-05-28T10:39:28.534+0000] {processor.py:925} INFO - DAG(s) 'example_branch_operator' retrieved from /home/airflow/.local/lib/python3.12/site-packages/airflow/example_dags/example_branch_operator.py
[2026-05-28T10:39:28.784+0000] {logging_mixin.py:190} INFO - [2026-05-28T10:39:28.783+0000] {dag.py:3239} INFO - Sync 1 DAGs
[2026-05-28T10:39:28.824+0000] {logging_mixin.py:190} INFO - [2026-05-28T10:39:28.824+0000] {dag.py:4180} INFO - Setting next_dagrun for example_branch_operator to 2026-05-27 00:00:00+00:00, run_after=2026-05-28 00:00:00+00:00
[2026-05-28T10:39:28.866+0000] {processor.py:208} INFO - Processing /home/airflow/.local/lib/python3.12/site-packages/airflow/example_dags/example_branch_operator.py took 0.386 seconds
[2026-05-28T10:40:08.581+0000] {processor.py:186} INFO - Started process (PID=175) to work on /home/airflow/.local/lib/python3.12/site-packages/airflow/example_dags/example_branch_operator.py
[2026-05-28T10:40:08.583+0000] {processor.py:914} INFO - Processing file /home/airflow/.local/lib/python3.12/site-packages/airflow/example_dags/example_branch_operator.py for tasks to queue
[2026-05-28T10:40:08.587+0000] {logging_mixin.py:190} INFO - [2026-05-28T10:40:08.587+0000] {dagbag.py:588} INFO - Filling up the DagBag from /home/airflow/.local/lib/python3.12/site-packages/airflow/example_dags/example_branch_operator.py
[2026-05-28T10:40:08.623+0000] {processor.py:925} INFO - DAG(s) 'example_branch_operator' retrieved from /home/airflow/.local/lib/python3.12/site-packages/airflow/example_dags/example_branch_operator.py
[2026-05-28T10:40:08.692+0000] {logging_mixin.py:190} INFO - [2026-05-28T10:40:08.691+0000] {dag.py:3239} INFO - Sync 1 DAGs
[2026-05-28T10:40:08.730+0000] {logging_mixin.py:190} INFO - [2026-05-28T10:40:08.730+0000] {dag.py:4180} INFO - Setting next_dagrun for example_branch_operator to 2026-05-27 00:00:00+00:00, run_after=2026-05-28 00:00:00+00:00
[2026-05-28T10:40:08.764+0000] {processor.py:208} INFO - Processing /home/airflow/.local/lib/python3.12/site-packages/airflow/example_dags/example_branch_operator.py took 0.193 seconds
[2026-05-28T10:40:53.555+0000] {processor.py:186} INFO - Started process (PID=245) to work on /home/airflow/.local/lib/python3.12/site-packages/airflow/example_dags/example_branch_operator.py
[2026-05-28T10:40:53.557+0000] {processor.py:914} INFO - Processing file /home/airflow/.local/lib/python3.12/site-packages/airflow/example_dags/example_branch_operator.py for tasks to queue
[2026-05-28T10:40:53.562+0000] {logging_mixin.py:190} INFO - [2026-05-28T10:40:53.561+0000] {dagbag.py:588} INFO - Filling up the DagBag from /home/airflow/.local/lib/python3.12/site-packages/airflow/example_dags/example_branch_operator.py
[2026-05-28T10:40:53.596+0000] {processor.py:925} INFO - DAG(s) 'example_branch_operator' retrieved from /home/airflow/.local/lib/python3.12/site-packages/airflow/example_dags/example_branch_operator.py
[2026-05-28T10:40:53.673+0000] {logging_mixin.py:190} INFO - [2026-05-28T10:40:53.673+0000] {dag.py:3239} INFO - Sync 1 DAGs
[2026-05-28T10:40:53.731+0000] {logging_mixin.py:190} INFO - [2026-05-28T10:40:53.731+0000] {dag.py:4180} INFO - Setting next_dagrun for example_branch_operator to 2026-05-27 00:00:00+00:00, run_after=2026-05-28 00:00:00+00:00
[2026-05-28T10:40:53.789+0000] {processor.py:208} INFO - Processing /home/airflow/.local/lib/python3.12/site-packages/airflow/example_dags/example_branch_operator.py took 0.246 seconds
[2026-05-28T10:41:26.141+0000] {processor.py:186} INFO - Started process (PID=308) to work on /home/airflow/.local/lib/python3.12/site-packages/airflow/example_dags/example_branch_operator.py
[2026-05-28T10:41:26.143+0000] {processor.py:914} INFO - Processing file /home/airflow/.local/lib/python3.12/site-packages/airflow/example_dags/example_branch_operator.py for tasks to queue
[2026-05-28T10:41:26.147+0000] {logging_mixin.py:190} INFO - [2026-05-28T10:41:26.147+0000] {dagbag.py:588} INFO - Filling up the DagBag from /home/airflow/.local/lib/python3.12/site-packages/airflow/example_dags/example_branch_operator.py
[2026-05-28T10:41:26.187+0000] {processor.py:925} INFO - DAG(s) 'example_branch_operator' retrieved from /home/airflow/.local/lib/python3.12/site-packages/airflow/example_dags/example_branch_operator.py
[2026-05-28T10:41:26.262+0000] {logging_mixin.py:190} INFO - [2026-05-28T10:41:26.261+0000] {dag.py:3239} INFO - Sync 1 DAGs
[2026-05-28T10:41:26.307+0000] {logging_mixin.py:190} INFO - [2026-05-28T10:41:26.306+0000] {dag.py:4180} INFO - Setting next_dagrun for example_branch_operator to 2026-05-27 00:00:00+00:00, run_after=2026-05-28 00:00:00+00:00
[2026-05-28T10:41:26.343+0000] {processor.py:208} INFO - Processing /home/airflow/.local/lib/python3.12/site-packages/airflow/example_dags/example_branch_operator.py took 0.213 seconds
[2026-05-28T10:41:58.507+0000] {processor.py:186} INFO - Started process (PID=370) to work on /home/airflow/.local/lib/python3.12/site-packages/airflow/example_dags/example_branch_operator.py
[2026-05-28T10:41:58.509+0000] {processor.py:914} INFO - Processing file /home/airflow/.local/lib/python3.12/site-packages/airflow/example_dags/example_branch_operator.py for tasks to queue
[2026-05-28T10:41:58.512+0000] {logging_mixin.py:190} INFO - [2026-05-28T10:41:58.512+0000] {dagbag.py:588} INFO - Filling up the DagBag from /home/airflow/.local/lib/python3.12/site-packages/airflow/example_dags/example_branch_operator.py
[2026-05-28T10:41:58.543+0000] {processor.py:925} INFO - DAG(s) 'example_branch_operator' retrieved from /home/airflow/.local/lib/python3.12/site-packages/airflow/example_dags/example_branch_operator.py
[2026-05-28T10:41:58.600+0000] {logging_mixin.py:190} INFO - [2026-05-28T10:41:58.600+0000] {dag.py:3239} INFO - Sync 1 DAGs
[2026-05-28T10:41:58.644+0000] {logging_mixin.py:190} INFO - [2026-05-28T10:41:58.643+0000] {dag.py:4180} INFO - Setting next_dagrun for example_branch_operator to 2026-05-27 00:00:00+00:00, run_after=2026-05-28 00:00:00+00:00
[2026-05-28T10:41:58.677+0000] {processor.py:208} INFO - Processing /home/airflow/.local/lib/python3.12/site-packages/airflow/example_dags/example_branch_operator.py took 0.180 seconds
[2026-05-28T10:42:34.747+0000] {processor.py:186} INFO - Started process (PID=433) to work on /home/airflow/.local/lib/python3.12/site-packages/airflow/example_dags/example_branch_operator.py
[2026-05-28T10:42:34.749+0000] {processor.py:914} INFO - Processing file /home/airflow/.local/lib/python3.12/site-packages/airflow/example_dags/example_branch_operator.py for tasks to queue
[2026-05-28T10:42:34.754+0000] {logging_mixin.py:190} INFO - [2026-05-28T10:42:34.753+0000] {dagbag.py:588} INFO - Filling up the DagBag from /home/airflow/.local/lib/python3.12/site-packages/airflow/example_dags/example_branch_operator.py
[2026-05-28T10:42:34.780+0000] {processor.py:925} INFO - DAG(s) 'example_branch_operator' retrieved from /home/airflow/.local/lib/python3.12/site-packages/airflow/example_dags/example_branch_operator.py
[2026-05-28T10:42:34.833+0000] {logging_mixin.py:190} INFO - [2026-05-28T10:42:34.833+0000] {dag.py:3239} INFO - Sync 1 DAGs
[2026-05-28T10:42:34.871+0000] {logging_mixin.py:190} INFO - [2026-05-28T10:42:34.870+0000] {dag.py:4180} INFO - Setting next_dagrun for example_branch_operator to 2026-05-27 00:00:00+00:00, run_after=2026-05-28 00:00:00+00:00
[2026-05-28T10:42:34.910+0000] {processor.py:208} INFO - Processing /home/airflow/.local/lib/python3.12/site-packages/airflow/example_dags/example_branch_operator.py took 0.171 seconds
[2026-05-28T10:43:06.791+0000] {processor.py:186} INFO - Started process (PID=497) to work on /home/airflow/.local/lib/python3.12/site-packages/airflow/example_dags/example_branch_operator.py
[2026-05-28T10:43:06.793+0000] {processor.py:914} INFO - Processing file /home/airflow/.local/lib/python3.12/site-packages/airflow/example_dags/example_branch_operator.py for tasks to queue
[2026-05-28T10:43:06.800+0000] {logging_mixin.py:190} INFO - [2026-05-28T10:43:06.799+0000] {dagbag.py:588} INFO - Filling up the DagBag from /home/airflow/.local/lib/python3.12/site-packages/airflow/example_dags/example_branch_operator.py
[2026-05-28T10:43:06.852+0000] {processor.py:925} INFO - DAG(s) 'example_branch_operator' retrieved from /home/airflow/.local/lib/python3.12/site-packages/airflow/example_dags/example_branch_operator.py
[2026-05-28T10:43:06.926+0000] {logging_mixin.py:190} INFO - [2026-05-28T10:43:06.925+0000] {dag.py:3239} INFO - Sync 1 DAGs
[2026-05-28T10:43:06.978+0000] {logging_mixin.py:190} INFO - [2026-05-28T10:43:06.977+0000] {dag.py:4180} INFO - Setting next_dagrun for example_branch_operator to 2026-05-27 00:00:00+00:00, run_after=2026-05-28 00:00:00+00:00
[2026-05-28T10:43:07.032+0000] {processor.py:208} INFO - Processing /home/airflow/.local/lib/python3.12/site-packages/airflow/example_dags/example_branch_operator.py took 0.254 seconds
[2026-05-28T10:43:41.070+0000] {processor.py:186} INFO - Started process (PID=560) to work on /home/airflow/.local/lib/python3.12/site-packages/airflow/example_dags/example_branch_operator.py
[2026-05-28T10:43:41.072+0000] {processor.py:914} INFO - Processing file /home/airflow/.local/lib/python3.12/site-packages/airflow/example_dags/example_branch_operator.py for tasks to queue
[2026-05-28T10:43:41.077+0000] {logging_mixin.py:190} INFO - [2026-05-28T10:43:41.076+0000] {dagbag.py:588} INFO - Filling up the DagBag from /home/airflow/.local/lib/python3.12/site-packages/airflow/example_dags/example_branch_operator.py
[2026-05-28T10:43:41.112+0000] {processor.py:925} INFO - DAG(s) 'example_branch_operator' retrieved from /home/airflow/.local/lib/python3.12/site-packages/airflow/example_dags/example_branch_operator.py
[2026-05-28T10:43:41.176+0000] {logging_mixin.py:190} INFO - [2026-05-28T10:43:41.175+0000] {dag.py:3239} INFO - Sync 1 DAGs
[2026-05-28T10:43:41.228+0000] {logging_mixin.py:190} INFO - [2026-05-28T10:43:41.227+0000] {dag.py:4180} INFO - Setting next_dagrun for example_branch_operator to 2026-05-27 00:00:00+00:00, run_after=2026-05-28 00:00:00+00:00
[2026-05-28T10:43:41.268+0000] {processor.py:208} INFO - Processing /home/airflow/.local/lib/python3.12/site-packages/airflow/example_dags/example_branch_operator.py took 0.209 seconds
[2026-05-28T10:44:16.263+0000] {processor.py:186} INFO - Started process (PID=624) to work on /home/airflow/.local/lib/python3.12/site-packages/airflow/example_dags/example_branch_operator.py
[2026-05-28T10:44:16.265+0000] {processor.py:914} INFO - Processing file /home/airflow/.local/lib/python3.12/site-packages/airflow/example_dags/example_branch_operator.py for tasks to queue
[2026-05-28T10:44:16.269+0000] {logging_mixin.py:190} INFO - [2026-05-28T10:44:16.269+0000] {dagbag.py:588} INFO - Filling up the DagBag from /home/airflow/.local/lib/python3.12/site-packages/airflow/example_dags/example_branch_operator.py
[2026-05-28T10:44:16.296+0000] {processor.py:925} INFO - DAG(s) 'example_branch_operator' retrieved from /home/airflow/.local/lib/python3.12/site-packages/airflow/example_dags/example_branch_operator.py
[2026-05-28T10:44:16.349+0000] {logging_mixin.py:190} INFO - [2026-05-28T10:44:16.348+0000] {dag.py:3239} INFO - Sync 1 DAGs
[2026-05-28T10:44:16.381+0000] {logging_mixin.py:190} INFO - [2026-05-28T10:44:16.381+0000] {dag.py:4180} INFO - Setting next_dagrun for example_branch_operator to 2026-05-27 00:00:00+00:00, run_after=2026-05-28 00:00:00+00:00
[2026-05-28T10:44:16.426+0000] {processor.py:208} INFO - Processing /home/airflow/.local/lib/python3.12/site-packages/airflow/example_dags/example_branch_operator.py took 0.173 seconds
[2026-05-28T10:44:47.832+0000] {processor.py:186} INFO - Started process (PID=686) to work on /home/airflow/.local/lib/python3.12/site-packages/airflow/example_dags/example_branch_operator.py
[2026-05-28T10:44:47.834+0000] {processor.py:914} INFO - Processing file /home/airflow/.local/lib/python3.12/site-packages/airflow/example_dags/example_branch_operator.py for tasks to queue
[2026-05-28T10:44:47.838+0000] {logging_mixin.py:190} INFO - [2026-05-28T10:44:47.838+0000] {dagbag.py:588} INFO - Filling up the DagBag from /home/airflow/.local/lib/python3.12/site-packages/airflow/example_dags/example_branch_operator.py
[2026-05-28T10:44:47.871+0000] {processor.py:925} INFO - DAG(s) 'example_branch_operator' retrieved from /home/airflow/.local/lib/python3.12/site-packages/airflow/example_dags/example_branch_operator.py
[2026-05-28T10:44:47.923+0000] {logging_mixin.py:190} INFO - [2026-05-28T10:44:47.922+0000] {dag.py:3239} INFO - Sync 1 DAGs
[2026-05-28T10:44:47.978+0000] {logging_mixin.py:190} INFO - [2026-05-28T10:44:47.978+0000] {dag.py:4180} INFO - Setting next_dagrun for example_branch_operator to 2026-05-27 00:00:00+00:00, run_after=2026-05-28 00:00:00+00:00
[2026-05-28T10:44:48.062+0000] {processor.py:208} INFO - Processing /home/airflow/.local/lib/python3.12/site-packages/airflow/example_dags/example_branch_operator.py took 0.239 seconds
[2026-05-28T10:45:18.624+0000] {processor.py:186} INFO - Started process (PID=749) to work on /home/airflow/.local/lib/python3.12/site-packages/airflow/example_dags/example_branch_operator.py
[2026-05-28T10:45:18.627+0000] {processor.py:914} INFO - Processing file /home/airflow/.local/lib/python3.12/site-packages/airflow/example_dags/example_branch_operator.py for tasks to queue
[2026-05-28T10:45:18.633+0000] {logging_mixin.py:190} INFO - [2026-05-28T10:45:18.632+0000] {dagbag.py:588} INFO - Filling up the DagBag from /home/airflow/.local/lib/python3.12/site-packages/airflow/example_dags/example_branch_operator.py
[2026-05-28T10:45:18.672+0000] {processor.py:925} INFO - DAG(s) 'example_branch_operator' retrieved from /home/airflow/.local/lib/python3.12/site-packages/airflow/example_dags/example_branch_operator.py
[2026-05-28T10:45:18.751+0000] {logging_mixin.py:190} INFO - [2026-05-28T10:45:18.750+0000] {dag.py:3239} INFO - Sync 1 DAGs
[2026-05-28T10:45:18.805+0000] {logging_mixin.py:190} INFO - [2026-05-28T10:45:18.805+0000] {dag.py:4180} INFO - Setting next_dagrun for example_branch_operator to 2026-05-27 00:00:00+00:00, run_after=2026-05-28 00:00:00+00:00
[2026-05-28T10:45:18.851+0000] {processor.py:208} INFO - Processing /home/airflow/.local/lib/python3.12/site-packages/airflow/example_dags/example_branch_operator.py took 0.242 seconds
[2026-05-28T10:45:55.637+0000] {processor.py:186} INFO - Started process (PID=811) to work on /home/airflow/.local/lib/python3.12/site-packages/airflow/example_dags/example_branch_operator.py
[2026-05-28T10:45:55.639+0000] {processor.py:914} INFO - Processing file /home/airflow/.local/lib/python3.12/site-packages/airflow/example_dags/example_branch_operator.py for tasks to queue
[2026-05-28T10:45:55.645+0000] {logging_mixin.py:190} INFO - [2026-05-28T10:45:55.644+0000] {dagbag.py:588} INFO - Filling up the DagBag from /home/airflow/.local/lib/python3.12/site-packages/airflow/example_dags/example_branch_operator.py
[2026-05-28T10:45:55.673+0000] {processor.py:925} INFO - DAG(s) 'example_branch_operator' retrieved from /home/airflow/.local/lib/python3.12/site-packages/airflow/example_dags/example_branch_operator.py
[2026-05-28T10:45:55.735+0000] {logging_mixin.py:190} INFO - [2026-05-28T10:45:55.735+0000] {dag.py:3239} INFO - Sync 1 DAGs
[2026-05-28T10:45:55.774+0000] {logging_mixin.py:190} INFO - [2026-05-28T10:45:55.774+0000] {dag.py:4180} INFO - Setting next_dagrun for example_branch_operator to 2026-05-27 00:00:00+00:00, run_after=2026-05-28 00:00:00+00:00
[2026-05-28T10:45:55.906+0000] {processor.py:208} INFO - Processing /home/airflow/.local/lib/python3.12/site-packages/airflow/example_dags/example_branch_operator.py took 0.276 seconds
[2026-05-28T10:46:27.351+0000] {processor.py:186} INFO - Started process (PID=872) to work on /home/airflow/.local/lib/python3.12/site-packages/airflow/example_dags/example_branch_operator.py
[2026-05-28T10:46:27.354+0000] {processor.py:914} INFO - Processing file /home/airflow/.local/lib/python3.12/site-packages/airflow/example_dags/example_branch_operator.py for tasks to queue
[2026-05-28T10:46:27.362+0000] {logging_mixin.py:190} INFO - [2026-05-28T10:46:27.362+0000] {dagbag.py:588} INFO - Filling up the DagBag from /home/airflow/.local/lib/python3.12/site-packages/airflow/example_dags/example_branch_operator.py
[2026-05-28T10:46:27.404+0000] {processor.py:925} INFO - DAG(s) 'example_branch_operator' retrieved from /home/airflow/.local/lib/python3.12/site-packages/airflow/example_dags/example_branch_operator.py
[2026-05-28T10:46:27.481+0000] {logging_mixin.py:190} INFO - [2026-05-28T10:46:27.480+0000] {dag.py:3239} INFO - Sync 1 DAGs
[2026-05-28T10:46:27.542+0000] {logging_mixin.py:190} INFO - [2026-05-28T10:46:27.542+0000] {dag.py:4180} INFO - Setting next_dagrun for example_branch_operator to 2026-05-27 00:00:00+00:00, run_after=2026-05-28 00:00:00+00:00
[2026-05-28T10:46:27.605+0000] {processor.py:208} INFO - Processing /home/airflow/.local/lib/python3.12/site-packages/airflow/example_dags/example_branch_operator.py took 0.271 seconds
[2026-05-28T10:46:59.050+0000] {processor.py:186} INFO - Started process (PID=932) to work on /home/airflow/.local/lib/python3.12/site-packages/airflow/example_dags/example_branch_operator.py
[2026-05-28T10:46:59.053+0000] {processor.py:914} INFO - Processing file /home/airflow/.local/lib/python3.12/site-packages/airflow/example_dags/example_branch_operator.py for tasks to queue
[2026-05-28T10:46:59.056+0000] {logging_mixin.py:190} INFO - [2026-05-28T10:46:59.056+0000] {dagbag.py:588} INFO - Filling up the DagBag from /home/airflow/.local/lib/python3.12/site-packages/airflow/example_dags/example_branch_operator.py
[2026-05-28T10:46:59.086+0000] {processor.py:925} INFO - DAG(s) 'example_branch_operator' retrieved from /home/airflow/.local/lib/python3.12/site-packages/airflow/example_dags/example_branch_operator.py
[2026-05-28T10:46:59.138+0000] {logging_mixin.py:190} INFO - [2026-05-28T10:46:59.138+0000] {dag.py:3239} INFO - Sync 1 DAGs
[2026-05-28T10:46:59.184+0000] {logging_mixin.py:190} INFO - [2026-05-28T10:46:59.183+0000] {dag.py:4180} INFO - Setting next_dagrun for example_branch_operator to 2026-05-27 00:00:00+00:00, run_after=2026-05-28 00:00:00+00:00
[2026-05-28T10:46:59.409+0000] {processor.py:208} INFO - Processing /home/airflow/.local/lib/python3.12/site-packages/airflow/example_dags/example_branch_operator.py took 0.367 seconds
[2026-05-28T10:47:34.870+0000] {processor.py:186} INFO - Started process (PID=993) to work on /home/airflow/.local/lib/python3.12/site-packages/airflow/example_dags/example_branch_operator.py
[2026-05-28T10:47:34.898+0000] {processor.py:914} INFO - Processing file /home/airflow/.local/lib/python3.12/site-packages/airflow/example_dags/example_branch_operator.py for tasks to queue
[2026-05-28T10:47:34.905+0000] {logging_mixin.py:190} INFO - [2026-05-28T10:47:34.904+0000] {dagbag.py:588} INFO - Filling up the DagBag from /home/airflow/.local/lib/python3.12/site-packages/airflow/example_dags/example_branch_operator.py
[2026-05-28T10:47:34.939+0000] {processor.py:925} INFO - DAG(s) 'example_branch_operator' retrieved from /home/airflow/.local/lib/python3.12/site-packages/airflow/example_dags/example_branch_operator.py
[2026-05-28T10:47:35.010+0000] {logging_mixin.py:190} INFO - [2026-05-28T10:47:35.009+0000] {dag.py:3239} INFO - Sync 1 DAGs
[2026-05-28T10:47:35.083+0000] {logging_mixin.py:190} INFO - [2026-05-28T10:47:35.082+0000] {dag.py:4180} INFO - Setting next_dagrun for example_branch_operator to 2026-05-27 00:00:00+00:00, run_after=2026-05-28 00:00:00+00:00
[2026-05-28T10:47:35.226+0000] {processor.py:208} INFO - Processing /home/airflow/.local/lib/python3.12/site-packages/airflow/example_dags/example_branch_operator.py took 0.369 seconds
[2026-05-28T10:48:19.453+0000] {processor.py:186} INFO - Started process (PID=1064) to work on /home/airflow/.local/lib/python3.12/site-packages/airflow/example_dags/example_branch_operator.py
[2026-05-28T10:48:19.455+0000] {processor.py:914} INFO - Processing file /home/airflow/.local/lib/python3.12/site-packages/airflow/example_dags/example_branch_operator.py for tasks to queue
[2026-05-28T10:48:19.459+0000] {logging_mixin.py:190} INFO - [2026-05-28T10:48:19.459+0000] {dagbag.py:588} INFO - Filling up the DagBag from /home/airflow/.local/lib/python3.12/site-packages/airflow/example_dags/example_branch_operator.py
[2026-05-28T10:48:19.487+0000] {processor.py:925} INFO - DAG(s) 'example_branch_operator' retrieved from /home/airflow/.local/lib/python3.12/site-packages/airflow/example_dags/example_branch_operator.py
[2026-05-28T10:48:19.540+0000] {logging_mixin.py:190} INFO - [2026-05-28T10:48:19.540+0000] {dag.py:3239} INFO - Sync 1 DAGs
[2026-05-28T10:48:19.594+0000] {logging_mixin.py:190} INFO - [2026-05-28T10:48:19.593+0000] {dag.py:4180} INFO - Setting next_dagrun for example_branch_operator to 2026-05-27 00:00:00+00:00, run_after=2026-05-28 00:00:00+00:00
[2026-05-28T10:48:19.729+0000] {processor.py:208} INFO - Processing /home/airflow/.local/lib/python3.12/site-packages/airflow/example_dags/example_branch_operator.py took 0.284 seconds
[2026-05-28T10:49:02.742+0000] {processor.py:186} INFO - Started process (PID=1124) to work on /home/airflow/.local/lib/python3.12/site-packages/airflow/example_dags/example_branch_operator.py
[2026-05-28T10:49:02.749+0000] {processor.py:914} INFO - Processing file /home/airflow/.local/lib/python3.12/site-packages/airflow/example_dags/example_branch_operator.py for tasks to queue
[2026-05-28T10:49:02.754+0000] {logging_mixin.py:190} INFO - [2026-05-28T10:49:02.753+0000] {dagbag.py:588} INFO - Filling up the DagBag from /home/airflow/.local/lib/python3.12/site-packages/airflow/example_dags/example_branch_operator.py
[2026-05-28T10:49:02.793+0000] {processor.py:925} INFO - DAG(s) 'example_branch_operator' retrieved from /home/airflow/.local/lib/python3.12/site-packages/airflow/example_dags/example_branch_operator.py
[2026-05-28T10:49:02.883+0000] {logging_mixin.py:190} INFO - [2026-05-28T10:49:02.882+0000] {dag.py:3239} INFO - Sync 1 DAGs
[2026-05-28T10:49:02.951+0000] {logging_mixin.py:190} INFO - [2026-05-28T10:49:02.950+0000] {dag.py:4180} INFO - Setting next_dagrun for example_branch_operator to 2026-05-27 00:00:00+00:00, run_after=2026-05-28 00:00:00+00:00
[2026-05-28T10:49:03.028+0000] {processor.py:208} INFO - Processing /home/airflow/.local/lib/python3.12/site-packages/airflow/example_dags/example_branch_operator.py took 0.296 seconds
[2026-05-28T10:49:42.687+0000] {processor.py:186} INFO - Started process (PID=1197) to work on /home/airflow/.local/lib/python3.12/site-packages/airflow/example_dags/example_branch_operator.py
[2026-05-28T10:49:42.689+0000] {processor.py:914} INFO - Processing file /home/airflow/.local/lib/python3.12/site-packages/airflow/example_dags/example_branch_operator.py for tasks to queue
[2026-05-28T10:49:42.693+0000] {logging_mixin.py:190} INFO - [2026-05-28T10:49:42.693+0000] {dagbag.py:588} INFO - Filling up the DagBag from /home/airflow/.local/lib/python3.12/site-packages/airflow/example_dags/example_branch_operator.py
[2026-05-28T10:49:42.723+0000] {processor.py:925} INFO - DAG(s) 'example_branch_operator' retrieved from /home/airflow/.local/lib/python3.12/site-packages/airflow/example_dags/example_branch_operator.py
[2026-05-28T10:49:42.777+0000] {logging_mixin.py:190} INFO - [2026-05-28T10:49:42.777+0000] {dag.py:3239} INFO - Sync 1 DAGs
[2026-05-28T10:49:42.817+0000] {logging_mixin.py:190} INFO - [2026-05-28T10:49:42.817+0000] {dag.py:4180} INFO - Setting next_dagrun for example_branch_operator to 2026-05-27 00:00:00+00:00, run_after=2026-05-28 00:00:00+00:00
[2026-05-28T10:49:42.863+0000] {processor.py:208} INFO - Processing /home/airflow/.local/lib/python3.12/site-packages/airflow/example_dags/example_branch_operator.py took 0.185 seconds
[2026-05-28T10:50:20.481+0000] {processor.py:186} INFO - Started process (PID=1261) to work on /home/airflow/.local/lib/python3.12/site-packages/airflow/example_dags/example_branch_operator.py
[2026-05-28T10:50:20.482+0000] {processor.py:914} INFO - Processing file /home/airflow/.local/lib/python3.12/site-packages/airflow/example_dags/example_branch_operator.py for tasks to queue
[2026-05-28T10:50:20.488+0000] {logging_mixin.py:190} INFO - [2026-05-28T10:50:20.487+0000] {dagbag.py:588} INFO - Filling up the DagBag from /home/airflow/.local/lib/python3.12/site-packages/airflow/example_dags/example_branch_operator.py
[2026-05-28T10:50:20.515+0000] {processor.py:925} INFO - DAG(s) 'example_branch_operator' retrieved from /home/airflow/.local/lib/python3.12/site-packages/airflow/example_dags/example_branch_operator.py
[2026-05-28T10:50:20.579+0000] {logging_mixin.py:190} INFO - [2026-05-28T10:50:20.579+0000] {dag.py:3239} INFO - Sync 1 DAGs
[2026-05-28T10:50:20.628+0000] {logging_mixin.py:190} INFO - [2026-05-28T10:50:20.628+0000] {dag.py:4180} INFO - Setting next_dagrun for example_branch_operator to 2026-05-27 00:00:00+00:00, run_after=2026-05-28 00:00:00+00:00
[2026-05-28T10:50:20.666+0000] {processor.py:208} INFO - Processing /home/airflow/.local/lib/python3.12/site-packages/airflow/example_dags/example_branch_operator.py took 0.197 seconds
[2026-05-28T10:51:17.157+0000] {processor.py:186} INFO - Started process (PID=1330) to work on /home/airflow/.local/lib/python3.12/site-packages/airflow/example_dags/example_branch_operator.py
[2026-05-28T10:51:17.160+0000] {processor.py:914} INFO - Processing file /home/airflow/.local/lib/python3.12/site-packages/airflow/example_dags/example_branch_operator.py for tasks to queue
[2026-05-28T10:51:17.166+0000] {logging_mixin.py:190} INFO - [2026-05-28T10:51:17.166+0000] {dagbag.py:588} INFO - Filling up the DagBag from /home/airflow/.local/lib/python3.12/site-packages/airflow/example_dags/example_branch_operator.py
[2026-05-28T10:51:17.211+0000] {processor.py:925} INFO - DAG(s) 'example_branch_operator' retrieved from /home/airflow/.local/lib/python3.12/site-packages/airflow/example_dags/example_branch_operator.py
[2026-05-28T10:51:17.282+0000] {logging_mixin.py:190} INFO - [2026-05-28T10:51:17.281+0000] {dag.py:3239} INFO - Sync 1 DAGs
[2026-05-28T10:51:17.356+0000] {logging_mixin.py:190} INFO - [2026-05-28T10:51:17.354+0000] {dag.py:4180} INFO - Setting next_dagrun for example_branch_operator to 2026-05-27 00:00:00+00:00, run_after=2026-05-28 00:00:00+00:00
[2026-05-28T10:51:17.435+0000] {processor.py:208} INFO - Processing /home/airflow/.local/lib/python3.12/site-packages/airflow/example_dags/example_branch_operator.py took 0.290 seconds
[2026-05-28T10:52:01.927+0000] {processor.py:186} INFO - Started process (PID=1408) to work on /home/airflow/.local/lib/python3.12/site-packages/airflow/example_dags/example_branch_operator.py
[2026-05-28T10:52:01.929+0000] {processor.py:914} INFO - Processing file /home/airflow/.local/lib/python3.12/site-packages/airflow/example_dags/example_branch_operator.py for tasks to queue
[2026-05-28T10:52:01.937+0000] {logging_mixin.py:190} INFO - [2026-05-28T10:52:01.936+0000] {dagbag.py:588} INFO - Filling up the DagBag from /home/airflow/.local/lib/python3.12/site-packages/airflow/example_dags/example_branch_operator.py
[2026-05-28T10:52:01.986+0000] {processor.py:925} INFO - DAG(s) 'example_branch_operator' retrieved from /home/airflow/.local/lib/python3.12/site-packages/airflow/example_dags/example_branch_operator.py
[2026-05-28T10:52:02.051+0000] {logging_mixin.py:190} INFO - [2026-05-28T10:52:02.050+0000] {dag.py:3239} INFO - Sync 1 DAGs
[2026-05-28T10:52:02.105+0000] {logging_mixin.py:190} INFO - [2026-05-28T10:52:02.104+0000] {dag.py:4180} INFO - Setting next_dagrun for example_branch_operator to 2026-05-27 00:00:00+00:00, run_after=2026-05-28 00:00:00+00:00
[2026-05-28T10:52:02.159+0000] {processor.py:208} INFO - Processing /home/airflow/.local/lib/python3.12/site-packages/airflow/example_dags/example_branch_operator.py took 0.249 seconds
[2026-05-28T10:52:52.540+0000] {processor.py:186} INFO - Started process (PID=1472) to work on /home/airflow/.local/lib/python3.12/site-packages/airflow/example_dags/example_branch_operator.py
[2026-05-28T10:52:52.542+0000] {processor.py:914} INFO - Processing file /home/airflow/.local/lib/python3.12/site-packages/airflow/example_dags/example_branch_operator.py for tasks to queue
[2026-05-28T10:52:52.546+0000] {logging_mixin.py:190} INFO - [2026-05-28T10:52:52.546+0000] {dagbag.py:588} INFO - Filling up the DagBag from /home/airflow/.local/lib/python3.12/site-packages/airflow/example_dags/example_branch_operator.py
[2026-05-28T10:52:52.591+0000] {processor.py:925} INFO - DAG(s) 'example_branch_operator' retrieved from /home/airflow/.local/lib/python3.12/site-packages/airflow/example_dags/example_branch_operator.py
[2026-05-28T10:52:52.669+0000] {logging_mixin.py:190} INFO - [2026-05-28T10:52:52.669+0000] {dag.py:3239} INFO - Sync 1 DAGs
[2026-05-28T10:52:52.716+0000] {logging_mixin.py:190} INFO - [2026-05-28T10:52:52.716+0000] {dag.py:4180} INFO - Setting next_dagrun for example_branch_operator to 2026-05-27 00:00:00+00:00, run_after=2026-05-28 00:00:00+00:00
[2026-05-28T10:52:52.767+0000] {processor.py:208} INFO - Processing /home/airflow/.local/lib/python3.12/site-packages/airflow/example_dags/example_branch_operator.py took 0.240 seconds
[2026-05-28T10:53:26.927+0000] {processor.py:186} INFO - Started process (PID=1530) to work on /home/airflow/.local/lib/python3.12/site-packages/airflow/example_dags/example_branch_operator.py
[2026-05-28T10:53:26.930+0000] {processor.py:914} INFO - Processing file /home/airflow/.local/lib/python3.12/site-packages/airflow/example_dags/example_branch_operator.py for tasks to queue
[2026-05-28T10:53:26.935+0000] {logging_mixin.py:190} INFO - [2026-05-28T10:53:26.934+0000] {dagbag.py:588} INFO - Filling up the DagBag from /home/airflow/.local/lib/python3.12/site-packages/airflow/example_dags/example_branch_operator.py
[2026-05-28T10:53:26.974+0000] {processor.py:925} INFO - DAG(s) 'example_branch_operator' retrieved from /home/airflow/.local/lib/python3.12/site-packages/airflow/example_dags/example_branch_operator.py
[2026-05-28T10:53:27.042+0000] {logging_mixin.py:190} INFO - [2026-05-28T10:53:27.042+0000] {dag.py:3239} INFO - Sync 1 DAGs
[2026-05-28T10:53:27.084+0000] {logging_mixin.py:190} INFO - [2026-05-28T10:53:27.084+0000] {dag.py:4180} INFO - Setting next_dagrun for example_branch_operator to 2026-05-27 00:00:00+00:00, run_after=2026-05-28 00:00:00+00:00
[2026-05-28T10:53:27.143+0000] {processor.py:208} INFO - Processing /home/airflow/.local/lib/python3.12/site-packages/airflow/example_dags/example_branch_operator.py took 0.227 seconds
[2026-05-28T10:53:59.562+0000] {processor.py:186} INFO - Started process (PID=1592) to work on /home/airflow/.local/lib/python3.12/site-packages/airflow/example_dags/example_branch_operator.py
[2026-05-28T10:53:59.565+0000] {processor.py:914} INFO - Processing file /home/airflow/.local/lib/python3.12/site-packages/airflow/example_dags/example_branch_operator.py for tasks to queue
[2026-05-28T10:53:59.569+0000] {logging_mixin.py:190} INFO - [2026-05-28T10:53:59.569+0000] {dagbag.py:588} INFO - Filling up the DagBag from /home/airflow/.local/lib/python3.12/site-packages/airflow/example_dags/example_branch_operator.py
[2026-05-28T10:53:59.604+0000] {processor.py:925} INFO - DAG(s) 'example_branch_operator' retrieved from /home/airflow/.local/lib/python3.12/site-packages/airflow/example_dags/example_branch_operator.py
[2026-05-28T10:53:59.661+0000] {logging_mixin.py:190} INFO - [2026-05-28T10:53:59.661+0000] {dag.py:3239} INFO - Sync 1 DAGs
[2026-05-28T10:53:59.702+0000] {logging_mixin.py:190} INFO - [2026-05-28T10:53:59.702+0000] {dag.py:4180} INFO - Setting next_dagrun for example_branch_operator to 2026-05-27 00:00:00+00:00, run_after=2026-05-28 00:00:00+00:00
[2026-05-28T10:53:59.749+0000] {processor.py:208} INFO - Processing /home/airflow/.local/lib/python3.12/site-packages/airflow/example_dags/example_branch_operator.py took 0.195 seconds
[2026-05-28T10:54:38.867+0000] {processor.py:186} INFO - Started process (PID=1656) to work on /home/airflow/.local/lib/python3.12/site-packages/airflow/example_dags/example_branch_operator.py
[2026-05-28T10:54:38.880+0000] {processor.py:914} INFO - Processing file /home/airflow/.local/lib/python3.12/site-packages/airflow/example_dags/example_branch_operator.py for tasks to queue
[2026-05-28T10:54:38.886+0000] {logging_mixin.py:190} INFO - [2026-05-28T10:54:38.886+0000] {dagbag.py:588} INFO - Filling up the DagBag from /home/airflow/.local/lib/python3.12/site-packages/airflow/example_dags/example_branch_operator.py
[2026-05-28T10:54:38.954+0000] {processor.py:925} INFO - DAG(s) 'example_branch_operator' retrieved from /home/airflow/.local/lib/python3.12/site-packages/airflow/example_dags/example_branch_operator.py
[2026-05-28T10:54:39.103+0000] {logging_mixin.py:190} INFO - [2026-05-28T10:54:39.102+0000] {dag.py:3239} INFO - Sync 1 DAGs
[2026-05-28T10:54:39.217+0000] {logging_mixin.py:190} INFO - [2026-05-28T10:54:39.214+0000] {dag.py:4180} INFO - Setting next_dagrun for example_branch_operator to 2026-05-27 00:00:00+00:00, run_after=2026-05-28 00:00:00+00:00
[2026-05-28T10:54:39.311+0000] {processor.py:208} INFO - Processing /home/airflow/.local/lib/python3.12/site-packages/airflow/example_dags/example_branch_operator.py took 0.466 seconds
[2026-05-28T10:58:12.387+0000] {processor.py:186} INFO - Started process (PID=1767) to work on /home/airflow/.local/lib/python3.12/site-packages/airflow/example_dags/example_branch_operator.py
[2026-05-28T10:58:12.399+0000] {processor.py:914} INFO - Processing file /home/airflow/.local/lib/python3.12/site-packages/airflow/example_dags/example_branch_operator.py for tasks to queue
[2026-05-28T10:58:12.410+0000] {logging_mixin.py:190} INFO - [2026-05-28T10:58:12.409+0000] {dagbag.py:588} INFO - Filling up the DagBag from /home/airflow/.local/lib/python3.12/site-packages/airflow/example_dags/example_branch_operator.py
[2026-05-28T10:58:13.070+0000] {processor.py:925} INFO - DAG(s) 'example_branch_operator' retrieved from /home/airflow/.local/lib/python3.12/site-packages/airflow/example_dags/example_branch_operator.py
[2026-05-28T10:58:13.856+0000] {logging_mixin.py:190} INFO - [2026-05-28T10:58:13.855+0000] {dag.py:3239} INFO - Sync 1 DAGs
[2026-05-28T10:58:14.075+0000] {logging_mixin.py:190} INFO - [2026-05-28T10:58:14.051+0000] {dag.py:4180} INFO - Setting next_dagrun for example_branch_operator to 2026-05-27 00:00:00+00:00, run_after=2026-05-28 00:00:00+00:00
[2026-05-28T10:58:14.485+0000] {processor.py:208} INFO - Processing /home/airflow/.local/lib/python3.12/site-packages/airflow/example_dags/example_branch_operator.py took 2.157 seconds
[2026-05-28T10:59:26.776+0000] {processor.py:186} INFO - Started process (PID=1833) to work on /home/airflow/.local/lib/python3.12/site-packages/airflow/example_dags/example_branch_operator.py
[2026-05-28T10:59:26.781+0000] {processor.py:914} INFO - Processing file /home/airflow/.local/lib/python3.12/site-packages/airflow/example_dags/example_branch_operator.py for tasks to queue
[2026-05-28T10:59:26.788+0000] {logging_mixin.py:190} INFO - [2026-05-28T10:59:26.787+0000] {dagbag.py:588} INFO - Filling up the DagBag from /home/airflow/.local/lib/python3.12/site-packages/airflow/example_dags/example_branch_operator.py
[2026-05-28T10:59:26.892+0000] {processor.py:925} INFO - DAG(s) 'example_branch_operator' retrieved from /home/airflow/.local/lib/python3.12/site-packages/airflow/example_dags/example_branch_operator.py
[2026-05-28T10:59:27.059+0000] {logging_mixin.py:190} INFO - [2026-05-28T10:59:27.058+0000] {dag.py:3239} INFO - Sync 1 DAGs
[2026-05-28T10:59:27.164+0000] {logging_mixin.py:190} INFO - [2026-05-28T10:59:27.164+0000] {dag.py:4180} INFO - Setting next_dagrun for example_branch_operator to 2026-05-27 00:00:00+00:00, run_after=2026-05-28 00:00:00+00:00
[2026-05-28T10:59:27.228+0000] {processor.py:208} INFO - Processing /home/airflow/.local/lib/python3.12/site-packages/airflow/example_dags/example_branch_operator.py took 0.477 seconds
[2026-05-28T11:00:25.819+0000] {processor.py:186} INFO - Started process (PID=1906) to work on /home/airflow/.local/lib/python3.12/site-packages/airflow/example_dags/example_branch_operator.py
[2026-05-28T11:00:25.822+0000] {processor.py:914} INFO - Processing file /home/airflow/.local/lib/python3.12/site-packages/airflow/example_dags/example_branch_operator.py for tasks to queue
[2026-05-28T11:00:25.828+0000] {logging_mixin.py:190} INFO - [2026-05-28T11:00:25.827+0000] {dagbag.py:588} INFO - Filling up the DagBag from /home/airflow/.local/lib/python3.12/site-packages/airflow/example_dags/example_branch_operator.py
[2026-05-28T11:00:25.894+0000] {processor.py:925} INFO - DAG(s) 'example_branch_operator' retrieved from /home/airflow/.local/lib/python3.12/site-packages/airflow/example_dags/example_branch_operator.py
[2026-05-28T11:00:25.999+0000] {logging_mixin.py:190} INFO - [2026-05-28T11:00:25.998+0000] {dag.py:3239} INFO - Sync 1 DAGs
[2026-05-28T11:00:26.073+0000] {logging_mixin.py:190} INFO - [2026-05-28T11:00:26.072+0000] {dag.py:4180} INFO - Setting next_dagrun for example_branch_operator to 2026-05-27 00:00:00+00:00, run_after=2026-05-28 00:00:00+00:00
[2026-05-28T11:00:26.137+0000] {processor.py:208} INFO - Processing /home/airflow/.local/lib/python3.12/site-packages/airflow/example_dags/example_branch_operator.py took 0.336 seconds
[2026-05-28T11:01:38.355+0000] {processor.py:186} INFO - Started process (PID=1983) to work on /home/airflow/.local/lib/python3.12/site-packages/airflow/example_dags/example_branch_operator.py
[2026-05-28T11:01:38.361+0000] {processor.py:914} INFO - Processing file /home/airflow/.local/lib/python3.12/site-packages/airflow/example_dags/example_branch_operator.py for tasks to queue
[2026-05-28T11:01:38.365+0000] {logging_mixin.py:190} INFO - [2026-05-28T11:01:38.364+0000] {dagbag.py:588} INFO - Filling up the DagBag from /home/airflow/.local/lib/python3.12/site-packages/airflow/example_dags/example_branch_operator.py
[2026-05-28T11:01:38.430+0000] {processor.py:925} INFO - DAG(s) 'example_branch_operator' retrieved from /home/airflow/.local/lib/python3.12/site-packages/airflow/example_dags/example_branch_operator.py
[2026-05-28T11:01:38.558+0000] {logging_mixin.py:190} INFO - [2026-05-28T11:01:38.557+0000] {dag.py:3239} INFO - Sync 1 DAGs
[2026-05-28T11:01:38.662+0000] {logging_mixin.py:190} INFO - [2026-05-28T11:01:38.662+0000] {dag.py:4180} INFO - Setting next_dagrun for example_branch_operator to 2026-05-27 00:00:00+00:00, run_after=2026-05-28 00:00:00+00:00
[2026-05-28T11:01:38.729+0000] {processor.py:208} INFO - Processing /home/airflow/.local/lib/python3.12/site-packages/airflow/example_dags/example_branch_operator.py took 0.390 seconds
[2026-05-28T11:02:52.383+0000] {processor.py:186} INFO - Started process (PID=2073) to work on /home/airflow/.local/lib/python3.12/site-packages/airflow/example_dags/example_branch_operator.py
[2026-05-28T11:02:52.386+0000] {processor.py:914} INFO - Processing file /home/airflow/.local/lib/python3.12/site-packages/airflow/example_dags/example_branch_operator.py for tasks to queue
[2026-05-28T11:02:52.390+0000] {logging_mixin.py:190} INFO - [2026-05-28T11:02:52.389+0000] {dagbag.py:588} INFO - Filling up the DagBag from /home/airflow/.local/lib/python3.12/site-packages/airflow/example_dags/example_branch_operator.py
[2026-05-28T11:02:52.441+0000] {processor.py:925} INFO - DAG(s) 'example_branch_operator' retrieved from /home/airflow/.local/lib/python3.12/site-packages/airflow/example_dags/example_branch_operator.py
[2026-05-28T11:02:52.542+0000] {logging_mixin.py:190} INFO - [2026-05-28T11:02:52.541+0000] {dag.py:3239} INFO - Sync 1 DAGs
[2026-05-28T11:02:52.635+0000] {logging_mixin.py:190} INFO - [2026-05-28T11:02:52.634+0000] {dag.py:4180} INFO - Setting next_dagrun for example_branch_operator to 2026-05-27 00:00:00+00:00, run_after=2026-05-28 00:00:00+00:00
[2026-05-28T11:02:52.710+0000] {processor.py:208} INFO - Processing /home/airflow/.local/lib/python3.12/site-packages/airflow/example_dags/example_branch_operator.py took 0.343 seconds
[2026-05-28T11:03:52.612+0000] {processor.py:186} INFO - Started process (PID=2142) to work on /home/airflow/.local/lib/python3.12/site-packages/airflow/example_dags/example_branch_operator.py
[2026-05-28T11:03:52.615+0000] {processor.py:914} INFO - Processing file /home/airflow/.local/lib/python3.12/site-packages/airflow/example_dags/example_branch_operator.py for tasks to queue
[2026-05-28T11:03:52.618+0000] {logging_mixin.py:190} INFO - [2026-05-28T11:03:52.617+0000] {dagbag.py:588} INFO - Filling up the DagBag from /home/airflow/.local/lib/python3.12/site-packages/airflow/example_dags/example_branch_operator.py
[2026-05-28T11:03:52.659+0000] {processor.py:925} INFO - DAG(s) 'example_branch_operator' retrieved from /home/airflow/.local/lib/python3.12/site-packages/airflow/example_dags/example_branch_operator.py
[2026-05-28T11:03:52.746+0000] {logging_mixin.py:190} INFO - [2026-05-28T11:03:52.746+0000] {dag.py:3239} INFO - Sync 1 DAGs
[2026-05-28T11:03:52.811+0000] {logging_mixin.py:190} INFO - [2026-05-28T11:03:52.810+0000] {dag.py:4180} INFO - Setting next_dagrun for example_branch_operator to 2026-05-27 00:00:00+00:00, run_after=2026-05-28 00:00:00+00:00
[2026-05-28T11:03:52.863+0000] {processor.py:208} INFO - Processing /home/airflow/.local/lib/python3.12/site-packages/airflow/example_dags/example_branch_operator.py took 0.266 seconds
[2026-05-28T11:04:52.625+0000] {processor.py:186} INFO - Started process (PID=2229) to work on /home/airflow/.local/lib/python3.12/site-packages/airflow/example_dags/example_branch_operator.py
[2026-05-28T11:04:52.628+0000] {processor.py:914} INFO - Processing file /home/airflow/.local/lib/python3.12/site-packages/airflow/example_dags/example_branch_operator.py for tasks to queue
[2026-05-28T11:04:52.631+0000] {logging_mixin.py:190} INFO - [2026-05-28T11:04:52.631+0000] {dagbag.py:588} INFO - Filling up the DagBag from /home/airflow/.local/lib/python3.12/site-packages/airflow/example_dags/example_branch_operator.py
[2026-05-28T11:04:52.680+0000] {processor.py:925} INFO - DAG(s) 'example_branch_operator' retrieved from /home/airflow/.local/lib/python3.12/site-packages/airflow/example_dags/example_branch_operator.py
[2026-05-28T11:04:52.755+0000] {logging_mixin.py:190} INFO - [2026-05-28T11:04:52.755+0000] {dag.py:3239} INFO - Sync 1 DAGs
[2026-05-28T11:04:52.808+0000] {logging_mixin.py:190} INFO - [2026-05-28T11:04:52.808+0000] {dag.py:4180} INFO - Setting next_dagrun for example_branch_operator to 2026-05-27 00:00:00+00:00, run_after=2026-05-28 00:00:00+00:00
[2026-05-28T11:04:52.850+0000] {processor.py:208} INFO - Processing /home/airflow/.local/lib/python3.12/site-packages/airflow/example_dags/example_branch_operator.py took 0.239 seconds
[2026-05-28T11:05:34.554+0000] {processor.py:186} INFO - Started process (PID=2292) to work on /home/airflow/.local/lib/python3.12/site-packages/airflow/example_dags/example_branch_operator.py
[2026-05-28T11:05:34.557+0000] {processor.py:914} INFO - Processing file /home/airflow/.local/lib/python3.12/site-packages/airflow/example_dags/example_branch_operator.py for tasks to queue
[2026-05-28T11:05:34.560+0000] {logging_mixin.py:190} INFO - [2026-05-28T11:05:34.559+0000] {dagbag.py:588} INFO - Filling up the DagBag from /home/airflow/.local/lib/python3.12/site-packages/airflow/example_dags/example_branch_operator.py
[2026-05-28T11:05:34.634+0000] {processor.py:925} INFO - DAG(s) 'example_branch_operator' retrieved from /home/airflow/.local/lib/python3.12/site-packages/airflow/example_dags/example_branch_operator.py
[2026-05-28T11:05:34.746+0000] {logging_mixin.py:190} INFO - [2026-05-28T11:05:34.746+0000] {dag.py:3239} INFO - Sync 1 DAGs
[2026-05-28T11:05:34.823+0000] {logging_mixin.py:190} INFO - [2026-05-28T11:05:34.822+0000] {dag.py:4180} INFO - Setting next_dagrun for example_branch_operator to 2026-05-27 00:00:00+00:00, run_after=2026-05-28 00:00:00+00:00
[2026-05-28T11:05:34.885+0000] {processor.py:208} INFO - Processing /home/airflow/.local/lib/python3.12/site-packages/airflow/example_dags/example_branch_operator.py took 0.351 seconds
[2026-05-28T11:06:35.033+0000] {processor.py:186} INFO - Started process (PID=2363) to work on /home/airflow/.local/lib/python3.12/site-packages/airflow/example_dags/example_branch_operator.py
[2026-05-28T11:06:35.038+0000] {processor.py:914} INFO - Processing file /home/airflow/.local/lib/python3.12/site-packages/airflow/example_dags/example_branch_operator.py for tasks to queue
[2026-05-28T11:06:35.043+0000] {logging_mixin.py:190} INFO - [2026-05-28T11:06:35.042+0000] {dagbag.py:588} INFO - Filling up the DagBag from /home/airflow/.local/lib/python3.12/site-packages/airflow/example_dags/example_branch_operator.py
[2026-05-28T11:06:35.116+0000] {processor.py:925} INFO - DAG(s) 'example_branch_operator' retrieved from /home/airflow/.local/lib/python3.12/site-packages/airflow/example_dags/example_branch_operator.py
[2026-05-28T11:06:35.210+0000] {logging_mixin.py:190} INFO - [2026-05-28T11:06:35.209+0000] {dag.py:3239} INFO - Sync 1 DAGs
[2026-05-28T11:06:35.272+0000] {logging_mixin.py:190} INFO - [2026-05-28T11:06:35.271+0000] {dag.py:4180} INFO - Setting next_dagrun for example_branch_operator to 2026-05-27 00:00:00+00:00, run_after=2026-05-28 00:00:00+00:00
[2026-05-28T11:06:35.319+0000] {processor.py:208} INFO - Processing /home/airflow/.local/lib/python3.12/site-packages/airflow/example_dags/example_branch_operator.py took 0.306 seconds
[2026-05-28T11:07:28.565+0000] {processor.py:186} INFO - Started process (PID=2430) to work on /home/airflow/.local/lib/python3.12/site-packages/airflow/example_dags/example_branch_operator.py
[2026-05-28T11:07:28.569+0000] {processor.py:914} INFO - Processing file /home/airflow/.local/lib/python3.12/site-packages/airflow/example_dags/example_branch_operator.py for tasks to queue
[2026-05-28T11:07:28.574+0000] {logging_mixin.py:190} INFO - [2026-05-28T11:07:28.573+0000] {dagbag.py:588} INFO - Filling up the DagBag from /home/airflow/.local/lib/python3.12/site-packages/airflow/example_dags/example_branch_operator.py
[2026-05-28T11:07:28.627+0000] {processor.py:925} INFO - DAG(s) 'example_branch_operator' retrieved from /home/airflow/.local/lib/python3.12/site-packages/airflow/example_dags/example_branch_operator.py
[2026-05-28T11:07:28.709+0000] {logging_mixin.py:190} INFO - [2026-05-28T11:07:28.709+0000] {dag.py:3239} INFO - Sync 1 DAGs
[2026-05-28T11:07:28.780+0000] {logging_mixin.py:190} INFO - [2026-05-28T11:07:28.779+0000] {dag.py:4180} INFO - Setting next_dagrun for example_branch_operator to 2026-05-27 00:00:00+00:00, run_after=2026-05-28 00:00:00+00:00
[2026-05-28T11:07:28.833+0000] {processor.py:208} INFO - Processing /home/airflow/.local/lib/python3.12/site-packages/airflow/example_dags/example_branch_operator.py took 0.294 seconds
[2026-05-28T11:08:34.691+0000] {processor.py:186} INFO - Started process (PID=2501) to work on /home/airflow/.local/lib/python3.12/site-packages/airflow/example_dags/example_branch_operator.py
[2026-05-28T11:08:34.694+0000] {processor.py:914} INFO - Processing file /home/airflow/.local/lib/python3.12/site-packages/airflow/example_dags/example_branch_operator.py for tasks to queue
[2026-05-28T11:08:34.697+0000] {logging_mixin.py:190} INFO - [2026-05-28T11:08:34.697+0000] {dagbag.py:588} INFO - Filling up the DagBag from /home/airflow/.local/lib/python3.12/site-packages/airflow/example_dags/example_branch_operator.py
[2026-05-28T11:08:34.739+0000] {processor.py:925} INFO - DAG(s) 'example_branch_operator' retrieved from /home/airflow/.local/lib/python3.12/site-packages/airflow/example_dags/example_branch_operator.py
[2026-05-28T11:08:34.903+0000] {logging_mixin.py:190} INFO - [2026-05-28T11:08:34.902+0000] {dag.py:3239} INFO - Sync 1 DAGs
[2026-05-28T11:08:34.968+0000] {logging_mixin.py:190} INFO - [2026-05-28T11:08:34.967+0000] {dag.py:4180} INFO - Setting next_dagrun for example_branch_operator to 2026-05-27 00:00:00+00:00, run_after=2026-05-28 00:00:00+00:00
[2026-05-28T11:08:35.014+0000] {processor.py:208} INFO - Processing /home/airflow/.local/lib/python3.12/site-packages/airflow/example_dags/example_branch_operator.py took 0.337 seconds
[2026-05-28T11:09:13.022+0000] {processor.py:186} INFO - Started process (PID=2564) to work on /home/airflow/.local/lib/python3.12/site-packages/airflow/example_dags/example_branch_operator.py
[2026-05-28T11:09:13.024+0000] {processor.py:914} INFO - Processing file /home/airflow/.local/lib/python3.12/site-packages/airflow/example_dags/example_branch_operator.py for tasks to queue
[2026-05-28T11:09:13.028+0000] {logging_mixin.py:190} INFO - [2026-05-28T11:09:13.027+0000] {dagbag.py:588} INFO - Filling up the DagBag from /home/airflow/.local/lib/python3.12/site-packages/airflow/example_dags/example_branch_operator.py
[2026-05-28T11:09:13.093+0000] {processor.py:925} INFO - DAG(s) 'example_branch_operator' retrieved from /home/airflow/.local/lib/python3.12/site-packages/airflow/example_dags/example_branch_operator.py
[2026-05-28T11:09:13.206+0000] {logging_mixin.py:190} INFO - [2026-05-28T11:09:13.205+0000] {dag.py:3239} INFO - Sync 1 DAGs
[2026-05-28T11:09:13.290+0000] {logging_mixin.py:190} INFO - [2026-05-28T11:09:13.290+0000] {dag.py:4180} INFO - Setting next_dagrun for example_branch_operator to 2026-05-27 00:00:00+00:00, run_after=2026-05-28 00:00:00+00:00
[2026-05-28T11:09:13.346+0000] {processor.py:208} INFO - Processing /home/airflow/.local/lib/python3.12/site-packages/airflow/example_dags/example_branch_operator.py took 0.338 seconds
[2026-05-28T11:10:25.212+0000] {processor.py:186} INFO - Started process (PID=2646) to work on /home/airflow/.local/lib/python3.12/site-packages/airflow/example_dags/example_branch_operator.py
[2026-05-28T11:10:25.215+0000] {processor.py:914} INFO - Processing file /home/airflow/.local/lib/python3.12/site-packages/airflow/example_dags/example_branch_operator.py for tasks to queue
[2026-05-28T11:10:25.219+0000] {logging_mixin.py:190} INFO - [2026-05-28T11:10:25.218+0000] {dagbag.py:588} INFO - Filling up the DagBag from /home/airflow/.local/lib/python3.12/site-packages/airflow/example_dags/example_branch_operator.py
[2026-05-28T11:10:25.267+0000] {processor.py:925} INFO - DAG(s) 'example_branch_operator' retrieved from /home/airflow/.local/lib/python3.12/site-packages/airflow/example_dags/example_branch_operator.py
[2026-05-28T11:10:25.356+0000] {logging_mixin.py:190} INFO - [2026-05-28T11:10:25.356+0000] {dag.py:3239} INFO - Sync 1 DAGs
[2026-05-28T11:10:25.414+0000] {logging_mixin.py:190} INFO - [2026-05-28T11:10:25.413+0000] {dag.py:4180} INFO - Setting next_dagrun for example_branch_operator to 2026-05-27 00:00:00+00:00, run_after=2026-05-28 00:00:00+00:00
[2026-05-28T11:10:25.468+0000] {processor.py:208} INFO - Processing /home/airflow/.local/lib/python3.12/site-packages/airflow/example_dags/example_branch_operator.py took 0.275 seconds
[2026-05-28T11:11:42.367+0000] {processor.py:186} INFO - Started process (PID=2723) to work on /home/airflow/.local/lib/python3.12/site-packages/airflow/example_dags/example_branch_operator.py
[2026-05-28T11:11:42.379+0000] {processor.py:914} INFO - Processing file /home/airflow/.local/lib/python3.12/site-packages/airflow/example_dags/example_branch_operator.py for tasks to queue
[2026-05-28T11:11:42.389+0000] {logging_mixin.py:190} INFO - [2026-05-28T11:11:42.386+0000] {dagbag.py:588} INFO - Filling up the DagBag from /home/airflow/.local/lib/python3.12/site-packages/airflow/example_dags/example_branch_operator.py
[2026-05-28T11:11:42.507+0000] {processor.py:925} INFO - DAG(s) 'example_branch_operator' retrieved from /home/airflow/.local/lib/python3.12/site-packages/airflow/example_dags/example_branch_operator.py
[2026-05-28T11:11:42.656+0000] {logging_mixin.py:190} INFO - [2026-05-28T11:11:42.654+0000] {dag.py:3239} INFO - Sync 1 DAGs
[2026-05-28T11:11:42.746+0000] {logging_mixin.py:190} INFO - [2026-05-28T11:11:42.745+0000] {dag.py:4180} INFO - Setting next_dagrun for example_branch_operator to 2026-05-27 00:00:00+00:00, run_after=2026-05-28 00:00:00+00:00
[2026-05-28T11:11:42.822+0000] {processor.py:208} INFO - Processing /home/airflow/.local/lib/python3.12/site-packages/airflow/example_dags/example_branch_operator.py took 0.496 seconds
[2026-05-28T11:12:42.765+0000] {processor.py:186} INFO - Started process (PID=2799) to work on /home/airflow/.local/lib/python3.12/site-packages/airflow/example_dags/example_branch_operator.py
[2026-05-28T11:12:42.768+0000] {processor.py:914} INFO - Processing file /home/airflow/.local/lib/python3.12/site-packages/airflow/example_dags/example_branch_operator.py for tasks to queue
[2026-05-28T11:12:42.773+0000] {logging_mixin.py:190} INFO - [2026-05-28T11:12:42.772+0000] {dagbag.py:588} INFO - Filling up the DagBag from /home/airflow/.local/lib/python3.12/site-packages/airflow/example_dags/example_branch_operator.py
[2026-05-28T11:12:42.847+0000] {processor.py:925} INFO - DAG(s) 'example_branch_operator' retrieved from /home/airflow/.local/lib/python3.12/site-packages/airflow/example_dags/example_branch_operator.py
[2026-05-28T11:12:42.946+0000] {logging_mixin.py:190} INFO - [2026-05-28T11:12:42.946+0000] {dag.py:3239} INFO - Sync 1 DAGs
[2026-05-28T11:12:43.056+0000] {logging_mixin.py:190} INFO - [2026-05-28T11:12:43.056+0000] {dag.py:4180} INFO - Setting next_dagrun for example_branch_operator to 2026-05-27 00:00:00+00:00, run_after=2026-05-28 00:00:00+00:00
[2026-05-28T11:12:43.192+0000] {processor.py:208} INFO - Processing /home/airflow/.local/lib/python3.12/site-packages/airflow/example_dags/example_branch_operator.py took 0.443 seconds
[2026-05-28T11:13:49.369+0000] {processor.py:186} INFO - Started process (PID=2888) to work on /home/airflow/.local/lib/python3.12/site-packages/airflow/example_dags/example_branch_operator.py
[2026-05-28T11:13:49.372+0000] {processor.py:914} INFO - Processing file /home/airflow/.local/lib/python3.12/site-packages/airflow/example_dags/example_branch_operator.py for tasks to queue
[2026-05-28T11:13:49.377+0000] {logging_mixin.py:190} INFO - [2026-05-28T11:13:49.376+0000] {dagbag.py:588} INFO - Filling up the DagBag from /home/airflow/.local/lib/python3.12/site-packages/airflow/example_dags/example_branch_operator.py
[2026-05-28T11:13:49.437+0000] {processor.py:925} INFO - DAG(s) 'example_branch_operator' retrieved from /home/airflow/.local/lib/python3.12/site-packages/airflow/example_dags/example_branch_operator.py
[2026-05-28T11:13:49.512+0000] {logging_mixin.py:190} INFO - [2026-05-28T11:13:49.511+0000] {dag.py:3239} INFO - Sync 1 DAGs
[2026-05-28T11:13:49.570+0000] {logging_mixin.py:190} INFO - [2026-05-28T11:13:49.570+0000] {dag.py:4180} INFO - Setting next_dagrun for example_branch_operator to 2026-05-27 00:00:00+00:00, run_after=2026-05-28 00:00:00+00:00
[2026-05-28T11:13:50.253+0000] {processor.py:208} INFO - Processing /home/airflow/.local/lib/python3.12/site-packages/airflow/example_dags/example_branch_operator.py took 0.899 seconds
[2026-05-28T14:16:29.626+0000] {processor.py:186} INFO - Started process (PID=2954) to work on /home/airflow/.local/lib/python3.12/site-packages/airflow/example_dags/example_branch_operator.py
[2026-05-28T14:16:29.629+0000] {processor.py:914} INFO - Processing file /home/airflow/.local/lib/python3.12/site-packages/airflow/example_dags/example_branch_operator.py for tasks to queue
[2026-05-28T14:16:29.635+0000] {logging_mixin.py:190} INFO - [2026-05-28T14:16:29.635+0000] {dagbag.py:588} INFO - Filling up the DagBag from /home/airflow/.local/lib/python3.12/site-packages/airflow/example_dags/example_branch_operator.py
[2026-05-28T14:16:29.682+0000] {processor.py:925} INFO - DAG(s) 'example_branch_operator' retrieved from /home/airflow/.local/lib/python3.12/site-packages/airflow/example_dags/example_branch_operator.py
[2026-05-28T14:16:29.739+0000] {logging_mixin.py:190} INFO - [2026-05-28T14:16:29.739+0000] {dag.py:3239} INFO - Sync 1 DAGs
[2026-05-28T14:16:29.782+0000] {logging_mixin.py:190} INFO - [2026-05-28T14:16:29.782+0000] {dag.py:4180} INFO - Setting next_dagrun for example_branch_operator to 2026-05-27 00:00:00+00:00, run_after=2026-05-28 00:00:00+00:00
[2026-05-28T14:16:29.860+0000] {processor.py:208} INFO - Processing /home/airflow/.local/lib/python3.12/site-packages/airflow/example_dags/example_branch_operator.py took 0.247 seconds
[2026-05-28T14:17:11.174+0000] {processor.py:186} INFO - Started process (PID=3022) to work on /home/airflow/.local/lib/python3.12/site-packages/airflow/example_dags/example_branch_operator.py
[2026-05-28T14:17:11.176+0000] {processor.py:914} INFO - Processing file /home/airflow/.local/lib/python3.12/site-packages/airflow/example_dags/example_branch_operator.py for tasks to queue
[2026-05-28T14:17:11.180+0000] {logging_mixin.py:190} INFO - [2026-05-28T14:17:11.179+0000] {dagbag.py:588} INFO - Filling up the DagBag from /home/airflow/.local/lib/python3.12/site-packages/airflow/example_dags/example_branch_operator.py
[2026-05-28T14:17:11.221+0000] {processor.py:925} INFO - DAG(s) 'example_branch_operator' retrieved from /home/airflow/.local/lib/python3.12/site-packages/airflow/example_dags/example_branch_operator.py
[2026-05-28T14:17:11.287+0000] {logging_mixin.py:190} INFO - [2026-05-28T14:17:11.287+0000] {dag.py:3239} INFO - Sync 1 DAGs
[2026-05-28T14:17:11.337+0000] {logging_mixin.py:190} INFO - [2026-05-28T14:17:11.337+0000] {dag.py:4180} INFO - Setting next_dagrun for example_branch_operator to 2026-05-27 00:00:00+00:00, run_after=2026-05-28 00:00:00+00:00
[2026-05-28T14:17:11.386+0000] {processor.py:208} INFO - Processing /home/airflow/.local/lib/python3.12/site-packages/airflow/example_dags/example_branch_operator.py took 0.224 seconds
[2026-05-28T14:17:49.548+0000] {processor.py:186} INFO - Started process (PID=3086) to work on /home/airflow/.local/lib/python3.12/site-packages/airflow/example_dags/example_branch_operator.py
[2026-05-28T14:17:49.550+0000] {processor.py:914} INFO - Processing file /home/airflow/.local/lib/python3.12/site-packages/airflow/example_dags/example_branch_operator.py for tasks to queue
[2026-05-28T14:17:49.553+0000] {logging_mixin.py:190} INFO - [2026-05-28T14:17:49.552+0000] {dagbag.py:588} INFO - Filling up the DagBag from /home/airflow/.local/lib/python3.12/site-packages/airflow/example_dags/example_branch_operator.py
[2026-05-28T14:17:49.579+0000] {processor.py:925} INFO - DAG(s) 'example_branch_operator' retrieved from /home/airflow/.local/lib/python3.12/site-packages/airflow/example_dags/example_branch_operator.py
[2026-05-28T14:17:49.636+0000] {logging_mixin.py:190} INFO - [2026-05-28T14:17:49.636+0000] {dag.py:3239} INFO - Sync 1 DAGs
[2026-05-28T14:17:49.681+0000] {logging_mixin.py:190} INFO - [2026-05-28T14:17:49.680+0000] {dag.py:4180} INFO - Setting next_dagrun for example_branch_operator to 2026-05-27 00:00:00+00:00, run_after=2026-05-28 00:00:00+00:00
[2026-05-28T14:17:49.720+0000] {processor.py:208} INFO - Processing /home/airflow/.local/lib/python3.12/site-packages/airflow/example_dags/example_branch_operator.py took 0.179 seconds
[2026-05-28T14:18:20.921+0000] {processor.py:186} INFO - Started process (PID=3151) to work on /home/airflow/.local/lib/python3.12/site-packages/airflow/example_dags/example_branch_operator.py
[2026-05-28T14:18:20.923+0000] {processor.py:914} INFO - Processing file /home/airflow/.local/lib/python3.12/site-packages/airflow/example_dags/example_branch_operator.py for tasks to queue
[2026-05-28T14:18:20.926+0000] {logging_mixin.py:190} INFO - [2026-05-28T14:18:20.925+0000] {dagbag.py:588} INFO - Filling up the DagBag from /home/airflow/.local/lib/python3.12/site-packages/airflow/example_dags/example_branch_operator.py
[2026-05-28T14:18:20.959+0000] {processor.py:925} INFO - DAG(s) 'example_branch_operator' retrieved from /home/airflow/.local/lib/python3.12/site-packages/airflow/example_dags/example_branch_operator.py
[2026-05-28T14:18:21.027+0000] {logging_mixin.py:190} INFO - [2026-05-28T14:18:21.026+0000] {dag.py:3239} INFO - Sync 1 DAGs
[2026-05-28T14:18:21.069+0000] {logging_mixin.py:190} INFO - [2026-05-28T14:18:21.068+0000] {dag.py:4180} INFO - Setting next_dagrun for example_branch_operator to 2026-05-27 00:00:00+00:00, run_after=2026-05-28 00:00:00+00:00
[2026-05-28T14:18:21.101+0000] {processor.py:208} INFO - Processing /home/airflow/.local/lib/python3.12/site-packages/airflow/example_dags/example_branch_operator.py took 0.194 seconds
[2026-05-28T14:18:52.521+0000] {processor.py:186} INFO - Started process (PID=3214) to work on /home/airflow/.local/lib/python3.12/site-packages/airflow/example_dags/example_branch_operator.py
[2026-05-28T14:18:52.523+0000] {processor.py:914} INFO - Processing file /home/airflow/.local/lib/python3.12/site-packages/airflow/example_dags/example_branch_operator.py for tasks to queue
[2026-05-28T14:18:52.526+0000] {logging_mixin.py:190} INFO - [2026-05-28T14:18:52.525+0000] {dagbag.py:588} INFO - Filling up the DagBag from /home/airflow/.local/lib/python3.12/site-packages/airflow/example_dags/example_branch_operator.py
[2026-05-28T14:18:52.558+0000] {processor.py:925} INFO - DAG(s) 'example_branch_operator' retrieved from /home/airflow/.local/lib/python3.12/site-packages/airflow/example_dags/example_branch_operator.py
[2026-05-28T14:18:52.615+0000] {logging_mixin.py:190} INFO - [2026-05-28T14:18:52.615+0000] {dag.py:3239} INFO - Sync 1 DAGs
[2026-05-28T14:18:52.653+0000] {logging_mixin.py:190} INFO - [2026-05-28T14:18:52.653+0000] {dag.py:4180} INFO - Setting next_dagrun for example_branch_operator to 2026-05-27 00:00:00+00:00, run_after=2026-05-28 00:00:00+00:00
[2026-05-28T14:18:52.681+0000] {processor.py:208} INFO - Processing /home/airflow/.local/lib/python3.12/site-packages/airflow/example_dags/example_branch_operator.py took 0.169 seconds
[2026-05-28T14:19:27.710+0000] {processor.py:186} INFO - Started process (PID=3277) to work on /home/airflow/.local/lib/python3.12/site-packages/airflow/example_dags/example_branch_operator.py
[2026-05-28T14:19:27.712+0000] {processor.py:914} INFO - Processing file /home/airflow/.local/lib/python3.12/site-packages/airflow/example_dags/example_branch_operator.py for tasks to queue
[2026-05-28T14:19:27.715+0000] {logging_mixin.py:190} INFO - [2026-05-28T14:19:27.714+0000] {dagbag.py:588} INFO - Filling up the DagBag from /home/airflow/.local/lib/python3.12/site-packages/airflow/example_dags/example_branch_operator.py
[2026-05-28T14:19:27.745+0000] {processor.py:925} INFO - DAG(s) 'example_branch_operator' retrieved from /home/airflow/.local/lib/python3.12/site-packages/airflow/example_dags/example_branch_operator.py
[2026-05-28T14:19:27.801+0000] {logging_mixin.py:190} INFO - [2026-05-28T14:19:27.800+0000] {dag.py:3239} INFO - Sync 1 DAGs
[2026-05-28T14:19:27.842+0000] {logging_mixin.py:190} INFO - [2026-05-28T14:19:27.841+0000] {dag.py:4180} INFO - Setting next_dagrun for example_branch_operator to 2026-05-27 00:00:00+00:00, run_after=2026-05-28 00:00:00+00:00
[2026-05-28T14:19:27.876+0000] {processor.py:208} INFO - Processing /home/airflow/.local/lib/python3.12/site-packages/airflow/example_dags/example_branch_operator.py took 0.174 seconds
[2026-05-28T14:19:58.054+0000] {processor.py:186} INFO - Started process (PID=3340) to work on /home/airflow/.local/lib/python3.12/site-packages/airflow/example_dags/example_branch_operator.py
[2026-05-28T14:19:58.056+0000] {processor.py:914} INFO - Processing file /home/airflow/.local/lib/python3.12/site-packages/airflow/example_dags/example_branch_operator.py for tasks to queue
[2026-05-28T14:19:58.058+0000] {logging_mixin.py:190} INFO - [2026-05-28T14:19:58.057+0000] {dagbag.py:588} INFO - Filling up the DagBag from /home/airflow/.local/lib/python3.12/site-packages/airflow/example_dags/example_branch_operator.py
[2026-05-28T14:19:58.089+0000] {processor.py:925} INFO - DAG(s) 'example_branch_operator' retrieved from /home/airflow/.local/lib/python3.12/site-packages/airflow/example_dags/example_branch_operator.py
[2026-05-28T14:19:58.158+0000] {logging_mixin.py:190} INFO - [2026-05-28T14:19:58.157+0000] {dag.py:3239} INFO - Sync 1 DAGs
[2026-05-28T14:19:58.217+0000] {logging_mixin.py:190} INFO - [2026-05-28T14:19:58.216+0000] {dag.py:4180} INFO - Setting next_dagrun for example_branch_operator to 2026-05-27 00:00:00+00:00, run_after=2026-05-28 00:00:00+00:00
[2026-05-28T14:19:58.269+0000] {processor.py:208} INFO - Processing /home/airflow/.local/lib/python3.12/site-packages/airflow/example_dags/example_branch_operator.py took 0.226 seconds
[2026-05-28T14:20:29.237+0000] {processor.py:186} INFO - Started process (PID=3403) to work on /home/airflow/.local/lib/python3.12/site-packages/airflow/example_dags/example_branch_operator.py
[2026-05-28T14:20:29.240+0000] {processor.py:914} INFO - Processing file /home/airflow/.local/lib/python3.12/site-packages/airflow/example_dags/example_branch_operator.py for tasks to queue
[2026-05-28T14:20:29.243+0000] {logging_mixin.py:190} INFO - [2026-05-28T14:20:29.243+0000] {dagbag.py:588} INFO - Filling up the DagBag from /home/airflow/.local/lib/python3.12/site-packages/airflow/example_dags/example_branch_operator.py
[2026-05-28T14:20:29.290+0000] {processor.py:925} INFO - DAG(s) 'example_branch_operator' retrieved from /home/airflow/.local/lib/python3.12/site-packages/airflow/example_dags/example_branch_operator.py
[2026-05-28T14:20:29.367+0000] {logging_mixin.py:190} INFO - [2026-05-28T14:20:29.367+0000] {dag.py:3239} INFO - Sync 1 DAGs
[2026-05-28T14:20:29.440+0000] {logging_mixin.py:190} INFO - [2026-05-28T14:20:29.439+0000] {dag.py:4180} INFO - Setting next_dagrun for example_branch_operator to 2026-05-27 00:00:00+00:00, run_after=2026-05-28 00:00:00+00:00
[2026-05-28T14:20:29.504+0000] {processor.py:208} INFO - Processing /home/airflow/.local/lib/python3.12/site-packages/airflow/example_dags/example_branch_operator.py took 0.278 seconds
[2026-05-28T14:21:05.745+0000] {processor.py:186} INFO - Started process (PID=3467) to work on /home/airflow/.local/lib/python3.12/site-packages/airflow/example_dags/example_branch_operator.py
[2026-05-28T14:21:05.747+0000] {processor.py:914} INFO - Processing file /home/airflow/.local/lib/python3.12/site-packages/airflow/example_dags/example_branch_operator.py for tasks to queue
[2026-05-28T14:21:05.750+0000] {logging_mixin.py:190} INFO - [2026-05-28T14:21:05.749+0000] {dagbag.py:588} INFO - Filling up the DagBag from /home/airflow/.local/lib/python3.12/site-packages/airflow/example_dags/example_branch_operator.py
[2026-05-28T14:21:05.786+0000] {processor.py:925} INFO - DAG(s) 'example_branch_operator' retrieved from /home/airflow/.local/lib/python3.12/site-packages/airflow/example_dags/example_branch_operator.py
[2026-05-28T14:21:05.853+0000] {logging_mixin.py:190} INFO - [2026-05-28T14:21:05.852+0000] {dag.py:3239} INFO - Sync 1 DAGs
[2026-05-28T14:21:05.906+0000] {logging_mixin.py:190} INFO - [2026-05-28T14:21:05.905+0000] {dag.py:4180} INFO - Setting next_dagrun for example_branch_operator to 2026-05-27 00:00:00+00:00, run_after=2026-05-28 00:00:00+00:00
[2026-05-28T14:21:05.947+0000] {processor.py:208} INFO - Processing /home/airflow/.local/lib/python3.12/site-packages/airflow/example_dags/example_branch_operator.py took 0.213 seconds
[2026-05-28T14:21:36.358+0000] {processor.py:186} INFO - Started process (PID=3529) to work on /home/airflow/.local/lib/python3.12/site-packages/airflow/example_dags/example_branch_operator.py
[2026-05-28T14:21:36.360+0000] {processor.py:914} INFO - Processing file /home/airflow/.local/lib/python3.12/site-packages/airflow/example_dags/example_branch_operator.py for tasks to queue
[2026-05-28T14:21:36.363+0000] {logging_mixin.py:190} INFO - [2026-05-28T14:21:36.362+0000] {dagbag.py:588} INFO - Filling up the DagBag from /home/airflow/.local/lib/python3.12/site-packages/airflow/example_dags/example_branch_operator.py
[2026-05-28T14:21:36.393+0000] {processor.py:925} INFO - DAG(s) 'example_branch_operator' retrieved from /home/airflow/.local/lib/python3.12/site-packages/airflow/example_dags/example_branch_operator.py
[2026-05-28T14:21:36.441+0000] {logging_mixin.py:190} INFO - [2026-05-28T14:21:36.440+0000] {dag.py:3239} INFO - Sync 1 DAGs
[2026-05-28T14:21:36.477+0000] {logging_mixin.py:190} INFO - [2026-05-28T14:21:36.476+0000] {dag.py:4180} INFO - Setting next_dagrun for example_branch_operator to 2026-05-27 00:00:00+00:00, run_after=2026-05-28 00:00:00+00:00
[2026-05-28T14:21:36.513+0000] {processor.py:208} INFO - Processing /home/airflow/.local/lib/python3.12/site-packages/airflow/example_dags/example_branch_operator.py took 0.164 seconds
[2026-05-28T14:22:07.082+0000] {processor.py:186} INFO - Started process (PID=3591) to work on /home/airflow/.local/lib/python3.12/site-packages/airflow/example_dags/example_branch_operator.py
[2026-05-28T14:22:07.084+0000] {processor.py:914} INFO - Processing file /home/airflow/.local/lib/python3.12/site-packages/airflow/example_dags/example_branch_operator.py for tasks to queue
[2026-05-28T14:22:07.086+0000] {logging_mixin.py:190} INFO - [2026-05-28T14:22:07.086+0000] {dagbag.py:588} INFO - Filling up the DagBag from /home/airflow/.local/lib/python3.12/site-packages/airflow/example_dags/example_branch_operator.py
[2026-05-28T14:22:07.110+0000] {processor.py:925} INFO - DAG(s) 'example_branch_operator' retrieved from /home/airflow/.local/lib/python3.12/site-packages/airflow/example_dags/example_branch_operator.py
[2026-05-28T14:22:07.153+0000] {logging_mixin.py:190} INFO - [2026-05-28T14:22:07.153+0000] {dag.py:3239} INFO - Sync 1 DAGs
[2026-05-28T14:22:07.187+0000] {logging_mixin.py:190} INFO - [2026-05-28T14:22:07.186+0000] {dag.py:4180} INFO - Setting next_dagrun for example_branch_operator to 2026-05-27 00:00:00+00:00, run_after=2026-05-28 00:00:00+00:00
[2026-05-28T14:22:07.228+0000] {processor.py:208} INFO - Processing /home/airflow/.local/lib/python3.12/site-packages/airflow/example_dags/example_branch_operator.py took 0.153 seconds
[2026-05-28T14:22:38.055+0000] {processor.py:186} INFO - Started process (PID=3654) to work on /home/airflow/.local/lib/python3.12/site-packages/airflow/example_dags/example_branch_operator.py
[2026-05-28T14:22:38.057+0000] {processor.py:914} INFO - Processing file /home/airflow/.local/lib/python3.12/site-packages/airflow/example_dags/example_branch_operator.py for tasks to queue
[2026-05-28T14:22:38.059+0000] {logging_mixin.py:190} INFO - [2026-05-28T14:22:38.059+0000] {dagbag.py:588} INFO - Filling up the DagBag from /home/airflow/.local/lib/python3.12/site-packages/airflow/example_dags/example_branch_operator.py
[2026-05-28T14:22:38.091+0000] {processor.py:925} INFO - DAG(s) 'example_branch_operator' retrieved from /home/airflow/.local/lib/python3.12/site-packages/airflow/example_dags/example_branch_operator.py
[2026-05-28T14:22:38.135+0000] {logging_mixin.py:190} INFO - [2026-05-28T14:22:38.135+0000] {dag.py:3239} INFO - Sync 1 DAGs
[2026-05-28T14:22:38.169+0000] {logging_mixin.py:190} INFO - [2026-05-28T14:22:38.169+0000] {dag.py:4180} INFO - Setting next_dagrun for example_branch_operator to 2026-05-27 00:00:00+00:00, run_after=2026-05-28 00:00:00+00:00
[2026-05-28T14:22:38.222+0000] {processor.py:208} INFO - Processing /home/airflow/.local/lib/python3.12/site-packages/airflow/example_dags/example_branch_operator.py took 0.177 seconds
[2026-05-28T14:23:08.518+0000] {processor.py:186} INFO - Started process (PID=3717) to work on /home/airflow/.local/lib/python3.12/site-packages/airflow/example_dags/example_branch_operator.py
[2026-05-28T14:23:08.520+0000] {processor.py:914} INFO - Processing file /home/airflow/.local/lib/python3.12/site-packages/airflow/example_dags/example_branch_operator.py for tasks to queue
[2026-05-28T14:23:08.523+0000] {logging_mixin.py:190} INFO - [2026-05-28T14:23:08.522+0000] {dagbag.py:588} INFO - Filling up the DagBag from /home/airflow/.local/lib/python3.12/site-packages/airflow/example_dags/example_branch_operator.py
[2026-05-28T14:23:08.554+0000] {processor.py:925} INFO - DAG(s) 'example_branch_operator' retrieved from /home/airflow/.local/lib/python3.12/site-packages/airflow/example_dags/example_branch_operator.py
[2026-05-28T14:23:08.627+0000] {logging_mixin.py:190} INFO - [2026-05-28T14:23:08.627+0000] {dag.py:3239} INFO - Sync 1 DAGs
[2026-05-28T14:23:08.663+0000] {logging_mixin.py:190} INFO - [2026-05-28T14:23:08.663+0000] {dag.py:4180} INFO - Setting next_dagrun for example_branch_operator to 2026-05-27 00:00:00+00:00, run_after=2026-05-28 00:00:00+00:00
[2026-05-28T14:23:08.699+0000] {processor.py:208} INFO - Processing /home/airflow/.local/lib/python3.12/site-packages/airflow/example_dags/example_branch_operator.py took 0.189 seconds
[2026-05-28T14:23:44.068+0000] {processor.py:186} INFO - Started process (PID=3776) to work on /home/airflow/.local/lib/python3.12/site-packages/airflow/example_dags/example_branch_operator.py
[2026-05-28T14:23:44.070+0000] {processor.py:914} INFO - Processing file /home/airflow/.local/lib/python3.12/site-packages/airflow/example_dags/example_branch_operator.py for tasks to queue
[2026-05-28T14:23:44.073+0000] {logging_mixin.py:190} INFO - [2026-05-28T14:23:44.072+0000] {dagbag.py:588} INFO - Filling up the DagBag from /home/airflow/.local/lib/python3.12/site-packages/airflow/example_dags/example_branch_operator.py
[2026-05-28T14:23:44.106+0000] {processor.py:925} INFO - DAG(s) 'example_branch_operator' retrieved from /home/airflow/.local/lib/python3.12/site-packages/airflow/example_dags/example_branch_operator.py
[2026-05-28T14:23:44.157+0000] {logging_mixin.py:190} INFO - [2026-05-28T14:23:44.156+0000] {dag.py:3239} INFO - Sync 1 DAGs
[2026-05-28T14:23:44.206+0000] {logging_mixin.py:190} INFO - [2026-05-28T14:23:44.206+0000] {dag.py:4180} INFO - Setting next_dagrun for example_branch_operator to 2026-05-27 00:00:00+00:00, run_after=2026-05-28 00:00:00+00:00
[2026-05-28T14:23:44.239+0000] {processor.py:208} INFO - Processing /home/airflow/.local/lib/python3.12/site-packages/airflow/example_dags/example_branch_operator.py took 0.180 seconds
[2026-05-28T14:24:23.075+0000] {processor.py:186} INFO - Started process (PID=3839) to work on /home/airflow/.local/lib/python3.12/site-packages/airflow/example_dags/example_branch_operator.py
[2026-05-28T14:24:23.077+0000] {processor.py:914} INFO - Processing file /home/airflow/.local/lib/python3.12/site-packages/airflow/example_dags/example_branch_operator.py for tasks to queue
[2026-05-28T14:24:23.080+0000] {logging_mixin.py:190} INFO - [2026-05-28T14:24:23.079+0000] {dagbag.py:588} INFO - Filling up the DagBag from /home/airflow/.local/lib/python3.12/site-packages/airflow/example_dags/example_branch_operator.py
[2026-05-28T14:24:23.115+0000] {processor.py:925} INFO - DAG(s) 'example_branch_operator' retrieved from /home/airflow/.local/lib/python3.12/site-packages/airflow/example_dags/example_branch_operator.py
[2026-05-28T14:24:23.174+0000] {logging_mixin.py:190} INFO - [2026-05-28T14:24:23.174+0000] {dag.py:3239} INFO - Sync 1 DAGs
[2026-05-28T14:24:23.220+0000] {logging_mixin.py:190} INFO - [2026-05-28T14:24:23.220+0000] {dag.py:4180} INFO - Setting next_dagrun for example_branch_operator to 2026-05-27 00:00:00+00:00, run_after=2026-05-28 00:00:00+00:00
[2026-05-28T14:24:23.260+0000] {processor.py:208} INFO - Processing /home/airflow/.local/lib/python3.12/site-packages/airflow/example_dags/example_branch_operator.py took 0.195 seconds
[2026-05-28T14:24:54.569+0000] {processor.py:186} INFO - Started process (PID=3903) to work on /home/airflow/.local/lib/python3.12/site-packages/airflow/example_dags/example_branch_operator.py
[2026-05-28T14:24:54.571+0000] {processor.py:914} INFO - Processing file /home/airflow/.local/lib/python3.12/site-packages/airflow/example_dags/example_branch_operator.py for tasks to queue
[2026-05-28T14:24:54.573+0000] {logging_mixin.py:190} INFO - [2026-05-28T14:24:54.572+0000] {dagbag.py:588} INFO - Filling up the DagBag from /home/airflow/.local/lib/python3.12/site-packages/airflow/example_dags/example_branch_operator.py
[2026-05-28T14:24:54.604+0000] {processor.py:925} INFO - DAG(s) 'example_branch_operator' retrieved from /home/airflow/.local/lib/python3.12/site-packages/airflow/example_dags/example_branch_operator.py
[2026-05-28T14:24:54.654+0000] {logging_mixin.py:190} INFO - [2026-05-28T14:24:54.654+0000] {dag.py:3239} INFO - Sync 1 DAGs
[2026-05-28T14:24:54.691+0000] {logging_mixin.py:190} INFO - [2026-05-28T14:24:54.691+0000] {dag.py:4180} INFO - Setting next_dagrun for example_branch_operator to 2026-05-27 00:00:00+00:00, run_after=2026-05-28 00:00:00+00:00
[2026-05-28T14:24:54.734+0000] {processor.py:208} INFO - Processing /home/airflow/.local/lib/python3.12/site-packages/airflow/example_dags/example_branch_operator.py took 0.173 seconds
[2026-05-28T14:25:25.156+0000] {processor.py:186} INFO - Started process (PID=3966) to work on /home/airflow/.local/lib/python3.12/site-packages/airflow/example_dags/example_branch_operator.py
[2026-05-28T14:25:25.159+0000] {processor.py:914} INFO - Processing file /home/airflow/.local/lib/python3.12/site-packages/airflow/example_dags/example_branch_operator.py for tasks to queue
[2026-05-28T14:25:25.162+0000] {logging_mixin.py:190} INFO - [2026-05-28T14:25:25.161+0000] {dagbag.py:588} INFO - Filling up the DagBag from /home/airflow/.local/lib/python3.12/site-packages/airflow/example_dags/example_branch_operator.py
[2026-05-28T14:25:25.200+0000] {processor.py:925} INFO - DAG(s) 'example_branch_operator' retrieved from /home/airflow/.local/lib/python3.12/site-packages/airflow/example_dags/example_branch_operator.py
[2026-05-28T14:25:25.269+0000] {logging_mixin.py:190} INFO - [2026-05-28T14:25:25.268+0000] {dag.py:3239} INFO - Sync 1 DAGs
[2026-05-28T14:25:25.320+0000] {logging_mixin.py:190} INFO - [2026-05-28T14:25:25.319+0000] {dag.py:4180} INFO - Setting next_dagrun for example_branch_operator to 2026-05-27 00:00:00+00:00, run_after=2026-05-28 00:00:00+00:00
[2026-05-28T14:25:25.357+0000] {processor.py:208} INFO - Processing /home/airflow/.local/lib/python3.12/site-packages/airflow/example_dags/example_branch_operator.py took 0.213 seconds
[2026-05-28T14:25:55.575+0000] {processor.py:186} INFO - Started process (PID=4030) to work on /home/airflow/.local/lib/python3.12/site-packages/airflow/example_dags/example_branch_operator.py
[2026-05-28T14:25:55.578+0000] {processor.py:914} INFO - Processing file /home/airflow/.local/lib/python3.12/site-packages/airflow/example_dags/example_branch_operator.py for tasks to queue
[2026-05-28T14:25:55.580+0000] {logging_mixin.py:190} INFO - [2026-05-28T14:25:55.580+0000] {dagbag.py:588} INFO - Filling up the DagBag from /home/airflow/.local/lib/python3.12/site-packages/airflow/example_dags/example_branch_operator.py
[2026-05-28T14:25:55.609+0000] {processor.py:925} INFO - DAG(s) 'example_branch_operator' retrieved from /home/airflow/.local/lib/python3.12/site-packages/airflow/example_dags/example_branch_operator.py
[2026-05-28T14:25:55.676+0000] {logging_mixin.py:190} INFO - [2026-05-28T14:25:55.676+0000] {dag.py:3239} INFO - Sync 1 DAGs
[2026-05-28T14:25:55.712+0000] {logging_mixin.py:190} INFO - [2026-05-28T14:25:55.712+0000] {dag.py:4180} INFO - Setting next_dagrun for example_branch_operator to 2026-05-27 00:00:00+00:00, run_after=2026-05-28 00:00:00+00:00
[2026-05-28T14:25:55.749+0000] {processor.py:208} INFO - Processing /home/airflow/.local/lib/python3.12/site-packages/airflow/example_dags/example_branch_operator.py took 0.185 seconds
[2026-05-28T14:26:33.405+0000] {processor.py:186} INFO - Started process (PID=4098) to work on /home/airflow/.local/lib/python3.12/site-packages/airflow/example_dags/example_branch_operator.py
[2026-05-28T14:26:33.407+0000] {processor.py:914} INFO - Processing file /home/airflow/.local/lib/python3.12/site-packages/airflow/example_dags/example_branch_operator.py for tasks to queue
[2026-05-28T14:26:33.409+0000] {logging_mixin.py:190} INFO - [2026-05-28T14:26:33.409+0000] {dagbag.py:588} INFO - Filling up the DagBag from /home/airflow/.local/lib/python3.12/site-packages/airflow/example_dags/example_branch_operator.py
[2026-05-28T14:26:33.436+0000] {processor.py:925} INFO - DAG(s) 'example_branch_operator' retrieved from /home/airflow/.local/lib/python3.12/site-packages/airflow/example_dags/example_branch_operator.py
[2026-05-28T14:26:33.496+0000] {logging_mixin.py:190} INFO - [2026-05-28T14:26:33.495+0000] {dag.py:3239} INFO - Sync 1 DAGs
[2026-05-28T14:26:33.547+0000] {logging_mixin.py:190} INFO - [2026-05-28T14:26:33.547+0000] {dag.py:4180} INFO - Setting next_dagrun for example_branch_operator to 2026-05-27 00:00:00+00:00, run_after=2026-05-28 00:00:00+00:00
[2026-05-28T14:26:33.585+0000] {processor.py:208} INFO - Processing /home/airflow/.local/lib/python3.12/site-packages/airflow/example_dags/example_branch_operator.py took 0.188 seconds
[2026-05-28T14:27:04.386+0000] {processor.py:186} INFO - Started process (PID=4161) to work on /home/airflow/.local/lib/python3.12/site-packages/airflow/example_dags/example_branch_operator.py
[2026-05-28T14:27:04.388+0000] {processor.py:914} INFO - Processing file /home/airflow/.local/lib/python3.12/site-packages/airflow/example_dags/example_branch_operator.py for tasks to queue
[2026-05-28T14:27:04.394+0000] {logging_mixin.py:190} INFO - [2026-05-28T14:27:04.394+0000] {dagbag.py:588} INFO - Filling up the DagBag from /home/airflow/.local/lib/python3.12/site-packages/airflow/example_dags/example_branch_operator.py
[2026-05-28T14:27:04.427+0000] {processor.py:925} INFO - DAG(s) 'example_branch_operator' retrieved from /home/airflow/.local/lib/python3.12/site-packages/airflow/example_dags/example_branch_operator.py
[2026-05-28T14:27:04.486+0000] {logging_mixin.py:190} INFO - [2026-05-28T14:27:04.485+0000] {dag.py:3239} INFO - Sync 1 DAGs
[2026-05-28T14:27:04.531+0000] {logging_mixin.py:190} INFO - [2026-05-28T14:27:04.530+0000] {dag.py:4180} INFO - Setting next_dagrun for example_branch_operator to 2026-05-27 00:00:00+00:00, run_after=2026-05-28 00:00:00+00:00
[2026-05-28T14:27:04.576+0000] {processor.py:208} INFO - Processing /home/airflow/.local/lib/python3.12/site-packages/airflow/example_dags/example_branch_operator.py took 0.201 seconds
[2026-05-28T14:27:39.729+0000] {processor.py:186} INFO - Started process (PID=4221) to work on /home/airflow/.local/lib/python3.12/site-packages/airflow/example_dags/example_branch_operator.py
[2026-05-28T14:27:39.731+0000] {processor.py:914} INFO - Processing file /home/airflow/.local/lib/python3.12/site-packages/airflow/example_dags/example_branch_operator.py for tasks to queue
[2026-05-28T14:27:39.733+0000] {logging_mixin.py:190} INFO - [2026-05-28T14:27:39.733+0000] {dagbag.py:588} INFO - Filling up the DagBag from /home/airflow/.local/lib/python3.12/site-packages/airflow/example_dags/example_branch_operator.py
[2026-05-28T14:27:39.773+0000] {processor.py:925} INFO - DAG(s) 'example_branch_operator' retrieved from /home/airflow/.local/lib/python3.12/site-packages/airflow/example_dags/example_branch_operator.py
[2026-05-28T14:27:39.836+0000] {logging_mixin.py:190} INFO - [2026-05-28T14:27:39.835+0000] {dag.py:3239} INFO - Sync 1 DAGs
[2026-05-28T14:27:39.887+0000] {logging_mixin.py:190} INFO - [2026-05-28T14:27:39.887+0000] {dag.py:4180} INFO - Setting next_dagrun for example_branch_operator to 2026-05-27 00:00:00+00:00, run_after=2026-05-28 00:00:00+00:00
[2026-05-28T14:27:39.920+0000] {processor.py:208} INFO - Processing /home/airflow/.local/lib/python3.12/site-packages/airflow/example_dags/example_branch_operator.py took 0.202 seconds
[2026-05-28T14:28:21.233+0000] {processor.py:186} INFO - Started process (PID=4297) to work on /home/airflow/.local/lib/python3.12/site-packages/airflow/example_dags/example_branch_operator.py
[2026-05-28T14:28:21.235+0000] {processor.py:914} INFO - Processing file /home/airflow/.local/lib/python3.12/site-packages/airflow/example_dags/example_branch_operator.py for tasks to queue
[2026-05-28T14:28:21.238+0000] {logging_mixin.py:190} INFO - [2026-05-28T14:28:21.238+0000] {dagbag.py:588} INFO - Filling up the DagBag from /home/airflow/.local/lib/python3.12/site-packages/airflow/example_dags/example_branch_operator.py
[2026-05-28T14:28:21.272+0000] {processor.py:925} INFO - DAG(s) 'example_branch_operator' retrieved from /home/airflow/.local/lib/python3.12/site-packages/airflow/example_dags/example_branch_operator.py
[2026-05-28T14:28:21.329+0000] {logging_mixin.py:190} INFO - [2026-05-28T14:28:21.329+0000] {dag.py:3239} INFO - Sync 1 DAGs
[2026-05-28T14:28:21.371+0000] {logging_mixin.py:190} INFO - [2026-05-28T14:28:21.371+0000] {dag.py:4180} INFO - Setting next_dagrun for example_branch_operator to 2026-05-27 00:00:00+00:00, run_after=2026-05-28 00:00:00+00:00
[2026-05-28T14:28:21.409+0000] {processor.py:208} INFO - Processing /home/airflow/.local/lib/python3.12/site-packages/airflow/example_dags/example_branch_operator.py took 0.186 seconds
[2026-05-28T14:29:01.156+0000] {processor.py:186} INFO - Started process (PID=4361) to work on /home/airflow/.local/lib/python3.12/site-packages/airflow/example_dags/example_branch_operator.py
[2026-05-28T14:29:01.158+0000] {processor.py:914} INFO - Processing file /home/airflow/.local/lib/python3.12/site-packages/airflow/example_dags/example_branch_operator.py for tasks to queue
[2026-05-28T14:29:01.161+0000] {logging_mixin.py:190} INFO - [2026-05-28T14:29:01.160+0000] {dagbag.py:588} INFO - Filling up the DagBag from /home/airflow/.local/lib/python3.12/site-packages/airflow/example_dags/example_branch_operator.py
[2026-05-28T14:29:01.193+0000] {processor.py:925} INFO - DAG(s) 'example_branch_operator' retrieved from /home/airflow/.local/lib/python3.12/site-packages/airflow/example_dags/example_branch_operator.py
[2026-05-28T14:29:01.251+0000] {logging_mixin.py:190} INFO - [2026-05-28T14:29:01.251+0000] {dag.py:3239} INFO - Sync 1 DAGs
[2026-05-28T14:29:01.297+0000] {logging_mixin.py:190} INFO - [2026-05-28T14:29:01.296+0000] {dag.py:4180} INFO - Setting next_dagrun for example_branch_operator to 2026-05-27 00:00:00+00:00, run_after=2026-05-28 00:00:00+00:00
[2026-05-28T14:29:01.339+0000] {processor.py:208} INFO - Processing /home/airflow/.local/lib/python3.12/site-packages/airflow/example_dags/example_branch_operator.py took 0.192 seconds
[2026-05-28T14:29:39.156+0000] {processor.py:186} INFO - Started process (PID=4426) to work on /home/airflow/.local/lib/python3.12/site-packages/airflow/example_dags/example_branch_operator.py
[2026-05-28T14:29:39.158+0000] {processor.py:914} INFO - Processing file /home/airflow/.local/lib/python3.12/site-packages/airflow/example_dags/example_branch_operator.py for tasks to queue
[2026-05-28T14:29:39.161+0000] {logging_mixin.py:190} INFO - [2026-05-28T14:29:39.160+0000] {dagbag.py:588} INFO - Filling up the DagBag from /home/airflow/.local/lib/python3.12/site-packages/airflow/example_dags/example_branch_operator.py
[2026-05-28T14:29:39.199+0000] {processor.py:925} INFO - DAG(s) 'example_branch_operator' retrieved from /home/airflow/.local/lib/python3.12/site-packages/airflow/example_dags/example_branch_operator.py
[2026-05-28T14:29:39.250+0000] {logging_mixin.py:190} INFO - [2026-05-28T14:29:39.249+0000] {dag.py:3239} INFO - Sync 1 DAGs
[2026-05-28T14:29:39.333+0000] {logging_mixin.py:190} INFO - [2026-05-28T14:29:39.333+0000] {dag.py:4180} INFO - Setting next_dagrun for example_branch_operator to 2026-05-27 00:00:00+00:00, run_after=2026-05-28 00:00:00+00:00
[2026-05-28T14:29:39.386+0000] {processor.py:208} INFO - Processing /home/airflow/.local/lib/python3.12/site-packages/airflow/example_dags/example_branch_operator.py took 0.238 seconds
[2026-05-28T14:30:10.372+0000] {processor.py:186} INFO - Started process (PID=4489) to work on /home/airflow/.local/lib/python3.12/site-packages/airflow/example_dags/example_branch_operator.py
[2026-05-28T14:30:10.375+0000] {processor.py:914} INFO - Processing file /home/airflow/.local/lib/python3.12/site-packages/airflow/example_dags/example_branch_operator.py for tasks to queue
[2026-05-28T14:30:10.377+0000] {logging_mixin.py:190} INFO - [2026-05-28T14:30:10.376+0000] {dagbag.py:588} INFO - Filling up the DagBag from /home/airflow/.local/lib/python3.12/site-packages/airflow/example_dags/example_branch_operator.py
[2026-05-28T14:30:10.413+0000] {processor.py:925} INFO - DAG(s) 'example_branch_operator' retrieved from /home/airflow/.local/lib/python3.12/site-packages/airflow/example_dags/example_branch_operator.py
[2026-05-28T14:30:10.459+0000] {logging_mixin.py:190} INFO - [2026-05-28T14:30:10.458+0000] {dag.py:3239} INFO - Sync 1 DAGs
[2026-05-28T14:30:10.495+0000] {logging_mixin.py:190} INFO - [2026-05-28T14:30:10.494+0000] {dag.py:4180} INFO - Setting next_dagrun for example_branch_operator to 2026-05-27 00:00:00+00:00, run_after=2026-05-28 00:00:00+00:00
[2026-05-28T14:30:10.548+0000] {processor.py:208} INFO - Processing /home/airflow/.local/lib/python3.12/site-packages/airflow/example_dags/example_branch_operator.py took 0.185 seconds
[2026-05-28T14:30:41.461+0000] {processor.py:186} INFO - Started process (PID=4552) to work on /home/airflow/.local/lib/python3.12/site-packages/airflow/example_dags/example_branch_operator.py
[2026-05-28T14:30:41.463+0000] {processor.py:914} INFO - Processing file /home/airflow/.local/lib/python3.12/site-packages/airflow/example_dags/example_branch_operator.py for tasks to queue
[2026-05-28T14:30:41.465+0000] {logging_mixin.py:190} INFO - [2026-05-28T14:30:41.465+0000] {dagbag.py:588} INFO - Filling up the DagBag from /home/airflow/.local/lib/python3.12/site-packages/airflow/example_dags/example_branch_operator.py
[2026-05-28T14:30:41.497+0000] {processor.py:925} INFO - DAG(s) 'example_branch_operator' retrieved from /home/airflow/.local/lib/python3.12/site-packages/airflow/example_dags/example_branch_operator.py
[2026-05-28T14:30:41.563+0000] {logging_mixin.py:190} INFO - [2026-05-28T14:30:41.563+0000] {dag.py:3239} INFO - Sync 1 DAGs
[2026-05-28T14:30:41.605+0000] {logging_mixin.py:190} INFO - [2026-05-28T14:30:41.605+0000] {dag.py:4180} INFO - Setting next_dagrun for example_branch_operator to 2026-05-27 00:00:00+00:00, run_after=2026-05-28 00:00:00+00:00
[2026-05-28T14:30:41.647+0000] {processor.py:208} INFO - Processing /home/airflow/.local/lib/python3.12/site-packages/airflow/example_dags/example_branch_operator.py took 0.194 seconds
[2026-05-28T14:31:12.120+0000] {processor.py:186} INFO - Started process (PID=4615) to work on /home/airflow/.local/lib/python3.12/site-packages/airflow/example_dags/example_branch_operator.py
[2026-05-28T14:31:12.122+0000] {processor.py:914} INFO - Processing file /home/airflow/.local/lib/python3.12/site-packages/airflow/example_dags/example_branch_operator.py for tasks to queue
[2026-05-28T14:31:12.124+0000] {logging_mixin.py:190} INFO - [2026-05-28T14:31:12.124+0000] {dagbag.py:588} INFO - Filling up the DagBag from /home/airflow/.local/lib/python3.12/site-packages/airflow/example_dags/example_branch_operator.py
[2026-05-28T14:31:12.159+0000] {processor.py:925} INFO - DAG(s) 'example_branch_operator' retrieved from /home/airflow/.local/lib/python3.12/site-packages/airflow/example_dags/example_branch_operator.py
[2026-05-28T14:31:12.214+0000] {logging_mixin.py:190} INFO - [2026-05-28T14:31:12.213+0000] {dag.py:3239} INFO - Sync 1 DAGs
[2026-05-28T14:31:12.261+0000] {logging_mixin.py:190} INFO - [2026-05-28T14:31:12.261+0000] {dag.py:4180} INFO - Setting next_dagrun for example_branch_operator to 2026-05-27 00:00:00+00:00, run_after=2026-05-28 00:00:00+00:00
[2026-05-28T14:31:12.295+0000] {processor.py:208} INFO - Processing /home/airflow/.local/lib/python3.12/site-packages/airflow/example_dags/example_branch_operator.py took 0.184 seconds
[2026-05-28T14:31:46.599+0000] {processor.py:186} INFO - Started process (PID=4685) to work on /home/airflow/.local/lib/python3.12/site-packages/airflow/example_dags/example_branch_operator.py
[2026-05-28T14:31:46.600+0000] {processor.py:914} INFO - Processing file /home/airflow/.local/lib/python3.12/site-packages/airflow/example_dags/example_branch_operator.py for tasks to queue
[2026-05-28T14:31:46.604+0000] {logging_mixin.py:190} INFO - [2026-05-28T14:31:46.603+0000] {dagbag.py:588} INFO - Filling up the DagBag from /home/airflow/.local/lib/python3.12/site-packages/airflow/example_dags/example_branch_operator.py
[2026-05-28T14:31:46.630+0000] {processor.py:925} INFO - DAG(s) 'example_branch_operator' retrieved from /home/airflow/.local/lib/python3.12/site-packages/airflow/example_dags/example_branch_operator.py
[2026-05-28T14:31:46.691+0000] {logging_mixin.py:190} INFO - [2026-05-28T14:31:46.690+0000] {dag.py:3239} INFO - Sync 1 DAGs
[2026-05-28T14:31:46.726+0000] {logging_mixin.py:190} INFO - [2026-05-28T14:31:46.726+0000] {dag.py:4180} INFO - Setting next_dagrun for example_branch_operator to 2026-05-27 00:00:00+00:00, run_after=2026-05-28 00:00:00+00:00
[2026-05-28T14:31:46.772+0000] {processor.py:208} INFO - Processing /home/airflow/.local/lib/python3.12/site-packages/airflow/example_dags/example_branch_operator.py took 0.181 seconds
[2026-05-28T14:32:17.120+0000] {processor.py:186} INFO - Started process (PID=4748) to work on /home/airflow/.local/lib/python3.12/site-packages/airflow/example_dags/example_branch_operator.py
[2026-05-28T14:32:17.122+0000] {processor.py:914} INFO - Processing file /home/airflow/.local/lib/python3.12/site-packages/airflow/example_dags/example_branch_operator.py for tasks to queue
[2026-05-28T14:32:17.128+0000] {logging_mixin.py:190} INFO - [2026-05-28T14:32:17.127+0000] {dagbag.py:588} INFO - Filling up the DagBag from /home/airflow/.local/lib/python3.12/site-packages/airflow/example_dags/example_branch_operator.py
[2026-05-28T14:32:17.211+0000] {processor.py:925} INFO - DAG(s) 'example_branch_operator' retrieved from /home/airflow/.local/lib/python3.12/site-packages/airflow/example_dags/example_branch_operator.py
[2026-05-28T14:32:17.294+0000] {logging_mixin.py:190} INFO - [2026-05-28T14:32:17.293+0000] {dag.py:3239} INFO - Sync 1 DAGs
[2026-05-28T14:32:17.352+0000] {logging_mixin.py:190} INFO - [2026-05-28T14:32:17.351+0000] {dag.py:4180} INFO - Setting next_dagrun for example_branch_operator to 2026-05-27 00:00:00+00:00, run_after=2026-05-28 00:00:00+00:00
[2026-05-28T14:32:17.410+0000] {processor.py:208} INFO - Processing /home/airflow/.local/lib/python3.12/site-packages/airflow/example_dags/example_branch_operator.py took 0.306 seconds
[2026-05-28T14:32:53.128+0000] {processor.py:186} INFO - Started process (PID=4812) to work on /home/airflow/.local/lib/python3.12/site-packages/airflow/example_dags/example_branch_operator.py
[2026-05-28T14:32:53.130+0000] {processor.py:914} INFO - Processing file /home/airflow/.local/lib/python3.12/site-packages/airflow/example_dags/example_branch_operator.py for tasks to queue
[2026-05-28T14:32:53.132+0000] {logging_mixin.py:190} INFO - [2026-05-28T14:32:53.132+0000] {dagbag.py:588} INFO - Filling up the DagBag from /home/airflow/.local/lib/python3.12/site-packages/airflow/example_dags/example_branch_operator.py
[2026-05-28T14:32:53.158+0000] {processor.py:925} INFO - DAG(s) 'example_branch_operator' retrieved from /home/airflow/.local/lib/python3.12/site-packages/airflow/example_dags/example_branch_operator.py
[2026-05-28T14:32:53.210+0000] {logging_mixin.py:190} INFO - [2026-05-28T14:32:53.209+0000] {dag.py:3239} INFO - Sync 1 DAGs
[2026-05-28T14:32:53.250+0000] {logging_mixin.py:190} INFO - [2026-05-28T14:32:53.250+0000] {dag.py:4180} INFO - Setting next_dagrun for example_branch_operator to 2026-05-27 00:00:00+00:00, run_after=2026-05-28 00:00:00+00:00
[2026-05-28T14:32:53.281+0000] {processor.py:208} INFO - Processing /home/airflow/.local/lib/python3.12/site-packages/airflow/example_dags/example_branch_operator.py took 0.162 seconds
[2026-05-28T14:33:23.620+0000] {processor.py:186} INFO - Started process (PID=4875) to work on /home/airflow/.local/lib/python3.12/site-packages/airflow/example_dags/example_branch_operator.py
[2026-05-28T14:33:23.621+0000] {processor.py:914} INFO - Processing file /home/airflow/.local/lib/python3.12/site-packages/airflow/example_dags/example_branch_operator.py for tasks to queue
[2026-05-28T14:33:23.624+0000] {logging_mixin.py:190} INFO - [2026-05-28T14:33:23.623+0000] {dagbag.py:588} INFO - Filling up the DagBag from /home/airflow/.local/lib/python3.12/site-packages/airflow/example_dags/example_branch_operator.py
[2026-05-28T14:33:23.654+0000] {processor.py:925} INFO - DAG(s) 'example_branch_operator' retrieved from /home/airflow/.local/lib/python3.12/site-packages/airflow/example_dags/example_branch_operator.py
[2026-05-28T14:33:23.707+0000] {logging_mixin.py:190} INFO - [2026-05-28T14:33:23.707+0000] {dag.py:3239} INFO - Sync 1 DAGs
[2026-05-28T14:33:23.752+0000] {logging_mixin.py:190} INFO - [2026-05-28T14:33:23.752+0000] {dag.py:4180} INFO - Setting next_dagrun for example_branch_operator to 2026-05-27 00:00:00+00:00, run_after=2026-05-28 00:00:00+00:00
[2026-05-28T14:33:23.793+0000] {processor.py:208} INFO - Processing /home/airflow/.local/lib/python3.12/site-packages/airflow/example_dags/example_branch_operator.py took 0.183 seconds
[2026-05-28T14:33:54.357+0000] {processor.py:186} INFO - Started process (PID=4939) to work on /home/airflow/.local/lib/python3.12/site-packages/airflow/example_dags/example_branch_operator.py
[2026-05-28T14:33:54.361+0000] {processor.py:914} INFO - Processing file /home/airflow/.local/lib/python3.12/site-packages/airflow/example_dags/example_branch_operator.py for tasks to queue
[2026-05-28T14:33:54.363+0000] {logging_mixin.py:190} INFO - [2026-05-28T14:33:54.363+0000] {dagbag.py:588} INFO - Filling up the DagBag from /home/airflow/.local/lib/python3.12/site-packages/airflow/example_dags/example_branch_operator.py
[2026-05-28T14:33:54.397+0000] {processor.py:925} INFO - DAG(s) 'example_branch_operator' retrieved from /home/airflow/.local/lib/python3.12/site-packages/airflow/example_dags/example_branch_operator.py
[2026-05-28T14:33:54.466+0000] {logging_mixin.py:190} INFO - [2026-05-28T14:33:54.466+0000] {dag.py:3239} INFO - Sync 1 DAGs
[2026-05-28T14:33:54.516+0000] {logging_mixin.py:190} INFO - [2026-05-28T14:33:54.515+0000] {dag.py:4180} INFO - Setting next_dagrun for example_branch_operator to 2026-05-27 00:00:00+00:00, run_after=2026-05-28 00:00:00+00:00
[2026-05-28T14:33:54.558+0000] {processor.py:208} INFO - Processing /home/airflow/.local/lib/python3.12/site-packages/airflow/example_dags/example_branch_operator.py took 0.210 seconds
[2026-05-28T14:34:31.599+0000] {processor.py:186} INFO - Started process (PID=5001) to work on /home/airflow/.local/lib/python3.12/site-packages/airflow/example_dags/example_branch_operator.py
[2026-05-28T14:34:31.601+0000] {processor.py:914} INFO - Processing file /home/airflow/.local/lib/python3.12/site-packages/airflow/example_dags/example_branch_operator.py for tasks to queue
[2026-05-28T14:34:31.603+0000] {logging_mixin.py:190} INFO - [2026-05-28T14:34:31.603+0000] {dagbag.py:588} INFO - Filling up the DagBag from /home/airflow/.local/lib/python3.12/site-packages/airflow/example_dags/example_branch_operator.py
[2026-05-28T14:34:31.630+0000] {processor.py:925} INFO - DAG(s) 'example_branch_operator' retrieved from /home/airflow/.local/lib/python3.12/site-packages/airflow/example_dags/example_branch_operator.py
[2026-05-28T14:34:31.673+0000] {logging_mixin.py:190} INFO - [2026-05-28T14:34:31.673+0000] {dag.py:3239} INFO - Sync 1 DAGs
[2026-05-28T14:34:31.709+0000] {logging_mixin.py:190} INFO - [2026-05-28T14:34:31.708+0000] {dag.py:4180} INFO - Setting next_dagrun for example_branch_operator to 2026-05-27 00:00:00+00:00, run_after=2026-05-28 00:00:00+00:00
[2026-05-28T14:34:31.748+0000] {processor.py:208} INFO - Processing /home/airflow/.local/lib/python3.12/site-packages/airflow/example_dags/example_branch_operator.py took 0.158 seconds
[2026-05-28T14:35:09.140+0000] {processor.py:186} INFO - Started process (PID=5068) to work on /home/airflow/.local/lib/python3.12/site-packages/airflow/example_dags/example_branch_operator.py
[2026-05-28T14:35:09.142+0000] {processor.py:914} INFO - Processing file /home/airflow/.local/lib/python3.12/site-packages/airflow/example_dags/example_branch_operator.py for tasks to queue
[2026-05-28T14:35:09.145+0000] {logging_mixin.py:190} INFO - [2026-05-28T14:35:09.144+0000] {dagbag.py:588} INFO - Filling up the DagBag from /home/airflow/.local/lib/python3.12/site-packages/airflow/example_dags/example_branch_operator.py
[2026-05-28T14:35:09.169+0000] {processor.py:925} INFO - DAG(s) 'example_branch_operator' retrieved from /home/airflow/.local/lib/python3.12/site-packages/airflow/example_dags/example_branch_operator.py
[2026-05-28T14:35:09.215+0000] {logging_mixin.py:190} INFO - [2026-05-28T14:35:09.215+0000] {dag.py:3239} INFO - Sync 1 DAGs
[2026-05-28T14:35:09.253+0000] {logging_mixin.py:190} INFO - [2026-05-28T14:35:09.252+0000] {dag.py:4180} INFO - Setting next_dagrun for example_branch_operator to 2026-05-27 00:00:00+00:00, run_after=2026-05-28 00:00:00+00:00
[2026-05-28T14:35:09.283+0000] {processor.py:208} INFO - Processing /home/airflow/.local/lib/python3.12/site-packages/airflow/example_dags/example_branch_operator.py took 0.151 seconds
[2026-05-28T14:35:39.782+0000] {processor.py:186} INFO - Started process (PID=5131) to work on /home/airflow/.local/lib/python3.12/site-packages/airflow/example_dags/example_branch_operator.py
[2026-05-28T14:35:39.784+0000] {processor.py:914} INFO - Processing file /home/airflow/.local/lib/python3.12/site-packages/airflow/example_dags/example_branch_operator.py for tasks to queue
[2026-05-28T14:35:39.786+0000] {logging_mixin.py:190} INFO - [2026-05-28T14:35:39.786+0000] {dagbag.py:588} INFO - Filling up the DagBag from /home/airflow/.local/lib/python3.12/site-packages/airflow/example_dags/example_branch_operator.py
[2026-05-28T14:35:39.828+0000] {processor.py:925} INFO - DAG(s) 'example_branch_operator' retrieved from /home/airflow/.local/lib/python3.12/site-packages/airflow/example_dags/example_branch_operator.py
[2026-05-28T14:35:39.895+0000] {logging_mixin.py:190} INFO - [2026-05-28T14:35:39.894+0000] {dag.py:3239} INFO - Sync 1 DAGs
[2026-05-28T14:35:39.937+0000] {logging_mixin.py:190} INFO - [2026-05-28T14:35:39.937+0000] {dag.py:4180} INFO - Setting next_dagrun for example_branch_operator to 2026-05-27 00:00:00+00:00, run_after=2026-05-28 00:00:00+00:00
[2026-05-28T14:35:39.987+0000] {processor.py:208} INFO - Processing /home/airflow/.local/lib/python3.12/site-packages/airflow/example_dags/example_branch_operator.py took 0.214 seconds
[2026-05-28T14:36:12.565+0000] {processor.py:186} INFO - Started process (PID=5194) to work on /home/airflow/.local/lib/python3.12/site-packages/airflow/example_dags/example_branch_operator.py
[2026-05-28T14:36:12.568+0000] {processor.py:914} INFO - Processing file /home/airflow/.local/lib/python3.12/site-packages/airflow/example_dags/example_branch_operator.py for tasks to queue
[2026-05-28T14:36:12.571+0000] {logging_mixin.py:190} INFO - [2026-05-28T14:36:12.570+0000] {dagbag.py:588} INFO - Filling up the DagBag from /home/airflow/.local/lib/python3.12/site-packages/airflow/example_dags/example_branch_operator.py
[2026-05-28T14:36:12.609+0000] {processor.py:925} INFO - DAG(s) 'example_branch_operator' retrieved from /home/airflow/.local/lib/python3.12/site-packages/airflow/example_dags/example_branch_operator.py
[2026-05-28T14:36:12.672+0000] {logging_mixin.py:190} INFO - [2026-05-28T14:36:12.672+0000] {dag.py:3239} INFO - Sync 1 DAGs
[2026-05-28T14:36:12.714+0000] {logging_mixin.py:190} INFO - [2026-05-28T14:36:12.713+0000] {dag.py:4180} INFO - Setting next_dagrun for example_branch_operator to 2026-05-27 00:00:00+00:00, run_after=2026-05-28 00:00:00+00:00
[2026-05-28T14:36:12.753+0000] {processor.py:208} INFO - Processing /home/airflow/.local/lib/python3.12/site-packages/airflow/example_dags/example_branch_operator.py took 0.198 seconds
[2026-05-28T14:36:50.167+0000] {processor.py:186} INFO - Started process (PID=5260) to work on /home/airflow/.local/lib/python3.12/site-packages/airflow/example_dags/example_branch_operator.py
[2026-05-28T14:36:50.170+0000] {processor.py:914} INFO - Processing file /home/airflow/.local/lib/python3.12/site-packages/airflow/example_dags/example_branch_operator.py for tasks to queue
[2026-05-28T14:36:50.173+0000] {logging_mixin.py:190} INFO - [2026-05-28T14:36:50.172+0000] {dagbag.py:588} INFO - Filling up the DagBag from /home/airflow/.local/lib/python3.12/site-packages/airflow/example_dags/example_branch_operator.py
[2026-05-28T14:36:50.247+0000] {processor.py:925} INFO - DAG(s) 'example_branch_operator' retrieved from /home/airflow/.local/lib/python3.12/site-packages/airflow/example_dags/example_branch_operator.py
[2026-05-28T14:36:50.340+0000] {logging_mixin.py:190} INFO - [2026-05-28T14:36:50.339+0000] {dag.py:3239} INFO - Sync 1 DAGs
[2026-05-28T14:36:50.422+0000] {logging_mixin.py:190} INFO - [2026-05-28T14:36:50.421+0000] {dag.py:4180} INFO - Setting next_dagrun for example_branch_operator to 2026-05-27 00:00:00+00:00, run_after=2026-05-28 00:00:00+00:00
[2026-05-28T14:36:50.500+0000] {processor.py:208} INFO - Processing /home/airflow/.local/lib/python3.12/site-packages/airflow/example_dags/example_branch_operator.py took 0.346 seconds
[2026-05-28T14:37:20.972+0000] {processor.py:186} INFO - Started process (PID=5320) to work on /home/airflow/.local/lib/python3.12/site-packages/airflow/example_dags/example_branch_operator.py
[2026-05-28T14:37:20.974+0000] {processor.py:914} INFO - Processing file /home/airflow/.local/lib/python3.12/site-packages/airflow/example_dags/example_branch_operator.py for tasks to queue
[2026-05-28T14:37:20.976+0000] {logging_mixin.py:190} INFO - [2026-05-28T14:37:20.976+0000] {dagbag.py:588} INFO - Filling up the DagBag from /home/airflow/.local/lib/python3.12/site-packages/airflow/example_dags/example_branch_operator.py
[2026-05-28T14:37:21.007+0000] {processor.py:925} INFO - DAG(s) 'example_branch_operator' retrieved from /home/airflow/.local/lib/python3.12/site-packages/airflow/example_dags/example_branch_operator.py
[2026-05-28T14:37:21.056+0000] {logging_mixin.py:190} INFO - [2026-05-28T14:37:21.056+0000] {dag.py:3239} INFO - Sync 1 DAGs
[2026-05-28T14:37:21.093+0000] {logging_mixin.py:190} INFO - [2026-05-28T14:37:21.093+0000] {dag.py:4180} INFO - Setting next_dagrun for example_branch_operator to 2026-05-27 00:00:00+00:00, run_after=2026-05-28 00:00:00+00:00
[2026-05-28T14:37:21.126+0000] {processor.py:208} INFO - Processing /home/airflow/.local/lib/python3.12/site-packages/airflow/example_dags/example_branch_operator.py took 0.163 seconds
[2026-05-28T14:37:57.029+0000] {processor.py:186} INFO - Started process (PID=5371) to work on /home/airflow/.local/lib/python3.12/site-packages/airflow/example_dags/example_branch_operator.py
[2026-05-28T14:37:57.031+0000] {processor.py:914} INFO - Processing file /home/airflow/.local/lib/python3.12/site-packages/airflow/example_dags/example_branch_operator.py for tasks to queue
[2026-05-28T14:37:57.034+0000] {logging_mixin.py:190} INFO - [2026-05-28T14:37:57.033+0000] {dagbag.py:588} INFO - Filling up the DagBag from /home/airflow/.local/lib/python3.12/site-packages/airflow/example_dags/example_branch_operator.py
[2026-05-28T14:37:57.062+0000] {processor.py:925} INFO - DAG(s) 'example_branch_operator' retrieved from /home/airflow/.local/lib/python3.12/site-packages/airflow/example_dags/example_branch_operator.py
[2026-05-28T14:37:57.118+0000] {logging_mixin.py:190} INFO - [2026-05-28T14:37:57.118+0000] {dag.py:3239} INFO - Sync 1 DAGs
[2026-05-28T14:37:57.166+0000] {logging_mixin.py:190} INFO - [2026-05-28T14:37:57.166+0000] {dag.py:4180} INFO - Setting next_dagrun for example_branch_operator to 2026-05-27 00:00:00+00:00, run_after=2026-05-28 00:00:00+00:00
[2026-05-28T14:37:57.630+0000] {processor.py:208} INFO - Processing /home/airflow/.local/lib/python3.12/site-packages/airflow/example_dags/example_branch_operator.py took 0.610 seconds
[2026-05-28T14:38:34.504+0000] {processor.py:186} INFO - Started process (PID=5434) to work on /home/airflow/.local/lib/python3.12/site-packages/airflow/example_dags/example_branch_operator.py
[2026-05-28T14:38:34.505+0000] {processor.py:914} INFO - Processing file /home/airflow/.local/lib/python3.12/site-packages/airflow/example_dags/example_branch_operator.py for tasks to queue
[2026-05-28T14:38:34.508+0000] {logging_mixin.py:190} INFO - [2026-05-28T14:38:34.507+0000] {dagbag.py:588} INFO - Filling up the DagBag from /home/airflow/.local/lib/python3.12/site-packages/airflow/example_dags/example_branch_operator.py
[2026-05-28T14:38:34.537+0000] {processor.py:925} INFO - DAG(s) 'example_branch_operator' retrieved from /home/airflow/.local/lib/python3.12/site-packages/airflow/example_dags/example_branch_operator.py
[2026-05-28T14:38:34.587+0000] {logging_mixin.py:190} INFO - [2026-05-28T14:38:34.586+0000] {dag.py:3239} INFO - Sync 1 DAGs
[2026-05-28T14:38:34.641+0000] {logging_mixin.py:190} INFO - [2026-05-28T14:38:34.640+0000] {dag.py:4180} INFO - Setting next_dagrun for example_branch_operator to 2026-05-27 00:00:00+00:00, run_after=2026-05-28 00:00:00+00:00
[2026-05-28T14:38:34.691+0000] {processor.py:208} INFO - Processing /home/airflow/.local/lib/python3.12/site-packages/airflow/example_dags/example_branch_operator.py took 0.196 seconds
[2026-05-28T14:39:05.075+0000] {processor.py:186} INFO - Started process (PID=5497) to work on /home/airflow/.local/lib/python3.12/site-packages/airflow/example_dags/example_branch_operator.py
[2026-05-28T14:39:05.078+0000] {processor.py:914} INFO - Processing file /home/airflow/.local/lib/python3.12/site-packages/airflow/example_dags/example_branch_operator.py for tasks to queue
[2026-05-28T14:39:05.081+0000] {logging_mixin.py:190} INFO - [2026-05-28T14:39:05.080+0000] {dagbag.py:588} INFO - Filling up the DagBag from /home/airflow/.local/lib/python3.12/site-packages/airflow/example_dags/example_branch_operator.py
[2026-05-28T14:39:05.123+0000] {processor.py:925} INFO - DAG(s) 'example_branch_operator' retrieved from /home/airflow/.local/lib/python3.12/site-packages/airflow/example_dags/example_branch_operator.py
[2026-05-28T14:39:05.183+0000] {logging_mixin.py:190} INFO - [2026-05-28T14:39:05.182+0000] {dag.py:3239} INFO - Sync 1 DAGs
[2026-05-28T14:39:05.226+0000] {logging_mixin.py:190} INFO - [2026-05-28T14:39:05.226+0000] {dag.py:4180} INFO - Setting next_dagrun for example_branch_operator to 2026-05-27 00:00:00+00:00, run_after=2026-05-28 00:00:00+00:00
[2026-05-28T14:39:05.269+0000] {processor.py:208} INFO - Processing /home/airflow/.local/lib/python3.12/site-packages/airflow/example_dags/example_branch_operator.py took 0.205 seconds
[2026-05-28T14:39:41.117+0000] {processor.py:186} INFO - Started process (PID=5561) to work on /home/airflow/.local/lib/python3.12/site-packages/airflow/example_dags/example_branch_operator.py
[2026-05-28T14:39:41.119+0000] {processor.py:914} INFO - Processing file /home/airflow/.local/lib/python3.12/site-packages/airflow/example_dags/example_branch_operator.py for tasks to queue
[2026-05-28T14:39:41.121+0000] {logging_mixin.py:190} INFO - [2026-05-28T14:39:41.121+0000] {dagbag.py:588} INFO - Filling up the DagBag from /home/airflow/.local/lib/python3.12/site-packages/airflow/example_dags/example_branch_operator.py
[2026-05-28T14:39:41.145+0000] {processor.py:925} INFO - DAG(s) 'example_branch_operator' retrieved from /home/airflow/.local/lib/python3.12/site-packages/airflow/example_dags/example_branch_operator.py
[2026-05-28T14:39:41.191+0000] {logging_mixin.py:190} INFO - [2026-05-28T14:39:41.191+0000] {dag.py:3239} INFO - Sync 1 DAGs
[2026-05-28T14:39:41.228+0000] {logging_mixin.py:190} INFO - [2026-05-28T14:39:41.227+0000] {dag.py:4180} INFO - Setting next_dagrun for example_branch_operator to 2026-05-27 00:00:00+00:00, run_after=2026-05-28 00:00:00+00:00
[2026-05-28T14:39:41.266+0000] {processor.py:208} INFO - Processing /home/airflow/.local/lib/python3.12/site-packages/airflow/example_dags/example_branch_operator.py took 0.159 seconds
[2026-05-28T14:40:11.651+0000] {processor.py:186} INFO - Started process (PID=5624) to work on /home/airflow/.local/lib/python3.12/site-packages/airflow/example_dags/example_branch_operator.py
[2026-05-28T14:40:11.653+0000] {processor.py:914} INFO - Processing file /home/airflow/.local/lib/python3.12/site-packages/airflow/example_dags/example_branch_operator.py for tasks to queue
[2026-05-28T14:40:11.655+0000] {logging_mixin.py:190} INFO - [2026-05-28T14:40:11.655+0000] {dagbag.py:588} INFO - Filling up the DagBag from /home/airflow/.local/lib/python3.12/site-packages/airflow/example_dags/example_branch_operator.py
[2026-05-28T14:40:11.925+0000] {processor.py:925} INFO - DAG(s) 'example_branch_operator' retrieved from /home/airflow/.local/lib/python3.12/site-packages/airflow/example_dags/example_branch_operator.py
[2026-05-28T14:40:11.963+0000] {logging_mixin.py:190} INFO - [2026-05-28T14:40:11.963+0000] {dag.py:3239} INFO - Sync 1 DAGs
[2026-05-28T14:40:11.993+0000] {logging_mixin.py:190} INFO - [2026-05-28T14:40:11.993+0000] {dag.py:4180} INFO - Setting next_dagrun for example_branch_operator to 2026-05-27 00:00:00+00:00, run_after=2026-05-28 00:00:00+00:00
[2026-05-28T14:40:12.023+0000] {processor.py:208} INFO - Processing /home/airflow/.local/lib/python3.12/site-packages/airflow/example_dags/example_branch_operator.py took 0.379 seconds
[2026-05-28T14:40:42.797+0000] {processor.py:186} INFO - Started process (PID=5687) to work on /home/airflow/.local/lib/python3.12/site-packages/airflow/example_dags/example_branch_operator.py
[2026-05-28T14:40:42.799+0000] {processor.py:914} INFO - Processing file /home/airflow/.local/lib/python3.12/site-packages/airflow/example_dags/example_branch_operator.py for tasks to queue
[2026-05-28T14:40:42.802+0000] {logging_mixin.py:190} INFO - [2026-05-28T14:40:42.802+0000] {dagbag.py:588} INFO - Filling up the DagBag from /home/airflow/.local/lib/python3.12/site-packages/airflow/example_dags/example_branch_operator.py
[2026-05-28T14:40:42.828+0000] {processor.py:925} INFO - DAG(s) 'example_branch_operator' retrieved from /home/airflow/.local/lib/python3.12/site-packages/airflow/example_dags/example_branch_operator.py
[2026-05-28T14:40:42.878+0000] {logging_mixin.py:190} INFO - [2026-05-28T14:40:42.877+0000] {dag.py:3239} INFO - Sync 1 DAGs
[2026-05-28T14:40:42.916+0000] {logging_mixin.py:190} INFO - [2026-05-28T14:40:42.916+0000] {dag.py:4180} INFO - Setting next_dagrun for example_branch_operator to 2026-05-27 00:00:00+00:00, run_after=2026-05-28 00:00:00+00:00
[2026-05-28T14:40:42.961+0000] {processor.py:208} INFO - Processing /home/airflow/.local/lib/python3.12/site-packages/airflow/example_dags/example_branch_operator.py took 0.173 seconds
[2026-05-28T14:41:14.167+0000] {processor.py:186} INFO - Started process (PID=5750) to work on /home/airflow/.local/lib/python3.12/site-packages/airflow/example_dags/example_branch_operator.py
[2026-05-28T14:41:14.169+0000] {processor.py:914} INFO - Processing file /home/airflow/.local/lib/python3.12/site-packages/airflow/example_dags/example_branch_operator.py for tasks to queue
[2026-05-28T14:41:14.171+0000] {logging_mixin.py:190} INFO - [2026-05-28T14:41:14.171+0000] {dagbag.py:588} INFO - Filling up the DagBag from /home/airflow/.local/lib/python3.12/site-packages/airflow/example_dags/example_branch_operator.py
[2026-05-28T14:41:14.195+0000] {processor.py:925} INFO - DAG(s) 'example_branch_operator' retrieved from /home/airflow/.local/lib/python3.12/site-packages/airflow/example_dags/example_branch_operator.py
[2026-05-28T14:41:14.234+0000] {logging_mixin.py:190} INFO - [2026-05-28T14:41:14.234+0000] {dag.py:3239} INFO - Sync 1 DAGs
[2026-05-28T14:41:14.265+0000] {logging_mixin.py:190} INFO - [2026-05-28T14:41:14.264+0000] {dag.py:4180} INFO - Setting next_dagrun for example_branch_operator to 2026-05-27 00:00:00+00:00, run_after=2026-05-28 00:00:00+00:00
[2026-05-28T14:41:14.308+0000] {processor.py:208} INFO - Processing /home/airflow/.local/lib/python3.12/site-packages/airflow/example_dags/example_branch_operator.py took 0.148 seconds
[2026-05-28T14:41:48.359+0000] {processor.py:186} INFO - Started process (PID=5805) to work on /home/airflow/.local/lib/python3.12/site-packages/airflow/example_dags/example_branch_operator.py
[2026-05-28T14:41:48.361+0000] {processor.py:914} INFO - Processing file /home/airflow/.local/lib/python3.12/site-packages/airflow/example_dags/example_branch_operator.py for tasks to queue
[2026-05-28T14:41:48.364+0000] {logging_mixin.py:190} INFO - [2026-05-28T14:41:48.363+0000] {dagbag.py:588} INFO - Filling up the DagBag from /home/airflow/.local/lib/python3.12/site-packages/airflow/example_dags/example_branch_operator.py
[2026-05-28T14:41:48.391+0000] {processor.py:925} INFO - DAG(s) 'example_branch_operator' retrieved from /home/airflow/.local/lib/python3.12/site-packages/airflow/example_dags/example_branch_operator.py
[2026-05-28T14:41:48.464+0000] {logging_mixin.py:190} INFO - [2026-05-28T14:41:48.464+0000] {dag.py:3239} INFO - Sync 1 DAGs
[2026-05-28T14:41:48.515+0000] {logging_mixin.py:190} INFO - [2026-05-28T14:41:48.515+0000] {dag.py:4180} INFO - Setting next_dagrun for example_branch_operator to 2026-05-27 00:00:00+00:00, run_after=2026-05-28 00:00:00+00:00
[2026-05-28T14:41:48.557+0000] {processor.py:208} INFO - Processing /home/airflow/.local/lib/python3.12/site-packages/airflow/example_dags/example_branch_operator.py took 0.208 seconds
[2026-05-28T14:42:25.229+0000] {processor.py:186} INFO - Started process (PID=5868) to work on /home/airflow/.local/lib/python3.12/site-packages/airflow/example_dags/example_branch_operator.py
[2026-05-28T14:42:25.231+0000] {processor.py:914} INFO - Processing file /home/airflow/.local/lib/python3.12/site-packages/airflow/example_dags/example_branch_operator.py for tasks to queue
[2026-05-28T14:42:25.234+0000] {logging_mixin.py:190} INFO - [2026-05-28T14:42:25.233+0000] {dagbag.py:588} INFO - Filling up the DagBag from /home/airflow/.local/lib/python3.12/site-packages/airflow/example_dags/example_branch_operator.py
[2026-05-28T14:42:25.256+0000] {processor.py:925} INFO - DAG(s) 'example_branch_operator' retrieved from /home/airflow/.local/lib/python3.12/site-packages/airflow/example_dags/example_branch_operator.py
[2026-05-28T14:42:25.297+0000] {logging_mixin.py:190} INFO - [2026-05-28T14:42:25.296+0000] {dag.py:3239} INFO - Sync 1 DAGs
[2026-05-28T14:42:25.329+0000] {logging_mixin.py:190} INFO - [2026-05-28T14:42:25.329+0000] {dag.py:4180} INFO - Setting next_dagrun for example_branch_operator to 2026-05-27 00:00:00+00:00, run_after=2026-05-28 00:00:00+00:00
[2026-05-28T14:42:25.358+0000] {processor.py:208} INFO - Processing /home/airflow/.local/lib/python3.12/site-packages/airflow/example_dags/example_branch_operator.py took 0.138 seconds
[2026-05-28T14:42:56.284+0000] {processor.py:186} INFO - Started process (PID=5932) to work on /home/airflow/.local/lib/python3.12/site-packages/airflow/example_dags/example_branch_operator.py
[2026-05-28T14:42:56.286+0000] {processor.py:914} INFO - Processing file /home/airflow/.local/lib/python3.12/site-packages/airflow/example_dags/example_branch_operator.py for tasks to queue
[2026-05-28T14:42:56.288+0000] {logging_mixin.py:190} INFO - [2026-05-28T14:42:56.288+0000] {dagbag.py:588} INFO - Filling up the DagBag from /home/airflow/.local/lib/python3.12/site-packages/airflow/example_dags/example_branch_operator.py
[2026-05-28T14:42:56.319+0000] {processor.py:925} INFO - DAG(s) 'example_branch_operator' retrieved from /home/airflow/.local/lib/python3.12/site-packages/airflow/example_dags/example_branch_operator.py
[2026-05-28T14:42:56.359+0000] {logging_mixin.py:190} INFO - [2026-05-28T14:42:56.359+0000] {dag.py:3239} INFO - Sync 1 DAGs
[2026-05-28T14:42:56.400+0000] {logging_mixin.py:190} INFO - [2026-05-28T14:42:56.400+0000] {dag.py:4180} INFO - Setting next_dagrun for example_branch_operator to 2026-05-27 00:00:00+00:00, run_after=2026-05-28 00:00:00+00:00
[2026-05-28T14:42:56.429+0000] {processor.py:208} INFO - Processing /home/airflow/.local/lib/python3.12/site-packages/airflow/example_dags/example_branch_operator.py took 0.152 seconds
[2026-05-28T14:43:28.867+0000] {processor.py:186} INFO - Started process (PID=5993) to work on /home/airflow/.local/lib/python3.12/site-packages/airflow/example_dags/example_branch_operator.py
[2026-05-28T14:43:28.869+0000] {processor.py:914} INFO - Processing file /home/airflow/.local/lib/python3.12/site-packages/airflow/example_dags/example_branch_operator.py for tasks to queue
[2026-05-28T14:43:28.871+0000] {logging_mixin.py:190} INFO - [2026-05-28T14:43:28.871+0000] {dagbag.py:588} INFO - Filling up the DagBag from /home/airflow/.local/lib/python3.12/site-packages/airflow/example_dags/example_branch_operator.py
[2026-05-28T14:43:28.896+0000] {processor.py:925} INFO - DAG(s) 'example_branch_operator' retrieved from /home/airflow/.local/lib/python3.12/site-packages/airflow/example_dags/example_branch_operator.py
[2026-05-28T14:43:28.942+0000] {logging_mixin.py:190} INFO - [2026-05-28T14:43:28.942+0000] {dag.py:3239} INFO - Sync 1 DAGs
[2026-05-28T14:43:28.982+0000] {logging_mixin.py:190} INFO - [2026-05-28T14:43:28.981+0000] {dag.py:4180} INFO - Setting next_dagrun for example_branch_operator to 2026-05-27 00:00:00+00:00, run_after=2026-05-28 00:00:00+00:00
[2026-05-28T14:43:29.022+0000] {processor.py:208} INFO - Processing /home/airflow/.local/lib/python3.12/site-packages/airflow/example_dags/example_branch_operator.py took 0.162 seconds
[2026-05-28T14:44:05.469+0000] {processor.py:186} INFO - Started process (PID=6057) to work on /home/airflow/.local/lib/python3.12/site-packages/airflow/example_dags/example_branch_operator.py
[2026-05-28T14:44:05.472+0000] {processor.py:914} INFO - Processing file /home/airflow/.local/lib/python3.12/site-packages/airflow/example_dags/example_branch_operator.py for tasks to queue
[2026-05-28T14:44:05.475+0000] {logging_mixin.py:190} INFO - [2026-05-28T14:44:05.474+0000] {dagbag.py:588} INFO - Filling up the DagBag from /home/airflow/.local/lib/python3.12/site-packages/airflow/example_dags/example_branch_operator.py
[2026-05-28T14:44:05.515+0000] {processor.py:925} INFO - DAG(s) 'example_branch_operator' retrieved from /home/airflow/.local/lib/python3.12/site-packages/airflow/example_dags/example_branch_operator.py
[2026-05-28T14:44:05.559+0000] {logging_mixin.py:190} INFO - [2026-05-28T14:44:05.558+0000] {dag.py:3239} INFO - Sync 1 DAGs
[2026-05-28T14:44:05.595+0000] {logging_mixin.py:190} INFO - [2026-05-28T14:44:05.594+0000] {dag.py:4180} INFO - Setting next_dagrun for example_branch_operator to 2026-05-27 00:00:00+00:00, run_after=2026-05-28 00:00:00+00:00
[2026-05-28T14:44:05.625+0000] {processor.py:208} INFO - Processing /home/airflow/.local/lib/python3.12/site-packages/airflow/example_dags/example_branch_operator.py took 0.164 seconds
[2026-05-28T14:44:36.165+0000] {processor.py:186} INFO - Started process (PID=6120) to work on /home/airflow/.local/lib/python3.12/site-packages/airflow/example_dags/example_branch_operator.py
[2026-05-28T14:44:36.168+0000] {processor.py:914} INFO - Processing file /home/airflow/.local/lib/python3.12/site-packages/airflow/example_dags/example_branch_operator.py for tasks to queue
[2026-05-28T14:44:36.172+0000] {logging_mixin.py:190} INFO - [2026-05-28T14:44:36.170+0000] {dagbag.py:588} INFO - Filling up the DagBag from /home/airflow/.local/lib/python3.12/site-packages/airflow/example_dags/example_branch_operator.py
[2026-05-28T14:44:36.216+0000] {processor.py:925} INFO - DAG(s) 'example_branch_operator' retrieved from /home/airflow/.local/lib/python3.12/site-packages/airflow/example_dags/example_branch_operator.py
[2026-05-28T14:44:36.268+0000] {logging_mixin.py:190} INFO - [2026-05-28T14:44:36.268+0000] {dag.py:3239} INFO - Sync 1 DAGs
[2026-05-28T14:44:36.309+0000] {logging_mixin.py:190} INFO - [2026-05-28T14:44:36.308+0000] {dag.py:4180} INFO - Setting next_dagrun for example_branch_operator to 2026-05-27 00:00:00+00:00, run_after=2026-05-28 00:00:00+00:00
[2026-05-28T14:44:36.347+0000] {processor.py:208} INFO - Processing /home/airflow/.local/lib/python3.12/site-packages/airflow/example_dags/example_branch_operator.py took 0.192 seconds
[2026-05-28T14:45:06.913+0000] {processor.py:186} INFO - Started process (PID=6184) to work on /home/airflow/.local/lib/python3.12/site-packages/airflow/example_dags/example_branch_operator.py
[2026-05-28T14:45:06.915+0000] {processor.py:914} INFO - Processing file /home/airflow/.local/lib/python3.12/site-packages/airflow/example_dags/example_branch_operator.py for tasks to queue
[2026-05-28T14:45:06.918+0000] {logging_mixin.py:190} INFO - [2026-05-28T14:45:06.917+0000] {dagbag.py:588} INFO - Filling up the DagBag from /home/airflow/.local/lib/python3.12/site-packages/airflow/example_dags/example_branch_operator.py
[2026-05-28T14:45:06.945+0000] {processor.py:925} INFO - DAG(s) 'example_branch_operator' retrieved from /home/airflow/.local/lib/python3.12/site-packages/airflow/example_dags/example_branch_operator.py
[2026-05-28T14:45:07.002+0000] {logging_mixin.py:190} INFO - [2026-05-28T14:45:07.002+0000] {dag.py:3239} INFO - Sync 1 DAGs
[2026-05-28T14:45:07.043+0000] {logging_mixin.py:190} INFO - [2026-05-28T14:45:07.042+0000] {dag.py:4180} INFO - Setting next_dagrun for example_branch_operator to 2026-05-27 00:00:00+00:00, run_after=2026-05-28 00:00:00+00:00
[2026-05-28T14:45:07.078+0000] {processor.py:208} INFO - Processing /home/airflow/.local/lib/python3.12/site-packages/airflow/example_dags/example_branch_operator.py took 0.175 seconds
[2026-05-28T14:45:38.123+0000] {processor.py:186} INFO - Started process (PID=6247) to work on /home/airflow/.local/lib/python3.12/site-packages/airflow/example_dags/example_branch_operator.py
[2026-05-28T14:45:38.125+0000] {processor.py:914} INFO - Processing file /home/airflow/.local/lib/python3.12/site-packages/airflow/example_dags/example_branch_operator.py for tasks to queue
[2026-05-28T14:45:38.127+0000] {logging_mixin.py:190} INFO - [2026-05-28T14:45:38.127+0000] {dagbag.py:588} INFO - Filling up the DagBag from /home/airflow/.local/lib/python3.12/site-packages/airflow/example_dags/example_branch_operator.py
[2026-05-28T14:45:38.153+0000] {processor.py:925} INFO - DAG(s) 'example_branch_operator' retrieved from /home/airflow/.local/lib/python3.12/site-packages/airflow/example_dags/example_branch_operator.py
[2026-05-28T14:45:38.194+0000] {logging_mixin.py:190} INFO - [2026-05-28T14:45:38.193+0000] {dag.py:3239} INFO - Sync 1 DAGs
[2026-05-28T14:45:38.224+0000] {logging_mixin.py:190} INFO - [2026-05-28T14:45:38.224+0000] {dag.py:4180} INFO - Setting next_dagrun for example_branch_operator to 2026-05-27 00:00:00+00:00, run_after=2026-05-28 00:00:00+00:00
[2026-05-28T14:45:38.262+0000] {processor.py:208} INFO - Processing /home/airflow/.local/lib/python3.12/site-packages/airflow/example_dags/example_branch_operator.py took 0.149 seconds
[2026-05-28T14:46:08.642+0000] {processor.py:186} INFO - Started process (PID=6310) to work on /home/airflow/.local/lib/python3.12/site-packages/airflow/example_dags/example_branch_operator.py
[2026-05-28T14:46:08.645+0000] {processor.py:914} INFO - Processing file /home/airflow/.local/lib/python3.12/site-packages/airflow/example_dags/example_branch_operator.py for tasks to queue
[2026-05-28T14:46:08.647+0000] {logging_mixin.py:190} INFO - [2026-05-28T14:46:08.646+0000] {dagbag.py:588} INFO - Filling up the DagBag from /home/airflow/.local/lib/python3.12/site-packages/airflow/example_dags/example_branch_operator.py
[2026-05-28T14:46:08.682+0000] {processor.py:925} INFO - DAG(s) 'example_branch_operator' retrieved from /home/airflow/.local/lib/python3.12/site-packages/airflow/example_dags/example_branch_operator.py
[2026-05-28T14:46:08.729+0000] {logging_mixin.py:190} INFO - [2026-05-28T14:46:08.729+0000] {dag.py:3239} INFO - Sync 1 DAGs
[2026-05-28T14:46:08.765+0000] {logging_mixin.py:190} INFO - [2026-05-28T14:46:08.765+0000] {dag.py:4180} INFO - Setting next_dagrun for example_branch_operator to 2026-05-27 00:00:00+00:00, run_after=2026-05-28 00:00:00+00:00
[2026-05-28T14:46:08.792+0000] {processor.py:208} INFO - Processing /home/airflow/.local/lib/python3.12/site-packages/airflow/example_dags/example_branch_operator.py took 0.160 seconds
[2026-05-28T14:46:41.440+0000] {processor.py:186} INFO - Started process (PID=6373) to work on /home/airflow/.local/lib/python3.12/site-packages/airflow/example_dags/example_branch_operator.py
[2026-05-28T14:46:41.441+0000] {processor.py:914} INFO - Processing file /home/airflow/.local/lib/python3.12/site-packages/airflow/example_dags/example_branch_operator.py for tasks to queue
[2026-05-28T14:46:41.444+0000] {logging_mixin.py:190} INFO - [2026-05-28T14:46:41.443+0000] {dagbag.py:588} INFO - Filling up the DagBag from /home/airflow/.local/lib/python3.12/site-packages/airflow/example_dags/example_branch_operator.py
[2026-05-28T14:46:41.471+0000] {processor.py:925} INFO - DAG(s) 'example_branch_operator' retrieved from /home/airflow/.local/lib/python3.12/site-packages/airflow/example_dags/example_branch_operator.py
[2026-05-28T14:46:41.522+0000] {logging_mixin.py:190} INFO - [2026-05-28T14:46:41.521+0000] {dag.py:3239} INFO - Sync 1 DAGs
[2026-05-28T14:46:41.552+0000] {logging_mixin.py:190} INFO - [2026-05-28T14:46:41.552+0000] {dag.py:4180} INFO - Setting next_dagrun for example_branch_operator to 2026-05-27 00:00:00+00:00, run_after=2026-05-28 00:00:00+00:00
[2026-05-28T14:46:41.586+0000] {processor.py:208} INFO - Processing /home/airflow/.local/lib/python3.12/site-packages/airflow/example_dags/example_branch_operator.py took 0.155 seconds
[2026-05-28T14:47:18.341+0000] {processor.py:186} INFO - Started process (PID=6441) to work on /home/airflow/.local/lib/python3.12/site-packages/airflow/example_dags/example_branch_operator.py
[2026-05-28T14:47:18.342+0000] {processor.py:914} INFO - Processing file /home/airflow/.local/lib/python3.12/site-packages/airflow/example_dags/example_branch_operator.py for tasks to queue
[2026-05-28T14:47:18.345+0000] {logging_mixin.py:190} INFO - [2026-05-28T14:47:18.344+0000] {dagbag.py:588} INFO - Filling up the DagBag from /home/airflow/.local/lib/python3.12/site-packages/airflow/example_dags/example_branch_operator.py
[2026-05-28T14:47:18.373+0000] {processor.py:925} INFO - DAG(s) 'example_branch_operator' retrieved from /home/airflow/.local/lib/python3.12/site-packages/airflow/example_dags/example_branch_operator.py
[2026-05-28T14:47:18.419+0000] {logging_mixin.py:190} INFO - [2026-05-28T14:47:18.419+0000] {dag.py:3239} INFO - Sync 1 DAGs
[2026-05-28T14:47:18.458+0000] {logging_mixin.py:190} INFO - [2026-05-28T14:47:18.458+0000] {dag.py:4180} INFO - Setting next_dagrun for example_branch_operator to 2026-05-27 00:00:00+00:00, run_after=2026-05-28 00:00:00+00:00
[2026-05-28T14:47:18.491+0000] {processor.py:208} INFO - Processing /home/airflow/.local/lib/python3.12/site-packages/airflow/example_dags/example_branch_operator.py took 0.158 seconds
[2026-05-28T14:47:58.763+0000] {processor.py:186} INFO - Started process (PID=6508) to work on /home/airflow/.local/lib/python3.12/site-packages/airflow/example_dags/example_branch_operator.py
[2026-05-28T14:47:58.765+0000] {processor.py:914} INFO - Processing file /home/airflow/.local/lib/python3.12/site-packages/airflow/example_dags/example_branch_operator.py for tasks to queue
[2026-05-28T14:47:58.767+0000] {logging_mixin.py:190} INFO - [2026-05-28T14:47:58.767+0000] {dagbag.py:588} INFO - Filling up the DagBag from /home/airflow/.local/lib/python3.12/site-packages/airflow/example_dags/example_branch_operator.py
[2026-05-28T14:47:58.798+0000] {processor.py:925} INFO - DAG(s) 'example_branch_operator' retrieved from /home/airflow/.local/lib/python3.12/site-packages/airflow/example_dags/example_branch_operator.py
[2026-05-28T14:47:58.844+0000] {logging_mixin.py:190} INFO - [2026-05-28T14:47:58.844+0000] {dag.py:3239} INFO - Sync 1 DAGs
[2026-05-28T14:47:58.880+0000] {logging_mixin.py:190} INFO - [2026-05-28T14:47:58.880+0000] {dag.py:4180} INFO - Setting next_dagrun for example_branch_operator to 2026-05-27 00:00:00+00:00, run_after=2026-05-28 00:00:00+00:00
[2026-05-28T14:47:58.914+0000] {processor.py:208} INFO - Processing /home/airflow/.local/lib/python3.12/site-packages/airflow/example_dags/example_branch_operator.py took 0.160 seconds
[2026-05-28T14:48:38.783+0000] {processor.py:186} INFO - Started process (PID=6581) to work on /home/airflow/.local/lib/python3.12/site-packages/airflow/example_dags/example_branch_operator.py
[2026-05-28T14:48:38.785+0000] {processor.py:914} INFO - Processing file /home/airflow/.local/lib/python3.12/site-packages/airflow/example_dags/example_branch_operator.py for tasks to queue
[2026-05-28T14:48:38.787+0000] {logging_mixin.py:190} INFO - [2026-05-28T14:48:38.787+0000] {dagbag.py:588} INFO - Filling up the DagBag from /home/airflow/.local/lib/python3.12/site-packages/airflow/example_dags/example_branch_operator.py
[2026-05-28T14:48:38.823+0000] {processor.py:925} INFO - DAG(s) 'example_branch_operator' retrieved from /home/airflow/.local/lib/python3.12/site-packages/airflow/example_dags/example_branch_operator.py
[2026-05-28T14:48:38.875+0000] {logging_mixin.py:190} INFO - [2026-05-28T14:48:38.874+0000] {dag.py:3239} INFO - Sync 1 DAGs
[2026-05-28T14:48:38.911+0000] {logging_mixin.py:190} INFO - [2026-05-28T14:48:38.911+0000] {dag.py:4180} INFO - Setting next_dagrun for example_branch_operator to 2026-05-27 00:00:00+00:00, run_after=2026-05-28 00:00:00+00:00
[2026-05-28T14:48:38.945+0000] {processor.py:208} INFO - Processing /home/airflow/.local/lib/python3.12/site-packages/airflow/example_dags/example_branch_operator.py took 0.170 seconds
[2026-05-28T14:49:16.933+0000] {processor.py:186} INFO - Started process (PID=6650) to work on /home/airflow/.local/lib/python3.12/site-packages/airflow/example_dags/example_branch_operator.py
[2026-05-28T14:49:16.935+0000] {processor.py:914} INFO - Processing file /home/airflow/.local/lib/python3.12/site-packages/airflow/example_dags/example_branch_operator.py for tasks to queue
[2026-05-28T14:49:16.937+0000] {logging_mixin.py:190} INFO - [2026-05-28T14:49:16.936+0000] {dagbag.py:588} INFO - Filling up the DagBag from /home/airflow/.local/lib/python3.12/site-packages/airflow/example_dags/example_branch_operator.py
[2026-05-28T14:49:16.963+0000] {processor.py:925} INFO - DAG(s) 'example_branch_operator' retrieved from /home/airflow/.local/lib/python3.12/site-packages/airflow/example_dags/example_branch_operator.py
[2026-05-28T14:49:17.011+0000] {logging_mixin.py:190} INFO - [2026-05-28T14:49:17.011+0000] {dag.py:3239} INFO - Sync 1 DAGs
[2026-05-28T14:49:17.045+0000] {logging_mixin.py:190} INFO - [2026-05-28T14:49:17.044+0000] {dag.py:4180} INFO - Setting next_dagrun for example_branch_operator to 2026-05-27 00:00:00+00:00, run_after=2026-05-28 00:00:00+00:00
[2026-05-28T14:49:17.077+0000] {processor.py:208} INFO - Processing /home/airflow/.local/lib/python3.12/site-packages/airflow/example_dags/example_branch_operator.py took 0.155 seconds
[2026-05-28T14:49:53.385+0000] {processor.py:186} INFO - Started process (PID=6722) to work on /home/airflow/.local/lib/python3.12/site-packages/airflow/example_dags/example_branch_operator.py
[2026-05-28T14:49:53.387+0000] {processor.py:914} INFO - Processing file /home/airflow/.local/lib/python3.12/site-packages/airflow/example_dags/example_branch_operator.py for tasks to queue
[2026-05-28T14:49:53.389+0000] {logging_mixin.py:190} INFO - [2026-05-28T14:49:53.389+0000] {dagbag.py:588} INFO - Filling up the DagBag from /home/airflow/.local/lib/python3.12/site-packages/airflow/example_dags/example_branch_operator.py
[2026-05-28T14:49:53.414+0000] {processor.py:925} INFO - DAG(s) 'example_branch_operator' retrieved from /home/airflow/.local/lib/python3.12/site-packages/airflow/example_dags/example_branch_operator.py
[2026-05-28T14:49:53.477+0000] {logging_mixin.py:190} INFO - [2026-05-28T14:49:53.477+0000] {dag.py:3239} INFO - Sync 1 DAGs
[2026-05-28T14:49:53.523+0000] {logging_mixin.py:190} INFO - [2026-05-28T14:49:53.523+0000] {dag.py:4180} INFO - Setting next_dagrun for example_branch_operator to 2026-05-27 00:00:00+00:00, run_after=2026-05-28 00:00:00+00:00
[2026-05-28T14:49:53.554+0000] {processor.py:208} INFO - Processing /home/airflow/.local/lib/python3.12/site-packages/airflow/example_dags/example_branch_operator.py took 0.179 seconds
[2026-05-28T14:50:26.964+0000] {processor.py:186} INFO - Started process (PID=6786) to work on /home/airflow/.local/lib/python3.12/site-packages/airflow/example_dags/example_branch_operator.py
[2026-05-28T14:50:26.966+0000] {processor.py:914} INFO - Processing file /home/airflow/.local/lib/python3.12/site-packages/airflow/example_dags/example_branch_operator.py for tasks to queue
[2026-05-28T14:50:26.969+0000] {logging_mixin.py:190} INFO - [2026-05-28T14:50:26.969+0000] {dagbag.py:588} INFO - Filling up the DagBag from /home/airflow/.local/lib/python3.12/site-packages/airflow/example_dags/example_branch_operator.py
[2026-05-28T14:50:27.000+0000] {processor.py:925} INFO - DAG(s) 'example_branch_operator' retrieved from /home/airflow/.local/lib/python3.12/site-packages/airflow/example_dags/example_branch_operator.py
[2026-05-28T14:50:27.055+0000] {logging_mixin.py:190} INFO - [2026-05-28T14:50:27.055+0000] {dag.py:3239} INFO - Sync 1 DAGs
[2026-05-28T14:50:27.095+0000] {logging_mixin.py:190} INFO - [2026-05-28T14:50:27.095+0000] {dag.py:4180} INFO - Setting next_dagrun for example_branch_operator to 2026-05-27 00:00:00+00:00, run_after=2026-05-28 00:00:00+00:00
[2026-05-28T14:50:27.135+0000] {processor.py:208} INFO - Processing /home/airflow/.local/lib/python3.12/site-packages/airflow/example_dags/example_branch_operator.py took 0.179 seconds
[2026-05-28T14:50:57.758+0000] {processor.py:186} INFO - Started process (PID=6849) to work on /home/airflow/.local/lib/python3.12/site-packages/airflow/example_dags/example_branch_operator.py
[2026-05-28T14:50:57.760+0000] {processor.py:914} INFO - Processing file /home/airflow/.local/lib/python3.12/site-packages/airflow/example_dags/example_branch_operator.py for tasks to queue
[2026-05-28T14:50:57.763+0000] {logging_mixin.py:190} INFO - [2026-05-28T14:50:57.762+0000] {dagbag.py:588} INFO - Filling up the DagBag from /home/airflow/.local/lib/python3.12/site-packages/airflow/example_dags/example_branch_operator.py
[2026-05-28T14:50:57.790+0000] {processor.py:925} INFO - DAG(s) 'example_branch_operator' retrieved from /home/airflow/.local/lib/python3.12/site-packages/airflow/example_dags/example_branch_operator.py
[2026-05-28T14:50:57.829+0000] {logging_mixin.py:190} INFO - [2026-05-28T14:50:57.829+0000] {dag.py:3239} INFO - Sync 1 DAGs
[2026-05-28T14:50:57.860+0000] {logging_mixin.py:190} INFO - [2026-05-28T14:50:57.859+0000] {dag.py:4180} INFO - Setting next_dagrun for example_branch_operator to 2026-05-27 00:00:00+00:00, run_after=2026-05-28 00:00:00+00:00
[2026-05-28T14:50:57.890+0000] {processor.py:208} INFO - Processing /home/airflow/.local/lib/python3.12/site-packages/airflow/example_dags/example_branch_operator.py took 0.139 seconds
[2026-05-28T14:51:28.853+0000] {processor.py:186} INFO - Started process (PID=6914) to work on /home/airflow/.local/lib/python3.12/site-packages/airflow/example_dags/example_branch_operator.py
[2026-05-28T14:51:28.855+0000] {processor.py:914} INFO - Processing file /home/airflow/.local/lib/python3.12/site-packages/airflow/example_dags/example_branch_operator.py for tasks to queue
[2026-05-28T14:51:28.858+0000] {logging_mixin.py:190} INFO - [2026-05-28T14:51:28.857+0000] {dagbag.py:588} INFO - Filling up the DagBag from /home/airflow/.local/lib/python3.12/site-packages/airflow/example_dags/example_branch_operator.py
[2026-05-28T14:51:28.887+0000] {processor.py:925} INFO - DAG(s) 'example_branch_operator' retrieved from /home/airflow/.local/lib/python3.12/site-packages/airflow/example_dags/example_branch_operator.py
[2026-05-28T14:51:28.954+0000] {logging_mixin.py:190} INFO - [2026-05-28T14:51:28.954+0000] {dag.py:3239} INFO - Sync 1 DAGs
[2026-05-28T14:51:28.996+0000] {logging_mixin.py:190} INFO - [2026-05-28T14:51:28.996+0000] {dag.py:4180} INFO - Setting next_dagrun for example_branch_operator to 2026-05-27 00:00:00+00:00, run_after=2026-05-28 00:00:00+00:00
[2026-05-28T14:51:29.039+0000] {processor.py:208} INFO - Processing /home/airflow/.local/lib/python3.12/site-packages/airflow/example_dags/example_branch_operator.py took 0.195 seconds
[2026-05-28T14:52:01.239+0000] {processor.py:186} INFO - Started process (PID=6978) to work on /home/airflow/.local/lib/python3.12/site-packages/airflow/example_dags/example_branch_operator.py
[2026-05-28T14:52:01.240+0000] {processor.py:914} INFO - Processing file /home/airflow/.local/lib/python3.12/site-packages/airflow/example_dags/example_branch_operator.py for tasks to queue
[2026-05-28T14:52:01.243+0000] {logging_mixin.py:190} INFO - [2026-05-28T14:52:01.242+0000] {dagbag.py:588} INFO - Filling up the DagBag from /home/airflow/.local/lib/python3.12/site-packages/airflow/example_dags/example_branch_operator.py
[2026-05-28T14:52:01.269+0000] {processor.py:925} INFO - DAG(s) 'example_branch_operator' retrieved from /home/airflow/.local/lib/python3.12/site-packages/airflow/example_dags/example_branch_operator.py
[2026-05-28T14:52:01.316+0000] {logging_mixin.py:190} INFO - [2026-05-28T14:52:01.316+0000] {dag.py:3239} INFO - Sync 1 DAGs
[2026-05-28T14:52:01.359+0000] {logging_mixin.py:190} INFO - [2026-05-28T14:52:01.359+0000] {dag.py:4180} INFO - Setting next_dagrun for example_branch_operator to 2026-05-27 00:00:00+00:00, run_after=2026-05-28 00:00:00+00:00
[2026-05-28T14:52:01.397+0000] {processor.py:208} INFO - Processing /home/airflow/.local/lib/python3.12/site-packages/airflow/example_dags/example_branch_operator.py took 0.167 seconds
[2026-05-28T14:52:32.178+0000] {processor.py:186} INFO - Started process (PID=7041) to work on /home/airflow/.local/lib/python3.12/site-packages/airflow/example_dags/example_branch_operator.py
[2026-05-28T14:52:32.180+0000] {processor.py:914} INFO - Processing file /home/airflow/.local/lib/python3.12/site-packages/airflow/example_dags/example_branch_operator.py for tasks to queue
[2026-05-28T14:52:32.182+0000] {logging_mixin.py:190} INFO - [2026-05-28T14:52:32.181+0000] {dagbag.py:588} INFO - Filling up the DagBag from /home/airflow/.local/lib/python3.12/site-packages/airflow/example_dags/example_branch_operator.py
[2026-05-28T14:52:32.204+0000] {processor.py:925} INFO - DAG(s) 'example_branch_operator' retrieved from /home/airflow/.local/lib/python3.12/site-packages/airflow/example_dags/example_branch_operator.py
[2026-05-28T14:52:32.255+0000] {logging_mixin.py:190} INFO - [2026-05-28T14:52:32.255+0000] {dag.py:3239} INFO - Sync 1 DAGs
[2026-05-28T14:52:32.292+0000] {logging_mixin.py:190} INFO - [2026-05-28T14:52:32.292+0000] {dag.py:4180} INFO - Setting next_dagrun for example_branch_operator to 2026-05-27 00:00:00+00:00, run_after=2026-05-28 00:00:00+00:00
[2026-05-28T14:52:32.330+0000] {processor.py:208} INFO - Processing /home/airflow/.local/lib/python3.12/site-packages/airflow/example_dags/example_branch_operator.py took 0.162 seconds
[2026-05-28T14:53:10.000+0000] {processor.py:186} INFO - Started process (PID=7104) to work on /home/airflow/.local/lib/python3.12/site-packages/airflow/example_dags/example_branch_operator.py
[2026-05-28T14:53:10.001+0000] {processor.py:914} INFO - Processing file /home/airflow/.local/lib/python3.12/site-packages/airflow/example_dags/example_branch_operator.py for tasks to queue
[2026-05-28T14:53:10.004+0000] {logging_mixin.py:190} INFO - [2026-05-28T14:53:10.003+0000] {dagbag.py:588} INFO - Filling up the DagBag from /home/airflow/.local/lib/python3.12/site-packages/airflow/example_dags/example_branch_operator.py
[2026-05-28T14:53:10.031+0000] {processor.py:925} INFO - DAG(s) 'example_branch_operator' retrieved from /home/airflow/.local/lib/python3.12/site-packages/airflow/example_dags/example_branch_operator.py
[2026-05-28T14:53:10.079+0000] {logging_mixin.py:190} INFO - [2026-05-28T14:53:10.078+0000] {dag.py:3239} INFO - Sync 1 DAGs
[2026-05-28T14:53:10.112+0000] {logging_mixin.py:190} INFO - [2026-05-28T14:53:10.111+0000] {dag.py:4180} INFO - Setting next_dagrun for example_branch_operator to 2026-05-27 00:00:00+00:00, run_after=2026-05-28 00:00:00+00:00
[2026-05-28T14:53:10.140+0000] {processor.py:208} INFO - Processing /home/airflow/.local/lib/python3.12/site-packages/airflow/example_dags/example_branch_operator.py took 0.149 seconds
[2026-05-28T14:53:49.173+0000] {processor.py:186} INFO - Started process (PID=7179) to work on /home/airflow/.local/lib/python3.12/site-packages/airflow/example_dags/example_branch_operator.py
[2026-05-28T14:53:49.175+0000] {processor.py:914} INFO - Processing file /home/airflow/.local/lib/python3.12/site-packages/airflow/example_dags/example_branch_operator.py for tasks to queue
[2026-05-28T14:53:49.177+0000] {logging_mixin.py:190} INFO - [2026-05-28T14:53:49.176+0000] {dagbag.py:588} INFO - Filling up the DagBag from /home/airflow/.local/lib/python3.12/site-packages/airflow/example_dags/example_branch_operator.py
[2026-05-28T14:53:49.199+0000] {processor.py:925} INFO - DAG(s) 'example_branch_operator' retrieved from /home/airflow/.local/lib/python3.12/site-packages/airflow/example_dags/example_branch_operator.py
[2026-05-28T14:53:49.239+0000] {logging_mixin.py:190} INFO - [2026-05-28T14:53:49.239+0000] {dag.py:3239} INFO - Sync 1 DAGs
[2026-05-28T14:53:49.275+0000] {logging_mixin.py:190} INFO - [2026-05-28T14:53:49.274+0000] {dag.py:4180} INFO - Setting next_dagrun for example_branch_operator to 2026-05-27 00:00:00+00:00, run_after=2026-05-28 00:00:00+00:00
[2026-05-28T14:53:49.307+0000] {processor.py:208} INFO - Processing /home/airflow/.local/lib/python3.12/site-packages/airflow/example_dags/example_branch_operator.py took 0.141 seconds
[2026-05-28T14:54:23.784+0000] {processor.py:186} INFO - Started process (PID=7243) to work on /home/airflow/.local/lib/python3.12/site-packages/airflow/example_dags/example_branch_operator.py
[2026-05-28T14:54:23.786+0000] {processor.py:914} INFO - Processing file /home/airflow/.local/lib/python3.12/site-packages/airflow/example_dags/example_branch_operator.py for tasks to queue
[2026-05-28T14:54:23.788+0000] {logging_mixin.py:190} INFO - [2026-05-28T14:54:23.788+0000] {dagbag.py:588} INFO - Filling up the DagBag from /home/airflow/.local/lib/python3.12/site-packages/airflow/example_dags/example_branch_operator.py
[2026-05-28T14:54:23.814+0000] {processor.py:925} INFO - DAG(s) 'example_branch_operator' retrieved from /home/airflow/.local/lib/python3.12/site-packages/airflow/example_dags/example_branch_operator.py
[2026-05-28T14:54:23.861+0000] {logging_mixin.py:190} INFO - [2026-05-28T14:54:23.860+0000] {dag.py:3239} INFO - Sync 1 DAGs
[2026-05-28T14:54:23.895+0000] {logging_mixin.py:190} INFO - [2026-05-28T14:54:23.895+0000] {dag.py:4180} INFO - Setting next_dagrun for example_branch_operator to 2026-05-27 00:00:00+00:00, run_after=2026-05-28 00:00:00+00:00
[2026-05-28T14:54:23.943+0000] {processor.py:208} INFO - Processing /home/airflow/.local/lib/python3.12/site-packages/airflow/example_dags/example_branch_operator.py took 0.167 seconds
[2026-05-28T14:54:54.358+0000] {processor.py:186} INFO - Started process (PID=7306) to work on /home/airflow/.local/lib/python3.12/site-packages/airflow/example_dags/example_branch_operator.py
[2026-05-28T14:54:54.363+0000] {processor.py:914} INFO - Processing file /home/airflow/.local/lib/python3.12/site-packages/airflow/example_dags/example_branch_operator.py for tasks to queue
[2026-05-28T14:54:54.367+0000] {logging_mixin.py:190} INFO - [2026-05-28T14:54:54.366+0000] {dagbag.py:588} INFO - Filling up the DagBag from /home/airflow/.local/lib/python3.12/site-packages/airflow/example_dags/example_branch_operator.py
[2026-05-28T14:54:54.414+0000] {processor.py:925} INFO - DAG(s) 'example_branch_operator' retrieved from /home/airflow/.local/lib/python3.12/site-packages/airflow/example_dags/example_branch_operator.py
[2026-05-28T14:54:54.483+0000] {logging_mixin.py:190} INFO - [2026-05-28T14:54:54.482+0000] {dag.py:3239} INFO - Sync 1 DAGs
[2026-05-28T14:54:54.553+0000] {logging_mixin.py:190} INFO - [2026-05-28T14:54:54.553+0000] {dag.py:4180} INFO - Setting next_dagrun for example_branch_operator to 2026-05-27 00:00:00+00:00, run_after=2026-05-28 00:00:00+00:00
[2026-05-28T14:54:54.587+0000] {processor.py:208} INFO - Processing /home/airflow/.local/lib/python3.12/site-packages/airflow/example_dags/example_branch_operator.py took 0.243 seconds
[2026-05-28T14:55:25.292+0000] {processor.py:186} INFO - Started process (PID=7371) to work on /home/airflow/.local/lib/python3.12/site-packages/airflow/example_dags/example_branch_operator.py
[2026-05-28T14:55:25.294+0000] {processor.py:914} INFO - Processing file /home/airflow/.local/lib/python3.12/site-packages/airflow/example_dags/example_branch_operator.py for tasks to queue
[2026-05-28T14:55:25.296+0000] {logging_mixin.py:190} INFO - [2026-05-28T14:55:25.296+0000] {dagbag.py:588} INFO - Filling up the DagBag from /home/airflow/.local/lib/python3.12/site-packages/airflow/example_dags/example_branch_operator.py
[2026-05-28T14:55:25.330+0000] {processor.py:925} INFO - DAG(s) 'example_branch_operator' retrieved from /home/airflow/.local/lib/python3.12/site-packages/airflow/example_dags/example_branch_operator.py
[2026-05-28T14:55:25.412+0000] {logging_mixin.py:190} INFO - [2026-05-28T14:55:25.412+0000] {dag.py:3239} INFO - Sync 1 DAGs
[2026-05-28T14:55:25.466+0000] {logging_mixin.py:190} INFO - [2026-05-28T14:55:25.465+0000] {dag.py:4180} INFO - Setting next_dagrun for example_branch_operator to 2026-05-27 00:00:00+00:00, run_after=2026-05-28 00:00:00+00:00
[2026-05-28T14:55:25.502+0000] {processor.py:208} INFO - Processing /home/airflow/.local/lib/python3.12/site-packages/airflow/example_dags/example_branch_operator.py took 0.220 seconds
[2026-05-28T14:55:59.294+0000] {processor.py:186} INFO - Started process (PID=7435) to work on /home/airflow/.local/lib/python3.12/site-packages/airflow/example_dags/example_branch_operator.py
[2026-05-28T14:55:59.295+0000] {processor.py:914} INFO - Processing file /home/airflow/.local/lib/python3.12/site-packages/airflow/example_dags/example_branch_operator.py for tasks to queue
[2026-05-28T14:55:59.297+0000] {logging_mixin.py:190} INFO - [2026-05-28T14:55:59.297+0000] {dagbag.py:588} INFO - Filling up the DagBag from /home/airflow/.local/lib/python3.12/site-packages/airflow/example_dags/example_branch_operator.py
[2026-05-28T14:55:59.325+0000] {processor.py:925} INFO - DAG(s) 'example_branch_operator' retrieved from /home/airflow/.local/lib/python3.12/site-packages/airflow/example_dags/example_branch_operator.py
[2026-05-28T14:55:59.374+0000] {logging_mixin.py:190} INFO - [2026-05-28T14:55:59.374+0000] {dag.py:3239} INFO - Sync 1 DAGs
[2026-05-28T14:55:59.409+0000] {logging_mixin.py:190} INFO - [2026-05-28T14:55:59.408+0000] {dag.py:4180} INFO - Setting next_dagrun for example_branch_operator to 2026-05-27 00:00:00+00:00, run_after=2026-05-28 00:00:00+00:00
[2026-05-28T14:55:59.439+0000] {processor.py:208} INFO - Processing /home/airflow/.local/lib/python3.12/site-packages/airflow/example_dags/example_branch_operator.py took 0.153 seconds
[2026-05-28T14:56:30.059+0000] {processor.py:186} INFO - Started process (PID=7498) to work on /home/airflow/.local/lib/python3.12/site-packages/airflow/example_dags/example_branch_operator.py
[2026-05-28T14:56:30.061+0000] {processor.py:914} INFO - Processing file /home/airflow/.local/lib/python3.12/site-packages/airflow/example_dags/example_branch_operator.py for tasks to queue
[2026-05-28T14:56:30.063+0000] {logging_mixin.py:190} INFO - [2026-05-28T14:56:30.063+0000] {dagbag.py:588} INFO - Filling up the DagBag from /home/airflow/.local/lib/python3.12/site-packages/airflow/example_dags/example_branch_operator.py
[2026-05-28T14:56:30.094+0000] {processor.py:925} INFO - DAG(s) 'example_branch_operator' retrieved from /home/airflow/.local/lib/python3.12/site-packages/airflow/example_dags/example_branch_operator.py
[2026-05-28T14:56:30.149+0000] {logging_mixin.py:190} INFO - [2026-05-28T14:56:30.149+0000] {dag.py:3239} INFO - Sync 1 DAGs
[2026-05-28T14:56:30.193+0000] {logging_mixin.py:190} INFO - [2026-05-28T14:56:30.192+0000] {dag.py:4180} INFO - Setting next_dagrun for example_branch_operator to 2026-05-27 00:00:00+00:00, run_after=2026-05-28 00:00:00+00:00
[2026-05-28T14:56:30.237+0000] {processor.py:208} INFO - Processing /home/airflow/.local/lib/python3.12/site-packages/airflow/example_dags/example_branch_operator.py took 0.189 seconds
[2026-05-28T14:57:01.141+0000] {processor.py:186} INFO - Started process (PID=7561) to work on /home/airflow/.local/lib/python3.12/site-packages/airflow/example_dags/example_branch_operator.py
[2026-05-28T14:57:01.143+0000] {processor.py:914} INFO - Processing file /home/airflow/.local/lib/python3.12/site-packages/airflow/example_dags/example_branch_operator.py for tasks to queue
[2026-05-28T14:57:01.145+0000] {logging_mixin.py:190} INFO - [2026-05-28T14:57:01.145+0000] {dagbag.py:588} INFO - Filling up the DagBag from /home/airflow/.local/lib/python3.12/site-packages/airflow/example_dags/example_branch_operator.py
[2026-05-28T14:57:01.167+0000] {processor.py:925} INFO - DAG(s) 'example_branch_operator' retrieved from /home/airflow/.local/lib/python3.12/site-packages/airflow/example_dags/example_branch_operator.py
[2026-05-28T14:57:01.205+0000] {logging_mixin.py:190} INFO - [2026-05-28T14:57:01.204+0000] {dag.py:3239} INFO - Sync 1 DAGs
[2026-05-28T14:57:01.235+0000] {logging_mixin.py:190} INFO - [2026-05-28T14:57:01.235+0000] {dag.py:4180} INFO - Setting next_dagrun for example_branch_operator to 2026-05-27 00:00:00+00:00, run_after=2026-05-28 00:00:00+00:00
[2026-05-28T14:57:01.272+0000] {processor.py:208} INFO - Processing /home/airflow/.local/lib/python3.12/site-packages/airflow/example_dags/example_branch_operator.py took 0.139 seconds
[2026-05-28T14:57:33.877+0000] {processor.py:186} INFO - Started process (PID=7624) to work on /home/airflow/.local/lib/python3.12/site-packages/airflow/example_dags/example_branch_operator.py
[2026-05-28T14:57:33.879+0000] {processor.py:914} INFO - Processing file /home/airflow/.local/lib/python3.12/site-packages/airflow/example_dags/example_branch_operator.py for tasks to queue
[2026-05-28T14:57:33.881+0000] {logging_mixin.py:190} INFO - [2026-05-28T14:57:33.881+0000] {dagbag.py:588} INFO - Filling up the DagBag from /home/airflow/.local/lib/python3.12/site-packages/airflow/example_dags/example_branch_operator.py
[2026-05-28T14:57:33.911+0000] {processor.py:925} INFO - DAG(s) 'example_branch_operator' retrieved from /home/airflow/.local/lib/python3.12/site-packages/airflow/example_dags/example_branch_operator.py
[2026-05-28T14:57:33.959+0000] {logging_mixin.py:190} INFO - [2026-05-28T14:57:33.958+0000] {dag.py:3239} INFO - Sync 1 DAGs
[2026-05-28T14:57:33.994+0000] {logging_mixin.py:190} INFO - [2026-05-28T14:57:33.993+0000] {dag.py:4180} INFO - Setting next_dagrun for example_branch_operator to 2026-05-27 00:00:00+00:00, run_after=2026-05-28 00:00:00+00:00
[2026-05-28T14:57:34.033+0000] {processor.py:208} INFO - Processing /home/airflow/.local/lib/python3.12/site-packages/airflow/example_dags/example_branch_operator.py took 0.163 seconds
[2026-05-28T14:58:05.098+0000] {processor.py:186} INFO - Started process (PID=7687) to work on /home/airflow/.local/lib/python3.12/site-packages/airflow/example_dags/example_branch_operator.py
[2026-05-28T14:58:05.100+0000] {processor.py:914} INFO - Processing file /home/airflow/.local/lib/python3.12/site-packages/airflow/example_dags/example_branch_operator.py for tasks to queue
[2026-05-28T14:58:05.106+0000] {logging_mixin.py:190} INFO - [2026-05-28T14:58:05.105+0000] {dagbag.py:588} INFO - Filling up the DagBag from /home/airflow/.local/lib/python3.12/site-packages/airflow/example_dags/example_branch_operator.py
[2026-05-28T14:58:05.137+0000] {processor.py:925} INFO - DAG(s) 'example_branch_operator' retrieved from /home/airflow/.local/lib/python3.12/site-packages/airflow/example_dags/example_branch_operator.py
[2026-05-28T14:58:05.196+0000] {logging_mixin.py:190} INFO - [2026-05-28T14:58:05.195+0000] {dag.py:3239} INFO - Sync 1 DAGs
[2026-05-28T14:58:05.236+0000] {logging_mixin.py:190} INFO - [2026-05-28T14:58:05.236+0000] {dag.py:4180} INFO - Setting next_dagrun for example_branch_operator to 2026-05-27 00:00:00+00:00, run_after=2026-05-28 00:00:00+00:00
[2026-05-28T14:58:05.282+0000] {processor.py:208} INFO - Processing /home/airflow/.local/lib/python3.12/site-packages/airflow/example_dags/example_branch_operator.py took 0.195 seconds
[2026-05-28T14:58:35.923+0000] {processor.py:186} INFO - Started process (PID=7751) to work on /home/airflow/.local/lib/python3.12/site-packages/airflow/example_dags/example_branch_operator.py
[2026-05-28T14:58:35.925+0000] {processor.py:914} INFO - Processing file /home/airflow/.local/lib/python3.12/site-packages/airflow/example_dags/example_branch_operator.py for tasks to queue
[2026-05-28T14:58:35.927+0000] {logging_mixin.py:190} INFO - [2026-05-28T14:58:35.927+0000] {dagbag.py:588} INFO - Filling up the DagBag from /home/airflow/.local/lib/python3.12/site-packages/airflow/example_dags/example_branch_operator.py
[2026-05-28T14:58:35.956+0000] {processor.py:925} INFO - DAG(s) 'example_branch_operator' retrieved from /home/airflow/.local/lib/python3.12/site-packages/airflow/example_dags/example_branch_operator.py
[2026-05-28T14:58:36.001+0000] {logging_mixin.py:190} INFO - [2026-05-28T14:58:36.000+0000] {dag.py:3239} INFO - Sync 1 DAGs
[2026-05-28T14:58:36.039+0000] {logging_mixin.py:190} INFO - [2026-05-28T14:58:36.039+0000] {dag.py:4180} INFO - Setting next_dagrun for example_branch_operator to 2026-05-27 00:00:00+00:00, run_after=2026-05-28 00:00:00+00:00
[2026-05-28T14:58:36.068+0000] {processor.py:208} INFO - Processing /home/airflow/.local/lib/python3.12/site-packages/airflow/example_dags/example_branch_operator.py took 0.155 seconds
[2026-05-28T14:59:11.734+0000] {processor.py:186} INFO - Started process (PID=7812) to work on /home/airflow/.local/lib/python3.12/site-packages/airflow/example_dags/example_branch_operator.py
[2026-05-28T14:59:11.736+0000] {processor.py:914} INFO - Processing file /home/airflow/.local/lib/python3.12/site-packages/airflow/example_dags/example_branch_operator.py for tasks to queue
[2026-05-28T14:59:11.740+0000] {logging_mixin.py:190} INFO - [2026-05-28T14:59:11.739+0000] {dagbag.py:588} INFO - Filling up the DagBag from /home/airflow/.local/lib/python3.12/site-packages/airflow/example_dags/example_branch_operator.py
[2026-05-28T14:59:11.770+0000] {processor.py:925} INFO - DAG(s) 'example_branch_operator' retrieved from /home/airflow/.local/lib/python3.12/site-packages/airflow/example_dags/example_branch_operator.py
[2026-05-28T14:59:11.817+0000] {logging_mixin.py:190} INFO - [2026-05-28T14:59:11.816+0000] {dag.py:3239} INFO - Sync 1 DAGs
[2026-05-28T14:59:11.851+0000] {logging_mixin.py:190} INFO - [2026-05-28T14:59:11.850+0000] {dag.py:4180} INFO - Setting next_dagrun for example_branch_operator to 2026-05-27 00:00:00+00:00, run_after=2026-05-28 00:00:00+00:00
[2026-05-28T14:59:11.880+0000] {processor.py:208} INFO - Processing /home/airflow/.local/lib/python3.12/site-packages/airflow/example_dags/example_branch_operator.py took 0.159 seconds
[2026-05-28T14:59:51.046+0000] {processor.py:186} INFO - Started process (PID=7884) to work on /home/airflow/.local/lib/python3.12/site-packages/airflow/example_dags/example_branch_operator.py
[2026-05-28T14:59:51.048+0000] {processor.py:914} INFO - Processing file /home/airflow/.local/lib/python3.12/site-packages/airflow/example_dags/example_branch_operator.py for tasks to queue
[2026-05-28T14:59:51.050+0000] {logging_mixin.py:190} INFO - [2026-05-28T14:59:51.050+0000] {dagbag.py:588} INFO - Filling up the DagBag from /home/airflow/.local/lib/python3.12/site-packages/airflow/example_dags/example_branch_operator.py
[2026-05-28T14:59:51.078+0000] {processor.py:925} INFO - DAG(s) 'example_branch_operator' retrieved from /home/airflow/.local/lib/python3.12/site-packages/airflow/example_dags/example_branch_operator.py
[2026-05-28T14:59:51.124+0000] {logging_mixin.py:190} INFO - [2026-05-28T14:59:51.124+0000] {dag.py:3239} INFO - Sync 1 DAGs
[2026-05-28T14:59:51.158+0000] {logging_mixin.py:190} INFO - [2026-05-28T14:59:51.157+0000] {dag.py:4180} INFO - Setting next_dagrun for example_branch_operator to 2026-05-27 00:00:00+00:00, run_after=2026-05-28 00:00:00+00:00
[2026-05-28T14:59:51.192+0000] {processor.py:208} INFO - Processing /home/airflow/.local/lib/python3.12/site-packages/airflow/example_dags/example_branch_operator.py took 0.155 seconds
[2026-05-28T15:00:27.659+0000] {processor.py:186} INFO - Started process (PID=7948) to work on /home/airflow/.local/lib/python3.12/site-packages/airflow/example_dags/example_branch_operator.py
[2026-05-28T15:00:27.661+0000] {processor.py:914} INFO - Processing file /home/airflow/.local/lib/python3.12/site-packages/airflow/example_dags/example_branch_operator.py for tasks to queue
[2026-05-28T15:00:27.663+0000] {logging_mixin.py:190} INFO - [2026-05-28T15:00:27.663+0000] {dagbag.py:588} INFO - Filling up the DagBag from /home/airflow/.local/lib/python3.12/site-packages/airflow/example_dags/example_branch_operator.py
[2026-05-28T15:00:27.691+0000] {processor.py:925} INFO - DAG(s) 'example_branch_operator' retrieved from /home/airflow/.local/lib/python3.12/site-packages/airflow/example_dags/example_branch_operator.py
[2026-05-28T15:00:27.744+0000] {logging_mixin.py:190} INFO - [2026-05-28T15:00:27.744+0000] {dag.py:3239} INFO - Sync 1 DAGs
[2026-05-28T15:00:27.780+0000] {logging_mixin.py:190} INFO - [2026-05-28T15:00:27.780+0000] {dag.py:4180} INFO - Setting next_dagrun for example_branch_operator to 2026-05-27 00:00:00+00:00, run_after=2026-05-28 00:00:00+00:00
[2026-05-28T15:00:27.808+0000] {processor.py:208} INFO - Processing /home/airflow/.local/lib/python3.12/site-packages/airflow/example_dags/example_branch_operator.py took 0.159 seconds
[2026-05-28T15:00:58.727+0000] {processor.py:186} INFO - Started process (PID=8011) to work on /home/airflow/.local/lib/python3.12/site-packages/airflow/example_dags/example_branch_operator.py
[2026-05-28T15:00:58.729+0000] {processor.py:914} INFO - Processing file /home/airflow/.local/lib/python3.12/site-packages/airflow/example_dags/example_branch_operator.py for tasks to queue
[2026-05-28T15:00:58.732+0000] {logging_mixin.py:190} INFO - [2026-05-28T15:00:58.731+0000] {dagbag.py:588} INFO - Filling up the DagBag from /home/airflow/.local/lib/python3.12/site-packages/airflow/example_dags/example_branch_operator.py
[2026-05-28T15:00:58.763+0000] {processor.py:925} INFO - DAG(s) 'example_branch_operator' retrieved from /home/airflow/.local/lib/python3.12/site-packages/airflow/example_dags/example_branch_operator.py
[2026-05-28T15:00:58.812+0000] {logging_mixin.py:190} INFO - [2026-05-28T15:00:58.812+0000] {dag.py:3239} INFO - Sync 1 DAGs
[2026-05-28T15:00:58.850+0000] {logging_mixin.py:190} INFO - [2026-05-28T15:00:58.850+0000] {dag.py:4180} INFO - Setting next_dagrun for example_branch_operator to 2026-05-27 00:00:00+00:00, run_after=2026-05-28 00:00:00+00:00
[2026-05-28T15:00:58.889+0000] {processor.py:208} INFO - Processing /home/airflow/.local/lib/python3.12/site-packages/airflow/example_dags/example_branch_operator.py took 0.173 seconds
[2026-05-28T15:01:31.848+0000] {processor.py:186} INFO - Started process (PID=8076) to work on /home/airflow/.local/lib/python3.12/site-packages/airflow/example_dags/example_branch_operator.py
[2026-05-28T15:01:31.850+0000] {processor.py:914} INFO - Processing file /home/airflow/.local/lib/python3.12/site-packages/airflow/example_dags/example_branch_operator.py for tasks to queue
[2026-05-28T15:01:31.852+0000] {logging_mixin.py:190} INFO - [2026-05-28T15:01:31.851+0000] {dagbag.py:588} INFO - Filling up the DagBag from /home/airflow/.local/lib/python3.12/site-packages/airflow/example_dags/example_branch_operator.py
[2026-05-28T15:01:31.879+0000] {processor.py:925} INFO - DAG(s) 'example_branch_operator' retrieved from /home/airflow/.local/lib/python3.12/site-packages/airflow/example_dags/example_branch_operator.py
[2026-05-28T15:01:31.917+0000] {logging_mixin.py:190} INFO - [2026-05-28T15:01:31.917+0000] {dag.py:3239} INFO - Sync 1 DAGs
[2026-05-28T15:01:31.952+0000] {logging_mixin.py:190} INFO - [2026-05-28T15:01:31.951+0000] {dag.py:4180} INFO - Setting next_dagrun for example_branch_operator to 2026-05-27 00:00:00+00:00, run_after=2026-05-28 00:00:00+00:00
[2026-05-28T15:01:31.996+0000] {processor.py:208} INFO - Processing /home/airflow/.local/lib/python3.12/site-packages/airflow/example_dags/example_branch_operator.py took 0.156 seconds
[2026-05-28T15:02:02.099+0000] {processor.py:186} INFO - Started process (PID=8139) to work on /home/airflow/.local/lib/python3.12/site-packages/airflow/example_dags/example_branch_operator.py
[2026-05-28T15:02:02.101+0000] {processor.py:914} INFO - Processing file /home/airflow/.local/lib/python3.12/site-packages/airflow/example_dags/example_branch_operator.py for tasks to queue
[2026-05-28T15:02:02.104+0000] {logging_mixin.py:190} INFO - [2026-05-28T15:02:02.103+0000] {dagbag.py:588} INFO - Filling up the DagBag from /home/airflow/.local/lib/python3.12/site-packages/airflow/example_dags/example_branch_operator.py
[2026-05-28T15:02:02.128+0000] {processor.py:925} INFO - DAG(s) 'example_branch_operator' retrieved from /home/airflow/.local/lib/python3.12/site-packages/airflow/example_dags/example_branch_operator.py
[2026-05-28T15:02:02.170+0000] {logging_mixin.py:190} INFO - [2026-05-28T15:02:02.169+0000] {dag.py:3239} INFO - Sync 1 DAGs
[2026-05-28T15:02:02.200+0000] {logging_mixin.py:190} INFO - [2026-05-28T15:02:02.199+0000] {dag.py:4180} INFO - Setting next_dagrun for example_branch_operator to 2026-05-27 00:00:00+00:00, run_after=2026-05-28 00:00:00+00:00
[2026-05-28T15:02:02.233+0000] {processor.py:208} INFO - Processing /home/airflow/.local/lib/python3.12/site-packages/airflow/example_dags/example_branch_operator.py took 0.142 seconds
[2026-05-28T15:02:32.608+0000] {processor.py:186} INFO - Started process (PID=8202) to work on /home/airflow/.local/lib/python3.12/site-packages/airflow/example_dags/example_branch_operator.py
[2026-05-28T15:02:32.611+0000] {processor.py:914} INFO - Processing file /home/airflow/.local/lib/python3.12/site-packages/airflow/example_dags/example_branch_operator.py for tasks to queue
[2026-05-28T15:02:32.618+0000] {logging_mixin.py:190} INFO - [2026-05-28T15:02:32.617+0000] {dagbag.py:588} INFO - Filling up the DagBag from /home/airflow/.local/lib/python3.12/site-packages/airflow/example_dags/example_branch_operator.py
[2026-05-28T15:02:32.657+0000] {processor.py:925} INFO - DAG(s) 'example_branch_operator' retrieved from /home/airflow/.local/lib/python3.12/site-packages/airflow/example_dags/example_branch_operator.py
[2026-05-28T15:02:32.702+0000] {logging_mixin.py:190} INFO - [2026-05-28T15:02:32.702+0000] {dag.py:3239} INFO - Sync 1 DAGs
[2026-05-28T15:02:32.735+0000] {logging_mixin.py:190} INFO - [2026-05-28T15:02:32.735+0000] {dag.py:4180} INFO - Setting next_dagrun for example_branch_operator to 2026-05-27 00:00:00+00:00, run_after=2026-05-28 00:00:00+00:00
[2026-05-28T15:02:32.765+0000] {processor.py:208} INFO - Processing /home/airflow/.local/lib/python3.12/site-packages/airflow/example_dags/example_branch_operator.py took 0.168 seconds
[2026-05-28T15:03:03.720+0000] {processor.py:186} INFO - Started process (PID=8266) to work on /home/airflow/.local/lib/python3.12/site-packages/airflow/example_dags/example_branch_operator.py
[2026-05-28T15:03:03.722+0000] {processor.py:914} INFO - Processing file /home/airflow/.local/lib/python3.12/site-packages/airflow/example_dags/example_branch_operator.py for tasks to queue
[2026-05-28T15:03:03.724+0000] {logging_mixin.py:190} INFO - [2026-05-28T15:03:03.723+0000] {dagbag.py:588} INFO - Filling up the DagBag from /home/airflow/.local/lib/python3.12/site-packages/airflow/example_dags/example_branch_operator.py
[2026-05-28T15:03:03.747+0000] {processor.py:925} INFO - DAG(s) 'example_branch_operator' retrieved from /home/airflow/.local/lib/python3.12/site-packages/airflow/example_dags/example_branch_operator.py
[2026-05-28T15:03:03.789+0000] {logging_mixin.py:190} INFO - [2026-05-28T15:03:03.789+0000] {dag.py:3239} INFO - Sync 1 DAGs
[2026-05-28T15:03:03.822+0000] {logging_mixin.py:190} INFO - [2026-05-28T15:03:03.822+0000] {dag.py:4180} INFO - Setting next_dagrun for example_branch_operator to 2026-05-27 00:00:00+00:00, run_after=2026-05-28 00:00:00+00:00
[2026-05-28T15:03:03.860+0000] {processor.py:208} INFO - Processing /home/airflow/.local/lib/python3.12/site-packages/airflow/example_dags/example_branch_operator.py took 0.147 seconds
[2026-05-28T15:03:37.340+0000] {processor.py:186} INFO - Started process (PID=8331) to work on /home/airflow/.local/lib/python3.12/site-packages/airflow/example_dags/example_branch_operator.py
[2026-05-28T15:03:37.341+0000] {processor.py:914} INFO - Processing file /home/airflow/.local/lib/python3.12/site-packages/airflow/example_dags/example_branch_operator.py for tasks to queue
[2026-05-28T15:03:37.343+0000] {logging_mixin.py:190} INFO - [2026-05-28T15:03:37.343+0000] {dagbag.py:588} INFO - Filling up the DagBag from /home/airflow/.local/lib/python3.12/site-packages/airflow/example_dags/example_branch_operator.py
[2026-05-28T15:03:37.365+0000] {processor.py:925} INFO - DAG(s) 'example_branch_operator' retrieved from /home/airflow/.local/lib/python3.12/site-packages/airflow/example_dags/example_branch_operator.py
[2026-05-28T15:03:37.407+0000] {logging_mixin.py:190} INFO - [2026-05-28T15:03:37.407+0000] {dag.py:3239} INFO - Sync 1 DAGs
[2026-05-28T15:03:37.441+0000] {logging_mixin.py:190} INFO - [2026-05-28T15:03:37.440+0000] {dag.py:4180} INFO - Setting next_dagrun for example_branch_operator to 2026-05-27 00:00:00+00:00, run_after=2026-05-28 00:00:00+00:00
[2026-05-28T15:03:37.470+0000] {processor.py:208} INFO - Processing /home/airflow/.local/lib/python3.12/site-packages/airflow/example_dags/example_branch_operator.py took 0.138 seconds
[2026-05-28T15:04:08.706+0000] {processor.py:186} INFO - Started process (PID=8394) to work on /home/airflow/.local/lib/python3.12/site-packages/airflow/example_dags/example_branch_operator.py
[2026-05-28T15:04:08.708+0000] {processor.py:914} INFO - Processing file /home/airflow/.local/lib/python3.12/site-packages/airflow/example_dags/example_branch_operator.py for tasks to queue
[2026-05-28T15:04:08.711+0000] {logging_mixin.py:190} INFO - [2026-05-28T15:04:08.711+0000] {dagbag.py:588} INFO - Filling up the DagBag from /home/airflow/.local/lib/python3.12/site-packages/airflow/example_dags/example_branch_operator.py
[2026-05-28T15:04:08.745+0000] {processor.py:925} INFO - DAG(s) 'example_branch_operator' retrieved from /home/airflow/.local/lib/python3.12/site-packages/airflow/example_dags/example_branch_operator.py
[2026-05-28T15:04:08.799+0000] {logging_mixin.py:190} INFO - [2026-05-28T15:04:08.798+0000] {dag.py:3239} INFO - Sync 1 DAGs
[2026-05-28T15:04:08.839+0000] {logging_mixin.py:190} INFO - [2026-05-28T15:04:08.839+0000] {dag.py:4180} INFO - Setting next_dagrun for example_branch_operator to 2026-05-27 00:00:00+00:00, run_after=2026-05-28 00:00:00+00:00
[2026-05-28T15:04:08.881+0000] {processor.py:208} INFO - Processing /home/airflow/.local/lib/python3.12/site-packages/airflow/example_dags/example_branch_operator.py took 0.190 seconds
[2026-05-28T15:04:41.303+0000] {processor.py:186} INFO - Started process (PID=8459) to work on /home/airflow/.local/lib/python3.12/site-packages/airflow/example_dags/example_branch_operator.py
[2026-05-28T15:04:41.305+0000] {processor.py:914} INFO - Processing file /home/airflow/.local/lib/python3.12/site-packages/airflow/example_dags/example_branch_operator.py for tasks to queue
[2026-05-28T15:04:41.307+0000] {logging_mixin.py:190} INFO - [2026-05-28T15:04:41.306+0000] {dagbag.py:588} INFO - Filling up the DagBag from /home/airflow/.local/lib/python3.12/site-packages/airflow/example_dags/example_branch_operator.py
[2026-05-28T15:04:41.335+0000] {processor.py:925} INFO - DAG(s) 'example_branch_operator' retrieved from /home/airflow/.local/lib/python3.12/site-packages/airflow/example_dags/example_branch_operator.py
[2026-05-28T15:04:41.387+0000] {logging_mixin.py:190} INFO - [2026-05-28T15:04:41.387+0000] {dag.py:3239} INFO - Sync 1 DAGs
[2026-05-28T15:04:41.420+0000] {logging_mixin.py:190} INFO - [2026-05-28T15:04:41.420+0000] {dag.py:4180} INFO - Setting next_dagrun for example_branch_operator to 2026-05-27 00:00:00+00:00, run_after=2026-05-28 00:00:00+00:00
[2026-05-28T15:04:41.468+0000] {processor.py:208} INFO - Processing /home/airflow/.local/lib/python3.12/site-packages/airflow/example_dags/example_branch_operator.py took 0.174 seconds
[2026-05-28T15:05:19.706+0000] {processor.py:186} INFO - Started process (PID=8525) to work on /home/airflow/.local/lib/python3.12/site-packages/airflow/example_dags/example_branch_operator.py
[2026-05-28T15:05:19.708+0000] {processor.py:914} INFO - Processing file /home/airflow/.local/lib/python3.12/site-packages/airflow/example_dags/example_branch_operator.py for tasks to queue
[2026-05-28T15:05:19.711+0000] {logging_mixin.py:190} INFO - [2026-05-28T15:05:19.710+0000] {dagbag.py:588} INFO - Filling up the DagBag from /home/airflow/.local/lib/python3.12/site-packages/airflow/example_dags/example_branch_operator.py
[2026-05-28T15:05:19.746+0000] {processor.py:925} INFO - DAG(s) 'example_branch_operator' retrieved from /home/airflow/.local/lib/python3.12/site-packages/airflow/example_dags/example_branch_operator.py
[2026-05-28T15:05:19.815+0000] {logging_mixin.py:190} INFO - [2026-05-28T15:05:19.814+0000] {dag.py:3239} INFO - Sync 1 DAGs
[2026-05-28T15:05:19.859+0000] {logging_mixin.py:190} INFO - [2026-05-28T15:05:19.858+0000] {dag.py:4180} INFO - Setting next_dagrun for example_branch_operator to 2026-05-27 00:00:00+00:00, run_after=2026-05-28 00:00:00+00:00
[2026-05-28T15:05:19.906+0000] {processor.py:208} INFO - Processing /home/airflow/.local/lib/python3.12/site-packages/airflow/example_dags/example_branch_operator.py took 0.210 seconds
[2026-05-28T15:05:50.467+0000] {processor.py:186} INFO - Started process (PID=8588) to work on /home/airflow/.local/lib/python3.12/site-packages/airflow/example_dags/example_branch_operator.py
[2026-05-28T15:05:50.469+0000] {processor.py:914} INFO - Processing file /home/airflow/.local/lib/python3.12/site-packages/airflow/example_dags/example_branch_operator.py for tasks to queue
[2026-05-28T15:05:50.472+0000] {logging_mixin.py:190} INFO - [2026-05-28T15:05:50.471+0000] {dagbag.py:588} INFO - Filling up the DagBag from /home/airflow/.local/lib/python3.12/site-packages/airflow/example_dags/example_branch_operator.py
[2026-05-28T15:05:50.498+0000] {processor.py:925} INFO - DAG(s) 'example_branch_operator' retrieved from /home/airflow/.local/lib/python3.12/site-packages/airflow/example_dags/example_branch_operator.py
[2026-05-28T15:05:50.542+0000] {logging_mixin.py:190} INFO - [2026-05-28T15:05:50.542+0000] {dag.py:3239} INFO - Sync 1 DAGs
[2026-05-28T15:05:50.575+0000] {logging_mixin.py:190} INFO - [2026-05-28T15:05:50.574+0000] {dag.py:4180} INFO - Setting next_dagrun for example_branch_operator to 2026-05-27 00:00:00+00:00, run_after=2026-05-28 00:00:00+00:00
[2026-05-28T15:05:50.617+0000] {processor.py:208} INFO - Processing /home/airflow/.local/lib/python3.12/site-packages/airflow/example_dags/example_branch_operator.py took 0.158 seconds
[2026-05-28T15:06:21.533+0000] {processor.py:186} INFO - Started process (PID=8658) to work on /home/airflow/.local/lib/python3.12/site-packages/airflow/example_dags/example_branch_operator.py
[2026-05-28T15:06:21.534+0000] {processor.py:914} INFO - Processing file /home/airflow/.local/lib/python3.12/site-packages/airflow/example_dags/example_branch_operator.py for tasks to queue
[2026-05-28T15:06:21.537+0000] {logging_mixin.py:190} INFO - [2026-05-28T15:06:21.536+0000] {dagbag.py:588} INFO - Filling up the DagBag from /home/airflow/.local/lib/python3.12/site-packages/airflow/example_dags/example_branch_operator.py
[2026-05-28T15:06:21.567+0000] {processor.py:925} INFO - DAG(s) 'example_branch_operator' retrieved from /home/airflow/.local/lib/python3.12/site-packages/airflow/example_dags/example_branch_operator.py
[2026-05-28T15:06:21.615+0000] {logging_mixin.py:190} INFO - [2026-05-28T15:06:21.614+0000] {dag.py:3239} INFO - Sync 1 DAGs
[2026-05-28T15:06:21.657+0000] {logging_mixin.py:190} INFO - [2026-05-28T15:06:21.657+0000] {dag.py:4180} INFO - Setting next_dagrun for example_branch_operator to 2026-05-27 00:00:00+00:00, run_after=2026-05-28 00:00:00+00:00
[2026-05-28T15:06:21.701+0000] {processor.py:208} INFO - Processing /home/airflow/.local/lib/python3.12/site-packages/airflow/example_dags/example_branch_operator.py took 0.176 seconds
[2026-05-28T15:06:53.434+0000] {processor.py:186} INFO - Started process (PID=8713) to work on /home/airflow/.local/lib/python3.12/site-packages/airflow/example_dags/example_branch_operator.py
[2026-05-28T15:06:53.435+0000] {processor.py:914} INFO - Processing file /home/airflow/.local/lib/python3.12/site-packages/airflow/example_dags/example_branch_operator.py for tasks to queue
[2026-05-28T15:06:53.438+0000] {logging_mixin.py:190} INFO - [2026-05-28T15:06:53.437+0000] {dagbag.py:588} INFO - Filling up the DagBag from /home/airflow/.local/lib/python3.12/site-packages/airflow/example_dags/example_branch_operator.py
[2026-05-28T15:06:53.470+0000] {processor.py:925} INFO - DAG(s) 'example_branch_operator' retrieved from /home/airflow/.local/lib/python3.12/site-packages/airflow/example_dags/example_branch_operator.py
[2026-05-28T15:06:53.519+0000] {logging_mixin.py:190} INFO - [2026-05-28T15:06:53.518+0000] {dag.py:3239} INFO - Sync 1 DAGs
[2026-05-28T15:06:53.555+0000] {logging_mixin.py:190} INFO - [2026-05-28T15:06:53.554+0000] {dag.py:4180} INFO - Setting next_dagrun for example_branch_operator to 2026-05-27 00:00:00+00:00, run_after=2026-05-28 00:00:00+00:00
[2026-05-28T15:06:53.589+0000] {processor.py:208} INFO - Processing /home/airflow/.local/lib/python3.12/site-packages/airflow/example_dags/example_branch_operator.py took 0.165 seconds
[2026-05-28T15:07:24.596+0000] {processor.py:186} INFO - Started process (PID=8777) to work on /home/airflow/.local/lib/python3.12/site-packages/airflow/example_dags/example_branch_operator.py
[2026-05-28T15:07:24.598+0000] {processor.py:914} INFO - Processing file /home/airflow/.local/lib/python3.12/site-packages/airflow/example_dags/example_branch_operator.py for tasks to queue
[2026-05-28T15:07:24.600+0000] {logging_mixin.py:190} INFO - [2026-05-28T15:07:24.600+0000] {dagbag.py:588} INFO - Filling up the DagBag from /home/airflow/.local/lib/python3.12/site-packages/airflow/example_dags/example_branch_operator.py
[2026-05-28T15:07:24.628+0000] {processor.py:925} INFO - DAG(s) 'example_branch_operator' retrieved from /home/airflow/.local/lib/python3.12/site-packages/airflow/example_dags/example_branch_operator.py
[2026-05-28T15:07:24.702+0000] {logging_mixin.py:190} INFO - [2026-05-28T15:07:24.701+0000] {dag.py:3239} INFO - Sync 1 DAGs
[2026-05-28T15:07:24.760+0000] {logging_mixin.py:190} INFO - [2026-05-28T15:07:24.759+0000] {dag.py:4180} INFO - Setting next_dagrun for example_branch_operator to 2026-05-27 00:00:00+00:00, run_after=2026-05-28 00:00:00+00:00
[2026-05-28T15:07:24.810+0000] {processor.py:208} INFO - Processing /home/airflow/.local/lib/python3.12/site-packages/airflow/example_dags/example_branch_operator.py took 0.225 seconds
[2026-05-28T15:07:57.565+0000] {processor.py:186} INFO - Started process (PID=8838) to work on /home/airflow/.local/lib/python3.12/site-packages/airflow/example_dags/example_branch_operator.py
[2026-05-28T15:07:57.567+0000] {processor.py:914} INFO - Processing file /home/airflow/.local/lib/python3.12/site-packages/airflow/example_dags/example_branch_operator.py for tasks to queue
[2026-05-28T15:07:57.570+0000] {logging_mixin.py:190} INFO - [2026-05-28T15:07:57.569+0000] {dagbag.py:588} INFO - Filling up the DagBag from /home/airflow/.local/lib/python3.12/site-packages/airflow/example_dags/example_branch_operator.py
[2026-05-28T15:07:57.613+0000] {processor.py:925} INFO - DAG(s) 'example_branch_operator' retrieved from /home/airflow/.local/lib/python3.12/site-packages/airflow/example_dags/example_branch_operator.py
[2026-05-28T15:07:57.664+0000] {logging_mixin.py:190} INFO - [2026-05-28T15:07:57.664+0000] {dag.py:3239} INFO - Sync 1 DAGs
[2026-05-28T15:07:57.700+0000] {logging_mixin.py:190} INFO - [2026-05-28T15:07:57.700+0000] {dag.py:4180} INFO - Setting next_dagrun for example_branch_operator to 2026-05-27 00:00:00+00:00, run_after=2026-05-28 00:00:00+00:00
[2026-05-28T15:07:57.730+0000] {processor.py:208} INFO - Processing /home/airflow/.local/lib/python3.12/site-packages/airflow/example_dags/example_branch_operator.py took 0.173 seconds
[2026-05-28T15:08:28.992+0000] {processor.py:186} INFO - Started process (PID=8901) to work on /home/airflow/.local/lib/python3.12/site-packages/airflow/example_dags/example_branch_operator.py
[2026-05-28T15:08:28.994+0000] {processor.py:914} INFO - Processing file /home/airflow/.local/lib/python3.12/site-packages/airflow/example_dags/example_branch_operator.py for tasks to queue
[2026-05-28T15:08:28.997+0000] {logging_mixin.py:190} INFO - [2026-05-28T15:08:28.996+0000] {dagbag.py:588} INFO - Filling up the DagBag from /home/airflow/.local/lib/python3.12/site-packages/airflow/example_dags/example_branch_operator.py
[2026-05-28T15:08:29.025+0000] {processor.py:925} INFO - DAG(s) 'example_branch_operator' retrieved from /home/airflow/.local/lib/python3.12/site-packages/airflow/example_dags/example_branch_operator.py
[2026-05-28T15:08:29.069+0000] {logging_mixin.py:190} INFO - [2026-05-28T15:08:29.069+0000] {dag.py:3239} INFO - Sync 1 DAGs
[2026-05-28T15:08:29.102+0000] {logging_mixin.py:190} INFO - [2026-05-28T15:08:29.102+0000] {dag.py:4180} INFO - Setting next_dagrun for example_branch_operator to 2026-05-27 00:00:00+00:00, run_after=2026-05-28 00:00:00+00:00
[2026-05-28T15:08:29.140+0000] {processor.py:208} INFO - Processing /home/airflow/.local/lib/python3.12/site-packages/airflow/example_dags/example_branch_operator.py took 0.155 seconds
[2026-05-28T15:08:59.294+0000] {processor.py:186} INFO - Started process (PID=8964) to work on /home/airflow/.local/lib/python3.12/site-packages/airflow/example_dags/example_branch_operator.py
[2026-05-28T15:08:59.296+0000] {processor.py:914} INFO - Processing file /home/airflow/.local/lib/python3.12/site-packages/airflow/example_dags/example_branch_operator.py for tasks to queue
[2026-05-28T15:08:59.299+0000] {logging_mixin.py:190} INFO - [2026-05-28T15:08:59.298+0000] {dagbag.py:588} INFO - Filling up the DagBag from /home/airflow/.local/lib/python3.12/site-packages/airflow/example_dags/example_branch_operator.py
[2026-05-28T15:08:59.325+0000] {processor.py:925} INFO - DAG(s) 'example_branch_operator' retrieved from /home/airflow/.local/lib/python3.12/site-packages/airflow/example_dags/example_branch_operator.py
[2026-05-28T15:08:59.370+0000] {logging_mixin.py:190} INFO - [2026-05-28T15:08:59.370+0000] {dag.py:3239} INFO - Sync 1 DAGs
[2026-05-28T15:08:59.410+0000] {logging_mixin.py:190} INFO - [2026-05-28T15:08:59.410+0000] {dag.py:4180} INFO - Setting next_dagrun for example_branch_operator to 2026-05-27 00:00:00+00:00, run_after=2026-05-28 00:00:00+00:00
[2026-05-28T15:08:59.454+0000] {processor.py:208} INFO - Processing /home/airflow/.local/lib/python3.12/site-packages/airflow/example_dags/example_branch_operator.py took 0.168 seconds
[2026-05-28T15:09:30.173+0000] {processor.py:186} INFO - Started process (PID=9027) to work on /home/airflow/.local/lib/python3.12/site-packages/airflow/example_dags/example_branch_operator.py
[2026-05-28T15:09:30.175+0000] {processor.py:914} INFO - Processing file /home/airflow/.local/lib/python3.12/site-packages/airflow/example_dags/example_branch_operator.py for tasks to queue
[2026-05-28T15:09:30.178+0000] {logging_mixin.py:190} INFO - [2026-05-28T15:09:30.177+0000] {dagbag.py:588} INFO - Filling up the DagBag from /home/airflow/.local/lib/python3.12/site-packages/airflow/example_dags/example_branch_operator.py
[2026-05-28T15:09:30.212+0000] {processor.py:925} INFO - DAG(s) 'example_branch_operator' retrieved from /home/airflow/.local/lib/python3.12/site-packages/airflow/example_dags/example_branch_operator.py
[2026-05-28T15:09:30.279+0000] {logging_mixin.py:190} INFO - [2026-05-28T15:09:30.279+0000] {dag.py:3239} INFO - Sync 1 DAGs
[2026-05-28T15:09:30.329+0000] {logging_mixin.py:190} INFO - [2026-05-28T15:09:30.329+0000] {dag.py:4180} INFO - Setting next_dagrun for example_branch_operator to 2026-05-27 00:00:00+00:00, run_after=2026-05-28 00:00:00+00:00
[2026-05-28T15:09:30.362+0000] {processor.py:208} INFO - Processing /home/airflow/.local/lib/python3.12/site-packages/airflow/example_dags/example_branch_operator.py took 0.201 seconds
[2026-05-28T15:10:04.471+0000] {processor.py:186} INFO - Started process (PID=9089) to work on /home/airflow/.local/lib/python3.12/site-packages/airflow/example_dags/example_branch_operator.py
[2026-05-28T15:10:04.473+0000] {processor.py:914} INFO - Processing file /home/airflow/.local/lib/python3.12/site-packages/airflow/example_dags/example_branch_operator.py for tasks to queue
[2026-05-28T15:10:04.475+0000] {logging_mixin.py:190} INFO - [2026-05-28T15:10:04.475+0000] {dagbag.py:588} INFO - Filling up the DagBag from /home/airflow/.local/lib/python3.12/site-packages/airflow/example_dags/example_branch_operator.py
[2026-05-28T15:10:04.500+0000] {processor.py:925} INFO - DAG(s) 'example_branch_operator' retrieved from /home/airflow/.local/lib/python3.12/site-packages/airflow/example_dags/example_branch_operator.py
[2026-05-28T15:10:04.543+0000] {logging_mixin.py:190} INFO - [2026-05-28T15:10:04.543+0000] {dag.py:3239} INFO - Sync 1 DAGs
[2026-05-28T15:10:04.578+0000] {logging_mixin.py:190} INFO - [2026-05-28T15:10:04.578+0000] {dag.py:4180} INFO - Setting next_dagrun for example_branch_operator to 2026-05-27 00:00:00+00:00, run_after=2026-05-28 00:00:00+00:00
[2026-05-28T15:10:04.613+0000] {processor.py:208} INFO - Processing /home/airflow/.local/lib/python3.12/site-packages/airflow/example_dags/example_branch_operator.py took 0.149 seconds
[2026-05-28T15:10:35.386+0000] {processor.py:186} INFO - Started process (PID=9152) to work on /home/airflow/.local/lib/python3.12/site-packages/airflow/example_dags/example_branch_operator.py
[2026-05-28T15:10:35.387+0000] {processor.py:914} INFO - Processing file /home/airflow/.local/lib/python3.12/site-packages/airflow/example_dags/example_branch_operator.py for tasks to queue
[2026-05-28T15:10:35.390+0000] {logging_mixin.py:190} INFO - [2026-05-28T15:10:35.389+0000] {dagbag.py:588} INFO - Filling up the DagBag from /home/airflow/.local/lib/python3.12/site-packages/airflow/example_dags/example_branch_operator.py
[2026-05-28T15:10:35.416+0000] {processor.py:925} INFO - DAG(s) 'example_branch_operator' retrieved from /home/airflow/.local/lib/python3.12/site-packages/airflow/example_dags/example_branch_operator.py
[2026-05-28T15:10:35.463+0000] {logging_mixin.py:190} INFO - [2026-05-28T15:10:35.463+0000] {dag.py:3239} INFO - Sync 1 DAGs
[2026-05-28T15:10:35.498+0000] {logging_mixin.py:190} INFO - [2026-05-28T15:10:35.498+0000] {dag.py:4180} INFO - Setting next_dagrun for example_branch_operator to 2026-05-27 00:00:00+00:00, run_after=2026-05-28 00:00:00+00:00
[2026-05-28T15:10:35.540+0000] {processor.py:208} INFO - Processing /home/airflow/.local/lib/python3.12/site-packages/airflow/example_dags/example_branch_operator.py took 0.162 seconds
[2026-05-28T15:11:13.315+0000] {processor.py:186} INFO - Started process (PID=9216) to work on /home/airflow/.local/lib/python3.12/site-packages/airflow/example_dags/example_branch_operator.py
[2026-05-28T15:11:13.317+0000] {processor.py:914} INFO - Processing file /home/airflow/.local/lib/python3.12/site-packages/airflow/example_dags/example_branch_operator.py for tasks to queue
[2026-05-28T15:11:13.321+0000] {logging_mixin.py:190} INFO - [2026-05-28T15:11:13.320+0000] {dagbag.py:588} INFO - Filling up the DagBag from /home/airflow/.local/lib/python3.12/site-packages/airflow/example_dags/example_branch_operator.py
[2026-05-28T15:11:13.350+0000] {processor.py:925} INFO - DAG(s) 'example_branch_operator' retrieved from /home/airflow/.local/lib/python3.12/site-packages/airflow/example_dags/example_branch_operator.py
[2026-05-28T15:11:13.394+0000] {logging_mixin.py:190} INFO - [2026-05-28T15:11:13.394+0000] {dag.py:3239} INFO - Sync 1 DAGs
[2026-05-28T15:11:13.426+0000] {logging_mixin.py:190} INFO - [2026-05-28T15:11:13.426+0000] {dag.py:4180} INFO - Setting next_dagrun for example_branch_operator to 2026-05-27 00:00:00+00:00, run_after=2026-05-28 00:00:00+00:00
[2026-05-28T15:11:13.472+0000] {processor.py:208} INFO - Processing /home/airflow/.local/lib/python3.12/site-packages/airflow/example_dags/example_branch_operator.py took 0.165 seconds
[2026-05-28T15:11:51.158+0000] {processor.py:186} INFO - Started process (PID=9278) to work on /home/airflow/.local/lib/python3.12/site-packages/airflow/example_dags/example_branch_operator.py
[2026-05-28T15:11:51.160+0000] {processor.py:914} INFO - Processing file /home/airflow/.local/lib/python3.12/site-packages/airflow/example_dags/example_branch_operator.py for tasks to queue
[2026-05-28T15:11:51.163+0000] {logging_mixin.py:190} INFO - [2026-05-28T15:11:51.162+0000] {dagbag.py:588} INFO - Filling up the DagBag from /home/airflow/.local/lib/python3.12/site-packages/airflow/example_dags/example_branch_operator.py
[2026-05-28T15:11:51.194+0000] {processor.py:925} INFO - DAG(s) 'example_branch_operator' retrieved from /home/airflow/.local/lib/python3.12/site-packages/airflow/example_dags/example_branch_operator.py
[2026-05-28T15:11:51.255+0000] {logging_mixin.py:190} INFO - [2026-05-28T15:11:51.255+0000] {dag.py:3239} INFO - Sync 1 DAGs
[2026-05-28T15:11:51.298+0000] {logging_mixin.py:190} INFO - [2026-05-28T15:11:51.297+0000] {dag.py:4180} INFO - Setting next_dagrun for example_branch_operator to 2026-05-27 00:00:00+00:00, run_after=2026-05-28 00:00:00+00:00
[2026-05-28T15:11:51.346+0000] {processor.py:208} INFO - Processing /home/airflow/.local/lib/python3.12/site-packages/airflow/example_dags/example_branch_operator.py took 0.197 seconds
[2026-05-28T15:12:21.691+0000] {processor.py:186} INFO - Started process (PID=9341) to work on /home/airflow/.local/lib/python3.12/site-packages/airflow/example_dags/example_branch_operator.py
[2026-05-28T15:12:21.697+0000] {processor.py:914} INFO - Processing file /home/airflow/.local/lib/python3.12/site-packages/airflow/example_dags/example_branch_operator.py for tasks to queue
[2026-05-28T15:12:21.701+0000] {logging_mixin.py:190} INFO - [2026-05-28T15:12:21.700+0000] {dagbag.py:588} INFO - Filling up the DagBag from /home/airflow/.local/lib/python3.12/site-packages/airflow/example_dags/example_branch_operator.py
[2026-05-28T15:12:21.740+0000] {processor.py:925} INFO - DAG(s) 'example_branch_operator' retrieved from /home/airflow/.local/lib/python3.12/site-packages/airflow/example_dags/example_branch_operator.py
[2026-05-28T15:12:21.804+0000] {logging_mixin.py:190} INFO - [2026-05-28T15:12:21.803+0000] {dag.py:3239} INFO - Sync 1 DAGs
[2026-05-28T15:12:21.848+0000] {logging_mixin.py:190} INFO - [2026-05-28T15:12:21.848+0000] {dag.py:4180} INFO - Setting next_dagrun for example_branch_operator to 2026-05-27 00:00:00+00:00, run_after=2026-05-28 00:00:00+00:00
[2026-05-28T15:12:21.888+0000] {processor.py:208} INFO - Processing /home/airflow/.local/lib/python3.12/site-packages/airflow/example_dags/example_branch_operator.py took 0.211 seconds
[2026-05-28T15:12:52.206+0000] {processor.py:186} INFO - Started process (PID=9404) to work on /home/airflow/.local/lib/python3.12/site-packages/airflow/example_dags/example_branch_operator.py
[2026-05-28T15:12:52.207+0000] {processor.py:914} INFO - Processing file /home/airflow/.local/lib/python3.12/site-packages/airflow/example_dags/example_branch_operator.py for tasks to queue
[2026-05-28T15:12:52.210+0000] {logging_mixin.py:190} INFO - [2026-05-28T15:12:52.209+0000] {dagbag.py:588} INFO - Filling up the DagBag from /home/airflow/.local/lib/python3.12/site-packages/airflow/example_dags/example_branch_operator.py
[2026-05-28T15:12:52.239+0000] {processor.py:925} INFO - DAG(s) 'example_branch_operator' retrieved from /home/airflow/.local/lib/python3.12/site-packages/airflow/example_dags/example_branch_operator.py
[2026-05-28T15:12:52.293+0000] {logging_mixin.py:190} INFO - [2026-05-28T15:12:52.292+0000] {dag.py:3239} INFO - Sync 1 DAGs
[2026-05-28T15:12:52.344+0000] {logging_mixin.py:190} INFO - [2026-05-28T15:12:52.343+0000] {dag.py:4180} INFO - Setting next_dagrun for example_branch_operator to 2026-05-27 00:00:00+00:00, run_after=2026-05-28 00:00:00+00:00
[2026-05-28T15:12:52.378+0000] {processor.py:208} INFO - Processing /home/airflow/.local/lib/python3.12/site-packages/airflow/example_dags/example_branch_operator.py took 0.182 seconds
[2026-05-28T15:13:25.208+0000] {processor.py:186} INFO - Started process (PID=9469) to work on /home/airflow/.local/lib/python3.12/site-packages/airflow/example_dags/example_branch_operator.py
[2026-05-28T15:13:25.210+0000] {processor.py:914} INFO - Processing file /home/airflow/.local/lib/python3.12/site-packages/airflow/example_dags/example_branch_operator.py for tasks to queue
[2026-05-28T15:13:25.212+0000] {logging_mixin.py:190} INFO - [2026-05-28T15:13:25.212+0000] {dagbag.py:588} INFO - Filling up the DagBag from /home/airflow/.local/lib/python3.12/site-packages/airflow/example_dags/example_branch_operator.py
[2026-05-28T15:13:25.245+0000] {processor.py:925} INFO - DAG(s) 'example_branch_operator' retrieved from /home/airflow/.local/lib/python3.12/site-packages/airflow/example_dags/example_branch_operator.py
[2026-05-28T15:13:25.294+0000] {logging_mixin.py:190} INFO - [2026-05-28T15:13:25.294+0000] {dag.py:3239} INFO - Sync 1 DAGs
[2026-05-28T15:13:25.327+0000] {logging_mixin.py:190} INFO - [2026-05-28T15:13:25.326+0000] {dag.py:4180} INFO - Setting next_dagrun for example_branch_operator to 2026-05-27 00:00:00+00:00, run_after=2026-05-28 00:00:00+00:00
[2026-05-28T15:13:25.370+0000] {processor.py:208} INFO - Processing /home/airflow/.local/lib/python3.12/site-packages/airflow/example_dags/example_branch_operator.py took 0.171 seconds
[2026-05-28T15:13:55.997+0000] {processor.py:186} INFO - Started process (PID=9532) to work on /home/airflow/.local/lib/python3.12/site-packages/airflow/example_dags/example_branch_operator.py
[2026-05-28T15:13:55.998+0000] {processor.py:914} INFO - Processing file /home/airflow/.local/lib/python3.12/site-packages/airflow/example_dags/example_branch_operator.py for tasks to queue
[2026-05-28T15:13:56.001+0000] {logging_mixin.py:190} INFO - [2026-05-28T15:13:56.001+0000] {dagbag.py:588} INFO - Filling up the DagBag from /home/airflow/.local/lib/python3.12/site-packages/airflow/example_dags/example_branch_operator.py
[2026-05-28T15:13:56.036+0000] {processor.py:925} INFO - DAG(s) 'example_branch_operator' retrieved from /home/airflow/.local/lib/python3.12/site-packages/airflow/example_dags/example_branch_operator.py
[2026-05-28T15:13:56.088+0000] {logging_mixin.py:190} INFO - [2026-05-28T15:13:56.088+0000] {dag.py:3239} INFO - Sync 1 DAGs
[2026-05-28T15:13:56.129+0000] {logging_mixin.py:190} INFO - [2026-05-28T15:13:56.129+0000] {dag.py:4180} INFO - Setting next_dagrun for example_branch_operator to 2026-05-27 00:00:00+00:00, run_after=2026-05-28 00:00:00+00:00
[2026-05-28T15:13:56.160+0000] {processor.py:208} INFO - Processing /home/airflow/.local/lib/python3.12/site-packages/airflow/example_dags/example_branch_operator.py took 0.171 seconds
[2026-05-28T15:14:28.337+0000] {processor.py:186} INFO - Started process (PID=9588) to work on /home/airflow/.local/lib/python3.12/site-packages/airflow/example_dags/example_branch_operator.py
[2026-05-28T15:14:28.339+0000] {processor.py:914} INFO - Processing file /home/airflow/.local/lib/python3.12/site-packages/airflow/example_dags/example_branch_operator.py for tasks to queue
[2026-05-28T15:14:28.341+0000] {logging_mixin.py:190} INFO - [2026-05-28T15:14:28.341+0000] {dagbag.py:588} INFO - Filling up the DagBag from /home/airflow/.local/lib/python3.12/site-packages/airflow/example_dags/example_branch_operator.py
[2026-05-28T15:14:28.365+0000] {processor.py:925} INFO - DAG(s) 'example_branch_operator' retrieved from /home/airflow/.local/lib/python3.12/site-packages/airflow/example_dags/example_branch_operator.py
[2026-05-28T15:14:28.407+0000] {logging_mixin.py:190} INFO - [2026-05-28T15:14:28.406+0000] {dag.py:3239} INFO - Sync 1 DAGs
[2026-05-28T15:14:28.447+0000] {logging_mixin.py:190} INFO - [2026-05-28T15:14:28.447+0000] {dag.py:4180} INFO - Setting next_dagrun for example_branch_operator to 2026-05-27 00:00:00+00:00, run_after=2026-05-28 00:00:00+00:00
[2026-05-28T15:14:28.475+0000] {processor.py:208} INFO - Processing /home/airflow/.local/lib/python3.12/site-packages/airflow/example_dags/example_branch_operator.py took 0.145 seconds
[2026-05-28T15:15:02.852+0000] {processor.py:186} INFO - Started process (PID=9651) to work on /home/airflow/.local/lib/python3.12/site-packages/airflow/example_dags/example_branch_operator.py
[2026-05-28T15:15:02.857+0000] {processor.py:914} INFO - Processing file /home/airflow/.local/lib/python3.12/site-packages/airflow/example_dags/example_branch_operator.py for tasks to queue
[2026-05-28T15:15:02.860+0000] {logging_mixin.py:190} INFO - [2026-05-28T15:15:02.860+0000] {dagbag.py:588} INFO - Filling up the DagBag from /home/airflow/.local/lib/python3.12/site-packages/airflow/example_dags/example_branch_operator.py
[2026-05-28T15:15:02.898+0000] {processor.py:925} INFO - DAG(s) 'example_branch_operator' retrieved from /home/airflow/.local/lib/python3.12/site-packages/airflow/example_dags/example_branch_operator.py
[2026-05-28T15:15:02.970+0000] {logging_mixin.py:190} INFO - [2026-05-28T15:15:02.969+0000] {dag.py:3239} INFO - Sync 1 DAGs
[2026-05-28T15:15:03.016+0000] {logging_mixin.py:190} INFO - [2026-05-28T15:15:03.015+0000] {dag.py:4180} INFO - Setting next_dagrun for example_branch_operator to 2026-05-27 00:00:00+00:00, run_after=2026-05-28 00:00:00+00:00
[2026-05-28T15:15:03.085+0000] {processor.py:208} INFO - Processing /home/airflow/.local/lib/python3.12/site-packages/airflow/example_dags/example_branch_operator.py took 0.246 seconds
[2026-05-28T15:15:33.843+0000] {processor.py:186} INFO - Started process (PID=9714) to work on /home/airflow/.local/lib/python3.12/site-packages/airflow/example_dags/example_branch_operator.py
[2026-05-28T15:15:33.847+0000] {processor.py:914} INFO - Processing file /home/airflow/.local/lib/python3.12/site-packages/airflow/example_dags/example_branch_operator.py for tasks to queue
[2026-05-28T15:15:33.852+0000] {logging_mixin.py:190} INFO - [2026-05-28T15:15:33.852+0000] {dagbag.py:588} INFO - Filling up the DagBag from /home/airflow/.local/lib/python3.12/site-packages/airflow/example_dags/example_branch_operator.py
[2026-05-28T15:15:33.906+0000] {processor.py:925} INFO - DAG(s) 'example_branch_operator' retrieved from /home/airflow/.local/lib/python3.12/site-packages/airflow/example_dags/example_branch_operator.py
[2026-05-28T15:15:33.979+0000] {logging_mixin.py:190} INFO - [2026-05-28T15:15:33.979+0000] {dag.py:3239} INFO - Sync 1 DAGs
[2026-05-28T15:15:34.030+0000] {logging_mixin.py:190} INFO - [2026-05-28T15:15:34.030+0000] {dag.py:4180} INFO - Setting next_dagrun for example_branch_operator to 2026-05-27 00:00:00+00:00, run_after=2026-05-28 00:00:00+00:00
[2026-05-28T15:15:34.084+0000] {processor.py:208} INFO - Processing /home/airflow/.local/lib/python3.12/site-packages/airflow/example_dags/example_branch_operator.py took 0.261 seconds
[2026-05-28T15:16:04.944+0000] {processor.py:186} INFO - Started process (PID=9777) to work on /home/airflow/.local/lib/python3.12/site-packages/airflow/example_dags/example_branch_operator.py
[2026-05-28T15:16:04.947+0000] {processor.py:914} INFO - Processing file /home/airflow/.local/lib/python3.12/site-packages/airflow/example_dags/example_branch_operator.py for tasks to queue
[2026-05-28T15:16:04.951+0000] {logging_mixin.py:190} INFO - [2026-05-28T15:16:04.950+0000] {dagbag.py:588} INFO - Filling up the DagBag from /home/airflow/.local/lib/python3.12/site-packages/airflow/example_dags/example_branch_operator.py
[2026-05-28T15:16:05.001+0000] {processor.py:925} INFO - DAG(s) 'example_branch_operator' retrieved from /home/airflow/.local/lib/python3.12/site-packages/airflow/example_dags/example_branch_operator.py
[2026-05-28T15:16:05.074+0000] {logging_mixin.py:190} INFO - [2026-05-28T15:16:05.073+0000] {dag.py:3239} INFO - Sync 1 DAGs
[2026-05-28T15:16:05.123+0000] {logging_mixin.py:190} INFO - [2026-05-28T15:16:05.123+0000] {dag.py:4180} INFO - Setting next_dagrun for example_branch_operator to 2026-05-27 00:00:00+00:00, run_after=2026-05-28 00:00:00+00:00
[2026-05-28T15:16:05.171+0000] {processor.py:208} INFO - Processing /home/airflow/.local/lib/python3.12/site-packages/airflow/example_dags/example_branch_operator.py took 0.241 seconds
[2026-05-28T15:16:46.176+0000] {processor.py:186} INFO - Started process (PID=9839) to work on /home/airflow/.local/lib/python3.12/site-packages/airflow/example_dags/example_branch_operator.py
[2026-05-28T15:16:46.178+0000] {processor.py:914} INFO - Processing file /home/airflow/.local/lib/python3.12/site-packages/airflow/example_dags/example_branch_operator.py for tasks to queue
[2026-05-28T15:16:46.180+0000] {logging_mixin.py:190} INFO - [2026-05-28T15:16:46.179+0000] {dagbag.py:588} INFO - Filling up the DagBag from /home/airflow/.local/lib/python3.12/site-packages/airflow/example_dags/example_branch_operator.py
[2026-05-28T15:16:46.215+0000] {processor.py:925} INFO - DAG(s) 'example_branch_operator' retrieved from /home/airflow/.local/lib/python3.12/site-packages/airflow/example_dags/example_branch_operator.py
[2026-05-28T15:16:46.280+0000] {logging_mixin.py:190} INFO - [2026-05-28T15:16:46.280+0000] {dag.py:3239} INFO - Sync 1 DAGs
[2026-05-28T15:16:46.328+0000] {logging_mixin.py:190} INFO - [2026-05-28T15:16:46.328+0000] {dag.py:4180} INFO - Setting next_dagrun for example_branch_operator to 2026-05-27 00:00:00+00:00, run_after=2026-05-28 00:00:00+00:00
[2026-05-28T15:16:46.375+0000] {processor.py:208} INFO - Processing /home/airflow/.local/lib/python3.12/site-packages/airflow/example_dags/example_branch_operator.py took 0.213 seconds
[2026-05-28T15:17:17.068+0000] {processor.py:186} INFO - Started process (PID=9902) to work on /home/airflow/.local/lib/python3.12/site-packages/airflow/example_dags/example_branch_operator.py
[2026-05-28T15:17:17.070+0000] {processor.py:914} INFO - Processing file /home/airflow/.local/lib/python3.12/site-packages/airflow/example_dags/example_branch_operator.py for tasks to queue
[2026-05-28T15:17:17.072+0000] {logging_mixin.py:190} INFO - [2026-05-28T15:17:17.071+0000] {dagbag.py:588} INFO - Filling up the DagBag from /home/airflow/.local/lib/python3.12/site-packages/airflow/example_dags/example_branch_operator.py
[2026-05-28T15:17:17.106+0000] {processor.py:925} INFO - DAG(s) 'example_branch_operator' retrieved from /home/airflow/.local/lib/python3.12/site-packages/airflow/example_dags/example_branch_operator.py
[2026-05-28T15:17:17.153+0000] {logging_mixin.py:190} INFO - [2026-05-28T15:17:17.152+0000] {dag.py:3239} INFO - Sync 1 DAGs
[2026-05-28T15:17:17.197+0000] {logging_mixin.py:190} INFO - [2026-05-28T15:17:17.196+0000] {dag.py:4180} INFO - Setting next_dagrun for example_branch_operator to 2026-05-27 00:00:00+00:00, run_after=2026-05-28 00:00:00+00:00
[2026-05-28T15:17:17.238+0000] {processor.py:208} INFO - Processing /home/airflow/.local/lib/python3.12/site-packages/airflow/example_dags/example_branch_operator.py took 0.179 seconds
[2026-05-28T15:17:49.912+0000] {processor.py:186} INFO - Started process (PID=9965) to work on /home/airflow/.local/lib/python3.12/site-packages/airflow/example_dags/example_branch_operator.py
[2026-05-28T15:17:49.918+0000] {processor.py:914} INFO - Processing file /home/airflow/.local/lib/python3.12/site-packages/airflow/example_dags/example_branch_operator.py for tasks to queue
[2026-05-28T15:17:49.922+0000] {logging_mixin.py:190} INFO - [2026-05-28T15:17:49.921+0000] {dagbag.py:588} INFO - Filling up the DagBag from /home/airflow/.local/lib/python3.12/site-packages/airflow/example_dags/example_branch_operator.py
[2026-05-28T15:17:49.953+0000] {processor.py:925} INFO - DAG(s) 'example_branch_operator' retrieved from /home/airflow/.local/lib/python3.12/site-packages/airflow/example_dags/example_branch_operator.py
[2026-05-28T15:17:50.007+0000] {logging_mixin.py:190} INFO - [2026-05-28T15:17:50.007+0000] {dag.py:3239} INFO - Sync 1 DAGs
[2026-05-28T15:17:50.051+0000] {logging_mixin.py:190} INFO - [2026-05-28T15:17:50.050+0000] {dag.py:4180} INFO - Setting next_dagrun for example_branch_operator to 2026-05-27 00:00:00+00:00, run_after=2026-05-28 00:00:00+00:00
[2026-05-28T15:17:50.098+0000] {processor.py:208} INFO - Processing /home/airflow/.local/lib/python3.12/site-packages/airflow/example_dags/example_branch_operator.py took 0.195 seconds
[2026-05-28T15:18:23.462+0000] {processor.py:186} INFO - Started process (PID=10028) to work on /home/airflow/.local/lib/python3.12/site-packages/airflow/example_dags/example_branch_operator.py
[2026-05-28T15:18:23.464+0000] {processor.py:914} INFO - Processing file /home/airflow/.local/lib/python3.12/site-packages/airflow/example_dags/example_branch_operator.py for tasks to queue
[2026-05-28T15:18:23.466+0000] {logging_mixin.py:190} INFO - [2026-05-28T15:18:23.466+0000] {dagbag.py:588} INFO - Filling up the DagBag from /home/airflow/.local/lib/python3.12/site-packages/airflow/example_dags/example_branch_operator.py
[2026-05-28T15:18:23.497+0000] {processor.py:925} INFO - DAG(s) 'example_branch_operator' retrieved from /home/airflow/.local/lib/python3.12/site-packages/airflow/example_dags/example_branch_operator.py
[2026-05-28T15:18:23.574+0000] {logging_mixin.py:190} INFO - [2026-05-28T15:18:23.573+0000] {dag.py:3239} INFO - Sync 1 DAGs
[2026-05-28T15:18:23.613+0000] {logging_mixin.py:190} INFO - [2026-05-28T15:18:23.612+0000] {dag.py:4180} INFO - Setting next_dagrun for example_branch_operator to 2026-05-27 00:00:00+00:00, run_after=2026-05-28 00:00:00+00:00
[2026-05-28T15:18:23.654+0000] {processor.py:208} INFO - Processing /home/airflow/.local/lib/python3.12/site-packages/airflow/example_dags/example_branch_operator.py took 0.201 seconds
[2026-05-28T15:18:54.105+0000] {processor.py:186} INFO - Started process (PID=10092) to work on /home/airflow/.local/lib/python3.12/site-packages/airflow/example_dags/example_branch_operator.py
[2026-05-28T15:18:54.107+0000] {processor.py:914} INFO - Processing file /home/airflow/.local/lib/python3.12/site-packages/airflow/example_dags/example_branch_operator.py for tasks to queue
[2026-05-28T15:18:54.110+0000] {logging_mixin.py:190} INFO - [2026-05-28T15:18:54.109+0000] {dagbag.py:588} INFO - Filling up the DagBag from /home/airflow/.local/lib/python3.12/site-packages/airflow/example_dags/example_branch_operator.py
[2026-05-28T15:18:54.149+0000] {processor.py:925} INFO - DAG(s) 'example_branch_operator' retrieved from /home/airflow/.local/lib/python3.12/site-packages/airflow/example_dags/example_branch_operator.py
[2026-05-28T15:18:54.208+0000] {logging_mixin.py:190} INFO - [2026-05-28T15:18:54.207+0000] {dag.py:3239} INFO - Sync 1 DAGs
[2026-05-28T15:18:54.238+0000] {logging_mixin.py:190} INFO - [2026-05-28T15:18:54.237+0000] {dag.py:4180} INFO - Setting next_dagrun for example_branch_operator to 2026-05-27 00:00:00+00:00, run_after=2026-05-28 00:00:00+00:00
[2026-05-28T15:18:54.269+0000] {processor.py:208} INFO - Processing /home/airflow/.local/lib/python3.12/site-packages/airflow/example_dags/example_branch_operator.py took 0.175 seconds
[2026-05-28T15:19:25.020+0000] {processor.py:186} INFO - Started process (PID=10155) to work on /home/airflow/.local/lib/python3.12/site-packages/airflow/example_dags/example_branch_operator.py
[2026-05-28T15:19:25.022+0000] {processor.py:914} INFO - Processing file /home/airflow/.local/lib/python3.12/site-packages/airflow/example_dags/example_branch_operator.py for tasks to queue
[2026-05-28T15:19:25.025+0000] {logging_mixin.py:190} INFO - [2026-05-28T15:19:25.025+0000] {dagbag.py:588} INFO - Filling up the DagBag from /home/airflow/.local/lib/python3.12/site-packages/airflow/example_dags/example_branch_operator.py
[2026-05-28T15:19:25.049+0000] {processor.py:925} INFO - DAG(s) 'example_branch_operator' retrieved from /home/airflow/.local/lib/python3.12/site-packages/airflow/example_dags/example_branch_operator.py
[2026-05-28T15:19:25.088+0000] {logging_mixin.py:190} INFO - [2026-05-28T15:19:25.088+0000] {dag.py:3239} INFO - Sync 1 DAGs
[2026-05-28T15:19:25.119+0000] {logging_mixin.py:190} INFO - [2026-05-28T15:19:25.119+0000] {dag.py:4180} INFO - Setting next_dagrun for example_branch_operator to 2026-05-27 00:00:00+00:00, run_after=2026-05-28 00:00:00+00:00
[2026-05-28T15:19:25.146+0000] {processor.py:208} INFO - Processing /home/airflow/.local/lib/python3.12/site-packages/airflow/example_dags/example_branch_operator.py took 0.133 seconds
[2026-05-28T15:20:04.121+0000] {processor.py:186} INFO - Started process (PID=10225) to work on /home/airflow/.local/lib/python3.12/site-packages/airflow/example_dags/example_branch_operator.py
[2026-05-28T15:20:04.123+0000] {processor.py:914} INFO - Processing file /home/airflow/.local/lib/python3.12/site-packages/airflow/example_dags/example_branch_operator.py for tasks to queue
[2026-05-28T15:20:04.125+0000] {logging_mixin.py:190} INFO - [2026-05-28T15:20:04.125+0000] {dagbag.py:588} INFO - Filling up the DagBag from /home/airflow/.local/lib/python3.12/site-packages/airflow/example_dags/example_branch_operator.py
[2026-05-28T15:20:04.184+0000] {processor.py:925} INFO - DAG(s) 'example_branch_operator' retrieved from /home/airflow/.local/lib/python3.12/site-packages/airflow/example_dags/example_branch_operator.py
[2026-05-28T15:20:04.239+0000] {logging_mixin.py:190} INFO - [2026-05-28T15:20:04.238+0000] {dag.py:3239} INFO - Sync 1 DAGs
[2026-05-28T15:20:04.283+0000] {logging_mixin.py:190} INFO - [2026-05-28T15:20:04.282+0000] {dag.py:4180} INFO - Setting next_dagrun for example_branch_operator to 2026-05-27 00:00:00+00:00, run_after=2026-05-28 00:00:00+00:00
[2026-05-28T15:20:04.319+0000] {processor.py:208} INFO - Processing /home/airflow/.local/lib/python3.12/site-packages/airflow/example_dags/example_branch_operator.py took 0.208 seconds
[2026-05-28T15:20:35.514+0000] {processor.py:186} INFO - Started process (PID=10288) to work on /home/airflow/.local/lib/python3.12/site-packages/airflow/example_dags/example_branch_operator.py
[2026-05-28T15:20:35.516+0000] {processor.py:914} INFO - Processing file /home/airflow/.local/lib/python3.12/site-packages/airflow/example_dags/example_branch_operator.py for tasks to queue
[2026-05-28T15:20:35.518+0000] {logging_mixin.py:190} INFO - [2026-05-28T15:20:35.517+0000] {dagbag.py:588} INFO - Filling up the DagBag from /home/airflow/.local/lib/python3.12/site-packages/airflow/example_dags/example_branch_operator.py
[2026-05-28T15:20:35.541+0000] {processor.py:925} INFO - DAG(s) 'example_branch_operator' retrieved from /home/airflow/.local/lib/python3.12/site-packages/airflow/example_dags/example_branch_operator.py
[2026-05-28T15:20:35.587+0000] {logging_mixin.py:190} INFO - [2026-05-28T15:20:35.587+0000] {dag.py:3239} INFO - Sync 1 DAGs
[2026-05-28T15:20:35.620+0000] {logging_mixin.py:190} INFO - [2026-05-28T15:20:35.619+0000] {dag.py:4180} INFO - Setting next_dagrun for example_branch_operator to 2026-05-27 00:00:00+00:00, run_after=2026-05-28 00:00:00+00:00
[2026-05-28T15:20:35.699+0000] {processor.py:208} INFO - Processing /home/airflow/.local/lib/python3.12/site-packages/airflow/example_dags/example_branch_operator.py took 0.193 seconds
[2026-05-28T15:21:11.464+0000] {processor.py:186} INFO - Started process (PID=10352) to work on /home/airflow/.local/lib/python3.12/site-packages/airflow/example_dags/example_branch_operator.py
[2026-05-28T15:21:11.467+0000] {processor.py:914} INFO - Processing file /home/airflow/.local/lib/python3.12/site-packages/airflow/example_dags/example_branch_operator.py for tasks to queue
[2026-05-28T15:21:11.471+0000] {logging_mixin.py:190} INFO - [2026-05-28T15:21:11.470+0000] {dagbag.py:588} INFO - Filling up the DagBag from /home/airflow/.local/lib/python3.12/site-packages/airflow/example_dags/example_branch_operator.py
[2026-05-28T15:21:11.505+0000] {processor.py:925} INFO - DAG(s) 'example_branch_operator' retrieved from /home/airflow/.local/lib/python3.12/site-packages/airflow/example_dags/example_branch_operator.py
[2026-05-28T15:21:11.558+0000] {logging_mixin.py:190} INFO - [2026-05-28T15:21:11.558+0000] {dag.py:3239} INFO - Sync 1 DAGs
[2026-05-28T15:21:11.599+0000] {logging_mixin.py:190} INFO - [2026-05-28T15:21:11.599+0000] {dag.py:4180} INFO - Setting next_dagrun for example_branch_operator to 2026-05-27 00:00:00+00:00, run_after=2026-05-28 00:00:00+00:00
[2026-05-28T15:21:11.633+0000] {processor.py:208} INFO - Processing /home/airflow/.local/lib/python3.12/site-packages/airflow/example_dags/example_branch_operator.py took 0.180 seconds
[2026-05-28T15:21:50.266+0000] {processor.py:186} INFO - Started process (PID=10415) to work on /home/airflow/.local/lib/python3.12/site-packages/airflow/example_dags/example_branch_operator.py
[2026-05-28T15:21:50.268+0000] {processor.py:914} INFO - Processing file /home/airflow/.local/lib/python3.12/site-packages/airflow/example_dags/example_branch_operator.py for tasks to queue
[2026-05-28T15:21:50.270+0000] {logging_mixin.py:190} INFO - [2026-05-28T15:21:50.270+0000] {dagbag.py:588} INFO - Filling up the DagBag from /home/airflow/.local/lib/python3.12/site-packages/airflow/example_dags/example_branch_operator.py
[2026-05-28T15:21:50.296+0000] {processor.py:925} INFO - DAG(s) 'example_branch_operator' retrieved from /home/airflow/.local/lib/python3.12/site-packages/airflow/example_dags/example_branch_operator.py
[2026-05-28T15:21:50.339+0000] {logging_mixin.py:190} INFO - [2026-05-28T15:21:50.338+0000] {dag.py:3239} INFO - Sync 1 DAGs
[2026-05-28T15:21:50.369+0000] {logging_mixin.py:190} INFO - [2026-05-28T15:21:50.369+0000] {dag.py:4180} INFO - Setting next_dagrun for example_branch_operator to 2026-05-27 00:00:00+00:00, run_after=2026-05-28 00:00:00+00:00
[2026-05-28T15:21:50.409+0000] {processor.py:208} INFO - Processing /home/airflow/.local/lib/python3.12/site-packages/airflow/example_dags/example_branch_operator.py took 0.154 seconds
[2026-05-28T15:22:23.935+0000] {processor.py:186} INFO - Started process (PID=10482) to work on /home/airflow/.local/lib/python3.12/site-packages/airflow/example_dags/example_branch_operator.py
[2026-05-28T15:22:23.937+0000] {processor.py:914} INFO - Processing file /home/airflow/.local/lib/python3.12/site-packages/airflow/example_dags/example_branch_operator.py for tasks to queue
[2026-05-28T15:22:23.940+0000] {logging_mixin.py:190} INFO - [2026-05-28T15:22:23.939+0000] {dagbag.py:588} INFO - Filling up the DagBag from /home/airflow/.local/lib/python3.12/site-packages/airflow/example_dags/example_branch_operator.py
[2026-05-28T15:22:23.965+0000] {processor.py:925} INFO - DAG(s) 'example_branch_operator' retrieved from /home/airflow/.local/lib/python3.12/site-packages/airflow/example_dags/example_branch_operator.py
[2026-05-28T15:22:24.017+0000] {logging_mixin.py:190} INFO - [2026-05-28T15:22:24.016+0000] {dag.py:3239} INFO - Sync 1 DAGs
[2026-05-28T15:22:24.058+0000] {logging_mixin.py:190} INFO - [2026-05-28T15:22:24.058+0000] {dag.py:4180} INFO - Setting next_dagrun for example_branch_operator to 2026-05-27 00:00:00+00:00, run_after=2026-05-28 00:00:00+00:00
[2026-05-28T15:22:24.100+0000] {processor.py:208} INFO - Processing /home/airflow/.local/lib/python3.12/site-packages/airflow/example_dags/example_branch_operator.py took 0.174 seconds
[2026-05-28T15:22:54.872+0000] {processor.py:186} INFO - Started process (PID=10545) to work on /home/airflow/.local/lib/python3.12/site-packages/airflow/example_dags/example_branch_operator.py
[2026-05-28T15:22:54.874+0000] {processor.py:914} INFO - Processing file /home/airflow/.local/lib/python3.12/site-packages/airflow/example_dags/example_branch_operator.py for tasks to queue
[2026-05-28T15:22:54.878+0000] {logging_mixin.py:190} INFO - [2026-05-28T15:22:54.876+0000] {dagbag.py:588} INFO - Filling up the DagBag from /home/airflow/.local/lib/python3.12/site-packages/airflow/example_dags/example_branch_operator.py
[2026-05-28T15:22:54.920+0000] {processor.py:925} INFO - DAG(s) 'example_branch_operator' retrieved from /home/airflow/.local/lib/python3.12/site-packages/airflow/example_dags/example_branch_operator.py
[2026-05-28T15:22:54.986+0000] {logging_mixin.py:190} INFO - [2026-05-28T15:22:54.986+0000] {dag.py:3239} INFO - Sync 1 DAGs
[2026-05-28T15:22:55.028+0000] {logging_mixin.py:190} INFO - [2026-05-28T15:22:55.027+0000] {dag.py:4180} INFO - Setting next_dagrun for example_branch_operator to 2026-05-27 00:00:00+00:00, run_after=2026-05-28 00:00:00+00:00
[2026-05-28T15:22:55.061+0000] {processor.py:208} INFO - Processing /home/airflow/.local/lib/python3.12/site-packages/airflow/example_dags/example_branch_operator.py took 0.196 seconds
[2026-05-28T15:23:25.847+0000] {processor.py:186} INFO - Started process (PID=10608) to work on /home/airflow/.local/lib/python3.12/site-packages/airflow/example_dags/example_branch_operator.py
[2026-05-28T15:23:25.849+0000] {processor.py:914} INFO - Processing file /home/airflow/.local/lib/python3.12/site-packages/airflow/example_dags/example_branch_operator.py for tasks to queue
[2026-05-28T15:23:25.851+0000] {logging_mixin.py:190} INFO - [2026-05-28T15:23:25.851+0000] {dagbag.py:588} INFO - Filling up the DagBag from /home/airflow/.local/lib/python3.12/site-packages/airflow/example_dags/example_branch_operator.py
[2026-05-28T15:23:25.877+0000] {processor.py:925} INFO - DAG(s) 'example_branch_operator' retrieved from /home/airflow/.local/lib/python3.12/site-packages/airflow/example_dags/example_branch_operator.py
[2026-05-28T15:23:25.922+0000] {logging_mixin.py:190} INFO - [2026-05-28T15:23:25.922+0000] {dag.py:3239} INFO - Sync 1 DAGs
[2026-05-28T15:23:25.953+0000] {logging_mixin.py:190} INFO - [2026-05-28T15:23:25.953+0000] {dag.py:4180} INFO - Setting next_dagrun for example_branch_operator to 2026-05-27 00:00:00+00:00, run_after=2026-05-28 00:00:00+00:00
[2026-05-28T15:23:25.982+0000] {processor.py:208} INFO - Processing /home/airflow/.local/lib/python3.12/site-packages/airflow/example_dags/example_branch_operator.py took 0.144 seconds
[2026-05-28T15:24:00.669+0000] {processor.py:186} INFO - Started process (PID=10677) to work on /home/airflow/.local/lib/python3.12/site-packages/airflow/example_dags/example_branch_operator.py
[2026-05-28T15:24:00.671+0000] {processor.py:914} INFO - Processing file /home/airflow/.local/lib/python3.12/site-packages/airflow/example_dags/example_branch_operator.py for tasks to queue
[2026-05-28T15:24:00.675+0000] {logging_mixin.py:190} INFO - [2026-05-28T15:24:00.674+0000] {dagbag.py:588} INFO - Filling up the DagBag from /home/airflow/.local/lib/python3.12/site-packages/airflow/example_dags/example_branch_operator.py
[2026-05-28T15:24:00.707+0000] {processor.py:925} INFO - DAG(s) 'example_branch_operator' retrieved from /home/airflow/.local/lib/python3.12/site-packages/airflow/example_dags/example_branch_operator.py
[2026-05-28T15:24:00.772+0000] {logging_mixin.py:190} INFO - [2026-05-28T15:24:00.772+0000] {dag.py:3239} INFO - Sync 1 DAGs
[2026-05-28T15:24:00.821+0000] {logging_mixin.py:190} INFO - [2026-05-28T15:24:00.820+0000] {dag.py:4180} INFO - Setting next_dagrun for example_branch_operator to 2026-05-27 00:00:00+00:00, run_after=2026-05-28 00:00:00+00:00
[2026-05-28T15:24:00.868+0000] {processor.py:208} INFO - Processing /home/airflow/.local/lib/python3.12/site-packages/airflow/example_dags/example_branch_operator.py took 0.219 seconds
[2026-05-28T15:24:37.712+0000] {processor.py:186} INFO - Started process (PID=10741) to work on /home/airflow/.local/lib/python3.12/site-packages/airflow/example_dags/example_branch_operator.py
[2026-05-28T15:24:37.715+0000] {processor.py:914} INFO - Processing file /home/airflow/.local/lib/python3.12/site-packages/airflow/example_dags/example_branch_operator.py for tasks to queue
[2026-05-28T15:24:37.717+0000] {logging_mixin.py:190} INFO - [2026-05-28T15:24:37.717+0000] {dagbag.py:588} INFO - Filling up the DagBag from /home/airflow/.local/lib/python3.12/site-packages/airflow/example_dags/example_branch_operator.py
[2026-05-28T15:24:37.750+0000] {processor.py:925} INFO - DAG(s) 'example_branch_operator' retrieved from /home/airflow/.local/lib/python3.12/site-packages/airflow/example_dags/example_branch_operator.py
[2026-05-28T15:24:37.805+0000] {logging_mixin.py:190} INFO - [2026-05-28T15:24:37.805+0000] {dag.py:3239} INFO - Sync 1 DAGs
[2026-05-28T15:24:37.852+0000] {logging_mixin.py:190} INFO - [2026-05-28T15:24:37.852+0000] {dag.py:4180} INFO - Setting next_dagrun for example_branch_operator to 2026-05-27 00:00:00+00:00, run_after=2026-05-28 00:00:00+00:00
[2026-05-28T15:24:37.900+0000] {processor.py:208} INFO - Processing /home/airflow/.local/lib/python3.12/site-packages/airflow/example_dags/example_branch_operator.py took 0.195 seconds
[2026-05-28T15:25:12.598+0000] {processor.py:186} INFO - Started process (PID=10804) to work on /home/airflow/.local/lib/python3.12/site-packages/airflow/example_dags/example_branch_operator.py
[2026-05-28T15:25:12.599+0000] {processor.py:914} INFO - Processing file /home/airflow/.local/lib/python3.12/site-packages/airflow/example_dags/example_branch_operator.py for tasks to queue
[2026-05-28T15:25:12.602+0000] {logging_mixin.py:190} INFO - [2026-05-28T15:25:12.601+0000] {dagbag.py:588} INFO - Filling up the DagBag from /home/airflow/.local/lib/python3.12/site-packages/airflow/example_dags/example_branch_operator.py
[2026-05-28T15:25:12.637+0000] {processor.py:925} INFO - DAG(s) 'example_branch_operator' retrieved from /home/airflow/.local/lib/python3.12/site-packages/airflow/example_dags/example_branch_operator.py
[2026-05-28T15:25:12.692+0000] {logging_mixin.py:190} INFO - [2026-05-28T15:25:12.692+0000] {dag.py:3239} INFO - Sync 1 DAGs
[2026-05-28T15:25:12.734+0000] {logging_mixin.py:190} INFO - [2026-05-28T15:25:12.734+0000] {dag.py:4180} INFO - Setting next_dagrun for example_branch_operator to 2026-05-27 00:00:00+00:00, run_after=2026-05-28 00:00:00+00:00
[2026-05-28T15:25:12.768+0000] {processor.py:208} INFO - Processing /home/airflow/.local/lib/python3.12/site-packages/airflow/example_dags/example_branch_operator.py took 0.181 seconds
[2026-05-28T15:25:46.182+0000] {processor.py:186} INFO - Started process (PID=10867) to work on /home/airflow/.local/lib/python3.12/site-packages/airflow/example_dags/example_branch_operator.py
[2026-05-28T15:25:46.185+0000] {processor.py:914} INFO - Processing file /home/airflow/.local/lib/python3.12/site-packages/airflow/example_dags/example_branch_operator.py for tasks to queue
[2026-05-28T15:25:46.188+0000] {logging_mixin.py:190} INFO - [2026-05-28T15:25:46.187+0000] {dagbag.py:588} INFO - Filling up the DagBag from /home/airflow/.local/lib/python3.12/site-packages/airflow/example_dags/example_branch_operator.py
[2026-05-28T15:25:46.226+0000] {processor.py:925} INFO - DAG(s) 'example_branch_operator' retrieved from /home/airflow/.local/lib/python3.12/site-packages/airflow/example_dags/example_branch_operator.py
[2026-05-28T15:25:46.284+0000] {logging_mixin.py:190} INFO - [2026-05-28T15:25:46.283+0000] {dag.py:3239} INFO - Sync 1 DAGs
[2026-05-28T15:25:46.336+0000] {logging_mixin.py:190} INFO - [2026-05-28T15:25:46.335+0000] {dag.py:4180} INFO - Setting next_dagrun for example_branch_operator to 2026-05-27 00:00:00+00:00, run_after=2026-05-28 00:00:00+00:00
[2026-05-28T15:25:46.372+0000] {processor.py:208} INFO - Processing /home/airflow/.local/lib/python3.12/site-packages/airflow/example_dags/example_branch_operator.py took 0.202 seconds
[2026-05-28T15:26:16.941+0000] {processor.py:186} INFO - Started process (PID=10930) to work on /home/airflow/.local/lib/python3.12/site-packages/airflow/example_dags/example_branch_operator.py
[2026-05-28T15:26:16.943+0000] {processor.py:914} INFO - Processing file /home/airflow/.local/lib/python3.12/site-packages/airflow/example_dags/example_branch_operator.py for tasks to queue
[2026-05-28T15:26:16.945+0000] {logging_mixin.py:190} INFO - [2026-05-28T15:26:16.944+0000] {dagbag.py:588} INFO - Filling up the DagBag from /home/airflow/.local/lib/python3.12/site-packages/airflow/example_dags/example_branch_operator.py
[2026-05-28T15:26:16.968+0000] {processor.py:925} INFO - DAG(s) 'example_branch_operator' retrieved from /home/airflow/.local/lib/python3.12/site-packages/airflow/example_dags/example_branch_operator.py
[2026-05-28T15:26:17.017+0000] {logging_mixin.py:190} INFO - [2026-05-28T15:26:17.017+0000] {dag.py:3239} INFO - Sync 1 DAGs
[2026-05-28T15:26:17.049+0000] {logging_mixin.py:190} INFO - [2026-05-28T15:26:17.049+0000] {dag.py:4180} INFO - Setting next_dagrun for example_branch_operator to 2026-05-27 00:00:00+00:00, run_after=2026-05-28 00:00:00+00:00
[2026-05-28T15:26:17.089+0000] {processor.py:208} INFO - Processing /home/airflow/.local/lib/python3.12/site-packages/airflow/example_dags/example_branch_operator.py took 0.157 seconds
[2026-05-28T15:26:47.244+0000] {processor.py:186} INFO - Started process (PID=10993) to work on /home/airflow/.local/lib/python3.12/site-packages/airflow/example_dags/example_branch_operator.py
[2026-05-28T15:26:47.246+0000] {processor.py:914} INFO - Processing file /home/airflow/.local/lib/python3.12/site-packages/airflow/example_dags/example_branch_operator.py for tasks to queue
[2026-05-28T15:26:47.248+0000] {logging_mixin.py:190} INFO - [2026-05-28T15:26:47.247+0000] {dagbag.py:588} INFO - Filling up the DagBag from /home/airflow/.local/lib/python3.12/site-packages/airflow/example_dags/example_branch_operator.py
[2026-05-28T15:26:47.275+0000] {processor.py:925} INFO - DAG(s) 'example_branch_operator' retrieved from /home/airflow/.local/lib/python3.12/site-packages/airflow/example_dags/example_branch_operator.py
[2026-05-28T15:26:47.329+0000] {logging_mixin.py:190} INFO - [2026-05-28T15:26:47.329+0000] {dag.py:3239} INFO - Sync 1 DAGs
[2026-05-28T15:26:47.367+0000] {logging_mixin.py:190} INFO - [2026-05-28T15:26:47.367+0000] {dag.py:4180} INFO - Setting next_dagrun for example_branch_operator to 2026-05-27 00:00:00+00:00, run_after=2026-05-28 00:00:00+00:00
[2026-05-28T15:26:47.408+0000] {processor.py:208} INFO - Processing /home/airflow/.local/lib/python3.12/site-packages/airflow/example_dags/example_branch_operator.py took 0.172 seconds
[2026-05-28T15:27:17.494+0000] {processor.py:186} INFO - Started process (PID=11056) to work on /home/airflow/.local/lib/python3.12/site-packages/airflow/example_dags/example_branch_operator.py
[2026-05-28T15:27:17.496+0000] {processor.py:914} INFO - Processing file /home/airflow/.local/lib/python3.12/site-packages/airflow/example_dags/example_branch_operator.py for tasks to queue
[2026-05-28T15:27:17.498+0000] {logging_mixin.py:190} INFO - [2026-05-28T15:27:17.498+0000] {dagbag.py:588} INFO - Filling up the DagBag from /home/airflow/.local/lib/python3.12/site-packages/airflow/example_dags/example_branch_operator.py
[2026-05-28T15:27:17.525+0000] {processor.py:925} INFO - DAG(s) 'example_branch_operator' retrieved from /home/airflow/.local/lib/python3.12/site-packages/airflow/example_dags/example_branch_operator.py
[2026-05-28T15:27:17.571+0000] {logging_mixin.py:190} INFO - [2026-05-28T15:27:17.571+0000] {dag.py:3239} INFO - Sync 1 DAGs
[2026-05-28T15:27:17.605+0000] {logging_mixin.py:190} INFO - [2026-05-28T15:27:17.604+0000] {dag.py:4180} INFO - Setting next_dagrun for example_branch_operator to 2026-05-27 00:00:00+00:00, run_after=2026-05-28 00:00:00+00:00
[2026-05-28T15:27:17.635+0000] {processor.py:208} INFO - Processing /home/airflow/.local/lib/python3.12/site-packages/airflow/example_dags/example_branch_operator.py took 0.150 seconds
[2026-05-28T15:27:56.183+0000] {processor.py:186} INFO - Started process (PID=11121) to work on /home/airflow/.local/lib/python3.12/site-packages/airflow/example_dags/example_branch_operator.py
[2026-05-28T15:27:56.185+0000] {processor.py:914} INFO - Processing file /home/airflow/.local/lib/python3.12/site-packages/airflow/example_dags/example_branch_operator.py for tasks to queue
[2026-05-28T15:27:56.187+0000] {logging_mixin.py:190} INFO - [2026-05-28T15:27:56.187+0000] {dagbag.py:588} INFO - Filling up the DagBag from /home/airflow/.local/lib/python3.12/site-packages/airflow/example_dags/example_branch_operator.py
[2026-05-28T15:27:56.211+0000] {processor.py:925} INFO - DAG(s) 'example_branch_operator' retrieved from /home/airflow/.local/lib/python3.12/site-packages/airflow/example_dags/example_branch_operator.py
[2026-05-28T15:27:56.251+0000] {logging_mixin.py:190} INFO - [2026-05-28T15:27:56.250+0000] {dag.py:3239} INFO - Sync 1 DAGs
[2026-05-28T15:27:56.298+0000] {logging_mixin.py:190} INFO - [2026-05-28T15:27:56.298+0000] {dag.py:4180} INFO - Setting next_dagrun for example_branch_operator to 2026-05-27 00:00:00+00:00, run_after=2026-05-28 00:00:00+00:00
[2026-05-28T15:27:56.337+0000] {processor.py:208} INFO - Processing /home/airflow/.local/lib/python3.12/site-packages/airflow/example_dags/example_branch_operator.py took 0.161 seconds
[2026-05-28T15:28:27.606+0000] {processor.py:186} INFO - Started process (PID=11185) to work on /home/airflow/.local/lib/python3.12/site-packages/airflow/example_dags/example_branch_operator.py
[2026-05-28T15:28:27.608+0000] {processor.py:914} INFO - Processing file /home/airflow/.local/lib/python3.12/site-packages/airflow/example_dags/example_branch_operator.py for tasks to queue
[2026-05-28T15:28:27.610+0000] {logging_mixin.py:190} INFO - [2026-05-28T15:28:27.609+0000] {dagbag.py:588} INFO - Filling up the DagBag from /home/airflow/.local/lib/python3.12/site-packages/airflow/example_dags/example_branch_operator.py
[2026-05-28T15:28:27.637+0000] {processor.py:925} INFO - DAG(s) 'example_branch_operator' retrieved from /home/airflow/.local/lib/python3.12/site-packages/airflow/example_dags/example_branch_operator.py
[2026-05-28T15:28:27.685+0000] {logging_mixin.py:190} INFO - [2026-05-28T15:28:27.685+0000] {dag.py:3239} INFO - Sync 1 DAGs
[2026-05-28T15:28:27.717+0000] {logging_mixin.py:190} INFO - [2026-05-28T15:28:27.716+0000] {dag.py:4180} INFO - Setting next_dagrun for example_branch_operator to 2026-05-27 00:00:00+00:00, run_after=2026-05-28 00:00:00+00:00
[2026-05-28T15:28:27.753+0000] {processor.py:208} INFO - Processing /home/airflow/.local/lib/python3.12/site-packages/airflow/example_dags/example_branch_operator.py took 0.155 seconds
[2026-05-28T15:28:58.307+0000] {processor.py:186} INFO - Started process (PID=11248) to work on /home/airflow/.local/lib/python3.12/site-packages/airflow/example_dags/example_branch_operator.py
[2026-05-28T15:28:58.308+0000] {processor.py:914} INFO - Processing file /home/airflow/.local/lib/python3.12/site-packages/airflow/example_dags/example_branch_operator.py for tasks to queue
[2026-05-28T15:28:58.310+0000] {logging_mixin.py:190} INFO - [2026-05-28T15:28:58.310+0000] {dagbag.py:588} INFO - Filling up the DagBag from /home/airflow/.local/lib/python3.12/site-packages/airflow/example_dags/example_branch_operator.py
[2026-05-28T15:28:58.339+0000] {processor.py:925} INFO - DAG(s) 'example_branch_operator' retrieved from /home/airflow/.local/lib/python3.12/site-packages/airflow/example_dags/example_branch_operator.py
[2026-05-28T15:28:58.382+0000] {logging_mixin.py:190} INFO - [2026-05-28T15:28:58.382+0000] {dag.py:3239} INFO - Sync 1 DAGs
[2026-05-28T15:28:58.416+0000] {logging_mixin.py:190} INFO - [2026-05-28T15:28:58.415+0000] {dag.py:4180} INFO - Setting next_dagrun for example_branch_operator to 2026-05-27 00:00:00+00:00, run_after=2026-05-28 00:00:00+00:00
[2026-05-28T15:28:58.447+0000] {processor.py:208} INFO - Processing /home/airflow/.local/lib/python3.12/site-packages/airflow/example_dags/example_branch_operator.py took 0.148 seconds
[2026-05-28T15:29:29.012+0000] {processor.py:186} INFO - Started process (PID=11312) to work on /home/airflow/.local/lib/python3.12/site-packages/airflow/example_dags/example_branch_operator.py
[2026-05-28T15:29:29.014+0000] {processor.py:914} INFO - Processing file /home/airflow/.local/lib/python3.12/site-packages/airflow/example_dags/example_branch_operator.py for tasks to queue
[2026-05-28T15:29:29.017+0000] {logging_mixin.py:190} INFO - [2026-05-28T15:29:29.017+0000] {dagbag.py:588} INFO - Filling up the DagBag from /home/airflow/.local/lib/python3.12/site-packages/airflow/example_dags/example_branch_operator.py
[2026-05-28T15:29:29.047+0000] {processor.py:925} INFO - DAG(s) 'example_branch_operator' retrieved from /home/airflow/.local/lib/python3.12/site-packages/airflow/example_dags/example_branch_operator.py
[2026-05-28T15:29:29.094+0000] {logging_mixin.py:190} INFO - [2026-05-28T15:29:29.094+0000] {dag.py:3239} INFO - Sync 1 DAGs
[2026-05-28T15:29:29.137+0000] {logging_mixin.py:190} INFO - [2026-05-28T15:29:29.137+0000] {dag.py:4180} INFO - Setting next_dagrun for example_branch_operator to 2026-05-27 00:00:00+00:00, run_after=2026-05-28 00:00:00+00:00
[2026-05-28T15:29:29.171+0000] {processor.py:208} INFO - Processing /home/airflow/.local/lib/python3.12/site-packages/airflow/example_dags/example_branch_operator.py took 0.169 seconds
[2026-05-28T15:29:59.944+0000] {processor.py:186} INFO - Started process (PID=11381) to work on /home/airflow/.local/lib/python3.12/site-packages/airflow/example_dags/example_branch_operator.py
[2026-05-28T15:29:59.946+0000] {processor.py:914} INFO - Processing file /home/airflow/.local/lib/python3.12/site-packages/airflow/example_dags/example_branch_operator.py for tasks to queue
[2026-05-28T15:29:59.948+0000] {logging_mixin.py:190} INFO - [2026-05-28T15:29:59.948+0000] {dagbag.py:588} INFO - Filling up the DagBag from /home/airflow/.local/lib/python3.12/site-packages/airflow/example_dags/example_branch_operator.py
[2026-05-28T15:29:59.971+0000] {processor.py:925} INFO - DAG(s) 'example_branch_operator' retrieved from /home/airflow/.local/lib/python3.12/site-packages/airflow/example_dags/example_branch_operator.py
[2026-05-28T15:30:00.017+0000] {logging_mixin.py:190} INFO - [2026-05-28T15:30:00.016+0000] {dag.py:3239} INFO - Sync 1 DAGs
[2026-05-28T15:30:00.056+0000] {logging_mixin.py:190} INFO - [2026-05-28T15:30:00.056+0000] {dag.py:4180} INFO - Setting next_dagrun for example_branch_operator to 2026-05-27 00:00:00+00:00, run_after=2026-05-28 00:00:00+00:00
[2026-05-28T15:30:00.096+0000] {processor.py:208} INFO - Processing /home/airflow/.local/lib/python3.12/site-packages/airflow/example_dags/example_branch_operator.py took 0.159 seconds
[2026-05-28T15:30:36.356+0000] {processor.py:186} INFO - Started process (PID=11434) to work on /home/airflow/.local/lib/python3.12/site-packages/airflow/example_dags/example_branch_operator.py
[2026-05-28T15:30:36.358+0000] {processor.py:914} INFO - Processing file /home/airflow/.local/lib/python3.12/site-packages/airflow/example_dags/example_branch_operator.py for tasks to queue
[2026-05-28T15:30:36.368+0000] {logging_mixin.py:190} INFO - [2026-05-28T15:30:36.367+0000] {dagbag.py:588} INFO - Filling up the DagBag from /home/airflow/.local/lib/python3.12/site-packages/airflow/example_dags/example_branch_operator.py
[2026-05-28T15:30:36.418+0000] {processor.py:925} INFO - DAG(s) 'example_branch_operator' retrieved from /home/airflow/.local/lib/python3.12/site-packages/airflow/example_dags/example_branch_operator.py
[2026-05-28T15:30:36.462+0000] {logging_mixin.py:190} INFO - [2026-05-28T15:30:36.461+0000] {dag.py:3239} INFO - Sync 1 DAGs
[2026-05-28T15:30:36.496+0000] {logging_mixin.py:190} INFO - [2026-05-28T15:30:36.495+0000] {dag.py:4180} INFO - Setting next_dagrun for example_branch_operator to 2026-05-27 00:00:00+00:00, run_after=2026-05-28 00:00:00+00:00
[2026-05-28T15:30:36.527+0000] {processor.py:208} INFO - Processing /home/airflow/.local/lib/python3.12/site-packages/airflow/example_dags/example_branch_operator.py took 0.179 seconds
[2026-05-28T15:31:10.051+0000] {processor.py:186} INFO - Started process (PID=11498) to work on /home/airflow/.local/lib/python3.12/site-packages/airflow/example_dags/example_branch_operator.py
[2026-05-28T15:31:10.053+0000] {processor.py:914} INFO - Processing file /home/airflow/.local/lib/python3.12/site-packages/airflow/example_dags/example_branch_operator.py for tasks to queue
[2026-05-28T15:31:10.056+0000] {logging_mixin.py:190} INFO - [2026-05-28T15:31:10.055+0000] {dagbag.py:588} INFO - Filling up the DagBag from /home/airflow/.local/lib/python3.12/site-packages/airflow/example_dags/example_branch_operator.py
[2026-05-28T15:31:10.086+0000] {processor.py:925} INFO - DAG(s) 'example_branch_operator' retrieved from /home/airflow/.local/lib/python3.12/site-packages/airflow/example_dags/example_branch_operator.py
[2026-05-28T15:31:10.141+0000] {logging_mixin.py:190} INFO - [2026-05-28T15:31:10.141+0000] {dag.py:3239} INFO - Sync 1 DAGs
[2026-05-28T15:31:10.187+0000] {logging_mixin.py:190} INFO - [2026-05-28T15:31:10.187+0000] {dag.py:4180} INFO - Setting next_dagrun for example_branch_operator to 2026-05-27 00:00:00+00:00, run_after=2026-05-28 00:00:00+00:00
[2026-05-28T15:31:10.220+0000] {processor.py:208} INFO - Processing /home/airflow/.local/lib/python3.12/site-packages/airflow/example_dags/example_branch_operator.py took 0.177 seconds
[2026-05-28T15:31:44.524+0000] {processor.py:186} INFO - Started process (PID=11561) to work on /home/airflow/.local/lib/python3.12/site-packages/airflow/example_dags/example_branch_operator.py
[2026-05-28T15:31:44.527+0000] {processor.py:914} INFO - Processing file /home/airflow/.local/lib/python3.12/site-packages/airflow/example_dags/example_branch_operator.py for tasks to queue
[2026-05-28T15:31:44.531+0000] {logging_mixin.py:190} INFO - [2026-05-28T15:31:44.530+0000] {dagbag.py:588} INFO - Filling up the DagBag from /home/airflow/.local/lib/python3.12/site-packages/airflow/example_dags/example_branch_operator.py
[2026-05-28T15:31:44.565+0000] {processor.py:925} INFO - DAG(s) 'example_branch_operator' retrieved from /home/airflow/.local/lib/python3.12/site-packages/airflow/example_dags/example_branch_operator.py
[2026-05-28T15:31:44.634+0000] {logging_mixin.py:190} INFO - [2026-05-28T15:31:44.634+0000] {dag.py:3239} INFO - Sync 1 DAGs
[2026-05-28T15:31:45.044+0000] {logging_mixin.py:190} INFO - [2026-05-28T15:31:45.044+0000] {dag.py:4180} INFO - Setting next_dagrun for example_branch_operator to 2026-05-27 00:00:00+00:00, run_after=2026-05-28 00:00:00+00:00
[2026-05-28T15:31:45.074+0000] {processor.py:208} INFO - Processing /home/airflow/.local/lib/python3.12/site-packages/airflow/example_dags/example_branch_operator.py took 0.560 seconds
[2026-05-28T15:32:17.363+0000] {processor.py:186} INFO - Started process (PID=11629) to work on /home/airflow/.local/lib/python3.12/site-packages/airflow/example_dags/example_branch_operator.py
[2026-05-28T15:32:17.365+0000] {processor.py:914} INFO - Processing file /home/airflow/.local/lib/python3.12/site-packages/airflow/example_dags/example_branch_operator.py for tasks to queue
[2026-05-28T15:32:17.368+0000] {logging_mixin.py:190} INFO - [2026-05-28T15:32:17.367+0000] {dagbag.py:588} INFO - Filling up the DagBag from /home/airflow/.local/lib/python3.12/site-packages/airflow/example_dags/example_branch_operator.py
[2026-05-28T15:32:17.402+0000] {processor.py:925} INFO - DAG(s) 'example_branch_operator' retrieved from /home/airflow/.local/lib/python3.12/site-packages/airflow/example_dags/example_branch_operator.py
[2026-05-28T15:32:17.464+0000] {logging_mixin.py:190} INFO - [2026-05-28T15:32:17.464+0000] {dag.py:3239} INFO - Sync 1 DAGs
[2026-05-28T15:32:17.513+0000] {logging_mixin.py:190} INFO - [2026-05-28T15:32:17.513+0000] {dag.py:4180} INFO - Setting next_dagrun for example_branch_operator to 2026-05-27 00:00:00+00:00, run_after=2026-05-28 00:00:00+00:00
[2026-05-28T15:32:17.888+0000] {processor.py:208} INFO - Processing /home/airflow/.local/lib/python3.12/site-packages/airflow/example_dags/example_branch_operator.py took 0.535 seconds
[2026-05-28T15:32:48.087+0000] {processor.py:186} INFO - Started process (PID=11693) to work on /home/airflow/.local/lib/python3.12/site-packages/airflow/example_dags/example_branch_operator.py
[2026-05-28T15:32:48.088+0000] {processor.py:914} INFO - Processing file /home/airflow/.local/lib/python3.12/site-packages/airflow/example_dags/example_branch_operator.py for tasks to queue
[2026-05-28T15:32:48.091+0000] {logging_mixin.py:190} INFO - [2026-05-28T15:32:48.090+0000] {dagbag.py:588} INFO - Filling up the DagBag from /home/airflow/.local/lib/python3.12/site-packages/airflow/example_dags/example_branch_operator.py
[2026-05-28T15:32:48.121+0000] {processor.py:925} INFO - DAG(s) 'example_branch_operator' retrieved from /home/airflow/.local/lib/python3.12/site-packages/airflow/example_dags/example_branch_operator.py
[2026-05-28T15:32:48.168+0000] {logging_mixin.py:190} INFO - [2026-05-28T15:32:48.167+0000] {dag.py:3239} INFO - Sync 1 DAGs
[2026-05-28T15:32:48.198+0000] {logging_mixin.py:190} INFO - [2026-05-28T15:32:48.197+0000] {dag.py:4180} INFO - Setting next_dagrun for example_branch_operator to 2026-05-27 00:00:00+00:00, run_after=2026-05-28 00:00:00+00:00
[2026-05-28T15:32:48.236+0000] {processor.py:208} INFO - Processing /home/airflow/.local/lib/python3.12/site-packages/airflow/example_dags/example_branch_operator.py took 0.157 seconds
[2026-05-28T15:33:19.585+0000] {processor.py:186} INFO - Started process (PID=11750) to work on /home/airflow/.local/lib/python3.12/site-packages/airflow/example_dags/example_branch_operator.py
[2026-05-28T15:33:19.587+0000] {processor.py:914} INFO - Processing file /home/airflow/.local/lib/python3.12/site-packages/airflow/example_dags/example_branch_operator.py for tasks to queue
[2026-05-28T15:33:19.589+0000] {logging_mixin.py:190} INFO - [2026-05-28T15:33:19.588+0000] {dagbag.py:588} INFO - Filling up the DagBag from /home/airflow/.local/lib/python3.12/site-packages/airflow/example_dags/example_branch_operator.py
[2026-05-28T15:33:19.644+0000] {processor.py:925} INFO - DAG(s) 'example_branch_operator' retrieved from /home/airflow/.local/lib/python3.12/site-packages/airflow/example_dags/example_branch_operator.py
[2026-05-28T15:33:19.694+0000] {logging_mixin.py:190} INFO - [2026-05-28T15:33:19.693+0000] {dag.py:3239} INFO - Sync 1 DAGs
[2026-05-28T15:33:19.729+0000] {logging_mixin.py:190} INFO - [2026-05-28T15:33:19.729+0000] {dag.py:4180} INFO - Setting next_dagrun for example_branch_operator to 2026-05-27 00:00:00+00:00, run_after=2026-05-28 00:00:00+00:00
[2026-05-28T15:33:19.766+0000] {processor.py:208} INFO - Processing /home/airflow/.local/lib/python3.12/site-packages/airflow/example_dags/example_branch_operator.py took 0.189 seconds
[2026-05-28T15:33:57.258+0000] {processor.py:186} INFO - Started process (PID=11814) to work on /home/airflow/.local/lib/python3.12/site-packages/airflow/example_dags/example_branch_operator.py
[2026-05-28T15:33:57.260+0000] {processor.py:914} INFO - Processing file /home/airflow/.local/lib/python3.12/site-packages/airflow/example_dags/example_branch_operator.py for tasks to queue
[2026-05-28T15:33:57.262+0000] {logging_mixin.py:190} INFO - [2026-05-28T15:33:57.262+0000] {dagbag.py:588} INFO - Filling up the DagBag from /home/airflow/.local/lib/python3.12/site-packages/airflow/example_dags/example_branch_operator.py
[2026-05-28T15:33:57.292+0000] {processor.py:925} INFO - DAG(s) 'example_branch_operator' retrieved from /home/airflow/.local/lib/python3.12/site-packages/airflow/example_dags/example_branch_operator.py
[2026-05-28T15:33:57.347+0000] {logging_mixin.py:190} INFO - [2026-05-28T15:33:57.346+0000] {dag.py:3239} INFO - Sync 1 DAGs
[2026-05-28T15:33:57.385+0000] {logging_mixin.py:190} INFO - [2026-05-28T15:33:57.385+0000] {dag.py:4180} INFO - Setting next_dagrun for example_branch_operator to 2026-05-27 00:00:00+00:00, run_after=2026-05-28 00:00:00+00:00
[2026-05-28T15:33:57.411+0000] {processor.py:208} INFO - Processing /home/airflow/.local/lib/python3.12/site-packages/airflow/example_dags/example_branch_operator.py took 0.161 seconds
[2026-05-28T15:34:29.521+0000] {processor.py:186} INFO - Started process (PID=11878) to work on /home/airflow/.local/lib/python3.12/site-packages/airflow/example_dags/example_branch_operator.py
[2026-05-28T15:34:29.522+0000] {processor.py:914} INFO - Processing file /home/airflow/.local/lib/python3.12/site-packages/airflow/example_dags/example_branch_operator.py for tasks to queue
[2026-05-28T15:34:29.525+0000] {logging_mixin.py:190} INFO - [2026-05-28T15:34:29.524+0000] {dagbag.py:588} INFO - Filling up the DagBag from /home/airflow/.local/lib/python3.12/site-packages/airflow/example_dags/example_branch_operator.py
[2026-05-28T15:34:29.554+0000] {processor.py:925} INFO - DAG(s) 'example_branch_operator' retrieved from /home/airflow/.local/lib/python3.12/site-packages/airflow/example_dags/example_branch_operator.py
[2026-05-28T15:34:29.611+0000] {logging_mixin.py:190} INFO - [2026-05-28T15:34:29.611+0000] {dag.py:3239} INFO - Sync 1 DAGs
[2026-05-28T15:34:29.907+0000] {logging_mixin.py:190} INFO - [2026-05-28T15:34:29.907+0000] {dag.py:4180} INFO - Setting next_dagrun for example_branch_operator to 2026-05-27 00:00:00+00:00, run_after=2026-05-28 00:00:00+00:00
[2026-05-28T15:34:29.938+0000] {processor.py:208} INFO - Processing /home/airflow/.local/lib/python3.12/site-packages/airflow/example_dags/example_branch_operator.py took 0.424 seconds
[2026-05-28T15:35:01.395+0000] {processor.py:186} INFO - Started process (PID=11948) to work on /home/airflow/.local/lib/python3.12/site-packages/airflow/example_dags/example_branch_operator.py
[2026-05-28T15:35:01.397+0000] {processor.py:914} INFO - Processing file /home/airflow/.local/lib/python3.12/site-packages/airflow/example_dags/example_branch_operator.py for tasks to queue
[2026-05-28T15:35:01.400+0000] {logging_mixin.py:190} INFO - [2026-05-28T15:35:01.399+0000] {dagbag.py:588} INFO - Filling up the DagBag from /home/airflow/.local/lib/python3.12/site-packages/airflow/example_dags/example_branch_operator.py
[2026-05-28T15:35:01.433+0000] {processor.py:925} INFO - DAG(s) 'example_branch_operator' retrieved from /home/airflow/.local/lib/python3.12/site-packages/airflow/example_dags/example_branch_operator.py
[2026-05-28T15:35:01.501+0000] {logging_mixin.py:190} INFO - [2026-05-28T15:35:01.500+0000] {dag.py:3239} INFO - Sync 1 DAGs
[2026-05-28T15:35:01.852+0000] {logging_mixin.py:190} INFO - [2026-05-28T15:35:01.851+0000] {dag.py:4180} INFO - Setting next_dagrun for example_branch_operator to 2026-05-27 00:00:00+00:00, run_after=2026-05-28 00:00:00+00:00
[2026-05-28T15:35:01.889+0000] {processor.py:208} INFO - Processing /home/airflow/.local/lib/python3.12/site-packages/airflow/example_dags/example_branch_operator.py took 0.512 seconds
[2026-05-28T15:35:38.115+0000] {processor.py:186} INFO - Started process (PID=12013) to work on /home/airflow/.local/lib/python3.12/site-packages/airflow/example_dags/example_branch_operator.py
[2026-05-28T15:35:38.117+0000] {processor.py:914} INFO - Processing file /home/airflow/.local/lib/python3.12/site-packages/airflow/example_dags/example_branch_operator.py for tasks to queue
[2026-05-28T15:35:38.119+0000] {logging_mixin.py:190} INFO - [2026-05-28T15:35:38.118+0000] {dagbag.py:588} INFO - Filling up the DagBag from /home/airflow/.local/lib/python3.12/site-packages/airflow/example_dags/example_branch_operator.py
[2026-05-28T15:35:38.146+0000] {processor.py:925} INFO - DAG(s) 'example_branch_operator' retrieved from /home/airflow/.local/lib/python3.12/site-packages/airflow/example_dags/example_branch_operator.py
[2026-05-28T15:35:38.190+0000] {logging_mixin.py:190} INFO - [2026-05-28T15:35:38.190+0000] {dag.py:3239} INFO - Sync 1 DAGs
[2026-05-28T15:35:38.222+0000] {logging_mixin.py:190} INFO - [2026-05-28T15:35:38.222+0000] {dag.py:4180} INFO - Setting next_dagrun for example_branch_operator to 2026-05-27 00:00:00+00:00, run_after=2026-05-28 00:00:00+00:00
[2026-05-28T15:35:38.252+0000] {processor.py:208} INFO - Processing /home/airflow/.local/lib/python3.12/site-packages/airflow/example_dags/example_branch_operator.py took 0.146 seconds
[2026-05-28T15:36:09.785+0000] {processor.py:186} INFO - Started process (PID=12077) to work on /home/airflow/.local/lib/python3.12/site-packages/airflow/example_dags/example_branch_operator.py
[2026-05-28T15:36:09.787+0000] {processor.py:914} INFO - Processing file /home/airflow/.local/lib/python3.12/site-packages/airflow/example_dags/example_branch_operator.py for tasks to queue
[2026-05-28T15:36:09.789+0000] {logging_mixin.py:190} INFO - [2026-05-28T15:36:09.789+0000] {dagbag.py:588} INFO - Filling up the DagBag from /home/airflow/.local/lib/python3.12/site-packages/airflow/example_dags/example_branch_operator.py
[2026-05-28T15:36:09.817+0000] {processor.py:925} INFO - DAG(s) 'example_branch_operator' retrieved from /home/airflow/.local/lib/python3.12/site-packages/airflow/example_dags/example_branch_operator.py
[2026-05-28T15:36:09.865+0000] {logging_mixin.py:190} INFO - [2026-05-28T15:36:09.865+0000] {dag.py:3239} INFO - Sync 1 DAGs
[2026-05-28T15:36:09.914+0000] {logging_mixin.py:190} INFO - [2026-05-28T15:36:09.914+0000] {dag.py:4180} INFO - Setting next_dagrun for example_branch_operator to 2026-05-27 00:00:00+00:00, run_after=2026-05-28 00:00:00+00:00
[2026-05-28T15:36:09.961+0000] {processor.py:208} INFO - Processing /home/airflow/.local/lib/python3.12/site-packages/airflow/example_dags/example_branch_operator.py took 0.186 seconds
[2026-05-28T15:36:40.599+0000] {processor.py:186} INFO - Started process (PID=12139) to work on /home/airflow/.local/lib/python3.12/site-packages/airflow/example_dags/example_branch_operator.py
[2026-05-28T15:36:40.601+0000] {processor.py:914} INFO - Processing file /home/airflow/.local/lib/python3.12/site-packages/airflow/example_dags/example_branch_operator.py for tasks to queue
[2026-05-28T15:36:40.604+0000] {logging_mixin.py:190} INFO - [2026-05-28T15:36:40.603+0000] {dagbag.py:588} INFO - Filling up the DagBag from /home/airflow/.local/lib/python3.12/site-packages/airflow/example_dags/example_branch_operator.py
[2026-05-28T15:36:40.628+0000] {processor.py:925} INFO - DAG(s) 'example_branch_operator' retrieved from /home/airflow/.local/lib/python3.12/site-packages/airflow/example_dags/example_branch_operator.py
[2026-05-28T15:36:40.673+0000] {logging_mixin.py:190} INFO - [2026-05-28T15:36:40.673+0000] {dag.py:3239} INFO - Sync 1 DAGs
[2026-05-28T15:36:40.706+0000] {logging_mixin.py:190} INFO - [2026-05-28T15:36:40.705+0000] {dag.py:4180} INFO - Setting next_dagrun for example_branch_operator to 2026-05-27 00:00:00+00:00, run_after=2026-05-28 00:00:00+00:00
[2026-05-28T15:36:40.754+0000] {processor.py:208} INFO - Processing /home/airflow/.local/lib/python3.12/site-packages/airflow/example_dags/example_branch_operator.py took 0.164 seconds
[2026-05-28T15:37:16.307+0000] {processor.py:186} INFO - Started process (PID=12191) to work on /home/airflow/.local/lib/python3.12/site-packages/airflow/example_dags/example_branch_operator.py
[2026-05-28T15:37:16.309+0000] {processor.py:914} INFO - Processing file /home/airflow/.local/lib/python3.12/site-packages/airflow/example_dags/example_branch_operator.py for tasks to queue
[2026-05-28T15:37:16.311+0000] {logging_mixin.py:190} INFO - [2026-05-28T15:37:16.311+0000] {dagbag.py:588} INFO - Filling up the DagBag from /home/airflow/.local/lib/python3.12/site-packages/airflow/example_dags/example_branch_operator.py
[2026-05-28T15:37:16.335+0000] {processor.py:925} INFO - DAG(s) 'example_branch_operator' retrieved from /home/airflow/.local/lib/python3.12/site-packages/airflow/example_dags/example_branch_operator.py
[2026-05-28T15:37:16.379+0000] {logging_mixin.py:190} INFO - [2026-05-28T15:37:16.379+0000] {dag.py:3239} INFO - Sync 1 DAGs
[2026-05-28T15:37:16.418+0000] {logging_mixin.py:190} INFO - [2026-05-28T15:37:16.417+0000] {dag.py:4180} INFO - Setting next_dagrun for example_branch_operator to 2026-05-27 00:00:00+00:00, run_after=2026-05-28 00:00:00+00:00
[2026-05-28T15:37:16.449+0000] {processor.py:208} INFO - Processing /home/airflow/.local/lib/python3.12/site-packages/airflow/example_dags/example_branch_operator.py took 0.149 seconds
