[2026-05-28T06:10:06.233+0000] {processor.py:161} INFO - Started process (PID=101) to work on /home/airflow/.local/lib/python3.12/site-packages/airflow/example_dags/example_python_operator.py
[2026-05-28T06:10:06.236+0000] {processor.py:830} INFO - Processing file /home/airflow/.local/lib/python3.12/site-packages/airflow/example_dags/example_python_operator.py for tasks to queue
[2026-05-28T06:10:06.240+0000] {logging_mixin.py:188} INFO - [2026-05-28T06:10:06.240+0000] {dagbag.py:545} INFO - Filling up the DagBag from /home/airflow/.local/lib/python3.12/site-packages/airflow/example_dags/example_python_operator.py
[2026-05-28T06:10:06.265+0000] {processor.py:840} INFO - DAG(s) 'example_python_operator' retrieved from /home/airflow/.local/lib/python3.12/site-packages/airflow/example_dags/example_python_operator.py
[2026-05-28T06:10:06.527+0000] {logging_mixin.py:188} INFO - [2026-05-28T06:10:06.526+0000] {dag.py:3089} INFO - Sync 1 DAGs
[2026-05-28T06:10:06.557+0000] {logging_mixin.py:188} INFO - [2026-05-28T06:10:06.557+0000] {dag.py:3947} INFO - Setting next_dagrun for example_python_operator to None, run_after=None
[2026-05-28T06:10:06.608+0000] {processor.py:183} INFO - Processing /home/airflow/.local/lib/python3.12/site-packages/airflow/example_dags/example_python_operator.py took 0.386 seconds
[2026-05-28T06:10:37.306+0000] {processor.py:161} INFO - Started process (PID=159) to work on /home/airflow/.local/lib/python3.12/site-packages/airflow/example_dags/example_python_operator.py
[2026-05-28T06:10:37.326+0000] {processor.py:830} INFO - Processing file /home/airflow/.local/lib/python3.12/site-packages/airflow/example_dags/example_python_operator.py for tasks to queue
[2026-05-28T06:10:37.358+0000] {logging_mixin.py:188} INFO - [2026-05-28T06:10:37.357+0000] {dagbag.py:545} INFO - Filling up the DagBag from /home/airflow/.local/lib/python3.12/site-packages/airflow/example_dags/example_python_operator.py
[2026-05-28T06:10:37.411+0000] {processor.py:840} INFO - DAG(s) 'example_python_operator' retrieved from /home/airflow/.local/lib/python3.12/site-packages/airflow/example_dags/example_python_operator.py
[2026-05-28T06:10:37.515+0000] {logging_mixin.py:188} INFO - [2026-05-28T06:10:37.514+0000] {dag.py:3089} INFO - Sync 1 DAGs
[2026-05-28T06:10:37.670+0000] {logging_mixin.py:188} INFO - [2026-05-28T06:10:37.669+0000] {dag.py:3947} INFO - Setting next_dagrun for example_python_operator to None, run_after=None
[2026-05-28T06:10:37.823+0000] {processor.py:183} INFO - Processing /home/airflow/.local/lib/python3.12/site-packages/airflow/example_dags/example_python_operator.py took 0.549 seconds
[2026-05-28T06:11:08.500+0000] {processor.py:161} INFO - Started process (PID=217) to work on /home/airflow/.local/lib/python3.12/site-packages/airflow/example_dags/example_python_operator.py
[2026-05-28T06:11:08.502+0000] {processor.py:830} INFO - Processing file /home/airflow/.local/lib/python3.12/site-packages/airflow/example_dags/example_python_operator.py for tasks to queue
[2026-05-28T06:11:08.506+0000] {logging_mixin.py:188} INFO - [2026-05-28T06:11:08.505+0000] {dagbag.py:545} INFO - Filling up the DagBag from /home/airflow/.local/lib/python3.12/site-packages/airflow/example_dags/example_python_operator.py
[2026-05-28T06:11:08.526+0000] {processor.py:840} INFO - DAG(s) 'example_python_operator' retrieved from /home/airflow/.local/lib/python3.12/site-packages/airflow/example_dags/example_python_operator.py
[2026-05-28T06:11:08.578+0000] {logging_mixin.py:188} INFO - [2026-05-28T06:11:08.577+0000] {dag.py:3089} INFO - Sync 1 DAGs
[2026-05-28T06:11:08.604+0000] {logging_mixin.py:188} INFO - [2026-05-28T06:11:08.604+0000] {dag.py:3947} INFO - Setting next_dagrun for example_python_operator to None, run_after=None
[2026-05-28T06:11:08.641+0000] {processor.py:183} INFO - Processing /home/airflow/.local/lib/python3.12/site-packages/airflow/example_dags/example_python_operator.py took 0.152 seconds
[2026-05-28T06:11:38.763+0000] {processor.py:161} INFO - Started process (PID=275) to work on /home/airflow/.local/lib/python3.12/site-packages/airflow/example_dags/example_python_operator.py
[2026-05-28T06:11:38.765+0000] {processor.py:830} INFO - Processing file /home/airflow/.local/lib/python3.12/site-packages/airflow/example_dags/example_python_operator.py for tasks to queue
[2026-05-28T06:11:38.768+0000] {logging_mixin.py:188} INFO - [2026-05-28T06:11:38.768+0000] {dagbag.py:545} INFO - Filling up the DagBag from /home/airflow/.local/lib/python3.12/site-packages/airflow/example_dags/example_python_operator.py
[2026-05-28T06:11:38.784+0000] {processor.py:840} INFO - DAG(s) 'example_python_operator' retrieved from /home/airflow/.local/lib/python3.12/site-packages/airflow/example_dags/example_python_operator.py
[2026-05-28T06:11:38.828+0000] {logging_mixin.py:188} INFO - [2026-05-28T06:11:38.827+0000] {dag.py:3089} INFO - Sync 1 DAGs
[2026-05-28T06:11:38.850+0000] {logging_mixin.py:188} INFO - [2026-05-28T06:11:38.850+0000] {dag.py:3947} INFO - Setting next_dagrun for example_python_operator to None, run_after=None
[2026-05-28T06:11:38.888+0000] {processor.py:183} INFO - Processing /home/airflow/.local/lib/python3.12/site-packages/airflow/example_dags/example_python_operator.py took 0.135 seconds
[2026-05-28T06:12:09.648+0000] {processor.py:161} INFO - Started process (PID=333) to work on /home/airflow/.local/lib/python3.12/site-packages/airflow/example_dags/example_python_operator.py
[2026-05-28T06:12:09.650+0000] {processor.py:830} INFO - Processing file /home/airflow/.local/lib/python3.12/site-packages/airflow/example_dags/example_python_operator.py for tasks to queue
[2026-05-28T06:12:09.652+0000] {logging_mixin.py:188} INFO - [2026-05-28T06:12:09.652+0000] {dagbag.py:545} INFO - Filling up the DagBag from /home/airflow/.local/lib/python3.12/site-packages/airflow/example_dags/example_python_operator.py
[2026-05-28T06:12:09.668+0000] {processor.py:840} INFO - DAG(s) 'example_python_operator' retrieved from /home/airflow/.local/lib/python3.12/site-packages/airflow/example_dags/example_python_operator.py
[2026-05-28T06:12:09.699+0000] {logging_mixin.py:188} INFO - [2026-05-28T06:12:09.698+0000] {dag.py:3089} INFO - Sync 1 DAGs
[2026-05-28T06:12:09.714+0000] {logging_mixin.py:188} INFO - [2026-05-28T06:12:09.714+0000] {dag.py:3947} INFO - Setting next_dagrun for example_python_operator to None, run_after=None
[2026-05-28T06:12:09.745+0000] {processor.py:183} INFO - Processing /home/airflow/.local/lib/python3.12/site-packages/airflow/example_dags/example_python_operator.py took 0.104 seconds
[2026-05-28T06:12:40.558+0000] {processor.py:161} INFO - Started process (PID=390) to work on /home/airflow/.local/lib/python3.12/site-packages/airflow/example_dags/example_python_operator.py
[2026-05-28T06:12:40.560+0000] {processor.py:830} INFO - Processing file /home/airflow/.local/lib/python3.12/site-packages/airflow/example_dags/example_python_operator.py for tasks to queue
[2026-05-28T06:12:40.565+0000] {logging_mixin.py:188} INFO - [2026-05-28T06:12:40.564+0000] {dagbag.py:545} INFO - Filling up the DagBag from /home/airflow/.local/lib/python3.12/site-packages/airflow/example_dags/example_python_operator.py
[2026-05-28T06:12:40.592+0000] {processor.py:840} INFO - DAG(s) 'example_python_operator' retrieved from /home/airflow/.local/lib/python3.12/site-packages/airflow/example_dags/example_python_operator.py
[2026-05-28T06:12:40.652+0000] {logging_mixin.py:188} INFO - [2026-05-28T06:12:40.652+0000] {dag.py:3089} INFO - Sync 1 DAGs
[2026-05-28T06:12:40.685+0000] {logging_mixin.py:188} INFO - [2026-05-28T06:12:40.684+0000] {dag.py:3947} INFO - Setting next_dagrun for example_python_operator to None, run_after=None
[2026-05-28T06:12:40.732+0000] {processor.py:183} INFO - Processing /home/airflow/.local/lib/python3.12/site-packages/airflow/example_dags/example_python_operator.py took 0.188 seconds
[2026-05-28T06:13:11.399+0000] {processor.py:161} INFO - Started process (PID=448) to work on /home/airflow/.local/lib/python3.12/site-packages/airflow/example_dags/example_python_operator.py
[2026-05-28T06:13:11.401+0000] {processor.py:830} INFO - Processing file /home/airflow/.local/lib/python3.12/site-packages/airflow/example_dags/example_python_operator.py for tasks to queue
[2026-05-28T06:13:11.407+0000] {logging_mixin.py:188} INFO - [2026-05-28T06:13:11.406+0000] {dagbag.py:545} INFO - Filling up the DagBag from /home/airflow/.local/lib/python3.12/site-packages/airflow/example_dags/example_python_operator.py
[2026-05-28T06:13:11.432+0000] {processor.py:840} INFO - DAG(s) 'example_python_operator' retrieved from /home/airflow/.local/lib/python3.12/site-packages/airflow/example_dags/example_python_operator.py
[2026-05-28T06:13:11.492+0000] {logging_mixin.py:188} INFO - [2026-05-28T06:13:11.490+0000] {dag.py:3089} INFO - Sync 1 DAGs
[2026-05-28T06:13:11.530+0000] {logging_mixin.py:188} INFO - [2026-05-28T06:13:11.529+0000] {dag.py:3947} INFO - Setting next_dagrun for example_python_operator to None, run_after=None
[2026-05-28T06:13:11.596+0000] {processor.py:183} INFO - Processing /home/airflow/.local/lib/python3.12/site-packages/airflow/example_dags/example_python_operator.py took 0.211 seconds
[2026-05-28T06:13:42.182+0000] {processor.py:161} INFO - Started process (PID=505) to work on /home/airflow/.local/lib/python3.12/site-packages/airflow/example_dags/example_python_operator.py
[2026-05-28T06:13:42.184+0000] {processor.py:830} INFO - Processing file /home/airflow/.local/lib/python3.12/site-packages/airflow/example_dags/example_python_operator.py for tasks to queue
[2026-05-28T06:13:42.188+0000] {logging_mixin.py:188} INFO - [2026-05-28T06:13:42.187+0000] {dagbag.py:545} INFO - Filling up the DagBag from /home/airflow/.local/lib/python3.12/site-packages/airflow/example_dags/example_python_operator.py
[2026-05-28T06:13:42.205+0000] {processor.py:840} INFO - DAG(s) 'example_python_operator' retrieved from /home/airflow/.local/lib/python3.12/site-packages/airflow/example_dags/example_python_operator.py
[2026-05-28T06:13:42.246+0000] {logging_mixin.py:188} INFO - [2026-05-28T06:13:42.246+0000] {dag.py:3089} INFO - Sync 1 DAGs
[2026-05-28T06:13:42.271+0000] {logging_mixin.py:188} INFO - [2026-05-28T06:13:42.271+0000] {dag.py:3947} INFO - Setting next_dagrun for example_python_operator to None, run_after=None
[2026-05-28T06:13:42.309+0000] {processor.py:183} INFO - Processing /home/airflow/.local/lib/python3.12/site-packages/airflow/example_dags/example_python_operator.py took 0.135 seconds
[2026-05-28T06:14:12.931+0000] {processor.py:161} INFO - Started process (PID=563) to work on /home/airflow/.local/lib/python3.12/site-packages/airflow/example_dags/example_python_operator.py
[2026-05-28T06:14:12.932+0000] {processor.py:830} INFO - Processing file /home/airflow/.local/lib/python3.12/site-packages/airflow/example_dags/example_python_operator.py for tasks to queue
[2026-05-28T06:14:12.935+0000] {logging_mixin.py:188} INFO - [2026-05-28T06:14:12.935+0000] {dagbag.py:545} INFO - Filling up the DagBag from /home/airflow/.local/lib/python3.12/site-packages/airflow/example_dags/example_python_operator.py
[2026-05-28T06:14:12.949+0000] {processor.py:840} INFO - DAG(s) 'example_python_operator' retrieved from /home/airflow/.local/lib/python3.12/site-packages/airflow/example_dags/example_python_operator.py
[2026-05-28T06:14:12.982+0000] {logging_mixin.py:188} INFO - [2026-05-28T06:14:12.982+0000] {dag.py:3089} INFO - Sync 1 DAGs
[2026-05-28T06:14:12.999+0000] {logging_mixin.py:188} INFO - [2026-05-28T06:14:12.999+0000] {dag.py:3947} INFO - Setting next_dagrun for example_python_operator to None, run_after=None
[2026-05-28T06:14:13.030+0000] {processor.py:183} INFO - Processing /home/airflow/.local/lib/python3.12/site-packages/airflow/example_dags/example_python_operator.py took 0.108 seconds
[2026-05-28T06:14:43.632+0000] {processor.py:161} INFO - Started process (PID=622) to work on /home/airflow/.local/lib/python3.12/site-packages/airflow/example_dags/example_python_operator.py
[2026-05-28T06:14:43.634+0000] {processor.py:830} INFO - Processing file /home/airflow/.local/lib/python3.12/site-packages/airflow/example_dags/example_python_operator.py for tasks to queue
[2026-05-28T06:14:43.638+0000] {logging_mixin.py:188} INFO - [2026-05-28T06:14:43.637+0000] {dagbag.py:545} INFO - Filling up the DagBag from /home/airflow/.local/lib/python3.12/site-packages/airflow/example_dags/example_python_operator.py
[2026-05-28T06:14:43.651+0000] {processor.py:840} INFO - DAG(s) 'example_python_operator' retrieved from /home/airflow/.local/lib/python3.12/site-packages/airflow/example_dags/example_python_operator.py
[2026-05-28T06:14:43.686+0000] {logging_mixin.py:188} INFO - [2026-05-28T06:14:43.686+0000] {dag.py:3089} INFO - Sync 1 DAGs
[2026-05-28T06:14:43.707+0000] {logging_mixin.py:188} INFO - [2026-05-28T06:14:43.706+0000] {dag.py:3947} INFO - Setting next_dagrun for example_python_operator to None, run_after=None
[2026-05-28T06:14:43.776+0000] {processor.py:183} INFO - Processing /home/airflow/.local/lib/python3.12/site-packages/airflow/example_dags/example_python_operator.py took 0.153 seconds
[2026-05-28T06:15:14.310+0000] {processor.py:161} INFO - Started process (PID=680) to work on /home/airflow/.local/lib/python3.12/site-packages/airflow/example_dags/example_python_operator.py
[2026-05-28T06:15:14.316+0000] {processor.py:830} INFO - Processing file /home/airflow/.local/lib/python3.12/site-packages/airflow/example_dags/example_python_operator.py for tasks to queue
[2026-05-28T06:15:14.327+0000] {logging_mixin.py:188} INFO - [2026-05-28T06:15:14.326+0000] {dagbag.py:545} INFO - Filling up the DagBag from /home/airflow/.local/lib/python3.12/site-packages/airflow/example_dags/example_python_operator.py
[2026-05-28T06:15:14.364+0000] {processor.py:840} INFO - DAG(s) 'example_python_operator' retrieved from /home/airflow/.local/lib/python3.12/site-packages/airflow/example_dags/example_python_operator.py
[2026-05-28T06:15:14.435+0000] {logging_mixin.py:188} INFO - [2026-05-28T06:15:14.434+0000] {dag.py:3089} INFO - Sync 1 DAGs
[2026-05-28T06:15:14.466+0000] {logging_mixin.py:188} INFO - [2026-05-28T06:15:14.465+0000] {dag.py:3947} INFO - Setting next_dagrun for example_python_operator to None, run_after=None
[2026-05-28T06:15:14.520+0000] {processor.py:183} INFO - Processing /home/airflow/.local/lib/python3.12/site-packages/airflow/example_dags/example_python_operator.py took 0.225 seconds
[2026-05-28T06:15:45.624+0000] {processor.py:161} INFO - Started process (PID=738) to work on /home/airflow/.local/lib/python3.12/site-packages/airflow/example_dags/example_python_operator.py
[2026-05-28T06:15:45.629+0000] {processor.py:830} INFO - Processing file /home/airflow/.local/lib/python3.12/site-packages/airflow/example_dags/example_python_operator.py for tasks to queue
[2026-05-28T06:15:45.665+0000] {logging_mixin.py:188} INFO - [2026-05-28T06:15:45.643+0000] {dagbag.py:545} INFO - Filling up the DagBag from /home/airflow/.local/lib/python3.12/site-packages/airflow/example_dags/example_python_operator.py
[2026-05-28T06:15:45.750+0000] {processor.py:840} INFO - DAG(s) 'example_python_operator' retrieved from /home/airflow/.local/lib/python3.12/site-packages/airflow/example_dags/example_python_operator.py
[2026-05-28T06:15:45.881+0000] {logging_mixin.py:188} INFO - [2026-05-28T06:15:45.880+0000] {dag.py:3089} INFO - Sync 1 DAGs
[2026-05-28T06:15:45.930+0000] {logging_mixin.py:188} INFO - [2026-05-28T06:15:45.929+0000] {dag.py:3947} INFO - Setting next_dagrun for example_python_operator to None, run_after=None
[2026-05-28T06:15:45.983+0000] {processor.py:183} INFO - Processing /home/airflow/.local/lib/python3.12/site-packages/airflow/example_dags/example_python_operator.py took 0.398 seconds
[2026-05-28T06:16:16.845+0000] {processor.py:161} INFO - Started process (PID=796) to work on /home/airflow/.local/lib/python3.12/site-packages/airflow/example_dags/example_python_operator.py
[2026-05-28T06:16:16.847+0000] {processor.py:830} INFO - Processing file /home/airflow/.local/lib/python3.12/site-packages/airflow/example_dags/example_python_operator.py for tasks to queue
[2026-05-28T06:16:16.850+0000] {logging_mixin.py:188} INFO - [2026-05-28T06:16:16.850+0000] {dagbag.py:545} INFO - Filling up the DagBag from /home/airflow/.local/lib/python3.12/site-packages/airflow/example_dags/example_python_operator.py
[2026-05-28T06:16:16.870+0000] {processor.py:840} INFO - DAG(s) 'example_python_operator' retrieved from /home/airflow/.local/lib/python3.12/site-packages/airflow/example_dags/example_python_operator.py
[2026-05-28T06:16:16.911+0000] {logging_mixin.py:188} INFO - [2026-05-28T06:16:16.911+0000] {dag.py:3089} INFO - Sync 1 DAGs
[2026-05-28T06:16:16.930+0000] {logging_mixin.py:188} INFO - [2026-05-28T06:16:16.929+0000] {dag.py:3947} INFO - Setting next_dagrun for example_python_operator to None, run_after=None
[2026-05-28T06:16:16.964+0000] {processor.py:183} INFO - Processing /home/airflow/.local/lib/python3.12/site-packages/airflow/example_dags/example_python_operator.py took 0.128 seconds
[2026-05-28T06:16:47.214+0000] {processor.py:161} INFO - Started process (PID=854) to work on /home/airflow/.local/lib/python3.12/site-packages/airflow/example_dags/example_python_operator.py
[2026-05-28T06:16:47.216+0000] {processor.py:830} INFO - Processing file /home/airflow/.local/lib/python3.12/site-packages/airflow/example_dags/example_python_operator.py for tasks to queue
[2026-05-28T06:16:47.220+0000] {logging_mixin.py:188} INFO - [2026-05-28T06:16:47.219+0000] {dagbag.py:545} INFO - Filling up the DagBag from /home/airflow/.local/lib/python3.12/site-packages/airflow/example_dags/example_python_operator.py
[2026-05-28T06:16:47.244+0000] {processor.py:840} INFO - DAG(s) 'example_python_operator' retrieved from /home/airflow/.local/lib/python3.12/site-packages/airflow/example_dags/example_python_operator.py
[2026-05-28T06:16:47.282+0000] {logging_mixin.py:188} INFO - [2026-05-28T06:16:47.282+0000] {dag.py:3089} INFO - Sync 1 DAGs
[2026-05-28T06:16:47.300+0000] {logging_mixin.py:188} INFO - [2026-05-28T06:16:47.300+0000] {dag.py:3947} INFO - Setting next_dagrun for example_python_operator to None, run_after=None
[2026-05-28T06:16:47.334+0000] {processor.py:183} INFO - Processing /home/airflow/.local/lib/python3.12/site-packages/airflow/example_dags/example_python_operator.py took 0.133 seconds
[2026-05-28T06:17:17.426+0000] {processor.py:161} INFO - Started process (PID=912) to work on /home/airflow/.local/lib/python3.12/site-packages/airflow/example_dags/example_python_operator.py
[2026-05-28T06:17:17.428+0000] {processor.py:830} INFO - Processing file /home/airflow/.local/lib/python3.12/site-packages/airflow/example_dags/example_python_operator.py for tasks to queue
[2026-05-28T06:17:17.432+0000] {logging_mixin.py:188} INFO - [2026-05-28T06:17:17.431+0000] {dagbag.py:545} INFO - Filling up the DagBag from /home/airflow/.local/lib/python3.12/site-packages/airflow/example_dags/example_python_operator.py
[2026-05-28T06:17:17.454+0000] {processor.py:840} INFO - DAG(s) 'example_python_operator' retrieved from /home/airflow/.local/lib/python3.12/site-packages/airflow/example_dags/example_python_operator.py
[2026-05-28T06:17:17.503+0000] {logging_mixin.py:188} INFO - [2026-05-28T06:17:17.502+0000] {dag.py:3089} INFO - Sync 1 DAGs
[2026-05-28T06:17:17.528+0000] {logging_mixin.py:188} INFO - [2026-05-28T06:17:17.527+0000] {dag.py:3947} INFO - Setting next_dagrun for example_python_operator to None, run_after=None
[2026-05-28T06:17:17.577+0000] {processor.py:183} INFO - Processing /home/airflow/.local/lib/python3.12/site-packages/airflow/example_dags/example_python_operator.py took 0.164 seconds
[2026-05-28T06:17:47.865+0000] {processor.py:161} INFO - Started process (PID=971) to work on /home/airflow/.local/lib/python3.12/site-packages/airflow/example_dags/example_python_operator.py
[2026-05-28T06:17:47.867+0000] {processor.py:830} INFO - Processing file /home/airflow/.local/lib/python3.12/site-packages/airflow/example_dags/example_python_operator.py for tasks to queue
[2026-05-28T06:17:47.871+0000] {logging_mixin.py:188} INFO - [2026-05-28T06:17:47.871+0000] {dagbag.py:545} INFO - Filling up the DagBag from /home/airflow/.local/lib/python3.12/site-packages/airflow/example_dags/example_python_operator.py
[2026-05-28T06:17:47.890+0000] {processor.py:840} INFO - DAG(s) 'example_python_operator' retrieved from /home/airflow/.local/lib/python3.12/site-packages/airflow/example_dags/example_python_operator.py
[2026-05-28T06:17:47.923+0000] {logging_mixin.py:188} INFO - [2026-05-28T06:17:47.923+0000] {dag.py:3089} INFO - Sync 1 DAGs
[2026-05-28T06:17:47.941+0000] {logging_mixin.py:188} INFO - [2026-05-28T06:17:47.941+0000] {dag.py:3947} INFO - Setting next_dagrun for example_python_operator to None, run_after=None
[2026-05-28T06:17:47.983+0000] {processor.py:183} INFO - Processing /home/airflow/.local/lib/python3.12/site-packages/airflow/example_dags/example_python_operator.py took 0.125 seconds
[2026-05-28T06:18:18.562+0000] {processor.py:161} INFO - Started process (PID=1030) to work on /home/airflow/.local/lib/python3.12/site-packages/airflow/example_dags/example_python_operator.py
[2026-05-28T06:18:18.565+0000] {processor.py:830} INFO - Processing file /home/airflow/.local/lib/python3.12/site-packages/airflow/example_dags/example_python_operator.py for tasks to queue
[2026-05-28T06:18:18.568+0000] {logging_mixin.py:188} INFO - [2026-05-28T06:18:18.567+0000] {dagbag.py:545} INFO - Filling up the DagBag from /home/airflow/.local/lib/python3.12/site-packages/airflow/example_dags/example_python_operator.py
[2026-05-28T06:18:18.586+0000] {processor.py:840} INFO - DAG(s) 'example_python_operator' retrieved from /home/airflow/.local/lib/python3.12/site-packages/airflow/example_dags/example_python_operator.py
[2026-05-28T06:18:18.626+0000] {logging_mixin.py:188} INFO - [2026-05-28T06:18:18.626+0000] {dag.py:3089} INFO - Sync 1 DAGs
[2026-05-28T06:18:18.647+0000] {logging_mixin.py:188} INFO - [2026-05-28T06:18:18.646+0000] {dag.py:3947} INFO - Setting next_dagrun for example_python_operator to None, run_after=None
[2026-05-28T06:18:18.681+0000] {processor.py:183} INFO - Processing /home/airflow/.local/lib/python3.12/site-packages/airflow/example_dags/example_python_operator.py took 0.130 seconds
[2026-05-28T06:18:49.003+0000] {processor.py:161} INFO - Started process (PID=1088) to work on /home/airflow/.local/lib/python3.12/site-packages/airflow/example_dags/example_python_operator.py
[2026-05-28T06:18:49.005+0000] {processor.py:830} INFO - Processing file /home/airflow/.local/lib/python3.12/site-packages/airflow/example_dags/example_python_operator.py for tasks to queue
[2026-05-28T06:18:49.012+0000] {logging_mixin.py:188} INFO - [2026-05-28T06:18:49.011+0000] {dagbag.py:545} INFO - Filling up the DagBag from /home/airflow/.local/lib/python3.12/site-packages/airflow/example_dags/example_python_operator.py
[2026-05-28T06:18:49.033+0000] {processor.py:840} INFO - DAG(s) 'example_python_operator' retrieved from /home/airflow/.local/lib/python3.12/site-packages/airflow/example_dags/example_python_operator.py
[2026-05-28T06:18:49.083+0000] {logging_mixin.py:188} INFO - [2026-05-28T06:18:49.082+0000] {dag.py:3089} INFO - Sync 1 DAGs
[2026-05-28T06:18:49.110+0000] {logging_mixin.py:188} INFO - [2026-05-28T06:18:49.110+0000] {dag.py:3947} INFO - Setting next_dagrun for example_python_operator to None, run_after=None
[2026-05-28T06:18:49.157+0000] {processor.py:183} INFO - Processing /home/airflow/.local/lib/python3.12/site-packages/airflow/example_dags/example_python_operator.py took 0.162 seconds
[2026-05-28T06:19:19.388+0000] {processor.py:161} INFO - Started process (PID=1146) to work on /home/airflow/.local/lib/python3.12/site-packages/airflow/example_dags/example_python_operator.py
[2026-05-28T06:19:19.389+0000] {processor.py:830} INFO - Processing file /home/airflow/.local/lib/python3.12/site-packages/airflow/example_dags/example_python_operator.py for tasks to queue
[2026-05-28T06:19:19.392+0000] {logging_mixin.py:188} INFO - [2026-05-28T06:19:19.392+0000] {dagbag.py:545} INFO - Filling up the DagBag from /home/airflow/.local/lib/python3.12/site-packages/airflow/example_dags/example_python_operator.py
[2026-05-28T06:19:19.405+0000] {processor.py:840} INFO - DAG(s) 'example_python_operator' retrieved from /home/airflow/.local/lib/python3.12/site-packages/airflow/example_dags/example_python_operator.py
[2026-05-28T06:19:19.435+0000] {logging_mixin.py:188} INFO - [2026-05-28T06:19:19.435+0000] {dag.py:3089} INFO - Sync 1 DAGs
[2026-05-28T06:19:19.451+0000] {logging_mixin.py:188} INFO - [2026-05-28T06:19:19.451+0000] {dag.py:3947} INFO - Setting next_dagrun for example_python_operator to None, run_after=None
[2026-05-28T06:19:19.480+0000] {processor.py:183} INFO - Processing /home/airflow/.local/lib/python3.12/site-packages/airflow/example_dags/example_python_operator.py took 0.101 seconds
[2026-05-28T06:19:50.386+0000] {processor.py:161} INFO - Started process (PID=1204) to work on /home/airflow/.local/lib/python3.12/site-packages/airflow/example_dags/example_python_operator.py
[2026-05-28T06:19:50.387+0000] {processor.py:830} INFO - Processing file /home/airflow/.local/lib/python3.12/site-packages/airflow/example_dags/example_python_operator.py for tasks to queue
[2026-05-28T06:19:50.391+0000] {logging_mixin.py:188} INFO - [2026-05-28T06:19:50.390+0000] {dagbag.py:545} INFO - Filling up the DagBag from /home/airflow/.local/lib/python3.12/site-packages/airflow/example_dags/example_python_operator.py
[2026-05-28T06:19:50.408+0000] {processor.py:840} INFO - DAG(s) 'example_python_operator' retrieved from /home/airflow/.local/lib/python3.12/site-packages/airflow/example_dags/example_python_operator.py
[2026-05-28T06:19:50.450+0000] {logging_mixin.py:188} INFO - [2026-05-28T06:19:50.450+0000] {dag.py:3089} INFO - Sync 1 DAGs
[2026-05-28T06:19:50.471+0000] {logging_mixin.py:188} INFO - [2026-05-28T06:19:50.471+0000] {dag.py:3947} INFO - Setting next_dagrun for example_python_operator to None, run_after=None
[2026-05-28T06:19:50.513+0000] {processor.py:183} INFO - Processing /home/airflow/.local/lib/python3.12/site-packages/airflow/example_dags/example_python_operator.py took 0.139 seconds
[2026-05-28T06:20:21.169+0000] {processor.py:161} INFO - Started process (PID=1263) to work on /home/airflow/.local/lib/python3.12/site-packages/airflow/example_dags/example_python_operator.py
[2026-05-28T06:20:21.171+0000] {processor.py:830} INFO - Processing file /home/airflow/.local/lib/python3.12/site-packages/airflow/example_dags/example_python_operator.py for tasks to queue
[2026-05-28T06:20:21.174+0000] {logging_mixin.py:188} INFO - [2026-05-28T06:20:21.173+0000] {dagbag.py:545} INFO - Filling up the DagBag from /home/airflow/.local/lib/python3.12/site-packages/airflow/example_dags/example_python_operator.py
[2026-05-28T06:20:21.187+0000] {processor.py:840} INFO - DAG(s) 'example_python_operator' retrieved from /home/airflow/.local/lib/python3.12/site-packages/airflow/example_dags/example_python_operator.py
[2026-05-28T06:20:21.217+0000] {logging_mixin.py:188} INFO - [2026-05-28T06:20:21.217+0000] {dag.py:3089} INFO - Sync 1 DAGs
[2026-05-28T06:20:21.245+0000] {logging_mixin.py:188} INFO - [2026-05-28T06:20:21.244+0000] {dag.py:3947} INFO - Setting next_dagrun for example_python_operator to None, run_after=None
[2026-05-28T06:20:21.280+0000] {processor.py:183} INFO - Processing /home/airflow/.local/lib/python3.12/site-packages/airflow/example_dags/example_python_operator.py took 0.118 seconds
[2026-05-28T06:20:52.037+0000] {processor.py:161} INFO - Started process (PID=1321) to work on /home/airflow/.local/lib/python3.12/site-packages/airflow/example_dags/example_python_operator.py
[2026-05-28T06:20:52.040+0000] {processor.py:830} INFO - Processing file /home/airflow/.local/lib/python3.12/site-packages/airflow/example_dags/example_python_operator.py for tasks to queue
[2026-05-28T06:20:52.045+0000] {logging_mixin.py:188} INFO - [2026-05-28T06:20:52.044+0000] {dagbag.py:545} INFO - Filling up the DagBag from /home/airflow/.local/lib/python3.12/site-packages/airflow/example_dags/example_python_operator.py
[2026-05-28T06:20:52.071+0000] {processor.py:840} INFO - DAG(s) 'example_python_operator' retrieved from /home/airflow/.local/lib/python3.12/site-packages/airflow/example_dags/example_python_operator.py
[2026-05-28T06:20:52.122+0000] {logging_mixin.py:188} INFO - [2026-05-28T06:20:52.122+0000] {dag.py:3089} INFO - Sync 1 DAGs
[2026-05-28T06:20:52.148+0000] {logging_mixin.py:188} INFO - [2026-05-28T06:20:52.148+0000] {dag.py:3947} INFO - Setting next_dagrun for example_python_operator to None, run_after=None
[2026-05-28T06:20:52.186+0000] {processor.py:183} INFO - Processing /home/airflow/.local/lib/python3.12/site-packages/airflow/example_dags/example_python_operator.py took 0.169 seconds
[2026-05-28T06:21:23.221+0000] {processor.py:161} INFO - Started process (PID=1379) to work on /home/airflow/.local/lib/python3.12/site-packages/airflow/example_dags/example_python_operator.py
[2026-05-28T06:21:23.224+0000] {processor.py:830} INFO - Processing file /home/airflow/.local/lib/python3.12/site-packages/airflow/example_dags/example_python_operator.py for tasks to queue
[2026-05-28T06:21:23.228+0000] {logging_mixin.py:188} INFO - [2026-05-28T06:21:23.227+0000] {dagbag.py:545} INFO - Filling up the DagBag from /home/airflow/.local/lib/python3.12/site-packages/airflow/example_dags/example_python_operator.py
[2026-05-28T06:21:23.244+0000] {processor.py:840} INFO - DAG(s) 'example_python_operator' retrieved from /home/airflow/.local/lib/python3.12/site-packages/airflow/example_dags/example_python_operator.py
[2026-05-28T06:21:23.290+0000] {logging_mixin.py:188} INFO - [2026-05-28T06:21:23.290+0000] {dag.py:3089} INFO - Sync 1 DAGs
[2026-05-28T06:21:23.310+0000] {logging_mixin.py:188} INFO - [2026-05-28T06:21:23.309+0000] {dag.py:3947} INFO - Setting next_dagrun for example_python_operator to None, run_after=None
[2026-05-28T06:21:23.344+0000] {processor.py:183} INFO - Processing /home/airflow/.local/lib/python3.12/site-packages/airflow/example_dags/example_python_operator.py took 0.133 seconds
[2026-05-28T06:21:54.022+0000] {processor.py:161} INFO - Started process (PID=1437) to work on /home/airflow/.local/lib/python3.12/site-packages/airflow/example_dags/example_python_operator.py
[2026-05-28T06:21:54.024+0000] {processor.py:830} INFO - Processing file /home/airflow/.local/lib/python3.12/site-packages/airflow/example_dags/example_python_operator.py for tasks to queue
[2026-05-28T06:21:54.028+0000] {logging_mixin.py:188} INFO - [2026-05-28T06:21:54.027+0000] {dagbag.py:545} INFO - Filling up the DagBag from /home/airflow/.local/lib/python3.12/site-packages/airflow/example_dags/example_python_operator.py
[2026-05-28T06:21:54.065+0000] {processor.py:840} INFO - DAG(s) 'example_python_operator' retrieved from /home/airflow/.local/lib/python3.12/site-packages/airflow/example_dags/example_python_operator.py
[2026-05-28T06:21:54.137+0000] {logging_mixin.py:188} INFO - [2026-05-28T06:21:54.136+0000] {dag.py:3089} INFO - Sync 1 DAGs
[2026-05-28T06:21:54.167+0000] {logging_mixin.py:188} INFO - [2026-05-28T06:21:54.166+0000] {dag.py:3947} INFO - Setting next_dagrun for example_python_operator to None, run_after=None
[2026-05-28T06:21:54.215+0000] {processor.py:183} INFO - Processing /home/airflow/.local/lib/python3.12/site-packages/airflow/example_dags/example_python_operator.py took 0.206 seconds
[2026-05-28T06:22:24.469+0000] {processor.py:161} INFO - Started process (PID=1494) to work on /home/airflow/.local/lib/python3.12/site-packages/airflow/example_dags/example_python_operator.py
[2026-05-28T06:22:24.472+0000] {processor.py:830} INFO - Processing file /home/airflow/.local/lib/python3.12/site-packages/airflow/example_dags/example_python_operator.py for tasks to queue
[2026-05-28T06:22:24.476+0000] {logging_mixin.py:188} INFO - [2026-05-28T06:22:24.475+0000] {dagbag.py:545} INFO - Filling up the DagBag from /home/airflow/.local/lib/python3.12/site-packages/airflow/example_dags/example_python_operator.py
[2026-05-28T06:22:24.497+0000] {processor.py:840} INFO - DAG(s) 'example_python_operator' retrieved from /home/airflow/.local/lib/python3.12/site-packages/airflow/example_dags/example_python_operator.py
[2026-05-28T06:22:24.539+0000] {logging_mixin.py:188} INFO - [2026-05-28T06:22:24.539+0000] {dag.py:3089} INFO - Sync 1 DAGs
[2026-05-28T06:22:24.566+0000] {logging_mixin.py:188} INFO - [2026-05-28T06:22:24.566+0000] {dag.py:3947} INFO - Setting next_dagrun for example_python_operator to None, run_after=None
[2026-05-28T06:22:24.612+0000] {processor.py:183} INFO - Processing /home/airflow/.local/lib/python3.12/site-packages/airflow/example_dags/example_python_operator.py took 0.162 seconds
[2026-05-28T06:22:55.237+0000] {processor.py:161} INFO - Started process (PID=1552) to work on /home/airflow/.local/lib/python3.12/site-packages/airflow/example_dags/example_python_operator.py
[2026-05-28T06:22:55.239+0000] {processor.py:830} INFO - Processing file /home/airflow/.local/lib/python3.12/site-packages/airflow/example_dags/example_python_operator.py for tasks to queue
[2026-05-28T06:22:55.243+0000] {logging_mixin.py:188} INFO - [2026-05-28T06:22:55.243+0000] {dagbag.py:545} INFO - Filling up the DagBag from /home/airflow/.local/lib/python3.12/site-packages/airflow/example_dags/example_python_operator.py
[2026-05-28T06:22:55.267+0000] {processor.py:840} INFO - DAG(s) 'example_python_operator' retrieved from /home/airflow/.local/lib/python3.12/site-packages/airflow/example_dags/example_python_operator.py
[2026-05-28T06:22:55.341+0000] {logging_mixin.py:188} INFO - [2026-05-28T06:22:55.341+0000] {dag.py:3089} INFO - Sync 1 DAGs
[2026-05-28T06:22:55.373+0000] {logging_mixin.py:188} INFO - [2026-05-28T06:22:55.373+0000] {dag.py:3947} INFO - Setting next_dagrun for example_python_operator to None, run_after=None
[2026-05-28T06:22:55.435+0000] {processor.py:183} INFO - Processing /home/airflow/.local/lib/python3.12/site-packages/airflow/example_dags/example_python_operator.py took 0.213 seconds
[2026-05-28T06:23:25.730+0000] {processor.py:161} INFO - Started process (PID=1616) to work on /home/airflow/.local/lib/python3.12/site-packages/airflow/example_dags/example_python_operator.py
[2026-05-28T06:23:25.732+0000] {processor.py:830} INFO - Processing file /home/airflow/.local/lib/python3.12/site-packages/airflow/example_dags/example_python_operator.py for tasks to queue
[2026-05-28T06:23:25.736+0000] {logging_mixin.py:188} INFO - [2026-05-28T06:23:25.736+0000] {dagbag.py:545} INFO - Filling up the DagBag from /home/airflow/.local/lib/python3.12/site-packages/airflow/example_dags/example_python_operator.py
[2026-05-28T06:23:25.760+0000] {processor.py:840} INFO - DAG(s) 'example_python_operator' retrieved from /home/airflow/.local/lib/python3.12/site-packages/airflow/example_dags/example_python_operator.py
[2026-05-28T06:23:25.816+0000] {logging_mixin.py:188} INFO - [2026-05-28T06:23:25.816+0000] {dag.py:3089} INFO - Sync 1 DAGs
[2026-05-28T06:23:25.853+0000] {logging_mixin.py:188} INFO - [2026-05-28T06:23:25.852+0000] {dag.py:3947} INFO - Setting next_dagrun for example_python_operator to None, run_after=None
[2026-05-28T06:23:25.901+0000] {processor.py:183} INFO - Processing /home/airflow/.local/lib/python3.12/site-packages/airflow/example_dags/example_python_operator.py took 0.186 seconds
[2026-05-28T06:23:56.007+0000] {processor.py:161} INFO - Started process (PID=1674) to work on /home/airflow/.local/lib/python3.12/site-packages/airflow/example_dags/example_python_operator.py
[2026-05-28T06:23:56.009+0000] {processor.py:830} INFO - Processing file /home/airflow/.local/lib/python3.12/site-packages/airflow/example_dags/example_python_operator.py for tasks to queue
[2026-05-28T06:23:56.012+0000] {logging_mixin.py:188} INFO - [2026-05-28T06:23:56.011+0000] {dagbag.py:545} INFO - Filling up the DagBag from /home/airflow/.local/lib/python3.12/site-packages/airflow/example_dags/example_python_operator.py
[2026-05-28T06:23:56.030+0000] {processor.py:840} INFO - DAG(s) 'example_python_operator' retrieved from /home/airflow/.local/lib/python3.12/site-packages/airflow/example_dags/example_python_operator.py
[2026-05-28T06:23:56.067+0000] {logging_mixin.py:188} INFO - [2026-05-28T06:23:56.066+0000] {dag.py:3089} INFO - Sync 1 DAGs
[2026-05-28T06:23:56.086+0000] {logging_mixin.py:188} INFO - [2026-05-28T06:23:56.085+0000] {dag.py:3947} INFO - Setting next_dagrun for example_python_operator to None, run_after=None
[2026-05-28T06:23:56.118+0000] {processor.py:183} INFO - Processing /home/airflow/.local/lib/python3.12/site-packages/airflow/example_dags/example_python_operator.py took 0.121 seconds
[2026-05-28T06:24:26.229+0000] {processor.py:161} INFO - Started process (PID=1732) to work on /home/airflow/.local/lib/python3.12/site-packages/airflow/example_dags/example_python_operator.py
[2026-05-28T06:24:26.230+0000] {processor.py:830} INFO - Processing file /home/airflow/.local/lib/python3.12/site-packages/airflow/example_dags/example_python_operator.py for tasks to queue
[2026-05-28T06:24:26.234+0000] {logging_mixin.py:188} INFO - [2026-05-28T06:24:26.233+0000] {dagbag.py:545} INFO - Filling up the DagBag from /home/airflow/.local/lib/python3.12/site-packages/airflow/example_dags/example_python_operator.py
[2026-05-28T06:24:26.251+0000] {processor.py:840} INFO - DAG(s) 'example_python_operator' retrieved from /home/airflow/.local/lib/python3.12/site-packages/airflow/example_dags/example_python_operator.py
[2026-05-28T06:24:26.292+0000] {logging_mixin.py:188} INFO - [2026-05-28T06:24:26.290+0000] {dag.py:3089} INFO - Sync 1 DAGs
[2026-05-28T06:24:26.314+0000] {logging_mixin.py:188} INFO - [2026-05-28T06:24:26.314+0000] {dag.py:3947} INFO - Setting next_dagrun for example_python_operator to None, run_after=None
[2026-05-28T06:24:26.353+0000] {processor.py:183} INFO - Processing /home/airflow/.local/lib/python3.12/site-packages/airflow/example_dags/example_python_operator.py took 0.133 seconds
[2026-05-28T06:24:56.652+0000] {processor.py:161} INFO - Started process (PID=1790) to work on /home/airflow/.local/lib/python3.12/site-packages/airflow/example_dags/example_python_operator.py
[2026-05-28T06:24:56.654+0000] {processor.py:830} INFO - Processing file /home/airflow/.local/lib/python3.12/site-packages/airflow/example_dags/example_python_operator.py for tasks to queue
[2026-05-28T06:24:56.658+0000] {logging_mixin.py:188} INFO - [2026-05-28T06:24:56.657+0000] {dagbag.py:545} INFO - Filling up the DagBag from /home/airflow/.local/lib/python3.12/site-packages/airflow/example_dags/example_python_operator.py
[2026-05-28T06:24:56.676+0000] {processor.py:840} INFO - DAG(s) 'example_python_operator' retrieved from /home/airflow/.local/lib/python3.12/site-packages/airflow/example_dags/example_python_operator.py
[2026-05-28T06:24:56.725+0000] {logging_mixin.py:188} INFO - [2026-05-28T06:24:56.725+0000] {dag.py:3089} INFO - Sync 1 DAGs
[2026-05-28T06:24:56.748+0000] {logging_mixin.py:188} INFO - [2026-05-28T06:24:56.748+0000] {dag.py:3947} INFO - Setting next_dagrun for example_python_operator to None, run_after=None
[2026-05-28T06:24:56.785+0000] {processor.py:183} INFO - Processing /home/airflow/.local/lib/python3.12/site-packages/airflow/example_dags/example_python_operator.py took 0.144 seconds
[2026-05-28T06:25:28.179+0000] {processor.py:161} INFO - Started process (PID=1848) to work on /home/airflow/.local/lib/python3.12/site-packages/airflow/example_dags/example_python_operator.py
[2026-05-28T06:25:28.181+0000] {processor.py:830} INFO - Processing file /home/airflow/.local/lib/python3.12/site-packages/airflow/example_dags/example_python_operator.py for tasks to queue
[2026-05-28T06:25:28.185+0000] {logging_mixin.py:188} INFO - [2026-05-28T06:25:28.184+0000] {dagbag.py:545} INFO - Filling up the DagBag from /home/airflow/.local/lib/python3.12/site-packages/airflow/example_dags/example_python_operator.py
[2026-05-28T06:25:28.205+0000] {processor.py:840} INFO - DAG(s) 'example_python_operator' retrieved from /home/airflow/.local/lib/python3.12/site-packages/airflow/example_dags/example_python_operator.py
[2026-05-28T06:25:28.247+0000] {logging_mixin.py:188} INFO - [2026-05-28T06:25:28.246+0000] {dag.py:3089} INFO - Sync 1 DAGs
[2026-05-28T06:25:28.267+0000] {logging_mixin.py:188} INFO - [2026-05-28T06:25:28.266+0000] {dag.py:3947} INFO - Setting next_dagrun for example_python_operator to None, run_after=None
[2026-05-28T06:25:28.308+0000] {processor.py:183} INFO - Processing /home/airflow/.local/lib/python3.12/site-packages/airflow/example_dags/example_python_operator.py took 0.139 seconds
[2026-05-28T06:25:58.943+0000] {processor.py:161} INFO - Started process (PID=1906) to work on /home/airflow/.local/lib/python3.12/site-packages/airflow/example_dags/example_python_operator.py
[2026-05-28T06:25:58.945+0000] {processor.py:830} INFO - Processing file /home/airflow/.local/lib/python3.12/site-packages/airflow/example_dags/example_python_operator.py for tasks to queue
[2026-05-28T06:25:58.949+0000] {logging_mixin.py:188} INFO - [2026-05-28T06:25:58.948+0000] {dagbag.py:545} INFO - Filling up the DagBag from /home/airflow/.local/lib/python3.12/site-packages/airflow/example_dags/example_python_operator.py
[2026-05-28T06:25:58.976+0000] {processor.py:840} INFO - DAG(s) 'example_python_operator' retrieved from /home/airflow/.local/lib/python3.12/site-packages/airflow/example_dags/example_python_operator.py
[2026-05-28T06:25:59.028+0000] {logging_mixin.py:188} INFO - [2026-05-28T06:25:59.028+0000] {dag.py:3089} INFO - Sync 1 DAGs
[2026-05-28T06:25:59.347+0000] {logging_mixin.py:188} INFO - [2026-05-28T06:25:59.346+0000] {dag.py:3947} INFO - Setting next_dagrun for example_python_operator to None, run_after=None
[2026-05-28T06:25:59.379+0000] {processor.py:183} INFO - Processing /home/airflow/.local/lib/python3.12/site-packages/airflow/example_dags/example_python_operator.py took 0.446 seconds
[2026-05-28T06:26:30.531+0000] {processor.py:161} INFO - Started process (PID=1964) to work on /home/airflow/.local/lib/python3.12/site-packages/airflow/example_dags/example_python_operator.py
[2026-05-28T06:26:30.533+0000] {processor.py:830} INFO - Processing file /home/airflow/.local/lib/python3.12/site-packages/airflow/example_dags/example_python_operator.py for tasks to queue
[2026-05-28T06:26:30.536+0000] {logging_mixin.py:188} INFO - [2026-05-28T06:26:30.536+0000] {dagbag.py:545} INFO - Filling up the DagBag from /home/airflow/.local/lib/python3.12/site-packages/airflow/example_dags/example_python_operator.py
[2026-05-28T06:26:30.557+0000] {processor.py:840} INFO - DAG(s) 'example_python_operator' retrieved from /home/airflow/.local/lib/python3.12/site-packages/airflow/example_dags/example_python_operator.py
[2026-05-28T06:26:30.604+0000] {logging_mixin.py:188} INFO - [2026-05-28T06:26:30.603+0000] {dag.py:3089} INFO - Sync 1 DAGs
[2026-05-28T06:26:30.869+0000] {logging_mixin.py:188} INFO - [2026-05-28T06:26:30.868+0000] {dag.py:3947} INFO - Setting next_dagrun for example_python_operator to None, run_after=None
[2026-05-28T06:26:30.902+0000] {processor.py:183} INFO - Processing /home/airflow/.local/lib/python3.12/site-packages/airflow/example_dags/example_python_operator.py took 0.381 seconds
[2026-05-28T06:27:01.031+0000] {processor.py:161} INFO - Started process (PID=2022) to work on /home/airflow/.local/lib/python3.12/site-packages/airflow/example_dags/example_python_operator.py
[2026-05-28T06:27:01.033+0000] {processor.py:830} INFO - Processing file /home/airflow/.local/lib/python3.12/site-packages/airflow/example_dags/example_python_operator.py for tasks to queue
[2026-05-28T06:27:01.037+0000] {logging_mixin.py:188} INFO - [2026-05-28T06:27:01.036+0000] {dagbag.py:545} INFO - Filling up the DagBag from /home/airflow/.local/lib/python3.12/site-packages/airflow/example_dags/example_python_operator.py
[2026-05-28T06:27:01.053+0000] {processor.py:840} INFO - DAG(s) 'example_python_operator' retrieved from /home/airflow/.local/lib/python3.12/site-packages/airflow/example_dags/example_python_operator.py
[2026-05-28T06:27:01.091+0000] {logging_mixin.py:188} INFO - [2026-05-28T06:27:01.090+0000] {dag.py:3089} INFO - Sync 1 DAGs
[2026-05-28T06:27:01.335+0000] {logging_mixin.py:188} INFO - [2026-05-28T06:27:01.334+0000] {dag.py:3947} INFO - Setting next_dagrun for example_python_operator to None, run_after=None
[2026-05-28T06:27:01.373+0000] {processor.py:183} INFO - Processing /home/airflow/.local/lib/python3.12/site-packages/airflow/example_dags/example_python_operator.py took 0.350 seconds
[2026-05-28T06:27:31.576+0000] {processor.py:161} INFO - Started process (PID=2080) to work on /home/airflow/.local/lib/python3.12/site-packages/airflow/example_dags/example_python_operator.py
[2026-05-28T06:27:31.578+0000] {processor.py:830} INFO - Processing file /home/airflow/.local/lib/python3.12/site-packages/airflow/example_dags/example_python_operator.py for tasks to queue
[2026-05-28T06:27:31.582+0000] {logging_mixin.py:188} INFO - [2026-05-28T06:27:31.581+0000] {dagbag.py:545} INFO - Filling up the DagBag from /home/airflow/.local/lib/python3.12/site-packages/airflow/example_dags/example_python_operator.py
[2026-05-28T06:27:31.596+0000] {processor.py:840} INFO - DAG(s) 'example_python_operator' retrieved from /home/airflow/.local/lib/python3.12/site-packages/airflow/example_dags/example_python_operator.py
[2026-05-28T06:27:31.629+0000] {logging_mixin.py:188} INFO - [2026-05-28T06:27:31.628+0000] {dag.py:3089} INFO - Sync 1 DAGs
[2026-05-28T06:27:31.652+0000] {logging_mixin.py:188} INFO - [2026-05-28T06:27:31.651+0000] {dag.py:3947} INFO - Setting next_dagrun for example_python_operator to None, run_after=None
[2026-05-28T06:27:31.684+0000] {processor.py:183} INFO - Processing /home/airflow/.local/lib/python3.12/site-packages/airflow/example_dags/example_python_operator.py took 0.118 seconds
[2026-05-28T06:28:03.017+0000] {processor.py:161} INFO - Started process (PID=2138) to work on /home/airflow/.local/lib/python3.12/site-packages/airflow/example_dags/example_python_operator.py
[2026-05-28T06:28:03.021+0000] {processor.py:830} INFO - Processing file /home/airflow/.local/lib/python3.12/site-packages/airflow/example_dags/example_python_operator.py for tasks to queue
[2026-05-28T06:28:03.025+0000] {logging_mixin.py:188} INFO - [2026-05-28T06:28:03.024+0000] {dagbag.py:545} INFO - Filling up the DagBag from /home/airflow/.local/lib/python3.12/site-packages/airflow/example_dags/example_python_operator.py
[2026-05-28T06:28:03.048+0000] {processor.py:840} INFO - DAG(s) 'example_python_operator' retrieved from /home/airflow/.local/lib/python3.12/site-packages/airflow/example_dags/example_python_operator.py
[2026-05-28T06:28:03.101+0000] {logging_mixin.py:188} INFO - [2026-05-28T06:28:03.100+0000] {dag.py:3089} INFO - Sync 1 DAGs
[2026-05-28T06:28:03.144+0000] {logging_mixin.py:188} INFO - [2026-05-28T06:28:03.143+0000] {dag.py:3947} INFO - Setting next_dagrun for example_python_operator to None, run_after=None
[2026-05-28T06:28:03.197+0000] {processor.py:183} INFO - Processing /home/airflow/.local/lib/python3.12/site-packages/airflow/example_dags/example_python_operator.py took 0.191 seconds
[2026-05-28T06:29:38.360+0000] {processor.py:161} INFO - Started process (PID=2209) to work on /home/airflow/.local/lib/python3.12/site-packages/airflow/example_dags/example_python_operator.py
[2026-05-28T06:29:38.409+0000] {processor.py:830} INFO - Processing file /home/airflow/.local/lib/python3.12/site-packages/airflow/example_dags/example_python_operator.py for tasks to queue
[2026-05-28T06:29:38.689+0000] {logging_mixin.py:188} INFO - [2026-05-28T06:29:38.602+0000] {dagbag.py:545} INFO - Filling up the DagBag from /home/airflow/.local/lib/python3.12/site-packages/airflow/example_dags/example_python_operator.py
[2026-05-28T06:29:39.857+0000] {processor.py:840} INFO - DAG(s) 'example_python_operator' retrieved from /home/airflow/.local/lib/python3.12/site-packages/airflow/example_dags/example_python_operator.py
[2026-05-28T06:29:42.742+0000] {logging_mixin.py:188} INFO - [2026-05-28T06:29:42.734+0000] {dag.py:3089} INFO - Sync 1 DAGs
[2026-05-28T06:29:43.709+0000] {logging_mixin.py:188} INFO - [2026-05-28T06:29:43.706+0000] {dag.py:3947} INFO - Setting next_dagrun for example_python_operator to None, run_after=None
[2026-05-28T06:29:44.375+0000] {processor.py:183} INFO - Processing /home/airflow/.local/lib/python3.12/site-packages/airflow/example_dags/example_python_operator.py took 6.479 seconds
[2026-05-28T06:30:54.094+0000] {processor.py:161} INFO - Started process (PID=2270) to work on /home/airflow/.local/lib/python3.12/site-packages/airflow/example_dags/example_python_operator.py
[2026-05-28T06:30:54.100+0000] {processor.py:830} INFO - Processing file /home/airflow/.local/lib/python3.12/site-packages/airflow/example_dags/example_python_operator.py for tasks to queue
[2026-05-28T06:30:54.111+0000] {logging_mixin.py:188} INFO - [2026-05-28T06:30:54.108+0000] {dagbag.py:545} INFO - Filling up the DagBag from /home/airflow/.local/lib/python3.12/site-packages/airflow/example_dags/example_python_operator.py
[2026-05-28T06:30:54.172+0000] {processor.py:840} INFO - DAG(s) 'example_python_operator' retrieved from /home/airflow/.local/lib/python3.12/site-packages/airflow/example_dags/example_python_operator.py
[2026-05-28T06:30:54.290+0000] {logging_mixin.py:188} INFO - [2026-05-28T06:30:54.288+0000] {dag.py:3089} INFO - Sync 1 DAGs
[2026-05-28T06:30:54.355+0000] {logging_mixin.py:188} INFO - [2026-05-28T06:30:54.354+0000] {dag.py:3947} INFO - Setting next_dagrun for example_python_operator to None, run_after=None
[2026-05-28T06:30:54.463+0000] {processor.py:183} INFO - Processing /home/airflow/.local/lib/python3.12/site-packages/airflow/example_dags/example_python_operator.py took 0.398 seconds
[2026-05-28T06:31:24.760+0000] {processor.py:161} INFO - Started process (PID=2328) to work on /home/airflow/.local/lib/python3.12/site-packages/airflow/example_dags/example_python_operator.py
[2026-05-28T06:31:24.763+0000] {processor.py:830} INFO - Processing file /home/airflow/.local/lib/python3.12/site-packages/airflow/example_dags/example_python_operator.py for tasks to queue
[2026-05-28T06:31:24.768+0000] {logging_mixin.py:188} INFO - [2026-05-28T06:31:24.767+0000] {dagbag.py:545} INFO - Filling up the DagBag from /home/airflow/.local/lib/python3.12/site-packages/airflow/example_dags/example_python_operator.py
[2026-05-28T06:31:24.799+0000] {processor.py:840} INFO - DAG(s) 'example_python_operator' retrieved from /home/airflow/.local/lib/python3.12/site-packages/airflow/example_dags/example_python_operator.py
[2026-05-28T06:31:24.868+0000] {logging_mixin.py:188} INFO - [2026-05-28T06:31:24.867+0000] {dag.py:3089} INFO - Sync 1 DAGs
[2026-05-28T06:31:24.917+0000] {logging_mixin.py:188} INFO - [2026-05-28T06:31:24.916+0000] {dag.py:3947} INFO - Setting next_dagrun for example_python_operator to None, run_after=None
[2026-05-28T06:31:25.002+0000] {processor.py:183} INFO - Processing /home/airflow/.local/lib/python3.12/site-packages/airflow/example_dags/example_python_operator.py took 0.256 seconds
[2026-05-28T06:31:55.424+0000] {processor.py:161} INFO - Started process (PID=2386) to work on /home/airflow/.local/lib/python3.12/site-packages/airflow/example_dags/example_python_operator.py
[2026-05-28T06:31:55.427+0000] {processor.py:830} INFO - Processing file /home/airflow/.local/lib/python3.12/site-packages/airflow/example_dags/example_python_operator.py for tasks to queue
[2026-05-28T06:31:55.437+0000] {logging_mixin.py:188} INFO - [2026-05-28T06:31:55.435+0000] {dagbag.py:545} INFO - Filling up the DagBag from /home/airflow/.local/lib/python3.12/site-packages/airflow/example_dags/example_python_operator.py
[2026-05-28T06:31:55.476+0000] {processor.py:840} INFO - DAG(s) 'example_python_operator' retrieved from /home/airflow/.local/lib/python3.12/site-packages/airflow/example_dags/example_python_operator.py
[2026-05-28T06:31:55.557+0000] {logging_mixin.py:188} INFO - [2026-05-28T06:31:55.556+0000] {dag.py:3089} INFO - Sync 1 DAGs
[2026-05-28T06:31:55.600+0000] {logging_mixin.py:188} INFO - [2026-05-28T06:31:55.600+0000] {dag.py:3947} INFO - Setting next_dagrun for example_python_operator to None, run_after=None
[2026-05-28T06:31:55.677+0000] {processor.py:183} INFO - Processing /home/airflow/.local/lib/python3.12/site-packages/airflow/example_dags/example_python_operator.py took 0.272 seconds
[2026-05-28T06:32:28.086+0000] {processor.py:161} INFO - Started process (PID=2445) to work on /home/airflow/.local/lib/python3.12/site-packages/airflow/example_dags/example_python_operator.py
[2026-05-28T06:32:28.090+0000] {processor.py:830} INFO - Processing file /home/airflow/.local/lib/python3.12/site-packages/airflow/example_dags/example_python_operator.py for tasks to queue
[2026-05-28T06:32:28.098+0000] {logging_mixin.py:188} INFO - [2026-05-28T06:32:28.096+0000] {dagbag.py:545} INFO - Filling up the DagBag from /home/airflow/.local/lib/python3.12/site-packages/airflow/example_dags/example_python_operator.py
[2026-05-28T06:32:28.151+0000] {processor.py:840} INFO - DAG(s) 'example_python_operator' retrieved from /home/airflow/.local/lib/python3.12/site-packages/airflow/example_dags/example_python_operator.py
[2026-05-28T06:32:28.239+0000] {logging_mixin.py:188} INFO - [2026-05-28T06:32:28.238+0000] {dag.py:3089} INFO - Sync 1 DAGs
[2026-05-28T06:32:28.335+0000] {logging_mixin.py:188} INFO - [2026-05-28T06:32:28.334+0000] {dag.py:3947} INFO - Setting next_dagrun for example_python_operator to None, run_after=None
[2026-05-28T06:32:28.430+0000] {processor.py:183} INFO - Processing /home/airflow/.local/lib/python3.12/site-packages/airflow/example_dags/example_python_operator.py took 0.366 seconds
[2026-05-28T06:32:58.734+0000] {processor.py:161} INFO - Started process (PID=2503) to work on /home/airflow/.local/lib/python3.12/site-packages/airflow/example_dags/example_python_operator.py
[2026-05-28T06:32:58.738+0000] {processor.py:830} INFO - Processing file /home/airflow/.local/lib/python3.12/site-packages/airflow/example_dags/example_python_operator.py for tasks to queue
[2026-05-28T06:32:58.745+0000] {logging_mixin.py:188} INFO - [2026-05-28T06:32:58.743+0000] {dagbag.py:545} INFO - Filling up the DagBag from /home/airflow/.local/lib/python3.12/site-packages/airflow/example_dags/example_python_operator.py
[2026-05-28T06:32:58.781+0000] {processor.py:840} INFO - DAG(s) 'example_python_operator' retrieved from /home/airflow/.local/lib/python3.12/site-packages/airflow/example_dags/example_python_operator.py
[2026-05-28T06:32:58.867+0000] {logging_mixin.py:188} INFO - [2026-05-28T06:32:58.866+0000] {dag.py:3089} INFO - Sync 1 DAGs
[2026-05-28T06:32:58.907+0000] {logging_mixin.py:188} INFO - [2026-05-28T06:32:58.906+0000] {dag.py:3947} INFO - Setting next_dagrun for example_python_operator to None, run_after=None
[2026-05-28T06:32:59.005+0000] {processor.py:183} INFO - Processing /home/airflow/.local/lib/python3.12/site-packages/airflow/example_dags/example_python_operator.py took 0.290 seconds
[2026-05-28T06:33:29.895+0000] {processor.py:161} INFO - Started process (PID=2561) to work on /home/airflow/.local/lib/python3.12/site-packages/airflow/example_dags/example_python_operator.py
[2026-05-28T06:33:29.898+0000] {processor.py:830} INFO - Processing file /home/airflow/.local/lib/python3.12/site-packages/airflow/example_dags/example_python_operator.py for tasks to queue
[2026-05-28T06:33:29.903+0000] {logging_mixin.py:188} INFO - [2026-05-28T06:33:29.902+0000] {dagbag.py:545} INFO - Filling up the DagBag from /home/airflow/.local/lib/python3.12/site-packages/airflow/example_dags/example_python_operator.py
[2026-05-28T06:33:29.931+0000] {processor.py:840} INFO - DAG(s) 'example_python_operator' retrieved from /home/airflow/.local/lib/python3.12/site-packages/airflow/example_dags/example_python_operator.py
[2026-05-28T06:33:29.994+0000] {logging_mixin.py:188} INFO - [2026-05-28T06:33:29.994+0000] {dag.py:3089} INFO - Sync 1 DAGs
[2026-05-28T06:33:30.035+0000] {logging_mixin.py:188} INFO - [2026-05-28T06:33:30.035+0000] {dag.py:3947} INFO - Setting next_dagrun for example_python_operator to None, run_after=None
[2026-05-28T06:33:30.107+0000] {processor.py:183} INFO - Processing /home/airflow/.local/lib/python3.12/site-packages/airflow/example_dags/example_python_operator.py took 0.230 seconds
[2026-05-28T06:34:00.299+0000] {processor.py:161} INFO - Started process (PID=2619) to work on /home/airflow/.local/lib/python3.12/site-packages/airflow/example_dags/example_python_operator.py
[2026-05-28T06:34:00.311+0000] {processor.py:830} INFO - Processing file /home/airflow/.local/lib/python3.12/site-packages/airflow/example_dags/example_python_operator.py for tasks to queue
[2026-05-28T06:34:00.320+0000] {logging_mixin.py:188} INFO - [2026-05-28T06:34:00.317+0000] {dagbag.py:545} INFO - Filling up the DagBag from /home/airflow/.local/lib/python3.12/site-packages/airflow/example_dags/example_python_operator.py
[2026-05-28T06:34:00.392+0000] {processor.py:840} INFO - DAG(s) 'example_python_operator' retrieved from /home/airflow/.local/lib/python3.12/site-packages/airflow/example_dags/example_python_operator.py
[2026-05-28T06:34:00.510+0000] {logging_mixin.py:188} INFO - [2026-05-28T06:34:00.509+0000] {dag.py:3089} INFO - Sync 1 DAGs
[2026-05-28T06:34:00.589+0000] {logging_mixin.py:188} INFO - [2026-05-28T06:34:00.588+0000] {dag.py:3947} INFO - Setting next_dagrun for example_python_operator to None, run_after=None
[2026-05-28T06:34:00.689+0000] {processor.py:183} INFO - Processing /home/airflow/.local/lib/python3.12/site-packages/airflow/example_dags/example_python_operator.py took 0.428 seconds
[2026-05-28T06:34:30.926+0000] {processor.py:161} INFO - Started process (PID=2676) to work on /home/airflow/.local/lib/python3.12/site-packages/airflow/example_dags/example_python_operator.py
[2026-05-28T06:34:30.929+0000] {processor.py:830} INFO - Processing file /home/airflow/.local/lib/python3.12/site-packages/airflow/example_dags/example_python_operator.py for tasks to queue
[2026-05-28T06:34:30.934+0000] {logging_mixin.py:188} INFO - [2026-05-28T06:34:30.933+0000] {dagbag.py:545} INFO - Filling up the DagBag from /home/airflow/.local/lib/python3.12/site-packages/airflow/example_dags/example_python_operator.py
[2026-05-28T06:34:30.967+0000] {processor.py:840} INFO - DAG(s) 'example_python_operator' retrieved from /home/airflow/.local/lib/python3.12/site-packages/airflow/example_dags/example_python_operator.py
[2026-05-28T06:34:31.025+0000] {logging_mixin.py:188} INFO - [2026-05-28T06:34:31.024+0000] {dag.py:3089} INFO - Sync 1 DAGs
[2026-05-28T06:34:31.075+0000] {logging_mixin.py:188} INFO - [2026-05-28T06:34:31.074+0000] {dag.py:3947} INFO - Setting next_dagrun for example_python_operator to None, run_after=None
[2026-05-28T06:34:31.117+0000] {processor.py:183} INFO - Processing /home/airflow/.local/lib/python3.12/site-packages/airflow/example_dags/example_python_operator.py took 0.205 seconds
[2026-05-28T06:35:01.296+0000] {processor.py:161} INFO - Started process (PID=2734) to work on /home/airflow/.local/lib/python3.12/site-packages/airflow/example_dags/example_python_operator.py
[2026-05-28T06:35:01.299+0000] {processor.py:830} INFO - Processing file /home/airflow/.local/lib/python3.12/site-packages/airflow/example_dags/example_python_operator.py for tasks to queue
[2026-05-28T06:35:01.305+0000] {logging_mixin.py:188} INFO - [2026-05-28T06:35:01.304+0000] {dagbag.py:545} INFO - Filling up the DagBag from /home/airflow/.local/lib/python3.12/site-packages/airflow/example_dags/example_python_operator.py
[2026-05-28T06:35:01.340+0000] {processor.py:840} INFO - DAG(s) 'example_python_operator' retrieved from /home/airflow/.local/lib/python3.12/site-packages/airflow/example_dags/example_python_operator.py
[2026-05-28T06:35:01.453+0000] {logging_mixin.py:188} INFO - [2026-05-28T06:35:01.452+0000] {dag.py:3089} INFO - Sync 1 DAGs
[2026-05-28T06:35:01.508+0000] {logging_mixin.py:188} INFO - [2026-05-28T06:35:01.508+0000] {dag.py:3947} INFO - Setting next_dagrun for example_python_operator to None, run_after=None
[2026-05-28T06:35:01.583+0000] {processor.py:183} INFO - Processing /home/airflow/.local/lib/python3.12/site-packages/airflow/example_dags/example_python_operator.py took 0.306 seconds
[2026-05-28T06:35:31.970+0000] {processor.py:161} INFO - Started process (PID=2792) to work on /home/airflow/.local/lib/python3.12/site-packages/airflow/example_dags/example_python_operator.py
[2026-05-28T06:35:31.974+0000] {processor.py:830} INFO - Processing file /home/airflow/.local/lib/python3.12/site-packages/airflow/example_dags/example_python_operator.py for tasks to queue
[2026-05-28T06:35:31.980+0000] {logging_mixin.py:188} INFO - [2026-05-28T06:35:31.979+0000] {dagbag.py:545} INFO - Filling up the DagBag from /home/airflow/.local/lib/python3.12/site-packages/airflow/example_dags/example_python_operator.py
[2026-05-28T06:35:32.013+0000] {processor.py:840} INFO - DAG(s) 'example_python_operator' retrieved from /home/airflow/.local/lib/python3.12/site-packages/airflow/example_dags/example_python_operator.py
[2026-05-28T06:35:32.097+0000] {logging_mixin.py:188} INFO - [2026-05-28T06:35:32.096+0000] {dag.py:3089} INFO - Sync 1 DAGs
[2026-05-28T06:35:32.158+0000] {logging_mixin.py:188} INFO - [2026-05-28T06:35:32.157+0000] {dag.py:3947} INFO - Setting next_dagrun for example_python_operator to None, run_after=None
[2026-05-28T06:35:32.229+0000] {processor.py:183} INFO - Processing /home/airflow/.local/lib/python3.12/site-packages/airflow/example_dags/example_python_operator.py took 0.277 seconds
[2026-05-28T06:36:03.547+0000] {processor.py:161} INFO - Started process (PID=2850) to work on /home/airflow/.local/lib/python3.12/site-packages/airflow/example_dags/example_python_operator.py
[2026-05-28T06:36:03.550+0000] {processor.py:830} INFO - Processing file /home/airflow/.local/lib/python3.12/site-packages/airflow/example_dags/example_python_operator.py for tasks to queue
[2026-05-28T06:36:03.557+0000] {logging_mixin.py:188} INFO - [2026-05-28T06:36:03.556+0000] {dagbag.py:545} INFO - Filling up the DagBag from /home/airflow/.local/lib/python3.12/site-packages/airflow/example_dags/example_python_operator.py
[2026-05-28T06:36:03.610+0000] {processor.py:840} INFO - DAG(s) 'example_python_operator' retrieved from /home/airflow/.local/lib/python3.12/site-packages/airflow/example_dags/example_python_operator.py
[2026-05-28T06:36:03.742+0000] {logging_mixin.py:188} INFO - [2026-05-28T06:36:03.741+0000] {dag.py:3089} INFO - Sync 1 DAGs
[2026-05-28T06:36:03.780+0000] {logging_mixin.py:188} INFO - [2026-05-28T06:36:03.779+0000] {dag.py:3947} INFO - Setting next_dagrun for example_python_operator to None, run_after=None
[2026-05-28T06:36:03.841+0000] {processor.py:183} INFO - Processing /home/airflow/.local/lib/python3.12/site-packages/airflow/example_dags/example_python_operator.py took 0.313 seconds
[2026-05-28T06:36:33.981+0000] {processor.py:161} INFO - Started process (PID=2908) to work on /home/airflow/.local/lib/python3.12/site-packages/airflow/example_dags/example_python_operator.py
[2026-05-28T06:36:33.984+0000] {processor.py:830} INFO - Processing file /home/airflow/.local/lib/python3.12/site-packages/airflow/example_dags/example_python_operator.py for tasks to queue
[2026-05-28T06:36:33.990+0000] {logging_mixin.py:188} INFO - [2026-05-28T06:36:33.989+0000] {dagbag.py:545} INFO - Filling up the DagBag from /home/airflow/.local/lib/python3.12/site-packages/airflow/example_dags/example_python_operator.py
[2026-05-28T06:36:34.022+0000] {processor.py:840} INFO - DAG(s) 'example_python_operator' retrieved from /home/airflow/.local/lib/python3.12/site-packages/airflow/example_dags/example_python_operator.py
[2026-05-28T06:36:34.091+0000] {logging_mixin.py:188} INFO - [2026-05-28T06:36:34.091+0000] {dag.py:3089} INFO - Sync 1 DAGs
[2026-05-28T06:36:34.124+0000] {logging_mixin.py:188} INFO - [2026-05-28T06:36:34.124+0000] {dag.py:3947} INFO - Setting next_dagrun for example_python_operator to None, run_after=None
[2026-05-28T06:36:34.190+0000] {processor.py:183} INFO - Processing /home/airflow/.local/lib/python3.12/site-packages/airflow/example_dags/example_python_operator.py took 0.227 seconds
[2026-05-28T06:37:05.415+0000] {processor.py:161} INFO - Started process (PID=2967) to work on /home/airflow/.local/lib/python3.12/site-packages/airflow/example_dags/example_python_operator.py
[2026-05-28T06:37:05.418+0000] {processor.py:830} INFO - Processing file /home/airflow/.local/lib/python3.12/site-packages/airflow/example_dags/example_python_operator.py for tasks to queue
[2026-05-28T06:37:05.423+0000] {logging_mixin.py:188} INFO - [2026-05-28T06:37:05.422+0000] {dagbag.py:545} INFO - Filling up the DagBag from /home/airflow/.local/lib/python3.12/site-packages/airflow/example_dags/example_python_operator.py
[2026-05-28T06:37:05.456+0000] {processor.py:840} INFO - DAG(s) 'example_python_operator' retrieved from /home/airflow/.local/lib/python3.12/site-packages/airflow/example_dags/example_python_operator.py
[2026-05-28T06:37:05.523+0000] {logging_mixin.py:188} INFO - [2026-05-28T06:37:05.522+0000] {dag.py:3089} INFO - Sync 1 DAGs
[2026-05-28T06:37:05.564+0000] {logging_mixin.py:188} INFO - [2026-05-28T06:37:05.563+0000] {dag.py:3947} INFO - Setting next_dagrun for example_python_operator to None, run_after=None
[2026-05-28T06:37:05.614+0000] {processor.py:183} INFO - Processing /home/airflow/.local/lib/python3.12/site-packages/airflow/example_dags/example_python_operator.py took 0.215 seconds
[2026-05-28T06:37:36.238+0000] {processor.py:161} INFO - Started process (PID=3026) to work on /home/airflow/.local/lib/python3.12/site-packages/airflow/example_dags/example_python_operator.py
[2026-05-28T06:37:36.242+0000] {processor.py:830} INFO - Processing file /home/airflow/.local/lib/python3.12/site-packages/airflow/example_dags/example_python_operator.py for tasks to queue
[2026-05-28T06:37:36.249+0000] {logging_mixin.py:188} INFO - [2026-05-28T06:37:36.248+0000] {dagbag.py:545} INFO - Filling up the DagBag from /home/airflow/.local/lib/python3.12/site-packages/airflow/example_dags/example_python_operator.py
[2026-05-28T06:37:36.310+0000] {processor.py:840} INFO - DAG(s) 'example_python_operator' retrieved from /home/airflow/.local/lib/python3.12/site-packages/airflow/example_dags/example_python_operator.py
[2026-05-28T06:37:36.410+0000] {logging_mixin.py:188} INFO - [2026-05-28T06:37:36.410+0000] {dag.py:3089} INFO - Sync 1 DAGs
[2026-05-28T06:37:36.464+0000] {logging_mixin.py:188} INFO - [2026-05-28T06:37:36.464+0000] {dag.py:3947} INFO - Setting next_dagrun for example_python_operator to None, run_after=None
[2026-05-28T06:37:36.538+0000] {processor.py:183} INFO - Processing /home/airflow/.local/lib/python3.12/site-packages/airflow/example_dags/example_python_operator.py took 0.331 seconds
[2026-05-28T06:38:07.319+0000] {processor.py:161} INFO - Started process (PID=3084) to work on /home/airflow/.local/lib/python3.12/site-packages/airflow/example_dags/example_python_operator.py
[2026-05-28T06:38:07.323+0000] {processor.py:830} INFO - Processing file /home/airflow/.local/lib/python3.12/site-packages/airflow/example_dags/example_python_operator.py for tasks to queue
[2026-05-28T06:38:07.329+0000] {logging_mixin.py:188} INFO - [2026-05-28T06:38:07.328+0000] {dagbag.py:545} INFO - Filling up the DagBag from /home/airflow/.local/lib/python3.12/site-packages/airflow/example_dags/example_python_operator.py
[2026-05-28T06:38:07.365+0000] {processor.py:840} INFO - DAG(s) 'example_python_operator' retrieved from /home/airflow/.local/lib/python3.12/site-packages/airflow/example_dags/example_python_operator.py
[2026-05-28T06:38:07.448+0000] {logging_mixin.py:188} INFO - [2026-05-28T06:38:07.448+0000] {dag.py:3089} INFO - Sync 1 DAGs
[2026-05-28T06:38:07.486+0000] {logging_mixin.py:188} INFO - [2026-05-28T06:38:07.486+0000] {dag.py:3947} INFO - Setting next_dagrun for example_python_operator to None, run_after=None
[2026-05-28T06:38:07.537+0000] {processor.py:183} INFO - Processing /home/airflow/.local/lib/python3.12/site-packages/airflow/example_dags/example_python_operator.py took 0.234 seconds
[2026-05-28T06:38:38.211+0000] {processor.py:161} INFO - Started process (PID=3142) to work on /home/airflow/.local/lib/python3.12/site-packages/airflow/example_dags/example_python_operator.py
[2026-05-28T06:38:38.214+0000] {processor.py:830} INFO - Processing file /home/airflow/.local/lib/python3.12/site-packages/airflow/example_dags/example_python_operator.py for tasks to queue
[2026-05-28T06:38:38.220+0000] {logging_mixin.py:188} INFO - [2026-05-28T06:38:38.219+0000] {dagbag.py:545} INFO - Filling up the DagBag from /home/airflow/.local/lib/python3.12/site-packages/airflow/example_dags/example_python_operator.py
[2026-05-28T06:38:38.256+0000] {processor.py:840} INFO - DAG(s) 'example_python_operator' retrieved from /home/airflow/.local/lib/python3.12/site-packages/airflow/example_dags/example_python_operator.py
[2026-05-28T06:38:38.327+0000] {logging_mixin.py:188} INFO - [2026-05-28T06:38:38.326+0000] {dag.py:3089} INFO - Sync 1 DAGs
[2026-05-28T06:38:38.380+0000] {logging_mixin.py:188} INFO - [2026-05-28T06:38:38.379+0000] {dag.py:3947} INFO - Setting next_dagrun for example_python_operator to None, run_after=None
[2026-05-28T06:38:38.447+0000] {processor.py:183} INFO - Processing /home/airflow/.local/lib/python3.12/site-packages/airflow/example_dags/example_python_operator.py took 0.251 seconds
[2026-05-28T06:39:09.553+0000] {processor.py:161} INFO - Started process (PID=3200) to work on /home/airflow/.local/lib/python3.12/site-packages/airflow/example_dags/example_python_operator.py
[2026-05-28T06:39:09.557+0000] {processor.py:830} INFO - Processing file /home/airflow/.local/lib/python3.12/site-packages/airflow/example_dags/example_python_operator.py for tasks to queue
[2026-05-28T06:39:09.564+0000] {logging_mixin.py:188} INFO - [2026-05-28T06:39:09.563+0000] {dagbag.py:545} INFO - Filling up the DagBag from /home/airflow/.local/lib/python3.12/site-packages/airflow/example_dags/example_python_operator.py
[2026-05-28T06:39:09.601+0000] {processor.py:840} INFO - DAG(s) 'example_python_operator' retrieved from /home/airflow/.local/lib/python3.12/site-packages/airflow/example_dags/example_python_operator.py
[2026-05-28T06:39:09.671+0000] {logging_mixin.py:188} INFO - [2026-05-28T06:39:09.670+0000] {dag.py:3089} INFO - Sync 1 DAGs
[2026-05-28T06:39:09.709+0000] {logging_mixin.py:188} INFO - [2026-05-28T06:39:09.709+0000] {dag.py:3947} INFO - Setting next_dagrun for example_python_operator to None, run_after=None
[2026-05-28T06:39:09.781+0000] {processor.py:183} INFO - Processing /home/airflow/.local/lib/python3.12/site-packages/airflow/example_dags/example_python_operator.py took 0.247 seconds
[2026-05-28T06:39:40.658+0000] {processor.py:161} INFO - Started process (PID=3258) to work on /home/airflow/.local/lib/python3.12/site-packages/airflow/example_dags/example_python_operator.py
[2026-05-28T06:39:40.661+0000] {processor.py:830} INFO - Processing file /home/airflow/.local/lib/python3.12/site-packages/airflow/example_dags/example_python_operator.py for tasks to queue
[2026-05-28T06:39:40.667+0000] {logging_mixin.py:188} INFO - [2026-05-28T06:39:40.666+0000] {dagbag.py:545} INFO - Filling up the DagBag from /home/airflow/.local/lib/python3.12/site-packages/airflow/example_dags/example_python_operator.py
[2026-05-28T06:39:40.707+0000] {processor.py:840} INFO - DAG(s) 'example_python_operator' retrieved from /home/airflow/.local/lib/python3.12/site-packages/airflow/example_dags/example_python_operator.py
[2026-05-28T06:39:40.782+0000] {logging_mixin.py:188} INFO - [2026-05-28T06:39:40.782+0000] {dag.py:3089} INFO - Sync 1 DAGs
[2026-05-28T06:39:40.825+0000] {logging_mixin.py:188} INFO - [2026-05-28T06:39:40.824+0000] {dag.py:3947} INFO - Setting next_dagrun for example_python_operator to None, run_after=None
[2026-05-28T06:39:40.896+0000] {processor.py:183} INFO - Processing /home/airflow/.local/lib/python3.12/site-packages/airflow/example_dags/example_python_operator.py took 0.256 seconds
[2026-05-28T06:40:11.824+0000] {processor.py:161} INFO - Started process (PID=3316) to work on /home/airflow/.local/lib/python3.12/site-packages/airflow/example_dags/example_python_operator.py
[2026-05-28T06:40:11.828+0000] {processor.py:830} INFO - Processing file /home/airflow/.local/lib/python3.12/site-packages/airflow/example_dags/example_python_operator.py for tasks to queue
[2026-05-28T06:40:11.835+0000] {logging_mixin.py:188} INFO - [2026-05-28T06:40:11.834+0000] {dagbag.py:545} INFO - Filling up the DagBag from /home/airflow/.local/lib/python3.12/site-packages/airflow/example_dags/example_python_operator.py
[2026-05-28T06:40:11.876+0000] {processor.py:840} INFO - DAG(s) 'example_python_operator' retrieved from /home/airflow/.local/lib/python3.12/site-packages/airflow/example_dags/example_python_operator.py
[2026-05-28T06:40:11.961+0000] {logging_mixin.py:188} INFO - [2026-05-28T06:40:11.960+0000] {dag.py:3089} INFO - Sync 1 DAGs
[2026-05-28T06:40:12.019+0000] {logging_mixin.py:188} INFO - [2026-05-28T06:40:12.018+0000] {dag.py:3947} INFO - Setting next_dagrun for example_python_operator to None, run_after=None
[2026-05-28T06:40:12.103+0000] {processor.py:183} INFO - Processing /home/airflow/.local/lib/python3.12/site-packages/airflow/example_dags/example_python_operator.py took 0.297 seconds
[2026-05-28T06:40:43.349+0000] {processor.py:161} INFO - Started process (PID=3374) to work on /home/airflow/.local/lib/python3.12/site-packages/airflow/example_dags/example_python_operator.py
[2026-05-28T06:40:43.352+0000] {processor.py:830} INFO - Processing file /home/airflow/.local/lib/python3.12/site-packages/airflow/example_dags/example_python_operator.py for tasks to queue
[2026-05-28T06:40:43.357+0000] {logging_mixin.py:188} INFO - [2026-05-28T06:40:43.356+0000] {dagbag.py:545} INFO - Filling up the DagBag from /home/airflow/.local/lib/python3.12/site-packages/airflow/example_dags/example_python_operator.py
[2026-05-28T06:40:43.390+0000] {processor.py:840} INFO - DAG(s) 'example_python_operator' retrieved from /home/airflow/.local/lib/python3.12/site-packages/airflow/example_dags/example_python_operator.py
[2026-05-28T06:40:43.466+0000] {logging_mixin.py:188} INFO - [2026-05-28T06:40:43.465+0000] {dag.py:3089} INFO - Sync 1 DAGs
[2026-05-28T06:40:43.521+0000] {logging_mixin.py:188} INFO - [2026-05-28T06:40:43.521+0000] {dag.py:3947} INFO - Setting next_dagrun for example_python_operator to None, run_after=None
[2026-05-28T06:40:43.668+0000] {processor.py:183} INFO - Processing /home/airflow/.local/lib/python3.12/site-packages/airflow/example_dags/example_python_operator.py took 0.337 seconds
[2026-05-28T06:41:14.180+0000] {processor.py:161} INFO - Started process (PID=3432) to work on /home/airflow/.local/lib/python3.12/site-packages/airflow/example_dags/example_python_operator.py
[2026-05-28T06:41:14.185+0000] {processor.py:830} INFO - Processing file /home/airflow/.local/lib/python3.12/site-packages/airflow/example_dags/example_python_operator.py for tasks to queue
[2026-05-28T06:41:14.190+0000] {logging_mixin.py:188} INFO - [2026-05-28T06:41:14.189+0000] {dagbag.py:545} INFO - Filling up the DagBag from /home/airflow/.local/lib/python3.12/site-packages/airflow/example_dags/example_python_operator.py
[2026-05-28T06:41:14.219+0000] {processor.py:840} INFO - DAG(s) 'example_python_operator' retrieved from /home/airflow/.local/lib/python3.12/site-packages/airflow/example_dags/example_python_operator.py
[2026-05-28T06:41:14.272+0000] {logging_mixin.py:188} INFO - [2026-05-28T06:41:14.272+0000] {dag.py:3089} INFO - Sync 1 DAGs
[2026-05-28T06:41:14.298+0000] {logging_mixin.py:188} INFO - [2026-05-28T06:41:14.298+0000] {dag.py:3947} INFO - Setting next_dagrun for example_python_operator to None, run_after=None
[2026-05-28T06:41:14.351+0000] {processor.py:183} INFO - Processing /home/airflow/.local/lib/python3.12/site-packages/airflow/example_dags/example_python_operator.py took 0.190 seconds
[2026-05-28T06:41:45.115+0000] {processor.py:161} INFO - Started process (PID=3490) to work on /home/airflow/.local/lib/python3.12/site-packages/airflow/example_dags/example_python_operator.py
[2026-05-28T06:41:45.121+0000] {processor.py:830} INFO - Processing file /home/airflow/.local/lib/python3.12/site-packages/airflow/example_dags/example_python_operator.py for tasks to queue
[2026-05-28T06:41:45.136+0000] {logging_mixin.py:188} INFO - [2026-05-28T06:41:45.129+0000] {dagbag.py:545} INFO - Filling up the DagBag from /home/airflow/.local/lib/python3.12/site-packages/airflow/example_dags/example_python_operator.py
[2026-05-28T06:41:45.209+0000] {processor.py:840} INFO - DAG(s) 'example_python_operator' retrieved from /home/airflow/.local/lib/python3.12/site-packages/airflow/example_dags/example_python_operator.py
[2026-05-28T06:41:45.296+0000] {logging_mixin.py:188} INFO - [2026-05-28T06:41:45.295+0000] {dag.py:3089} INFO - Sync 1 DAGs
[2026-05-28T06:41:45.333+0000] {logging_mixin.py:188} INFO - [2026-05-28T06:41:45.333+0000] {dag.py:3947} INFO - Setting next_dagrun for example_python_operator to None, run_after=None
[2026-05-28T06:41:45.410+0000] {processor.py:183} INFO - Processing /home/airflow/.local/lib/python3.12/site-packages/airflow/example_dags/example_python_operator.py took 0.320 seconds
[2026-05-28T06:42:16.383+0000] {processor.py:161} INFO - Started process (PID=3548) to work on /home/airflow/.local/lib/python3.12/site-packages/airflow/example_dags/example_python_operator.py
[2026-05-28T06:42:16.386+0000] {processor.py:830} INFO - Processing file /home/airflow/.local/lib/python3.12/site-packages/airflow/example_dags/example_python_operator.py for tasks to queue
[2026-05-28T06:42:16.393+0000] {logging_mixin.py:188} INFO - [2026-05-28T06:42:16.391+0000] {dagbag.py:545} INFO - Filling up the DagBag from /home/airflow/.local/lib/python3.12/site-packages/airflow/example_dags/example_python_operator.py
[2026-05-28T06:42:16.424+0000] {processor.py:840} INFO - DAG(s) 'example_python_operator' retrieved from /home/airflow/.local/lib/python3.12/site-packages/airflow/example_dags/example_python_operator.py
[2026-05-28T06:42:16.488+0000] {logging_mixin.py:188} INFO - [2026-05-28T06:42:16.488+0000] {dag.py:3089} INFO - Sync 1 DAGs
[2026-05-28T06:42:16.519+0000] {logging_mixin.py:188} INFO - [2026-05-28T06:42:16.519+0000] {dag.py:3947} INFO - Setting next_dagrun for example_python_operator to None, run_after=None
[2026-05-28T06:42:16.577+0000] {processor.py:183} INFO - Processing /home/airflow/.local/lib/python3.12/site-packages/airflow/example_dags/example_python_operator.py took 0.212 seconds
[2026-05-28T06:42:47.353+0000] {processor.py:161} INFO - Started process (PID=3606) to work on /home/airflow/.local/lib/python3.12/site-packages/airflow/example_dags/example_python_operator.py
[2026-05-28T06:42:47.356+0000] {processor.py:830} INFO - Processing file /home/airflow/.local/lib/python3.12/site-packages/airflow/example_dags/example_python_operator.py for tasks to queue
[2026-05-28T06:42:47.364+0000] {logging_mixin.py:188} INFO - [2026-05-28T06:42:47.362+0000] {dagbag.py:545} INFO - Filling up the DagBag from /home/airflow/.local/lib/python3.12/site-packages/airflow/example_dags/example_python_operator.py
[2026-05-28T06:42:47.398+0000] {processor.py:840} INFO - DAG(s) 'example_python_operator' retrieved from /home/airflow/.local/lib/python3.12/site-packages/airflow/example_dags/example_python_operator.py
[2026-05-28T06:42:47.460+0000] {logging_mixin.py:188} INFO - [2026-05-28T06:42:47.459+0000] {dag.py:3089} INFO - Sync 1 DAGs
[2026-05-28T06:42:47.498+0000] {logging_mixin.py:188} INFO - [2026-05-28T06:42:47.497+0000] {dag.py:3947} INFO - Setting next_dagrun for example_python_operator to None, run_after=None
[2026-05-28T06:42:47.569+0000] {processor.py:183} INFO - Processing /home/airflow/.local/lib/python3.12/site-packages/airflow/example_dags/example_python_operator.py took 0.238 seconds
[2026-05-28T06:57:27.817+0000] {processor.py:186} INFO - Started process (PID=124) to work on /home/airflow/.local/lib/python3.12/site-packages/airflow/example_dags/example_python_operator.py
[2026-05-28T06:57:27.821+0000] {processor.py:914} INFO - Processing file /home/airflow/.local/lib/python3.12/site-packages/airflow/example_dags/example_python_operator.py for tasks to queue
[2026-05-28T06:57:27.829+0000] {logging_mixin.py:190} INFO - [2026-05-28T06:57:27.828+0000] {dagbag.py:588} INFO - Filling up the DagBag from /home/airflow/.local/lib/python3.12/site-packages/airflow/example_dags/example_python_operator.py
[2026-05-28T06:57:27.886+0000] {processor.py:925} INFO - DAG(s) 'example_python_operator' retrieved from /home/airflow/.local/lib/python3.12/site-packages/airflow/example_dags/example_python_operator.py
[2026-05-28T06:57:28.237+0000] {logging_mixin.py:190} INFO - [2026-05-28T06:57:28.236+0000] {override.py:1932} INFO - Created Permission View: can delete on DAG:example_python_operator
[2026-05-28T06:57:28.270+0000] {logging_mixin.py:190} INFO - [2026-05-28T06:57:28.269+0000] {override.py:1932} INFO - Created Permission View: can edit on DAG:example_python_operator
[2026-05-28T06:57:28.292+0000] {logging_mixin.py:190} INFO - [2026-05-28T06:57:28.291+0000] {override.py:1932} INFO - Created Permission View: can read on DAG:example_python_operator
[2026-05-28T06:57:28.317+0000] {logging_mixin.py:190} INFO - [2026-05-28T06:57:28.316+0000] {override.py:1932} INFO - Created Permission View: can delete on DAG Run:example_python_operator
[2026-05-28T06:57:28.342+0000] {logging_mixin.py:190} INFO - [2026-05-28T06:57:28.341+0000] {override.py:1932} INFO - Created Permission View: menu access on DAG Run:example_python_operator
[2026-05-28T06:57:28.366+0000] {logging_mixin.py:190} INFO - [2026-05-28T06:57:28.365+0000] {override.py:1932} INFO - Created Permission View: can create on DAG Run:example_python_operator
[2026-05-28T06:57:28.390+0000] {logging_mixin.py:190} INFO - [2026-05-28T06:57:28.389+0000] {override.py:1932} INFO - Created Permission View: can read on DAG Run:example_python_operator
[2026-05-28T06:57:28.392+0000] {logging_mixin.py:190} INFO - [2026-05-28T06:57:28.391+0000] {dag.py:3239} INFO - Sync 1 DAGs
[2026-05-28T06:57:28.427+0000] {logging_mixin.py:190} INFO - [2026-05-28T06:57:28.426+0000] {dag.py:3262} INFO - Creating ORM DAG for example_python_operator
[2026-05-28T06:57:28.429+0000] {logging_mixin.py:190} INFO - [2026-05-28T06:57:28.429+0000] {dag.py:4180} INFO - Setting next_dagrun for example_python_operator to None, run_after=None
[2026-05-28T06:57:28.479+0000] {processor.py:208} INFO - Processing /home/airflow/.local/lib/python3.12/site-packages/airflow/example_dags/example_python_operator.py took 0.675 seconds
[2026-05-28T06:58:08.191+0000] {processor.py:186} INFO - Started process (PID=188) to work on /home/airflow/.local/lib/python3.12/site-packages/airflow/example_dags/example_python_operator.py
[2026-05-28T06:58:08.194+0000] {processor.py:914} INFO - Processing file /home/airflow/.local/lib/python3.12/site-packages/airflow/example_dags/example_python_operator.py for tasks to queue
[2026-05-28T06:58:08.200+0000] {logging_mixin.py:190} INFO - [2026-05-28T06:58:08.199+0000] {dagbag.py:588} INFO - Filling up the DagBag from /home/airflow/.local/lib/python3.12/site-packages/airflow/example_dags/example_python_operator.py
[2026-05-28T06:58:08.223+0000] {processor.py:925} INFO - DAG(s) 'example_python_operator' retrieved from /home/airflow/.local/lib/python3.12/site-packages/airflow/example_dags/example_python_operator.py
[2026-05-28T06:58:08.266+0000] {logging_mixin.py:190} INFO - [2026-05-28T06:58:08.265+0000] {dag.py:3239} INFO - Sync 1 DAGs
[2026-05-28T06:58:08.288+0000] {logging_mixin.py:190} INFO - [2026-05-28T06:58:08.287+0000] {dag.py:4180} INFO - Setting next_dagrun for example_python_operator to None, run_after=None
[2026-05-28T06:58:08.322+0000] {processor.py:208} INFO - Processing /home/airflow/.local/lib/python3.12/site-packages/airflow/example_dags/example_python_operator.py took 0.143 seconds
[2026-05-28T06:58:49.882+0000] {processor.py:186} INFO - Started process (PID=259) to work on /home/airflow/.local/lib/python3.12/site-packages/airflow/example_dags/example_python_operator.py
[2026-05-28T06:58:49.885+0000] {processor.py:914} INFO - Processing file /home/airflow/.local/lib/python3.12/site-packages/airflow/example_dags/example_python_operator.py for tasks to queue
[2026-05-28T06:58:49.894+0000] {logging_mixin.py:190} INFO - [2026-05-28T06:58:49.893+0000] {dagbag.py:588} INFO - Filling up the DagBag from /home/airflow/.local/lib/python3.12/site-packages/airflow/example_dags/example_python_operator.py
[2026-05-28T06:58:49.924+0000] {processor.py:925} INFO - DAG(s) 'example_python_operator' retrieved from /home/airflow/.local/lib/python3.12/site-packages/airflow/example_dags/example_python_operator.py
[2026-05-28T06:58:49.985+0000] {logging_mixin.py:190} INFO - [2026-05-28T06:58:49.984+0000] {dag.py:3239} INFO - Sync 1 DAGs
[2026-05-28T06:58:50.019+0000] {logging_mixin.py:190} INFO - [2026-05-28T06:58:50.019+0000] {dag.py:4180} INFO - Setting next_dagrun for example_python_operator to None, run_after=None
[2026-05-28T06:58:50.064+0000] {processor.py:208} INFO - Processing /home/airflow/.local/lib/python3.12/site-packages/airflow/example_dags/example_python_operator.py took 0.194 seconds
[2026-05-28T06:59:20.417+0000] {processor.py:186} INFO - Started process (PID=321) to work on /home/airflow/.local/lib/python3.12/site-packages/airflow/example_dags/example_python_operator.py
[2026-05-28T06:59:20.419+0000] {processor.py:914} INFO - Processing file /home/airflow/.local/lib/python3.12/site-packages/airflow/example_dags/example_python_operator.py for tasks to queue
[2026-05-28T06:59:20.424+0000] {logging_mixin.py:190} INFO - [2026-05-28T06:59:20.423+0000] {dagbag.py:588} INFO - Filling up the DagBag from /home/airflow/.local/lib/python3.12/site-packages/airflow/example_dags/example_python_operator.py
[2026-05-28T06:59:20.445+0000] {processor.py:925} INFO - DAG(s) 'example_python_operator' retrieved from /home/airflow/.local/lib/python3.12/site-packages/airflow/example_dags/example_python_operator.py
[2026-05-28T06:59:20.487+0000] {logging_mixin.py:190} INFO - [2026-05-28T06:59:20.486+0000] {dag.py:3239} INFO - Sync 1 DAGs
[2026-05-28T06:59:20.507+0000] {logging_mixin.py:190} INFO - [2026-05-28T06:59:20.507+0000] {dag.py:4180} INFO - Setting next_dagrun for example_python_operator to None, run_after=None
[2026-05-28T06:59:20.537+0000] {processor.py:208} INFO - Processing /home/airflow/.local/lib/python3.12/site-packages/airflow/example_dags/example_python_operator.py took 0.130 seconds
[2026-05-28T06:59:54.824+0000] {processor.py:186} INFO - Started process (PID=385) to work on /home/airflow/.local/lib/python3.12/site-packages/airflow/example_dags/example_python_operator.py
[2026-05-28T06:59:54.828+0000] {processor.py:914} INFO - Processing file /home/airflow/.local/lib/python3.12/site-packages/airflow/example_dags/example_python_operator.py for tasks to queue
[2026-05-28T06:59:54.837+0000] {logging_mixin.py:190} INFO - [2026-05-28T06:59:54.836+0000] {dagbag.py:588} INFO - Filling up the DagBag from /home/airflow/.local/lib/python3.12/site-packages/airflow/example_dags/example_python_operator.py
[2026-05-28T06:59:54.877+0000] {processor.py:925} INFO - DAG(s) 'example_python_operator' retrieved from /home/airflow/.local/lib/python3.12/site-packages/airflow/example_dags/example_python_operator.py
[2026-05-28T06:59:54.974+0000] {logging_mixin.py:190} INFO - [2026-05-28T06:59:54.973+0000] {dag.py:3239} INFO - Sync 1 DAGs
[2026-05-28T06:59:55.011+0000] {logging_mixin.py:190} INFO - [2026-05-28T06:59:55.011+0000] {dag.py:4180} INFO - Setting next_dagrun for example_python_operator to None, run_after=None
[2026-05-28T06:59:55.061+0000] {processor.py:208} INFO - Processing /home/airflow/.local/lib/python3.12/site-packages/airflow/example_dags/example_python_operator.py took 0.262 seconds
[2026-05-28T07:00:25.793+0000] {processor.py:186} INFO - Started process (PID=447) to work on /home/airflow/.local/lib/python3.12/site-packages/airflow/example_dags/example_python_operator.py
[2026-05-28T07:00:25.795+0000] {processor.py:914} INFO - Processing file /home/airflow/.local/lib/python3.12/site-packages/airflow/example_dags/example_python_operator.py for tasks to queue
[2026-05-28T07:00:25.800+0000] {logging_mixin.py:190} INFO - [2026-05-28T07:00:25.799+0000] {dagbag.py:588} INFO - Filling up the DagBag from /home/airflow/.local/lib/python3.12/site-packages/airflow/example_dags/example_python_operator.py
[2026-05-28T07:00:25.821+0000] {processor.py:925} INFO - DAG(s) 'example_python_operator' retrieved from /home/airflow/.local/lib/python3.12/site-packages/airflow/example_dags/example_python_operator.py
[2026-05-28T07:00:25.865+0000] {logging_mixin.py:190} INFO - [2026-05-28T07:00:25.865+0000] {dag.py:3239} INFO - Sync 1 DAGs
[2026-05-28T07:00:25.890+0000] {logging_mixin.py:190} INFO - [2026-05-28T07:00:25.890+0000] {dag.py:4180} INFO - Setting next_dagrun for example_python_operator to None, run_after=None
[2026-05-28T07:00:25.937+0000] {processor.py:208} INFO - Processing /home/airflow/.local/lib/python3.12/site-packages/airflow/example_dags/example_python_operator.py took 0.153 seconds
[2026-05-28T07:00:59.624+0000] {processor.py:186} INFO - Started process (PID=510) to work on /home/airflow/.local/lib/python3.12/site-packages/airflow/example_dags/example_python_operator.py
[2026-05-28T07:00:59.627+0000] {processor.py:914} INFO - Processing file /home/airflow/.local/lib/python3.12/site-packages/airflow/example_dags/example_python_operator.py for tasks to queue
[2026-05-28T07:00:59.631+0000] {logging_mixin.py:190} INFO - [2026-05-28T07:00:59.631+0000] {dagbag.py:588} INFO - Filling up the DagBag from /home/airflow/.local/lib/python3.12/site-packages/airflow/example_dags/example_python_operator.py
[2026-05-28T07:00:59.650+0000] {processor.py:925} INFO - DAG(s) 'example_python_operator' retrieved from /home/airflow/.local/lib/python3.12/site-packages/airflow/example_dags/example_python_operator.py
[2026-05-28T07:00:59.692+0000] {logging_mixin.py:190} INFO - [2026-05-28T07:00:59.692+0000] {dag.py:3239} INFO - Sync 1 DAGs
[2026-05-28T07:00:59.714+0000] {logging_mixin.py:190} INFO - [2026-05-28T07:00:59.714+0000] {dag.py:4180} INFO - Setting next_dagrun for example_python_operator to None, run_after=None
[2026-05-28T07:00:59.761+0000] {processor.py:208} INFO - Processing /home/airflow/.local/lib/python3.12/site-packages/airflow/example_dags/example_python_operator.py took 0.148 seconds
[2026-05-28T07:01:38.600+0000] {processor.py:186} INFO - Started process (PID=562) to work on /home/airflow/.local/lib/python3.12/site-packages/airflow/example_dags/example_python_operator.py
[2026-05-28T07:01:38.602+0000] {processor.py:914} INFO - Processing file /home/airflow/.local/lib/python3.12/site-packages/airflow/example_dags/example_python_operator.py for tasks to queue
[2026-05-28T07:01:38.606+0000] {logging_mixin.py:190} INFO - [2026-05-28T07:01:38.606+0000] {dagbag.py:588} INFO - Filling up the DagBag from /home/airflow/.local/lib/python3.12/site-packages/airflow/example_dags/example_python_operator.py
[2026-05-28T07:01:38.628+0000] {processor.py:925} INFO - DAG(s) 'example_python_operator' retrieved from /home/airflow/.local/lib/python3.12/site-packages/airflow/example_dags/example_python_operator.py
[2026-05-28T07:01:38.692+0000] {logging_mixin.py:190} INFO - [2026-05-28T07:01:38.691+0000] {dag.py:3239} INFO - Sync 1 DAGs
[2026-05-28T07:01:38.721+0000] {logging_mixin.py:190} INFO - [2026-05-28T07:01:38.720+0000] {dag.py:4180} INFO - Setting next_dagrun for example_python_operator to None, run_after=None
[2026-05-28T07:01:38.761+0000] {processor.py:208} INFO - Processing /home/airflow/.local/lib/python3.12/site-packages/airflow/example_dags/example_python_operator.py took 0.170 seconds
[2026-05-28T07:02:16.413+0000] {processor.py:186} INFO - Started process (PID=632) to work on /home/airflow/.local/lib/python3.12/site-packages/airflow/example_dags/example_python_operator.py
[2026-05-28T07:02:16.415+0000] {processor.py:914} INFO - Processing file /home/airflow/.local/lib/python3.12/site-packages/airflow/example_dags/example_python_operator.py for tasks to queue
[2026-05-28T07:02:16.421+0000] {logging_mixin.py:190} INFO - [2026-05-28T07:02:16.420+0000] {dagbag.py:588} INFO - Filling up the DagBag from /home/airflow/.local/lib/python3.12/site-packages/airflow/example_dags/example_python_operator.py
[2026-05-28T07:02:16.464+0000] {processor.py:925} INFO - DAG(s) 'example_python_operator' retrieved from /home/airflow/.local/lib/python3.12/site-packages/airflow/example_dags/example_python_operator.py
[2026-05-28T07:02:16.535+0000] {logging_mixin.py:190} INFO - [2026-05-28T07:02:16.534+0000] {dag.py:3239} INFO - Sync 1 DAGs
[2026-05-28T07:02:16.567+0000] {logging_mixin.py:190} INFO - [2026-05-28T07:02:16.566+0000] {dag.py:4180} INFO - Setting next_dagrun for example_python_operator to None, run_after=None
[2026-05-28T07:02:16.607+0000] {processor.py:208} INFO - Processing /home/airflow/.local/lib/python3.12/site-packages/airflow/example_dags/example_python_operator.py took 0.208 seconds
[2026-05-28T07:02:47.427+0000] {processor.py:186} INFO - Started process (PID=694) to work on /home/airflow/.local/lib/python3.12/site-packages/airflow/example_dags/example_python_operator.py
[2026-05-28T07:02:47.429+0000] {processor.py:914} INFO - Processing file /home/airflow/.local/lib/python3.12/site-packages/airflow/example_dags/example_python_operator.py for tasks to queue
[2026-05-28T07:02:47.433+0000] {logging_mixin.py:190} INFO - [2026-05-28T07:02:47.433+0000] {dagbag.py:588} INFO - Filling up the DagBag from /home/airflow/.local/lib/python3.12/site-packages/airflow/example_dags/example_python_operator.py
[2026-05-28T07:02:47.453+0000] {processor.py:925} INFO - DAG(s) 'example_python_operator' retrieved from /home/airflow/.local/lib/python3.12/site-packages/airflow/example_dags/example_python_operator.py
[2026-05-28T07:02:47.498+0000] {logging_mixin.py:190} INFO - [2026-05-28T07:02:47.497+0000] {dag.py:3239} INFO - Sync 1 DAGs
[2026-05-28T07:02:47.525+0000] {logging_mixin.py:190} INFO - [2026-05-28T07:02:47.525+0000] {dag.py:4180} INFO - Setting next_dagrun for example_python_operator to None, run_after=None
[2026-05-28T07:02:47.572+0000] {processor.py:208} INFO - Processing /home/airflow/.local/lib/python3.12/site-packages/airflow/example_dags/example_python_operator.py took 0.155 seconds
[2026-05-28T07:03:22.463+0000] {processor.py:186} INFO - Started process (PID=755) to work on /home/airflow/.local/lib/python3.12/site-packages/airflow/example_dags/example_python_operator.py
[2026-05-28T07:03:22.465+0000] {processor.py:914} INFO - Processing file /home/airflow/.local/lib/python3.12/site-packages/airflow/example_dags/example_python_operator.py for tasks to queue
[2026-05-28T07:03:22.470+0000] {logging_mixin.py:190} INFO - [2026-05-28T07:03:22.469+0000] {dagbag.py:588} INFO - Filling up the DagBag from /home/airflow/.local/lib/python3.12/site-packages/airflow/example_dags/example_python_operator.py
[2026-05-28T07:03:22.490+0000] {processor.py:925} INFO - DAG(s) 'example_python_operator' retrieved from /home/airflow/.local/lib/python3.12/site-packages/airflow/example_dags/example_python_operator.py
[2026-05-28T07:03:22.536+0000] {logging_mixin.py:190} INFO - [2026-05-28T07:03:22.535+0000] {dag.py:3239} INFO - Sync 1 DAGs
[2026-05-28T07:03:22.563+0000] {logging_mixin.py:190} INFO - [2026-05-28T07:03:22.563+0000] {dag.py:4180} INFO - Setting next_dagrun for example_python_operator to None, run_after=None
[2026-05-28T07:03:22.602+0000] {processor.py:208} INFO - Processing /home/airflow/.local/lib/python3.12/site-packages/airflow/example_dags/example_python_operator.py took 0.148 seconds
[2026-05-28T07:04:03.516+0000] {processor.py:186} INFO - Started process (PID=817) to work on /home/airflow/.local/lib/python3.12/site-packages/airflow/example_dags/example_python_operator.py
[2026-05-28T07:04:03.520+0000] {processor.py:914} INFO - Processing file /home/airflow/.local/lib/python3.12/site-packages/airflow/example_dags/example_python_operator.py for tasks to queue
[2026-05-28T07:04:03.535+0000] {logging_mixin.py:190} INFO - [2026-05-28T07:04:03.533+0000] {dagbag.py:588} INFO - Filling up the DagBag from /home/airflow/.local/lib/python3.12/site-packages/airflow/example_dags/example_python_operator.py
[2026-05-28T07:04:03.571+0000] {processor.py:925} INFO - DAG(s) 'example_python_operator' retrieved from /home/airflow/.local/lib/python3.12/site-packages/airflow/example_dags/example_python_operator.py
[2026-05-28T07:04:03.625+0000] {logging_mixin.py:190} INFO - [2026-05-28T07:04:03.625+0000] {dag.py:3239} INFO - Sync 1 DAGs
[2026-05-28T07:04:03.660+0000] {logging_mixin.py:190} INFO - [2026-05-28T07:04:03.659+0000] {dag.py:4180} INFO - Setting next_dagrun for example_python_operator to None, run_after=None
[2026-05-28T07:04:03.698+0000] {processor.py:208} INFO - Processing /home/airflow/.local/lib/python3.12/site-packages/airflow/example_dags/example_python_operator.py took 0.196 seconds
[2026-05-28T07:04:40.851+0000] {processor.py:186} INFO - Started process (PID=886) to work on /home/airflow/.local/lib/python3.12/site-packages/airflow/example_dags/example_python_operator.py
[2026-05-28T07:04:40.853+0000] {processor.py:914} INFO - Processing file /home/airflow/.local/lib/python3.12/site-packages/airflow/example_dags/example_python_operator.py for tasks to queue
[2026-05-28T07:04:40.859+0000] {logging_mixin.py:190} INFO - [2026-05-28T07:04:40.858+0000] {dagbag.py:588} INFO - Filling up the DagBag from /home/airflow/.local/lib/python3.12/site-packages/airflow/example_dags/example_python_operator.py
[2026-05-28T07:04:40.885+0000] {processor.py:925} INFO - DAG(s) 'example_python_operator' retrieved from /home/airflow/.local/lib/python3.12/site-packages/airflow/example_dags/example_python_operator.py
[2026-05-28T07:04:40.937+0000] {logging_mixin.py:190} INFO - [2026-05-28T07:04:40.937+0000] {dag.py:3239} INFO - Sync 1 DAGs
[2026-05-28T07:04:40.966+0000] {logging_mixin.py:190} INFO - [2026-05-28T07:04:40.965+0000] {dag.py:4180} INFO - Setting next_dagrun for example_python_operator to None, run_after=None
[2026-05-28T07:04:41.007+0000] {processor.py:208} INFO - Processing /home/airflow/.local/lib/python3.12/site-packages/airflow/example_dags/example_python_operator.py took 0.167 seconds
[2026-05-28T07:05:17.981+0000] {processor.py:186} INFO - Started process (PID=952) to work on /home/airflow/.local/lib/python3.12/site-packages/airflow/example_dags/example_python_operator.py
[2026-05-28T07:05:17.984+0000] {processor.py:914} INFO - Processing file /home/airflow/.local/lib/python3.12/site-packages/airflow/example_dags/example_python_operator.py for tasks to queue
[2026-05-28T07:05:17.989+0000] {logging_mixin.py:190} INFO - [2026-05-28T07:05:17.989+0000] {dagbag.py:588} INFO - Filling up the DagBag from /home/airflow/.local/lib/python3.12/site-packages/airflow/example_dags/example_python_operator.py
[2026-05-28T07:05:18.009+0000] {processor.py:925} INFO - DAG(s) 'example_python_operator' retrieved from /home/airflow/.local/lib/python3.12/site-packages/airflow/example_dags/example_python_operator.py
[2026-05-28T07:05:18.053+0000] {logging_mixin.py:190} INFO - [2026-05-28T07:05:18.053+0000] {dag.py:3239} INFO - Sync 1 DAGs
[2026-05-28T07:05:18.078+0000] {logging_mixin.py:190} INFO - [2026-05-28T07:05:18.077+0000] {dag.py:4180} INFO - Setting next_dagrun for example_python_operator to None, run_after=None
[2026-05-28T07:05:18.113+0000] {processor.py:208} INFO - Processing /home/airflow/.local/lib/python3.12/site-packages/airflow/example_dags/example_python_operator.py took 0.144 seconds
[2026-05-28T07:05:50.533+0000] {processor.py:186} INFO - Started process (PID=1015) to work on /home/airflow/.local/lib/python3.12/site-packages/airflow/example_dags/example_python_operator.py
[2026-05-28T07:05:50.537+0000] {processor.py:914} INFO - Processing file /home/airflow/.local/lib/python3.12/site-packages/airflow/example_dags/example_python_operator.py for tasks to queue
[2026-05-28T07:05:50.542+0000] {logging_mixin.py:190} INFO - [2026-05-28T07:05:50.541+0000] {dagbag.py:588} INFO - Filling up the DagBag from /home/airflow/.local/lib/python3.12/site-packages/airflow/example_dags/example_python_operator.py
[2026-05-28T07:05:50.559+0000] {processor.py:925} INFO - DAG(s) 'example_python_operator' retrieved from /home/airflow/.local/lib/python3.12/site-packages/airflow/example_dags/example_python_operator.py
[2026-05-28T07:05:50.601+0000] {logging_mixin.py:190} INFO - [2026-05-28T07:05:50.600+0000] {dag.py:3239} INFO - Sync 1 DAGs
[2026-05-28T07:05:50.623+0000] {logging_mixin.py:190} INFO - [2026-05-28T07:05:50.623+0000] {dag.py:4180} INFO - Setting next_dagrun for example_python_operator to None, run_after=None
[2026-05-28T07:05:50.662+0000] {processor.py:208} INFO - Processing /home/airflow/.local/lib/python3.12/site-packages/airflow/example_dags/example_python_operator.py took 0.137 seconds
[2026-05-28T07:06:21.009+0000] {processor.py:186} INFO - Started process (PID=1077) to work on /home/airflow/.local/lib/python3.12/site-packages/airflow/example_dags/example_python_operator.py
[2026-05-28T07:06:21.012+0000] {processor.py:914} INFO - Processing file /home/airflow/.local/lib/python3.12/site-packages/airflow/example_dags/example_python_operator.py for tasks to queue
[2026-05-28T07:06:21.017+0000] {logging_mixin.py:190} INFO - [2026-05-28T07:06:21.016+0000] {dagbag.py:588} INFO - Filling up the DagBag from /home/airflow/.local/lib/python3.12/site-packages/airflow/example_dags/example_python_operator.py
[2026-05-28T07:06:21.034+0000] {processor.py:925} INFO - DAG(s) 'example_python_operator' retrieved from /home/airflow/.local/lib/python3.12/site-packages/airflow/example_dags/example_python_operator.py
[2026-05-28T07:06:21.081+0000] {logging_mixin.py:190} INFO - [2026-05-28T07:06:21.081+0000] {dag.py:3239} INFO - Sync 1 DAGs
[2026-05-28T07:06:21.100+0000] {logging_mixin.py:190} INFO - [2026-05-28T07:06:21.100+0000] {dag.py:4180} INFO - Setting next_dagrun for example_python_operator to None, run_after=None
[2026-05-28T07:06:21.142+0000] {processor.py:208} INFO - Processing /home/airflow/.local/lib/python3.12/site-packages/airflow/example_dags/example_python_operator.py took 0.143 seconds
[2026-05-28T07:07:02.474+0000] {processor.py:186} INFO - Started process (PID=1149) to work on /home/airflow/.local/lib/python3.12/site-packages/airflow/example_dags/example_python_operator.py
[2026-05-28T07:07:02.475+0000] {processor.py:914} INFO - Processing file /home/airflow/.local/lib/python3.12/site-packages/airflow/example_dags/example_python_operator.py for tasks to queue
[2026-05-28T07:07:02.480+0000] {logging_mixin.py:190} INFO - [2026-05-28T07:07:02.480+0000] {dagbag.py:588} INFO - Filling up the DagBag from /home/airflow/.local/lib/python3.12/site-packages/airflow/example_dags/example_python_operator.py
[2026-05-28T07:07:02.503+0000] {processor.py:925} INFO - DAG(s) 'example_python_operator' retrieved from /home/airflow/.local/lib/python3.12/site-packages/airflow/example_dags/example_python_operator.py
[2026-05-28T07:07:02.549+0000] {logging_mixin.py:190} INFO - [2026-05-28T07:07:02.549+0000] {dag.py:3239} INFO - Sync 1 DAGs
[2026-05-28T07:07:02.576+0000] {logging_mixin.py:190} INFO - [2026-05-28T07:07:02.576+0000] {dag.py:4180} INFO - Setting next_dagrun for example_python_operator to None, run_after=None
[2026-05-28T07:07:02.617+0000] {processor.py:208} INFO - Processing /home/airflow/.local/lib/python3.12/site-packages/airflow/example_dags/example_python_operator.py took 0.152 seconds
[2026-05-28T07:07:40.291+0000] {processor.py:186} INFO - Started process (PID=1212) to work on /home/airflow/.local/lib/python3.12/site-packages/airflow/example_dags/example_python_operator.py
[2026-05-28T07:07:40.293+0000] {processor.py:914} INFO - Processing file /home/airflow/.local/lib/python3.12/site-packages/airflow/example_dags/example_python_operator.py for tasks to queue
[2026-05-28T07:07:40.299+0000] {logging_mixin.py:190} INFO - [2026-05-28T07:07:40.297+0000] {dagbag.py:588} INFO - Filling up the DagBag from /home/airflow/.local/lib/python3.12/site-packages/airflow/example_dags/example_python_operator.py
[2026-05-28T07:07:40.323+0000] {processor.py:925} INFO - DAG(s) 'example_python_operator' retrieved from /home/airflow/.local/lib/python3.12/site-packages/airflow/example_dags/example_python_operator.py
[2026-05-28T07:07:40.386+0000] {logging_mixin.py:190} INFO - [2026-05-28T07:07:40.385+0000] {dag.py:3239} INFO - Sync 1 DAGs
[2026-05-28T07:07:40.418+0000] {logging_mixin.py:190} INFO - [2026-05-28T07:07:40.417+0000] {dag.py:4180} INFO - Setting next_dagrun for example_python_operator to None, run_after=None
[2026-05-28T07:07:40.464+0000] {processor.py:208} INFO - Processing /home/airflow/.local/lib/python3.12/site-packages/airflow/example_dags/example_python_operator.py took 0.186 seconds
[2026-05-28T07:08:16.140+0000] {processor.py:186} INFO - Started process (PID=1274) to work on /home/airflow/.local/lib/python3.12/site-packages/airflow/example_dags/example_python_operator.py
[2026-05-28T07:08:16.142+0000] {processor.py:914} INFO - Processing file /home/airflow/.local/lib/python3.12/site-packages/airflow/example_dags/example_python_operator.py for tasks to queue
[2026-05-28T07:08:16.147+0000] {logging_mixin.py:190} INFO - [2026-05-28T07:08:16.147+0000] {dagbag.py:588} INFO - Filling up the DagBag from /home/airflow/.local/lib/python3.12/site-packages/airflow/example_dags/example_python_operator.py
[2026-05-28T07:08:16.169+0000] {processor.py:925} INFO - DAG(s) 'example_python_operator' retrieved from /home/airflow/.local/lib/python3.12/site-packages/airflow/example_dags/example_python_operator.py
[2026-05-28T07:08:16.211+0000] {logging_mixin.py:190} INFO - [2026-05-28T07:08:16.211+0000] {dag.py:3239} INFO - Sync 1 DAGs
[2026-05-28T07:08:16.232+0000] {logging_mixin.py:190} INFO - [2026-05-28T07:08:16.231+0000] {dag.py:4180} INFO - Setting next_dagrun for example_python_operator to None, run_after=None
[2026-05-28T07:08:16.278+0000] {processor.py:208} INFO - Processing /home/airflow/.local/lib/python3.12/site-packages/airflow/example_dags/example_python_operator.py took 0.147 seconds
[2026-05-28T07:08:51.241+0000] {processor.py:186} INFO - Started process (PID=1342) to work on /home/airflow/.local/lib/python3.12/site-packages/airflow/example_dags/example_python_operator.py
[2026-05-28T07:08:51.243+0000] {processor.py:914} INFO - Processing file /home/airflow/.local/lib/python3.12/site-packages/airflow/example_dags/example_python_operator.py for tasks to queue
[2026-05-28T07:08:51.250+0000] {logging_mixin.py:190} INFO - [2026-05-28T07:08:51.249+0000] {dagbag.py:588} INFO - Filling up the DagBag from /home/airflow/.local/lib/python3.12/site-packages/airflow/example_dags/example_python_operator.py
[2026-05-28T07:08:51.282+0000] {processor.py:925} INFO - DAG(s) 'example_python_operator' retrieved from /home/airflow/.local/lib/python3.12/site-packages/airflow/example_dags/example_python_operator.py
[2026-05-28T07:08:51.336+0000] {logging_mixin.py:190} INFO - [2026-05-28T07:08:51.335+0000] {dag.py:3239} INFO - Sync 1 DAGs
[2026-05-28T07:08:51.356+0000] {logging_mixin.py:190} INFO - [2026-05-28T07:08:51.356+0000] {dag.py:4180} INFO - Setting next_dagrun for example_python_operator to None, run_after=None
[2026-05-28T07:08:51.399+0000] {processor.py:208} INFO - Processing /home/airflow/.local/lib/python3.12/site-packages/airflow/example_dags/example_python_operator.py took 0.171 seconds
[2026-05-28T07:09:22.072+0000] {processor.py:186} INFO - Started process (PID=1405) to work on /home/airflow/.local/lib/python3.12/site-packages/airflow/example_dags/example_python_operator.py
[2026-05-28T07:09:22.074+0000] {processor.py:914} INFO - Processing file /home/airflow/.local/lib/python3.12/site-packages/airflow/example_dags/example_python_operator.py for tasks to queue
[2026-05-28T07:09:22.081+0000] {logging_mixin.py:190} INFO - [2026-05-28T07:09:22.079+0000] {dagbag.py:588} INFO - Filling up the DagBag from /home/airflow/.local/lib/python3.12/site-packages/airflow/example_dags/example_python_operator.py
[2026-05-28T07:09:22.109+0000] {processor.py:925} INFO - DAG(s) 'example_python_operator' retrieved from /home/airflow/.local/lib/python3.12/site-packages/airflow/example_dags/example_python_operator.py
[2026-05-28T07:09:22.155+0000] {logging_mixin.py:190} INFO - [2026-05-28T07:09:22.154+0000] {dag.py:3239} INFO - Sync 1 DAGs
[2026-05-28T07:09:22.182+0000] {logging_mixin.py:190} INFO - [2026-05-28T07:09:22.182+0000] {dag.py:4180} INFO - Setting next_dagrun for example_python_operator to None, run_after=None
[2026-05-28T07:09:22.216+0000] {processor.py:208} INFO - Processing /home/airflow/.local/lib/python3.12/site-packages/airflow/example_dags/example_python_operator.py took 0.153 seconds
[2026-05-28T07:09:57.894+0000] {processor.py:186} INFO - Started process (PID=1468) to work on /home/airflow/.local/lib/python3.12/site-packages/airflow/example_dags/example_python_operator.py
[2026-05-28T07:09:57.895+0000] {processor.py:914} INFO - Processing file /home/airflow/.local/lib/python3.12/site-packages/airflow/example_dags/example_python_operator.py for tasks to queue
[2026-05-28T07:09:57.899+0000] {logging_mixin.py:190} INFO - [2026-05-28T07:09:57.899+0000] {dagbag.py:588} INFO - Filling up the DagBag from /home/airflow/.local/lib/python3.12/site-packages/airflow/example_dags/example_python_operator.py
[2026-05-28T07:09:57.916+0000] {processor.py:925} INFO - DAG(s) 'example_python_operator' retrieved from /home/airflow/.local/lib/python3.12/site-packages/airflow/example_dags/example_python_operator.py
[2026-05-28T07:09:57.954+0000] {logging_mixin.py:190} INFO - [2026-05-28T07:09:57.954+0000] {dag.py:3239} INFO - Sync 1 DAGs
[2026-05-28T07:09:57.974+0000] {logging_mixin.py:190} INFO - [2026-05-28T07:09:57.974+0000] {dag.py:4180} INFO - Setting next_dagrun for example_python_operator to None, run_after=None
[2026-05-28T07:09:58.011+0000] {processor.py:208} INFO - Processing /home/airflow/.local/lib/python3.12/site-packages/airflow/example_dags/example_python_operator.py took 0.126 seconds
[2026-05-28T07:10:30.017+0000] {processor.py:186} INFO - Started process (PID=1530) to work on /home/airflow/.local/lib/python3.12/site-packages/airflow/example_dags/example_python_operator.py
[2026-05-28T07:10:30.019+0000] {processor.py:914} INFO - Processing file /home/airflow/.local/lib/python3.12/site-packages/airflow/example_dags/example_python_operator.py for tasks to queue
[2026-05-28T07:10:30.027+0000] {logging_mixin.py:190} INFO - [2026-05-28T07:10:30.026+0000] {dagbag.py:588} INFO - Filling up the DagBag from /home/airflow/.local/lib/python3.12/site-packages/airflow/example_dags/example_python_operator.py
[2026-05-28T07:10:30.050+0000] {processor.py:925} INFO - DAG(s) 'example_python_operator' retrieved from /home/airflow/.local/lib/python3.12/site-packages/airflow/example_dags/example_python_operator.py
[2026-05-28T07:10:30.096+0000] {logging_mixin.py:190} INFO - [2026-05-28T07:10:30.095+0000] {dag.py:3239} INFO - Sync 1 DAGs
[2026-05-28T07:10:30.129+0000] {logging_mixin.py:190} INFO - [2026-05-28T07:10:30.128+0000] {dag.py:4180} INFO - Setting next_dagrun for example_python_operator to None, run_after=None
[2026-05-28T07:10:30.166+0000] {processor.py:208} INFO - Processing /home/airflow/.local/lib/python3.12/site-packages/airflow/example_dags/example_python_operator.py took 0.163 seconds
[2026-05-28T07:11:12.807+0000] {processor.py:186} INFO - Started process (PID=1590) to work on /home/airflow/.local/lib/python3.12/site-packages/airflow/example_dags/example_python_operator.py
[2026-05-28T07:11:12.809+0000] {processor.py:914} INFO - Processing file /home/airflow/.local/lib/python3.12/site-packages/airflow/example_dags/example_python_operator.py for tasks to queue
[2026-05-28T07:11:12.814+0000] {logging_mixin.py:190} INFO - [2026-05-28T07:11:12.813+0000] {dagbag.py:588} INFO - Filling up the DagBag from /home/airflow/.local/lib/python3.12/site-packages/airflow/example_dags/example_python_operator.py
[2026-05-28T07:11:12.846+0000] {processor.py:925} INFO - DAG(s) 'example_python_operator' retrieved from /home/airflow/.local/lib/python3.12/site-packages/airflow/example_dags/example_python_operator.py
[2026-05-28T07:11:12.895+0000] {logging_mixin.py:190} INFO - [2026-05-28T07:11:12.894+0000] {dag.py:3239} INFO - Sync 1 DAGs
[2026-05-28T07:11:12.929+0000] {logging_mixin.py:190} INFO - [2026-05-28T07:11:12.928+0000] {dag.py:4180} INFO - Setting next_dagrun for example_python_operator to None, run_after=None
[2026-05-28T07:11:12.978+0000] {processor.py:208} INFO - Processing /home/airflow/.local/lib/python3.12/site-packages/airflow/example_dags/example_python_operator.py took 0.185 seconds
[2026-05-28T07:11:50.222+0000] {processor.py:186} INFO - Started process (PID=1658) to work on /home/airflow/.local/lib/python3.12/site-packages/airflow/example_dags/example_python_operator.py
[2026-05-28T07:11:50.225+0000] {processor.py:914} INFO - Processing file /home/airflow/.local/lib/python3.12/site-packages/airflow/example_dags/example_python_operator.py for tasks to queue
[2026-05-28T07:11:50.234+0000] {logging_mixin.py:190} INFO - [2026-05-28T07:11:50.233+0000] {dagbag.py:588} INFO - Filling up the DagBag from /home/airflow/.local/lib/python3.12/site-packages/airflow/example_dags/example_python_operator.py
[2026-05-28T07:11:50.265+0000] {processor.py:925} INFO - DAG(s) 'example_python_operator' retrieved from /home/airflow/.local/lib/python3.12/site-packages/airflow/example_dags/example_python_operator.py
[2026-05-28T07:11:50.322+0000] {logging_mixin.py:190} INFO - [2026-05-28T07:11:50.322+0000] {dag.py:3239} INFO - Sync 1 DAGs
[2026-05-28T07:11:50.351+0000] {logging_mixin.py:190} INFO - [2026-05-28T07:11:50.351+0000] {dag.py:4180} INFO - Setting next_dagrun for example_python_operator to None, run_after=None
[2026-05-28T07:11:50.403+0000] {processor.py:208} INFO - Processing /home/airflow/.local/lib/python3.12/site-packages/airflow/example_dags/example_python_operator.py took 0.196 seconds
[2026-05-28T07:12:21.605+0000] {processor.py:186} INFO - Started process (PID=1720) to work on /home/airflow/.local/lib/python3.12/site-packages/airflow/example_dags/example_python_operator.py
[2026-05-28T07:12:21.607+0000] {processor.py:914} INFO - Processing file /home/airflow/.local/lib/python3.12/site-packages/airflow/example_dags/example_python_operator.py for tasks to queue
[2026-05-28T07:12:21.613+0000] {logging_mixin.py:190} INFO - [2026-05-28T07:12:21.612+0000] {dagbag.py:588} INFO - Filling up the DagBag from /home/airflow/.local/lib/python3.12/site-packages/airflow/example_dags/example_python_operator.py
[2026-05-28T07:12:21.633+0000] {processor.py:925} INFO - DAG(s) 'example_python_operator' retrieved from /home/airflow/.local/lib/python3.12/site-packages/airflow/example_dags/example_python_operator.py
[2026-05-28T07:12:21.680+0000] {logging_mixin.py:190} INFO - [2026-05-28T07:12:21.679+0000] {dag.py:3239} INFO - Sync 1 DAGs
[2026-05-28T07:12:21.709+0000] {logging_mixin.py:190} INFO - [2026-05-28T07:12:21.708+0000] {dag.py:4180} INFO - Setting next_dagrun for example_python_operator to None, run_after=None
[2026-05-28T07:12:21.759+0000] {processor.py:208} INFO - Processing /home/airflow/.local/lib/python3.12/site-packages/airflow/example_dags/example_python_operator.py took 0.167 seconds
[2026-05-28T07:13:04.662+0000] {processor.py:186} INFO - Started process (PID=1783) to work on /home/airflow/.local/lib/python3.12/site-packages/airflow/example_dags/example_python_operator.py
[2026-05-28T07:13:04.665+0000] {processor.py:914} INFO - Processing file /home/airflow/.local/lib/python3.12/site-packages/airflow/example_dags/example_python_operator.py for tasks to queue
[2026-05-28T07:13:04.669+0000] {logging_mixin.py:190} INFO - [2026-05-28T07:13:04.669+0000] {dagbag.py:588} INFO - Filling up the DagBag from /home/airflow/.local/lib/python3.12/site-packages/airflow/example_dags/example_python_operator.py
[2026-05-28T07:13:04.692+0000] {processor.py:925} INFO - DAG(s) 'example_python_operator' retrieved from /home/airflow/.local/lib/python3.12/site-packages/airflow/example_dags/example_python_operator.py
[2026-05-28T07:13:04.762+0000] {logging_mixin.py:190} INFO - [2026-05-28T07:13:04.762+0000] {dag.py:3239} INFO - Sync 1 DAGs
[2026-05-28T07:13:04.793+0000] {logging_mixin.py:190} INFO - [2026-05-28T07:13:04.793+0000] {dag.py:4180} INFO - Setting next_dagrun for example_python_operator to None, run_after=None
[2026-05-28T07:13:04.843+0000] {processor.py:208} INFO - Processing /home/airflow/.local/lib/python3.12/site-packages/airflow/example_dags/example_python_operator.py took 0.189 seconds
[2026-05-28T07:23:25.234+0000] {processor.py:186} INFO - Started process (PID=118) to work on /home/airflow/.local/lib/python3.12/site-packages/airflow/example_dags/example_python_operator.py
[2026-05-28T07:23:25.236+0000] {processor.py:914} INFO - Processing file /home/airflow/.local/lib/python3.12/site-packages/airflow/example_dags/example_python_operator.py for tasks to queue
[2026-05-28T07:23:25.241+0000] {logging_mixin.py:190} INFO - [2026-05-28T07:23:25.240+0000] {dagbag.py:588} INFO - Filling up the DagBag from /home/airflow/.local/lib/python3.12/site-packages/airflow/example_dags/example_python_operator.py
[2026-05-28T07:23:25.266+0000] {processor.py:925} INFO - DAG(s) 'example_python_operator' retrieved from /home/airflow/.local/lib/python3.12/site-packages/airflow/example_dags/example_python_operator.py
[2026-05-28T07:23:25.453+0000] {logging_mixin.py:190} INFO - [2026-05-28T07:23:25.452+0000] {override.py:1932} INFO - Created Permission View: can delete on DAG:example_python_operator
[2026-05-28T07:23:25.475+0000] {logging_mixin.py:190} INFO - [2026-05-28T07:23:25.475+0000] {override.py:1932} INFO - Created Permission View: can read on DAG:example_python_operator
[2026-05-28T07:23:25.489+0000] {logging_mixin.py:190} INFO - [2026-05-28T07:23:25.489+0000] {override.py:1932} INFO - Created Permission View: can edit on DAG:example_python_operator
[2026-05-28T07:23:25.506+0000] {logging_mixin.py:190} INFO - [2026-05-28T07:23:25.505+0000] {override.py:1932} INFO - Created Permission View: can create on DAG Run:example_python_operator
[2026-05-28T07:23:25.523+0000] {logging_mixin.py:190} INFO - [2026-05-28T07:23:25.522+0000] {override.py:1932} INFO - Created Permission View: can read on DAG Run:example_python_operator
[2026-05-28T07:23:25.542+0000] {logging_mixin.py:190} INFO - [2026-05-28T07:23:25.541+0000] {override.py:1932} INFO - Created Permission View: can delete on DAG Run:example_python_operator
[2026-05-28T07:23:25.560+0000] {logging_mixin.py:190} INFO - [2026-05-28T07:23:25.559+0000] {override.py:1932} INFO - Created Permission View: menu access on DAG Run:example_python_operator
[2026-05-28T07:23:25.562+0000] {logging_mixin.py:190} INFO - [2026-05-28T07:23:25.561+0000] {dag.py:3239} INFO - Sync 1 DAGs
[2026-05-28T07:23:25.591+0000] {logging_mixin.py:190} INFO - [2026-05-28T07:23:25.590+0000] {dag.py:3262} INFO - Creating ORM DAG for example_python_operator
[2026-05-28T07:23:25.593+0000] {logging_mixin.py:190} INFO - [2026-05-28T07:23:25.593+0000] {dag.py:4180} INFO - Setting next_dagrun for example_python_operator to None, run_after=None
[2026-05-28T07:23:25.646+0000] {processor.py:208} INFO - Processing /home/airflow/.local/lib/python3.12/site-packages/airflow/example_dags/example_python_operator.py took 0.419 seconds
[2026-05-28T07:24:02.765+0000] {processor.py:186} INFO - Started process (PID=186) to work on /home/airflow/.local/lib/python3.12/site-packages/airflow/example_dags/example_python_operator.py
[2026-05-28T07:24:02.767+0000] {processor.py:914} INFO - Processing file /home/airflow/.local/lib/python3.12/site-packages/airflow/example_dags/example_python_operator.py for tasks to queue
[2026-05-28T07:24:02.772+0000] {logging_mixin.py:190} INFO - [2026-05-28T07:24:02.771+0000] {dagbag.py:588} INFO - Filling up the DagBag from /home/airflow/.local/lib/python3.12/site-packages/airflow/example_dags/example_python_operator.py
[2026-05-28T07:24:02.790+0000] {processor.py:925} INFO - DAG(s) 'example_python_operator' retrieved from /home/airflow/.local/lib/python3.12/site-packages/airflow/example_dags/example_python_operator.py
[2026-05-28T07:24:02.838+0000] {logging_mixin.py:190} INFO - [2026-05-28T07:24:02.837+0000] {dag.py:3239} INFO - Sync 1 DAGs
[2026-05-28T07:24:02.859+0000] {logging_mixin.py:190} INFO - [2026-05-28T07:24:02.858+0000] {dag.py:4180} INFO - Setting next_dagrun for example_python_operator to None, run_after=None
[2026-05-28T07:24:02.903+0000] {processor.py:208} INFO - Processing /home/airflow/.local/lib/python3.12/site-packages/airflow/example_dags/example_python_operator.py took 0.148 seconds
[2026-05-28T07:24:34.489+0000] {processor.py:186} INFO - Started process (PID=250) to work on /home/airflow/.local/lib/python3.12/site-packages/airflow/example_dags/example_python_operator.py
[2026-05-28T07:24:34.491+0000] {processor.py:914} INFO - Processing file /home/airflow/.local/lib/python3.12/site-packages/airflow/example_dags/example_python_operator.py for tasks to queue
[2026-05-28T07:24:34.498+0000] {logging_mixin.py:190} INFO - [2026-05-28T07:24:34.497+0000] {dagbag.py:588} INFO - Filling up the DagBag from /home/airflow/.local/lib/python3.12/site-packages/airflow/example_dags/example_python_operator.py
[2026-05-28T07:24:34.526+0000] {processor.py:925} INFO - DAG(s) 'example_python_operator' retrieved from /home/airflow/.local/lib/python3.12/site-packages/airflow/example_dags/example_python_operator.py
[2026-05-28T07:24:34.601+0000] {logging_mixin.py:190} INFO - [2026-05-28T07:24:34.600+0000] {dag.py:3239} INFO - Sync 1 DAGs
[2026-05-28T07:24:34.634+0000] {logging_mixin.py:190} INFO - [2026-05-28T07:24:34.633+0000] {dag.py:4180} INFO - Setting next_dagrun for example_python_operator to None, run_after=None
[2026-05-28T07:24:34.671+0000] {processor.py:208} INFO - Processing /home/airflow/.local/lib/python3.12/site-packages/airflow/example_dags/example_python_operator.py took 0.194 seconds
[2026-05-28T07:25:11.677+0000] {processor.py:186} INFO - Started process (PID=325) to work on /home/airflow/.local/lib/python3.12/site-packages/airflow/example_dags/example_python_operator.py
[2026-05-28T07:25:11.679+0000] {processor.py:914} INFO - Processing file /home/airflow/.local/lib/python3.12/site-packages/airflow/example_dags/example_python_operator.py for tasks to queue
[2026-05-28T07:25:11.683+0000] {logging_mixin.py:190} INFO - [2026-05-28T07:25:11.682+0000] {dagbag.py:588} INFO - Filling up the DagBag from /home/airflow/.local/lib/python3.12/site-packages/airflow/example_dags/example_python_operator.py
[2026-05-28T07:25:11.701+0000] {processor.py:925} INFO - DAG(s) 'example_python_operator' retrieved from /home/airflow/.local/lib/python3.12/site-packages/airflow/example_dags/example_python_operator.py
[2026-05-28T07:25:11.742+0000] {logging_mixin.py:190} INFO - [2026-05-28T07:25:11.741+0000] {dag.py:3239} INFO - Sync 1 DAGs
[2026-05-28T07:25:11.767+0000] {logging_mixin.py:190} INFO - [2026-05-28T07:25:11.767+0000] {dag.py:4180} INFO - Setting next_dagrun for example_python_operator to None, run_after=None
[2026-05-28T07:25:11.799+0000] {processor.py:208} INFO - Processing /home/airflow/.local/lib/python3.12/site-packages/airflow/example_dags/example_python_operator.py took 0.130 seconds
[2026-05-28T07:25:49.212+0000] {processor.py:186} INFO - Started process (PID=394) to work on /home/airflow/.local/lib/python3.12/site-packages/airflow/example_dags/example_python_operator.py
[2026-05-28T07:25:49.214+0000] {processor.py:914} INFO - Processing file /home/airflow/.local/lib/python3.12/site-packages/airflow/example_dags/example_python_operator.py for tasks to queue
[2026-05-28T07:25:49.220+0000] {logging_mixin.py:190} INFO - [2026-05-28T07:25:49.219+0000] {dagbag.py:588} INFO - Filling up the DagBag from /home/airflow/.local/lib/python3.12/site-packages/airflow/example_dags/example_python_operator.py
[2026-05-28T07:25:49.237+0000] {processor.py:925} INFO - DAG(s) 'example_python_operator' retrieved from /home/airflow/.local/lib/python3.12/site-packages/airflow/example_dags/example_python_operator.py
[2026-05-28T07:25:49.278+0000] {logging_mixin.py:190} INFO - [2026-05-28T07:25:49.278+0000] {dag.py:3239} INFO - Sync 1 DAGs
[2026-05-28T07:25:49.301+0000] {logging_mixin.py:190} INFO - [2026-05-28T07:25:49.300+0000] {dag.py:4180} INFO - Setting next_dagrun for example_python_operator to None, run_after=None
[2026-05-28T07:25:49.333+0000] {processor.py:208} INFO - Processing /home/airflow/.local/lib/python3.12/site-packages/airflow/example_dags/example_python_operator.py took 0.129 seconds
[2026-05-28T07:26:20.782+0000] {processor.py:186} INFO - Started process (PID=456) to work on /home/airflow/.local/lib/python3.12/site-packages/airflow/example_dags/example_python_operator.py
[2026-05-28T07:26:20.783+0000] {processor.py:914} INFO - Processing file /home/airflow/.local/lib/python3.12/site-packages/airflow/example_dags/example_python_operator.py for tasks to queue
[2026-05-28T07:26:20.791+0000] {logging_mixin.py:190} INFO - [2026-05-28T07:26:20.790+0000] {dagbag.py:588} INFO - Filling up the DagBag from /home/airflow/.local/lib/python3.12/site-packages/airflow/example_dags/example_python_operator.py
[2026-05-28T07:26:20.814+0000] {processor.py:925} INFO - DAG(s) 'example_python_operator' retrieved from /home/airflow/.local/lib/python3.12/site-packages/airflow/example_dags/example_python_operator.py
[2026-05-28T07:26:20.867+0000] {logging_mixin.py:190} INFO - [2026-05-28T07:26:20.866+0000] {dag.py:3239} INFO - Sync 1 DAGs
[2026-05-28T07:26:20.895+0000] {logging_mixin.py:190} INFO - [2026-05-28T07:26:20.895+0000] {dag.py:4180} INFO - Setting next_dagrun for example_python_operator to None, run_after=None
[2026-05-28T07:26:20.939+0000] {processor.py:208} INFO - Processing /home/airflow/.local/lib/python3.12/site-packages/airflow/example_dags/example_python_operator.py took 0.168 seconds
[2026-05-28T07:26:53.441+0000] {processor.py:186} INFO - Started process (PID=518) to work on /home/airflow/.local/lib/python3.12/site-packages/airflow/example_dags/example_python_operator.py
[2026-05-28T07:26:53.443+0000] {processor.py:914} INFO - Processing file /home/airflow/.local/lib/python3.12/site-packages/airflow/example_dags/example_python_operator.py for tasks to queue
[2026-05-28T07:26:53.447+0000] {logging_mixin.py:190} INFO - [2026-05-28T07:26:53.447+0000] {dagbag.py:588} INFO - Filling up the DagBag from /home/airflow/.local/lib/python3.12/site-packages/airflow/example_dags/example_python_operator.py
[2026-05-28T07:26:53.466+0000] {processor.py:925} INFO - DAG(s) 'example_python_operator' retrieved from /home/airflow/.local/lib/python3.12/site-packages/airflow/example_dags/example_python_operator.py
[2026-05-28T07:26:53.508+0000] {logging_mixin.py:190} INFO - [2026-05-28T07:26:53.507+0000] {dag.py:3239} INFO - Sync 1 DAGs
[2026-05-28T07:26:53.535+0000] {logging_mixin.py:190} INFO - [2026-05-28T07:26:53.535+0000] {dag.py:4180} INFO - Setting next_dagrun for example_python_operator to None, run_after=None
[2026-05-28T07:26:53.570+0000] {processor.py:208} INFO - Processing /home/airflow/.local/lib/python3.12/site-packages/airflow/example_dags/example_python_operator.py took 0.138 seconds
[2026-05-28T07:27:28.829+0000] {processor.py:186} INFO - Started process (PID=583) to work on /home/airflow/.local/lib/python3.12/site-packages/airflow/example_dags/example_python_operator.py
[2026-05-28T07:27:28.831+0000] {processor.py:914} INFO - Processing file /home/airflow/.local/lib/python3.12/site-packages/airflow/example_dags/example_python_operator.py for tasks to queue
[2026-05-28T07:27:28.836+0000] {logging_mixin.py:190} INFO - [2026-05-28T07:27:28.836+0000] {dagbag.py:588} INFO - Filling up the DagBag from /home/airflow/.local/lib/python3.12/site-packages/airflow/example_dags/example_python_operator.py
[2026-05-28T07:27:28.862+0000] {processor.py:925} INFO - DAG(s) 'example_python_operator' retrieved from /home/airflow/.local/lib/python3.12/site-packages/airflow/example_dags/example_python_operator.py
[2026-05-28T07:27:28.901+0000] {logging_mixin.py:190} INFO - [2026-05-28T07:27:28.901+0000] {dag.py:3239} INFO - Sync 1 DAGs
[2026-05-28T07:27:28.921+0000] {logging_mixin.py:190} INFO - [2026-05-28T07:27:28.921+0000] {dag.py:4180} INFO - Setting next_dagrun for example_python_operator to None, run_after=None
[2026-05-28T07:27:28.952+0000] {processor.py:208} INFO - Processing /home/airflow/.local/lib/python3.12/site-packages/airflow/example_dags/example_python_operator.py took 0.131 seconds
[2026-05-28T07:28:10.806+0000] {processor.py:186} INFO - Started process (PID=651) to work on /home/airflow/.local/lib/python3.12/site-packages/airflow/example_dags/example_python_operator.py
[2026-05-28T07:28:10.814+0000] {processor.py:914} INFO - Processing file /home/airflow/.local/lib/python3.12/site-packages/airflow/example_dags/example_python_operator.py for tasks to queue
[2026-05-28T07:28:10.822+0000] {logging_mixin.py:190} INFO - [2026-05-28T07:28:10.822+0000] {dagbag.py:588} INFO - Filling up the DagBag from /home/airflow/.local/lib/python3.12/site-packages/airflow/example_dags/example_python_operator.py
[2026-05-28T07:28:10.841+0000] {processor.py:925} INFO - DAG(s) 'example_python_operator' retrieved from /home/airflow/.local/lib/python3.12/site-packages/airflow/example_dags/example_python_operator.py
[2026-05-28T07:28:10.891+0000] {logging_mixin.py:190} INFO - [2026-05-28T07:28:10.890+0000] {dag.py:3239} INFO - Sync 1 DAGs
[2026-05-28T07:28:10.919+0000] {logging_mixin.py:190} INFO - [2026-05-28T07:28:10.919+0000] {dag.py:4180} INFO - Setting next_dagrun for example_python_operator to None, run_after=None
[2026-05-28T07:28:10.963+0000] {processor.py:208} INFO - Processing /home/airflow/.local/lib/python3.12/site-packages/airflow/example_dags/example_python_operator.py took 0.186 seconds
[2026-05-28T07:28:41.848+0000] {processor.py:186} INFO - Started process (PID=714) to work on /home/airflow/.local/lib/python3.12/site-packages/airflow/example_dags/example_python_operator.py
[2026-05-28T07:28:41.850+0000] {processor.py:914} INFO - Processing file /home/airflow/.local/lib/python3.12/site-packages/airflow/example_dags/example_python_operator.py for tasks to queue
[2026-05-28T07:28:41.859+0000] {logging_mixin.py:190} INFO - [2026-05-28T07:28:41.857+0000] {dagbag.py:588} INFO - Filling up the DagBag from /home/airflow/.local/lib/python3.12/site-packages/airflow/example_dags/example_python_operator.py
[2026-05-28T07:28:41.890+0000] {processor.py:925} INFO - DAG(s) 'example_python_operator' retrieved from /home/airflow/.local/lib/python3.12/site-packages/airflow/example_dags/example_python_operator.py
[2026-05-28T07:28:41.960+0000] {logging_mixin.py:190} INFO - [2026-05-28T07:28:41.959+0000] {dag.py:3239} INFO - Sync 1 DAGs
[2026-05-28T07:28:42.000+0000] {logging_mixin.py:190} INFO - [2026-05-28T07:28:41.999+0000] {dag.py:4180} INFO - Setting next_dagrun for example_python_operator to None, run_after=None
[2026-05-28T07:28:42.043+0000] {processor.py:208} INFO - Processing /home/airflow/.local/lib/python3.12/site-packages/airflow/example_dags/example_python_operator.py took 0.209 seconds
[2026-05-28T07:29:12.597+0000] {processor.py:186} INFO - Started process (PID=776) to work on /home/airflow/.local/lib/python3.12/site-packages/airflow/example_dags/example_python_operator.py
[2026-05-28T07:29:12.599+0000] {processor.py:914} INFO - Processing file /home/airflow/.local/lib/python3.12/site-packages/airflow/example_dags/example_python_operator.py for tasks to queue
[2026-05-28T07:29:12.604+0000] {logging_mixin.py:190} INFO - [2026-05-28T07:29:12.603+0000] {dagbag.py:588} INFO - Filling up the DagBag from /home/airflow/.local/lib/python3.12/site-packages/airflow/example_dags/example_python_operator.py
[2026-05-28T07:29:12.628+0000] {processor.py:925} INFO - DAG(s) 'example_python_operator' retrieved from /home/airflow/.local/lib/python3.12/site-packages/airflow/example_dags/example_python_operator.py
[2026-05-28T07:29:12.678+0000] {logging_mixin.py:190} INFO - [2026-05-28T07:29:12.678+0000] {dag.py:3239} INFO - Sync 1 DAGs
[2026-05-28T07:29:12.702+0000] {logging_mixin.py:190} INFO - [2026-05-28T07:29:12.702+0000] {dag.py:4180} INFO - Setting next_dagrun for example_python_operator to None, run_after=None
[2026-05-28T07:29:12.746+0000] {processor.py:208} INFO - Processing /home/airflow/.local/lib/python3.12/site-packages/airflow/example_dags/example_python_operator.py took 0.158 seconds
[2026-05-28T07:29:49.663+0000] {processor.py:186} INFO - Started process (PID=838) to work on /home/airflow/.local/lib/python3.12/site-packages/airflow/example_dags/example_python_operator.py
[2026-05-28T07:29:49.665+0000] {processor.py:914} INFO - Processing file /home/airflow/.local/lib/python3.12/site-packages/airflow/example_dags/example_python_operator.py for tasks to queue
[2026-05-28T07:29:49.670+0000] {logging_mixin.py:190} INFO - [2026-05-28T07:29:49.669+0000] {dagbag.py:588} INFO - Filling up the DagBag from /home/airflow/.local/lib/python3.12/site-packages/airflow/example_dags/example_python_operator.py
[2026-05-28T07:29:49.686+0000] {processor.py:925} INFO - DAG(s) 'example_python_operator' retrieved from /home/airflow/.local/lib/python3.12/site-packages/airflow/example_dags/example_python_operator.py
[2026-05-28T07:29:49.727+0000] {logging_mixin.py:190} INFO - [2026-05-28T07:29:49.727+0000] {dag.py:3239} INFO - Sync 1 DAGs
[2026-05-28T07:29:49.749+0000] {logging_mixin.py:190} INFO - [2026-05-28T07:29:49.749+0000] {dag.py:4180} INFO - Setting next_dagrun for example_python_operator to None, run_after=None
[2026-05-28T07:29:49.784+0000] {processor.py:208} INFO - Processing /home/airflow/.local/lib/python3.12/site-packages/airflow/example_dags/example_python_operator.py took 0.130 seconds
[2026-05-28T07:30:23.742+0000] {processor.py:186} INFO - Started process (PID=900) to work on /home/airflow/.local/lib/python3.12/site-packages/airflow/example_dags/example_python_operator.py
[2026-05-28T07:30:23.744+0000] {processor.py:914} INFO - Processing file /home/airflow/.local/lib/python3.12/site-packages/airflow/example_dags/example_python_operator.py for tasks to queue
[2026-05-28T07:30:23.749+0000] {logging_mixin.py:190} INFO - [2026-05-28T07:30:23.748+0000] {dagbag.py:588} INFO - Filling up the DagBag from /home/airflow/.local/lib/python3.12/site-packages/airflow/example_dags/example_python_operator.py
[2026-05-28T07:30:23.769+0000] {processor.py:925} INFO - DAG(s) 'example_python_operator' retrieved from /home/airflow/.local/lib/python3.12/site-packages/airflow/example_dags/example_python_operator.py
[2026-05-28T07:30:23.811+0000] {logging_mixin.py:190} INFO - [2026-05-28T07:30:23.810+0000] {dag.py:3239} INFO - Sync 1 DAGs
[2026-05-28T07:30:23.834+0000] {logging_mixin.py:190} INFO - [2026-05-28T07:30:23.834+0000] {dag.py:4180} INFO - Setting next_dagrun for example_python_operator to None, run_after=None
[2026-05-28T07:30:23.870+0000] {processor.py:208} INFO - Processing /home/airflow/.local/lib/python3.12/site-packages/airflow/example_dags/example_python_operator.py took 0.136 seconds
[2026-05-28T07:30:57.407+0000] {processor.py:186} INFO - Started process (PID=963) to work on /home/airflow/.local/lib/python3.12/site-packages/airflow/example_dags/example_python_operator.py
[2026-05-28T07:30:57.409+0000] {processor.py:914} INFO - Processing file /home/airflow/.local/lib/python3.12/site-packages/airflow/example_dags/example_python_operator.py for tasks to queue
[2026-05-28T07:30:57.413+0000] {logging_mixin.py:190} INFO - [2026-05-28T07:30:57.413+0000] {dagbag.py:588} INFO - Filling up the DagBag from /home/airflow/.local/lib/python3.12/site-packages/airflow/example_dags/example_python_operator.py
[2026-05-28T07:30:57.436+0000] {processor.py:925} INFO - DAG(s) 'example_python_operator' retrieved from /home/airflow/.local/lib/python3.12/site-packages/airflow/example_dags/example_python_operator.py
[2026-05-28T07:30:57.489+0000] {logging_mixin.py:190} INFO - [2026-05-28T07:30:57.489+0000] {dag.py:3239} INFO - Sync 1 DAGs
[2026-05-28T07:30:57.513+0000] {logging_mixin.py:190} INFO - [2026-05-28T07:30:57.512+0000] {dag.py:4180} INFO - Setting next_dagrun for example_python_operator to None, run_after=None
[2026-05-28T07:30:57.560+0000] {processor.py:208} INFO - Processing /home/airflow/.local/lib/python3.12/site-packages/airflow/example_dags/example_python_operator.py took 0.163 seconds
[2026-05-28T07:31:28.148+0000] {processor.py:186} INFO - Started process (PID=1025) to work on /home/airflow/.local/lib/python3.12/site-packages/airflow/example_dags/example_python_operator.py
[2026-05-28T07:31:28.150+0000] {processor.py:914} INFO - Processing file /home/airflow/.local/lib/python3.12/site-packages/airflow/example_dags/example_python_operator.py for tasks to queue
[2026-05-28T07:31:28.155+0000] {logging_mixin.py:190} INFO - [2026-05-28T07:31:28.155+0000] {dagbag.py:588} INFO - Filling up the DagBag from /home/airflow/.local/lib/python3.12/site-packages/airflow/example_dags/example_python_operator.py
[2026-05-28T07:31:28.176+0000] {processor.py:925} INFO - DAG(s) 'example_python_operator' retrieved from /home/airflow/.local/lib/python3.12/site-packages/airflow/example_dags/example_python_operator.py
[2026-05-28T07:31:28.217+0000] {logging_mixin.py:190} INFO - [2026-05-28T07:31:28.216+0000] {dag.py:3239} INFO - Sync 1 DAGs
[2026-05-28T07:31:28.237+0000] {logging_mixin.py:190} INFO - [2026-05-28T07:31:28.237+0000] {dag.py:4180} INFO - Setting next_dagrun for example_python_operator to None, run_after=None
[2026-05-28T07:31:28.269+0000] {processor.py:208} INFO - Processing /home/airflow/.local/lib/python3.12/site-packages/airflow/example_dags/example_python_operator.py took 0.130 seconds
[2026-05-28T07:31:59.879+0000] {processor.py:186} INFO - Started process (PID=1087) to work on /home/airflow/.local/lib/python3.12/site-packages/airflow/example_dags/example_python_operator.py
[2026-05-28T07:31:59.881+0000] {processor.py:914} INFO - Processing file /home/airflow/.local/lib/python3.12/site-packages/airflow/example_dags/example_python_operator.py for tasks to queue
[2026-05-28T07:31:59.887+0000] {logging_mixin.py:190} INFO - [2026-05-28T07:31:59.887+0000] {dagbag.py:588} INFO - Filling up the DagBag from /home/airflow/.local/lib/python3.12/site-packages/airflow/example_dags/example_python_operator.py
[2026-05-28T07:31:59.924+0000] {processor.py:925} INFO - DAG(s) 'example_python_operator' retrieved from /home/airflow/.local/lib/python3.12/site-packages/airflow/example_dags/example_python_operator.py
[2026-05-28T07:31:59.980+0000] {logging_mixin.py:190} INFO - [2026-05-28T07:31:59.979+0000] {dag.py:3239} INFO - Sync 1 DAGs
[2026-05-28T07:32:00.040+0000] {logging_mixin.py:190} INFO - [2026-05-28T07:32:00.040+0000] {dag.py:4180} INFO - Setting next_dagrun for example_python_operator to None, run_after=None
[2026-05-28T07:32:00.077+0000] {processor.py:208} INFO - Processing /home/airflow/.local/lib/python3.12/site-packages/airflow/example_dags/example_python_operator.py took 0.208 seconds
[2026-05-28T07:36:14.709+0000] {processor.py:186} INFO - Started process (PID=125) to work on /home/airflow/.local/lib/python3.12/site-packages/airflow/example_dags/example_python_operator.py
[2026-05-28T07:36:14.710+0000] {processor.py:914} INFO - Processing file /home/airflow/.local/lib/python3.12/site-packages/airflow/example_dags/example_python_operator.py for tasks to queue
[2026-05-28T07:36:14.715+0000] {logging_mixin.py:190} INFO - [2026-05-28T07:36:14.715+0000] {dagbag.py:588} INFO - Filling up the DagBag from /home/airflow/.local/lib/python3.12/site-packages/airflow/example_dags/example_python_operator.py
[2026-05-28T07:36:14.745+0000] {processor.py:925} INFO - DAG(s) 'example_python_operator' retrieved from /home/airflow/.local/lib/python3.12/site-packages/airflow/example_dags/example_python_operator.py
[2026-05-28T07:36:14.945+0000] {logging_mixin.py:190} INFO - [2026-05-28T07:36:14.944+0000] {override.py:1932} INFO - Created Permission View: can delete on DAG:example_python_operator
[2026-05-28T07:36:14.963+0000] {logging_mixin.py:190} INFO - [2026-05-28T07:36:14.962+0000] {override.py:1932} INFO - Created Permission View: can read on DAG:example_python_operator
[2026-05-28T07:36:14.980+0000] {logging_mixin.py:190} INFO - [2026-05-28T07:36:14.979+0000] {override.py:1932} INFO - Created Permission View: can edit on DAG:example_python_operator
[2026-05-28T07:36:14.995+0000] {logging_mixin.py:190} INFO - [2026-05-28T07:36:14.995+0000] {override.py:1932} INFO - Created Permission View: can delete on DAG Run:example_python_operator
[2026-05-28T07:36:15.011+0000] {logging_mixin.py:190} INFO - [2026-05-28T07:36:15.010+0000] {override.py:1932} INFO - Created Permission View: can read on DAG Run:example_python_operator
[2026-05-28T07:36:15.024+0000] {logging_mixin.py:190} INFO - [2026-05-28T07:36:15.024+0000] {override.py:1932} INFO - Created Permission View: menu access on DAG Run:example_python_operator
[2026-05-28T07:36:15.042+0000] {logging_mixin.py:190} INFO - [2026-05-28T07:36:15.041+0000] {override.py:1932} INFO - Created Permission View: can create on DAG Run:example_python_operator
[2026-05-28T07:36:15.043+0000] {logging_mixin.py:190} INFO - [2026-05-28T07:36:15.043+0000] {dag.py:3239} INFO - Sync 1 DAGs
[2026-05-28T07:36:15.061+0000] {logging_mixin.py:190} INFO - [2026-05-28T07:36:15.061+0000] {dag.py:3262} INFO - Creating ORM DAG for example_python_operator
[2026-05-28T07:36:15.063+0000] {logging_mixin.py:190} INFO - [2026-05-28T07:36:15.062+0000] {dag.py:4180} INFO - Setting next_dagrun for example_python_operator to None, run_after=None
[2026-05-28T07:36:15.092+0000] {processor.py:208} INFO - Processing /home/airflow/.local/lib/python3.12/site-packages/airflow/example_dags/example_python_operator.py took 0.392 seconds
[2026-05-28T07:36:53.203+0000] {processor.py:186} INFO - Started process (PID=187) to work on /home/airflow/.local/lib/python3.12/site-packages/airflow/example_dags/example_python_operator.py
[2026-05-28T07:36:53.205+0000] {processor.py:914} INFO - Processing file /home/airflow/.local/lib/python3.12/site-packages/airflow/example_dags/example_python_operator.py for tasks to queue
[2026-05-28T07:36:53.210+0000] {logging_mixin.py:190} INFO - [2026-05-28T07:36:53.209+0000] {dagbag.py:588} INFO - Filling up the DagBag from /home/airflow/.local/lib/python3.12/site-packages/airflow/example_dags/example_python_operator.py
[2026-05-28T07:36:53.231+0000] {processor.py:925} INFO - DAG(s) 'example_python_operator' retrieved from /home/airflow/.local/lib/python3.12/site-packages/airflow/example_dags/example_python_operator.py
[2026-05-28T07:36:53.272+0000] {logging_mixin.py:190} INFO - [2026-05-28T07:36:53.272+0000] {dag.py:3239} INFO - Sync 1 DAGs
[2026-05-28T07:36:53.298+0000] {logging_mixin.py:190} INFO - [2026-05-28T07:36:53.298+0000] {dag.py:4180} INFO - Setting next_dagrun for example_python_operator to None, run_after=None
[2026-05-28T07:36:53.331+0000] {processor.py:208} INFO - Processing /home/airflow/.local/lib/python3.12/site-packages/airflow/example_dags/example_python_operator.py took 0.139 seconds
[2026-05-28T07:37:23.489+0000] {processor.py:186} INFO - Started process (PID=249) to work on /home/airflow/.local/lib/python3.12/site-packages/airflow/example_dags/example_python_operator.py
[2026-05-28T07:37:23.491+0000] {processor.py:914} INFO - Processing file /home/airflow/.local/lib/python3.12/site-packages/airflow/example_dags/example_python_operator.py for tasks to queue
[2026-05-28T07:37:23.495+0000] {logging_mixin.py:190} INFO - [2026-05-28T07:37:23.495+0000] {dagbag.py:588} INFO - Filling up the DagBag from /home/airflow/.local/lib/python3.12/site-packages/airflow/example_dags/example_python_operator.py
[2026-05-28T07:37:23.511+0000] {processor.py:925} INFO - DAG(s) 'example_python_operator' retrieved from /home/airflow/.local/lib/python3.12/site-packages/airflow/example_dags/example_python_operator.py
[2026-05-28T07:37:23.548+0000] {logging_mixin.py:190} INFO - [2026-05-28T07:37:23.547+0000] {dag.py:3239} INFO - Sync 1 DAGs
[2026-05-28T07:37:23.567+0000] {logging_mixin.py:190} INFO - [2026-05-28T07:37:23.566+0000] {dag.py:4180} INFO - Setting next_dagrun for example_python_operator to None, run_after=None
[2026-05-28T07:37:23.606+0000] {processor.py:208} INFO - Processing /home/airflow/.local/lib/python3.12/site-packages/airflow/example_dags/example_python_operator.py took 0.125 seconds
[2026-05-28T07:38:02.642+0000] {processor.py:186} INFO - Started process (PID=328) to work on /home/airflow/.local/lib/python3.12/site-packages/airflow/example_dags/example_python_operator.py
[2026-05-28T07:38:02.644+0000] {processor.py:914} INFO - Processing file /home/airflow/.local/lib/python3.12/site-packages/airflow/example_dags/example_python_operator.py for tasks to queue
[2026-05-28T07:38:02.649+0000] {logging_mixin.py:190} INFO - [2026-05-28T07:38:02.648+0000] {dagbag.py:588} INFO - Filling up the DagBag from /home/airflow/.local/lib/python3.12/site-packages/airflow/example_dags/example_python_operator.py
[2026-05-28T07:38:02.677+0000] {processor.py:925} INFO - DAG(s) 'example_python_operator' retrieved from /home/airflow/.local/lib/python3.12/site-packages/airflow/example_dags/example_python_operator.py
[2026-05-28T07:38:02.714+0000] {logging_mixin.py:190} INFO - [2026-05-28T07:38:02.714+0000] {dag.py:3239} INFO - Sync 1 DAGs
[2026-05-28T07:38:02.741+0000] {logging_mixin.py:190} INFO - [2026-05-28T07:38:02.740+0000] {dag.py:4180} INFO - Setting next_dagrun for example_python_operator to None, run_after=None
[2026-05-28T07:38:02.782+0000] {processor.py:208} INFO - Processing /home/airflow/.local/lib/python3.12/site-packages/airflow/example_dags/example_python_operator.py took 0.149 seconds
[2026-05-28T07:38:42.215+0000] {processor.py:186} INFO - Started process (PID=400) to work on /home/airflow/.local/lib/python3.12/site-packages/airflow/example_dags/example_python_operator.py
[2026-05-28T07:38:42.219+0000] {processor.py:914} INFO - Processing file /home/airflow/.local/lib/python3.12/site-packages/airflow/example_dags/example_python_operator.py for tasks to queue
[2026-05-28T07:38:42.226+0000] {logging_mixin.py:190} INFO - [2026-05-28T07:38:42.225+0000] {dagbag.py:588} INFO - Filling up the DagBag from /home/airflow/.local/lib/python3.12/site-packages/airflow/example_dags/example_python_operator.py
[2026-05-28T07:38:42.256+0000] {processor.py:925} INFO - DAG(s) 'example_python_operator' retrieved from /home/airflow/.local/lib/python3.12/site-packages/airflow/example_dags/example_python_operator.py
[2026-05-28T07:38:42.315+0000] {logging_mixin.py:190} INFO - [2026-05-28T07:38:42.314+0000] {dag.py:3239} INFO - Sync 1 DAGs
[2026-05-28T07:38:42.348+0000] {logging_mixin.py:190} INFO - [2026-05-28T07:38:42.348+0000] {dag.py:4180} INFO - Setting next_dagrun for example_python_operator to None, run_after=None
[2026-05-28T07:38:42.387+0000] {processor.py:208} INFO - Processing /home/airflow/.local/lib/python3.12/site-packages/airflow/example_dags/example_python_operator.py took 0.185 seconds
[2026-05-28T07:39:18.039+0000] {processor.py:186} INFO - Started process (PID=471) to work on /home/airflow/.local/lib/python3.12/site-packages/airflow/example_dags/example_python_operator.py
[2026-05-28T07:39:18.041+0000] {processor.py:914} INFO - Processing file /home/airflow/.local/lib/python3.12/site-packages/airflow/example_dags/example_python_operator.py for tasks to queue
[2026-05-28T07:39:18.046+0000] {logging_mixin.py:190} INFO - [2026-05-28T07:39:18.046+0000] {dagbag.py:588} INFO - Filling up the DagBag from /home/airflow/.local/lib/python3.12/site-packages/airflow/example_dags/example_python_operator.py
[2026-05-28T07:39:18.070+0000] {processor.py:925} INFO - DAG(s) 'example_python_operator' retrieved from /home/airflow/.local/lib/python3.12/site-packages/airflow/example_dags/example_python_operator.py
[2026-05-28T07:39:18.111+0000] {logging_mixin.py:190} INFO - [2026-05-28T07:39:18.111+0000] {dag.py:3239} INFO - Sync 1 DAGs
[2026-05-28T07:39:18.135+0000] {logging_mixin.py:190} INFO - [2026-05-28T07:39:18.135+0000] {dag.py:4180} INFO - Setting next_dagrun for example_python_operator to None, run_after=None
[2026-05-28T07:39:18.170+0000] {processor.py:208} INFO - Processing /home/airflow/.local/lib/python3.12/site-packages/airflow/example_dags/example_python_operator.py took 0.141 seconds
[2026-05-28T07:39:50.630+0000] {processor.py:186} INFO - Started process (PID=532) to work on /home/airflow/.local/lib/python3.12/site-packages/airflow/example_dags/example_python_operator.py
[2026-05-28T07:39:50.632+0000] {processor.py:914} INFO - Processing file /home/airflow/.local/lib/python3.12/site-packages/airflow/example_dags/example_python_operator.py for tasks to queue
[2026-05-28T07:39:50.637+0000] {logging_mixin.py:190} INFO - [2026-05-28T07:39:50.637+0000] {dagbag.py:588} INFO - Filling up the DagBag from /home/airflow/.local/lib/python3.12/site-packages/airflow/example_dags/example_python_operator.py
[2026-05-28T07:39:50.655+0000] {processor.py:925} INFO - DAG(s) 'example_python_operator' retrieved from /home/airflow/.local/lib/python3.12/site-packages/airflow/example_dags/example_python_operator.py
[2026-05-28T07:39:50.694+0000] {logging_mixin.py:190} INFO - [2026-05-28T07:39:50.693+0000] {dag.py:3239} INFO - Sync 1 DAGs
[2026-05-28T07:39:50.714+0000] {logging_mixin.py:190} INFO - [2026-05-28T07:39:50.714+0000] {dag.py:4180} INFO - Setting next_dagrun for example_python_operator to None, run_after=None
[2026-05-28T07:39:50.779+0000] {processor.py:208} INFO - Processing /home/airflow/.local/lib/python3.12/site-packages/airflow/example_dags/example_python_operator.py took 0.159 seconds
[2026-05-28T07:40:30.520+0000] {processor.py:186} INFO - Started process (PID=597) to work on /home/airflow/.local/lib/python3.12/site-packages/airflow/example_dags/example_python_operator.py
[2026-05-28T07:40:30.522+0000] {processor.py:914} INFO - Processing file /home/airflow/.local/lib/python3.12/site-packages/airflow/example_dags/example_python_operator.py for tasks to queue
[2026-05-28T07:40:30.528+0000] {logging_mixin.py:190} INFO - [2026-05-28T07:40:30.528+0000] {dagbag.py:588} INFO - Filling up the DagBag from /home/airflow/.local/lib/python3.12/site-packages/airflow/example_dags/example_python_operator.py
[2026-05-28T07:40:30.557+0000] {processor.py:925} INFO - DAG(s) 'example_python_operator' retrieved from /home/airflow/.local/lib/python3.12/site-packages/airflow/example_dags/example_python_operator.py
[2026-05-28T07:40:30.611+0000] {logging_mixin.py:190} INFO - [2026-05-28T07:40:30.611+0000] {dag.py:3239} INFO - Sync 1 DAGs
[2026-05-28T07:40:30.641+0000] {logging_mixin.py:190} INFO - [2026-05-28T07:40:30.641+0000] {dag.py:4180} INFO - Setting next_dagrun for example_python_operator to None, run_after=None
[2026-05-28T07:40:30.706+0000] {processor.py:208} INFO - Processing /home/airflow/.local/lib/python3.12/site-packages/airflow/example_dags/example_python_operator.py took 0.197 seconds
[2026-05-28T07:41:09.067+0000] {processor.py:186} INFO - Started process (PID=660) to work on /home/airflow/.local/lib/python3.12/site-packages/airflow/example_dags/example_python_operator.py
[2026-05-28T07:41:09.069+0000] {processor.py:914} INFO - Processing file /home/airflow/.local/lib/python3.12/site-packages/airflow/example_dags/example_python_operator.py for tasks to queue
[2026-05-28T07:41:09.073+0000] {logging_mixin.py:190} INFO - [2026-05-28T07:41:09.072+0000] {dagbag.py:588} INFO - Filling up the DagBag from /home/airflow/.local/lib/python3.12/site-packages/airflow/example_dags/example_python_operator.py
[2026-05-28T07:41:09.091+0000] {processor.py:925} INFO - DAG(s) 'example_python_operator' retrieved from /home/airflow/.local/lib/python3.12/site-packages/airflow/example_dags/example_python_operator.py
[2026-05-28T07:41:09.134+0000] {logging_mixin.py:190} INFO - [2026-05-28T07:41:09.133+0000] {dag.py:3239} INFO - Sync 1 DAGs
[2026-05-28T07:41:09.156+0000] {logging_mixin.py:190} INFO - [2026-05-28T07:41:09.156+0000] {dag.py:4180} INFO - Setting next_dagrun for example_python_operator to None, run_after=None
[2026-05-28T07:41:09.194+0000] {processor.py:208} INFO - Processing /home/airflow/.local/lib/python3.12/site-packages/airflow/example_dags/example_python_operator.py took 0.135 seconds
[2026-05-28T07:41:49.292+0000] {processor.py:186} INFO - Started process (PID=729) to work on /home/airflow/.local/lib/python3.12/site-packages/airflow/example_dags/example_python_operator.py
[2026-05-28T07:41:49.294+0000] {processor.py:914} INFO - Processing file /home/airflow/.local/lib/python3.12/site-packages/airflow/example_dags/example_python_operator.py for tasks to queue
[2026-05-28T07:41:49.299+0000] {logging_mixin.py:190} INFO - [2026-05-28T07:41:49.298+0000] {dagbag.py:588} INFO - Filling up the DagBag from /home/airflow/.local/lib/python3.12/site-packages/airflow/example_dags/example_python_operator.py
[2026-05-28T07:41:49.316+0000] {processor.py:925} INFO - DAG(s) 'example_python_operator' retrieved from /home/airflow/.local/lib/python3.12/site-packages/airflow/example_dags/example_python_operator.py
[2026-05-28T07:41:49.354+0000] {logging_mixin.py:190} INFO - [2026-05-28T07:41:49.353+0000] {dag.py:3239} INFO - Sync 1 DAGs
[2026-05-28T07:41:49.372+0000] {logging_mixin.py:190} INFO - [2026-05-28T07:41:49.372+0000] {dag.py:4180} INFO - Setting next_dagrun for example_python_operator to None, run_after=None
[2026-05-28T07:41:49.410+0000] {processor.py:208} INFO - Processing /home/airflow/.local/lib/python3.12/site-packages/airflow/example_dags/example_python_operator.py took 0.126 seconds
[2026-05-28T07:42:29.764+0000] {processor.py:186} INFO - Started process (PID=792) to work on /home/airflow/.local/lib/python3.12/site-packages/airflow/example_dags/example_python_operator.py
[2026-05-28T07:42:29.766+0000] {processor.py:914} INFO - Processing file /home/airflow/.local/lib/python3.12/site-packages/airflow/example_dags/example_python_operator.py for tasks to queue
[2026-05-28T07:42:29.771+0000] {logging_mixin.py:190} INFO - [2026-05-28T07:42:29.771+0000] {dagbag.py:588} INFO - Filling up the DagBag from /home/airflow/.local/lib/python3.12/site-packages/airflow/example_dags/example_python_operator.py
[2026-05-28T07:42:29.795+0000] {processor.py:925} INFO - DAG(s) 'example_python_operator' retrieved from /home/airflow/.local/lib/python3.12/site-packages/airflow/example_dags/example_python_operator.py
[2026-05-28T07:42:29.848+0000] {logging_mixin.py:190} INFO - [2026-05-28T07:42:29.847+0000] {dag.py:3239} INFO - Sync 1 DAGs
[2026-05-28T07:42:29.870+0000] {logging_mixin.py:190} INFO - [2026-05-28T07:42:29.869+0000] {dag.py:4180} INFO - Setting next_dagrun for example_python_operator to None, run_after=None
[2026-05-28T07:42:29.902+0000] {processor.py:208} INFO - Processing /home/airflow/.local/lib/python3.12/site-packages/airflow/example_dags/example_python_operator.py took 0.153 seconds
[2026-05-28T07:43:03.500+0000] {processor.py:186} INFO - Started process (PID=854) to work on /home/airflow/.local/lib/python3.12/site-packages/airflow/example_dags/example_python_operator.py
[2026-05-28T07:43:03.502+0000] {processor.py:914} INFO - Processing file /home/airflow/.local/lib/python3.12/site-packages/airflow/example_dags/example_python_operator.py for tasks to queue
[2026-05-28T07:43:03.508+0000] {logging_mixin.py:190} INFO - [2026-05-28T07:43:03.508+0000] {dagbag.py:588} INFO - Filling up the DagBag from /home/airflow/.local/lib/python3.12/site-packages/airflow/example_dags/example_python_operator.py
[2026-05-28T07:43:03.539+0000] {processor.py:925} INFO - DAG(s) 'example_python_operator' retrieved from /home/airflow/.local/lib/python3.12/site-packages/airflow/example_dags/example_python_operator.py
[2026-05-28T07:43:03.644+0000] {logging_mixin.py:190} INFO - [2026-05-28T07:43:03.643+0000] {dag.py:3239} INFO - Sync 1 DAGs
[2026-05-28T07:43:03.685+0000] {logging_mixin.py:190} INFO - [2026-05-28T07:43:03.685+0000] {dag.py:4180} INFO - Setting next_dagrun for example_python_operator to None, run_after=None
[2026-05-28T07:43:03.737+0000] {processor.py:208} INFO - Processing /home/airflow/.local/lib/python3.12/site-packages/airflow/example_dags/example_python_operator.py took 0.249 seconds
[2026-05-28T07:43:36.416+0000] {processor.py:186} INFO - Started process (PID=922) to work on /home/airflow/.local/lib/python3.12/site-packages/airflow/example_dags/example_python_operator.py
[2026-05-28T07:43:36.419+0000] {processor.py:914} INFO - Processing file /home/airflow/.local/lib/python3.12/site-packages/airflow/example_dags/example_python_operator.py for tasks to queue
[2026-05-28T07:43:36.423+0000] {logging_mixin.py:190} INFO - [2026-05-28T07:43:36.422+0000] {dagbag.py:588} INFO - Filling up the DagBag from /home/airflow/.local/lib/python3.12/site-packages/airflow/example_dags/example_python_operator.py
[2026-05-28T07:43:36.442+0000] {processor.py:925} INFO - DAG(s) 'example_python_operator' retrieved from /home/airflow/.local/lib/python3.12/site-packages/airflow/example_dags/example_python_operator.py
[2026-05-28T07:43:36.484+0000] {logging_mixin.py:190} INFO - [2026-05-28T07:43:36.484+0000] {dag.py:3239} INFO - Sync 1 DAGs
[2026-05-28T07:43:36.505+0000] {logging_mixin.py:190} INFO - [2026-05-28T07:43:36.504+0000] {dag.py:4180} INFO - Setting next_dagrun for example_python_operator to None, run_after=None
[2026-05-28T07:43:36.546+0000] {processor.py:208} INFO - Processing /home/airflow/.local/lib/python3.12/site-packages/airflow/example_dags/example_python_operator.py took 0.137 seconds
[2026-05-28T07:44:10.176+0000] {processor.py:186} INFO - Started process (PID=988) to work on /home/airflow/.local/lib/python3.12/site-packages/airflow/example_dags/example_python_operator.py
[2026-05-28T07:44:10.182+0000] {processor.py:914} INFO - Processing file /home/airflow/.local/lib/python3.12/site-packages/airflow/example_dags/example_python_operator.py for tasks to queue
[2026-05-28T07:44:10.189+0000] {logging_mixin.py:190} INFO - [2026-05-28T07:44:10.188+0000] {dagbag.py:588} INFO - Filling up the DagBag from /home/airflow/.local/lib/python3.12/site-packages/airflow/example_dags/example_python_operator.py
[2026-05-28T07:44:10.227+0000] {processor.py:925} INFO - DAG(s) 'example_python_operator' retrieved from /home/airflow/.local/lib/python3.12/site-packages/airflow/example_dags/example_python_operator.py
[2026-05-28T07:44:10.310+0000] {logging_mixin.py:190} INFO - [2026-05-28T07:44:10.309+0000] {dag.py:3239} INFO - Sync 1 DAGs
[2026-05-28T07:44:10.343+0000] {logging_mixin.py:190} INFO - [2026-05-28T07:44:10.343+0000] {dag.py:4180} INFO - Setting next_dagrun for example_python_operator to None, run_after=None
[2026-05-28T07:44:10.410+0000] {processor.py:208} INFO - Processing /home/airflow/.local/lib/python3.12/site-packages/airflow/example_dags/example_python_operator.py took 0.259 seconds
[2026-05-28T07:44:51.512+0000] {processor.py:186} INFO - Started process (PID=1068) to work on /home/airflow/.local/lib/python3.12/site-packages/airflow/example_dags/example_python_operator.py
[2026-05-28T07:44:51.514+0000] {processor.py:914} INFO - Processing file /home/airflow/.local/lib/python3.12/site-packages/airflow/example_dags/example_python_operator.py for tasks to queue
[2026-05-28T07:44:51.519+0000] {logging_mixin.py:190} INFO - [2026-05-28T07:44:51.518+0000] {dagbag.py:588} INFO - Filling up the DagBag from /home/airflow/.local/lib/python3.12/site-packages/airflow/example_dags/example_python_operator.py
[2026-05-28T07:44:51.536+0000] {processor.py:925} INFO - DAG(s) 'example_python_operator' retrieved from /home/airflow/.local/lib/python3.12/site-packages/airflow/example_dags/example_python_operator.py
[2026-05-28T07:44:51.579+0000] {logging_mixin.py:190} INFO - [2026-05-28T07:44:51.578+0000] {dag.py:3239} INFO - Sync 1 DAGs
[2026-05-28T07:44:51.612+0000] {logging_mixin.py:190} INFO - [2026-05-28T07:44:51.611+0000] {dag.py:4180} INFO - Setting next_dagrun for example_python_operator to None, run_after=None
[2026-05-28T07:44:51.658+0000] {processor.py:208} INFO - Processing /home/airflow/.local/lib/python3.12/site-packages/airflow/example_dags/example_python_operator.py took 0.156 seconds
[2026-05-28T07:45:30.798+0000] {processor.py:186} INFO - Started process (PID=1140) to work on /home/airflow/.local/lib/python3.12/site-packages/airflow/example_dags/example_python_operator.py
[2026-05-28T07:45:30.800+0000] {processor.py:914} INFO - Processing file /home/airflow/.local/lib/python3.12/site-packages/airflow/example_dags/example_python_operator.py for tasks to queue
[2026-05-28T07:45:30.804+0000] {logging_mixin.py:190} INFO - [2026-05-28T07:45:30.804+0000] {dagbag.py:588} INFO - Filling up the DagBag from /home/airflow/.local/lib/python3.12/site-packages/airflow/example_dags/example_python_operator.py
[2026-05-28T07:45:30.821+0000] {processor.py:925} INFO - DAG(s) 'example_python_operator' retrieved from /home/airflow/.local/lib/python3.12/site-packages/airflow/example_dags/example_python_operator.py
[2026-05-28T07:45:30.863+0000] {logging_mixin.py:190} INFO - [2026-05-28T07:45:30.863+0000] {dag.py:3239} INFO - Sync 1 DAGs
[2026-05-28T07:45:30.884+0000] {logging_mixin.py:190} INFO - [2026-05-28T07:45:30.884+0000] {dag.py:4180} INFO - Setting next_dagrun for example_python_operator to None, run_after=None
[2026-05-28T07:45:30.917+0000] {processor.py:208} INFO - Processing /home/airflow/.local/lib/python3.12/site-packages/airflow/example_dags/example_python_operator.py took 0.127 seconds
[2026-05-28T07:46:11.079+0000] {processor.py:186} INFO - Started process (PID=1206) to work on /home/airflow/.local/lib/python3.12/site-packages/airflow/example_dags/example_python_operator.py
[2026-05-28T07:46:11.081+0000] {processor.py:914} INFO - Processing file /home/airflow/.local/lib/python3.12/site-packages/airflow/example_dags/example_python_operator.py for tasks to queue
[2026-05-28T07:46:11.087+0000] {logging_mixin.py:190} INFO - [2026-05-28T07:46:11.087+0000] {dagbag.py:588} INFO - Filling up the DagBag from /home/airflow/.local/lib/python3.12/site-packages/airflow/example_dags/example_python_operator.py
[2026-05-28T07:46:11.110+0000] {processor.py:925} INFO - DAG(s) 'example_python_operator' retrieved from /home/airflow/.local/lib/python3.12/site-packages/airflow/example_dags/example_python_operator.py
[2026-05-28T07:46:11.158+0000] {logging_mixin.py:190} INFO - [2026-05-28T07:46:11.157+0000] {dag.py:3239} INFO - Sync 1 DAGs
[2026-05-28T07:46:11.184+0000] {logging_mixin.py:190} INFO - [2026-05-28T07:46:11.184+0000] {dag.py:4180} INFO - Setting next_dagrun for example_python_operator to None, run_after=None
[2026-05-28T07:46:11.219+0000] {processor.py:208} INFO - Processing /home/airflow/.local/lib/python3.12/site-packages/airflow/example_dags/example_python_operator.py took 0.151 seconds
[2026-05-28T07:46:49.824+0000] {processor.py:186} INFO - Started process (PID=1275) to work on /home/airflow/.local/lib/python3.12/site-packages/airflow/example_dags/example_python_operator.py
[2026-05-28T07:46:49.826+0000] {processor.py:914} INFO - Processing file /home/airflow/.local/lib/python3.12/site-packages/airflow/example_dags/example_python_operator.py for tasks to queue
[2026-05-28T07:46:49.830+0000] {logging_mixin.py:190} INFO - [2026-05-28T07:46:49.830+0000] {dagbag.py:588} INFO - Filling up the DagBag from /home/airflow/.local/lib/python3.12/site-packages/airflow/example_dags/example_python_operator.py
[2026-05-28T07:46:49.848+0000] {processor.py:925} INFO - DAG(s) 'example_python_operator' retrieved from /home/airflow/.local/lib/python3.12/site-packages/airflow/example_dags/example_python_operator.py
[2026-05-28T07:46:49.895+0000] {logging_mixin.py:190} INFO - [2026-05-28T07:46:49.894+0000] {dag.py:3239} INFO - Sync 1 DAGs
[2026-05-28T07:46:49.924+0000] {logging_mixin.py:190} INFO - [2026-05-28T07:46:49.924+0000] {dag.py:4180} INFO - Setting next_dagrun for example_python_operator to None, run_after=None
[2026-05-28T07:46:49.962+0000] {processor.py:208} INFO - Processing /home/airflow/.local/lib/python3.12/site-packages/airflow/example_dags/example_python_operator.py took 0.146 seconds
[2026-05-28T07:47:21.162+0000] {processor.py:186} INFO - Started process (PID=1337) to work on /home/airflow/.local/lib/python3.12/site-packages/airflow/example_dags/example_python_operator.py
[2026-05-28T07:47:21.164+0000] {processor.py:914} INFO - Processing file /home/airflow/.local/lib/python3.12/site-packages/airflow/example_dags/example_python_operator.py for tasks to queue
[2026-05-28T07:47:21.168+0000] {logging_mixin.py:190} INFO - [2026-05-28T07:47:21.167+0000] {dagbag.py:588} INFO - Filling up the DagBag from /home/airflow/.local/lib/python3.12/site-packages/airflow/example_dags/example_python_operator.py
[2026-05-28T07:47:21.186+0000] {processor.py:925} INFO - DAG(s) 'example_python_operator' retrieved from /home/airflow/.local/lib/python3.12/site-packages/airflow/example_dags/example_python_operator.py
[2026-05-28T07:47:21.223+0000] {logging_mixin.py:190} INFO - [2026-05-28T07:47:21.223+0000] {dag.py:3239} INFO - Sync 1 DAGs
[2026-05-28T07:47:21.247+0000] {logging_mixin.py:190} INFO - [2026-05-28T07:47:21.247+0000] {dag.py:4180} INFO - Setting next_dagrun for example_python_operator to None, run_after=None
[2026-05-28T07:47:21.280+0000] {processor.py:208} INFO - Processing /home/airflow/.local/lib/python3.12/site-packages/airflow/example_dags/example_python_operator.py took 0.125 seconds
[2026-05-28T07:47:57.864+0000] {processor.py:186} INFO - Started process (PID=1402) to work on /home/airflow/.local/lib/python3.12/site-packages/airflow/example_dags/example_python_operator.py
[2026-05-28T07:47:57.866+0000] {processor.py:914} INFO - Processing file /home/airflow/.local/lib/python3.12/site-packages/airflow/example_dags/example_python_operator.py for tasks to queue
[2026-05-28T07:47:57.870+0000] {logging_mixin.py:190} INFO - [2026-05-28T07:47:57.870+0000] {dagbag.py:588} INFO - Filling up the DagBag from /home/airflow/.local/lib/python3.12/site-packages/airflow/example_dags/example_python_operator.py
[2026-05-28T07:47:57.890+0000] {processor.py:925} INFO - DAG(s) 'example_python_operator' retrieved from /home/airflow/.local/lib/python3.12/site-packages/airflow/example_dags/example_python_operator.py
[2026-05-28T07:47:57.932+0000] {logging_mixin.py:190} INFO - [2026-05-28T07:47:57.932+0000] {dag.py:3239} INFO - Sync 1 DAGs
[2026-05-28T07:47:57.958+0000] {logging_mixin.py:190} INFO - [2026-05-28T07:47:57.957+0000] {dag.py:4180} INFO - Setting next_dagrun for example_python_operator to None, run_after=None
[2026-05-28T07:47:57.992+0000] {processor.py:208} INFO - Processing /home/airflow/.local/lib/python3.12/site-packages/airflow/example_dags/example_python_operator.py took 0.137 seconds
[2026-05-28T07:48:30.522+0000] {processor.py:186} INFO - Started process (PID=1464) to work on /home/airflow/.local/lib/python3.12/site-packages/airflow/example_dags/example_python_operator.py
[2026-05-28T07:48:30.525+0000] {processor.py:914} INFO - Processing file /home/airflow/.local/lib/python3.12/site-packages/airflow/example_dags/example_python_operator.py for tasks to queue
[2026-05-28T07:48:30.531+0000] {logging_mixin.py:190} INFO - [2026-05-28T07:48:30.530+0000] {dagbag.py:588} INFO - Filling up the DagBag from /home/airflow/.local/lib/python3.12/site-packages/airflow/example_dags/example_python_operator.py
[2026-05-28T07:48:30.562+0000] {processor.py:925} INFO - DAG(s) 'example_python_operator' retrieved from /home/airflow/.local/lib/python3.12/site-packages/airflow/example_dags/example_python_operator.py
[2026-05-28T07:48:30.636+0000] {logging_mixin.py:190} INFO - [2026-05-28T07:48:30.632+0000] {dag.py:3239} INFO - Sync 1 DAGs
[2026-05-28T07:48:30.678+0000] {logging_mixin.py:190} INFO - [2026-05-28T07:48:30.678+0000] {dag.py:4180} INFO - Setting next_dagrun for example_python_operator to None, run_after=None
[2026-05-28T07:48:30.731+0000] {processor.py:208} INFO - Processing /home/airflow/.local/lib/python3.12/site-packages/airflow/example_dags/example_python_operator.py took 0.222 seconds
[2026-05-28T07:49:01.258+0000] {processor.py:186} INFO - Started process (PID=1526) to work on /home/airflow/.local/lib/python3.12/site-packages/airflow/example_dags/example_python_operator.py
[2026-05-28T07:49:01.260+0000] {processor.py:914} INFO - Processing file /home/airflow/.local/lib/python3.12/site-packages/airflow/example_dags/example_python_operator.py for tasks to queue
[2026-05-28T07:49:01.264+0000] {logging_mixin.py:190} INFO - [2026-05-28T07:49:01.264+0000] {dagbag.py:588} INFO - Filling up the DagBag from /home/airflow/.local/lib/python3.12/site-packages/airflow/example_dags/example_python_operator.py
[2026-05-28T07:49:01.282+0000] {processor.py:925} INFO - DAG(s) 'example_python_operator' retrieved from /home/airflow/.local/lib/python3.12/site-packages/airflow/example_dags/example_python_operator.py
[2026-05-28T07:49:01.324+0000] {logging_mixin.py:190} INFO - [2026-05-28T07:49:01.323+0000] {dag.py:3239} INFO - Sync 1 DAGs
[2026-05-28T07:49:01.345+0000] {logging_mixin.py:190} INFO - [2026-05-28T07:49:01.344+0000] {dag.py:4180} INFO - Setting next_dagrun for example_python_operator to None, run_after=None
[2026-05-28T07:49:01.378+0000] {processor.py:208} INFO - Processing /home/airflow/.local/lib/python3.12/site-packages/airflow/example_dags/example_python_operator.py took 0.128 seconds
[2026-05-28T07:49:32.038+0000] {processor.py:186} INFO - Started process (PID=1589) to work on /home/airflow/.local/lib/python3.12/site-packages/airflow/example_dags/example_python_operator.py
[2026-05-28T07:49:32.041+0000] {processor.py:914} INFO - Processing file /home/airflow/.local/lib/python3.12/site-packages/airflow/example_dags/example_python_operator.py for tasks to queue
[2026-05-28T07:49:32.048+0000] {logging_mixin.py:190} INFO - [2026-05-28T07:49:32.047+0000] {dagbag.py:588} INFO - Filling up the DagBag from /home/airflow/.local/lib/python3.12/site-packages/airflow/example_dags/example_python_operator.py
[2026-05-28T07:49:32.080+0000] {processor.py:925} INFO - DAG(s) 'example_python_operator' retrieved from /home/airflow/.local/lib/python3.12/site-packages/airflow/example_dags/example_python_operator.py
[2026-05-28T07:49:32.146+0000] {logging_mixin.py:190} INFO - [2026-05-28T07:49:32.145+0000] {dag.py:3239} INFO - Sync 1 DAGs
[2026-05-28T07:49:32.177+0000] {logging_mixin.py:190} INFO - [2026-05-28T07:49:32.176+0000] {dag.py:4180} INFO - Setting next_dagrun for example_python_operator to None, run_after=None
[2026-05-28T07:49:32.224+0000] {processor.py:208} INFO - Processing /home/airflow/.local/lib/python3.12/site-packages/airflow/example_dags/example_python_operator.py took 0.199 seconds
[2026-05-28T07:50:07.322+0000] {processor.py:186} INFO - Started process (PID=1652) to work on /home/airflow/.local/lib/python3.12/site-packages/airflow/example_dags/example_python_operator.py
[2026-05-28T07:50:07.324+0000] {processor.py:914} INFO - Processing file /home/airflow/.local/lib/python3.12/site-packages/airflow/example_dags/example_python_operator.py for tasks to queue
[2026-05-28T07:50:07.329+0000] {logging_mixin.py:190} INFO - [2026-05-28T07:50:07.328+0000] {dagbag.py:588} INFO - Filling up the DagBag from /home/airflow/.local/lib/python3.12/site-packages/airflow/example_dags/example_python_operator.py
[2026-05-28T07:50:07.351+0000] {processor.py:925} INFO - DAG(s) 'example_python_operator' retrieved from /home/airflow/.local/lib/python3.12/site-packages/airflow/example_dags/example_python_operator.py
[2026-05-28T07:50:07.402+0000] {logging_mixin.py:190} INFO - [2026-05-28T07:50:07.401+0000] {dag.py:3239} INFO - Sync 1 DAGs
[2026-05-28T07:50:07.431+0000] {logging_mixin.py:190} INFO - [2026-05-28T07:50:07.430+0000] {dag.py:4180} INFO - Setting next_dagrun for example_python_operator to None, run_after=None
[2026-05-28T07:50:07.468+0000] {processor.py:208} INFO - Processing /home/airflow/.local/lib/python3.12/site-packages/airflow/example_dags/example_python_operator.py took 0.155 seconds
[2026-05-28T07:50:48.116+0000] {processor.py:186} INFO - Started process (PID=1722) to work on /home/airflow/.local/lib/python3.12/site-packages/airflow/example_dags/example_python_operator.py
[2026-05-28T07:50:48.117+0000] {processor.py:914} INFO - Processing file /home/airflow/.local/lib/python3.12/site-packages/airflow/example_dags/example_python_operator.py for tasks to queue
[2026-05-28T07:50:48.122+0000] {logging_mixin.py:190} INFO - [2026-05-28T07:50:48.121+0000] {dagbag.py:588} INFO - Filling up the DagBag from /home/airflow/.local/lib/python3.12/site-packages/airflow/example_dags/example_python_operator.py
[2026-05-28T07:50:48.140+0000] {processor.py:925} INFO - DAG(s) 'example_python_operator' retrieved from /home/airflow/.local/lib/python3.12/site-packages/airflow/example_dags/example_python_operator.py
[2026-05-28T07:50:48.188+0000] {logging_mixin.py:190} INFO - [2026-05-28T07:50:48.188+0000] {dag.py:3239} INFO - Sync 1 DAGs
[2026-05-28T07:50:48.218+0000] {logging_mixin.py:190} INFO - [2026-05-28T07:50:48.217+0000] {dag.py:4180} INFO - Setting next_dagrun for example_python_operator to None, run_after=None
[2026-05-28T07:50:48.262+0000] {processor.py:208} INFO - Processing /home/airflow/.local/lib/python3.12/site-packages/airflow/example_dags/example_python_operator.py took 0.154 seconds
[2026-05-28T07:51:31.398+0000] {processor.py:186} INFO - Started process (PID=1795) to work on /home/airflow/.local/lib/python3.12/site-packages/airflow/example_dags/example_python_operator.py
[2026-05-28T07:51:31.400+0000] {processor.py:914} INFO - Processing file /home/airflow/.local/lib/python3.12/site-packages/airflow/example_dags/example_python_operator.py for tasks to queue
[2026-05-28T07:51:31.406+0000] {logging_mixin.py:190} INFO - [2026-05-28T07:51:31.405+0000] {dagbag.py:588} INFO - Filling up the DagBag from /home/airflow/.local/lib/python3.12/site-packages/airflow/example_dags/example_python_operator.py
[2026-05-28T07:51:31.433+0000] {processor.py:925} INFO - DAG(s) 'example_python_operator' retrieved from /home/airflow/.local/lib/python3.12/site-packages/airflow/example_dags/example_python_operator.py
[2026-05-28T07:51:31.492+0000] {logging_mixin.py:190} INFO - [2026-05-28T07:51:31.491+0000] {dag.py:3239} INFO - Sync 1 DAGs
[2026-05-28T07:51:31.522+0000] {logging_mixin.py:190} INFO - [2026-05-28T07:51:31.521+0000] {dag.py:4180} INFO - Setting next_dagrun for example_python_operator to None, run_after=None
[2026-05-28T07:51:31.580+0000] {processor.py:208} INFO - Processing /home/airflow/.local/lib/python3.12/site-packages/airflow/example_dags/example_python_operator.py took 0.193 seconds
[2026-05-28T07:52:10.685+0000] {processor.py:186} INFO - Started process (PID=1859) to work on /home/airflow/.local/lib/python3.12/site-packages/airflow/example_dags/example_python_operator.py
[2026-05-28T07:52:10.688+0000] {processor.py:914} INFO - Processing file /home/airflow/.local/lib/python3.12/site-packages/airflow/example_dags/example_python_operator.py for tasks to queue
[2026-05-28T07:52:10.694+0000] {logging_mixin.py:190} INFO - [2026-05-28T07:52:10.693+0000] {dagbag.py:588} INFO - Filling up the DagBag from /home/airflow/.local/lib/python3.12/site-packages/airflow/example_dags/example_python_operator.py
[2026-05-28T07:52:10.737+0000] {processor.py:925} INFO - DAG(s) 'example_python_operator' retrieved from /home/airflow/.local/lib/python3.12/site-packages/airflow/example_dags/example_python_operator.py
[2026-05-28T07:52:10.807+0000] {logging_mixin.py:190} INFO - [2026-05-28T07:52:10.806+0000] {dag.py:3239} INFO - Sync 1 DAGs
[2026-05-28T07:52:10.849+0000] {logging_mixin.py:190} INFO - [2026-05-28T07:52:10.848+0000] {dag.py:4180} INFO - Setting next_dagrun for example_python_operator to None, run_after=None
[2026-05-28T07:52:10.926+0000] {processor.py:208} INFO - Processing /home/airflow/.local/lib/python3.12/site-packages/airflow/example_dags/example_python_operator.py took 0.253 seconds
[2026-05-28T07:52:54.407+0000] {processor.py:186} INFO - Started process (PID=1940) to work on /home/airflow/.local/lib/python3.12/site-packages/airflow/example_dags/example_python_operator.py
[2026-05-28T07:52:54.410+0000] {processor.py:914} INFO - Processing file /home/airflow/.local/lib/python3.12/site-packages/airflow/example_dags/example_python_operator.py for tasks to queue
[2026-05-28T07:52:54.415+0000] {logging_mixin.py:190} INFO - [2026-05-28T07:52:54.415+0000] {dagbag.py:588} INFO - Filling up the DagBag from /home/airflow/.local/lib/python3.12/site-packages/airflow/example_dags/example_python_operator.py
[2026-05-28T07:52:54.435+0000] {processor.py:925} INFO - DAG(s) 'example_python_operator' retrieved from /home/airflow/.local/lib/python3.12/site-packages/airflow/example_dags/example_python_operator.py
[2026-05-28T07:52:54.486+0000] {logging_mixin.py:190} INFO - [2026-05-28T07:52:54.486+0000] {dag.py:3239} INFO - Sync 1 DAGs
[2026-05-28T07:52:54.512+0000] {logging_mixin.py:190} INFO - [2026-05-28T07:52:54.512+0000] {dag.py:4180} INFO - Setting next_dagrun for example_python_operator to None, run_after=None
[2026-05-28T07:52:54.546+0000] {processor.py:208} INFO - Processing /home/airflow/.local/lib/python3.12/site-packages/airflow/example_dags/example_python_operator.py took 0.153 seconds
[2026-05-28T07:53:30.606+0000] {processor.py:186} INFO - Started process (PID=2007) to work on /home/airflow/.local/lib/python3.12/site-packages/airflow/example_dags/example_python_operator.py
[2026-05-28T07:53:30.609+0000] {processor.py:914} INFO - Processing file /home/airflow/.local/lib/python3.12/site-packages/airflow/example_dags/example_python_operator.py for tasks to queue
[2026-05-28T07:53:30.615+0000] {logging_mixin.py:190} INFO - [2026-05-28T07:53:30.615+0000] {dagbag.py:588} INFO - Filling up the DagBag from /home/airflow/.local/lib/python3.12/site-packages/airflow/example_dags/example_python_operator.py
[2026-05-28T07:53:30.661+0000] {processor.py:925} INFO - DAG(s) 'example_python_operator' retrieved from /home/airflow/.local/lib/python3.12/site-packages/airflow/example_dags/example_python_operator.py
[2026-05-28T07:53:30.738+0000] {logging_mixin.py:190} INFO - [2026-05-28T07:53:30.738+0000] {dag.py:3239} INFO - Sync 1 DAGs
[2026-05-28T07:53:30.768+0000] {logging_mixin.py:190} INFO - [2026-05-28T07:53:30.768+0000] {dag.py:4180} INFO - Setting next_dagrun for example_python_operator to None, run_after=None
[2026-05-28T07:53:30.822+0000] {processor.py:208} INFO - Processing /home/airflow/.local/lib/python3.12/site-packages/airflow/example_dags/example_python_operator.py took 0.230 seconds
[2026-05-28T07:54:03.539+0000] {processor.py:186} INFO - Started process (PID=2069) to work on /home/airflow/.local/lib/python3.12/site-packages/airflow/example_dags/example_python_operator.py
[2026-05-28T07:54:03.541+0000] {processor.py:914} INFO - Processing file /home/airflow/.local/lib/python3.12/site-packages/airflow/example_dags/example_python_operator.py for tasks to queue
[2026-05-28T07:54:03.545+0000] {logging_mixin.py:190} INFO - [2026-05-28T07:54:03.545+0000] {dagbag.py:588} INFO - Filling up the DagBag from /home/airflow/.local/lib/python3.12/site-packages/airflow/example_dags/example_python_operator.py
[2026-05-28T07:54:03.565+0000] {processor.py:925} INFO - DAG(s) 'example_python_operator' retrieved from /home/airflow/.local/lib/python3.12/site-packages/airflow/example_dags/example_python_operator.py
[2026-05-28T07:54:03.611+0000] {logging_mixin.py:190} INFO - [2026-05-28T07:54:03.611+0000] {dag.py:3239} INFO - Sync 1 DAGs
[2026-05-28T07:54:03.631+0000] {logging_mixin.py:190} INFO - [2026-05-28T07:54:03.630+0000] {dag.py:4180} INFO - Setting next_dagrun for example_python_operator to None, run_after=None
[2026-05-28T07:54:03.673+0000] {processor.py:208} INFO - Processing /home/airflow/.local/lib/python3.12/site-packages/airflow/example_dags/example_python_operator.py took 0.142 seconds
[2026-05-28T07:54:38.042+0000] {processor.py:186} INFO - Started process (PID=2134) to work on /home/airflow/.local/lib/python3.12/site-packages/airflow/example_dags/example_python_operator.py
[2026-05-28T07:54:38.044+0000] {processor.py:914} INFO - Processing file /home/airflow/.local/lib/python3.12/site-packages/airflow/example_dags/example_python_operator.py for tasks to queue
[2026-05-28T07:54:38.048+0000] {logging_mixin.py:190} INFO - [2026-05-28T07:54:38.047+0000] {dagbag.py:588} INFO - Filling up the DagBag from /home/airflow/.local/lib/python3.12/site-packages/airflow/example_dags/example_python_operator.py
[2026-05-28T07:54:38.070+0000] {processor.py:925} INFO - DAG(s) 'example_python_operator' retrieved from /home/airflow/.local/lib/python3.12/site-packages/airflow/example_dags/example_python_operator.py
[2026-05-28T07:54:38.118+0000] {logging_mixin.py:190} INFO - [2026-05-28T07:54:38.118+0000] {dag.py:3239} INFO - Sync 1 DAGs
[2026-05-28T07:54:38.141+0000] {logging_mixin.py:190} INFO - [2026-05-28T07:54:38.141+0000] {dag.py:4180} INFO - Setting next_dagrun for example_python_operator to None, run_after=None
[2026-05-28T07:54:38.182+0000] {processor.py:208} INFO - Processing /home/airflow/.local/lib/python3.12/site-packages/airflow/example_dags/example_python_operator.py took 0.149 seconds
[2026-05-28T07:55:09.871+0000] {processor.py:186} INFO - Started process (PID=2196) to work on /home/airflow/.local/lib/python3.12/site-packages/airflow/example_dags/example_python_operator.py
[2026-05-28T07:55:09.873+0000] {processor.py:914} INFO - Processing file /home/airflow/.local/lib/python3.12/site-packages/airflow/example_dags/example_python_operator.py for tasks to queue
[2026-05-28T07:55:09.877+0000] {logging_mixin.py:190} INFO - [2026-05-28T07:55:09.877+0000] {dagbag.py:588} INFO - Filling up the DagBag from /home/airflow/.local/lib/python3.12/site-packages/airflow/example_dags/example_python_operator.py
[2026-05-28T07:55:09.903+0000] {processor.py:925} INFO - DAG(s) 'example_python_operator' retrieved from /home/airflow/.local/lib/python3.12/site-packages/airflow/example_dags/example_python_operator.py
[2026-05-28T07:55:09.944+0000] {logging_mixin.py:190} INFO - [2026-05-28T07:55:09.943+0000] {dag.py:3239} INFO - Sync 1 DAGs
[2026-05-28T07:55:09.972+0000] {logging_mixin.py:190} INFO - [2026-05-28T07:55:09.971+0000] {dag.py:4180} INFO - Setting next_dagrun for example_python_operator to None, run_after=None
[2026-05-28T07:55:10.016+0000] {processor.py:208} INFO - Processing /home/airflow/.local/lib/python3.12/site-packages/airflow/example_dags/example_python_operator.py took 0.155 seconds
[2026-05-28T07:55:44.785+0000] {processor.py:186} INFO - Started process (PID=2260) to work on /home/airflow/.local/lib/python3.12/site-packages/airflow/example_dags/example_python_operator.py
[2026-05-28T07:55:44.787+0000] {processor.py:914} INFO - Processing file /home/airflow/.local/lib/python3.12/site-packages/airflow/example_dags/example_python_operator.py for tasks to queue
[2026-05-28T07:55:44.792+0000] {logging_mixin.py:190} INFO - [2026-05-28T07:55:44.791+0000] {dagbag.py:588} INFO - Filling up the DagBag from /home/airflow/.local/lib/python3.12/site-packages/airflow/example_dags/example_python_operator.py
[2026-05-28T07:55:44.817+0000] {processor.py:925} INFO - DAG(s) 'example_python_operator' retrieved from /home/airflow/.local/lib/python3.12/site-packages/airflow/example_dags/example_python_operator.py
[2026-05-28T07:55:44.871+0000] {logging_mixin.py:190} INFO - [2026-05-28T07:55:44.870+0000] {dag.py:3239} INFO - Sync 1 DAGs
[2026-05-28T07:55:44.902+0000] {logging_mixin.py:190} INFO - [2026-05-28T07:55:44.901+0000] {dag.py:4180} INFO - Setting next_dagrun for example_python_operator to None, run_after=None
[2026-05-28T07:55:44.947+0000] {processor.py:208} INFO - Processing /home/airflow/.local/lib/python3.12/site-packages/airflow/example_dags/example_python_operator.py took 0.172 seconds
[2026-05-28T07:56:25.148+0000] {processor.py:186} INFO - Started process (PID=2329) to work on /home/airflow/.local/lib/python3.12/site-packages/airflow/example_dags/example_python_operator.py
[2026-05-28T07:56:25.151+0000] {processor.py:914} INFO - Processing file /home/airflow/.local/lib/python3.12/site-packages/airflow/example_dags/example_python_operator.py for tasks to queue
[2026-05-28T07:56:25.157+0000] {logging_mixin.py:190} INFO - [2026-05-28T07:56:25.156+0000] {dagbag.py:588} INFO - Filling up the DagBag from /home/airflow/.local/lib/python3.12/site-packages/airflow/example_dags/example_python_operator.py
[2026-05-28T07:56:25.182+0000] {processor.py:925} INFO - DAG(s) 'example_python_operator' retrieved from /home/airflow/.local/lib/python3.12/site-packages/airflow/example_dags/example_python_operator.py
[2026-05-28T07:56:25.236+0000] {logging_mixin.py:190} INFO - [2026-05-28T07:56:25.235+0000] {dag.py:3239} INFO - Sync 1 DAGs
[2026-05-28T07:56:25.279+0000] {logging_mixin.py:190} INFO - [2026-05-28T07:56:25.278+0000] {dag.py:4180} INFO - Setting next_dagrun for example_python_operator to None, run_after=None
[2026-05-28T07:56:25.354+0000] {processor.py:208} INFO - Processing /home/airflow/.local/lib/python3.12/site-packages/airflow/example_dags/example_python_operator.py took 0.216 seconds
[2026-05-28T07:56:56.112+0000] {processor.py:186} INFO - Started process (PID=2391) to work on /home/airflow/.local/lib/python3.12/site-packages/airflow/example_dags/example_python_operator.py
[2026-05-28T07:56:56.114+0000] {processor.py:914} INFO - Processing file /home/airflow/.local/lib/python3.12/site-packages/airflow/example_dags/example_python_operator.py for tasks to queue
[2026-05-28T07:56:56.118+0000] {logging_mixin.py:190} INFO - [2026-05-28T07:56:56.117+0000] {dagbag.py:588} INFO - Filling up the DagBag from /home/airflow/.local/lib/python3.12/site-packages/airflow/example_dags/example_python_operator.py
[2026-05-28T07:56:56.136+0000] {processor.py:925} INFO - DAG(s) 'example_python_operator' retrieved from /home/airflow/.local/lib/python3.12/site-packages/airflow/example_dags/example_python_operator.py
[2026-05-28T07:56:56.177+0000] {logging_mixin.py:190} INFO - [2026-05-28T07:56:56.177+0000] {dag.py:3239} INFO - Sync 1 DAGs
[2026-05-28T07:56:56.198+0000] {logging_mixin.py:190} INFO - [2026-05-28T07:56:56.198+0000] {dag.py:4180} INFO - Setting next_dagrun for example_python_operator to None, run_after=None
[2026-05-28T07:56:56.242+0000] {processor.py:208} INFO - Processing /home/airflow/.local/lib/python3.12/site-packages/airflow/example_dags/example_python_operator.py took 0.138 seconds
[2026-05-28T07:57:28.864+0000] {processor.py:186} INFO - Started process (PID=2453) to work on /home/airflow/.local/lib/python3.12/site-packages/airflow/example_dags/example_python_operator.py
[2026-05-28T07:57:28.868+0000] {processor.py:914} INFO - Processing file /home/airflow/.local/lib/python3.12/site-packages/airflow/example_dags/example_python_operator.py for tasks to queue
[2026-05-28T07:57:28.873+0000] {logging_mixin.py:190} INFO - [2026-05-28T07:57:28.872+0000] {dagbag.py:588} INFO - Filling up the DagBag from /home/airflow/.local/lib/python3.12/site-packages/airflow/example_dags/example_python_operator.py
[2026-05-28T07:57:28.890+0000] {processor.py:925} INFO - DAG(s) 'example_python_operator' retrieved from /home/airflow/.local/lib/python3.12/site-packages/airflow/example_dags/example_python_operator.py
[2026-05-28T07:57:28.931+0000] {logging_mixin.py:190} INFO - [2026-05-28T07:57:28.931+0000] {dag.py:3239} INFO - Sync 1 DAGs
[2026-05-28T07:57:28.951+0000] {logging_mixin.py:190} INFO - [2026-05-28T07:57:28.951+0000] {dag.py:4180} INFO - Setting next_dagrun for example_python_operator to None, run_after=None
[2026-05-28T07:57:28.981+0000] {processor.py:208} INFO - Processing /home/airflow/.local/lib/python3.12/site-packages/airflow/example_dags/example_python_operator.py took 0.127 seconds
[2026-05-28T07:58:09.188+0000] {processor.py:186} INFO - Started process (PID=2517) to work on /home/airflow/.local/lib/python3.12/site-packages/airflow/example_dags/example_python_operator.py
[2026-05-28T07:58:09.190+0000] {processor.py:914} INFO - Processing file /home/airflow/.local/lib/python3.12/site-packages/airflow/example_dags/example_python_operator.py for tasks to queue
[2026-05-28T07:58:09.196+0000] {logging_mixin.py:190} INFO - [2026-05-28T07:58:09.195+0000] {dagbag.py:588} INFO - Filling up the DagBag from /home/airflow/.local/lib/python3.12/site-packages/airflow/example_dags/example_python_operator.py
[2026-05-28T07:58:09.223+0000] {processor.py:925} INFO - DAG(s) 'example_python_operator' retrieved from /home/airflow/.local/lib/python3.12/site-packages/airflow/example_dags/example_python_operator.py
[2026-05-28T07:58:09.268+0000] {logging_mixin.py:190} INFO - [2026-05-28T07:58:09.267+0000] {dag.py:3239} INFO - Sync 1 DAGs
[2026-05-28T07:58:09.294+0000] {logging_mixin.py:190} INFO - [2026-05-28T07:58:09.294+0000] {dag.py:4180} INFO - Setting next_dagrun for example_python_operator to None, run_after=None
[2026-05-28T07:58:09.331+0000] {processor.py:208} INFO - Processing /home/airflow/.local/lib/python3.12/site-packages/airflow/example_dags/example_python_operator.py took 0.153 seconds
[2026-05-28T07:58:43.465+0000] {processor.py:186} INFO - Started process (PID=2579) to work on /home/airflow/.local/lib/python3.12/site-packages/airflow/example_dags/example_python_operator.py
[2026-05-28T07:58:43.469+0000] {processor.py:914} INFO - Processing file /home/airflow/.local/lib/python3.12/site-packages/airflow/example_dags/example_python_operator.py for tasks to queue
[2026-05-28T07:58:43.473+0000] {logging_mixin.py:190} INFO - [2026-05-28T07:58:43.473+0000] {dagbag.py:588} INFO - Filling up the DagBag from /home/airflow/.local/lib/python3.12/site-packages/airflow/example_dags/example_python_operator.py
[2026-05-28T07:58:43.491+0000] {processor.py:925} INFO - DAG(s) 'example_python_operator' retrieved from /home/airflow/.local/lib/python3.12/site-packages/airflow/example_dags/example_python_operator.py
[2026-05-28T07:58:43.533+0000] {logging_mixin.py:190} INFO - [2026-05-28T07:58:43.532+0000] {dag.py:3239} INFO - Sync 1 DAGs
[2026-05-28T07:58:43.554+0000] {logging_mixin.py:190} INFO - [2026-05-28T07:58:43.554+0000] {dag.py:4180} INFO - Setting next_dagrun for example_python_operator to None, run_after=None
[2026-05-28T07:58:43.598+0000] {processor.py:208} INFO - Processing /home/airflow/.local/lib/python3.12/site-packages/airflow/example_dags/example_python_operator.py took 0.141 seconds
[2026-05-28T07:59:13.743+0000] {processor.py:186} INFO - Started process (PID=2642) to work on /home/airflow/.local/lib/python3.12/site-packages/airflow/example_dags/example_python_operator.py
[2026-05-28T07:59:13.745+0000] {processor.py:914} INFO - Processing file /home/airflow/.local/lib/python3.12/site-packages/airflow/example_dags/example_python_operator.py for tasks to queue
[2026-05-28T07:59:13.749+0000] {logging_mixin.py:190} INFO - [2026-05-28T07:59:13.749+0000] {dagbag.py:588} INFO - Filling up the DagBag from /home/airflow/.local/lib/python3.12/site-packages/airflow/example_dags/example_python_operator.py
[2026-05-28T07:59:13.770+0000] {processor.py:925} INFO - DAG(s) 'example_python_operator' retrieved from /home/airflow/.local/lib/python3.12/site-packages/airflow/example_dags/example_python_operator.py
[2026-05-28T07:59:13.816+0000] {logging_mixin.py:190} INFO - [2026-05-28T07:59:13.816+0000] {dag.py:3239} INFO - Sync 1 DAGs
[2026-05-28T07:59:13.842+0000] {logging_mixin.py:190} INFO - [2026-05-28T07:59:13.842+0000] {dag.py:4180} INFO - Setting next_dagrun for example_python_operator to None, run_after=None
[2026-05-28T07:59:13.889+0000] {processor.py:208} INFO - Processing /home/airflow/.local/lib/python3.12/site-packages/airflow/example_dags/example_python_operator.py took 0.156 seconds
[2026-05-28T07:59:44.854+0000] {processor.py:186} INFO - Started process (PID=2706) to work on /home/airflow/.local/lib/python3.12/site-packages/airflow/example_dags/example_python_operator.py
[2026-05-28T07:59:44.858+0000] {processor.py:914} INFO - Processing file /home/airflow/.local/lib/python3.12/site-packages/airflow/example_dags/example_python_operator.py for tasks to queue
[2026-05-28T07:59:44.866+0000] {logging_mixin.py:190} INFO - [2026-05-28T07:59:44.865+0000] {dagbag.py:588} INFO - Filling up the DagBag from /home/airflow/.local/lib/python3.12/site-packages/airflow/example_dags/example_python_operator.py
[2026-05-28T07:59:44.893+0000] {processor.py:925} INFO - DAG(s) 'example_python_operator' retrieved from /home/airflow/.local/lib/python3.12/site-packages/airflow/example_dags/example_python_operator.py
[2026-05-28T07:59:44.943+0000] {logging_mixin.py:190} INFO - [2026-05-28T07:59:44.943+0000] {dag.py:3239} INFO - Sync 1 DAGs
[2026-05-28T07:59:44.970+0000] {logging_mixin.py:190} INFO - [2026-05-28T07:59:44.970+0000] {dag.py:4180} INFO - Setting next_dagrun for example_python_operator to None, run_after=None
[2026-05-28T07:59:45.016+0000] {processor.py:208} INFO - Processing /home/airflow/.local/lib/python3.12/site-packages/airflow/example_dags/example_python_operator.py took 0.172 seconds
[2026-05-28T08:00:20.294+0000] {processor.py:186} INFO - Started process (PID=2775) to work on /home/airflow/.local/lib/python3.12/site-packages/airflow/example_dags/example_python_operator.py
[2026-05-28T08:00:20.296+0000] {processor.py:914} INFO - Processing file /home/airflow/.local/lib/python3.12/site-packages/airflow/example_dags/example_python_operator.py for tasks to queue
[2026-05-28T08:00:20.300+0000] {logging_mixin.py:190} INFO - [2026-05-28T08:00:20.300+0000] {dagbag.py:588} INFO - Filling up the DagBag from /home/airflow/.local/lib/python3.12/site-packages/airflow/example_dags/example_python_operator.py
[2026-05-28T08:00:20.326+0000] {processor.py:925} INFO - DAG(s) 'example_python_operator' retrieved from /home/airflow/.local/lib/python3.12/site-packages/airflow/example_dags/example_python_operator.py
[2026-05-28T08:00:20.369+0000] {logging_mixin.py:190} INFO - [2026-05-28T08:00:20.369+0000] {dag.py:3239} INFO - Sync 1 DAGs
[2026-05-28T08:00:20.393+0000] {logging_mixin.py:190} INFO - [2026-05-28T08:00:20.393+0000] {dag.py:4180} INFO - Setting next_dagrun for example_python_operator to None, run_after=None
[2026-05-28T08:00:20.425+0000] {processor.py:208} INFO - Processing /home/airflow/.local/lib/python3.12/site-packages/airflow/example_dags/example_python_operator.py took 0.140 seconds
[2026-05-28T08:00:54.425+0000] {processor.py:186} INFO - Started process (PID=2830) to work on /home/airflow/.local/lib/python3.12/site-packages/airflow/example_dags/example_python_operator.py
[2026-05-28T08:00:54.427+0000] {processor.py:914} INFO - Processing file /home/airflow/.local/lib/python3.12/site-packages/airflow/example_dags/example_python_operator.py for tasks to queue
[2026-05-28T08:00:54.432+0000] {logging_mixin.py:190} INFO - [2026-05-28T08:00:54.432+0000] {dagbag.py:588} INFO - Filling up the DagBag from /home/airflow/.local/lib/python3.12/site-packages/airflow/example_dags/example_python_operator.py
[2026-05-28T08:00:54.452+0000] {processor.py:925} INFO - DAG(s) 'example_python_operator' retrieved from /home/airflow/.local/lib/python3.12/site-packages/airflow/example_dags/example_python_operator.py
[2026-05-28T08:00:54.505+0000] {logging_mixin.py:190} INFO - [2026-05-28T08:00:54.505+0000] {dag.py:3239} INFO - Sync 1 DAGs
[2026-05-28T08:00:54.532+0000] {logging_mixin.py:190} INFO - [2026-05-28T08:00:54.532+0000] {dag.py:4180} INFO - Setting next_dagrun for example_python_operator to None, run_after=None
[2026-05-28T08:00:54.571+0000] {processor.py:208} INFO - Processing /home/airflow/.local/lib/python3.12/site-packages/airflow/example_dags/example_python_operator.py took 0.154 seconds
[2026-05-28T08:01:28.844+0000] {processor.py:186} INFO - Started process (PID=2896) to work on /home/airflow/.local/lib/python3.12/site-packages/airflow/example_dags/example_python_operator.py
[2026-05-28T08:01:28.846+0000] {processor.py:914} INFO - Processing file /home/airflow/.local/lib/python3.12/site-packages/airflow/example_dags/example_python_operator.py for tasks to queue
[2026-05-28T08:01:28.852+0000] {logging_mixin.py:190} INFO - [2026-05-28T08:01:28.851+0000] {dagbag.py:588} INFO - Filling up the DagBag from /home/airflow/.local/lib/python3.12/site-packages/airflow/example_dags/example_python_operator.py
[2026-05-28T08:01:28.874+0000] {processor.py:925} INFO - DAG(s) 'example_python_operator' retrieved from /home/airflow/.local/lib/python3.12/site-packages/airflow/example_dags/example_python_operator.py
[2026-05-28T08:01:28.912+0000] {logging_mixin.py:190} INFO - [2026-05-28T08:01:28.912+0000] {dag.py:3239} INFO - Sync 1 DAGs
[2026-05-28T08:01:28.932+0000] {logging_mixin.py:190} INFO - [2026-05-28T08:01:28.931+0000] {dag.py:4180} INFO - Setting next_dagrun for example_python_operator to None, run_after=None
[2026-05-28T08:01:28.979+0000] {processor.py:208} INFO - Processing /home/airflow/.local/lib/python3.12/site-packages/airflow/example_dags/example_python_operator.py took 0.144 seconds
[2026-05-28T08:01:59.886+0000] {processor.py:186} INFO - Started process (PID=2958) to work on /home/airflow/.local/lib/python3.12/site-packages/airflow/example_dags/example_python_operator.py
[2026-05-28T08:01:59.888+0000] {processor.py:914} INFO - Processing file /home/airflow/.local/lib/python3.12/site-packages/airflow/example_dags/example_python_operator.py for tasks to queue
[2026-05-28T08:01:59.893+0000] {logging_mixin.py:190} INFO - [2026-05-28T08:01:59.892+0000] {dagbag.py:588} INFO - Filling up the DagBag from /home/airflow/.local/lib/python3.12/site-packages/airflow/example_dags/example_python_operator.py
[2026-05-28T08:01:59.916+0000] {processor.py:925} INFO - DAG(s) 'example_python_operator' retrieved from /home/airflow/.local/lib/python3.12/site-packages/airflow/example_dags/example_python_operator.py
[2026-05-28T08:01:59.961+0000] {logging_mixin.py:190} INFO - [2026-05-28T08:01:59.961+0000] {dag.py:3239} INFO - Sync 1 DAGs
[2026-05-28T08:01:59.990+0000] {logging_mixin.py:190} INFO - [2026-05-28T08:01:59.989+0000] {dag.py:4180} INFO - Setting next_dagrun for example_python_operator to None, run_after=None
[2026-05-28T08:02:00.033+0000] {processor.py:208} INFO - Processing /home/airflow/.local/lib/python3.12/site-packages/airflow/example_dags/example_python_operator.py took 0.156 seconds
[2026-05-28T08:02:30.565+0000] {processor.py:186} INFO - Started process (PID=3020) to work on /home/airflow/.local/lib/python3.12/site-packages/airflow/example_dags/example_python_operator.py
[2026-05-28T08:02:30.567+0000] {processor.py:914} INFO - Processing file /home/airflow/.local/lib/python3.12/site-packages/airflow/example_dags/example_python_operator.py for tasks to queue
[2026-05-28T08:02:30.573+0000] {logging_mixin.py:190} INFO - [2026-05-28T08:02:30.572+0000] {dagbag.py:588} INFO - Filling up the DagBag from /home/airflow/.local/lib/python3.12/site-packages/airflow/example_dags/example_python_operator.py
[2026-05-28T08:02:30.596+0000] {processor.py:925} INFO - DAG(s) 'example_python_operator' retrieved from /home/airflow/.local/lib/python3.12/site-packages/airflow/example_dags/example_python_operator.py
[2026-05-28T08:02:30.638+0000] {logging_mixin.py:190} INFO - [2026-05-28T08:02:30.638+0000] {dag.py:3239} INFO - Sync 1 DAGs
[2026-05-28T08:02:30.664+0000] {logging_mixin.py:190} INFO - [2026-05-28T08:02:30.663+0000] {dag.py:4180} INFO - Setting next_dagrun for example_python_operator to None, run_after=None
[2026-05-28T08:02:30.698+0000] {processor.py:208} INFO - Processing /home/airflow/.local/lib/python3.12/site-packages/airflow/example_dags/example_python_operator.py took 0.141 seconds
[2026-05-28T08:03:05.505+0000] {processor.py:186} INFO - Started process (PID=3085) to work on /home/airflow/.local/lib/python3.12/site-packages/airflow/example_dags/example_python_operator.py
[2026-05-28T08:03:05.507+0000] {processor.py:914} INFO - Processing file /home/airflow/.local/lib/python3.12/site-packages/airflow/example_dags/example_python_operator.py for tasks to queue
[2026-05-28T08:03:05.512+0000] {logging_mixin.py:190} INFO - [2026-05-28T08:03:05.511+0000] {dagbag.py:588} INFO - Filling up the DagBag from /home/airflow/.local/lib/python3.12/site-packages/airflow/example_dags/example_python_operator.py
[2026-05-28T08:03:05.534+0000] {processor.py:925} INFO - DAG(s) 'example_python_operator' retrieved from /home/airflow/.local/lib/python3.12/site-packages/airflow/example_dags/example_python_operator.py
[2026-05-28T08:03:05.579+0000] {logging_mixin.py:190} INFO - [2026-05-28T08:03:05.578+0000] {dag.py:3239} INFO - Sync 1 DAGs
[2026-05-28T08:03:05.604+0000] {logging_mixin.py:190} INFO - [2026-05-28T08:03:05.604+0000] {dag.py:4180} INFO - Setting next_dagrun for example_python_operator to None, run_after=None
[2026-05-28T08:03:05.638+0000] {processor.py:208} INFO - Processing /home/airflow/.local/lib/python3.12/site-packages/airflow/example_dags/example_python_operator.py took 0.143 seconds
[2026-05-28T08:03:42.566+0000] {processor.py:186} INFO - Started process (PID=3149) to work on /home/airflow/.local/lib/python3.12/site-packages/airflow/example_dags/example_python_operator.py
[2026-05-28T08:03:42.568+0000] {processor.py:914} INFO - Processing file /home/airflow/.local/lib/python3.12/site-packages/airflow/example_dags/example_python_operator.py for tasks to queue
[2026-05-28T08:03:42.573+0000] {logging_mixin.py:190} INFO - [2026-05-28T08:03:42.572+0000] {dagbag.py:588} INFO - Filling up the DagBag from /home/airflow/.local/lib/python3.12/site-packages/airflow/example_dags/example_python_operator.py
[2026-05-28T08:03:42.594+0000] {processor.py:925} INFO - DAG(s) 'example_python_operator' retrieved from /home/airflow/.local/lib/python3.12/site-packages/airflow/example_dags/example_python_operator.py
[2026-05-28T08:03:42.633+0000] {logging_mixin.py:190} INFO - [2026-05-28T08:03:42.633+0000] {dag.py:3239} INFO - Sync 1 DAGs
[2026-05-28T08:03:42.657+0000] {logging_mixin.py:190} INFO - [2026-05-28T08:03:42.657+0000] {dag.py:4180} INFO - Setting next_dagrun for example_python_operator to None, run_after=None
[2026-05-28T08:03:42.689+0000] {processor.py:208} INFO - Processing /home/airflow/.local/lib/python3.12/site-packages/airflow/example_dags/example_python_operator.py took 0.131 seconds
[2026-05-28T08:04:20.743+0000] {processor.py:186} INFO - Started process (PID=3211) to work on /home/airflow/.local/lib/python3.12/site-packages/airflow/example_dags/example_python_operator.py
[2026-05-28T08:04:20.745+0000] {processor.py:914} INFO - Processing file /home/airflow/.local/lib/python3.12/site-packages/airflow/example_dags/example_python_operator.py for tasks to queue
[2026-05-28T08:04:20.750+0000] {logging_mixin.py:190} INFO - [2026-05-28T08:04:20.749+0000] {dagbag.py:588} INFO - Filling up the DagBag from /home/airflow/.local/lib/python3.12/site-packages/airflow/example_dags/example_python_operator.py
[2026-05-28T08:04:20.769+0000] {processor.py:925} INFO - DAG(s) 'example_python_operator' retrieved from /home/airflow/.local/lib/python3.12/site-packages/airflow/example_dags/example_python_operator.py
[2026-05-28T08:04:20.816+0000] {logging_mixin.py:190} INFO - [2026-05-28T08:04:20.815+0000] {dag.py:3239} INFO - Sync 1 DAGs
[2026-05-28T08:04:20.848+0000] {logging_mixin.py:190} INFO - [2026-05-28T08:04:20.848+0000] {dag.py:4180} INFO - Setting next_dagrun for example_python_operator to None, run_after=None
[2026-05-28T08:04:20.897+0000] {processor.py:208} INFO - Processing /home/airflow/.local/lib/python3.12/site-packages/airflow/example_dags/example_python_operator.py took 0.165 seconds
[2026-05-28T08:04:53.088+0000] {processor.py:186} INFO - Started process (PID=3280) to work on /home/airflow/.local/lib/python3.12/site-packages/airflow/example_dags/example_python_operator.py
[2026-05-28T08:04:53.090+0000] {processor.py:914} INFO - Processing file /home/airflow/.local/lib/python3.12/site-packages/airflow/example_dags/example_python_operator.py for tasks to queue
[2026-05-28T08:04:53.095+0000] {logging_mixin.py:190} INFO - [2026-05-28T08:04:53.095+0000] {dagbag.py:588} INFO - Filling up the DagBag from /home/airflow/.local/lib/python3.12/site-packages/airflow/example_dags/example_python_operator.py
[2026-05-28T08:04:53.115+0000] {processor.py:925} INFO - DAG(s) 'example_python_operator' retrieved from /home/airflow/.local/lib/python3.12/site-packages/airflow/example_dags/example_python_operator.py
[2026-05-28T08:04:53.171+0000] {logging_mixin.py:190} INFO - [2026-05-28T08:04:53.170+0000] {dag.py:3239} INFO - Sync 1 DAGs
[2026-05-28T08:04:53.194+0000] {logging_mixin.py:190} INFO - [2026-05-28T08:04:53.193+0000] {dag.py:4180} INFO - Setting next_dagrun for example_python_operator to None, run_after=None
[2026-05-28T08:04:53.241+0000] {processor.py:208} INFO - Processing /home/airflow/.local/lib/python3.12/site-packages/airflow/example_dags/example_python_operator.py took 0.161 seconds
[2026-05-28T08:08:43.935+0000] {processor.py:186} INFO - Started process (PID=3391) to work on /home/airflow/.local/lib/python3.12/site-packages/airflow/example_dags/example_python_operator.py
[2026-05-28T08:08:43.953+0000] {processor.py:914} INFO - Processing file /home/airflow/.local/lib/python3.12/site-packages/airflow/example_dags/example_python_operator.py for tasks to queue
[2026-05-28T08:08:43.971+0000] {logging_mixin.py:190} INFO - [2026-05-28T08:08:43.968+0000] {dagbag.py:588} INFO - Filling up the DagBag from /home/airflow/.local/lib/python3.12/site-packages/airflow/example_dags/example_python_operator.py
[2026-05-28T08:08:44.281+0000] {processor.py:925} INFO - DAG(s) 'example_python_operator' retrieved from /home/airflow/.local/lib/python3.12/site-packages/airflow/example_dags/example_python_operator.py
[2026-05-28T08:08:44.769+0000] {logging_mixin.py:190} INFO - [2026-05-28T08:08:44.768+0000] {dag.py:3239} INFO - Sync 1 DAGs
[2026-05-28T08:08:45.138+0000] {logging_mixin.py:190} INFO - [2026-05-28T08:08:45.137+0000] {dag.py:4180} INFO - Setting next_dagrun for example_python_operator to None, run_after=None
[2026-05-28T08:08:45.781+0000] {processor.py:208} INFO - Processing /home/airflow/.local/lib/python3.12/site-packages/airflow/example_dags/example_python_operator.py took 1.943 seconds
[2026-05-28T08:11:09.668+0000] {processor.py:186} INFO - Started process (PID=3502) to work on /home/airflow/.local/lib/python3.12/site-packages/airflow/example_dags/example_python_operator.py
[2026-05-28T08:11:09.672+0000] {processor.py:914} INFO - Processing file /home/airflow/.local/lib/python3.12/site-packages/airflow/example_dags/example_python_operator.py for tasks to queue
[2026-05-28T08:11:09.676+0000] {logging_mixin.py:190} INFO - [2026-05-28T08:11:09.675+0000] {dagbag.py:588} INFO - Filling up the DagBag from /home/airflow/.local/lib/python3.12/site-packages/airflow/example_dags/example_python_operator.py
[2026-05-28T08:11:09.715+0000] {processor.py:925} INFO - DAG(s) 'example_python_operator' retrieved from /home/airflow/.local/lib/python3.12/site-packages/airflow/example_dags/example_python_operator.py
[2026-05-28T08:11:09.795+0000] {logging_mixin.py:190} INFO - [2026-05-28T08:11:09.795+0000] {dag.py:3239} INFO - Sync 1 DAGs
[2026-05-28T08:11:09.839+0000] {logging_mixin.py:190} INFO - [2026-05-28T08:11:09.839+0000] {dag.py:4180} INFO - Setting next_dagrun for example_python_operator to None, run_after=None
[2026-05-28T08:11:09.904+0000] {processor.py:208} INFO - Processing /home/airflow/.local/lib/python3.12/site-packages/airflow/example_dags/example_python_operator.py took 0.253 seconds
[2026-05-28T08:12:00.765+0000] {processor.py:186} INFO - Started process (PID=3570) to work on /home/airflow/.local/lib/python3.12/site-packages/airflow/example_dags/example_python_operator.py
[2026-05-28T08:12:00.768+0000] {processor.py:914} INFO - Processing file /home/airflow/.local/lib/python3.12/site-packages/airflow/example_dags/example_python_operator.py for tasks to queue
[2026-05-28T08:12:00.771+0000] {logging_mixin.py:190} INFO - [2026-05-28T08:12:00.770+0000] {dagbag.py:588} INFO - Filling up the DagBag from /home/airflow/.local/lib/python3.12/site-packages/airflow/example_dags/example_python_operator.py
[2026-05-28T08:12:00.799+0000] {processor.py:925} INFO - DAG(s) 'example_python_operator' retrieved from /home/airflow/.local/lib/python3.12/site-packages/airflow/example_dags/example_python_operator.py
[2026-05-28T08:12:00.857+0000] {logging_mixin.py:190} INFO - [2026-05-28T08:12:00.857+0000] {dag.py:3239} INFO - Sync 1 DAGs
[2026-05-28T08:12:00.890+0000] {logging_mixin.py:190} INFO - [2026-05-28T08:12:00.890+0000] {dag.py:4180} INFO - Setting next_dagrun for example_python_operator to None, run_after=None
[2026-05-28T08:12:00.944+0000] {processor.py:208} INFO - Processing /home/airflow/.local/lib/python3.12/site-packages/airflow/example_dags/example_python_operator.py took 0.193 seconds
[2026-05-28T08:12:46.786+0000] {processor.py:186} INFO - Started process (PID=3633) to work on /home/airflow/.local/lib/python3.12/site-packages/airflow/example_dags/example_python_operator.py
[2026-05-28T08:12:46.789+0000] {processor.py:914} INFO - Processing file /home/airflow/.local/lib/python3.12/site-packages/airflow/example_dags/example_python_operator.py for tasks to queue
[2026-05-28T08:12:46.792+0000] {logging_mixin.py:190} INFO - [2026-05-28T08:12:46.791+0000] {dagbag.py:588} INFO - Filling up the DagBag from /home/airflow/.local/lib/python3.12/site-packages/airflow/example_dags/example_python_operator.py
[2026-05-28T08:12:46.825+0000] {processor.py:925} INFO - DAG(s) 'example_python_operator' retrieved from /home/airflow/.local/lib/python3.12/site-packages/airflow/example_dags/example_python_operator.py
[2026-05-28T08:12:46.895+0000] {logging_mixin.py:190} INFO - [2026-05-28T08:12:46.894+0000] {dag.py:3239} INFO - Sync 1 DAGs
[2026-05-28T08:12:46.952+0000] {logging_mixin.py:190} INFO - [2026-05-28T08:12:46.952+0000] {dag.py:4180} INFO - Setting next_dagrun for example_python_operator to None, run_after=None
[2026-05-28T08:12:47.007+0000] {processor.py:208} INFO - Processing /home/airflow/.local/lib/python3.12/site-packages/airflow/example_dags/example_python_operator.py took 0.236 seconds
[2026-05-28T08:13:32.597+0000] {processor.py:186} INFO - Started process (PID=3699) to work on /home/airflow/.local/lib/python3.12/site-packages/airflow/example_dags/example_python_operator.py
[2026-05-28T08:13:32.600+0000] {processor.py:914} INFO - Processing file /home/airflow/.local/lib/python3.12/site-packages/airflow/example_dags/example_python_operator.py for tasks to queue
[2026-05-28T08:13:32.604+0000] {logging_mixin.py:190} INFO - [2026-05-28T08:13:32.603+0000] {dagbag.py:588} INFO - Filling up the DagBag from /home/airflow/.local/lib/python3.12/site-packages/airflow/example_dags/example_python_operator.py
[2026-05-28T08:13:32.639+0000] {processor.py:925} INFO - DAG(s) 'example_python_operator' retrieved from /home/airflow/.local/lib/python3.12/site-packages/airflow/example_dags/example_python_operator.py
[2026-05-28T08:13:32.729+0000] {logging_mixin.py:190} INFO - [2026-05-28T08:13:32.729+0000] {dag.py:3239} INFO - Sync 1 DAGs
[2026-05-28T08:13:32.775+0000] {logging_mixin.py:190} INFO - [2026-05-28T08:13:32.774+0000] {dag.py:4180} INFO - Setting next_dagrun for example_python_operator to None, run_after=None
[2026-05-28T08:13:32.835+0000] {processor.py:208} INFO - Processing /home/airflow/.local/lib/python3.12/site-packages/airflow/example_dags/example_python_operator.py took 0.252 seconds
[2026-05-28T08:14:14.060+0000] {processor.py:186} INFO - Started process (PID=3772) to work on /home/airflow/.local/lib/python3.12/site-packages/airflow/example_dags/example_python_operator.py
[2026-05-28T08:14:14.062+0000] {processor.py:914} INFO - Processing file /home/airflow/.local/lib/python3.12/site-packages/airflow/example_dags/example_python_operator.py for tasks to queue
[2026-05-28T08:14:14.066+0000] {logging_mixin.py:190} INFO - [2026-05-28T08:14:14.065+0000] {dagbag.py:588} INFO - Filling up the DagBag from /home/airflow/.local/lib/python3.12/site-packages/airflow/example_dags/example_python_operator.py
[2026-05-28T08:14:14.093+0000] {processor.py:925} INFO - DAG(s) 'example_python_operator' retrieved from /home/airflow/.local/lib/python3.12/site-packages/airflow/example_dags/example_python_operator.py
[2026-05-28T08:14:14.163+0000] {logging_mixin.py:190} INFO - [2026-05-28T08:14:14.163+0000] {dag.py:3239} INFO - Sync 1 DAGs
[2026-05-28T08:14:14.200+0000] {logging_mixin.py:190} INFO - [2026-05-28T08:14:14.200+0000] {dag.py:4180} INFO - Setting next_dagrun for example_python_operator to None, run_after=None
[2026-05-28T08:14:14.245+0000] {processor.py:208} INFO - Processing /home/airflow/.local/lib/python3.12/site-packages/airflow/example_dags/example_python_operator.py took 0.199 seconds
[2026-05-28T08:14:56.002+0000] {processor.py:186} INFO - Started process (PID=3846) to work on /home/airflow/.local/lib/python3.12/site-packages/airflow/example_dags/example_python_operator.py
[2026-05-28T08:14:56.006+0000] {processor.py:914} INFO - Processing file /home/airflow/.local/lib/python3.12/site-packages/airflow/example_dags/example_python_operator.py for tasks to queue
[2026-05-28T08:14:56.010+0000] {logging_mixin.py:190} INFO - [2026-05-28T08:14:56.009+0000] {dagbag.py:588} INFO - Filling up the DagBag from /home/airflow/.local/lib/python3.12/site-packages/airflow/example_dags/example_python_operator.py
[2026-05-28T08:14:56.055+0000] {processor.py:925} INFO - DAG(s) 'example_python_operator' retrieved from /home/airflow/.local/lib/python3.12/site-packages/airflow/example_dags/example_python_operator.py
[2026-05-28T08:14:56.143+0000] {logging_mixin.py:190} INFO - [2026-05-28T08:14:56.142+0000] {dag.py:3239} INFO - Sync 1 DAGs
[2026-05-28T08:14:56.205+0000] {logging_mixin.py:190} INFO - [2026-05-28T08:14:56.205+0000] {dag.py:4180} INFO - Setting next_dagrun for example_python_operator to None, run_after=None
[2026-05-28T08:14:56.257+0000] {processor.py:208} INFO - Processing /home/airflow/.local/lib/python3.12/site-packages/airflow/example_dags/example_python_operator.py took 0.284 seconds
[2026-05-28T08:15:39.053+0000] {processor.py:186} INFO - Started process (PID=3908) to work on /home/airflow/.local/lib/python3.12/site-packages/airflow/example_dags/example_python_operator.py
[2026-05-28T08:15:39.056+0000] {processor.py:914} INFO - Processing file /home/airflow/.local/lib/python3.12/site-packages/airflow/example_dags/example_python_operator.py for tasks to queue
[2026-05-28T08:15:39.059+0000] {logging_mixin.py:190} INFO - [2026-05-28T08:15:39.058+0000] {dagbag.py:588} INFO - Filling up the DagBag from /home/airflow/.local/lib/python3.12/site-packages/airflow/example_dags/example_python_operator.py
[2026-05-28T08:15:39.086+0000] {processor.py:925} INFO - DAG(s) 'example_python_operator' retrieved from /home/airflow/.local/lib/python3.12/site-packages/airflow/example_dags/example_python_operator.py
[2026-05-28T08:15:39.142+0000] {logging_mixin.py:190} INFO - [2026-05-28T08:15:39.141+0000] {dag.py:3239} INFO - Sync 1 DAGs
[2026-05-28T08:15:39.175+0000] {logging_mixin.py:190} INFO - [2026-05-28T08:15:39.174+0000] {dag.py:4180} INFO - Setting next_dagrun for example_python_operator to None, run_after=None
[2026-05-28T08:15:39.227+0000] {processor.py:208} INFO - Processing /home/airflow/.local/lib/python3.12/site-packages/airflow/example_dags/example_python_operator.py took 0.186 seconds
[2026-05-28T08:16:29.823+0000] {processor.py:186} INFO - Started process (PID=3976) to work on /home/airflow/.local/lib/python3.12/site-packages/airflow/example_dags/example_python_operator.py
[2026-05-28T08:16:29.827+0000] {processor.py:914} INFO - Processing file /home/airflow/.local/lib/python3.12/site-packages/airflow/example_dags/example_python_operator.py for tasks to queue
[2026-05-28T08:16:29.830+0000] {logging_mixin.py:190} INFO - [2026-05-28T08:16:29.830+0000] {dagbag.py:588} INFO - Filling up the DagBag from /home/airflow/.local/lib/python3.12/site-packages/airflow/example_dags/example_python_operator.py
[2026-05-28T08:16:29.862+0000] {processor.py:925} INFO - DAG(s) 'example_python_operator' retrieved from /home/airflow/.local/lib/python3.12/site-packages/airflow/example_dags/example_python_operator.py
[2026-05-28T08:16:29.936+0000] {logging_mixin.py:190} INFO - [2026-05-28T08:16:29.935+0000] {dag.py:3239} INFO - Sync 1 DAGs
[2026-05-28T08:16:29.974+0000] {logging_mixin.py:190} INFO - [2026-05-28T08:16:29.974+0000] {dag.py:4180} INFO - Setting next_dagrun for example_python_operator to None, run_after=None
[2026-05-28T08:16:30.033+0000] {processor.py:208} INFO - Processing /home/airflow/.local/lib/python3.12/site-packages/airflow/example_dags/example_python_operator.py took 0.226 seconds
[2026-05-28T08:17:30.173+0000] {processor.py:186} INFO - Started process (PID=4059) to work on /home/airflow/.local/lib/python3.12/site-packages/airflow/example_dags/example_python_operator.py
[2026-05-28T08:17:30.175+0000] {processor.py:914} INFO - Processing file /home/airflow/.local/lib/python3.12/site-packages/airflow/example_dags/example_python_operator.py for tasks to queue
[2026-05-28T08:17:30.180+0000] {logging_mixin.py:190} INFO - [2026-05-28T08:17:30.179+0000] {dagbag.py:588} INFO - Filling up the DagBag from /home/airflow/.local/lib/python3.12/site-packages/airflow/example_dags/example_python_operator.py
[2026-05-28T08:17:30.212+0000] {processor.py:925} INFO - DAG(s) 'example_python_operator' retrieved from /home/airflow/.local/lib/python3.12/site-packages/airflow/example_dags/example_python_operator.py
[2026-05-28T08:17:30.278+0000] {logging_mixin.py:190} INFO - [2026-05-28T08:17:30.277+0000] {dag.py:3239} INFO - Sync 1 DAGs
[2026-05-28T08:17:30.325+0000] {logging_mixin.py:190} INFO - [2026-05-28T08:17:30.325+0000] {dag.py:4180} INFO - Setting next_dagrun for example_python_operator to None, run_after=None
[2026-05-28T08:17:30.376+0000] {processor.py:208} INFO - Processing /home/airflow/.local/lib/python3.12/site-packages/airflow/example_dags/example_python_operator.py took 0.217 seconds
[2026-05-28T08:18:13.167+0000] {processor.py:186} INFO - Started process (PID=4117) to work on /home/airflow/.local/lib/python3.12/site-packages/airflow/example_dags/example_python_operator.py
[2026-05-28T08:18:13.171+0000] {processor.py:914} INFO - Processing file /home/airflow/.local/lib/python3.12/site-packages/airflow/example_dags/example_python_operator.py for tasks to queue
[2026-05-28T08:18:13.175+0000] {logging_mixin.py:190} INFO - [2026-05-28T08:18:13.174+0000] {dagbag.py:588} INFO - Filling up the DagBag from /home/airflow/.local/lib/python3.12/site-packages/airflow/example_dags/example_python_operator.py
[2026-05-28T08:18:13.214+0000] {processor.py:925} INFO - DAG(s) 'example_python_operator' retrieved from /home/airflow/.local/lib/python3.12/site-packages/airflow/example_dags/example_python_operator.py
[2026-05-28T08:18:13.289+0000] {logging_mixin.py:190} INFO - [2026-05-28T08:18:13.289+0000] {dag.py:3239} INFO - Sync 1 DAGs
[2026-05-28T08:18:13.338+0000] {logging_mixin.py:190} INFO - [2026-05-28T08:18:13.338+0000] {dag.py:4180} INFO - Setting next_dagrun for example_python_operator to None, run_after=None
[2026-05-28T08:18:13.395+0000] {processor.py:208} INFO - Processing /home/airflow/.local/lib/python3.12/site-packages/airflow/example_dags/example_python_operator.py took 0.245 seconds
[2026-05-28T08:19:00.814+0000] {processor.py:186} INFO - Started process (PID=4188) to work on /home/airflow/.local/lib/python3.12/site-packages/airflow/example_dags/example_python_operator.py
[2026-05-28T08:19:00.816+0000] {processor.py:914} INFO - Processing file /home/airflow/.local/lib/python3.12/site-packages/airflow/example_dags/example_python_operator.py for tasks to queue
[2026-05-28T08:19:00.819+0000] {logging_mixin.py:190} INFO - [2026-05-28T08:19:00.819+0000] {dagbag.py:588} INFO - Filling up the DagBag from /home/airflow/.local/lib/python3.12/site-packages/airflow/example_dags/example_python_operator.py
[2026-05-28T08:19:00.848+0000] {processor.py:925} INFO - DAG(s) 'example_python_operator' retrieved from /home/airflow/.local/lib/python3.12/site-packages/airflow/example_dags/example_python_operator.py
[2026-05-28T08:19:00.911+0000] {logging_mixin.py:190} INFO - [2026-05-28T08:19:00.910+0000] {dag.py:3239} INFO - Sync 1 DAGs
[2026-05-28T08:19:00.945+0000] {logging_mixin.py:190} INFO - [2026-05-28T08:19:00.945+0000] {dag.py:4180} INFO - Setting next_dagrun for example_python_operator to None, run_after=None
[2026-05-28T08:19:00.990+0000] {processor.py:208} INFO - Processing /home/airflow/.local/lib/python3.12/site-packages/airflow/example_dags/example_python_operator.py took 0.190 seconds
[2026-05-28T08:19:52.284+0000] {processor.py:186} INFO - Started process (PID=4260) to work on /home/airflow/.local/lib/python3.12/site-packages/airflow/example_dags/example_python_operator.py
[2026-05-28T08:19:52.286+0000] {processor.py:914} INFO - Processing file /home/airflow/.local/lib/python3.12/site-packages/airflow/example_dags/example_python_operator.py for tasks to queue
[2026-05-28T08:19:52.292+0000] {logging_mixin.py:190} INFO - [2026-05-28T08:19:52.291+0000] {dagbag.py:588} INFO - Filling up the DagBag from /home/airflow/.local/lib/python3.12/site-packages/airflow/example_dags/example_python_operator.py
[2026-05-28T08:19:52.326+0000] {processor.py:925} INFO - DAG(s) 'example_python_operator' retrieved from /home/airflow/.local/lib/python3.12/site-packages/airflow/example_dags/example_python_operator.py
[2026-05-28T08:19:52.400+0000] {logging_mixin.py:190} INFO - [2026-05-28T08:19:52.400+0000] {dag.py:3239} INFO - Sync 1 DAGs
[2026-05-28T08:19:52.434+0000] {logging_mixin.py:190} INFO - [2026-05-28T08:19:52.434+0000] {dag.py:4180} INFO - Setting next_dagrun for example_python_operator to None, run_after=None
[2026-05-28T08:19:52.485+0000] {processor.py:208} INFO - Processing /home/airflow/.local/lib/python3.12/site-packages/airflow/example_dags/example_python_operator.py took 0.223 seconds
[2026-05-28T08:20:32.898+0000] {processor.py:186} INFO - Started process (PID=4328) to work on /home/airflow/.local/lib/python3.12/site-packages/airflow/example_dags/example_python_operator.py
[2026-05-28T08:20:32.901+0000] {processor.py:914} INFO - Processing file /home/airflow/.local/lib/python3.12/site-packages/airflow/example_dags/example_python_operator.py for tasks to queue
[2026-05-28T08:20:32.905+0000] {logging_mixin.py:190} INFO - [2026-05-28T08:20:32.904+0000] {dagbag.py:588} INFO - Filling up the DagBag from /home/airflow/.local/lib/python3.12/site-packages/airflow/example_dags/example_python_operator.py
[2026-05-28T08:20:32.940+0000] {processor.py:925} INFO - DAG(s) 'example_python_operator' retrieved from /home/airflow/.local/lib/python3.12/site-packages/airflow/example_dags/example_python_operator.py
[2026-05-28T08:20:33.012+0000] {logging_mixin.py:190} INFO - [2026-05-28T08:20:33.012+0000] {dag.py:3239} INFO - Sync 1 DAGs
[2026-05-28T08:20:33.044+0000] {logging_mixin.py:190} INFO - [2026-05-28T08:20:33.043+0000] {dag.py:4180} INFO - Setting next_dagrun for example_python_operator to None, run_after=None
[2026-05-28T08:20:33.097+0000] {processor.py:208} INFO - Processing /home/airflow/.local/lib/python3.12/site-packages/airflow/example_dags/example_python_operator.py took 0.216 seconds
[2026-05-28T08:21:24.010+0000] {processor.py:186} INFO - Started process (PID=4391) to work on /home/airflow/.local/lib/python3.12/site-packages/airflow/example_dags/example_python_operator.py
[2026-05-28T08:21:24.012+0000] {processor.py:914} INFO - Processing file /home/airflow/.local/lib/python3.12/site-packages/airflow/example_dags/example_python_operator.py for tasks to queue
[2026-05-28T08:21:24.016+0000] {logging_mixin.py:190} INFO - [2026-05-28T08:21:24.015+0000] {dagbag.py:588} INFO - Filling up the DagBag from /home/airflow/.local/lib/python3.12/site-packages/airflow/example_dags/example_python_operator.py
[2026-05-28T08:21:24.053+0000] {processor.py:925} INFO - DAG(s) 'example_python_operator' retrieved from /home/airflow/.local/lib/python3.12/site-packages/airflow/example_dags/example_python_operator.py
[2026-05-28T08:21:24.137+0000] {logging_mixin.py:190} INFO - [2026-05-28T08:21:24.136+0000] {dag.py:3239} INFO - Sync 1 DAGs
[2026-05-28T08:21:24.190+0000] {logging_mixin.py:190} INFO - [2026-05-28T08:21:24.190+0000] {dag.py:4180} INFO - Setting next_dagrun for example_python_operator to None, run_after=None
[2026-05-28T08:21:24.259+0000] {processor.py:208} INFO - Processing /home/airflow/.local/lib/python3.12/site-packages/airflow/example_dags/example_python_operator.py took 0.269 seconds
[2026-05-28T08:22:18.770+0000] {processor.py:186} INFO - Started process (PID=4469) to work on /home/airflow/.local/lib/python3.12/site-packages/airflow/example_dags/example_python_operator.py
[2026-05-28T08:22:18.773+0000] {processor.py:914} INFO - Processing file /home/airflow/.local/lib/python3.12/site-packages/airflow/example_dags/example_python_operator.py for tasks to queue
[2026-05-28T08:22:18.776+0000] {logging_mixin.py:190} INFO - [2026-05-28T08:22:18.775+0000] {dagbag.py:588} INFO - Filling up the DagBag from /home/airflow/.local/lib/python3.12/site-packages/airflow/example_dags/example_python_operator.py
[2026-05-28T08:22:18.806+0000] {processor.py:925} INFO - DAG(s) 'example_python_operator' retrieved from /home/airflow/.local/lib/python3.12/site-packages/airflow/example_dags/example_python_operator.py
[2026-05-28T08:22:18.872+0000] {logging_mixin.py:190} INFO - [2026-05-28T08:22:18.871+0000] {dag.py:3239} INFO - Sync 1 DAGs
[2026-05-28T08:22:18.910+0000] {logging_mixin.py:190} INFO - [2026-05-28T08:22:18.909+0000] {dag.py:4180} INFO - Setting next_dagrun for example_python_operator to None, run_after=None
[2026-05-28T08:22:18.966+0000] {processor.py:208} INFO - Processing /home/airflow/.local/lib/python3.12/site-packages/airflow/example_dags/example_python_operator.py took 0.210 seconds
[2026-05-28T08:23:05.389+0000] {processor.py:186} INFO - Started process (PID=4537) to work on /home/airflow/.local/lib/python3.12/site-packages/airflow/example_dags/example_python_operator.py
[2026-05-28T08:23:05.392+0000] {processor.py:914} INFO - Processing file /home/airflow/.local/lib/python3.12/site-packages/airflow/example_dags/example_python_operator.py for tasks to queue
[2026-05-28T08:23:05.396+0000] {logging_mixin.py:190} INFO - [2026-05-28T08:23:05.395+0000] {dagbag.py:588} INFO - Filling up the DagBag from /home/airflow/.local/lib/python3.12/site-packages/airflow/example_dags/example_python_operator.py
[2026-05-28T08:23:05.427+0000] {processor.py:925} INFO - DAG(s) 'example_python_operator' retrieved from /home/airflow/.local/lib/python3.12/site-packages/airflow/example_dags/example_python_operator.py
[2026-05-28T08:23:05.497+0000] {logging_mixin.py:190} INFO - [2026-05-28T08:23:05.497+0000] {dag.py:3239} INFO - Sync 1 DAGs
[2026-05-28T08:23:05.533+0000] {logging_mixin.py:190} INFO - [2026-05-28T08:23:05.532+0000] {dag.py:4180} INFO - Setting next_dagrun for example_python_operator to None, run_after=None
[2026-05-28T08:23:05.588+0000] {processor.py:208} INFO - Processing /home/airflow/.local/lib/python3.12/site-packages/airflow/example_dags/example_python_operator.py took 0.217 seconds
[2026-05-28T08:23:54.844+0000] {processor.py:186} INFO - Started process (PID=4599) to work on /home/airflow/.local/lib/python3.12/site-packages/airflow/example_dags/example_python_operator.py
[2026-05-28T08:23:54.847+0000] {processor.py:914} INFO - Processing file /home/airflow/.local/lib/python3.12/site-packages/airflow/example_dags/example_python_operator.py for tasks to queue
[2026-05-28T08:23:54.851+0000] {logging_mixin.py:190} INFO - [2026-05-28T08:23:54.850+0000] {dagbag.py:588} INFO - Filling up the DagBag from /home/airflow/.local/lib/python3.12/site-packages/airflow/example_dags/example_python_operator.py
[2026-05-28T08:23:54.888+0000] {processor.py:925} INFO - DAG(s) 'example_python_operator' retrieved from /home/airflow/.local/lib/python3.12/site-packages/airflow/example_dags/example_python_operator.py
[2026-05-28T08:23:54.957+0000] {logging_mixin.py:190} INFO - [2026-05-28T08:23:54.956+0000] {dag.py:3239} INFO - Sync 1 DAGs
[2026-05-28T08:23:54.996+0000] {logging_mixin.py:190} INFO - [2026-05-28T08:23:54.995+0000] {dag.py:4180} INFO - Setting next_dagrun for example_python_operator to None, run_after=None
[2026-05-28T08:23:55.043+0000] {processor.py:208} INFO - Processing /home/airflow/.local/lib/python3.12/site-packages/airflow/example_dags/example_python_operator.py took 0.212 seconds
[2026-05-28T08:24:47.682+0000] {processor.py:186} INFO - Started process (PID=4677) to work on /home/airflow/.local/lib/python3.12/site-packages/airflow/example_dags/example_python_operator.py
[2026-05-28T08:24:47.684+0000] {processor.py:914} INFO - Processing file /home/airflow/.local/lib/python3.12/site-packages/airflow/example_dags/example_python_operator.py for tasks to queue
[2026-05-28T08:24:47.688+0000] {logging_mixin.py:190} INFO - [2026-05-28T08:24:47.687+0000] {dagbag.py:588} INFO - Filling up the DagBag from /home/airflow/.local/lib/python3.12/site-packages/airflow/example_dags/example_python_operator.py
[2026-05-28T08:24:47.724+0000] {processor.py:925} INFO - DAG(s) 'example_python_operator' retrieved from /home/airflow/.local/lib/python3.12/site-packages/airflow/example_dags/example_python_operator.py
[2026-05-28T08:24:47.802+0000] {logging_mixin.py:190} INFO - [2026-05-28T08:24:47.802+0000] {dag.py:3239} INFO - Sync 1 DAGs
[2026-05-28T08:24:47.843+0000] {logging_mixin.py:190} INFO - [2026-05-28T08:24:47.843+0000] {dag.py:4180} INFO - Setting next_dagrun for example_python_operator to None, run_after=None
[2026-05-28T08:24:47.895+0000] {processor.py:208} INFO - Processing /home/airflow/.local/lib/python3.12/site-packages/airflow/example_dags/example_python_operator.py took 0.227 seconds
[2026-05-28T08:25:35.426+0000] {processor.py:186} INFO - Started process (PID=4746) to work on /home/airflow/.local/lib/python3.12/site-packages/airflow/example_dags/example_python_operator.py
[2026-05-28T08:25:35.430+0000] {processor.py:914} INFO - Processing file /home/airflow/.local/lib/python3.12/site-packages/airflow/example_dags/example_python_operator.py for tasks to queue
[2026-05-28T08:25:35.433+0000] {logging_mixin.py:190} INFO - [2026-05-28T08:25:35.432+0000] {dagbag.py:588} INFO - Filling up the DagBag from /home/airflow/.local/lib/python3.12/site-packages/airflow/example_dags/example_python_operator.py
[2026-05-28T08:25:35.468+0000] {processor.py:925} INFO - DAG(s) 'example_python_operator' retrieved from /home/airflow/.local/lib/python3.12/site-packages/airflow/example_dags/example_python_operator.py
[2026-05-28T08:25:35.538+0000] {logging_mixin.py:190} INFO - [2026-05-28T08:25:35.537+0000] {dag.py:3239} INFO - Sync 1 DAGs
[2026-05-28T08:25:35.570+0000] {logging_mixin.py:190} INFO - [2026-05-28T08:25:35.570+0000] {dag.py:4180} INFO - Setting next_dagrun for example_python_operator to None, run_after=None
[2026-05-28T08:25:35.616+0000] {processor.py:208} INFO - Processing /home/airflow/.local/lib/python3.12/site-packages/airflow/example_dags/example_python_operator.py took 0.205 seconds
[2026-05-28T08:26:22.349+0000] {processor.py:186} INFO - Started process (PID=4819) to work on /home/airflow/.local/lib/python3.12/site-packages/airflow/example_dags/example_python_operator.py
[2026-05-28T08:26:22.353+0000] {processor.py:914} INFO - Processing file /home/airflow/.local/lib/python3.12/site-packages/airflow/example_dags/example_python_operator.py for tasks to queue
[2026-05-28T08:26:22.358+0000] {logging_mixin.py:190} INFO - [2026-05-28T08:26:22.357+0000] {dagbag.py:588} INFO - Filling up the DagBag from /home/airflow/.local/lib/python3.12/site-packages/airflow/example_dags/example_python_operator.py
[2026-05-28T08:26:22.391+0000] {processor.py:925} INFO - DAG(s) 'example_python_operator' retrieved from /home/airflow/.local/lib/python3.12/site-packages/airflow/example_dags/example_python_operator.py
[2026-05-28T08:26:22.464+0000] {logging_mixin.py:190} INFO - [2026-05-28T08:26:22.463+0000] {dag.py:3239} INFO - Sync 1 DAGs
[2026-05-28T08:26:22.509+0000] {logging_mixin.py:190} INFO - [2026-05-28T08:26:22.508+0000] {dag.py:4180} INFO - Setting next_dagrun for example_python_operator to None, run_after=None
[2026-05-28T08:26:22.558+0000] {processor.py:208} INFO - Processing /home/airflow/.local/lib/python3.12/site-packages/airflow/example_dags/example_python_operator.py took 0.238 seconds
[2026-05-28T08:27:13.306+0000] {processor.py:186} INFO - Started process (PID=4892) to work on /home/airflow/.local/lib/python3.12/site-packages/airflow/example_dags/example_python_operator.py
[2026-05-28T08:27:13.308+0000] {processor.py:914} INFO - Processing file /home/airflow/.local/lib/python3.12/site-packages/airflow/example_dags/example_python_operator.py for tasks to queue
[2026-05-28T08:27:13.312+0000] {logging_mixin.py:190} INFO - [2026-05-28T08:27:13.311+0000] {dagbag.py:588} INFO - Filling up the DagBag from /home/airflow/.local/lib/python3.12/site-packages/airflow/example_dags/example_python_operator.py
[2026-05-28T08:27:13.341+0000] {processor.py:925} INFO - DAG(s) 'example_python_operator' retrieved from /home/airflow/.local/lib/python3.12/site-packages/airflow/example_dags/example_python_operator.py
[2026-05-28T08:27:13.423+0000] {logging_mixin.py:190} INFO - [2026-05-28T08:27:13.422+0000] {dag.py:3239} INFO - Sync 1 DAGs
[2026-05-28T08:27:13.457+0000] {logging_mixin.py:190} INFO - [2026-05-28T08:27:13.457+0000] {dag.py:4180} INFO - Setting next_dagrun for example_python_operator to None, run_after=None
[2026-05-28T08:27:13.504+0000] {processor.py:208} INFO - Processing /home/airflow/.local/lib/python3.12/site-packages/airflow/example_dags/example_python_operator.py took 0.212 seconds
[2026-05-28T08:27:52.790+0000] {processor.py:186} INFO - Started process (PID=4955) to work on /home/airflow/.local/lib/python3.12/site-packages/airflow/example_dags/example_python_operator.py
[2026-05-28T08:27:52.792+0000] {processor.py:914} INFO - Processing file /home/airflow/.local/lib/python3.12/site-packages/airflow/example_dags/example_python_operator.py for tasks to queue
[2026-05-28T08:27:52.796+0000] {logging_mixin.py:190} INFO - [2026-05-28T08:27:52.795+0000] {dagbag.py:588} INFO - Filling up the DagBag from /home/airflow/.local/lib/python3.12/site-packages/airflow/example_dags/example_python_operator.py
[2026-05-28T08:27:52.827+0000] {processor.py:925} INFO - DAG(s) 'example_python_operator' retrieved from /home/airflow/.local/lib/python3.12/site-packages/airflow/example_dags/example_python_operator.py
[2026-05-28T08:27:52.897+0000] {logging_mixin.py:190} INFO - [2026-05-28T08:27:52.896+0000] {dag.py:3239} INFO - Sync 1 DAGs
[2026-05-28T08:27:52.937+0000] {logging_mixin.py:190} INFO - [2026-05-28T08:27:52.936+0000] {dag.py:4180} INFO - Setting next_dagrun for example_python_operator to None, run_after=None
[2026-05-28T08:27:52.980+0000] {processor.py:208} INFO - Processing /home/airflow/.local/lib/python3.12/site-packages/airflow/example_dags/example_python_operator.py took 0.206 seconds
[2026-05-28T08:28:46.355+0000] {processor.py:186} INFO - Started process (PID=5024) to work on /home/airflow/.local/lib/python3.12/site-packages/airflow/example_dags/example_python_operator.py
[2026-05-28T08:28:46.367+0000] {processor.py:914} INFO - Processing file /home/airflow/.local/lib/python3.12/site-packages/airflow/example_dags/example_python_operator.py for tasks to queue
[2026-05-28T08:28:46.373+0000] {logging_mixin.py:190} INFO - [2026-05-28T08:28:46.371+0000] {dagbag.py:588} INFO - Filling up the DagBag from /home/airflow/.local/lib/python3.12/site-packages/airflow/example_dags/example_python_operator.py
[2026-05-28T08:28:46.416+0000] {processor.py:925} INFO - DAG(s) 'example_python_operator' retrieved from /home/airflow/.local/lib/python3.12/site-packages/airflow/example_dags/example_python_operator.py
[2026-05-28T08:28:46.528+0000] {logging_mixin.py:190} INFO - [2026-05-28T08:28:46.526+0000] {dag.py:3239} INFO - Sync 1 DAGs
[2026-05-28T08:28:46.598+0000] {logging_mixin.py:190} INFO - [2026-05-28T08:28:46.597+0000] {dag.py:4180} INFO - Setting next_dagrun for example_python_operator to None, run_after=None
[2026-05-28T08:28:46.692+0000] {processor.py:208} INFO - Processing /home/airflow/.local/lib/python3.12/site-packages/airflow/example_dags/example_python_operator.py took 0.361 seconds
[2026-05-28T08:29:31.026+0000] {processor.py:186} INFO - Started process (PID=5093) to work on /home/airflow/.local/lib/python3.12/site-packages/airflow/example_dags/example_python_operator.py
[2026-05-28T08:29:31.028+0000] {processor.py:914} INFO - Processing file /home/airflow/.local/lib/python3.12/site-packages/airflow/example_dags/example_python_operator.py for tasks to queue
[2026-05-28T08:29:31.031+0000] {logging_mixin.py:190} INFO - [2026-05-28T08:29:31.031+0000] {dagbag.py:588} INFO - Filling up the DagBag from /home/airflow/.local/lib/python3.12/site-packages/airflow/example_dags/example_python_operator.py
[2026-05-28T08:29:31.059+0000] {processor.py:925} INFO - DAG(s) 'example_python_operator' retrieved from /home/airflow/.local/lib/python3.12/site-packages/airflow/example_dags/example_python_operator.py
[2026-05-28T08:29:31.119+0000] {logging_mixin.py:190} INFO - [2026-05-28T08:29:31.118+0000] {dag.py:3239} INFO - Sync 1 DAGs
[2026-05-28T08:29:31.150+0000] {logging_mixin.py:190} INFO - [2026-05-28T08:29:31.150+0000] {dag.py:4180} INFO - Setting next_dagrun for example_python_operator to None, run_after=None
[2026-05-28T08:29:31.191+0000] {processor.py:208} INFO - Processing /home/airflow/.local/lib/python3.12/site-packages/airflow/example_dags/example_python_operator.py took 0.179 seconds
[2026-05-28T08:30:32.490+0000] {processor.py:186} INFO - Started process (PID=5171) to work on /home/airflow/.local/lib/python3.12/site-packages/airflow/example_dags/example_python_operator.py
[2026-05-28T08:30:32.494+0000] {processor.py:914} INFO - Processing file /home/airflow/.local/lib/python3.12/site-packages/airflow/example_dags/example_python_operator.py for tasks to queue
[2026-05-28T08:30:32.499+0000] {logging_mixin.py:190} INFO - [2026-05-28T08:30:32.497+0000] {dagbag.py:588} INFO - Filling up the DagBag from /home/airflow/.local/lib/python3.12/site-packages/airflow/example_dags/example_python_operator.py
[2026-05-28T08:30:32.553+0000] {processor.py:925} INFO - DAG(s) 'example_python_operator' retrieved from /home/airflow/.local/lib/python3.12/site-packages/airflow/example_dags/example_python_operator.py
[2026-05-28T08:30:32.650+0000] {logging_mixin.py:190} INFO - [2026-05-28T08:30:32.649+0000] {dag.py:3239} INFO - Sync 1 DAGs
[2026-05-28T08:30:32.686+0000] {logging_mixin.py:190} INFO - [2026-05-28T08:30:32.686+0000] {dag.py:4180} INFO - Setting next_dagrun for example_python_operator to None, run_after=None
[2026-05-28T08:30:32.733+0000] {processor.py:208} INFO - Processing /home/airflow/.local/lib/python3.12/site-packages/airflow/example_dags/example_python_operator.py took 0.266 seconds
[2026-05-28T08:31:29.817+0000] {processor.py:186} INFO - Started process (PID=5239) to work on /home/airflow/.local/lib/python3.12/site-packages/airflow/example_dags/example_python_operator.py
[2026-05-28T08:31:29.820+0000] {processor.py:914} INFO - Processing file /home/airflow/.local/lib/python3.12/site-packages/airflow/example_dags/example_python_operator.py for tasks to queue
[2026-05-28T08:31:29.824+0000] {logging_mixin.py:190} INFO - [2026-05-28T08:31:29.823+0000] {dagbag.py:588} INFO - Filling up the DagBag from /home/airflow/.local/lib/python3.12/site-packages/airflow/example_dags/example_python_operator.py
[2026-05-28T08:31:29.861+0000] {processor.py:925} INFO - DAG(s) 'example_python_operator' retrieved from /home/airflow/.local/lib/python3.12/site-packages/airflow/example_dags/example_python_operator.py
[2026-05-28T08:31:29.921+0000] {logging_mixin.py:190} INFO - [2026-05-28T08:31:29.920+0000] {dag.py:3239} INFO - Sync 1 DAGs
[2026-05-28T08:31:29.955+0000] {logging_mixin.py:190} INFO - [2026-05-28T08:31:29.954+0000] {dag.py:4180} INFO - Setting next_dagrun for example_python_operator to None, run_after=None
[2026-05-28T08:31:30.008+0000] {processor.py:208} INFO - Processing /home/airflow/.local/lib/python3.12/site-packages/airflow/example_dags/example_python_operator.py took 0.204 seconds
[2026-05-28T08:32:20.249+0000] {processor.py:186} INFO - Started process (PID=5317) to work on /home/airflow/.local/lib/python3.12/site-packages/airflow/example_dags/example_python_operator.py
[2026-05-28T08:32:20.251+0000] {processor.py:914} INFO - Processing file /home/airflow/.local/lib/python3.12/site-packages/airflow/example_dags/example_python_operator.py for tasks to queue
[2026-05-28T08:32:20.256+0000] {logging_mixin.py:190} INFO - [2026-05-28T08:32:20.255+0000] {dagbag.py:588} INFO - Filling up the DagBag from /home/airflow/.local/lib/python3.12/site-packages/airflow/example_dags/example_python_operator.py
[2026-05-28T08:32:20.291+0000] {processor.py:925} INFO - DAG(s) 'example_python_operator' retrieved from /home/airflow/.local/lib/python3.12/site-packages/airflow/example_dags/example_python_operator.py
[2026-05-28T08:32:20.359+0000] {logging_mixin.py:190} INFO - [2026-05-28T08:32:20.358+0000] {dag.py:3239} INFO - Sync 1 DAGs
[2026-05-28T08:32:20.400+0000] {logging_mixin.py:190} INFO - [2026-05-28T08:32:20.400+0000] {dag.py:4180} INFO - Setting next_dagrun for example_python_operator to None, run_after=None
[2026-05-28T08:32:20.443+0000] {processor.py:208} INFO - Processing /home/airflow/.local/lib/python3.12/site-packages/airflow/example_dags/example_python_operator.py took 0.210 seconds
[2026-05-28T08:33:00.432+0000] {processor.py:186} INFO - Started process (PID=5381) to work on /home/airflow/.local/lib/python3.12/site-packages/airflow/example_dags/example_python_operator.py
[2026-05-28T08:33:00.434+0000] {processor.py:914} INFO - Processing file /home/airflow/.local/lib/python3.12/site-packages/airflow/example_dags/example_python_operator.py for tasks to queue
[2026-05-28T08:33:00.437+0000] {logging_mixin.py:190} INFO - [2026-05-28T08:33:00.437+0000] {dagbag.py:588} INFO - Filling up the DagBag from /home/airflow/.local/lib/python3.12/site-packages/airflow/example_dags/example_python_operator.py
[2026-05-28T08:33:00.466+0000] {processor.py:925} INFO - DAG(s) 'example_python_operator' retrieved from /home/airflow/.local/lib/python3.12/site-packages/airflow/example_dags/example_python_operator.py
[2026-05-28T08:33:00.527+0000] {logging_mixin.py:190} INFO - [2026-05-28T08:33:00.527+0000] {dag.py:3239} INFO - Sync 1 DAGs
[2026-05-28T08:33:00.566+0000] {logging_mixin.py:190} INFO - [2026-05-28T08:33:00.565+0000] {dag.py:4180} INFO - Setting next_dagrun for example_python_operator to None, run_after=None
[2026-05-28T08:33:00.612+0000] {processor.py:208} INFO - Processing /home/airflow/.local/lib/python3.12/site-packages/airflow/example_dags/example_python_operator.py took 0.196 seconds
[2026-05-28T08:33:47.951+0000] {processor.py:186} INFO - Started process (PID=5457) to work on /home/airflow/.local/lib/python3.12/site-packages/airflow/example_dags/example_python_operator.py
[2026-05-28T08:33:47.954+0000] {processor.py:914} INFO - Processing file /home/airflow/.local/lib/python3.12/site-packages/airflow/example_dags/example_python_operator.py for tasks to queue
[2026-05-28T08:33:47.959+0000] {logging_mixin.py:190} INFO - [2026-05-28T08:33:47.957+0000] {dagbag.py:588} INFO - Filling up the DagBag from /home/airflow/.local/lib/python3.12/site-packages/airflow/example_dags/example_python_operator.py
[2026-05-28T08:33:48.001+0000] {processor.py:925} INFO - DAG(s) 'example_python_operator' retrieved from /home/airflow/.local/lib/python3.12/site-packages/airflow/example_dags/example_python_operator.py
[2026-05-28T08:33:48.098+0000] {logging_mixin.py:190} INFO - [2026-05-28T08:33:48.098+0000] {dag.py:3239} INFO - Sync 1 DAGs
[2026-05-28T08:33:48.155+0000] {logging_mixin.py:190} INFO - [2026-05-28T08:33:48.154+0000] {dag.py:4180} INFO - Setting next_dagrun for example_python_operator to None, run_after=None
[2026-05-28T08:33:48.206+0000] {processor.py:208} INFO - Processing /home/airflow/.local/lib/python3.12/site-packages/airflow/example_dags/example_python_operator.py took 0.273 seconds
[2026-05-28T08:34:33.104+0000] {processor.py:186} INFO - Started process (PID=5525) to work on /home/airflow/.local/lib/python3.12/site-packages/airflow/example_dags/example_python_operator.py
[2026-05-28T08:34:33.107+0000] {processor.py:914} INFO - Processing file /home/airflow/.local/lib/python3.12/site-packages/airflow/example_dags/example_python_operator.py for tasks to queue
[2026-05-28T08:34:33.112+0000] {logging_mixin.py:190} INFO - [2026-05-28T08:34:33.110+0000] {dagbag.py:588} INFO - Filling up the DagBag from /home/airflow/.local/lib/python3.12/site-packages/airflow/example_dags/example_python_operator.py
[2026-05-28T08:34:33.148+0000] {processor.py:925} INFO - DAG(s) 'example_python_operator' retrieved from /home/airflow/.local/lib/python3.12/site-packages/airflow/example_dags/example_python_operator.py
[2026-05-28T08:34:33.212+0000] {logging_mixin.py:190} INFO - [2026-05-28T08:34:33.212+0000] {dag.py:3239} INFO - Sync 1 DAGs
[2026-05-28T08:34:33.253+0000] {logging_mixin.py:190} INFO - [2026-05-28T08:34:33.253+0000] {dag.py:4180} INFO - Setting next_dagrun for example_python_operator to None, run_after=None
[2026-05-28T08:34:33.305+0000] {processor.py:208} INFO - Processing /home/airflow/.local/lib/python3.12/site-packages/airflow/example_dags/example_python_operator.py took 0.217 seconds
[2026-05-28T08:35:17.677+0000] {processor.py:186} INFO - Started process (PID=5587) to work on /home/airflow/.local/lib/python3.12/site-packages/airflow/example_dags/example_python_operator.py
[2026-05-28T08:35:17.680+0000] {processor.py:914} INFO - Processing file /home/airflow/.local/lib/python3.12/site-packages/airflow/example_dags/example_python_operator.py for tasks to queue
[2026-05-28T08:35:17.683+0000] {logging_mixin.py:190} INFO - [2026-05-28T08:35:17.682+0000] {dagbag.py:588} INFO - Filling up the DagBag from /home/airflow/.local/lib/python3.12/site-packages/airflow/example_dags/example_python_operator.py
[2026-05-28T08:35:17.713+0000] {processor.py:925} INFO - DAG(s) 'example_python_operator' retrieved from /home/airflow/.local/lib/python3.12/site-packages/airflow/example_dags/example_python_operator.py
[2026-05-28T08:35:17.776+0000] {logging_mixin.py:190} INFO - [2026-05-28T08:35:17.776+0000] {dag.py:3239} INFO - Sync 1 DAGs
[2026-05-28T08:35:17.814+0000] {logging_mixin.py:190} INFO - [2026-05-28T08:35:17.814+0000] {dag.py:4180} INFO - Setting next_dagrun for example_python_operator to None, run_after=None
[2026-05-28T08:35:17.867+0000] {processor.py:208} INFO - Processing /home/airflow/.local/lib/python3.12/site-packages/airflow/example_dags/example_python_operator.py took 0.207 seconds
[2026-05-28T08:35:57.362+0000] {processor.py:186} INFO - Started process (PID=5649) to work on /home/airflow/.local/lib/python3.12/site-packages/airflow/example_dags/example_python_operator.py
[2026-05-28T08:35:57.363+0000] {processor.py:914} INFO - Processing file /home/airflow/.local/lib/python3.12/site-packages/airflow/example_dags/example_python_operator.py for tasks to queue
[2026-05-28T08:35:57.365+0000] {logging_mixin.py:190} INFO - [2026-05-28T08:35:57.364+0000] {dagbag.py:588} INFO - Filling up the DagBag from /home/airflow/.local/lib/python3.12/site-packages/airflow/example_dags/example_python_operator.py
[2026-05-28T08:35:57.385+0000] {processor.py:925} INFO - DAG(s) 'example_python_operator' retrieved from /home/airflow/.local/lib/python3.12/site-packages/airflow/example_dags/example_python_operator.py
[2026-05-28T08:35:57.420+0000] {logging_mixin.py:190} INFO - [2026-05-28T08:35:57.420+0000] {dag.py:3239} INFO - Sync 1 DAGs
[2026-05-28T08:35:57.439+0000] {logging_mixin.py:190} INFO - [2026-05-28T08:35:57.439+0000] {dag.py:4180} INFO - Setting next_dagrun for example_python_operator to None, run_after=None
[2026-05-28T08:35:57.470+0000] {processor.py:208} INFO - Processing /home/airflow/.local/lib/python3.12/site-packages/airflow/example_dags/example_python_operator.py took 0.115 seconds
[2026-05-28T08:36:33.065+0000] {processor.py:186} INFO - Started process (PID=5710) to work on /home/airflow/.local/lib/python3.12/site-packages/airflow/example_dags/example_python_operator.py
[2026-05-28T08:36:33.068+0000] {processor.py:914} INFO - Processing file /home/airflow/.local/lib/python3.12/site-packages/airflow/example_dags/example_python_operator.py for tasks to queue
[2026-05-28T08:36:33.072+0000] {logging_mixin.py:190} INFO - [2026-05-28T08:36:33.071+0000] {dagbag.py:588} INFO - Filling up the DagBag from /home/airflow/.local/lib/python3.12/site-packages/airflow/example_dags/example_python_operator.py
[2026-05-28T08:36:33.119+0000] {processor.py:925} INFO - DAG(s) 'example_python_operator' retrieved from /home/airflow/.local/lib/python3.12/site-packages/airflow/example_dags/example_python_operator.py
[2026-05-28T08:36:33.214+0000] {logging_mixin.py:190} INFO - [2026-05-28T08:36:33.213+0000] {dag.py:3239} INFO - Sync 1 DAGs
[2026-05-28T08:36:33.260+0000] {logging_mixin.py:190} INFO - [2026-05-28T08:36:33.260+0000] {dag.py:4180} INFO - Setting next_dagrun for example_python_operator to None, run_after=None
[2026-05-28T08:36:33.326+0000] {processor.py:208} INFO - Processing /home/airflow/.local/lib/python3.12/site-packages/airflow/example_dags/example_python_operator.py took 0.280 seconds
[2026-05-28T08:37:34.112+0000] {processor.py:186} INFO - Started process (PID=5777) to work on /home/airflow/.local/lib/python3.12/site-packages/airflow/example_dags/example_python_operator.py
[2026-05-28T08:37:34.115+0000] {processor.py:914} INFO - Processing file /home/airflow/.local/lib/python3.12/site-packages/airflow/example_dags/example_python_operator.py for tasks to queue
[2026-05-28T08:37:34.119+0000] {logging_mixin.py:190} INFO - [2026-05-28T08:37:34.118+0000] {dagbag.py:588} INFO - Filling up the DagBag from /home/airflow/.local/lib/python3.12/site-packages/airflow/example_dags/example_python_operator.py
[2026-05-28T08:37:34.165+0000] {processor.py:925} INFO - DAG(s) 'example_python_operator' retrieved from /home/airflow/.local/lib/python3.12/site-packages/airflow/example_dags/example_python_operator.py
[2026-05-28T08:37:34.250+0000] {logging_mixin.py:190} INFO - [2026-05-28T08:37:34.250+0000] {dag.py:3239} INFO - Sync 1 DAGs
[2026-05-28T08:37:34.294+0000] {logging_mixin.py:190} INFO - [2026-05-28T08:37:34.293+0000] {dag.py:4180} INFO - Setting next_dagrun for example_python_operator to None, run_after=None
[2026-05-28T08:37:34.346+0000] {processor.py:208} INFO - Processing /home/airflow/.local/lib/python3.12/site-packages/airflow/example_dags/example_python_operator.py took 0.249 seconds
[2026-05-28T08:38:42.262+0000] {processor.py:186} INFO - Started process (PID=5856) to work on /home/airflow/.local/lib/python3.12/site-packages/airflow/example_dags/example_python_operator.py
[2026-05-28T08:38:42.266+0000] {processor.py:914} INFO - Processing file /home/airflow/.local/lib/python3.12/site-packages/airflow/example_dags/example_python_operator.py for tasks to queue
[2026-05-28T08:38:42.271+0000] {logging_mixin.py:190} INFO - [2026-05-28T08:38:42.270+0000] {dagbag.py:588} INFO - Filling up the DagBag from /home/airflow/.local/lib/python3.12/site-packages/airflow/example_dags/example_python_operator.py
[2026-05-28T08:38:42.308+0000] {processor.py:925} INFO - DAG(s) 'example_python_operator' retrieved from /home/airflow/.local/lib/python3.12/site-packages/airflow/example_dags/example_python_operator.py
[2026-05-28T08:38:42.393+0000] {logging_mixin.py:190} INFO - [2026-05-28T08:38:42.393+0000] {dag.py:3239} INFO - Sync 1 DAGs
[2026-05-28T08:38:42.444+0000] {logging_mixin.py:190} INFO - [2026-05-28T08:38:42.443+0000] {dag.py:4180} INFO - Setting next_dagrun for example_python_operator to None, run_after=None
[2026-05-28T08:38:42.504+0000] {processor.py:208} INFO - Processing /home/airflow/.local/lib/python3.12/site-packages/airflow/example_dags/example_python_operator.py took 0.259 seconds
[2026-05-28T08:39:55.326+0000] {processor.py:186} INFO - Started process (PID=5936) to work on /home/airflow/.local/lib/python3.12/site-packages/airflow/example_dags/example_python_operator.py
[2026-05-28T08:39:55.334+0000] {processor.py:914} INFO - Processing file /home/airflow/.local/lib/python3.12/site-packages/airflow/example_dags/example_python_operator.py for tasks to queue
[2026-05-28T08:39:55.342+0000] {logging_mixin.py:190} INFO - [2026-05-28T08:39:55.340+0000] {dagbag.py:588} INFO - Filling up the DagBag from /home/airflow/.local/lib/python3.12/site-packages/airflow/example_dags/example_python_operator.py
[2026-05-28T08:39:55.386+0000] {processor.py:925} INFO - DAG(s) 'example_python_operator' retrieved from /home/airflow/.local/lib/python3.12/site-packages/airflow/example_dags/example_python_operator.py
[2026-05-28T08:39:55.534+0000] {logging_mixin.py:190} INFO - [2026-05-28T08:39:55.532+0000] {dag.py:3239} INFO - Sync 1 DAGs
[2026-05-28T08:39:55.625+0000] {logging_mixin.py:190} INFO - [2026-05-28T08:39:55.624+0000] {dag.py:4180} INFO - Setting next_dagrun for example_python_operator to None, run_after=None
[2026-05-28T08:39:55.725+0000] {processor.py:208} INFO - Processing /home/airflow/.local/lib/python3.12/site-packages/airflow/example_dags/example_python_operator.py took 0.437 seconds
[2026-05-28T08:41:12.699+0000] {processor.py:186} INFO - Started process (PID=6026) to work on /home/airflow/.local/lib/python3.12/site-packages/airflow/example_dags/example_python_operator.py
[2026-05-28T08:41:12.703+0000] {processor.py:914} INFO - Processing file /home/airflow/.local/lib/python3.12/site-packages/airflow/example_dags/example_python_operator.py for tasks to queue
[2026-05-28T08:41:12.708+0000] {logging_mixin.py:190} INFO - [2026-05-28T08:41:12.707+0000] {dagbag.py:588} INFO - Filling up the DagBag from /home/airflow/.local/lib/python3.12/site-packages/airflow/example_dags/example_python_operator.py
[2026-05-28T08:41:12.765+0000] {processor.py:925} INFO - DAG(s) 'example_python_operator' retrieved from /home/airflow/.local/lib/python3.12/site-packages/airflow/example_dags/example_python_operator.py
[2026-05-28T08:41:12.920+0000] {logging_mixin.py:190} INFO - [2026-05-28T08:41:12.919+0000] {dag.py:3239} INFO - Sync 1 DAGs
[2026-05-28T08:41:13.011+0000] {logging_mixin.py:190} INFO - [2026-05-28T08:41:13.010+0000] {dag.py:4180} INFO - Setting next_dagrun for example_python_operator to None, run_after=None
[2026-05-28T08:41:13.127+0000] {processor.py:208} INFO - Processing /home/airflow/.local/lib/python3.12/site-packages/airflow/example_dags/example_python_operator.py took 0.465 seconds
[2026-05-28T08:42:22.778+0000] {processor.py:186} INFO - Started process (PID=6104) to work on /home/airflow/.local/lib/python3.12/site-packages/airflow/example_dags/example_python_operator.py
[2026-05-28T08:42:22.783+0000] {processor.py:914} INFO - Processing file /home/airflow/.local/lib/python3.12/site-packages/airflow/example_dags/example_python_operator.py for tasks to queue
[2026-05-28T08:42:22.788+0000] {logging_mixin.py:190} INFO - [2026-05-28T08:42:22.786+0000] {dagbag.py:588} INFO - Filling up the DagBag from /home/airflow/.local/lib/python3.12/site-packages/airflow/example_dags/example_python_operator.py
[2026-05-28T08:42:22.847+0000] {processor.py:925} INFO - DAG(s) 'example_python_operator' retrieved from /home/airflow/.local/lib/python3.12/site-packages/airflow/example_dags/example_python_operator.py
[2026-05-28T08:42:22.999+0000] {logging_mixin.py:190} INFO - [2026-05-28T08:42:22.999+0000] {dag.py:3239} INFO - Sync 1 DAGs
[2026-05-28T08:42:23.100+0000] {logging_mixin.py:190} INFO - [2026-05-28T08:42:23.097+0000] {dag.py:4180} INFO - Setting next_dagrun for example_python_operator to None, run_after=None
[2026-05-28T08:42:23.187+0000] {processor.py:208} INFO - Processing /home/airflow/.local/lib/python3.12/site-packages/airflow/example_dags/example_python_operator.py took 0.433 seconds
[2026-05-28T08:43:37.552+0000] {processor.py:186} INFO - Started process (PID=6193) to work on /home/airflow/.local/lib/python3.12/site-packages/airflow/example_dags/example_python_operator.py
[2026-05-28T08:43:37.557+0000] {processor.py:914} INFO - Processing file /home/airflow/.local/lib/python3.12/site-packages/airflow/example_dags/example_python_operator.py for tasks to queue
[2026-05-28T08:43:37.563+0000] {logging_mixin.py:190} INFO - [2026-05-28T08:43:37.561+0000] {dagbag.py:588} INFO - Filling up the DagBag from /home/airflow/.local/lib/python3.12/site-packages/airflow/example_dags/example_python_operator.py
[2026-05-28T08:43:37.644+0000] {processor.py:925} INFO - DAG(s) 'example_python_operator' retrieved from /home/airflow/.local/lib/python3.12/site-packages/airflow/example_dags/example_python_operator.py
[2026-05-28T08:43:37.767+0000] {logging_mixin.py:190} INFO - [2026-05-28T08:43:37.766+0000] {dag.py:3239} INFO - Sync 1 DAGs
[2026-05-28T08:43:37.811+0000] {logging_mixin.py:190} INFO - [2026-05-28T08:43:37.810+0000] {dag.py:4180} INFO - Setting next_dagrun for example_python_operator to None, run_after=None
[2026-05-28T08:43:37.869+0000] {processor.py:208} INFO - Processing /home/airflow/.local/lib/python3.12/site-packages/airflow/example_dags/example_python_operator.py took 0.344 seconds
[2026-05-28T08:44:52.579+0000] {processor.py:186} INFO - Started process (PID=6275) to work on /home/airflow/.local/lib/python3.12/site-packages/airflow/example_dags/example_python_operator.py
[2026-05-28T08:44:52.582+0000] {processor.py:914} INFO - Processing file /home/airflow/.local/lib/python3.12/site-packages/airflow/example_dags/example_python_operator.py for tasks to queue
[2026-05-28T08:44:52.586+0000] {logging_mixin.py:190} INFO - [2026-05-28T08:44:52.585+0000] {dagbag.py:588} INFO - Filling up the DagBag from /home/airflow/.local/lib/python3.12/site-packages/airflow/example_dags/example_python_operator.py
[2026-05-28T08:44:52.633+0000] {processor.py:925} INFO - DAG(s) 'example_python_operator' retrieved from /home/airflow/.local/lib/python3.12/site-packages/airflow/example_dags/example_python_operator.py
[2026-05-28T08:44:52.721+0000] {logging_mixin.py:190} INFO - [2026-05-28T08:44:52.720+0000] {dag.py:3239} INFO - Sync 1 DAGs
[2026-05-28T08:44:52.775+0000] {logging_mixin.py:190} INFO - [2026-05-28T08:44:52.774+0000] {dag.py:4180} INFO - Setting next_dagrun for example_python_operator to None, run_after=None
[2026-05-28T08:44:52.844+0000] {processor.py:208} INFO - Processing /home/airflow/.local/lib/python3.12/site-packages/airflow/example_dags/example_python_operator.py took 0.282 seconds
[2026-05-28T08:46:11.360+0000] {processor.py:186} INFO - Started process (PID=6361) to work on /home/airflow/.local/lib/python3.12/site-packages/airflow/example_dags/example_python_operator.py
[2026-05-28T08:46:11.364+0000] {processor.py:914} INFO - Processing file /home/airflow/.local/lib/python3.12/site-packages/airflow/example_dags/example_python_operator.py for tasks to queue
[2026-05-28T08:46:11.369+0000] {logging_mixin.py:190} INFO - [2026-05-28T08:46:11.368+0000] {dagbag.py:588} INFO - Filling up the DagBag from /home/airflow/.local/lib/python3.12/site-packages/airflow/example_dags/example_python_operator.py
[2026-05-28T08:46:11.415+0000] {processor.py:925} INFO - DAG(s) 'example_python_operator' retrieved from /home/airflow/.local/lib/python3.12/site-packages/airflow/example_dags/example_python_operator.py
[2026-05-28T08:46:11.515+0000] {logging_mixin.py:190} INFO - [2026-05-28T08:46:11.513+0000] {dag.py:3239} INFO - Sync 1 DAGs
[2026-05-28T08:46:12.057+0000] {logging_mixin.py:190} INFO - [2026-05-28T08:46:12.056+0000] {dag.py:4180} INFO - Setting next_dagrun for example_python_operator to None, run_after=None
[2026-05-28T08:46:12.122+0000] {processor.py:208} INFO - Processing /home/airflow/.local/lib/python3.12/site-packages/airflow/example_dags/example_python_operator.py took 0.784 seconds
[2026-05-28T08:47:24.136+0000] {processor.py:186} INFO - Started process (PID=6442) to work on /home/airflow/.local/lib/python3.12/site-packages/airflow/example_dags/example_python_operator.py
[2026-05-28T08:47:24.140+0000] {processor.py:914} INFO - Processing file /home/airflow/.local/lib/python3.12/site-packages/airflow/example_dags/example_python_operator.py for tasks to queue
[2026-05-28T08:47:24.145+0000] {logging_mixin.py:190} INFO - [2026-05-28T08:47:24.144+0000] {dagbag.py:588} INFO - Filling up the DagBag from /home/airflow/.local/lib/python3.12/site-packages/airflow/example_dags/example_python_operator.py
[2026-05-28T08:47:24.186+0000] {processor.py:925} INFO - DAG(s) 'example_python_operator' retrieved from /home/airflow/.local/lib/python3.12/site-packages/airflow/example_dags/example_python_operator.py
[2026-05-28T08:47:24.267+0000] {logging_mixin.py:190} INFO - [2026-05-28T08:47:24.266+0000] {dag.py:3239} INFO - Sync 1 DAGs
[2026-05-28T08:47:24.794+0000] {logging_mixin.py:190} INFO - [2026-05-28T08:47:24.793+0000] {dag.py:4180} INFO - Setting next_dagrun for example_python_operator to None, run_after=None
[2026-05-28T08:47:24.856+0000] {processor.py:208} INFO - Processing /home/airflow/.local/lib/python3.12/site-packages/airflow/example_dags/example_python_operator.py took 0.739 seconds
[2026-05-28T08:48:54.823+0000] {processor.py:186} INFO - Started process (PID=6534) to work on /home/airflow/.local/lib/python3.12/site-packages/airflow/example_dags/example_python_operator.py
[2026-05-28T08:48:54.826+0000] {processor.py:914} INFO - Processing file /home/airflow/.local/lib/python3.12/site-packages/airflow/example_dags/example_python_operator.py for tasks to queue
[2026-05-28T08:48:54.830+0000] {logging_mixin.py:190} INFO - [2026-05-28T08:48:54.829+0000] {dagbag.py:588} INFO - Filling up the DagBag from /home/airflow/.local/lib/python3.12/site-packages/airflow/example_dags/example_python_operator.py
[2026-05-28T08:48:54.870+0000] {processor.py:925} INFO - DAG(s) 'example_python_operator' retrieved from /home/airflow/.local/lib/python3.12/site-packages/airflow/example_dags/example_python_operator.py
[2026-05-28T08:48:55.526+0000] {logging_mixin.py:190} INFO - [2026-05-28T08:48:55.525+0000] {dag.py:3239} INFO - Sync 1 DAGs
[2026-05-28T08:48:55.613+0000] {logging_mixin.py:190} INFO - [2026-05-28T08:48:55.612+0000] {dag.py:4180} INFO - Setting next_dagrun for example_python_operator to None, run_after=None
[2026-05-28T08:48:55.737+0000] {processor.py:208} INFO - Processing /home/airflow/.local/lib/python3.12/site-packages/airflow/example_dags/example_python_operator.py took 0.931 seconds
[2026-05-28T08:50:07.730+0000] {processor.py:186} INFO - Started process (PID=6616) to work on /home/airflow/.local/lib/python3.12/site-packages/airflow/example_dags/example_python_operator.py
[2026-05-28T08:50:07.737+0000] {processor.py:914} INFO - Processing file /home/airflow/.local/lib/python3.12/site-packages/airflow/example_dags/example_python_operator.py for tasks to queue
[2026-05-28T08:50:07.744+0000] {logging_mixin.py:190} INFO - [2026-05-28T08:50:07.742+0000] {dagbag.py:588} INFO - Filling up the DagBag from /home/airflow/.local/lib/python3.12/site-packages/airflow/example_dags/example_python_operator.py
[2026-05-28T08:50:07.803+0000] {processor.py:925} INFO - DAG(s) 'example_python_operator' retrieved from /home/airflow/.local/lib/python3.12/site-packages/airflow/example_dags/example_python_operator.py
[2026-05-28T08:50:07.956+0000] {logging_mixin.py:190} INFO - [2026-05-28T08:50:07.955+0000] {dag.py:3239} INFO - Sync 1 DAGs
[2026-05-28T08:50:08.053+0000] {logging_mixin.py:190} INFO - [2026-05-28T08:50:08.052+0000] {dag.py:4180} INFO - Setting next_dagrun for example_python_operator to None, run_after=None
[2026-05-28T08:50:08.120+0000] {processor.py:208} INFO - Processing /home/airflow/.local/lib/python3.12/site-packages/airflow/example_dags/example_python_operator.py took 0.421 seconds
[2026-05-28T08:51:12.444+0000] {processor.py:186} INFO - Started process (PID=6693) to work on /home/airflow/.local/lib/python3.12/site-packages/airflow/example_dags/example_python_operator.py
[2026-05-28T08:51:12.446+0000] {processor.py:914} INFO - Processing file /home/airflow/.local/lib/python3.12/site-packages/airflow/example_dags/example_python_operator.py for tasks to queue
[2026-05-28T08:51:12.451+0000] {logging_mixin.py:190} INFO - [2026-05-28T08:51:12.450+0000] {dagbag.py:588} INFO - Filling up the DagBag from /home/airflow/.local/lib/python3.12/site-packages/airflow/example_dags/example_python_operator.py
[2026-05-28T08:51:12.500+0000] {processor.py:925} INFO - DAG(s) 'example_python_operator' retrieved from /home/airflow/.local/lib/python3.12/site-packages/airflow/example_dags/example_python_operator.py
[2026-05-28T08:51:12.587+0000] {logging_mixin.py:190} INFO - [2026-05-28T08:51:12.586+0000] {dag.py:3239} INFO - Sync 1 DAGs
[2026-05-28T08:51:12.647+0000] {logging_mixin.py:190} INFO - [2026-05-28T08:51:12.646+0000] {dag.py:4180} INFO - Setting next_dagrun for example_python_operator to None, run_after=None
[2026-05-28T08:51:12.707+0000] {processor.py:208} INFO - Processing /home/airflow/.local/lib/python3.12/site-packages/airflow/example_dags/example_python_operator.py took 0.286 seconds
[2026-05-28T08:52:18.086+0000] {processor.py:186} INFO - Started process (PID=6761) to work on /home/airflow/.local/lib/python3.12/site-packages/airflow/example_dags/example_python_operator.py
[2026-05-28T08:52:18.093+0000] {processor.py:914} INFO - Processing file /home/airflow/.local/lib/python3.12/site-packages/airflow/example_dags/example_python_operator.py for tasks to queue
[2026-05-28T08:52:18.102+0000] {logging_mixin.py:190} INFO - [2026-05-28T08:52:18.097+0000] {dagbag.py:588} INFO - Filling up the DagBag from /home/airflow/.local/lib/python3.12/site-packages/airflow/example_dags/example_python_operator.py
[2026-05-28T08:52:18.193+0000] {processor.py:925} INFO - DAG(s) 'example_python_operator' retrieved from /home/airflow/.local/lib/python3.12/site-packages/airflow/example_dags/example_python_operator.py
[2026-05-28T08:52:18.333+0000] {logging_mixin.py:190} INFO - [2026-05-28T08:52:18.332+0000] {dag.py:3239} INFO - Sync 1 DAGs
[2026-05-28T08:52:18.402+0000] {logging_mixin.py:190} INFO - [2026-05-28T08:52:18.401+0000] {dag.py:4180} INFO - Setting next_dagrun for example_python_operator to None, run_after=None
[2026-05-28T08:52:18.469+0000] {processor.py:208} INFO - Processing /home/airflow/.local/lib/python3.12/site-packages/airflow/example_dags/example_python_operator.py took 0.419 seconds
[2026-05-28T08:53:27.907+0000] {processor.py:186} INFO - Started process (PID=6846) to work on /home/airflow/.local/lib/python3.12/site-packages/airflow/example_dags/example_python_operator.py
[2026-05-28T08:53:27.930+0000] {processor.py:914} INFO - Processing file /home/airflow/.local/lib/python3.12/site-packages/airflow/example_dags/example_python_operator.py for tasks to queue
[2026-05-28T08:53:27.940+0000] {logging_mixin.py:190} INFO - [2026-05-28T08:53:27.935+0000] {dagbag.py:588} INFO - Filling up the DagBag from /home/airflow/.local/lib/python3.12/site-packages/airflow/example_dags/example_python_operator.py
[2026-05-28T08:53:28.016+0000] {processor.py:925} INFO - DAG(s) 'example_python_operator' retrieved from /home/airflow/.local/lib/python3.12/site-packages/airflow/example_dags/example_python_operator.py
[2026-05-28T08:53:28.166+0000] {logging_mixin.py:190} INFO - [2026-05-28T08:53:28.163+0000] {dag.py:3239} INFO - Sync 1 DAGs
[2026-05-28T08:53:28.269+0000] {logging_mixin.py:190} INFO - [2026-05-28T08:53:28.268+0000] {dag.py:4180} INFO - Setting next_dagrun for example_python_operator to None, run_after=None
[2026-05-28T08:53:28.325+0000] {processor.py:208} INFO - Processing /home/airflow/.local/lib/python3.12/site-packages/airflow/example_dags/example_python_operator.py took 0.460 seconds
[2026-05-28T08:54:27.194+0000] {processor.py:186} INFO - Started process (PID=6913) to work on /home/airflow/.local/lib/python3.12/site-packages/airflow/example_dags/example_python_operator.py
[2026-05-28T08:54:27.197+0000] {processor.py:914} INFO - Processing file /home/airflow/.local/lib/python3.12/site-packages/airflow/example_dags/example_python_operator.py for tasks to queue
[2026-05-28T08:54:27.201+0000] {logging_mixin.py:190} INFO - [2026-05-28T08:54:27.200+0000] {dagbag.py:588} INFO - Filling up the DagBag from /home/airflow/.local/lib/python3.12/site-packages/airflow/example_dags/example_python_operator.py
[2026-05-28T08:54:27.239+0000] {processor.py:925} INFO - DAG(s) 'example_python_operator' retrieved from /home/airflow/.local/lib/python3.12/site-packages/airflow/example_dags/example_python_operator.py
[2026-05-28T08:54:27.328+0000] {logging_mixin.py:190} INFO - [2026-05-28T08:54:27.328+0000] {dag.py:3239} INFO - Sync 1 DAGs
[2026-05-28T08:54:27.372+0000] {logging_mixin.py:190} INFO - [2026-05-28T08:54:27.371+0000] {dag.py:4180} INFO - Setting next_dagrun for example_python_operator to None, run_after=None
[2026-05-28T08:54:27.434+0000] {processor.py:208} INFO - Processing /home/airflow/.local/lib/python3.12/site-packages/airflow/example_dags/example_python_operator.py took 0.268 seconds
[2026-05-28T08:55:54.395+0000] {processor.py:186} INFO - Started process (PID=7004) to work on /home/airflow/.local/lib/python3.12/site-packages/airflow/example_dags/example_python_operator.py
[2026-05-28T08:55:54.397+0000] {processor.py:914} INFO - Processing file /home/airflow/.local/lib/python3.12/site-packages/airflow/example_dags/example_python_operator.py for tasks to queue
[2026-05-28T08:55:54.403+0000] {logging_mixin.py:190} INFO - [2026-05-28T08:55:54.401+0000] {dagbag.py:588} INFO - Filling up the DagBag from /home/airflow/.local/lib/python3.12/site-packages/airflow/example_dags/example_python_operator.py
[2026-05-28T08:55:54.439+0000] {processor.py:925} INFO - DAG(s) 'example_python_operator' retrieved from /home/airflow/.local/lib/python3.12/site-packages/airflow/example_dags/example_python_operator.py
[2026-05-28T08:55:54.517+0000] {logging_mixin.py:190} INFO - [2026-05-28T08:55:54.516+0000] {dag.py:3239} INFO - Sync 1 DAGs
[2026-05-28T08:55:54.558+0000] {logging_mixin.py:190} INFO - [2026-05-28T08:55:54.558+0000] {dag.py:4180} INFO - Setting next_dagrun for example_python_operator to None, run_after=None
[2026-05-28T08:55:54.616+0000] {processor.py:208} INFO - Processing /home/airflow/.local/lib/python3.12/site-packages/airflow/example_dags/example_python_operator.py took 0.238 seconds
[2026-05-28T08:57:04.906+0000] {processor.py:186} INFO - Started process (PID=7081) to work on /home/airflow/.local/lib/python3.12/site-packages/airflow/example_dags/example_python_operator.py
[2026-05-28T08:57:04.909+0000] {processor.py:914} INFO - Processing file /home/airflow/.local/lib/python3.12/site-packages/airflow/example_dags/example_python_operator.py for tasks to queue
[2026-05-28T08:57:04.913+0000] {logging_mixin.py:190} INFO - [2026-05-28T08:57:04.912+0000] {dagbag.py:588} INFO - Filling up the DagBag from /home/airflow/.local/lib/python3.12/site-packages/airflow/example_dags/example_python_operator.py
[2026-05-28T08:57:04.982+0000] {processor.py:925} INFO - DAG(s) 'example_python_operator' retrieved from /home/airflow/.local/lib/python3.12/site-packages/airflow/example_dags/example_python_operator.py
[2026-05-28T08:57:05.074+0000] {logging_mixin.py:190} INFO - [2026-05-28T08:57:05.073+0000] {dag.py:3239} INFO - Sync 1 DAGs
[2026-05-28T08:57:05.120+0000] {logging_mixin.py:190} INFO - [2026-05-28T08:57:05.120+0000] {dag.py:4180} INFO - Setting next_dagrun for example_python_operator to None, run_after=None
[2026-05-28T08:57:05.188+0000] {processor.py:208} INFO - Processing /home/airflow/.local/lib/python3.12/site-packages/airflow/example_dags/example_python_operator.py took 0.304 seconds
[2026-05-28T08:58:05.525+0000] {processor.py:186} INFO - Started process (PID=7162) to work on /home/airflow/.local/lib/python3.12/site-packages/airflow/example_dags/example_python_operator.py
[2026-05-28T08:58:05.528+0000] {processor.py:914} INFO - Processing file /home/airflow/.local/lib/python3.12/site-packages/airflow/example_dags/example_python_operator.py for tasks to queue
[2026-05-28T08:58:05.531+0000] {logging_mixin.py:190} INFO - [2026-05-28T08:58:05.531+0000] {dagbag.py:588} INFO - Filling up the DagBag from /home/airflow/.local/lib/python3.12/site-packages/airflow/example_dags/example_python_operator.py
[2026-05-28T08:58:05.566+0000] {processor.py:925} INFO - DAG(s) 'example_python_operator' retrieved from /home/airflow/.local/lib/python3.12/site-packages/airflow/example_dags/example_python_operator.py
[2026-05-28T08:58:05.652+0000] {logging_mixin.py:190} INFO - [2026-05-28T08:58:05.651+0000] {dag.py:3239} INFO - Sync 1 DAGs
[2026-05-28T08:58:05.700+0000] {logging_mixin.py:190} INFO - [2026-05-28T08:58:05.699+0000] {dag.py:4180} INFO - Setting next_dagrun for example_python_operator to None, run_after=None
[2026-05-28T08:58:05.796+0000] {processor.py:208} INFO - Processing /home/airflow/.local/lib/python3.12/site-packages/airflow/example_dags/example_python_operator.py took 0.289 seconds
[2026-05-28T08:59:09.525+0000] {processor.py:186} INFO - Started process (PID=7231) to work on /home/airflow/.local/lib/python3.12/site-packages/airflow/example_dags/example_python_operator.py
[2026-05-28T08:59:09.529+0000] {processor.py:914} INFO - Processing file /home/airflow/.local/lib/python3.12/site-packages/airflow/example_dags/example_python_operator.py for tasks to queue
[2026-05-28T08:59:09.533+0000] {logging_mixin.py:190} INFO - [2026-05-28T08:59:09.532+0000] {dagbag.py:588} INFO - Filling up the DagBag from /home/airflow/.local/lib/python3.12/site-packages/airflow/example_dags/example_python_operator.py
[2026-05-28T08:59:09.570+0000] {processor.py:925} INFO - DAG(s) 'example_python_operator' retrieved from /home/airflow/.local/lib/python3.12/site-packages/airflow/example_dags/example_python_operator.py
[2026-05-28T08:59:09.668+0000] {logging_mixin.py:190} INFO - [2026-05-28T08:59:09.667+0000] {dag.py:3239} INFO - Sync 1 DAGs
[2026-05-28T08:59:09.732+0000] {logging_mixin.py:190} INFO - [2026-05-28T08:59:09.731+0000] {dag.py:4180} INFO - Setting next_dagrun for example_python_operator to None, run_after=None
[2026-05-28T08:59:09.798+0000] {processor.py:208} INFO - Processing /home/airflow/.local/lib/python3.12/site-packages/airflow/example_dags/example_python_operator.py took 0.289 seconds
[2026-05-28T09:00:12.636+0000] {processor.py:186} INFO - Started process (PID=7313) to work on /home/airflow/.local/lib/python3.12/site-packages/airflow/example_dags/example_python_operator.py
[2026-05-28T09:00:12.639+0000] {processor.py:914} INFO - Processing file /home/airflow/.local/lib/python3.12/site-packages/airflow/example_dags/example_python_operator.py for tasks to queue
[2026-05-28T09:00:12.643+0000] {logging_mixin.py:190} INFO - [2026-05-28T09:00:12.642+0000] {dagbag.py:588} INFO - Filling up the DagBag from /home/airflow/.local/lib/python3.12/site-packages/airflow/example_dags/example_python_operator.py
[2026-05-28T09:00:12.684+0000] {processor.py:925} INFO - DAG(s) 'example_python_operator' retrieved from /home/airflow/.local/lib/python3.12/site-packages/airflow/example_dags/example_python_operator.py
[2026-05-28T09:00:12.751+0000] {logging_mixin.py:190} INFO - [2026-05-28T09:00:12.751+0000] {dag.py:3239} INFO - Sync 1 DAGs
[2026-05-28T09:00:12.801+0000] {logging_mixin.py:190} INFO - [2026-05-28T09:00:12.800+0000] {dag.py:4180} INFO - Setting next_dagrun for example_python_operator to None, run_after=None
[2026-05-28T09:00:12.850+0000] {processor.py:208} INFO - Processing /home/airflow/.local/lib/python3.12/site-packages/airflow/example_dags/example_python_operator.py took 0.231 seconds
[2026-05-28T09:01:14.277+0000] {processor.py:186} INFO - Started process (PID=7393) to work on /home/airflow/.local/lib/python3.12/site-packages/airflow/example_dags/example_python_operator.py
[2026-05-28T09:01:14.280+0000] {processor.py:914} INFO - Processing file /home/airflow/.local/lib/python3.12/site-packages/airflow/example_dags/example_python_operator.py for tasks to queue
[2026-05-28T09:01:14.284+0000] {logging_mixin.py:190} INFO - [2026-05-28T09:01:14.283+0000] {dagbag.py:588} INFO - Filling up the DagBag from /home/airflow/.local/lib/python3.12/site-packages/airflow/example_dags/example_python_operator.py
[2026-05-28T09:01:14.324+0000] {processor.py:925} INFO - DAG(s) 'example_python_operator' retrieved from /home/airflow/.local/lib/python3.12/site-packages/airflow/example_dags/example_python_operator.py
[2026-05-28T09:01:14.395+0000] {logging_mixin.py:190} INFO - [2026-05-28T09:01:14.395+0000] {dag.py:3239} INFO - Sync 1 DAGs
[2026-05-28T09:01:14.437+0000] {logging_mixin.py:190} INFO - [2026-05-28T09:01:14.437+0000] {dag.py:4180} INFO - Setting next_dagrun for example_python_operator to None, run_after=None
[2026-05-28T09:01:14.494+0000] {processor.py:208} INFO - Processing /home/airflow/.local/lib/python3.12/site-packages/airflow/example_dags/example_python_operator.py took 0.236 seconds
[2026-05-28T09:02:12.428+0000] {processor.py:186} INFO - Started process (PID=7449) to work on /home/airflow/.local/lib/python3.12/site-packages/airflow/example_dags/example_python_operator.py
[2026-05-28T09:02:12.431+0000] {processor.py:914} INFO - Processing file /home/airflow/.local/lib/python3.12/site-packages/airflow/example_dags/example_python_operator.py for tasks to queue
[2026-05-28T09:02:12.435+0000] {logging_mixin.py:190} INFO - [2026-05-28T09:02:12.434+0000] {dagbag.py:588} INFO - Filling up the DagBag from /home/airflow/.local/lib/python3.12/site-packages/airflow/example_dags/example_python_operator.py
[2026-05-28T09:02:12.470+0000] {processor.py:925} INFO - DAG(s) 'example_python_operator' retrieved from /home/airflow/.local/lib/python3.12/site-packages/airflow/example_dags/example_python_operator.py
[2026-05-28T09:02:12.537+0000] {logging_mixin.py:190} INFO - [2026-05-28T09:02:12.536+0000] {dag.py:3239} INFO - Sync 1 DAGs
[2026-05-28T09:02:12.582+0000] {logging_mixin.py:190} INFO - [2026-05-28T09:02:12.581+0000] {dag.py:4180} INFO - Setting next_dagrun for example_python_operator to None, run_after=None
[2026-05-28T09:02:12.644+0000] {processor.py:208} INFO - Processing /home/airflow/.local/lib/python3.12/site-packages/airflow/example_dags/example_python_operator.py took 0.231 seconds
[2026-05-28T09:03:13.527+0000] {processor.py:186} INFO - Started process (PID=7545) to work on /home/airflow/.local/lib/python3.12/site-packages/airflow/example_dags/example_python_operator.py
[2026-05-28T09:03:13.530+0000] {processor.py:914} INFO - Processing file /home/airflow/.local/lib/python3.12/site-packages/airflow/example_dags/example_python_operator.py for tasks to queue
[2026-05-28T09:03:13.533+0000] {logging_mixin.py:190} INFO - [2026-05-28T09:03:13.532+0000] {dagbag.py:588} INFO - Filling up the DagBag from /home/airflow/.local/lib/python3.12/site-packages/airflow/example_dags/example_python_operator.py
[2026-05-28T09:03:13.567+0000] {processor.py:925} INFO - DAG(s) 'example_python_operator' retrieved from /home/airflow/.local/lib/python3.12/site-packages/airflow/example_dags/example_python_operator.py
[2026-05-28T09:03:13.639+0000] {logging_mixin.py:190} INFO - [2026-05-28T09:03:13.639+0000] {dag.py:3239} INFO - Sync 1 DAGs
[2026-05-28T09:03:13.677+0000] {logging_mixin.py:190} INFO - [2026-05-28T09:03:13.676+0000] {dag.py:4180} INFO - Setting next_dagrun for example_python_operator to None, run_after=None
[2026-05-28T09:03:13.737+0000] {processor.py:208} INFO - Processing /home/airflow/.local/lib/python3.12/site-packages/airflow/example_dags/example_python_operator.py took 0.226 seconds
[2026-05-28T09:04:01.316+0000] {processor.py:186} INFO - Started process (PID=7612) to work on /home/airflow/.local/lib/python3.12/site-packages/airflow/example_dags/example_python_operator.py
[2026-05-28T09:04:01.319+0000] {processor.py:914} INFO - Processing file /home/airflow/.local/lib/python3.12/site-packages/airflow/example_dags/example_python_operator.py for tasks to queue
[2026-05-28T09:04:01.324+0000] {logging_mixin.py:190} INFO - [2026-05-28T09:04:01.322+0000] {dagbag.py:588} INFO - Filling up the DagBag from /home/airflow/.local/lib/python3.12/site-packages/airflow/example_dags/example_python_operator.py
[2026-05-28T09:04:01.363+0000] {processor.py:925} INFO - DAG(s) 'example_python_operator' retrieved from /home/airflow/.local/lib/python3.12/site-packages/airflow/example_dags/example_python_operator.py
[2026-05-28T09:04:01.458+0000] {logging_mixin.py:190} INFO - [2026-05-28T09:04:01.457+0000] {dag.py:3239} INFO - Sync 1 DAGs
[2026-05-28T09:04:01.506+0000] {logging_mixin.py:190} INFO - [2026-05-28T09:04:01.506+0000] {dag.py:4180} INFO - Setting next_dagrun for example_python_operator to None, run_after=None
[2026-05-28T09:04:01.572+0000] {processor.py:208} INFO - Processing /home/airflow/.local/lib/python3.12/site-packages/airflow/example_dags/example_python_operator.py took 0.273 seconds
[2026-05-28T09:04:52.519+0000] {processor.py:186} INFO - Started process (PID=7683) to work on /home/airflow/.local/lib/python3.12/site-packages/airflow/example_dags/example_python_operator.py
[2026-05-28T09:04:52.522+0000] {processor.py:914} INFO - Processing file /home/airflow/.local/lib/python3.12/site-packages/airflow/example_dags/example_python_operator.py for tasks to queue
[2026-05-28T09:04:52.527+0000] {logging_mixin.py:190} INFO - [2026-05-28T09:04:52.525+0000] {dagbag.py:588} INFO - Filling up the DagBag from /home/airflow/.local/lib/python3.12/site-packages/airflow/example_dags/example_python_operator.py
[2026-05-28T09:04:52.560+0000] {processor.py:925} INFO - DAG(s) 'example_python_operator' retrieved from /home/airflow/.local/lib/python3.12/site-packages/airflow/example_dags/example_python_operator.py
[2026-05-28T09:04:52.634+0000] {logging_mixin.py:190} INFO - [2026-05-28T09:04:52.633+0000] {dag.py:3239} INFO - Sync 1 DAGs
[2026-05-28T09:04:52.677+0000] {logging_mixin.py:190} INFO - [2026-05-28T09:04:52.676+0000] {dag.py:4180} INFO - Setting next_dagrun for example_python_operator to None, run_after=None
[2026-05-28T09:04:52.720+0000] {processor.py:208} INFO - Processing /home/airflow/.local/lib/python3.12/site-packages/airflow/example_dags/example_python_operator.py took 0.221 seconds
[2026-05-28T09:05:44.769+0000] {processor.py:186} INFO - Started process (PID=7756) to work on /home/airflow/.local/lib/python3.12/site-packages/airflow/example_dags/example_python_operator.py
[2026-05-28T09:05:44.771+0000] {processor.py:914} INFO - Processing file /home/airflow/.local/lib/python3.12/site-packages/airflow/example_dags/example_python_operator.py for tasks to queue
[2026-05-28T09:05:44.775+0000] {logging_mixin.py:190} INFO - [2026-05-28T09:05:44.774+0000] {dagbag.py:588} INFO - Filling up the DagBag from /home/airflow/.local/lib/python3.12/site-packages/airflow/example_dags/example_python_operator.py
[2026-05-28T09:05:44.805+0000] {processor.py:925} INFO - DAG(s) 'example_python_operator' retrieved from /home/airflow/.local/lib/python3.12/site-packages/airflow/example_dags/example_python_operator.py
[2026-05-28T09:05:44.872+0000] {logging_mixin.py:190} INFO - [2026-05-28T09:05:44.872+0000] {dag.py:3239} INFO - Sync 1 DAGs
[2026-05-28T09:05:44.910+0000] {logging_mixin.py:190} INFO - [2026-05-28T09:05:44.909+0000] {dag.py:4180} INFO - Setting next_dagrun for example_python_operator to None, run_after=None
[2026-05-28T09:05:44.954+0000] {processor.py:208} INFO - Processing /home/airflow/.local/lib/python3.12/site-packages/airflow/example_dags/example_python_operator.py took 0.199 seconds
[2026-05-28T09:06:42.524+0000] {processor.py:186} INFO - Started process (PID=7834) to work on /home/airflow/.local/lib/python3.12/site-packages/airflow/example_dags/example_python_operator.py
[2026-05-28T09:06:42.527+0000] {processor.py:914} INFO - Processing file /home/airflow/.local/lib/python3.12/site-packages/airflow/example_dags/example_python_operator.py for tasks to queue
[2026-05-28T09:06:42.531+0000] {logging_mixin.py:190} INFO - [2026-05-28T09:06:42.530+0000] {dagbag.py:588} INFO - Filling up the DagBag from /home/airflow/.local/lib/python3.12/site-packages/airflow/example_dags/example_python_operator.py
[2026-05-28T09:06:42.569+0000] {processor.py:925} INFO - DAG(s) 'example_python_operator' retrieved from /home/airflow/.local/lib/python3.12/site-packages/airflow/example_dags/example_python_operator.py
[2026-05-28T09:06:42.647+0000] {logging_mixin.py:190} INFO - [2026-05-28T09:06:42.646+0000] {dag.py:3239} INFO - Sync 1 DAGs
[2026-05-28T09:06:42.701+0000] {logging_mixin.py:190} INFO - [2026-05-28T09:06:42.700+0000] {dag.py:4180} INFO - Setting next_dagrun for example_python_operator to None, run_after=None
[2026-05-28T09:06:42.764+0000] {processor.py:208} INFO - Processing /home/airflow/.local/lib/python3.12/site-packages/airflow/example_dags/example_python_operator.py took 0.278 seconds
[2026-05-28T09:07:39.031+0000] {processor.py:186} INFO - Started process (PID=7902) to work on /home/airflow/.local/lib/python3.12/site-packages/airflow/example_dags/example_python_operator.py
[2026-05-28T09:07:39.033+0000] {processor.py:914} INFO - Processing file /home/airflow/.local/lib/python3.12/site-packages/airflow/example_dags/example_python_operator.py for tasks to queue
[2026-05-28T09:07:39.037+0000] {logging_mixin.py:190} INFO - [2026-05-28T09:07:39.036+0000] {dagbag.py:588} INFO - Filling up the DagBag from /home/airflow/.local/lib/python3.12/site-packages/airflow/example_dags/example_python_operator.py
[2026-05-28T09:07:39.072+0000] {processor.py:925} INFO - DAG(s) 'example_python_operator' retrieved from /home/airflow/.local/lib/python3.12/site-packages/airflow/example_dags/example_python_operator.py
[2026-05-28T09:07:39.146+0000] {logging_mixin.py:190} INFO - [2026-05-28T09:07:39.146+0000] {dag.py:3239} INFO - Sync 1 DAGs
[2026-05-28T09:07:39.188+0000] {logging_mixin.py:190} INFO - [2026-05-28T09:07:39.187+0000] {dag.py:4180} INFO - Setting next_dagrun for example_python_operator to None, run_after=None
[2026-05-28T09:07:39.233+0000] {processor.py:208} INFO - Processing /home/airflow/.local/lib/python3.12/site-packages/airflow/example_dags/example_python_operator.py took 0.220 seconds
[2026-05-28T09:08:35.731+0000] {processor.py:186} INFO - Started process (PID=7985) to work on /home/airflow/.local/lib/python3.12/site-packages/airflow/example_dags/example_python_operator.py
[2026-05-28T09:08:35.734+0000] {processor.py:914} INFO - Processing file /home/airflow/.local/lib/python3.12/site-packages/airflow/example_dags/example_python_operator.py for tasks to queue
[2026-05-28T09:08:35.738+0000] {logging_mixin.py:190} INFO - [2026-05-28T09:08:35.737+0000] {dagbag.py:588} INFO - Filling up the DagBag from /home/airflow/.local/lib/python3.12/site-packages/airflow/example_dags/example_python_operator.py
[2026-05-28T09:08:35.773+0000] {processor.py:925} INFO - DAG(s) 'example_python_operator' retrieved from /home/airflow/.local/lib/python3.12/site-packages/airflow/example_dags/example_python_operator.py
[2026-05-28T09:08:35.847+0000] {logging_mixin.py:190} INFO - [2026-05-28T09:08:35.847+0000] {dag.py:3239} INFO - Sync 1 DAGs
[2026-05-28T09:08:35.882+0000] {logging_mixin.py:190} INFO - [2026-05-28T09:08:35.882+0000] {dag.py:4180} INFO - Setting next_dagrun for example_python_operator to None, run_after=None
[2026-05-28T09:08:35.937+0000] {processor.py:208} INFO - Processing /home/airflow/.local/lib/python3.12/site-packages/airflow/example_dags/example_python_operator.py took 0.226 seconds
[2026-05-28T09:09:43.375+0000] {processor.py:186} INFO - Started process (PID=8068) to work on /home/airflow/.local/lib/python3.12/site-packages/airflow/example_dags/example_python_operator.py
[2026-05-28T09:09:43.378+0000] {processor.py:914} INFO - Processing file /home/airflow/.local/lib/python3.12/site-packages/airflow/example_dags/example_python_operator.py for tasks to queue
[2026-05-28T09:09:43.382+0000] {logging_mixin.py:190} INFO - [2026-05-28T09:09:43.381+0000] {dagbag.py:588} INFO - Filling up the DagBag from /home/airflow/.local/lib/python3.12/site-packages/airflow/example_dags/example_python_operator.py
[2026-05-28T09:09:43.416+0000] {processor.py:925} INFO - DAG(s) 'example_python_operator' retrieved from /home/airflow/.local/lib/python3.12/site-packages/airflow/example_dags/example_python_operator.py
[2026-05-28T09:09:43.484+0000] {logging_mixin.py:190} INFO - [2026-05-28T09:09:43.483+0000] {dag.py:3239} INFO - Sync 1 DAGs
[2026-05-28T09:09:43.517+0000] {logging_mixin.py:190} INFO - [2026-05-28T09:09:43.516+0000] {dag.py:4180} INFO - Setting next_dagrun for example_python_operator to None, run_after=None
[2026-05-28T09:09:43.559+0000] {processor.py:208} INFO - Processing /home/airflow/.local/lib/python3.12/site-packages/airflow/example_dags/example_python_operator.py took 0.202 seconds
[2026-05-28T09:10:31.288+0000] {processor.py:186} INFO - Started process (PID=8137) to work on /home/airflow/.local/lib/python3.12/site-packages/airflow/example_dags/example_python_operator.py
[2026-05-28T09:10:31.291+0000] {processor.py:914} INFO - Processing file /home/airflow/.local/lib/python3.12/site-packages/airflow/example_dags/example_python_operator.py for tasks to queue
[2026-05-28T09:10:31.294+0000] {logging_mixin.py:190} INFO - [2026-05-28T09:10:31.293+0000] {dagbag.py:588} INFO - Filling up the DagBag from /home/airflow/.local/lib/python3.12/site-packages/airflow/example_dags/example_python_operator.py
[2026-05-28T09:10:31.325+0000] {processor.py:925} INFO - DAG(s) 'example_python_operator' retrieved from /home/airflow/.local/lib/python3.12/site-packages/airflow/example_dags/example_python_operator.py
[2026-05-28T09:10:31.401+0000] {logging_mixin.py:190} INFO - [2026-05-28T09:10:31.400+0000] {dag.py:3239} INFO - Sync 1 DAGs
[2026-05-28T09:10:31.439+0000] {logging_mixin.py:190} INFO - [2026-05-28T09:10:31.439+0000] {dag.py:4180} INFO - Setting next_dagrun for example_python_operator to None, run_after=None
[2026-05-28T09:10:31.485+0000] {processor.py:208} INFO - Processing /home/airflow/.local/lib/python3.12/site-packages/airflow/example_dags/example_python_operator.py took 0.210 seconds
[2026-05-28T09:11:24.004+0000] {processor.py:186} INFO - Started process (PID=8218) to work on /home/airflow/.local/lib/python3.12/site-packages/airflow/example_dags/example_python_operator.py
[2026-05-28T09:11:24.007+0000] {processor.py:914} INFO - Processing file /home/airflow/.local/lib/python3.12/site-packages/airflow/example_dags/example_python_operator.py for tasks to queue
[2026-05-28T09:11:24.012+0000] {logging_mixin.py:190} INFO - [2026-05-28T09:11:24.011+0000] {dagbag.py:588} INFO - Filling up the DagBag from /home/airflow/.local/lib/python3.12/site-packages/airflow/example_dags/example_python_operator.py
[2026-05-28T09:11:24.049+0000] {processor.py:925} INFO - DAG(s) 'example_python_operator' retrieved from /home/airflow/.local/lib/python3.12/site-packages/airflow/example_dags/example_python_operator.py
[2026-05-28T09:11:24.124+0000] {logging_mixin.py:190} INFO - [2026-05-28T09:11:24.124+0000] {dag.py:3239} INFO - Sync 1 DAGs
[2026-05-28T09:11:24.170+0000] {logging_mixin.py:190} INFO - [2026-05-28T09:11:24.169+0000] {dag.py:4180} INFO - Setting next_dagrun for example_python_operator to None, run_after=None
[2026-05-28T09:11:24.230+0000] {processor.py:208} INFO - Processing /home/airflow/.local/lib/python3.12/site-packages/airflow/example_dags/example_python_operator.py took 0.241 seconds
[2026-05-28T09:12:12.434+0000] {processor.py:186} INFO - Started process (PID=8290) to work on /home/airflow/.local/lib/python3.12/site-packages/airflow/example_dags/example_python_operator.py
[2026-05-28T09:12:12.437+0000] {processor.py:914} INFO - Processing file /home/airflow/.local/lib/python3.12/site-packages/airflow/example_dags/example_python_operator.py for tasks to queue
[2026-05-28T09:12:12.441+0000] {logging_mixin.py:190} INFO - [2026-05-28T09:12:12.440+0000] {dagbag.py:588} INFO - Filling up the DagBag from /home/airflow/.local/lib/python3.12/site-packages/airflow/example_dags/example_python_operator.py
[2026-05-28T09:12:12.469+0000] {processor.py:925} INFO - DAG(s) 'example_python_operator' retrieved from /home/airflow/.local/lib/python3.12/site-packages/airflow/example_dags/example_python_operator.py
[2026-05-28T09:12:12.530+0000] {logging_mixin.py:190} INFO - [2026-05-28T09:12:12.530+0000] {dag.py:3239} INFO - Sync 1 DAGs
[2026-05-28T09:12:12.563+0000] {logging_mixin.py:190} INFO - [2026-05-28T09:12:12.563+0000] {dag.py:4180} INFO - Setting next_dagrun for example_python_operator to None, run_after=None
[2026-05-28T09:12:12.606+0000] {processor.py:208} INFO - Processing /home/airflow/.local/lib/python3.12/site-packages/airflow/example_dags/example_python_operator.py took 0.187 seconds
[2026-05-28T09:13:03.264+0000] {processor.py:186} INFO - Started process (PID=8359) to work on /home/airflow/.local/lib/python3.12/site-packages/airflow/example_dags/example_python_operator.py
[2026-05-28T09:13:03.266+0000] {processor.py:914} INFO - Processing file /home/airflow/.local/lib/python3.12/site-packages/airflow/example_dags/example_python_operator.py for tasks to queue
[2026-05-28T09:13:03.269+0000] {logging_mixin.py:190} INFO - [2026-05-28T09:13:03.268+0000] {dagbag.py:588} INFO - Filling up the DagBag from /home/airflow/.local/lib/python3.12/site-packages/airflow/example_dags/example_python_operator.py
[2026-05-28T09:13:03.298+0000] {processor.py:925} INFO - DAG(s) 'example_python_operator' retrieved from /home/airflow/.local/lib/python3.12/site-packages/airflow/example_dags/example_python_operator.py
[2026-05-28T09:13:03.360+0000] {logging_mixin.py:190} INFO - [2026-05-28T09:13:03.360+0000] {dag.py:3239} INFO - Sync 1 DAGs
[2026-05-28T09:13:03.394+0000] {logging_mixin.py:190} INFO - [2026-05-28T09:13:03.394+0000] {dag.py:4180} INFO - Setting next_dagrun for example_python_operator to None, run_after=None
[2026-05-28T09:13:03.436+0000] {processor.py:208} INFO - Processing /home/airflow/.local/lib/python3.12/site-packages/airflow/example_dags/example_python_operator.py took 0.187 seconds
[2026-05-28T09:13:56.203+0000] {processor.py:186} INFO - Started process (PID=8427) to work on /home/airflow/.local/lib/python3.12/site-packages/airflow/example_dags/example_python_operator.py
[2026-05-28T09:13:56.208+0000] {processor.py:914} INFO - Processing file /home/airflow/.local/lib/python3.12/site-packages/airflow/example_dags/example_python_operator.py for tasks to queue
[2026-05-28T09:13:56.214+0000] {logging_mixin.py:190} INFO - [2026-05-28T09:13:56.212+0000] {dagbag.py:588} INFO - Filling up the DagBag from /home/airflow/.local/lib/python3.12/site-packages/airflow/example_dags/example_python_operator.py
[2026-05-28T09:13:56.273+0000] {processor.py:925} INFO - DAG(s) 'example_python_operator' retrieved from /home/airflow/.local/lib/python3.12/site-packages/airflow/example_dags/example_python_operator.py
[2026-05-28T09:13:56.358+0000] {logging_mixin.py:190} INFO - [2026-05-28T09:13:56.357+0000] {dag.py:3239} INFO - Sync 1 DAGs
[2026-05-28T09:13:56.405+0000] {logging_mixin.py:190} INFO - [2026-05-28T09:13:56.404+0000] {dag.py:4180} INFO - Setting next_dagrun for example_python_operator to None, run_after=None
[2026-05-28T09:13:56.458+0000] {processor.py:208} INFO - Processing /home/airflow/.local/lib/python3.12/site-packages/airflow/example_dags/example_python_operator.py took 0.282 seconds
[2026-05-28T09:14:50.818+0000] {processor.py:186} INFO - Started process (PID=8498) to work on /home/airflow/.local/lib/python3.12/site-packages/airflow/example_dags/example_python_operator.py
[2026-05-28T09:14:50.821+0000] {processor.py:914} INFO - Processing file /home/airflow/.local/lib/python3.12/site-packages/airflow/example_dags/example_python_operator.py for tasks to queue
[2026-05-28T09:14:50.824+0000] {logging_mixin.py:190} INFO - [2026-05-28T09:14:50.823+0000] {dagbag.py:588} INFO - Filling up the DagBag from /home/airflow/.local/lib/python3.12/site-packages/airflow/example_dags/example_python_operator.py
[2026-05-28T09:14:50.860+0000] {processor.py:925} INFO - DAG(s) 'example_python_operator' retrieved from /home/airflow/.local/lib/python3.12/site-packages/airflow/example_dags/example_python_operator.py
[2026-05-28T09:14:50.922+0000] {logging_mixin.py:190} INFO - [2026-05-28T09:14:50.922+0000] {dag.py:3239} INFO - Sync 1 DAGs
[2026-05-28T09:14:50.981+0000] {logging_mixin.py:190} INFO - [2026-05-28T09:14:50.980+0000] {dag.py:4180} INFO - Setting next_dagrun for example_python_operator to None, run_after=None
[2026-05-28T09:14:51.036+0000] {processor.py:208} INFO - Processing /home/airflow/.local/lib/python3.12/site-packages/airflow/example_dags/example_python_operator.py took 0.232 seconds
[2026-05-28T09:15:50.463+0000] {processor.py:186} INFO - Started process (PID=8556) to work on /home/airflow/.local/lib/python3.12/site-packages/airflow/example_dags/example_python_operator.py
[2026-05-28T09:15:50.467+0000] {processor.py:914} INFO - Processing file /home/airflow/.local/lib/python3.12/site-packages/airflow/example_dags/example_python_operator.py for tasks to queue
[2026-05-28T09:15:50.471+0000] {logging_mixin.py:190} INFO - [2026-05-28T09:15:50.470+0000] {dagbag.py:588} INFO - Filling up the DagBag from /home/airflow/.local/lib/python3.12/site-packages/airflow/example_dags/example_python_operator.py
[2026-05-28T09:15:50.510+0000] {processor.py:925} INFO - DAG(s) 'example_python_operator' retrieved from /home/airflow/.local/lib/python3.12/site-packages/airflow/example_dags/example_python_operator.py
[2026-05-28T09:15:50.578+0000] {logging_mixin.py:190} INFO - [2026-05-28T09:15:50.578+0000] {dag.py:3239} INFO - Sync 1 DAGs
[2026-05-28T09:15:50.625+0000] {logging_mixin.py:190} INFO - [2026-05-28T09:15:50.624+0000] {dag.py:4180} INFO - Setting next_dagrun for example_python_operator to None, run_after=None
[2026-05-28T09:15:50.678+0000] {processor.py:208} INFO - Processing /home/airflow/.local/lib/python3.12/site-packages/airflow/example_dags/example_python_operator.py took 0.234 seconds
[2026-05-28T09:16:51.740+0000] {processor.py:186} INFO - Started process (PID=8645) to work on /home/airflow/.local/lib/python3.12/site-packages/airflow/example_dags/example_python_operator.py
[2026-05-28T09:16:51.743+0000] {processor.py:914} INFO - Processing file /home/airflow/.local/lib/python3.12/site-packages/airflow/example_dags/example_python_operator.py for tasks to queue
[2026-05-28T09:16:51.749+0000] {logging_mixin.py:190} INFO - [2026-05-28T09:16:51.748+0000] {dagbag.py:588} INFO - Filling up the DagBag from /home/airflow/.local/lib/python3.12/site-packages/airflow/example_dags/example_python_operator.py
[2026-05-28T09:16:51.784+0000] {processor.py:925} INFO - DAG(s) 'example_python_operator' retrieved from /home/airflow/.local/lib/python3.12/site-packages/airflow/example_dags/example_python_operator.py
[2026-05-28T09:16:51.860+0000] {logging_mixin.py:190} INFO - [2026-05-28T09:16:51.859+0000] {dag.py:3239} INFO - Sync 1 DAGs
[2026-05-28T09:16:51.906+0000] {logging_mixin.py:190} INFO - [2026-05-28T09:16:51.905+0000] {dag.py:4180} INFO - Setting next_dagrun for example_python_operator to None, run_after=None
[2026-05-28T09:16:52.041+0000] {processor.py:208} INFO - Processing /home/airflow/.local/lib/python3.12/site-packages/airflow/example_dags/example_python_operator.py took 0.325 seconds
[2026-05-28T09:18:03.491+0000] {processor.py:186} INFO - Started process (PID=8724) to work on /home/airflow/.local/lib/python3.12/site-packages/airflow/example_dags/example_python_operator.py
[2026-05-28T09:18:03.493+0000] {processor.py:914} INFO - Processing file /home/airflow/.local/lib/python3.12/site-packages/airflow/example_dags/example_python_operator.py for tasks to queue
[2026-05-28T09:18:03.497+0000] {logging_mixin.py:190} INFO - [2026-05-28T09:18:03.496+0000] {dagbag.py:588} INFO - Filling up the DagBag from /home/airflow/.local/lib/python3.12/site-packages/airflow/example_dags/example_python_operator.py
[2026-05-28T09:18:03.542+0000] {processor.py:925} INFO - DAG(s) 'example_python_operator' retrieved from /home/airflow/.local/lib/python3.12/site-packages/airflow/example_dags/example_python_operator.py
[2026-05-28T09:18:03.615+0000] {logging_mixin.py:190} INFO - [2026-05-28T09:18:03.614+0000] {dag.py:3239} INFO - Sync 1 DAGs
[2026-05-28T09:18:03.654+0000] {logging_mixin.py:190} INFO - [2026-05-28T09:18:03.653+0000] {dag.py:4180} INFO - Setting next_dagrun for example_python_operator to None, run_after=None
[2026-05-28T09:18:03.701+0000] {processor.py:208} INFO - Processing /home/airflow/.local/lib/python3.12/site-packages/airflow/example_dags/example_python_operator.py took 0.227 seconds
[2026-05-28T09:19:09.861+0000] {processor.py:186} INFO - Started process (PID=8802) to work on /home/airflow/.local/lib/python3.12/site-packages/airflow/example_dags/example_python_operator.py
[2026-05-28T09:19:09.864+0000] {processor.py:914} INFO - Processing file /home/airflow/.local/lib/python3.12/site-packages/airflow/example_dags/example_python_operator.py for tasks to queue
[2026-05-28T09:19:09.868+0000] {logging_mixin.py:190} INFO - [2026-05-28T09:19:09.867+0000] {dagbag.py:588} INFO - Filling up the DagBag from /home/airflow/.local/lib/python3.12/site-packages/airflow/example_dags/example_python_operator.py
[2026-05-28T09:19:09.900+0000] {processor.py:925} INFO - DAG(s) 'example_python_operator' retrieved from /home/airflow/.local/lib/python3.12/site-packages/airflow/example_dags/example_python_operator.py
[2026-05-28T09:19:09.969+0000] {logging_mixin.py:190} INFO - [2026-05-28T09:19:09.969+0000] {dag.py:3239} INFO - Sync 1 DAGs
[2026-05-28T09:19:10.011+0000] {logging_mixin.py:190} INFO - [2026-05-28T09:19:10.011+0000] {dag.py:4180} INFO - Setting next_dagrun for example_python_operator to None, run_after=None
[2026-05-28T09:19:10.059+0000] {processor.py:208} INFO - Processing /home/airflow/.local/lib/python3.12/site-packages/airflow/example_dags/example_python_operator.py took 0.214 seconds
[2026-05-28T09:20:04.169+0000] {processor.py:186} INFO - Started process (PID=8893) to work on /home/airflow/.local/lib/python3.12/site-packages/airflow/example_dags/example_python_operator.py
[2026-05-28T09:20:04.171+0000] {processor.py:914} INFO - Processing file /home/airflow/.local/lib/python3.12/site-packages/airflow/example_dags/example_python_operator.py for tasks to queue
[2026-05-28T09:20:04.174+0000] {logging_mixin.py:190} INFO - [2026-05-28T09:20:04.173+0000] {dagbag.py:588} INFO - Filling up the DagBag from /home/airflow/.local/lib/python3.12/site-packages/airflow/example_dags/example_python_operator.py
[2026-05-28T09:20:04.201+0000] {processor.py:925} INFO - DAG(s) 'example_python_operator' retrieved from /home/airflow/.local/lib/python3.12/site-packages/airflow/example_dags/example_python_operator.py
[2026-05-28T09:20:04.259+0000] {logging_mixin.py:190} INFO - [2026-05-28T09:20:04.258+0000] {dag.py:3239} INFO - Sync 1 DAGs
[2026-05-28T09:20:04.298+0000] {logging_mixin.py:190} INFO - [2026-05-28T09:20:04.298+0000] {dag.py:4180} INFO - Setting next_dagrun for example_python_operator to None, run_after=None
[2026-05-28T09:20:04.341+0000] {processor.py:208} INFO - Processing /home/airflow/.local/lib/python3.12/site-packages/airflow/example_dags/example_python_operator.py took 0.188 seconds
[2026-05-28T09:21:05.924+0000] {processor.py:186} INFO - Started process (PID=8983) to work on /home/airflow/.local/lib/python3.12/site-packages/airflow/example_dags/example_python_operator.py
[2026-05-28T09:21:05.927+0000] {processor.py:914} INFO - Processing file /home/airflow/.local/lib/python3.12/site-packages/airflow/example_dags/example_python_operator.py for tasks to queue
[2026-05-28T09:21:05.930+0000] {logging_mixin.py:190} INFO - [2026-05-28T09:21:05.929+0000] {dagbag.py:588} INFO - Filling up the DagBag from /home/airflow/.local/lib/python3.12/site-packages/airflow/example_dags/example_python_operator.py
[2026-05-28T09:21:05.971+0000] {processor.py:925} INFO - DAG(s) 'example_python_operator' retrieved from /home/airflow/.local/lib/python3.12/site-packages/airflow/example_dags/example_python_operator.py
[2026-05-28T09:21:06.039+0000] {logging_mixin.py:190} INFO - [2026-05-28T09:21:06.039+0000] {dag.py:3239} INFO - Sync 1 DAGs
[2026-05-28T09:21:06.073+0000] {logging_mixin.py:190} INFO - [2026-05-28T09:21:06.072+0000] {dag.py:4180} INFO - Setting next_dagrun for example_python_operator to None, run_after=None
[2026-05-28T09:21:06.118+0000] {processor.py:208} INFO - Processing /home/airflow/.local/lib/python3.12/site-packages/airflow/example_dags/example_python_operator.py took 0.208 seconds
[2026-05-28T09:21:49.247+0000] {processor.py:186} INFO - Started process (PID=9045) to work on /home/airflow/.local/lib/python3.12/site-packages/airflow/example_dags/example_python_operator.py
[2026-05-28T09:21:49.251+0000] {processor.py:914} INFO - Processing file /home/airflow/.local/lib/python3.12/site-packages/airflow/example_dags/example_python_operator.py for tasks to queue
[2026-05-28T09:21:49.262+0000] {logging_mixin.py:190} INFO - [2026-05-28T09:21:49.259+0000] {dagbag.py:588} INFO - Filling up the DagBag from /home/airflow/.local/lib/python3.12/site-packages/airflow/example_dags/example_python_operator.py
[2026-05-28T09:21:49.327+0000] {processor.py:925} INFO - DAG(s) 'example_python_operator' retrieved from /home/airflow/.local/lib/python3.12/site-packages/airflow/example_dags/example_python_operator.py
[2026-05-28T09:21:49.458+0000] {logging_mixin.py:190} INFO - [2026-05-28T09:21:49.455+0000] {dag.py:3239} INFO - Sync 1 DAGs
[2026-05-28T09:21:49.567+0000] {logging_mixin.py:190} INFO - [2026-05-28T09:21:49.566+0000] {dag.py:4180} INFO - Setting next_dagrun for example_python_operator to None, run_after=None
[2026-05-28T09:21:49.627+0000] {processor.py:208} INFO - Processing /home/airflow/.local/lib/python3.12/site-packages/airflow/example_dags/example_python_operator.py took 0.403 seconds
[2026-05-28T09:22:42.660+0000] {processor.py:186} INFO - Started process (PID=9118) to work on /home/airflow/.local/lib/python3.12/site-packages/airflow/example_dags/example_python_operator.py
[2026-05-28T09:22:42.663+0000] {processor.py:914} INFO - Processing file /home/airflow/.local/lib/python3.12/site-packages/airflow/example_dags/example_python_operator.py for tasks to queue
[2026-05-28T09:22:42.669+0000] {logging_mixin.py:190} INFO - [2026-05-28T09:22:42.668+0000] {dagbag.py:588} INFO - Filling up the DagBag from /home/airflow/.local/lib/python3.12/site-packages/airflow/example_dags/example_python_operator.py
[2026-05-28T09:22:42.722+0000] {processor.py:925} INFO - DAG(s) 'example_python_operator' retrieved from /home/airflow/.local/lib/python3.12/site-packages/airflow/example_dags/example_python_operator.py
[2026-05-28T09:22:42.817+0000] {logging_mixin.py:190} INFO - [2026-05-28T09:22:42.816+0000] {dag.py:3239} INFO - Sync 1 DAGs
[2026-05-28T09:22:42.865+0000] {logging_mixin.py:190} INFO - [2026-05-28T09:22:42.865+0000] {dag.py:4180} INFO - Setting next_dagrun for example_python_operator to None, run_after=None
[2026-05-28T09:22:42.924+0000] {processor.py:208} INFO - Processing /home/airflow/.local/lib/python3.12/site-packages/airflow/example_dags/example_python_operator.py took 0.280 seconds
[2026-05-28T09:23:34.498+0000] {processor.py:186} INFO - Started process (PID=9186) to work on /home/airflow/.local/lib/python3.12/site-packages/airflow/example_dags/example_python_operator.py
[2026-05-28T09:23:34.500+0000] {processor.py:914} INFO - Processing file /home/airflow/.local/lib/python3.12/site-packages/airflow/example_dags/example_python_operator.py for tasks to queue
[2026-05-28T09:23:34.503+0000] {logging_mixin.py:190} INFO - [2026-05-28T09:23:34.503+0000] {dagbag.py:588} INFO - Filling up the DagBag from /home/airflow/.local/lib/python3.12/site-packages/airflow/example_dags/example_python_operator.py
[2026-05-28T09:23:34.531+0000] {processor.py:925} INFO - DAG(s) 'example_python_operator' retrieved from /home/airflow/.local/lib/python3.12/site-packages/airflow/example_dags/example_python_operator.py
[2026-05-28T09:23:34.594+0000] {logging_mixin.py:190} INFO - [2026-05-28T09:23:34.593+0000] {dag.py:3239} INFO - Sync 1 DAGs
[2026-05-28T09:23:34.625+0000] {logging_mixin.py:190} INFO - [2026-05-28T09:23:34.624+0000] {dag.py:4180} INFO - Setting next_dagrun for example_python_operator to None, run_after=None
[2026-05-28T09:23:34.667+0000] {processor.py:208} INFO - Processing /home/airflow/.local/lib/python3.12/site-packages/airflow/example_dags/example_python_operator.py took 0.181 seconds
[2026-05-28T09:24:22.753+0000] {processor.py:186} INFO - Started process (PID=9260) to work on /home/airflow/.local/lib/python3.12/site-packages/airflow/example_dags/example_python_operator.py
[2026-05-28T09:24:22.756+0000] {processor.py:914} INFO - Processing file /home/airflow/.local/lib/python3.12/site-packages/airflow/example_dags/example_python_operator.py for tasks to queue
[2026-05-28T09:24:22.760+0000] {logging_mixin.py:190} INFO - [2026-05-28T09:24:22.759+0000] {dagbag.py:588} INFO - Filling up the DagBag from /home/airflow/.local/lib/python3.12/site-packages/airflow/example_dags/example_python_operator.py
[2026-05-28T09:24:22.794+0000] {processor.py:925} INFO - DAG(s) 'example_python_operator' retrieved from /home/airflow/.local/lib/python3.12/site-packages/airflow/example_dags/example_python_operator.py
[2026-05-28T09:24:22.861+0000] {logging_mixin.py:190} INFO - [2026-05-28T09:24:22.860+0000] {dag.py:3239} INFO - Sync 1 DAGs
[2026-05-28T09:24:22.898+0000] {logging_mixin.py:190} INFO - [2026-05-28T09:24:22.898+0000] {dag.py:4180} INFO - Setting next_dagrun for example_python_operator to None, run_after=None
[2026-05-28T09:24:22.944+0000] {processor.py:208} INFO - Processing /home/airflow/.local/lib/python3.12/site-packages/airflow/example_dags/example_python_operator.py took 0.220 seconds
[2026-05-28T09:25:06.908+0000] {processor.py:186} INFO - Started process (PID=9334) to work on /home/airflow/.local/lib/python3.12/site-packages/airflow/example_dags/example_python_operator.py
[2026-05-28T09:25:06.911+0000] {processor.py:914} INFO - Processing file /home/airflow/.local/lib/python3.12/site-packages/airflow/example_dags/example_python_operator.py for tasks to queue
[2026-05-28T09:25:06.914+0000] {logging_mixin.py:190} INFO - [2026-05-28T09:25:06.913+0000] {dagbag.py:588} INFO - Filling up the DagBag from /home/airflow/.local/lib/python3.12/site-packages/airflow/example_dags/example_python_operator.py
[2026-05-28T09:25:06.951+0000] {processor.py:925} INFO - DAG(s) 'example_python_operator' retrieved from /home/airflow/.local/lib/python3.12/site-packages/airflow/example_dags/example_python_operator.py
[2026-05-28T09:25:07.025+0000] {logging_mixin.py:190} INFO - [2026-05-28T09:25:07.025+0000] {dag.py:3239} INFO - Sync 1 DAGs
[2026-05-28T09:25:07.064+0000] {logging_mixin.py:190} INFO - [2026-05-28T09:25:07.064+0000] {dag.py:4180} INFO - Setting next_dagrun for example_python_operator to None, run_after=None
[2026-05-28T09:25:07.105+0000] {processor.py:208} INFO - Processing /home/airflow/.local/lib/python3.12/site-packages/airflow/example_dags/example_python_operator.py took 0.215 seconds
[2026-05-28T09:25:50.610+0000] {processor.py:186} INFO - Started process (PID=9419) to work on /home/airflow/.local/lib/python3.12/site-packages/airflow/example_dags/example_python_operator.py
[2026-05-28T09:25:50.612+0000] {processor.py:914} INFO - Processing file /home/airflow/.local/lib/python3.12/site-packages/airflow/example_dags/example_python_operator.py for tasks to queue
[2026-05-28T09:25:50.617+0000] {logging_mixin.py:190} INFO - [2026-05-28T09:25:50.616+0000] {dagbag.py:588} INFO - Filling up the DagBag from /home/airflow/.local/lib/python3.12/site-packages/airflow/example_dags/example_python_operator.py
[2026-05-28T09:25:50.649+0000] {processor.py:925} INFO - DAG(s) 'example_python_operator' retrieved from /home/airflow/.local/lib/python3.12/site-packages/airflow/example_dags/example_python_operator.py
[2026-05-28T09:25:50.728+0000] {logging_mixin.py:190} INFO - [2026-05-28T09:25:50.728+0000] {dag.py:3239} INFO - Sync 1 DAGs
[2026-05-28T09:25:50.774+0000] {logging_mixin.py:190} INFO - [2026-05-28T09:25:50.773+0000] {dag.py:4180} INFO - Setting next_dagrun for example_python_operator to None, run_after=None
[2026-05-28T09:25:50.825+0000] {processor.py:208} INFO - Processing /home/airflow/.local/lib/python3.12/site-packages/airflow/example_dags/example_python_operator.py took 0.231 seconds
[2026-05-28T09:26:40.568+0000] {processor.py:186} INFO - Started process (PID=9487) to work on /home/airflow/.local/lib/python3.12/site-packages/airflow/example_dags/example_python_operator.py
[2026-05-28T09:26:40.570+0000] {processor.py:914} INFO - Processing file /home/airflow/.local/lib/python3.12/site-packages/airflow/example_dags/example_python_operator.py for tasks to queue
[2026-05-28T09:26:40.574+0000] {logging_mixin.py:190} INFO - [2026-05-28T09:26:40.573+0000] {dagbag.py:588} INFO - Filling up the DagBag from /home/airflow/.local/lib/python3.12/site-packages/airflow/example_dags/example_python_operator.py
[2026-05-28T09:26:40.625+0000] {processor.py:925} INFO - DAG(s) 'example_python_operator' retrieved from /home/airflow/.local/lib/python3.12/site-packages/airflow/example_dags/example_python_operator.py
[2026-05-28T09:26:40.691+0000] {logging_mixin.py:190} INFO - [2026-05-28T09:26:40.690+0000] {dag.py:3239} INFO - Sync 1 DAGs
[2026-05-28T09:26:40.731+0000] {logging_mixin.py:190} INFO - [2026-05-28T09:26:40.730+0000] {dag.py:4180} INFO - Setting next_dagrun for example_python_operator to None, run_after=None
[2026-05-28T09:26:40.791+0000] {processor.py:208} INFO - Processing /home/airflow/.local/lib/python3.12/site-packages/airflow/example_dags/example_python_operator.py took 0.238 seconds
[2026-05-28T09:27:22.581+0000] {processor.py:186} INFO - Started process (PID=9582) to work on /home/airflow/.local/lib/python3.12/site-packages/airflow/example_dags/example_python_operator.py
[2026-05-28T09:27:22.584+0000] {processor.py:914} INFO - Processing file /home/airflow/.local/lib/python3.12/site-packages/airflow/example_dags/example_python_operator.py for tasks to queue
[2026-05-28T09:27:22.588+0000] {logging_mixin.py:190} INFO - [2026-05-28T09:27:22.587+0000] {dagbag.py:588} INFO - Filling up the DagBag from /home/airflow/.local/lib/python3.12/site-packages/airflow/example_dags/example_python_operator.py
[2026-05-28T09:27:22.625+0000] {processor.py:925} INFO - DAG(s) 'example_python_operator' retrieved from /home/airflow/.local/lib/python3.12/site-packages/airflow/example_dags/example_python_operator.py
[2026-05-28T09:27:22.700+0000] {logging_mixin.py:190} INFO - [2026-05-28T09:27:22.699+0000] {dag.py:3239} INFO - Sync 1 DAGs
[2026-05-28T09:27:22.744+0000] {logging_mixin.py:190} INFO - [2026-05-28T09:27:22.743+0000] {dag.py:4180} INFO - Setting next_dagrun for example_python_operator to None, run_after=None
[2026-05-28T09:27:22.803+0000] {processor.py:208} INFO - Processing /home/airflow/.local/lib/python3.12/site-packages/airflow/example_dags/example_python_operator.py took 0.239 seconds
[2026-05-28T09:28:07.124+0000] {processor.py:186} INFO - Started process (PID=9666) to work on /home/airflow/.local/lib/python3.12/site-packages/airflow/example_dags/example_python_operator.py
[2026-05-28T09:28:07.126+0000] {processor.py:914} INFO - Processing file /home/airflow/.local/lib/python3.12/site-packages/airflow/example_dags/example_python_operator.py for tasks to queue
[2026-05-28T09:28:07.129+0000] {logging_mixin.py:190} INFO - [2026-05-28T09:28:07.128+0000] {dagbag.py:588} INFO - Filling up the DagBag from /home/airflow/.local/lib/python3.12/site-packages/airflow/example_dags/example_python_operator.py
[2026-05-28T09:28:07.159+0000] {processor.py:925} INFO - DAG(s) 'example_python_operator' retrieved from /home/airflow/.local/lib/python3.12/site-packages/airflow/example_dags/example_python_operator.py
[2026-05-28T09:28:07.228+0000] {logging_mixin.py:190} INFO - [2026-05-28T09:28:07.228+0000] {dag.py:3239} INFO - Sync 1 DAGs
[2026-05-28T09:28:07.263+0000] {logging_mixin.py:190} INFO - [2026-05-28T09:28:07.262+0000] {dag.py:4180} INFO - Setting next_dagrun for example_python_operator to None, run_after=None
[2026-05-28T09:28:07.307+0000] {processor.py:208} INFO - Processing /home/airflow/.local/lib/python3.12/site-packages/airflow/example_dags/example_python_operator.py took 0.197 seconds
[2026-05-28T09:29:11.489+0000] {processor.py:186} INFO - Started process (PID=9736) to work on /home/airflow/.local/lib/python3.12/site-packages/airflow/example_dags/example_python_operator.py
[2026-05-28T09:29:11.492+0000] {processor.py:914} INFO - Processing file /home/airflow/.local/lib/python3.12/site-packages/airflow/example_dags/example_python_operator.py for tasks to queue
[2026-05-28T09:29:11.496+0000] {logging_mixin.py:190} INFO - [2026-05-28T09:29:11.495+0000] {dagbag.py:588} INFO - Filling up the DagBag from /home/airflow/.local/lib/python3.12/site-packages/airflow/example_dags/example_python_operator.py
[2026-05-28T09:29:11.527+0000] {processor.py:925} INFO - DAG(s) 'example_python_operator' retrieved from /home/airflow/.local/lib/python3.12/site-packages/airflow/example_dags/example_python_operator.py
[2026-05-28T09:29:11.596+0000] {logging_mixin.py:190} INFO - [2026-05-28T09:29:11.596+0000] {dag.py:3239} INFO - Sync 1 DAGs
[2026-05-28T09:29:11.632+0000] {logging_mixin.py:190} INFO - [2026-05-28T09:29:11.631+0000] {dag.py:4180} INFO - Setting next_dagrun for example_python_operator to None, run_after=None
[2026-05-28T09:29:11.679+0000] {processor.py:208} INFO - Processing /home/airflow/.local/lib/python3.12/site-packages/airflow/example_dags/example_python_operator.py took 0.204 seconds
[2026-05-28T09:30:00.916+0000] {processor.py:186} INFO - Started process (PID=9817) to work on /home/airflow/.local/lib/python3.12/site-packages/airflow/example_dags/example_python_operator.py
[2026-05-28T09:30:00.918+0000] {processor.py:914} INFO - Processing file /home/airflow/.local/lib/python3.12/site-packages/airflow/example_dags/example_python_operator.py for tasks to queue
[2026-05-28T09:30:00.921+0000] {logging_mixin.py:190} INFO - [2026-05-28T09:30:00.920+0000] {dagbag.py:588} INFO - Filling up the DagBag from /home/airflow/.local/lib/python3.12/site-packages/airflow/example_dags/example_python_operator.py
[2026-05-28T09:30:00.951+0000] {processor.py:925} INFO - DAG(s) 'example_python_operator' retrieved from /home/airflow/.local/lib/python3.12/site-packages/airflow/example_dags/example_python_operator.py
[2026-05-28T09:30:01.008+0000] {logging_mixin.py:190} INFO - [2026-05-28T09:30:01.008+0000] {dag.py:3239} INFO - Sync 1 DAGs
[2026-05-28T09:30:01.042+0000] {logging_mixin.py:190} INFO - [2026-05-28T09:30:01.041+0000] {dag.py:4180} INFO - Setting next_dagrun for example_python_operator to None, run_after=None
[2026-05-28T09:30:01.080+0000] {processor.py:208} INFO - Processing /home/airflow/.local/lib/python3.12/site-packages/airflow/example_dags/example_python_operator.py took 0.176 seconds
[2026-05-28T09:30:54.785+0000] {processor.py:186} INFO - Started process (PID=9918) to work on /home/airflow/.local/lib/python3.12/site-packages/airflow/example_dags/example_python_operator.py
[2026-05-28T09:30:54.788+0000] {processor.py:914} INFO - Processing file /home/airflow/.local/lib/python3.12/site-packages/airflow/example_dags/example_python_operator.py for tasks to queue
[2026-05-28T09:30:54.792+0000] {logging_mixin.py:190} INFO - [2026-05-28T09:30:54.791+0000] {dagbag.py:588} INFO - Filling up the DagBag from /home/airflow/.local/lib/python3.12/site-packages/airflow/example_dags/example_python_operator.py
[2026-05-28T09:30:54.826+0000] {processor.py:925} INFO - DAG(s) 'example_python_operator' retrieved from /home/airflow/.local/lib/python3.12/site-packages/airflow/example_dags/example_python_operator.py
[2026-05-28T09:30:54.904+0000] {logging_mixin.py:190} INFO - [2026-05-28T09:30:54.903+0000] {dag.py:3239} INFO - Sync 1 DAGs
[2026-05-28T09:30:54.944+0000] {logging_mixin.py:190} INFO - [2026-05-28T09:30:54.943+0000] {dag.py:4180} INFO - Setting next_dagrun for example_python_operator to None, run_after=None
[2026-05-28T09:30:54.987+0000] {processor.py:208} INFO - Processing /home/airflow/.local/lib/python3.12/site-packages/airflow/example_dags/example_python_operator.py took 0.215 seconds
[2026-05-28T09:31:40.734+0000] {processor.py:186} INFO - Started process (PID=9981) to work on /home/airflow/.local/lib/python3.12/site-packages/airflow/example_dags/example_python_operator.py
[2026-05-28T09:31:40.736+0000] {processor.py:914} INFO - Processing file /home/airflow/.local/lib/python3.12/site-packages/airflow/example_dags/example_python_operator.py for tasks to queue
[2026-05-28T09:31:40.739+0000] {logging_mixin.py:190} INFO - [2026-05-28T09:31:40.738+0000] {dagbag.py:588} INFO - Filling up the DagBag from /home/airflow/.local/lib/python3.12/site-packages/airflow/example_dags/example_python_operator.py
[2026-05-28T09:31:40.766+0000] {processor.py:925} INFO - DAG(s) 'example_python_operator' retrieved from /home/airflow/.local/lib/python3.12/site-packages/airflow/example_dags/example_python_operator.py
[2026-05-28T09:31:40.824+0000] {logging_mixin.py:190} INFO - [2026-05-28T09:31:40.823+0000] {dag.py:3239} INFO - Sync 1 DAGs
[2026-05-28T09:31:40.859+0000] {logging_mixin.py:190} INFO - [2026-05-28T09:31:40.858+0000] {dag.py:4180} INFO - Setting next_dagrun for example_python_operator to None, run_after=None
[2026-05-28T09:31:40.923+0000] {processor.py:208} INFO - Processing /home/airflow/.local/lib/python3.12/site-packages/airflow/example_dags/example_python_operator.py took 0.201 seconds
[2026-05-28T09:32:20.856+0000] {processor.py:186} INFO - Started process (PID=10043) to work on /home/airflow/.local/lib/python3.12/site-packages/airflow/example_dags/example_python_operator.py
[2026-05-28T09:32:20.858+0000] {processor.py:914} INFO - Processing file /home/airflow/.local/lib/python3.12/site-packages/airflow/example_dags/example_python_operator.py for tasks to queue
[2026-05-28T09:32:20.862+0000] {logging_mixin.py:190} INFO - [2026-05-28T09:32:20.861+0000] {dagbag.py:588} INFO - Filling up the DagBag from /home/airflow/.local/lib/python3.12/site-packages/airflow/example_dags/example_python_operator.py
[2026-05-28T09:32:20.905+0000] {processor.py:925} INFO - DAG(s) 'example_python_operator' retrieved from /home/airflow/.local/lib/python3.12/site-packages/airflow/example_dags/example_python_operator.py
[2026-05-28T09:32:21.007+0000] {logging_mixin.py:190} INFO - [2026-05-28T09:32:21.006+0000] {dag.py:3239} INFO - Sync 1 DAGs
[2026-05-28T09:32:21.040+0000] {logging_mixin.py:190} INFO - [2026-05-28T09:32:21.039+0000] {dag.py:4180} INFO - Setting next_dagrun for example_python_operator to None, run_after=None
[2026-05-28T09:32:21.080+0000] {processor.py:208} INFO - Processing /home/airflow/.local/lib/python3.12/site-packages/airflow/example_dags/example_python_operator.py took 0.243 seconds
[2026-05-28T09:32:59.114+0000] {processor.py:186} INFO - Started process (PID=10119) to work on /home/airflow/.local/lib/python3.12/site-packages/airflow/example_dags/example_python_operator.py
[2026-05-28T09:32:59.116+0000] {processor.py:914} INFO - Processing file /home/airflow/.local/lib/python3.12/site-packages/airflow/example_dags/example_python_operator.py for tasks to queue
[2026-05-28T09:32:59.119+0000] {logging_mixin.py:190} INFO - [2026-05-28T09:32:59.119+0000] {dagbag.py:588} INFO - Filling up the DagBag from /home/airflow/.local/lib/python3.12/site-packages/airflow/example_dags/example_python_operator.py
[2026-05-28T09:32:59.152+0000] {processor.py:925} INFO - DAG(s) 'example_python_operator' retrieved from /home/airflow/.local/lib/python3.12/site-packages/airflow/example_dags/example_python_operator.py
[2026-05-28T09:32:59.219+0000] {logging_mixin.py:190} INFO - [2026-05-28T09:32:59.219+0000] {dag.py:3239} INFO - Sync 1 DAGs
[2026-05-28T09:32:59.251+0000] {logging_mixin.py:190} INFO - [2026-05-28T09:32:59.251+0000] {dag.py:4180} INFO - Setting next_dagrun for example_python_operator to None, run_after=None
[2026-05-28T09:32:59.291+0000] {processor.py:208} INFO - Processing /home/airflow/.local/lib/python3.12/site-packages/airflow/example_dags/example_python_operator.py took 0.191 seconds
[2026-05-28T09:33:47.315+0000] {processor.py:186} INFO - Started process (PID=10183) to work on /home/airflow/.local/lib/python3.12/site-packages/airflow/example_dags/example_python_operator.py
[2026-05-28T09:33:47.317+0000] {processor.py:914} INFO - Processing file /home/airflow/.local/lib/python3.12/site-packages/airflow/example_dags/example_python_operator.py for tasks to queue
[2026-05-28T09:33:47.321+0000] {logging_mixin.py:190} INFO - [2026-05-28T09:33:47.320+0000] {dagbag.py:588} INFO - Filling up the DagBag from /home/airflow/.local/lib/python3.12/site-packages/airflow/example_dags/example_python_operator.py
[2026-05-28T09:33:47.357+0000] {processor.py:925} INFO - DAG(s) 'example_python_operator' retrieved from /home/airflow/.local/lib/python3.12/site-packages/airflow/example_dags/example_python_operator.py
[2026-05-28T09:33:47.435+0000] {logging_mixin.py:190} INFO - [2026-05-28T09:33:47.434+0000] {dag.py:3239} INFO - Sync 1 DAGs
[2026-05-28T09:33:47.474+0000] {logging_mixin.py:190} INFO - [2026-05-28T09:33:47.473+0000] {dag.py:4180} INFO - Setting next_dagrun for example_python_operator to None, run_after=None
[2026-05-28T09:33:47.527+0000] {processor.py:208} INFO - Processing /home/airflow/.local/lib/python3.12/site-packages/airflow/example_dags/example_python_operator.py took 0.226 seconds
[2026-05-28T09:34:50.923+0000] {processor.py:186} INFO - Started process (PID=10252) to work on /home/airflow/.local/lib/python3.12/site-packages/airflow/example_dags/example_python_operator.py
[2026-05-28T09:34:50.933+0000] {processor.py:914} INFO - Processing file /home/airflow/.local/lib/python3.12/site-packages/airflow/example_dags/example_python_operator.py for tasks to queue
[2026-05-28T09:34:50.951+0000] {logging_mixin.py:190} INFO - [2026-05-28T09:34:50.950+0000] {dagbag.py:588} INFO - Filling up the DagBag from /home/airflow/.local/lib/python3.12/site-packages/airflow/example_dags/example_python_operator.py
[2026-05-28T09:34:50.993+0000] {processor.py:925} INFO - DAG(s) 'example_python_operator' retrieved from /home/airflow/.local/lib/python3.12/site-packages/airflow/example_dags/example_python_operator.py
[2026-05-28T09:34:51.070+0000] {logging_mixin.py:190} INFO - [2026-05-28T09:34:51.069+0000] {dag.py:3239} INFO - Sync 1 DAGs
[2026-05-28T09:34:51.106+0000] {logging_mixin.py:190} INFO - [2026-05-28T09:34:51.105+0000] {dag.py:4180} INFO - Setting next_dagrun for example_python_operator to None, run_after=None
[2026-05-28T09:34:51.165+0000] {processor.py:208} INFO - Processing /home/airflow/.local/lib/python3.12/site-packages/airflow/example_dags/example_python_operator.py took 0.266 seconds
[2026-05-28T09:35:35.270+0000] {processor.py:186} INFO - Started process (PID=10322) to work on /home/airflow/.local/lib/python3.12/site-packages/airflow/example_dags/example_python_operator.py
[2026-05-28T09:35:35.273+0000] {processor.py:914} INFO - Processing file /home/airflow/.local/lib/python3.12/site-packages/airflow/example_dags/example_python_operator.py for tasks to queue
[2026-05-28T09:35:35.276+0000] {logging_mixin.py:190} INFO - [2026-05-28T09:35:35.275+0000] {dagbag.py:588} INFO - Filling up the DagBag from /home/airflow/.local/lib/python3.12/site-packages/airflow/example_dags/example_python_operator.py
[2026-05-28T09:35:35.302+0000] {processor.py:925} INFO - DAG(s) 'example_python_operator' retrieved from /home/airflow/.local/lib/python3.12/site-packages/airflow/example_dags/example_python_operator.py
[2026-05-28T09:35:35.358+0000] {logging_mixin.py:190} INFO - [2026-05-28T09:35:35.357+0000] {dag.py:3239} INFO - Sync 1 DAGs
[2026-05-28T09:35:35.403+0000] {logging_mixin.py:190} INFO - [2026-05-28T09:35:35.403+0000] {dag.py:4180} INFO - Setting next_dagrun for example_python_operator to None, run_after=None
[2026-05-28T09:35:35.460+0000] {processor.py:208} INFO - Processing /home/airflow/.local/lib/python3.12/site-packages/airflow/example_dags/example_python_operator.py took 0.202 seconds
[2026-05-28T09:36:34.527+0000] {processor.py:186} INFO - Started process (PID=10411) to work on /home/airflow/.local/lib/python3.12/site-packages/airflow/example_dags/example_python_operator.py
[2026-05-28T09:36:34.530+0000] {processor.py:914} INFO - Processing file /home/airflow/.local/lib/python3.12/site-packages/airflow/example_dags/example_python_operator.py for tasks to queue
[2026-05-28T09:36:34.534+0000] {logging_mixin.py:190} INFO - [2026-05-28T09:36:34.533+0000] {dagbag.py:588} INFO - Filling up the DagBag from /home/airflow/.local/lib/python3.12/site-packages/airflow/example_dags/example_python_operator.py
[2026-05-28T09:36:34.573+0000] {processor.py:925} INFO - DAG(s) 'example_python_operator' retrieved from /home/airflow/.local/lib/python3.12/site-packages/airflow/example_dags/example_python_operator.py
[2026-05-28T09:36:34.644+0000] {logging_mixin.py:190} INFO - [2026-05-28T09:36:34.644+0000] {dag.py:3239} INFO - Sync 1 DAGs
[2026-05-28T09:36:34.689+0000] {logging_mixin.py:190} INFO - [2026-05-28T09:36:34.689+0000] {dag.py:4180} INFO - Setting next_dagrun for example_python_operator to None, run_after=None
[2026-05-28T09:36:34.734+0000] {processor.py:208} INFO - Processing /home/airflow/.local/lib/python3.12/site-packages/airflow/example_dags/example_python_operator.py took 0.228 seconds
[2026-05-28T09:37:28.871+0000] {processor.py:186} INFO - Started process (PID=10486) to work on /home/airflow/.local/lib/python3.12/site-packages/airflow/example_dags/example_python_operator.py
[2026-05-28T09:37:28.874+0000] {processor.py:914} INFO - Processing file /home/airflow/.local/lib/python3.12/site-packages/airflow/example_dags/example_python_operator.py for tasks to queue
[2026-05-28T09:37:28.879+0000] {logging_mixin.py:190} INFO - [2026-05-28T09:37:28.878+0000] {dagbag.py:588} INFO - Filling up the DagBag from /home/airflow/.local/lib/python3.12/site-packages/airflow/example_dags/example_python_operator.py
[2026-05-28T09:37:28.917+0000] {processor.py:925} INFO - DAG(s) 'example_python_operator' retrieved from /home/airflow/.local/lib/python3.12/site-packages/airflow/example_dags/example_python_operator.py
[2026-05-28T09:37:28.991+0000] {logging_mixin.py:190} INFO - [2026-05-28T09:37:28.990+0000] {dag.py:3239} INFO - Sync 1 DAGs
[2026-05-28T09:37:29.025+0000] {logging_mixin.py:190} INFO - [2026-05-28T09:37:29.024+0000] {dag.py:4180} INFO - Setting next_dagrun for example_python_operator to None, run_after=None
[2026-05-28T09:37:29.092+0000] {processor.py:208} INFO - Processing /home/airflow/.local/lib/python3.12/site-packages/airflow/example_dags/example_python_operator.py took 0.238 seconds
[2026-05-28T09:38:13.191+0000] {processor.py:186} INFO - Started process (PID=10561) to work on /home/airflow/.local/lib/python3.12/site-packages/airflow/example_dags/example_python_operator.py
[2026-05-28T09:38:13.194+0000] {processor.py:914} INFO - Processing file /home/airflow/.local/lib/python3.12/site-packages/airflow/example_dags/example_python_operator.py for tasks to queue
[2026-05-28T09:38:13.198+0000] {logging_mixin.py:190} INFO - [2026-05-28T09:38:13.197+0000] {dagbag.py:588} INFO - Filling up the DagBag from /home/airflow/.local/lib/python3.12/site-packages/airflow/example_dags/example_python_operator.py
[2026-05-28T09:38:13.235+0000] {processor.py:925} INFO - DAG(s) 'example_python_operator' retrieved from /home/airflow/.local/lib/python3.12/site-packages/airflow/example_dags/example_python_operator.py
[2026-05-28T09:38:13.300+0000] {logging_mixin.py:190} INFO - [2026-05-28T09:38:13.299+0000] {dag.py:3239} INFO - Sync 1 DAGs
[2026-05-28T09:38:13.342+0000] {logging_mixin.py:190} INFO - [2026-05-28T09:38:13.341+0000] {dag.py:4180} INFO - Setting next_dagrun for example_python_operator to None, run_after=None
[2026-05-28T09:38:13.402+0000] {processor.py:208} INFO - Processing /home/airflow/.local/lib/python3.12/site-packages/airflow/example_dags/example_python_operator.py took 0.225 seconds
[2026-05-28T09:39:04.018+0000] {processor.py:186} INFO - Started process (PID=10629) to work on /home/airflow/.local/lib/python3.12/site-packages/airflow/example_dags/example_python_operator.py
[2026-05-28T09:39:04.021+0000] {processor.py:914} INFO - Processing file /home/airflow/.local/lib/python3.12/site-packages/airflow/example_dags/example_python_operator.py for tasks to queue
[2026-05-28T09:39:04.024+0000] {logging_mixin.py:190} INFO - [2026-05-28T09:39:04.023+0000] {dagbag.py:588} INFO - Filling up the DagBag from /home/airflow/.local/lib/python3.12/site-packages/airflow/example_dags/example_python_operator.py
[2026-05-28T09:39:04.058+0000] {processor.py:925} INFO - DAG(s) 'example_python_operator' retrieved from /home/airflow/.local/lib/python3.12/site-packages/airflow/example_dags/example_python_operator.py
[2026-05-28T09:39:04.122+0000] {logging_mixin.py:190} INFO - [2026-05-28T09:39:04.121+0000] {dag.py:3239} INFO - Sync 1 DAGs
[2026-05-28T09:39:04.162+0000] {logging_mixin.py:190} INFO - [2026-05-28T09:39:04.162+0000] {dag.py:4180} INFO - Setting next_dagrun for example_python_operator to None, run_after=None
[2026-05-28T09:39:04.223+0000] {processor.py:208} INFO - Processing /home/airflow/.local/lib/python3.12/site-packages/airflow/example_dags/example_python_operator.py took 0.221 seconds
[2026-05-28T09:40:01.650+0000] {processor.py:186} INFO - Started process (PID=10697) to work on /home/airflow/.local/lib/python3.12/site-packages/airflow/example_dags/example_python_operator.py
[2026-05-28T09:40:01.653+0000] {processor.py:914} INFO - Processing file /home/airflow/.local/lib/python3.12/site-packages/airflow/example_dags/example_python_operator.py for tasks to queue
[2026-05-28T09:40:01.657+0000] {logging_mixin.py:190} INFO - [2026-05-28T09:40:01.656+0000] {dagbag.py:588} INFO - Filling up the DagBag from /home/airflow/.local/lib/python3.12/site-packages/airflow/example_dags/example_python_operator.py
[2026-05-28T09:40:01.691+0000] {processor.py:925} INFO - DAG(s) 'example_python_operator' retrieved from /home/airflow/.local/lib/python3.12/site-packages/airflow/example_dags/example_python_operator.py
[2026-05-28T09:40:01.764+0000] {logging_mixin.py:190} INFO - [2026-05-28T09:40:01.763+0000] {dag.py:3239} INFO - Sync 1 DAGs
[2026-05-28T09:40:01.805+0000] {logging_mixin.py:190} INFO - [2026-05-28T09:40:01.805+0000] {dag.py:4180} INFO - Setting next_dagrun for example_python_operator to None, run_after=None
[2026-05-28T09:40:01.856+0000] {processor.py:208} INFO - Processing /home/airflow/.local/lib/python3.12/site-packages/airflow/example_dags/example_python_operator.py took 0.221 seconds
[2026-05-28T09:40:59.849+0000] {processor.py:186} INFO - Started process (PID=10779) to work on /home/airflow/.local/lib/python3.12/site-packages/airflow/example_dags/example_python_operator.py
[2026-05-28T09:40:59.852+0000] {processor.py:914} INFO - Processing file /home/airflow/.local/lib/python3.12/site-packages/airflow/example_dags/example_python_operator.py for tasks to queue
[2026-05-28T09:40:59.855+0000] {logging_mixin.py:190} INFO - [2026-05-28T09:40:59.854+0000] {dagbag.py:588} INFO - Filling up the DagBag from /home/airflow/.local/lib/python3.12/site-packages/airflow/example_dags/example_python_operator.py
[2026-05-28T09:40:59.891+0000] {processor.py:925} INFO - DAG(s) 'example_python_operator' retrieved from /home/airflow/.local/lib/python3.12/site-packages/airflow/example_dags/example_python_operator.py
[2026-05-28T09:40:59.966+0000] {logging_mixin.py:190} INFO - [2026-05-28T09:40:59.966+0000] {dag.py:3239} INFO - Sync 1 DAGs
[2026-05-28T09:41:00.023+0000] {logging_mixin.py:190} INFO - [2026-05-28T09:41:00.022+0000] {dag.py:4180} INFO - Setting next_dagrun for example_python_operator to None, run_after=None
[2026-05-28T09:41:00.103+0000] {processor.py:208} INFO - Processing /home/airflow/.local/lib/python3.12/site-packages/airflow/example_dags/example_python_operator.py took 0.273 seconds
[2026-05-28T09:41:52.256+0000] {processor.py:186} INFO - Started process (PID=10851) to work on /home/airflow/.local/lib/python3.12/site-packages/airflow/example_dags/example_python_operator.py
[2026-05-28T09:41:52.258+0000] {processor.py:914} INFO - Processing file /home/airflow/.local/lib/python3.12/site-packages/airflow/example_dags/example_python_operator.py for tasks to queue
[2026-05-28T09:41:52.262+0000] {logging_mixin.py:190} INFO - [2026-05-28T09:41:52.261+0000] {dagbag.py:588} INFO - Filling up the DagBag from /home/airflow/.local/lib/python3.12/site-packages/airflow/example_dags/example_python_operator.py
[2026-05-28T09:41:52.293+0000] {processor.py:925} INFO - DAG(s) 'example_python_operator' retrieved from /home/airflow/.local/lib/python3.12/site-packages/airflow/example_dags/example_python_operator.py
[2026-05-28T09:41:52.353+0000] {logging_mixin.py:190} INFO - [2026-05-28T09:41:52.352+0000] {dag.py:3239} INFO - Sync 1 DAGs
[2026-05-28T09:41:52.385+0000] {logging_mixin.py:190} INFO - [2026-05-28T09:41:52.384+0000] {dag.py:4180} INFO - Setting next_dagrun for example_python_operator to None, run_after=None
[2026-05-28T09:41:52.435+0000] {processor.py:208} INFO - Processing /home/airflow/.local/lib/python3.12/site-packages/airflow/example_dags/example_python_operator.py took 0.193 seconds
[2026-05-28T09:42:38.497+0000] {processor.py:186} INFO - Started process (PID=10921) to work on /home/airflow/.local/lib/python3.12/site-packages/airflow/example_dags/example_python_operator.py
[2026-05-28T09:42:38.499+0000] {processor.py:914} INFO - Processing file /home/airflow/.local/lib/python3.12/site-packages/airflow/example_dags/example_python_operator.py for tasks to queue
[2026-05-28T09:42:38.503+0000] {logging_mixin.py:190} INFO - [2026-05-28T09:42:38.502+0000] {dagbag.py:588} INFO - Filling up the DagBag from /home/airflow/.local/lib/python3.12/site-packages/airflow/example_dags/example_python_operator.py
[2026-05-28T09:42:38.534+0000] {processor.py:925} INFO - DAG(s) 'example_python_operator' retrieved from /home/airflow/.local/lib/python3.12/site-packages/airflow/example_dags/example_python_operator.py
[2026-05-28T09:42:38.604+0000] {logging_mixin.py:190} INFO - [2026-05-28T09:42:38.603+0000] {dag.py:3239} INFO - Sync 1 DAGs
[2026-05-28T09:42:38.636+0000] {logging_mixin.py:190} INFO - [2026-05-28T09:42:38.635+0000] {dag.py:4180} INFO - Setting next_dagrun for example_python_operator to None, run_after=None
[2026-05-28T09:42:38.683+0000] {processor.py:208} INFO - Processing /home/airflow/.local/lib/python3.12/site-packages/airflow/example_dags/example_python_operator.py took 0.200 seconds
[2026-05-28T09:43:30.004+0000] {processor.py:186} INFO - Started process (PID=11020) to work on /home/airflow/.local/lib/python3.12/site-packages/airflow/example_dags/example_python_operator.py
[2026-05-28T09:43:30.008+0000] {processor.py:914} INFO - Processing file /home/airflow/.local/lib/python3.12/site-packages/airflow/example_dags/example_python_operator.py for tasks to queue
[2026-05-28T09:43:30.012+0000] {logging_mixin.py:190} INFO - [2026-05-28T09:43:30.011+0000] {dagbag.py:588} INFO - Filling up the DagBag from /home/airflow/.local/lib/python3.12/site-packages/airflow/example_dags/example_python_operator.py
[2026-05-28T09:43:30.065+0000] {processor.py:925} INFO - DAG(s) 'example_python_operator' retrieved from /home/airflow/.local/lib/python3.12/site-packages/airflow/example_dags/example_python_operator.py
[2026-05-28T09:43:30.151+0000] {logging_mixin.py:190} INFO - [2026-05-28T09:43:30.151+0000] {dag.py:3239} INFO - Sync 1 DAGs
[2026-05-28T09:43:30.217+0000] {logging_mixin.py:190} INFO - [2026-05-28T09:43:30.217+0000] {dag.py:4180} INFO - Setting next_dagrun for example_python_operator to None, run_after=None
[2026-05-28T09:43:30.286+0000] {processor.py:208} INFO - Processing /home/airflow/.local/lib/python3.12/site-packages/airflow/example_dags/example_python_operator.py took 0.301 seconds
[2026-05-28T09:44:28.339+0000] {processor.py:186} INFO - Started process (PID=11089) to work on /home/airflow/.local/lib/python3.12/site-packages/airflow/example_dags/example_python_operator.py
[2026-05-28T09:44:28.342+0000] {processor.py:914} INFO - Processing file /home/airflow/.local/lib/python3.12/site-packages/airflow/example_dags/example_python_operator.py for tasks to queue
[2026-05-28T09:44:28.347+0000] {logging_mixin.py:190} INFO - [2026-05-28T09:44:28.345+0000] {dagbag.py:588} INFO - Filling up the DagBag from /home/airflow/.local/lib/python3.12/site-packages/airflow/example_dags/example_python_operator.py
[2026-05-28T09:44:28.388+0000] {processor.py:925} INFO - DAG(s) 'example_python_operator' retrieved from /home/airflow/.local/lib/python3.12/site-packages/airflow/example_dags/example_python_operator.py
[2026-05-28T09:44:28.472+0000] {logging_mixin.py:190} INFO - [2026-05-28T09:44:28.471+0000] {dag.py:3239} INFO - Sync 1 DAGs
[2026-05-28T09:44:28.530+0000] {logging_mixin.py:190} INFO - [2026-05-28T09:44:28.529+0000] {dag.py:4180} INFO - Setting next_dagrun for example_python_operator to None, run_after=None
[2026-05-28T09:44:28.630+0000] {processor.py:208} INFO - Processing /home/airflow/.local/lib/python3.12/site-packages/airflow/example_dags/example_python_operator.py took 0.311 seconds
[2026-05-28T09:45:28.567+0000] {processor.py:186} INFO - Started process (PID=11174) to work on /home/airflow/.local/lib/python3.12/site-packages/airflow/example_dags/example_python_operator.py
[2026-05-28T09:45:28.571+0000] {processor.py:914} INFO - Processing file /home/airflow/.local/lib/python3.12/site-packages/airflow/example_dags/example_python_operator.py for tasks to queue
[2026-05-28T09:45:28.576+0000] {logging_mixin.py:190} INFO - [2026-05-28T09:45:28.574+0000] {dagbag.py:588} INFO - Filling up the DagBag from /home/airflow/.local/lib/python3.12/site-packages/airflow/example_dags/example_python_operator.py
[2026-05-28T09:45:28.626+0000] {processor.py:925} INFO - DAG(s) 'example_python_operator' retrieved from /home/airflow/.local/lib/python3.12/site-packages/airflow/example_dags/example_python_operator.py
[2026-05-28T09:45:28.733+0000] {logging_mixin.py:190} INFO - [2026-05-28T09:45:28.733+0000] {dag.py:3239} INFO - Sync 1 DAGs
[2026-05-28T09:45:28.786+0000] {logging_mixin.py:190} INFO - [2026-05-28T09:45:28.785+0000] {dag.py:4180} INFO - Setting next_dagrun for example_python_operator to None, run_after=None
[2026-05-28T09:45:28.846+0000] {processor.py:208} INFO - Processing /home/airflow/.local/lib/python3.12/site-packages/airflow/example_dags/example_python_operator.py took 0.316 seconds
[2026-05-28T09:46:36.992+0000] {processor.py:186} INFO - Started process (PID=11251) to work on /home/airflow/.local/lib/python3.12/site-packages/airflow/example_dags/example_python_operator.py
[2026-05-28T09:46:36.995+0000] {processor.py:914} INFO - Processing file /home/airflow/.local/lib/python3.12/site-packages/airflow/example_dags/example_python_operator.py for tasks to queue
[2026-05-28T09:46:37.001+0000] {logging_mixin.py:190} INFO - [2026-05-28T09:46:37.000+0000] {dagbag.py:588} INFO - Filling up the DagBag from /home/airflow/.local/lib/python3.12/site-packages/airflow/example_dags/example_python_operator.py
[2026-05-28T09:46:37.040+0000] {processor.py:925} INFO - DAG(s) 'example_python_operator' retrieved from /home/airflow/.local/lib/python3.12/site-packages/airflow/example_dags/example_python_operator.py
[2026-05-28T09:46:37.116+0000] {logging_mixin.py:190} INFO - [2026-05-28T09:46:37.116+0000] {dag.py:3239} INFO - Sync 1 DAGs
[2026-05-28T09:46:37.154+0000] {logging_mixin.py:190} INFO - [2026-05-28T09:46:37.154+0000] {dag.py:4180} INFO - Setting next_dagrun for example_python_operator to None, run_after=None
[2026-05-28T09:46:37.203+0000] {processor.py:208} INFO - Processing /home/airflow/.local/lib/python3.12/site-packages/airflow/example_dags/example_python_operator.py took 0.231 seconds
[2026-05-28T09:47:36.211+0000] {processor.py:186} INFO - Started process (PID=11320) to work on /home/airflow/.local/lib/python3.12/site-packages/airflow/example_dags/example_python_operator.py
[2026-05-28T09:47:36.216+0000] {processor.py:914} INFO - Processing file /home/airflow/.local/lib/python3.12/site-packages/airflow/example_dags/example_python_operator.py for tasks to queue
[2026-05-28T09:47:36.229+0000] {logging_mixin.py:190} INFO - [2026-05-28T09:47:36.228+0000] {dagbag.py:588} INFO - Filling up the DagBag from /home/airflow/.local/lib/python3.12/site-packages/airflow/example_dags/example_python_operator.py
[2026-05-28T09:47:36.317+0000] {processor.py:925} INFO - DAG(s) 'example_python_operator' retrieved from /home/airflow/.local/lib/python3.12/site-packages/airflow/example_dags/example_python_operator.py
[2026-05-28T09:47:36.470+0000] {logging_mixin.py:190} INFO - [2026-05-28T09:47:36.470+0000] {dag.py:3239} INFO - Sync 1 DAGs
[2026-05-28T09:47:36.542+0000] {logging_mixin.py:190} INFO - [2026-05-28T09:47:36.541+0000] {dag.py:4180} INFO - Setting next_dagrun for example_python_operator to None, run_after=None
[2026-05-28T09:47:36.651+0000] {processor.py:208} INFO - Processing /home/airflow/.local/lib/python3.12/site-packages/airflow/example_dags/example_python_operator.py took 0.459 seconds
[2026-05-28T09:48:40.555+0000] {processor.py:186} INFO - Started process (PID=11412) to work on /home/airflow/.local/lib/python3.12/site-packages/airflow/example_dags/example_python_operator.py
[2026-05-28T09:48:40.559+0000] {processor.py:914} INFO - Processing file /home/airflow/.local/lib/python3.12/site-packages/airflow/example_dags/example_python_operator.py for tasks to queue
[2026-05-28T09:48:40.570+0000] {logging_mixin.py:190} INFO - [2026-05-28T09:48:40.569+0000] {dagbag.py:588} INFO - Filling up the DagBag from /home/airflow/.local/lib/python3.12/site-packages/airflow/example_dags/example_python_operator.py
[2026-05-28T09:48:40.625+0000] {processor.py:925} INFO - DAG(s) 'example_python_operator' retrieved from /home/airflow/.local/lib/python3.12/site-packages/airflow/example_dags/example_python_operator.py
[2026-05-28T09:48:40.719+0000] {logging_mixin.py:190} INFO - [2026-05-28T09:48:40.718+0000] {dag.py:3239} INFO - Sync 1 DAGs
[2026-05-28T09:48:40.795+0000] {logging_mixin.py:190} INFO - [2026-05-28T09:48:40.794+0000] {dag.py:4180} INFO - Setting next_dagrun for example_python_operator to None, run_after=None
[2026-05-28T09:48:40.885+0000] {processor.py:208} INFO - Processing /home/airflow/.local/lib/python3.12/site-packages/airflow/example_dags/example_python_operator.py took 0.355 seconds
[2026-05-28T09:50:22.965+0000] {processor.py:186} INFO - Started process (PID=11508) to work on /home/airflow/.local/lib/python3.12/site-packages/airflow/example_dags/example_python_operator.py
[2026-05-28T09:50:22.969+0000] {processor.py:914} INFO - Processing file /home/airflow/.local/lib/python3.12/site-packages/airflow/example_dags/example_python_operator.py for tasks to queue
[2026-05-28T09:50:22.977+0000] {logging_mixin.py:190} INFO - [2026-05-28T09:50:22.976+0000] {dagbag.py:588} INFO - Filling up the DagBag from /home/airflow/.local/lib/python3.12/site-packages/airflow/example_dags/example_python_operator.py
[2026-05-28T09:50:23.012+0000] {processor.py:925} INFO - DAG(s) 'example_python_operator' retrieved from /home/airflow/.local/lib/python3.12/site-packages/airflow/example_dags/example_python_operator.py
[2026-05-28T09:50:23.096+0000] {logging_mixin.py:190} INFO - [2026-05-28T09:50:23.096+0000] {dag.py:3239} INFO - Sync 1 DAGs
[2026-05-28T09:50:23.146+0000] {logging_mixin.py:190} INFO - [2026-05-28T09:50:23.145+0000] {dag.py:4180} INFO - Setting next_dagrun for example_python_operator to None, run_after=None
[2026-05-28T09:50:23.215+0000] {processor.py:208} INFO - Processing /home/airflow/.local/lib/python3.12/site-packages/airflow/example_dags/example_python_operator.py took 0.266 seconds
[2026-05-28T09:51:26.673+0000] {processor.py:186} INFO - Started process (PID=11585) to work on /home/airflow/.local/lib/python3.12/site-packages/airflow/example_dags/example_python_operator.py
[2026-05-28T09:51:26.676+0000] {processor.py:914} INFO - Processing file /home/airflow/.local/lib/python3.12/site-packages/airflow/example_dags/example_python_operator.py for tasks to queue
[2026-05-28T09:51:26.682+0000] {logging_mixin.py:190} INFO - [2026-05-28T09:51:26.681+0000] {dagbag.py:588} INFO - Filling up the DagBag from /home/airflow/.local/lib/python3.12/site-packages/airflow/example_dags/example_python_operator.py
[2026-05-28T09:51:26.749+0000] {processor.py:925} INFO - DAG(s) 'example_python_operator' retrieved from /home/airflow/.local/lib/python3.12/site-packages/airflow/example_dags/example_python_operator.py
[2026-05-28T09:51:26.826+0000] {logging_mixin.py:190} INFO - [2026-05-28T09:51:26.826+0000] {dag.py:3239} INFO - Sync 1 DAGs
[2026-05-28T09:51:26.872+0000] {logging_mixin.py:190} INFO - [2026-05-28T09:51:26.872+0000] {dag.py:4180} INFO - Setting next_dagrun for example_python_operator to None, run_after=None
[2026-05-28T09:51:26.940+0000] {processor.py:208} INFO - Processing /home/airflow/.local/lib/python3.12/site-packages/airflow/example_dags/example_python_operator.py took 0.286 seconds
[2026-05-28T09:52:22.904+0000] {processor.py:186} INFO - Started process (PID=11652) to work on /home/airflow/.local/lib/python3.12/site-packages/airflow/example_dags/example_python_operator.py
[2026-05-28T09:52:22.907+0000] {processor.py:914} INFO - Processing file /home/airflow/.local/lib/python3.12/site-packages/airflow/example_dags/example_python_operator.py for tasks to queue
[2026-05-28T09:52:22.911+0000] {logging_mixin.py:190} INFO - [2026-05-28T09:52:22.910+0000] {dagbag.py:588} INFO - Filling up the DagBag from /home/airflow/.local/lib/python3.12/site-packages/airflow/example_dags/example_python_operator.py
[2026-05-28T09:52:22.948+0000] {processor.py:925} INFO - DAG(s) 'example_python_operator' retrieved from /home/airflow/.local/lib/python3.12/site-packages/airflow/example_dags/example_python_operator.py
[2026-05-28T09:52:23.017+0000] {logging_mixin.py:190} INFO - [2026-05-28T09:52:23.017+0000] {dag.py:3239} INFO - Sync 1 DAGs
[2026-05-28T09:52:23.053+0000] {logging_mixin.py:190} INFO - [2026-05-28T09:52:23.053+0000] {dag.py:4180} INFO - Setting next_dagrun for example_python_operator to None, run_after=None
[2026-05-28T09:52:23.140+0000] {processor.py:208} INFO - Processing /home/airflow/.local/lib/python3.12/site-packages/airflow/example_dags/example_python_operator.py took 0.251 seconds
[2026-05-28T09:53:23.858+0000] {processor.py:186} INFO - Started process (PID=11726) to work on /home/airflow/.local/lib/python3.12/site-packages/airflow/example_dags/example_python_operator.py
[2026-05-28T09:53:23.861+0000] {processor.py:914} INFO - Processing file /home/airflow/.local/lib/python3.12/site-packages/airflow/example_dags/example_python_operator.py for tasks to queue
[2026-05-28T09:53:23.868+0000] {logging_mixin.py:190} INFO - [2026-05-28T09:53:23.866+0000] {dagbag.py:588} INFO - Filling up the DagBag from /home/airflow/.local/lib/python3.12/site-packages/airflow/example_dags/example_python_operator.py
[2026-05-28T09:53:23.924+0000] {processor.py:925} INFO - DAG(s) 'example_python_operator' retrieved from /home/airflow/.local/lib/python3.12/site-packages/airflow/example_dags/example_python_operator.py
[2026-05-28T09:53:24.025+0000] {logging_mixin.py:190} INFO - [2026-05-28T09:53:24.024+0000] {dag.py:3239} INFO - Sync 1 DAGs
[2026-05-28T09:53:24.088+0000] {logging_mixin.py:190} INFO - [2026-05-28T09:53:24.087+0000] {dag.py:4180} INFO - Setting next_dagrun for example_python_operator to None, run_after=None
[2026-05-28T09:53:24.158+0000] {processor.py:208} INFO - Processing /home/airflow/.local/lib/python3.12/site-packages/airflow/example_dags/example_python_operator.py took 0.323 seconds
[2026-05-28T09:54:42.993+0000] {processor.py:186} INFO - Started process (PID=11812) to work on /home/airflow/.local/lib/python3.12/site-packages/airflow/example_dags/example_python_operator.py
[2026-05-28T09:54:42.997+0000] {processor.py:914} INFO - Processing file /home/airflow/.local/lib/python3.12/site-packages/airflow/example_dags/example_python_operator.py for tasks to queue
[2026-05-28T09:54:43.002+0000] {logging_mixin.py:190} INFO - [2026-05-28T09:54:43.000+0000] {dagbag.py:588} INFO - Filling up the DagBag from /home/airflow/.local/lib/python3.12/site-packages/airflow/example_dags/example_python_operator.py
[2026-05-28T09:54:43.075+0000] {processor.py:925} INFO - DAG(s) 'example_python_operator' retrieved from /home/airflow/.local/lib/python3.12/site-packages/airflow/example_dags/example_python_operator.py
[2026-05-28T09:54:43.174+0000] {logging_mixin.py:190} INFO - [2026-05-28T09:54:43.173+0000] {dag.py:3239} INFO - Sync 1 DAGs
[2026-05-28T09:54:43.245+0000] {logging_mixin.py:190} INFO - [2026-05-28T09:54:43.244+0000] {dag.py:4180} INFO - Setting next_dagrun for example_python_operator to None, run_after=None
[2026-05-28T09:54:43.318+0000] {processor.py:208} INFO - Processing /home/airflow/.local/lib/python3.12/site-packages/airflow/example_dags/example_python_operator.py took 0.348 seconds
[2026-05-28T09:55:49.115+0000] {processor.py:186} INFO - Started process (PID=11890) to work on /home/airflow/.local/lib/python3.12/site-packages/airflow/example_dags/example_python_operator.py
[2026-05-28T09:55:49.118+0000] {processor.py:914} INFO - Processing file /home/airflow/.local/lib/python3.12/site-packages/airflow/example_dags/example_python_operator.py for tasks to queue
[2026-05-28T09:55:49.121+0000] {logging_mixin.py:190} INFO - [2026-05-28T09:55:49.120+0000] {dagbag.py:588} INFO - Filling up the DagBag from /home/airflow/.local/lib/python3.12/site-packages/airflow/example_dags/example_python_operator.py
[2026-05-28T09:55:49.151+0000] {processor.py:925} INFO - DAG(s) 'example_python_operator' retrieved from /home/airflow/.local/lib/python3.12/site-packages/airflow/example_dags/example_python_operator.py
[2026-05-28T09:55:49.217+0000] {logging_mixin.py:190} INFO - [2026-05-28T09:55:49.217+0000] {dag.py:3239} INFO - Sync 1 DAGs
[2026-05-28T09:55:49.250+0000] {logging_mixin.py:190} INFO - [2026-05-28T09:55:49.249+0000] {dag.py:4180} INFO - Setting next_dagrun for example_python_operator to None, run_after=None
[2026-05-28T09:55:49.290+0000] {processor.py:208} INFO - Processing /home/airflow/.local/lib/python3.12/site-packages/airflow/example_dags/example_python_operator.py took 0.187 seconds
[2026-05-28T09:56:58.252+0000] {processor.py:186} INFO - Started process (PID=11976) to work on /home/airflow/.local/lib/python3.12/site-packages/airflow/example_dags/example_python_operator.py
[2026-05-28T09:56:58.255+0000] {processor.py:914} INFO - Processing file /home/airflow/.local/lib/python3.12/site-packages/airflow/example_dags/example_python_operator.py for tasks to queue
[2026-05-28T09:56:58.259+0000] {logging_mixin.py:190} INFO - [2026-05-28T09:56:58.257+0000] {dagbag.py:588} INFO - Filling up the DagBag from /home/airflow/.local/lib/python3.12/site-packages/airflow/example_dags/example_python_operator.py
[2026-05-28T09:56:58.296+0000] {processor.py:925} INFO - DAG(s) 'example_python_operator' retrieved from /home/airflow/.local/lib/python3.12/site-packages/airflow/example_dags/example_python_operator.py
[2026-05-28T09:56:58.383+0000] {logging_mixin.py:190} INFO - [2026-05-28T09:56:58.382+0000] {dag.py:3239} INFO - Sync 1 DAGs
[2026-05-28T09:56:58.454+0000] {logging_mixin.py:190} INFO - [2026-05-28T09:56:58.453+0000] {dag.py:4180} INFO - Setting next_dagrun for example_python_operator to None, run_after=None
[2026-05-28T09:56:58.521+0000] {processor.py:208} INFO - Processing /home/airflow/.local/lib/python3.12/site-packages/airflow/example_dags/example_python_operator.py took 0.285 seconds
[2026-05-28T09:58:08.879+0000] {processor.py:186} INFO - Started process (PID=12048) to work on /home/airflow/.local/lib/python3.12/site-packages/airflow/example_dags/example_python_operator.py
[2026-05-28T09:58:08.884+0000] {processor.py:914} INFO - Processing file /home/airflow/.local/lib/python3.12/site-packages/airflow/example_dags/example_python_operator.py for tasks to queue
[2026-05-28T09:58:08.890+0000] {logging_mixin.py:190} INFO - [2026-05-28T09:58:08.888+0000] {dagbag.py:588} INFO - Filling up the DagBag from /home/airflow/.local/lib/python3.12/site-packages/airflow/example_dags/example_python_operator.py
[2026-05-28T09:58:08.941+0000] {processor.py:925} INFO - DAG(s) 'example_python_operator' retrieved from /home/airflow/.local/lib/python3.12/site-packages/airflow/example_dags/example_python_operator.py
[2026-05-28T09:58:09.038+0000] {logging_mixin.py:190} INFO - [2026-05-28T09:58:09.037+0000] {dag.py:3239} INFO - Sync 1 DAGs
[2026-05-28T09:58:09.100+0000] {logging_mixin.py:190} INFO - [2026-05-28T09:58:09.099+0000] {dag.py:4180} INFO - Setting next_dagrun for example_python_operator to None, run_after=None
[2026-05-28T09:58:09.200+0000] {processor.py:208} INFO - Processing /home/airflow/.local/lib/python3.12/site-packages/airflow/example_dags/example_python_operator.py took 0.345 seconds
[2026-05-28T10:02:12.650+0000] {processor.py:186} INFO - Started process (PID=133) to work on /home/airflow/.local/lib/python3.12/site-packages/airflow/example_dags/example_python_operator.py
[2026-05-28T10:02:12.655+0000] {processor.py:914} INFO - Processing file /home/airflow/.local/lib/python3.12/site-packages/airflow/example_dags/example_python_operator.py for tasks to queue
[2026-05-28T10:02:12.662+0000] {logging_mixin.py:190} INFO - [2026-05-28T10:02:12.661+0000] {dagbag.py:588} INFO - Filling up the DagBag from /home/airflow/.local/lib/python3.12/site-packages/airflow/example_dags/example_python_operator.py
[2026-05-28T10:02:12.696+0000] {processor.py:925} INFO - DAG(s) 'example_python_operator' retrieved from /home/airflow/.local/lib/python3.12/site-packages/airflow/example_dags/example_python_operator.py
[2026-05-28T10:02:12.998+0000] {logging_mixin.py:190} INFO - [2026-05-28T10:02:12.997+0000] {dag.py:3239} INFO - Sync 1 DAGs
[2026-05-28T10:02:13.030+0000] {logging_mixin.py:190} INFO - [2026-05-28T10:02:13.029+0000] {dag.py:4180} INFO - Setting next_dagrun for example_python_operator to None, run_after=None
[2026-05-28T10:02:13.080+0000] {processor.py:208} INFO - Processing /home/airflow/.local/lib/python3.12/site-packages/airflow/example_dags/example_python_operator.py took 0.443 seconds
[2026-05-28T10:02:53.877+0000] {processor.py:186} INFO - Started process (PID=195) to work on /home/airflow/.local/lib/python3.12/site-packages/airflow/example_dags/example_python_operator.py
[2026-05-28T10:02:53.879+0000] {processor.py:914} INFO - Processing file /home/airflow/.local/lib/python3.12/site-packages/airflow/example_dags/example_python_operator.py for tasks to queue
[2026-05-28T10:02:53.885+0000] {logging_mixin.py:190} INFO - [2026-05-28T10:02:53.884+0000] {dagbag.py:588} INFO - Filling up the DagBag from /home/airflow/.local/lib/python3.12/site-packages/airflow/example_dags/example_python_operator.py
[2026-05-28T10:02:53.915+0000] {processor.py:925} INFO - DAG(s) 'example_python_operator' retrieved from /home/airflow/.local/lib/python3.12/site-packages/airflow/example_dags/example_python_operator.py
[2026-05-28T10:02:53.974+0000] {logging_mixin.py:190} INFO - [2026-05-28T10:02:53.974+0000] {dag.py:3239} INFO - Sync 1 DAGs
[2026-05-28T10:02:54.028+0000] {logging_mixin.py:190} INFO - [2026-05-28T10:02:54.027+0000] {dag.py:4180} INFO - Setting next_dagrun for example_python_operator to None, run_after=None
[2026-05-28T10:02:54.079+0000] {processor.py:208} INFO - Processing /home/airflow/.local/lib/python3.12/site-packages/airflow/example_dags/example_python_operator.py took 0.214 seconds
[2026-05-28T10:03:32.597+0000] {processor.py:186} INFO - Started process (PID=271) to work on /home/airflow/.local/lib/python3.12/site-packages/airflow/example_dags/example_python_operator.py
[2026-05-28T10:03:32.599+0000] {processor.py:914} INFO - Processing file /home/airflow/.local/lib/python3.12/site-packages/airflow/example_dags/example_python_operator.py for tasks to queue
[2026-05-28T10:03:32.603+0000] {logging_mixin.py:190} INFO - [2026-05-28T10:03:32.603+0000] {dagbag.py:588} INFO - Filling up the DagBag from /home/airflow/.local/lib/python3.12/site-packages/airflow/example_dags/example_python_operator.py
[2026-05-28T10:03:32.627+0000] {processor.py:925} INFO - DAG(s) 'example_python_operator' retrieved from /home/airflow/.local/lib/python3.12/site-packages/airflow/example_dags/example_python_operator.py
[2026-05-28T10:03:32.681+0000] {logging_mixin.py:190} INFO - [2026-05-28T10:03:32.681+0000] {dag.py:3239} INFO - Sync 1 DAGs
[2026-05-28T10:03:32.734+0000] {logging_mixin.py:190} INFO - [2026-05-28T10:03:32.734+0000] {dag.py:4180} INFO - Setting next_dagrun for example_python_operator to None, run_after=None
[2026-05-28T10:03:32.822+0000] {processor.py:208} INFO - Processing /home/airflow/.local/lib/python3.12/site-packages/airflow/example_dags/example_python_operator.py took 0.235 seconds
[2026-05-28T10:04:03.560+0000] {processor.py:186} INFO - Started process (PID=333) to work on /home/airflow/.local/lib/python3.12/site-packages/airflow/example_dags/example_python_operator.py
[2026-05-28T10:04:03.563+0000] {processor.py:914} INFO - Processing file /home/airflow/.local/lib/python3.12/site-packages/airflow/example_dags/example_python_operator.py for tasks to queue
[2026-05-28T10:04:03.567+0000] {logging_mixin.py:190} INFO - [2026-05-28T10:04:03.566+0000] {dagbag.py:588} INFO - Filling up the DagBag from /home/airflow/.local/lib/python3.12/site-packages/airflow/example_dags/example_python_operator.py
[2026-05-28T10:04:03.594+0000] {processor.py:925} INFO - DAG(s) 'example_python_operator' retrieved from /home/airflow/.local/lib/python3.12/site-packages/airflow/example_dags/example_python_operator.py
[2026-05-28T10:04:03.650+0000] {logging_mixin.py:190} INFO - [2026-05-28T10:04:03.649+0000] {dag.py:3239} INFO - Sync 1 DAGs
[2026-05-28T10:04:03.685+0000] {logging_mixin.py:190} INFO - [2026-05-28T10:04:03.684+0000] {dag.py:4180} INFO - Setting next_dagrun for example_python_operator to None, run_after=None
[2026-05-28T10:04:03.723+0000] {processor.py:208} INFO - Processing /home/airflow/.local/lib/python3.12/site-packages/airflow/example_dags/example_python_operator.py took 0.179 seconds
[2026-05-28T10:04:46.530+0000] {processor.py:186} INFO - Started process (PID=420) to work on /home/airflow/.local/lib/python3.12/site-packages/airflow/example_dags/example_python_operator.py
[2026-05-28T10:04:46.532+0000] {processor.py:914} INFO - Processing file /home/airflow/.local/lib/python3.12/site-packages/airflow/example_dags/example_python_operator.py for tasks to queue
[2026-05-28T10:04:46.536+0000] {logging_mixin.py:190} INFO - [2026-05-28T10:04:46.536+0000] {dagbag.py:588} INFO - Filling up the DagBag from /home/airflow/.local/lib/python3.12/site-packages/airflow/example_dags/example_python_operator.py
[2026-05-28T10:04:46.563+0000] {processor.py:925} INFO - DAG(s) 'example_python_operator' retrieved from /home/airflow/.local/lib/python3.12/site-packages/airflow/example_dags/example_python_operator.py
[2026-05-28T10:04:46.624+0000] {logging_mixin.py:190} INFO - [2026-05-28T10:04:46.623+0000] {dag.py:3239} INFO - Sync 1 DAGs
[2026-05-28T10:04:46.663+0000] {logging_mixin.py:190} INFO - [2026-05-28T10:04:46.662+0000] {dag.py:4180} INFO - Setting next_dagrun for example_python_operator to None, run_after=None
[2026-05-28T10:04:46.708+0000] {processor.py:208} INFO - Processing /home/airflow/.local/lib/python3.12/site-packages/airflow/example_dags/example_python_operator.py took 0.187 seconds
[2026-05-28T10:05:26.527+0000] {processor.py:186} INFO - Started process (PID=497) to work on /home/airflow/.local/lib/python3.12/site-packages/airflow/example_dags/example_python_operator.py
[2026-05-28T10:05:26.529+0000] {processor.py:914} INFO - Processing file /home/airflow/.local/lib/python3.12/site-packages/airflow/example_dags/example_python_operator.py for tasks to queue
[2026-05-28T10:05:26.536+0000] {logging_mixin.py:190} INFO - [2026-05-28T10:05:26.535+0000] {dagbag.py:588} INFO - Filling up the DagBag from /home/airflow/.local/lib/python3.12/site-packages/airflow/example_dags/example_python_operator.py
[2026-05-28T10:05:26.561+0000] {processor.py:925} INFO - DAG(s) 'example_python_operator' retrieved from /home/airflow/.local/lib/python3.12/site-packages/airflow/example_dags/example_python_operator.py
[2026-05-28T10:05:26.657+0000] {logging_mixin.py:190} INFO - [2026-05-28T10:05:26.657+0000] {dag.py:3239} INFO - Sync 1 DAGs
[2026-05-28T10:05:26.690+0000] {logging_mixin.py:190} INFO - [2026-05-28T10:05:26.690+0000] {dag.py:4180} INFO - Setting next_dagrun for example_python_operator to None, run_after=None
[2026-05-28T10:05:26.741+0000] {processor.py:208} INFO - Processing /home/airflow/.local/lib/python3.12/site-packages/airflow/example_dags/example_python_operator.py took 0.224 seconds
[2026-05-28T10:06:02.928+0000] {processor.py:186} INFO - Started process (PID=559) to work on /home/airflow/.local/lib/python3.12/site-packages/airflow/example_dags/example_python_operator.py
[2026-05-28T10:06:02.939+0000] {processor.py:914} INFO - Processing file /home/airflow/.local/lib/python3.12/site-packages/airflow/example_dags/example_python_operator.py for tasks to queue
[2026-05-28T10:06:02.949+0000] {logging_mixin.py:190} INFO - [2026-05-28T10:06:02.948+0000] {dagbag.py:588} INFO - Filling up the DagBag from /home/airflow/.local/lib/python3.12/site-packages/airflow/example_dags/example_python_operator.py
[2026-05-28T10:06:02.995+0000] {processor.py:925} INFO - DAG(s) 'example_python_operator' retrieved from /home/airflow/.local/lib/python3.12/site-packages/airflow/example_dags/example_python_operator.py
[2026-05-28T10:06:03.067+0000] {logging_mixin.py:190} INFO - [2026-05-28T10:06:03.066+0000] {dag.py:3239} INFO - Sync 1 DAGs
[2026-05-28T10:06:03.112+0000] {logging_mixin.py:190} INFO - [2026-05-28T10:06:03.111+0000] {dag.py:4180} INFO - Setting next_dagrun for example_python_operator to None, run_after=None
[2026-05-28T10:06:03.185+0000] {processor.py:208} INFO - Processing /home/airflow/.local/lib/python3.12/site-packages/airflow/example_dags/example_python_operator.py took 0.272 seconds
[2026-05-28T10:06:37.662+0000] {processor.py:186} INFO - Started process (PID=624) to work on /home/airflow/.local/lib/python3.12/site-packages/airflow/example_dags/example_python_operator.py
[2026-05-28T10:06:37.674+0000] {processor.py:914} INFO - Processing file /home/airflow/.local/lib/python3.12/site-packages/airflow/example_dags/example_python_operator.py for tasks to queue
[2026-05-28T10:06:37.690+0000] {logging_mixin.py:190} INFO - [2026-05-28T10:06:37.680+0000] {dagbag.py:588} INFO - Filling up the DagBag from /home/airflow/.local/lib/python3.12/site-packages/airflow/example_dags/example_python_operator.py
[2026-05-28T10:06:37.738+0000] {processor.py:925} INFO - DAG(s) 'example_python_operator' retrieved from /home/airflow/.local/lib/python3.12/site-packages/airflow/example_dags/example_python_operator.py
[2026-05-28T10:06:37.828+0000] {logging_mixin.py:190} INFO - [2026-05-28T10:06:37.827+0000] {dag.py:3239} INFO - Sync 1 DAGs
[2026-05-28T10:06:37.869+0000] {logging_mixin.py:190} INFO - [2026-05-28T10:06:37.868+0000] {dag.py:4180} INFO - Setting next_dagrun for example_python_operator to None, run_after=None
[2026-05-28T10:06:37.988+0000] {processor.py:208} INFO - Processing /home/airflow/.local/lib/python3.12/site-packages/airflow/example_dags/example_python_operator.py took 0.361 seconds
[2026-05-28T10:07:15.192+0000] {processor.py:186} INFO - Started process (PID=687) to work on /home/airflow/.local/lib/python3.12/site-packages/airflow/example_dags/example_python_operator.py
[2026-05-28T10:07:15.194+0000] {processor.py:914} INFO - Processing file /home/airflow/.local/lib/python3.12/site-packages/airflow/example_dags/example_python_operator.py for tasks to queue
[2026-05-28T10:07:15.199+0000] {logging_mixin.py:190} INFO - [2026-05-28T10:07:15.199+0000] {dagbag.py:588} INFO - Filling up the DagBag from /home/airflow/.local/lib/python3.12/site-packages/airflow/example_dags/example_python_operator.py
[2026-05-28T10:07:15.227+0000] {processor.py:925} INFO - DAG(s) 'example_python_operator' retrieved from /home/airflow/.local/lib/python3.12/site-packages/airflow/example_dags/example_python_operator.py
[2026-05-28T10:07:15.287+0000] {logging_mixin.py:190} INFO - [2026-05-28T10:07:15.287+0000] {dag.py:3239} INFO - Sync 1 DAGs
[2026-05-28T10:07:15.323+0000] {logging_mixin.py:190} INFO - [2026-05-28T10:07:15.323+0000] {dag.py:4180} INFO - Setting next_dagrun for example_python_operator to None, run_after=None
[2026-05-28T10:07:15.374+0000] {processor.py:208} INFO - Processing /home/airflow/.local/lib/python3.12/site-packages/airflow/example_dags/example_python_operator.py took 0.193 seconds
[2026-05-28T10:07:55.092+0000] {processor.py:186} INFO - Started process (PID=754) to work on /home/airflow/.local/lib/python3.12/site-packages/airflow/example_dags/example_python_operator.py
[2026-05-28T10:07:55.094+0000] {processor.py:914} INFO - Processing file /home/airflow/.local/lib/python3.12/site-packages/airflow/example_dags/example_python_operator.py for tasks to queue
[2026-05-28T10:07:55.098+0000] {logging_mixin.py:190} INFO - [2026-05-28T10:07:55.098+0000] {dagbag.py:588} INFO - Filling up the DagBag from /home/airflow/.local/lib/python3.12/site-packages/airflow/example_dags/example_python_operator.py
[2026-05-28T10:07:55.119+0000] {processor.py:925} INFO - DAG(s) 'example_python_operator' retrieved from /home/airflow/.local/lib/python3.12/site-packages/airflow/example_dags/example_python_operator.py
[2026-05-28T10:07:55.165+0000] {logging_mixin.py:190} INFO - [2026-05-28T10:07:55.165+0000] {dag.py:3239} INFO - Sync 1 DAGs
[2026-05-28T10:07:55.191+0000] {logging_mixin.py:190} INFO - [2026-05-28T10:07:55.190+0000] {dag.py:4180} INFO - Setting next_dagrun for example_python_operator to None, run_after=None
[2026-05-28T10:07:55.242+0000] {processor.py:208} INFO - Processing /home/airflow/.local/lib/python3.12/site-packages/airflow/example_dags/example_python_operator.py took 0.159 seconds
[2026-05-28T10:08:53.636+0000] {processor.py:186} INFO - Started process (PID=826) to work on /home/airflow/.local/lib/python3.12/site-packages/airflow/example_dags/example_python_operator.py
[2026-05-28T10:08:53.639+0000] {processor.py:914} INFO - Processing file /home/airflow/.local/lib/python3.12/site-packages/airflow/example_dags/example_python_operator.py for tasks to queue
[2026-05-28T10:08:53.644+0000] {logging_mixin.py:190} INFO - [2026-05-28T10:08:53.643+0000] {dagbag.py:588} INFO - Filling up the DagBag from /home/airflow/.local/lib/python3.12/site-packages/airflow/example_dags/example_python_operator.py
[2026-05-28T10:08:53.670+0000] {processor.py:925} INFO - DAG(s) 'example_python_operator' retrieved from /home/airflow/.local/lib/python3.12/site-packages/airflow/example_dags/example_python_operator.py
[2026-05-28T10:08:53.722+0000] {logging_mixin.py:190} INFO - [2026-05-28T10:08:53.722+0000] {dag.py:3239} INFO - Sync 1 DAGs
[2026-05-28T10:08:53.780+0000] {logging_mixin.py:190} INFO - [2026-05-28T10:08:53.780+0000] {dag.py:4180} INFO - Setting next_dagrun for example_python_operator to None, run_after=None
[2026-05-28T10:08:53.863+0000] {processor.py:208} INFO - Processing /home/airflow/.local/lib/python3.12/site-packages/airflow/example_dags/example_python_operator.py took 0.245 seconds
[2026-05-28T10:09:43.448+0000] {processor.py:186} INFO - Started process (PID=910) to work on /home/airflow/.local/lib/python3.12/site-packages/airflow/example_dags/example_python_operator.py
[2026-05-28T10:09:43.452+0000] {processor.py:914} INFO - Processing file /home/airflow/.local/lib/python3.12/site-packages/airflow/example_dags/example_python_operator.py for tasks to queue
[2026-05-28T10:09:43.466+0000] {logging_mixin.py:190} INFO - [2026-05-28T10:09:43.463+0000] {dagbag.py:588} INFO - Filling up the DagBag from /home/airflow/.local/lib/python3.12/site-packages/airflow/example_dags/example_python_operator.py
[2026-05-28T10:09:43.489+0000] {processor.py:925} INFO - DAG(s) 'example_python_operator' retrieved from /home/airflow/.local/lib/python3.12/site-packages/airflow/example_dags/example_python_operator.py
[2026-05-28T10:09:43.538+0000] {logging_mixin.py:190} INFO - [2026-05-28T10:09:43.538+0000] {dag.py:3239} INFO - Sync 1 DAGs
[2026-05-28T10:09:43.561+0000] {logging_mixin.py:190} INFO - [2026-05-28T10:09:43.561+0000] {dag.py:4180} INFO - Setting next_dagrun for example_python_operator to None, run_after=None
[2026-05-28T10:09:43.609+0000] {processor.py:208} INFO - Processing /home/airflow/.local/lib/python3.12/site-packages/airflow/example_dags/example_python_operator.py took 0.183 seconds
[2026-05-28T10:10:27.005+0000] {processor.py:186} INFO - Started process (PID=973) to work on /home/airflow/.local/lib/python3.12/site-packages/airflow/example_dags/example_python_operator.py
[2026-05-28T10:10:27.009+0000] {processor.py:914} INFO - Processing file /home/airflow/.local/lib/python3.12/site-packages/airflow/example_dags/example_python_operator.py for tasks to queue
[2026-05-28T10:10:27.021+0000] {logging_mixin.py:190} INFO - [2026-05-28T10:10:27.021+0000] {dagbag.py:588} INFO - Filling up the DagBag from /home/airflow/.local/lib/python3.12/site-packages/airflow/example_dags/example_python_operator.py
[2026-05-28T10:10:27.047+0000] {processor.py:925} INFO - DAG(s) 'example_python_operator' retrieved from /home/airflow/.local/lib/python3.12/site-packages/airflow/example_dags/example_python_operator.py
[2026-05-28T10:10:27.106+0000] {logging_mixin.py:190} INFO - [2026-05-28T10:10:27.105+0000] {dag.py:3239} INFO - Sync 1 DAGs
[2026-05-28T10:10:27.139+0000] {logging_mixin.py:190} INFO - [2026-05-28T10:10:27.138+0000] {dag.py:4180} INFO - Setting next_dagrun for example_python_operator to None, run_after=None
[2026-05-28T10:10:27.189+0000] {processor.py:208} INFO - Processing /home/airflow/.local/lib/python3.12/site-packages/airflow/example_dags/example_python_operator.py took 0.209 seconds
[2026-05-28T10:11:09.829+0000] {processor.py:186} INFO - Started process (PID=1041) to work on /home/airflow/.local/lib/python3.12/site-packages/airflow/example_dags/example_python_operator.py
[2026-05-28T10:11:09.831+0000] {processor.py:914} INFO - Processing file /home/airflow/.local/lib/python3.12/site-packages/airflow/example_dags/example_python_operator.py for tasks to queue
[2026-05-28T10:11:09.837+0000] {logging_mixin.py:190} INFO - [2026-05-28T10:11:09.836+0000] {dagbag.py:588} INFO - Filling up the DagBag from /home/airflow/.local/lib/python3.12/site-packages/airflow/example_dags/example_python_operator.py
[2026-05-28T10:11:09.863+0000] {processor.py:925} INFO - DAG(s) 'example_python_operator' retrieved from /home/airflow/.local/lib/python3.12/site-packages/airflow/example_dags/example_python_operator.py
[2026-05-28T10:11:09.915+0000] {logging_mixin.py:190} INFO - [2026-05-28T10:11:09.914+0000] {dag.py:3239} INFO - Sync 1 DAGs
[2026-05-28T10:11:09.946+0000] {logging_mixin.py:190} INFO - [2026-05-28T10:11:09.945+0000] {dag.py:4180} INFO - Setting next_dagrun for example_python_operator to None, run_after=None
[2026-05-28T10:11:09.987+0000] {processor.py:208} INFO - Processing /home/airflow/.local/lib/python3.12/site-packages/airflow/example_dags/example_python_operator.py took 0.171 seconds
[2026-05-28T10:11:50.809+0000] {processor.py:186} INFO - Started process (PID=1106) to work on /home/airflow/.local/lib/python3.12/site-packages/airflow/example_dags/example_python_operator.py
[2026-05-28T10:11:50.811+0000] {processor.py:914} INFO - Processing file /home/airflow/.local/lib/python3.12/site-packages/airflow/example_dags/example_python_operator.py for tasks to queue
[2026-05-28T10:11:50.816+0000] {logging_mixin.py:190} INFO - [2026-05-28T10:11:50.815+0000] {dagbag.py:588} INFO - Filling up the DagBag from /home/airflow/.local/lib/python3.12/site-packages/airflow/example_dags/example_python_operator.py
[2026-05-28T10:11:50.842+0000] {processor.py:925} INFO - DAG(s) 'example_python_operator' retrieved from /home/airflow/.local/lib/python3.12/site-packages/airflow/example_dags/example_python_operator.py
[2026-05-28T10:11:50.892+0000] {logging_mixin.py:190} INFO - [2026-05-28T10:11:50.892+0000] {dag.py:3239} INFO - Sync 1 DAGs
[2026-05-28T10:11:50.920+0000] {logging_mixin.py:190} INFO - [2026-05-28T10:11:50.920+0000] {dag.py:4180} INFO - Setting next_dagrun for example_python_operator to None, run_after=None
[2026-05-28T10:11:50.962+0000] {processor.py:208} INFO - Processing /home/airflow/.local/lib/python3.12/site-packages/airflow/example_dags/example_python_operator.py took 0.164 seconds
[2026-05-28T10:12:26.589+0000] {processor.py:186} INFO - Started process (PID=1168) to work on /home/airflow/.local/lib/python3.12/site-packages/airflow/example_dags/example_python_operator.py
[2026-05-28T10:12:26.591+0000] {processor.py:914} INFO - Processing file /home/airflow/.local/lib/python3.12/site-packages/airflow/example_dags/example_python_operator.py for tasks to queue
[2026-05-28T10:12:26.598+0000] {logging_mixin.py:190} INFO - [2026-05-28T10:12:26.597+0000] {dagbag.py:588} INFO - Filling up the DagBag from /home/airflow/.local/lib/python3.12/site-packages/airflow/example_dags/example_python_operator.py
[2026-05-28T10:12:26.630+0000] {processor.py:925} INFO - DAG(s) 'example_python_operator' retrieved from /home/airflow/.local/lib/python3.12/site-packages/airflow/example_dags/example_python_operator.py
[2026-05-28T10:12:26.700+0000] {logging_mixin.py:190} INFO - [2026-05-28T10:12:26.700+0000] {dag.py:3239} INFO - Sync 1 DAGs
[2026-05-28T10:12:26.735+0000] {logging_mixin.py:190} INFO - [2026-05-28T10:12:26.734+0000] {dag.py:4180} INFO - Setting next_dagrun for example_python_operator to None, run_after=None
[2026-05-28T10:12:26.803+0000] {processor.py:208} INFO - Processing /home/airflow/.local/lib/python3.12/site-packages/airflow/example_dags/example_python_operator.py took 0.227 seconds
[2026-05-28T10:13:04.384+0000] {processor.py:186} INFO - Started process (PID=1235) to work on /home/airflow/.local/lib/python3.12/site-packages/airflow/example_dags/example_python_operator.py
[2026-05-28T10:13:04.389+0000] {processor.py:914} INFO - Processing file /home/airflow/.local/lib/python3.12/site-packages/airflow/example_dags/example_python_operator.py for tasks to queue
[2026-05-28T10:13:04.396+0000] {logging_mixin.py:190} INFO - [2026-05-28T10:13:04.395+0000] {dagbag.py:588} INFO - Filling up the DagBag from /home/airflow/.local/lib/python3.12/site-packages/airflow/example_dags/example_python_operator.py
[2026-05-28T10:13:04.434+0000] {processor.py:925} INFO - DAG(s) 'example_python_operator' retrieved from /home/airflow/.local/lib/python3.12/site-packages/airflow/example_dags/example_python_operator.py
[2026-05-28T10:13:04.496+0000] {logging_mixin.py:190} INFO - [2026-05-28T10:13:04.495+0000] {dag.py:3239} INFO - Sync 1 DAGs
[2026-05-28T10:13:04.527+0000] {logging_mixin.py:190} INFO - [2026-05-28T10:13:04.526+0000] {dag.py:4180} INFO - Setting next_dagrun for example_python_operator to None, run_after=None
[2026-05-28T10:13:04.584+0000] {processor.py:208} INFO - Processing /home/airflow/.local/lib/python3.12/site-packages/airflow/example_dags/example_python_operator.py took 0.215 seconds
[2026-05-28T10:13:42.397+0000] {processor.py:186} INFO - Started process (PID=1307) to work on /home/airflow/.local/lib/python3.12/site-packages/airflow/example_dags/example_python_operator.py
[2026-05-28T10:13:42.399+0000] {processor.py:914} INFO - Processing file /home/airflow/.local/lib/python3.12/site-packages/airflow/example_dags/example_python_operator.py for tasks to queue
[2026-05-28T10:13:42.403+0000] {logging_mixin.py:190} INFO - [2026-05-28T10:13:42.403+0000] {dagbag.py:588} INFO - Filling up the DagBag from /home/airflow/.local/lib/python3.12/site-packages/airflow/example_dags/example_python_operator.py
[2026-05-28T10:13:42.432+0000] {processor.py:925} INFO - DAG(s) 'example_python_operator' retrieved from /home/airflow/.local/lib/python3.12/site-packages/airflow/example_dags/example_python_operator.py
[2026-05-28T10:13:42.485+0000] {logging_mixin.py:190} INFO - [2026-05-28T10:13:42.484+0000] {dag.py:3239} INFO - Sync 1 DAGs
[2026-05-28T10:13:42.513+0000] {logging_mixin.py:190} INFO - [2026-05-28T10:13:42.513+0000] {dag.py:4180} INFO - Setting next_dagrun for example_python_operator to None, run_after=None
[2026-05-28T10:13:42.565+0000] {processor.py:208} INFO - Processing /home/airflow/.local/lib/python3.12/site-packages/airflow/example_dags/example_python_operator.py took 0.179 seconds
[2026-05-28T10:14:14.031+0000] {processor.py:186} INFO - Started process (PID=1370) to work on /home/airflow/.local/lib/python3.12/site-packages/airflow/example_dags/example_python_operator.py
[2026-05-28T10:14:14.034+0000] {processor.py:914} INFO - Processing file /home/airflow/.local/lib/python3.12/site-packages/airflow/example_dags/example_python_operator.py for tasks to queue
[2026-05-28T10:14:14.040+0000] {logging_mixin.py:190} INFO - [2026-05-28T10:14:14.039+0000] {dagbag.py:588} INFO - Filling up the DagBag from /home/airflow/.local/lib/python3.12/site-packages/airflow/example_dags/example_python_operator.py
[2026-05-28T10:14:14.082+0000] {processor.py:925} INFO - DAG(s) 'example_python_operator' retrieved from /home/airflow/.local/lib/python3.12/site-packages/airflow/example_dags/example_python_operator.py
[2026-05-28T10:14:14.163+0000] {logging_mixin.py:190} INFO - [2026-05-28T10:14:14.162+0000] {dag.py:3239} INFO - Sync 1 DAGs
[2026-05-28T10:14:14.218+0000] {logging_mixin.py:190} INFO - [2026-05-28T10:14:14.218+0000] {dag.py:4180} INFO - Setting next_dagrun for example_python_operator to None, run_after=None
[2026-05-28T10:14:14.291+0000] {processor.py:208} INFO - Processing /home/airflow/.local/lib/python3.12/site-packages/airflow/example_dags/example_python_operator.py took 0.277 seconds
[2026-05-28T10:14:51.244+0000] {processor.py:186} INFO - Started process (PID=1437) to work on /home/airflow/.local/lib/python3.12/site-packages/airflow/example_dags/example_python_operator.py
[2026-05-28T10:14:51.246+0000] {processor.py:914} INFO - Processing file /home/airflow/.local/lib/python3.12/site-packages/airflow/example_dags/example_python_operator.py for tasks to queue
[2026-05-28T10:14:51.253+0000] {logging_mixin.py:190} INFO - [2026-05-28T10:14:51.252+0000] {dagbag.py:588} INFO - Filling up the DagBag from /home/airflow/.local/lib/python3.12/site-packages/airflow/example_dags/example_python_operator.py
[2026-05-28T10:14:51.308+0000] {processor.py:925} INFO - DAG(s) 'example_python_operator' retrieved from /home/airflow/.local/lib/python3.12/site-packages/airflow/example_dags/example_python_operator.py
[2026-05-28T10:14:51.431+0000] {logging_mixin.py:190} INFO - [2026-05-28T10:14:51.430+0000] {dag.py:3239} INFO - Sync 1 DAGs
[2026-05-28T10:14:51.545+0000] {logging_mixin.py:190} INFO - [2026-05-28T10:14:51.544+0000] {dag.py:4180} INFO - Setting next_dagrun for example_python_operator to None, run_after=None
[2026-05-28T10:14:51.664+0000] {processor.py:208} INFO - Processing /home/airflow/.local/lib/python3.12/site-packages/airflow/example_dags/example_python_operator.py took 0.438 seconds
[2026-05-28T10:15:26.140+0000] {processor.py:186} INFO - Started process (PID=1498) to work on /home/airflow/.local/lib/python3.12/site-packages/airflow/example_dags/example_python_operator.py
[2026-05-28T10:15:26.143+0000] {processor.py:914} INFO - Processing file /home/airflow/.local/lib/python3.12/site-packages/airflow/example_dags/example_python_operator.py for tasks to queue
[2026-05-28T10:15:26.150+0000] {logging_mixin.py:190} INFO - [2026-05-28T10:15:26.149+0000] {dagbag.py:588} INFO - Filling up the DagBag from /home/airflow/.local/lib/python3.12/site-packages/airflow/example_dags/example_python_operator.py
[2026-05-28T10:15:26.180+0000] {processor.py:925} INFO - DAG(s) 'example_python_operator' retrieved from /home/airflow/.local/lib/python3.12/site-packages/airflow/example_dags/example_python_operator.py
[2026-05-28T10:15:26.240+0000] {logging_mixin.py:190} INFO - [2026-05-28T10:15:26.240+0000] {dag.py:3239} INFO - Sync 1 DAGs
[2026-05-28T10:15:26.269+0000] {logging_mixin.py:190} INFO - [2026-05-28T10:15:26.268+0000] {dag.py:4180} INFO - Setting next_dagrun for example_python_operator to None, run_after=None
[2026-05-28T10:15:26.319+0000] {processor.py:208} INFO - Processing /home/airflow/.local/lib/python3.12/site-packages/airflow/example_dags/example_python_operator.py took 0.194 seconds
[2026-05-28T10:16:02.025+0000] {processor.py:186} INFO - Started process (PID=1565) to work on /home/airflow/.local/lib/python3.12/site-packages/airflow/example_dags/example_python_operator.py
[2026-05-28T10:16:02.026+0000] {processor.py:914} INFO - Processing file /home/airflow/.local/lib/python3.12/site-packages/airflow/example_dags/example_python_operator.py for tasks to queue
[2026-05-28T10:16:02.033+0000] {logging_mixin.py:190} INFO - [2026-05-28T10:16:02.032+0000] {dagbag.py:588} INFO - Filling up the DagBag from /home/airflow/.local/lib/python3.12/site-packages/airflow/example_dags/example_python_operator.py
[2026-05-28T10:16:02.058+0000] {processor.py:925} INFO - DAG(s) 'example_python_operator' retrieved from /home/airflow/.local/lib/python3.12/site-packages/airflow/example_dags/example_python_operator.py
[2026-05-28T10:16:02.115+0000] {logging_mixin.py:190} INFO - [2026-05-28T10:16:02.115+0000] {dag.py:3239} INFO - Sync 1 DAGs
[2026-05-28T10:16:02.146+0000] {logging_mixin.py:190} INFO - [2026-05-28T10:16:02.145+0000] {dag.py:4180} INFO - Setting next_dagrun for example_python_operator to None, run_after=None
[2026-05-28T10:16:02.194+0000] {processor.py:208} INFO - Processing /home/airflow/.local/lib/python3.12/site-packages/airflow/example_dags/example_python_operator.py took 0.177 seconds
[2026-05-28T10:16:37.568+0000] {processor.py:186} INFO - Started process (PID=1627) to work on /home/airflow/.local/lib/python3.12/site-packages/airflow/example_dags/example_python_operator.py
[2026-05-28T10:16:37.570+0000] {processor.py:914} INFO - Processing file /home/airflow/.local/lib/python3.12/site-packages/airflow/example_dags/example_python_operator.py for tasks to queue
[2026-05-28T10:16:37.575+0000] {logging_mixin.py:190} INFO - [2026-05-28T10:16:37.574+0000] {dagbag.py:588} INFO - Filling up the DagBag from /home/airflow/.local/lib/python3.12/site-packages/airflow/example_dags/example_python_operator.py
[2026-05-28T10:16:37.596+0000] {processor.py:925} INFO - DAG(s) 'example_python_operator' retrieved from /home/airflow/.local/lib/python3.12/site-packages/airflow/example_dags/example_python_operator.py
[2026-05-28T10:16:37.645+0000] {logging_mixin.py:190} INFO - [2026-05-28T10:16:37.644+0000] {dag.py:3239} INFO - Sync 1 DAGs
[2026-05-28T10:16:37.665+0000] {logging_mixin.py:190} INFO - [2026-05-28T10:16:37.664+0000] {dag.py:4180} INFO - Setting next_dagrun for example_python_operator to None, run_after=None
[2026-05-28T10:16:37.699+0000] {processor.py:208} INFO - Processing /home/airflow/.local/lib/python3.12/site-packages/airflow/example_dags/example_python_operator.py took 0.141 seconds
[2026-05-28T10:17:23.105+0000] {processor.py:186} INFO - Started process (PID=1695) to work on /home/airflow/.local/lib/python3.12/site-packages/airflow/example_dags/example_python_operator.py
[2026-05-28T10:17:23.107+0000] {processor.py:914} INFO - Processing file /home/airflow/.local/lib/python3.12/site-packages/airflow/example_dags/example_python_operator.py for tasks to queue
[2026-05-28T10:17:23.112+0000] {logging_mixin.py:190} INFO - [2026-05-28T10:17:23.111+0000] {dagbag.py:588} INFO - Filling up the DagBag from /home/airflow/.local/lib/python3.12/site-packages/airflow/example_dags/example_python_operator.py
[2026-05-28T10:17:23.138+0000] {processor.py:925} INFO - DAG(s) 'example_python_operator' retrieved from /home/airflow/.local/lib/python3.12/site-packages/airflow/example_dags/example_python_operator.py
[2026-05-28T10:17:23.196+0000] {logging_mixin.py:190} INFO - [2026-05-28T10:17:23.195+0000] {dag.py:3239} INFO - Sync 1 DAGs
[2026-05-28T10:17:23.223+0000] {logging_mixin.py:190} INFO - [2026-05-28T10:17:23.223+0000] {dag.py:4180} INFO - Setting next_dagrun for example_python_operator to None, run_after=None
[2026-05-28T10:17:23.312+0000] {processor.py:208} INFO - Processing /home/airflow/.local/lib/python3.12/site-packages/airflow/example_dags/example_python_operator.py took 0.216 seconds
[2026-05-28T10:17:59.998+0000] {processor.py:186} INFO - Started process (PID=1758) to work on /home/airflow/.local/lib/python3.12/site-packages/airflow/example_dags/example_python_operator.py
[2026-05-28T10:18:00.000+0000] {processor.py:914} INFO - Processing file /home/airflow/.local/lib/python3.12/site-packages/airflow/example_dags/example_python_operator.py for tasks to queue
[2026-05-28T10:18:00.005+0000] {logging_mixin.py:190} INFO - [2026-05-28T10:18:00.005+0000] {dagbag.py:588} INFO - Filling up the DagBag from /home/airflow/.local/lib/python3.12/site-packages/airflow/example_dags/example_python_operator.py
[2026-05-28T10:18:00.029+0000] {processor.py:925} INFO - DAG(s) 'example_python_operator' retrieved from /home/airflow/.local/lib/python3.12/site-packages/airflow/example_dags/example_python_operator.py
[2026-05-28T10:18:00.079+0000] {logging_mixin.py:190} INFO - [2026-05-28T10:18:00.079+0000] {dag.py:3239} INFO - Sync 1 DAGs
[2026-05-28T10:18:00.107+0000] {logging_mixin.py:190} INFO - [2026-05-28T10:18:00.106+0000] {dag.py:4180} INFO - Setting next_dagrun for example_python_operator to None, run_after=None
[2026-05-28T10:18:00.152+0000] {processor.py:208} INFO - Processing /home/airflow/.local/lib/python3.12/site-packages/airflow/example_dags/example_python_operator.py took 0.166 seconds
[2026-05-28T10:18:33.204+0000] {processor.py:186} INFO - Started process (PID=1826) to work on /home/airflow/.local/lib/python3.12/site-packages/airflow/example_dags/example_python_operator.py
[2026-05-28T10:18:33.206+0000] {processor.py:914} INFO - Processing file /home/airflow/.local/lib/python3.12/site-packages/airflow/example_dags/example_python_operator.py for tasks to queue
[2026-05-28T10:18:33.210+0000] {logging_mixin.py:190} INFO - [2026-05-28T10:18:33.210+0000] {dagbag.py:588} INFO - Filling up the DagBag from /home/airflow/.local/lib/python3.12/site-packages/airflow/example_dags/example_python_operator.py
[2026-05-28T10:18:33.228+0000] {processor.py:925} INFO - DAG(s) 'example_python_operator' retrieved from /home/airflow/.local/lib/python3.12/site-packages/airflow/example_dags/example_python_operator.py
[2026-05-28T10:18:33.268+0000] {logging_mixin.py:190} INFO - [2026-05-28T10:18:33.267+0000] {dag.py:3239} INFO - Sync 1 DAGs
[2026-05-28T10:18:33.288+0000] {logging_mixin.py:190} INFO - [2026-05-28T10:18:33.288+0000] {dag.py:4180} INFO - Setting next_dagrun for example_python_operator to None, run_after=None
[2026-05-28T10:18:33.323+0000] {processor.py:208} INFO - Processing /home/airflow/.local/lib/python3.12/site-packages/airflow/example_dags/example_python_operator.py took 0.127 seconds
[2026-05-28T10:19:05.304+0000] {processor.py:186} INFO - Started process (PID=1888) to work on /home/airflow/.local/lib/python3.12/site-packages/airflow/example_dags/example_python_operator.py
[2026-05-28T10:19:05.306+0000] {processor.py:914} INFO - Processing file /home/airflow/.local/lib/python3.12/site-packages/airflow/example_dags/example_python_operator.py for tasks to queue
[2026-05-28T10:19:05.312+0000] {logging_mixin.py:190} INFO - [2026-05-28T10:19:05.311+0000] {dagbag.py:588} INFO - Filling up the DagBag from /home/airflow/.local/lib/python3.12/site-packages/airflow/example_dags/example_python_operator.py
[2026-05-28T10:19:05.341+0000] {processor.py:925} INFO - DAG(s) 'example_python_operator' retrieved from /home/airflow/.local/lib/python3.12/site-packages/airflow/example_dags/example_python_operator.py
[2026-05-28T10:19:05.393+0000] {logging_mixin.py:190} INFO - [2026-05-28T10:19:05.392+0000] {dag.py:3239} INFO - Sync 1 DAGs
[2026-05-28T10:19:05.415+0000] {logging_mixin.py:190} INFO - [2026-05-28T10:19:05.414+0000] {dag.py:4180} INFO - Setting next_dagrun for example_python_operator to None, run_after=None
[2026-05-28T10:19:05.454+0000] {processor.py:208} INFO - Processing /home/airflow/.local/lib/python3.12/site-packages/airflow/example_dags/example_python_operator.py took 0.163 seconds
[2026-05-28T10:19:44.399+0000] {processor.py:186} INFO - Started process (PID=1950) to work on /home/airflow/.local/lib/python3.12/site-packages/airflow/example_dags/example_python_operator.py
[2026-05-28T10:19:44.401+0000] {processor.py:914} INFO - Processing file /home/airflow/.local/lib/python3.12/site-packages/airflow/example_dags/example_python_operator.py for tasks to queue
[2026-05-28T10:19:44.406+0000] {logging_mixin.py:190} INFO - [2026-05-28T10:19:44.406+0000] {dagbag.py:588} INFO - Filling up the DagBag from /home/airflow/.local/lib/python3.12/site-packages/airflow/example_dags/example_python_operator.py
[2026-05-28T10:19:44.434+0000] {processor.py:925} INFO - DAG(s) 'example_python_operator' retrieved from /home/airflow/.local/lib/python3.12/site-packages/airflow/example_dags/example_python_operator.py
[2026-05-28T10:19:44.492+0000] {logging_mixin.py:190} INFO - [2026-05-28T10:19:44.491+0000] {dag.py:3239} INFO - Sync 1 DAGs
[2026-05-28T10:19:44.536+0000] {logging_mixin.py:190} INFO - [2026-05-28T10:19:44.535+0000] {dag.py:4180} INFO - Setting next_dagrun for example_python_operator to None, run_after=None
[2026-05-28T10:19:44.576+0000] {processor.py:208} INFO - Processing /home/airflow/.local/lib/python3.12/site-packages/airflow/example_dags/example_python_operator.py took 0.187 seconds
[2026-05-28T10:20:15.642+0000] {processor.py:186} INFO - Started process (PID=2012) to work on /home/airflow/.local/lib/python3.12/site-packages/airflow/example_dags/example_python_operator.py
[2026-05-28T10:20:15.644+0000] {processor.py:914} INFO - Processing file /home/airflow/.local/lib/python3.12/site-packages/airflow/example_dags/example_python_operator.py for tasks to queue
[2026-05-28T10:20:15.649+0000] {logging_mixin.py:190} INFO - [2026-05-28T10:20:15.649+0000] {dagbag.py:588} INFO - Filling up the DagBag from /home/airflow/.local/lib/python3.12/site-packages/airflow/example_dags/example_python_operator.py
[2026-05-28T10:20:15.671+0000] {processor.py:925} INFO - DAG(s) 'example_python_operator' retrieved from /home/airflow/.local/lib/python3.12/site-packages/airflow/example_dags/example_python_operator.py
[2026-05-28T10:20:15.719+0000] {logging_mixin.py:190} INFO - [2026-05-28T10:20:15.718+0000] {dag.py:3239} INFO - Sync 1 DAGs
[2026-05-28T10:20:15.755+0000] {logging_mixin.py:190} INFO - [2026-05-28T10:20:15.754+0000] {dag.py:4180} INFO - Setting next_dagrun for example_python_operator to None, run_after=None
[2026-05-28T10:20:15.801+0000] {processor.py:208} INFO - Processing /home/airflow/.local/lib/python3.12/site-packages/airflow/example_dags/example_python_operator.py took 0.170 seconds
[2026-05-28T10:20:48.118+0000] {processor.py:186} INFO - Started process (PID=2074) to work on /home/airflow/.local/lib/python3.12/site-packages/airflow/example_dags/example_python_operator.py
[2026-05-28T10:20:48.121+0000] {processor.py:914} INFO - Processing file /home/airflow/.local/lib/python3.12/site-packages/airflow/example_dags/example_python_operator.py for tasks to queue
[2026-05-28T10:20:48.127+0000] {logging_mixin.py:190} INFO - [2026-05-28T10:20:48.126+0000] {dagbag.py:588} INFO - Filling up the DagBag from /home/airflow/.local/lib/python3.12/site-packages/airflow/example_dags/example_python_operator.py
[2026-05-28T10:20:48.157+0000] {processor.py:925} INFO - DAG(s) 'example_python_operator' retrieved from /home/airflow/.local/lib/python3.12/site-packages/airflow/example_dags/example_python_operator.py
[2026-05-28T10:20:48.217+0000] {logging_mixin.py:190} INFO - [2026-05-28T10:20:48.216+0000] {dag.py:3239} INFO - Sync 1 DAGs
[2026-05-28T10:20:48.253+0000] {logging_mixin.py:190} INFO - [2026-05-28T10:20:48.252+0000] {dag.py:4180} INFO - Setting next_dagrun for example_python_operator to None, run_after=None
[2026-05-28T10:20:48.310+0000] {processor.py:208} INFO - Processing /home/airflow/.local/lib/python3.12/site-packages/airflow/example_dags/example_python_operator.py took 0.206 seconds
[2026-05-28T10:21:27.070+0000] {processor.py:186} INFO - Started process (PID=2138) to work on /home/airflow/.local/lib/python3.12/site-packages/airflow/example_dags/example_python_operator.py
[2026-05-28T10:21:27.072+0000] {processor.py:914} INFO - Processing file /home/airflow/.local/lib/python3.12/site-packages/airflow/example_dags/example_python_operator.py for tasks to queue
[2026-05-28T10:21:27.078+0000] {logging_mixin.py:190} INFO - [2026-05-28T10:21:27.077+0000] {dagbag.py:588} INFO - Filling up the DagBag from /home/airflow/.local/lib/python3.12/site-packages/airflow/example_dags/example_python_operator.py
[2026-05-28T10:21:27.102+0000] {processor.py:925} INFO - DAG(s) 'example_python_operator' retrieved from /home/airflow/.local/lib/python3.12/site-packages/airflow/example_dags/example_python_operator.py
[2026-05-28T10:21:27.153+0000] {logging_mixin.py:190} INFO - [2026-05-28T10:21:27.152+0000] {dag.py:3239} INFO - Sync 1 DAGs
[2026-05-28T10:21:27.184+0000] {logging_mixin.py:190} INFO - [2026-05-28T10:21:27.183+0000] {dag.py:4180} INFO - Setting next_dagrun for example_python_operator to None, run_after=None
[2026-05-28T10:21:27.235+0000] {processor.py:208} INFO - Processing /home/airflow/.local/lib/python3.12/site-packages/airflow/example_dags/example_python_operator.py took 0.177 seconds
[2026-05-28T10:22:05.656+0000] {processor.py:186} INFO - Started process (PID=2208) to work on /home/airflow/.local/lib/python3.12/site-packages/airflow/example_dags/example_python_operator.py
[2026-05-28T10:22:05.658+0000] {processor.py:914} INFO - Processing file /home/airflow/.local/lib/python3.12/site-packages/airflow/example_dags/example_python_operator.py for tasks to queue
[2026-05-28T10:22:05.663+0000] {logging_mixin.py:190} INFO - [2026-05-28T10:22:05.663+0000] {dagbag.py:588} INFO - Filling up the DagBag from /home/airflow/.local/lib/python3.12/site-packages/airflow/example_dags/example_python_operator.py
[2026-05-28T10:22:05.687+0000] {processor.py:925} INFO - DAG(s) 'example_python_operator' retrieved from /home/airflow/.local/lib/python3.12/site-packages/airflow/example_dags/example_python_operator.py
[2026-05-28T10:22:05.743+0000] {logging_mixin.py:190} INFO - [2026-05-28T10:22:05.743+0000] {dag.py:3239} INFO - Sync 1 DAGs
[2026-05-28T10:22:05.767+0000] {logging_mixin.py:190} INFO - [2026-05-28T10:22:05.766+0000] {dag.py:4180} INFO - Setting next_dagrun for example_python_operator to None, run_after=None
[2026-05-28T10:22:05.809+0000] {processor.py:208} INFO - Processing /home/airflow/.local/lib/python3.12/site-packages/airflow/example_dags/example_python_operator.py took 0.163 seconds
[2026-05-28T10:22:43.245+0000] {processor.py:186} INFO - Started process (PID=2269) to work on /home/airflow/.local/lib/python3.12/site-packages/airflow/example_dags/example_python_operator.py
[2026-05-28T10:22:43.247+0000] {processor.py:914} INFO - Processing file /home/airflow/.local/lib/python3.12/site-packages/airflow/example_dags/example_python_operator.py for tasks to queue
[2026-05-28T10:22:43.251+0000] {logging_mixin.py:190} INFO - [2026-05-28T10:22:43.251+0000] {dagbag.py:588} INFO - Filling up the DagBag from /home/airflow/.local/lib/python3.12/site-packages/airflow/example_dags/example_python_operator.py
[2026-05-28T10:22:43.275+0000] {processor.py:925} INFO - DAG(s) 'example_python_operator' retrieved from /home/airflow/.local/lib/python3.12/site-packages/airflow/example_dags/example_python_operator.py
[2026-05-28T10:22:43.321+0000] {logging_mixin.py:190} INFO - [2026-05-28T10:22:43.321+0000] {dag.py:3239} INFO - Sync 1 DAGs
[2026-05-28T10:22:43.344+0000] {logging_mixin.py:190} INFO - [2026-05-28T10:22:43.343+0000] {dag.py:4180} INFO - Setting next_dagrun for example_python_operator to None, run_after=None
[2026-05-28T10:22:43.379+0000] {processor.py:208} INFO - Processing /home/airflow/.local/lib/python3.12/site-packages/airflow/example_dags/example_python_operator.py took 0.143 seconds
[2026-05-28T10:23:16.119+0000] {processor.py:186} INFO - Started process (PID=2331) to work on /home/airflow/.local/lib/python3.12/site-packages/airflow/example_dags/example_python_operator.py
[2026-05-28T10:23:16.120+0000] {processor.py:914} INFO - Processing file /home/airflow/.local/lib/python3.12/site-packages/airflow/example_dags/example_python_operator.py for tasks to queue
[2026-05-28T10:23:16.125+0000] {logging_mixin.py:190} INFO - [2026-05-28T10:23:16.124+0000] {dagbag.py:588} INFO - Filling up the DagBag from /home/airflow/.local/lib/python3.12/site-packages/airflow/example_dags/example_python_operator.py
[2026-05-28T10:23:16.145+0000] {processor.py:925} INFO - DAG(s) 'example_python_operator' retrieved from /home/airflow/.local/lib/python3.12/site-packages/airflow/example_dags/example_python_operator.py
[2026-05-28T10:23:16.188+0000] {logging_mixin.py:190} INFO - [2026-05-28T10:23:16.188+0000] {dag.py:3239} INFO - Sync 1 DAGs
[2026-05-28T10:23:16.208+0000] {logging_mixin.py:190} INFO - [2026-05-28T10:23:16.208+0000] {dag.py:4180} INFO - Setting next_dagrun for example_python_operator to None, run_after=None
[2026-05-28T10:23:16.248+0000] {processor.py:208} INFO - Processing /home/airflow/.local/lib/python3.12/site-packages/airflow/example_dags/example_python_operator.py took 0.139 seconds
[2026-05-28T10:23:48.998+0000] {processor.py:186} INFO - Started process (PID=2394) to work on /home/airflow/.local/lib/python3.12/site-packages/airflow/example_dags/example_python_operator.py
[2026-05-28T10:23:49.002+0000] {processor.py:914} INFO - Processing file /home/airflow/.local/lib/python3.12/site-packages/airflow/example_dags/example_python_operator.py for tasks to queue
[2026-05-28T10:23:49.010+0000] {logging_mixin.py:190} INFO - [2026-05-28T10:23:49.009+0000] {dagbag.py:588} INFO - Filling up the DagBag from /home/airflow/.local/lib/python3.12/site-packages/airflow/example_dags/example_python_operator.py
[2026-05-28T10:23:49.036+0000] {processor.py:925} INFO - DAG(s) 'example_python_operator' retrieved from /home/airflow/.local/lib/python3.12/site-packages/airflow/example_dags/example_python_operator.py
[2026-05-28T10:23:49.106+0000] {logging_mixin.py:190} INFO - [2026-05-28T10:23:49.106+0000] {dag.py:3239} INFO - Sync 1 DAGs
[2026-05-28T10:23:49.146+0000] {logging_mixin.py:190} INFO - [2026-05-28T10:23:49.146+0000] {dag.py:4180} INFO - Setting next_dagrun for example_python_operator to None, run_after=None
[2026-05-28T10:23:49.191+0000] {processor.py:208} INFO - Processing /home/airflow/.local/lib/python3.12/site-packages/airflow/example_dags/example_python_operator.py took 0.207 seconds
[2026-05-28T10:24:22.607+0000] {processor.py:186} INFO - Started process (PID=2457) to work on /home/airflow/.local/lib/python3.12/site-packages/airflow/example_dags/example_python_operator.py
[2026-05-28T10:24:22.610+0000] {processor.py:914} INFO - Processing file /home/airflow/.local/lib/python3.12/site-packages/airflow/example_dags/example_python_operator.py for tasks to queue
[2026-05-28T10:24:22.616+0000] {logging_mixin.py:190} INFO - [2026-05-28T10:24:22.615+0000] {dagbag.py:588} INFO - Filling up the DagBag from /home/airflow/.local/lib/python3.12/site-packages/airflow/example_dags/example_python_operator.py
[2026-05-28T10:24:22.642+0000] {processor.py:925} INFO - DAG(s) 'example_python_operator' retrieved from /home/airflow/.local/lib/python3.12/site-packages/airflow/example_dags/example_python_operator.py
[2026-05-28T10:24:22.690+0000] {logging_mixin.py:190} INFO - [2026-05-28T10:24:22.690+0000] {dag.py:3239} INFO - Sync 1 DAGs
[2026-05-28T10:24:22.721+0000] {logging_mixin.py:190} INFO - [2026-05-28T10:24:22.720+0000] {dag.py:4180} INFO - Setting next_dagrun for example_python_operator to None, run_after=None
[2026-05-28T10:24:22.755+0000] {processor.py:208} INFO - Processing /home/airflow/.local/lib/python3.12/site-packages/airflow/example_dags/example_python_operator.py took 0.161 seconds
[2026-05-28T10:24:55.117+0000] {processor.py:186} INFO - Started process (PID=2518) to work on /home/airflow/.local/lib/python3.12/site-packages/airflow/example_dags/example_python_operator.py
[2026-05-28T10:24:55.119+0000] {processor.py:914} INFO - Processing file /home/airflow/.local/lib/python3.12/site-packages/airflow/example_dags/example_python_operator.py for tasks to queue
[2026-05-28T10:24:55.126+0000] {logging_mixin.py:190} INFO - [2026-05-28T10:24:55.126+0000] {dagbag.py:588} INFO - Filling up the DagBag from /home/airflow/.local/lib/python3.12/site-packages/airflow/example_dags/example_python_operator.py
[2026-05-28T10:24:55.155+0000] {processor.py:925} INFO - DAG(s) 'example_python_operator' retrieved from /home/airflow/.local/lib/python3.12/site-packages/airflow/example_dags/example_python_operator.py
[2026-05-28T10:24:55.204+0000] {logging_mixin.py:190} INFO - [2026-05-28T10:24:55.203+0000] {dag.py:3239} INFO - Sync 1 DAGs
[2026-05-28T10:24:55.234+0000] {logging_mixin.py:190} INFO - [2026-05-28T10:24:55.234+0000] {dag.py:4180} INFO - Setting next_dagrun for example_python_operator to None, run_after=None
[2026-05-28T10:24:55.270+0000] {processor.py:208} INFO - Processing /home/airflow/.local/lib/python3.12/site-packages/airflow/example_dags/example_python_operator.py took 0.170 seconds
[2026-05-28T10:25:33.559+0000] {processor.py:186} INFO - Started process (PID=2585) to work on /home/airflow/.local/lib/python3.12/site-packages/airflow/example_dags/example_python_operator.py
[2026-05-28T10:25:33.562+0000] {processor.py:914} INFO - Processing file /home/airflow/.local/lib/python3.12/site-packages/airflow/example_dags/example_python_operator.py for tasks to queue
[2026-05-28T10:25:33.568+0000] {logging_mixin.py:190} INFO - [2026-05-28T10:25:33.567+0000] {dagbag.py:588} INFO - Filling up the DagBag from /home/airflow/.local/lib/python3.12/site-packages/airflow/example_dags/example_python_operator.py
[2026-05-28T10:25:33.604+0000] {processor.py:925} INFO - DAG(s) 'example_python_operator' retrieved from /home/airflow/.local/lib/python3.12/site-packages/airflow/example_dags/example_python_operator.py
[2026-05-28T10:25:33.659+0000] {logging_mixin.py:190} INFO - [2026-05-28T10:25:33.659+0000] {dag.py:3239} INFO - Sync 1 DAGs
[2026-05-28T10:25:33.693+0000] {logging_mixin.py:190} INFO - [2026-05-28T10:25:33.693+0000] {dag.py:4180} INFO - Setting next_dagrun for example_python_operator to None, run_after=None
[2026-05-28T10:25:33.731+0000] {processor.py:208} INFO - Processing /home/airflow/.local/lib/python3.12/site-packages/airflow/example_dags/example_python_operator.py took 0.186 seconds
[2026-05-28T10:26:08.287+0000] {processor.py:186} INFO - Started process (PID=2647) to work on /home/airflow/.local/lib/python3.12/site-packages/airflow/example_dags/example_python_operator.py
[2026-05-28T10:26:08.289+0000] {processor.py:914} INFO - Processing file /home/airflow/.local/lib/python3.12/site-packages/airflow/example_dags/example_python_operator.py for tasks to queue
[2026-05-28T10:26:08.294+0000] {logging_mixin.py:190} INFO - [2026-05-28T10:26:08.293+0000] {dagbag.py:588} INFO - Filling up the DagBag from /home/airflow/.local/lib/python3.12/site-packages/airflow/example_dags/example_python_operator.py
[2026-05-28T10:26:08.318+0000] {processor.py:925} INFO - DAG(s) 'example_python_operator' retrieved from /home/airflow/.local/lib/python3.12/site-packages/airflow/example_dags/example_python_operator.py
[2026-05-28T10:26:08.369+0000] {logging_mixin.py:190} INFO - [2026-05-28T10:26:08.368+0000] {dag.py:3239} INFO - Sync 1 DAGs
[2026-05-28T10:26:08.396+0000] {logging_mixin.py:190} INFO - [2026-05-28T10:26:08.396+0000] {dag.py:4180} INFO - Setting next_dagrun for example_python_operator to None, run_after=None
[2026-05-28T10:26:08.433+0000] {processor.py:208} INFO - Processing /home/airflow/.local/lib/python3.12/site-packages/airflow/example_dags/example_python_operator.py took 0.158 seconds
[2026-05-28T10:26:45.000+0000] {processor.py:186} INFO - Started process (PID=2711) to work on /home/airflow/.local/lib/python3.12/site-packages/airflow/example_dags/example_python_operator.py
[2026-05-28T10:26:45.002+0000] {processor.py:914} INFO - Processing file /home/airflow/.local/lib/python3.12/site-packages/airflow/example_dags/example_python_operator.py for tasks to queue
[2026-05-28T10:26:45.015+0000] {logging_mixin.py:190} INFO - [2026-05-28T10:26:45.013+0000] {dagbag.py:588} INFO - Filling up the DagBag from /home/airflow/.local/lib/python3.12/site-packages/airflow/example_dags/example_python_operator.py
[2026-05-28T10:26:45.060+0000] {processor.py:925} INFO - DAG(s) 'example_python_operator' retrieved from /home/airflow/.local/lib/python3.12/site-packages/airflow/example_dags/example_python_operator.py
[2026-05-28T10:26:45.135+0000] {logging_mixin.py:190} INFO - [2026-05-28T10:26:45.135+0000] {dag.py:3239} INFO - Sync 1 DAGs
[2026-05-28T10:26:45.185+0000] {logging_mixin.py:190} INFO - [2026-05-28T10:26:45.184+0000] {dag.py:4180} INFO - Setting next_dagrun for example_python_operator to None, run_after=None
[2026-05-28T10:26:45.289+0000] {processor.py:208} INFO - Processing /home/airflow/.local/lib/python3.12/site-packages/airflow/example_dags/example_python_operator.py took 0.310 seconds
[2026-05-28T10:27:22.265+0000] {processor.py:186} INFO - Started process (PID=2785) to work on /home/airflow/.local/lib/python3.12/site-packages/airflow/example_dags/example_python_operator.py
[2026-05-28T10:27:22.270+0000] {processor.py:914} INFO - Processing file /home/airflow/.local/lib/python3.12/site-packages/airflow/example_dags/example_python_operator.py for tasks to queue
[2026-05-28T10:27:22.283+0000] {logging_mixin.py:190} INFO - [2026-05-28T10:27:22.281+0000] {dagbag.py:588} INFO - Filling up the DagBag from /home/airflow/.local/lib/python3.12/site-packages/airflow/example_dags/example_python_operator.py
[2026-05-28T10:27:22.332+0000] {processor.py:925} INFO - DAG(s) 'example_python_operator' retrieved from /home/airflow/.local/lib/python3.12/site-packages/airflow/example_dags/example_python_operator.py
[2026-05-28T10:27:22.405+0000] {logging_mixin.py:190} INFO - [2026-05-28T10:27:22.405+0000] {dag.py:3239} INFO - Sync 1 DAGs
[2026-05-28T10:27:22.484+0000] {logging_mixin.py:190} INFO - [2026-05-28T10:27:22.483+0000] {dag.py:4180} INFO - Setting next_dagrun for example_python_operator to None, run_after=None
[2026-05-28T10:27:22.544+0000] {processor.py:208} INFO - Processing /home/airflow/.local/lib/python3.12/site-packages/airflow/example_dags/example_python_operator.py took 0.299 seconds
[2026-05-28T10:27:56.210+0000] {processor.py:186} INFO - Started process (PID=2854) to work on /home/airflow/.local/lib/python3.12/site-packages/airflow/example_dags/example_python_operator.py
[2026-05-28T10:27:56.211+0000] {processor.py:914} INFO - Processing file /home/airflow/.local/lib/python3.12/site-packages/airflow/example_dags/example_python_operator.py for tasks to queue
[2026-05-28T10:27:56.221+0000] {logging_mixin.py:190} INFO - [2026-05-28T10:27:56.220+0000] {dagbag.py:588} INFO - Filling up the DagBag from /home/airflow/.local/lib/python3.12/site-packages/airflow/example_dags/example_python_operator.py
[2026-05-28T10:27:56.248+0000] {processor.py:925} INFO - DAG(s) 'example_python_operator' retrieved from /home/airflow/.local/lib/python3.12/site-packages/airflow/example_dags/example_python_operator.py
[2026-05-28T10:27:56.301+0000] {logging_mixin.py:190} INFO - [2026-05-28T10:27:56.301+0000] {dag.py:3239} INFO - Sync 1 DAGs
[2026-05-28T10:27:56.328+0000] {logging_mixin.py:190} INFO - [2026-05-28T10:27:56.327+0000] {dag.py:4180} INFO - Setting next_dagrun for example_python_operator to None, run_after=None
[2026-05-28T10:27:56.375+0000] {processor.py:208} INFO - Processing /home/airflow/.local/lib/python3.12/site-packages/airflow/example_dags/example_python_operator.py took 0.175 seconds
[2026-05-28T10:28:36.435+0000] {processor.py:186} INFO - Started process (PID=2930) to work on /home/airflow/.local/lib/python3.12/site-packages/airflow/example_dags/example_python_operator.py
[2026-05-28T10:28:36.437+0000] {processor.py:914} INFO - Processing file /home/airflow/.local/lib/python3.12/site-packages/airflow/example_dags/example_python_operator.py for tasks to queue
[2026-05-28T10:28:36.446+0000] {logging_mixin.py:190} INFO - [2026-05-28T10:28:36.445+0000] {dagbag.py:588} INFO - Filling up the DagBag from /home/airflow/.local/lib/python3.12/site-packages/airflow/example_dags/example_python_operator.py
[2026-05-28T10:28:36.467+0000] {processor.py:925} INFO - DAG(s) 'example_python_operator' retrieved from /home/airflow/.local/lib/python3.12/site-packages/airflow/example_dags/example_python_operator.py
[2026-05-28T10:28:36.521+0000] {logging_mixin.py:190} INFO - [2026-05-28T10:28:36.520+0000] {dag.py:3239} INFO - Sync 1 DAGs
[2026-05-28T10:28:36.550+0000] {logging_mixin.py:190} INFO - [2026-05-28T10:28:36.550+0000] {dag.py:4180} INFO - Setting next_dagrun for example_python_operator to None, run_after=None
[2026-05-28T10:28:36.589+0000] {processor.py:208} INFO - Processing /home/airflow/.local/lib/python3.12/site-packages/airflow/example_dags/example_python_operator.py took 0.166 seconds
[2026-05-28T10:29:20.356+0000] {processor.py:186} INFO - Started process (PID=2994) to work on /home/airflow/.local/lib/python3.12/site-packages/airflow/example_dags/example_python_operator.py
[2026-05-28T10:29:20.357+0000] {processor.py:914} INFO - Processing file /home/airflow/.local/lib/python3.12/site-packages/airflow/example_dags/example_python_operator.py for tasks to queue
[2026-05-28T10:29:20.364+0000] {logging_mixin.py:190} INFO - [2026-05-28T10:29:20.363+0000] {dagbag.py:588} INFO - Filling up the DagBag from /home/airflow/.local/lib/python3.12/site-packages/airflow/example_dags/example_python_operator.py
[2026-05-28T10:29:20.389+0000] {processor.py:925} INFO - DAG(s) 'example_python_operator' retrieved from /home/airflow/.local/lib/python3.12/site-packages/airflow/example_dags/example_python_operator.py
[2026-05-28T10:29:20.441+0000] {logging_mixin.py:190} INFO - [2026-05-28T10:29:20.441+0000] {dag.py:3239} INFO - Sync 1 DAGs
[2026-05-28T10:29:20.465+0000] {logging_mixin.py:190} INFO - [2026-05-28T10:29:20.464+0000] {dag.py:4180} INFO - Setting next_dagrun for example_python_operator to None, run_after=None
[2026-05-28T10:29:20.535+0000] {processor.py:208} INFO - Processing /home/airflow/.local/lib/python3.12/site-packages/airflow/example_dags/example_python_operator.py took 0.191 seconds
[2026-05-28T10:30:07.705+0000] {processor.py:186} INFO - Started process (PID=3073) to work on /home/airflow/.local/lib/python3.12/site-packages/airflow/example_dags/example_python_operator.py
[2026-05-28T10:30:07.708+0000] {processor.py:914} INFO - Processing file /home/airflow/.local/lib/python3.12/site-packages/airflow/example_dags/example_python_operator.py for tasks to queue
[2026-05-28T10:30:07.714+0000] {logging_mixin.py:190} INFO - [2026-05-28T10:30:07.713+0000] {dagbag.py:588} INFO - Filling up the DagBag from /home/airflow/.local/lib/python3.12/site-packages/airflow/example_dags/example_python_operator.py
[2026-05-28T10:30:07.740+0000] {processor.py:925} INFO - DAG(s) 'example_python_operator' retrieved from /home/airflow/.local/lib/python3.12/site-packages/airflow/example_dags/example_python_operator.py
[2026-05-28T10:30:07.796+0000] {logging_mixin.py:190} INFO - [2026-05-28T10:30:07.796+0000] {dag.py:3239} INFO - Sync 1 DAGs
[2026-05-28T10:30:07.827+0000] {logging_mixin.py:190} INFO - [2026-05-28T10:30:07.827+0000] {dag.py:4180} INFO - Setting next_dagrun for example_python_operator to None, run_after=None
[2026-05-28T10:30:07.874+0000] {processor.py:208} INFO - Processing /home/airflow/.local/lib/python3.12/site-packages/airflow/example_dags/example_python_operator.py took 0.180 seconds
[2026-05-28T10:30:41.966+0000] {processor.py:186} INFO - Started process (PID=3135) to work on /home/airflow/.local/lib/python3.12/site-packages/airflow/example_dags/example_python_operator.py
[2026-05-28T10:30:41.971+0000] {processor.py:914} INFO - Processing file /home/airflow/.local/lib/python3.12/site-packages/airflow/example_dags/example_python_operator.py for tasks to queue
[2026-05-28T10:30:41.979+0000] {logging_mixin.py:190} INFO - [2026-05-28T10:30:41.978+0000] {dagbag.py:588} INFO - Filling up the DagBag from /home/airflow/.local/lib/python3.12/site-packages/airflow/example_dags/example_python_operator.py
[2026-05-28T10:30:42.006+0000] {processor.py:925} INFO - DAG(s) 'example_python_operator' retrieved from /home/airflow/.local/lib/python3.12/site-packages/airflow/example_dags/example_python_operator.py
[2026-05-28T10:30:42.070+0000] {logging_mixin.py:190} INFO - [2026-05-28T10:30:42.067+0000] {dag.py:3239} INFO - Sync 1 DAGs
[2026-05-28T10:30:42.114+0000] {logging_mixin.py:190} INFO - [2026-05-28T10:30:42.114+0000] {dag.py:4180} INFO - Setting next_dagrun for example_python_operator to None, run_after=None
[2026-05-28T10:30:42.173+0000] {processor.py:208} INFO - Processing /home/airflow/.local/lib/python3.12/site-packages/airflow/example_dags/example_python_operator.py took 0.217 seconds
[2026-05-28T10:31:15.048+0000] {processor.py:186} INFO - Started process (PID=3197) to work on /home/airflow/.local/lib/python3.12/site-packages/airflow/example_dags/example_python_operator.py
[2026-05-28T10:31:15.050+0000] {processor.py:914} INFO - Processing file /home/airflow/.local/lib/python3.12/site-packages/airflow/example_dags/example_python_operator.py for tasks to queue
[2026-05-28T10:31:15.062+0000] {logging_mixin.py:190} INFO - [2026-05-28T10:31:15.061+0000] {dagbag.py:588} INFO - Filling up the DagBag from /home/airflow/.local/lib/python3.12/site-packages/airflow/example_dags/example_python_operator.py
[2026-05-28T10:31:15.101+0000] {processor.py:925} INFO - DAG(s) 'example_python_operator' retrieved from /home/airflow/.local/lib/python3.12/site-packages/airflow/example_dags/example_python_operator.py
[2026-05-28T10:31:15.185+0000] {logging_mixin.py:190} INFO - [2026-05-28T10:31:15.184+0000] {dag.py:3239} INFO - Sync 1 DAGs
[2026-05-28T10:31:15.219+0000] {logging_mixin.py:190} INFO - [2026-05-28T10:31:15.218+0000] {dag.py:4180} INFO - Setting next_dagrun for example_python_operator to None, run_after=None
[2026-05-28T10:31:15.262+0000] {processor.py:208} INFO - Processing /home/airflow/.local/lib/python3.12/site-packages/airflow/example_dags/example_python_operator.py took 0.237 seconds
[2026-05-28T10:31:48.834+0000] {processor.py:186} INFO - Started process (PID=3259) to work on /home/airflow/.local/lib/python3.12/site-packages/airflow/example_dags/example_python_operator.py
[2026-05-28T10:31:48.836+0000] {processor.py:914} INFO - Processing file /home/airflow/.local/lib/python3.12/site-packages/airflow/example_dags/example_python_operator.py for tasks to queue
[2026-05-28T10:31:48.842+0000] {logging_mixin.py:190} INFO - [2026-05-28T10:31:48.841+0000] {dagbag.py:588} INFO - Filling up the DagBag from /home/airflow/.local/lib/python3.12/site-packages/airflow/example_dags/example_python_operator.py
[2026-05-28T10:31:48.869+0000] {processor.py:925} INFO - DAG(s) 'example_python_operator' retrieved from /home/airflow/.local/lib/python3.12/site-packages/airflow/example_dags/example_python_operator.py
[2026-05-28T10:31:48.943+0000] {logging_mixin.py:190} INFO - [2026-05-28T10:31:48.943+0000] {dag.py:3239} INFO - Sync 1 DAGs
[2026-05-28T10:31:48.986+0000] {logging_mixin.py:190} INFO - [2026-05-28T10:31:48.985+0000] {dag.py:4180} INFO - Setting next_dagrun for example_python_operator to None, run_after=None
[2026-05-28T10:31:49.043+0000] {processor.py:208} INFO - Processing /home/airflow/.local/lib/python3.12/site-packages/airflow/example_dags/example_python_operator.py took 0.222 seconds
[2026-05-28T10:32:27.630+0000] {processor.py:186} INFO - Started process (PID=3321) to work on /home/airflow/.local/lib/python3.12/site-packages/airflow/example_dags/example_python_operator.py
[2026-05-28T10:32:27.633+0000] {processor.py:914} INFO - Processing file /home/airflow/.local/lib/python3.12/site-packages/airflow/example_dags/example_python_operator.py for tasks to queue
[2026-05-28T10:32:27.640+0000] {logging_mixin.py:190} INFO - [2026-05-28T10:32:27.639+0000] {dagbag.py:588} INFO - Filling up the DagBag from /home/airflow/.local/lib/python3.12/site-packages/airflow/example_dags/example_python_operator.py
[2026-05-28T10:32:27.674+0000] {processor.py:925} INFO - DAG(s) 'example_python_operator' retrieved from /home/airflow/.local/lib/python3.12/site-packages/airflow/example_dags/example_python_operator.py
[2026-05-28T10:32:27.748+0000] {logging_mixin.py:190} INFO - [2026-05-28T10:32:27.746+0000] {dag.py:3239} INFO - Sync 1 DAGs
[2026-05-28T10:32:27.787+0000] {logging_mixin.py:190} INFO - [2026-05-28T10:32:27.787+0000] {dag.py:4180} INFO - Setting next_dagrun for example_python_operator to None, run_after=None
[2026-05-28T10:32:27.883+0000] {processor.py:208} INFO - Processing /home/airflow/.local/lib/python3.12/site-packages/airflow/example_dags/example_python_operator.py took 0.273 seconds
[2026-05-28T10:33:08.370+0000] {processor.py:186} INFO - Started process (PID=3390) to work on /home/airflow/.local/lib/python3.12/site-packages/airflow/example_dags/example_python_operator.py
[2026-05-28T10:33:08.372+0000] {processor.py:914} INFO - Processing file /home/airflow/.local/lib/python3.12/site-packages/airflow/example_dags/example_python_operator.py for tasks to queue
[2026-05-28T10:33:08.383+0000] {logging_mixin.py:190} INFO - [2026-05-28T10:33:08.382+0000] {dagbag.py:588} INFO - Filling up the DagBag from /home/airflow/.local/lib/python3.12/site-packages/airflow/example_dags/example_python_operator.py
[2026-05-28T10:33:08.414+0000] {processor.py:925} INFO - DAG(s) 'example_python_operator' retrieved from /home/airflow/.local/lib/python3.12/site-packages/airflow/example_dags/example_python_operator.py
[2026-05-28T10:33:08.477+0000] {logging_mixin.py:190} INFO - [2026-05-28T10:33:08.476+0000] {dag.py:3239} INFO - Sync 1 DAGs
[2026-05-28T10:33:08.512+0000] {logging_mixin.py:190} INFO - [2026-05-28T10:33:08.511+0000] {dag.py:4180} INFO - Setting next_dagrun for example_python_operator to None, run_after=None
[2026-05-28T10:33:08.560+0000] {processor.py:208} INFO - Processing /home/airflow/.local/lib/python3.12/site-packages/airflow/example_dags/example_python_operator.py took 0.202 seconds
[2026-05-28T10:34:08.790+0000] {processor.py:186} INFO - Started process (PID=3477) to work on /home/airflow/.local/lib/python3.12/site-packages/airflow/example_dags/example_python_operator.py
[2026-05-28T10:34:08.795+0000] {processor.py:914} INFO - Processing file /home/airflow/.local/lib/python3.12/site-packages/airflow/example_dags/example_python_operator.py for tasks to queue
[2026-05-28T10:34:08.800+0000] {logging_mixin.py:190} INFO - [2026-05-28T10:34:08.799+0000] {dagbag.py:588} INFO - Filling up the DagBag from /home/airflow/.local/lib/python3.12/site-packages/airflow/example_dags/example_python_operator.py
[2026-05-28T10:34:08.833+0000] {processor.py:925} INFO - DAG(s) 'example_python_operator' retrieved from /home/airflow/.local/lib/python3.12/site-packages/airflow/example_dags/example_python_operator.py
[2026-05-28T10:34:08.892+0000] {logging_mixin.py:190} INFO - [2026-05-28T10:34:08.891+0000] {dag.py:3239} INFO - Sync 1 DAGs
[2026-05-28T10:34:08.923+0000] {logging_mixin.py:190} INFO - [2026-05-28T10:34:08.922+0000] {dag.py:4180} INFO - Setting next_dagrun for example_python_operator to None, run_after=None
[2026-05-28T10:34:08.973+0000] {processor.py:208} INFO - Processing /home/airflow/.local/lib/python3.12/site-packages/airflow/example_dags/example_python_operator.py took 0.194 seconds
[2026-05-28T10:34:44.641+0000] {processor.py:186} INFO - Started process (PID=3539) to work on /home/airflow/.local/lib/python3.12/site-packages/airflow/example_dags/example_python_operator.py
[2026-05-28T10:34:44.643+0000] {processor.py:914} INFO - Processing file /home/airflow/.local/lib/python3.12/site-packages/airflow/example_dags/example_python_operator.py for tasks to queue
[2026-05-28T10:34:44.650+0000] {logging_mixin.py:190} INFO - [2026-05-28T10:34:44.649+0000] {dagbag.py:588} INFO - Filling up the DagBag from /home/airflow/.local/lib/python3.12/site-packages/airflow/example_dags/example_python_operator.py
[2026-05-28T10:34:44.705+0000] {processor.py:925} INFO - DAG(s) 'example_python_operator' retrieved from /home/airflow/.local/lib/python3.12/site-packages/airflow/example_dags/example_python_operator.py
[2026-05-28T10:34:44.851+0000] {logging_mixin.py:190} INFO - [2026-05-28T10:34:44.850+0000] {dag.py:3239} INFO - Sync 1 DAGs
[2026-05-28T10:34:44.918+0000] {logging_mixin.py:190} INFO - [2026-05-28T10:34:44.917+0000] {dag.py:4180} INFO - Setting next_dagrun for example_python_operator to None, run_after=None
[2026-05-28T10:34:45.001+0000] {processor.py:208} INFO - Processing /home/airflow/.local/lib/python3.12/site-packages/airflow/example_dags/example_python_operator.py took 0.373 seconds
[2026-05-28T10:35:20.360+0000] {processor.py:186} INFO - Started process (PID=3609) to work on /home/airflow/.local/lib/python3.12/site-packages/airflow/example_dags/example_python_operator.py
[2026-05-28T10:35:20.362+0000] {processor.py:914} INFO - Processing file /home/airflow/.local/lib/python3.12/site-packages/airflow/example_dags/example_python_operator.py for tasks to queue
[2026-05-28T10:35:20.367+0000] {logging_mixin.py:190} INFO - [2026-05-28T10:35:20.366+0000] {dagbag.py:588} INFO - Filling up the DagBag from /home/airflow/.local/lib/python3.12/site-packages/airflow/example_dags/example_python_operator.py
[2026-05-28T10:35:20.392+0000] {processor.py:925} INFO - DAG(s) 'example_python_operator' retrieved from /home/airflow/.local/lib/python3.12/site-packages/airflow/example_dags/example_python_operator.py
[2026-05-28T10:35:20.446+0000] {logging_mixin.py:190} INFO - [2026-05-28T10:35:20.446+0000] {dag.py:3239} INFO - Sync 1 DAGs
[2026-05-28T10:35:20.478+0000] {logging_mixin.py:190} INFO - [2026-05-28T10:35:20.478+0000] {dag.py:4180} INFO - Setting next_dagrun for example_python_operator to None, run_after=None
[2026-05-28T10:35:20.518+0000] {processor.py:208} INFO - Processing /home/airflow/.local/lib/python3.12/site-packages/airflow/example_dags/example_python_operator.py took 0.167 seconds
[2026-05-28T10:36:04.505+0000] {processor.py:186} INFO - Started process (PID=3668) to work on /home/airflow/.local/lib/python3.12/site-packages/airflow/example_dags/example_python_operator.py
[2026-05-28T10:36:04.508+0000] {processor.py:914} INFO - Processing file /home/airflow/.local/lib/python3.12/site-packages/airflow/example_dags/example_python_operator.py for tasks to queue
[2026-05-28T10:36:04.513+0000] {logging_mixin.py:190} INFO - [2026-05-28T10:36:04.513+0000] {dagbag.py:588} INFO - Filling up the DagBag from /home/airflow/.local/lib/python3.12/site-packages/airflow/example_dags/example_python_operator.py
[2026-05-28T10:36:04.546+0000] {processor.py:925} INFO - DAG(s) 'example_python_operator' retrieved from /home/airflow/.local/lib/python3.12/site-packages/airflow/example_dags/example_python_operator.py
[2026-05-28T10:36:04.607+0000] {logging_mixin.py:190} INFO - [2026-05-28T10:36:04.607+0000] {dag.py:3239} INFO - Sync 1 DAGs
[2026-05-28T10:36:04.643+0000] {logging_mixin.py:190} INFO - [2026-05-28T10:36:04.643+0000] {dag.py:4180} INFO - Setting next_dagrun for example_python_operator to None, run_after=None
[2026-05-28T10:36:04.685+0000] {processor.py:208} INFO - Processing /home/airflow/.local/lib/python3.12/site-packages/airflow/example_dags/example_python_operator.py took 0.195 seconds
[2026-05-28T10:39:43.780+0000] {processor.py:186} INFO - Started process (PID=123) to work on /home/airflow/.local/lib/python3.12/site-packages/airflow/example_dags/example_python_operator.py
[2026-05-28T10:39:43.782+0000] {processor.py:914} INFO - Processing file /home/airflow/.local/lib/python3.12/site-packages/airflow/example_dags/example_python_operator.py for tasks to queue
[2026-05-28T10:39:43.788+0000] {logging_mixin.py:190} INFO - [2026-05-28T10:39:43.787+0000] {dagbag.py:588} INFO - Filling up the DagBag from /home/airflow/.local/lib/python3.12/site-packages/airflow/example_dags/example_python_operator.py
[2026-05-28T10:39:43.810+0000] {processor.py:925} INFO - DAG(s) 'example_python_operator' retrieved from /home/airflow/.local/lib/python3.12/site-packages/airflow/example_dags/example_python_operator.py
[2026-05-28T10:39:44.126+0000] {logging_mixin.py:190} INFO - [2026-05-28T10:39:44.125+0000] {dag.py:3239} INFO - Sync 1 DAGs
[2026-05-28T10:39:44.159+0000] {logging_mixin.py:190} INFO - [2026-05-28T10:39:44.158+0000] {dag.py:4180} INFO - Setting next_dagrun for example_python_operator to None, run_after=None
[2026-05-28T10:39:44.208+0000] {processor.py:208} INFO - Processing /home/airflow/.local/lib/python3.12/site-packages/airflow/example_dags/example_python_operator.py took 0.438 seconds
[2026-05-28T10:40:23.915+0000] {processor.py:186} INFO - Started process (PID=193) to work on /home/airflow/.local/lib/python3.12/site-packages/airflow/example_dags/example_python_operator.py
[2026-05-28T10:40:23.918+0000] {processor.py:914} INFO - Processing file /home/airflow/.local/lib/python3.12/site-packages/airflow/example_dags/example_python_operator.py for tasks to queue
[2026-05-28T10:40:23.923+0000] {logging_mixin.py:190} INFO - [2026-05-28T10:40:23.923+0000] {dagbag.py:588} INFO - Filling up the DagBag from /home/airflow/.local/lib/python3.12/site-packages/airflow/example_dags/example_python_operator.py
[2026-05-28T10:40:24.004+0000] {processor.py:925} INFO - DAG(s) 'example_python_operator' retrieved from /home/airflow/.local/lib/python3.12/site-packages/airflow/example_dags/example_python_operator.py
[2026-05-28T10:40:24.116+0000] {logging_mixin.py:190} INFO - [2026-05-28T10:40:24.115+0000] {dag.py:3239} INFO - Sync 1 DAGs
[2026-05-28T10:40:24.194+0000] {logging_mixin.py:190} INFO - [2026-05-28T10:40:24.193+0000] {dag.py:4180} INFO - Setting next_dagrun for example_python_operator to None, run_after=None
[2026-05-28T10:40:24.266+0000] {processor.py:208} INFO - Processing /home/airflow/.local/lib/python3.12/site-packages/airflow/example_dags/example_python_operator.py took 0.366 seconds
[2026-05-28T10:40:57.451+0000] {processor.py:186} INFO - Started process (PID=256) to work on /home/airflow/.local/lib/python3.12/site-packages/airflow/example_dags/example_python_operator.py
[2026-05-28T10:40:57.453+0000] {processor.py:914} INFO - Processing file /home/airflow/.local/lib/python3.12/site-packages/airflow/example_dags/example_python_operator.py for tasks to queue
[2026-05-28T10:40:57.459+0000] {logging_mixin.py:190} INFO - [2026-05-28T10:40:57.458+0000] {dagbag.py:588} INFO - Filling up the DagBag from /home/airflow/.local/lib/python3.12/site-packages/airflow/example_dags/example_python_operator.py
[2026-05-28T10:40:57.487+0000] {processor.py:925} INFO - DAG(s) 'example_python_operator' retrieved from /home/airflow/.local/lib/python3.12/site-packages/airflow/example_dags/example_python_operator.py
[2026-05-28T10:40:57.543+0000] {logging_mixin.py:190} INFO - [2026-05-28T10:40:57.542+0000] {dag.py:3239} INFO - Sync 1 DAGs
[2026-05-28T10:40:57.594+0000] {logging_mixin.py:190} INFO - [2026-05-28T10:40:57.593+0000] {dag.py:4180} INFO - Setting next_dagrun for example_python_operator to None, run_after=None
[2026-05-28T10:40:57.663+0000] {processor.py:208} INFO - Processing /home/airflow/.local/lib/python3.12/site-packages/airflow/example_dags/example_python_operator.py took 0.223 seconds
[2026-05-28T10:41:39.477+0000] {processor.py:186} INFO - Started process (PID=332) to work on /home/airflow/.local/lib/python3.12/site-packages/airflow/example_dags/example_python_operator.py
[2026-05-28T10:41:39.479+0000] {processor.py:914} INFO - Processing file /home/airflow/.local/lib/python3.12/site-packages/airflow/example_dags/example_python_operator.py for tasks to queue
[2026-05-28T10:41:39.484+0000] {logging_mixin.py:190} INFO - [2026-05-28T10:41:39.484+0000] {dagbag.py:588} INFO - Filling up the DagBag from /home/airflow/.local/lib/python3.12/site-packages/airflow/example_dags/example_python_operator.py
[2026-05-28T10:41:39.504+0000] {processor.py:925} INFO - DAG(s) 'example_python_operator' retrieved from /home/airflow/.local/lib/python3.12/site-packages/airflow/example_dags/example_python_operator.py
[2026-05-28T10:41:39.551+0000] {logging_mixin.py:190} INFO - [2026-05-28T10:41:39.551+0000] {dag.py:3239} INFO - Sync 1 DAGs
[2026-05-28T10:41:39.578+0000] {logging_mixin.py:190} INFO - [2026-05-28T10:41:39.578+0000] {dag.py:4180} INFO - Setting next_dagrun for example_python_operator to None, run_after=None
[2026-05-28T10:41:39.614+0000] {processor.py:208} INFO - Processing /home/airflow/.local/lib/python3.12/site-packages/airflow/example_dags/example_python_operator.py took 0.147 seconds
[2026-05-28T10:42:15.139+0000] {processor.py:186} INFO - Started process (PID=400) to work on /home/airflow/.local/lib/python3.12/site-packages/airflow/example_dags/example_python_operator.py
[2026-05-28T10:42:15.141+0000] {processor.py:914} INFO - Processing file /home/airflow/.local/lib/python3.12/site-packages/airflow/example_dags/example_python_operator.py for tasks to queue
[2026-05-28T10:42:15.146+0000] {logging_mixin.py:190} INFO - [2026-05-28T10:42:15.146+0000] {dagbag.py:588} INFO - Filling up the DagBag from /home/airflow/.local/lib/python3.12/site-packages/airflow/example_dags/example_python_operator.py
[2026-05-28T10:42:15.172+0000] {processor.py:925} INFO - DAG(s) 'example_python_operator' retrieved from /home/airflow/.local/lib/python3.12/site-packages/airflow/example_dags/example_python_operator.py
[2026-05-28T10:42:15.219+0000] {logging_mixin.py:190} INFO - [2026-05-28T10:42:15.218+0000] {dag.py:3239} INFO - Sync 1 DAGs
[2026-05-28T10:42:15.258+0000] {logging_mixin.py:190} INFO - [2026-05-28T10:42:15.257+0000] {dag.py:4180} INFO - Setting next_dagrun for example_python_operator to None, run_after=None
[2026-05-28T10:42:15.297+0000] {processor.py:208} INFO - Processing /home/airflow/.local/lib/python3.12/site-packages/airflow/example_dags/example_python_operator.py took 0.169 seconds
[2026-05-28T10:42:50.354+0000] {processor.py:186} INFO - Started process (PID=468) to work on /home/airflow/.local/lib/python3.12/site-packages/airflow/example_dags/example_python_operator.py
[2026-05-28T10:42:50.356+0000] {processor.py:914} INFO - Processing file /home/airflow/.local/lib/python3.12/site-packages/airflow/example_dags/example_python_operator.py for tasks to queue
[2026-05-28T10:42:50.363+0000] {logging_mixin.py:190} INFO - [2026-05-28T10:42:50.362+0000] {dagbag.py:588} INFO - Filling up the DagBag from /home/airflow/.local/lib/python3.12/site-packages/airflow/example_dags/example_python_operator.py
[2026-05-28T10:42:50.391+0000] {processor.py:925} INFO - DAG(s) 'example_python_operator' retrieved from /home/airflow/.local/lib/python3.12/site-packages/airflow/example_dags/example_python_operator.py
[2026-05-28T10:42:50.445+0000] {logging_mixin.py:190} INFO - [2026-05-28T10:42:50.445+0000] {dag.py:3239} INFO - Sync 1 DAGs
[2026-05-28T10:42:50.471+0000] {logging_mixin.py:190} INFO - [2026-05-28T10:42:50.471+0000] {dag.py:4180} INFO - Setting next_dagrun for example_python_operator to None, run_after=None
[2026-05-28T10:42:50.511+0000] {processor.py:208} INFO - Processing /home/airflow/.local/lib/python3.12/site-packages/airflow/example_dags/example_python_operator.py took 0.170 seconds
[2026-05-28T10:43:27.781+0000] {processor.py:186} INFO - Started process (PID=541) to work on /home/airflow/.local/lib/python3.12/site-packages/airflow/example_dags/example_python_operator.py
[2026-05-28T10:43:27.783+0000] {processor.py:914} INFO - Processing file /home/airflow/.local/lib/python3.12/site-packages/airflow/example_dags/example_python_operator.py for tasks to queue
[2026-05-28T10:43:27.787+0000] {logging_mixin.py:190} INFO - [2026-05-28T10:43:27.787+0000] {dagbag.py:588} INFO - Filling up the DagBag from /home/airflow/.local/lib/python3.12/site-packages/airflow/example_dags/example_python_operator.py
[2026-05-28T10:43:27.822+0000] {processor.py:925} INFO - DAG(s) 'example_python_operator' retrieved from /home/airflow/.local/lib/python3.12/site-packages/airflow/example_dags/example_python_operator.py
[2026-05-28T10:43:27.882+0000] {logging_mixin.py:190} INFO - [2026-05-28T10:43:27.881+0000] {dag.py:3239} INFO - Sync 1 DAGs
[2026-05-28T10:43:27.923+0000] {logging_mixin.py:190} INFO - [2026-05-28T10:43:27.922+0000] {dag.py:4180} INFO - Setting next_dagrun for example_python_operator to None, run_after=None
[2026-05-28T10:43:27.980+0000] {processor.py:208} INFO - Processing /home/airflow/.local/lib/python3.12/site-packages/airflow/example_dags/example_python_operator.py took 0.209 seconds
[2026-05-28T10:44:04.790+0000] {processor.py:186} INFO - Started process (PID=605) to work on /home/airflow/.local/lib/python3.12/site-packages/airflow/example_dags/example_python_operator.py
[2026-05-28T10:44:04.792+0000] {processor.py:914} INFO - Processing file /home/airflow/.local/lib/python3.12/site-packages/airflow/example_dags/example_python_operator.py for tasks to queue
[2026-05-28T10:44:04.797+0000] {logging_mixin.py:190} INFO - [2026-05-28T10:44:04.796+0000] {dagbag.py:588} INFO - Filling up the DagBag from /home/airflow/.local/lib/python3.12/site-packages/airflow/example_dags/example_python_operator.py
[2026-05-28T10:44:04.816+0000] {processor.py:925} INFO - DAG(s) 'example_python_operator' retrieved from /home/airflow/.local/lib/python3.12/site-packages/airflow/example_dags/example_python_operator.py
[2026-05-28T10:44:04.866+0000] {logging_mixin.py:190} INFO - [2026-05-28T10:44:04.866+0000] {dag.py:3239} INFO - Sync 1 DAGs
[2026-05-28T10:44:04.893+0000] {logging_mixin.py:190} INFO - [2026-05-28T10:44:04.893+0000] {dag.py:4180} INFO - Setting next_dagrun for example_python_operator to None, run_after=None
[2026-05-28T10:44:04.930+0000] {processor.py:208} INFO - Processing /home/airflow/.local/lib/python3.12/site-packages/airflow/example_dags/example_python_operator.py took 0.148 seconds
[2026-05-28T10:44:37.433+0000] {processor.py:186} INFO - Started process (PID=668) to work on /home/airflow/.local/lib/python3.12/site-packages/airflow/example_dags/example_python_operator.py
[2026-05-28T10:44:37.436+0000] {processor.py:914} INFO - Processing file /home/airflow/.local/lib/python3.12/site-packages/airflow/example_dags/example_python_operator.py for tasks to queue
[2026-05-28T10:44:37.446+0000] {logging_mixin.py:190} INFO - [2026-05-28T10:44:37.445+0000] {dagbag.py:588} INFO - Filling up the DagBag from /home/airflow/.local/lib/python3.12/site-packages/airflow/example_dags/example_python_operator.py
[2026-05-28T10:44:37.486+0000] {processor.py:925} INFO - DAG(s) 'example_python_operator' retrieved from /home/airflow/.local/lib/python3.12/site-packages/airflow/example_dags/example_python_operator.py
[2026-05-28T10:44:37.598+0000] {logging_mixin.py:190} INFO - [2026-05-28T10:44:37.597+0000] {dag.py:3239} INFO - Sync 1 DAGs
[2026-05-28T10:44:37.660+0000] {logging_mixin.py:190} INFO - [2026-05-28T10:44:37.660+0000] {dag.py:4180} INFO - Setting next_dagrun for example_python_operator to None, run_after=None
[2026-05-28T10:44:37.720+0000] {processor.py:208} INFO - Processing /home/airflow/.local/lib/python3.12/site-packages/airflow/example_dags/example_python_operator.py took 0.300 seconds
[2026-05-28T10:45:11.022+0000] {processor.py:186} INFO - Started process (PID=732) to work on /home/airflow/.local/lib/python3.12/site-packages/airflow/example_dags/example_python_operator.py
[2026-05-28T10:45:11.024+0000] {processor.py:914} INFO - Processing file /home/airflow/.local/lib/python3.12/site-packages/airflow/example_dags/example_python_operator.py for tasks to queue
[2026-05-28T10:45:11.030+0000] {logging_mixin.py:190} INFO - [2026-05-28T10:45:11.029+0000] {dagbag.py:588} INFO - Filling up the DagBag from /home/airflow/.local/lib/python3.12/site-packages/airflow/example_dags/example_python_operator.py
[2026-05-28T10:45:11.058+0000] {processor.py:925} INFO - DAG(s) 'example_python_operator' retrieved from /home/airflow/.local/lib/python3.12/site-packages/airflow/example_dags/example_python_operator.py
[2026-05-28T10:45:11.108+0000] {logging_mixin.py:190} INFO - [2026-05-28T10:45:11.108+0000] {dag.py:3239} INFO - Sync 1 DAGs
[2026-05-28T10:45:11.138+0000] {logging_mixin.py:190} INFO - [2026-05-28T10:45:11.137+0000] {dag.py:4180} INFO - Setting next_dagrun for example_python_operator to None, run_after=None
[2026-05-28T10:45:11.240+0000] {processor.py:208} INFO - Processing /home/airflow/.local/lib/python3.12/site-packages/airflow/example_dags/example_python_operator.py took 0.231 seconds
[2026-05-28T10:45:45.832+0000] {processor.py:186} INFO - Started process (PID=795) to work on /home/airflow/.local/lib/python3.12/site-packages/airflow/example_dags/example_python_operator.py
[2026-05-28T10:45:45.834+0000] {processor.py:914} INFO - Processing file /home/airflow/.local/lib/python3.12/site-packages/airflow/example_dags/example_python_operator.py for tasks to queue
[2026-05-28T10:45:45.839+0000] {logging_mixin.py:190} INFO - [2026-05-28T10:45:45.838+0000] {dagbag.py:588} INFO - Filling up the DagBag from /home/airflow/.local/lib/python3.12/site-packages/airflow/example_dags/example_python_operator.py
[2026-05-28T10:45:45.866+0000] {processor.py:925} INFO - DAG(s) 'example_python_operator' retrieved from /home/airflow/.local/lib/python3.12/site-packages/airflow/example_dags/example_python_operator.py
[2026-05-28T10:45:45.919+0000] {logging_mixin.py:190} INFO - [2026-05-28T10:45:45.918+0000] {dag.py:3239} INFO - Sync 1 DAGs
[2026-05-28T10:45:45.945+0000] {logging_mixin.py:190} INFO - [2026-05-28T10:45:45.945+0000] {dag.py:4180} INFO - Setting next_dagrun for example_python_operator to None, run_after=None
[2026-05-28T10:45:46.100+0000] {processor.py:208} INFO - Processing /home/airflow/.local/lib/python3.12/site-packages/airflow/example_dags/example_python_operator.py took 0.279 seconds
[2026-05-28T10:46:22.816+0000] {processor.py:186} INFO - Started process (PID=858) to work on /home/airflow/.local/lib/python3.12/site-packages/airflow/example_dags/example_python_operator.py
[2026-05-28T10:46:22.818+0000] {processor.py:914} INFO - Processing file /home/airflow/.local/lib/python3.12/site-packages/airflow/example_dags/example_python_operator.py for tasks to queue
[2026-05-28T10:46:22.825+0000] {logging_mixin.py:190} INFO - [2026-05-28T10:46:22.824+0000] {dagbag.py:588} INFO - Filling up the DagBag from /home/airflow/.local/lib/python3.12/site-packages/airflow/example_dags/example_python_operator.py
[2026-05-28T10:46:22.849+0000] {processor.py:925} INFO - DAG(s) 'example_python_operator' retrieved from /home/airflow/.local/lib/python3.12/site-packages/airflow/example_dags/example_python_operator.py
[2026-05-28T10:46:22.904+0000] {logging_mixin.py:190} INFO - [2026-05-28T10:46:22.903+0000] {dag.py:3239} INFO - Sync 1 DAGs
[2026-05-28T10:46:22.934+0000] {logging_mixin.py:190} INFO - [2026-05-28T10:46:22.934+0000] {dag.py:4180} INFO - Setting next_dagrun for example_python_operator to None, run_after=None
[2026-05-28T10:46:22.976+0000] {processor.py:208} INFO - Processing /home/airflow/.local/lib/python3.12/site-packages/airflow/example_dags/example_python_operator.py took 0.171 seconds
[2026-05-28T10:46:57.227+0000] {processor.py:186} INFO - Started process (PID=927) to work on /home/airflow/.local/lib/python3.12/site-packages/airflow/example_dags/example_python_operator.py
[2026-05-28T10:46:57.230+0000] {processor.py:914} INFO - Processing file /home/airflow/.local/lib/python3.12/site-packages/airflow/example_dags/example_python_operator.py for tasks to queue
[2026-05-28T10:46:57.237+0000] {logging_mixin.py:190} INFO - [2026-05-28T10:46:57.237+0000] {dagbag.py:588} INFO - Filling up the DagBag from /home/airflow/.local/lib/python3.12/site-packages/airflow/example_dags/example_python_operator.py
[2026-05-28T10:46:57.277+0000] {processor.py:925} INFO - DAG(s) 'example_python_operator' retrieved from /home/airflow/.local/lib/python3.12/site-packages/airflow/example_dags/example_python_operator.py
[2026-05-28T10:46:57.350+0000] {logging_mixin.py:190} INFO - [2026-05-28T10:46:57.349+0000] {dag.py:3239} INFO - Sync 1 DAGs
[2026-05-28T10:46:57.382+0000] {logging_mixin.py:190} INFO - [2026-05-28T10:46:57.381+0000] {dag.py:4180} INFO - Setting next_dagrun for example_python_operator to None, run_after=None
[2026-05-28T10:46:57.647+0000] {processor.py:208} INFO - Processing /home/airflow/.local/lib/python3.12/site-packages/airflow/example_dags/example_python_operator.py took 0.434 seconds
[2026-05-28T10:47:41.254+0000] {processor.py:186} INFO - Started process (PID=995) to work on /home/airflow/.local/lib/python3.12/site-packages/airflow/example_dags/example_python_operator.py
[2026-05-28T10:47:41.262+0000] {processor.py:914} INFO - Processing file /home/airflow/.local/lib/python3.12/site-packages/airflow/example_dags/example_python_operator.py for tasks to queue
[2026-05-28T10:47:41.268+0000] {logging_mixin.py:190} INFO - [2026-05-28T10:47:41.267+0000] {dagbag.py:588} INFO - Filling up the DagBag from /home/airflow/.local/lib/python3.12/site-packages/airflow/example_dags/example_python_operator.py
[2026-05-28T10:47:41.325+0000] {processor.py:925} INFO - DAG(s) 'example_python_operator' retrieved from /home/airflow/.local/lib/python3.12/site-packages/airflow/example_dags/example_python_operator.py
[2026-05-28T10:47:41.392+0000] {logging_mixin.py:190} INFO - [2026-05-28T10:47:41.392+0000] {dag.py:3239} INFO - Sync 1 DAGs
[2026-05-28T10:47:41.426+0000] {logging_mixin.py:190} INFO - [2026-05-28T10:47:41.425+0000] {dag.py:4180} INFO - Setting next_dagrun for example_python_operator to None, run_after=None
[2026-05-28T10:47:41.491+0000] {processor.py:208} INFO - Processing /home/airflow/.local/lib/python3.12/site-packages/airflow/example_dags/example_python_operator.py took 0.254 seconds
[2026-05-28T10:48:19.821+0000] {processor.py:186} INFO - Started process (PID=1065) to work on /home/airflow/.local/lib/python3.12/site-packages/airflow/example_dags/example_python_operator.py
[2026-05-28T10:48:19.823+0000] {processor.py:914} INFO - Processing file /home/airflow/.local/lib/python3.12/site-packages/airflow/example_dags/example_python_operator.py for tasks to queue
[2026-05-28T10:48:19.829+0000] {logging_mixin.py:190} INFO - [2026-05-28T10:48:19.828+0000] {dagbag.py:588} INFO - Filling up the DagBag from /home/airflow/.local/lib/python3.12/site-packages/airflow/example_dags/example_python_operator.py
[2026-05-28T10:48:19.854+0000] {processor.py:925} INFO - DAG(s) 'example_python_operator' retrieved from /home/airflow/.local/lib/python3.12/site-packages/airflow/example_dags/example_python_operator.py
[2026-05-28T10:48:19.920+0000] {logging_mixin.py:190} INFO - [2026-05-28T10:48:19.919+0000] {dag.py:3239} INFO - Sync 1 DAGs
[2026-05-28T10:48:19.941+0000] {logging_mixin.py:190} INFO - [2026-05-28T10:48:19.941+0000] {dag.py:4180} INFO - Setting next_dagrun for example_python_operator to None, run_after=None
[2026-05-28T10:48:19.981+0000] {processor.py:208} INFO - Processing /home/airflow/.local/lib/python3.12/site-packages/airflow/example_dags/example_python_operator.py took 0.171 seconds
[2026-05-28T10:49:04.913+0000] {processor.py:186} INFO - Started process (PID=1134) to work on /home/airflow/.local/lib/python3.12/site-packages/airflow/example_dags/example_python_operator.py
[2026-05-28T10:49:04.943+0000] {processor.py:914} INFO - Processing file /home/airflow/.local/lib/python3.12/site-packages/airflow/example_dags/example_python_operator.py for tasks to queue
[2026-05-28T10:49:04.955+0000] {logging_mixin.py:190} INFO - [2026-05-28T10:49:04.950+0000] {dagbag.py:588} INFO - Filling up the DagBag from /home/airflow/.local/lib/python3.12/site-packages/airflow/example_dags/example_python_operator.py
[2026-05-28T10:49:04.996+0000] {processor.py:925} INFO - DAG(s) 'example_python_operator' retrieved from /home/airflow/.local/lib/python3.12/site-packages/airflow/example_dags/example_python_operator.py
[2026-05-28T10:49:05.094+0000] {logging_mixin.py:190} INFO - [2026-05-28T10:49:05.092+0000] {dag.py:3239} INFO - Sync 1 DAGs
[2026-05-28T10:49:05.145+0000] {logging_mixin.py:190} INFO - [2026-05-28T10:49:05.144+0000] {dag.py:4180} INFO - Setting next_dagrun for example_python_operator to None, run_after=None
[2026-05-28T10:49:05.215+0000] {processor.py:208} INFO - Processing /home/airflow/.local/lib/python3.12/site-packages/airflow/example_dags/example_python_operator.py took 0.316 seconds
[2026-05-28T10:49:44.442+0000] {processor.py:186} INFO - Started process (PID=1207) to work on /home/airflow/.local/lib/python3.12/site-packages/airflow/example_dags/example_python_operator.py
[2026-05-28T10:49:44.444+0000] {processor.py:914} INFO - Processing file /home/airflow/.local/lib/python3.12/site-packages/airflow/example_dags/example_python_operator.py for tasks to queue
[2026-05-28T10:49:44.448+0000] {logging_mixin.py:190} INFO - [2026-05-28T10:49:44.447+0000] {dagbag.py:588} INFO - Filling up the DagBag from /home/airflow/.local/lib/python3.12/site-packages/airflow/example_dags/example_python_operator.py
[2026-05-28T10:49:44.469+0000] {processor.py:925} INFO - DAG(s) 'example_python_operator' retrieved from /home/airflow/.local/lib/python3.12/site-packages/airflow/example_dags/example_python_operator.py
[2026-05-28T10:49:44.520+0000] {logging_mixin.py:190} INFO - [2026-05-28T10:49:44.520+0000] {dag.py:3239} INFO - Sync 1 DAGs
[2026-05-28T10:49:44.547+0000] {logging_mixin.py:190} INFO - [2026-05-28T10:49:44.546+0000] {dag.py:4180} INFO - Setting next_dagrun for example_python_operator to None, run_after=None
[2026-05-28T10:49:44.633+0000] {processor.py:208} INFO - Processing /home/airflow/.local/lib/python3.12/site-packages/airflow/example_dags/example_python_operator.py took 0.199 seconds
[2026-05-28T10:50:23.350+0000] {processor.py:186} INFO - Started process (PID=1271) to work on /home/airflow/.local/lib/python3.12/site-packages/airflow/example_dags/example_python_operator.py
[2026-05-28T10:50:23.353+0000] {processor.py:914} INFO - Processing file /home/airflow/.local/lib/python3.12/site-packages/airflow/example_dags/example_python_operator.py for tasks to queue
[2026-05-28T10:50:23.358+0000] {logging_mixin.py:190} INFO - [2026-05-28T10:50:23.357+0000] {dagbag.py:588} INFO - Filling up the DagBag from /home/airflow/.local/lib/python3.12/site-packages/airflow/example_dags/example_python_operator.py
[2026-05-28T10:50:23.379+0000] {processor.py:925} INFO - DAG(s) 'example_python_operator' retrieved from /home/airflow/.local/lib/python3.12/site-packages/airflow/example_dags/example_python_operator.py
[2026-05-28T10:50:23.428+0000] {logging_mixin.py:190} INFO - [2026-05-28T10:50:23.428+0000] {dag.py:3239} INFO - Sync 1 DAGs
[2026-05-28T10:50:23.456+0000] {logging_mixin.py:190} INFO - [2026-05-28T10:50:23.455+0000] {dag.py:4180} INFO - Setting next_dagrun for example_python_operator to None, run_after=None
[2026-05-28T10:50:23.585+0000] {processor.py:208} INFO - Processing /home/airflow/.local/lib/python3.12/site-packages/airflow/example_dags/example_python_operator.py took 0.247 seconds
[2026-05-28T10:51:19.567+0000] {processor.py:186} INFO - Started process (PID=1340) to work on /home/airflow/.local/lib/python3.12/site-packages/airflow/example_dags/example_python_operator.py
[2026-05-28T10:51:19.570+0000] {processor.py:914} INFO - Processing file /home/airflow/.local/lib/python3.12/site-packages/airflow/example_dags/example_python_operator.py for tasks to queue
[2026-05-28T10:51:19.577+0000] {logging_mixin.py:190} INFO - [2026-05-28T10:51:19.576+0000] {dagbag.py:588} INFO - Filling up the DagBag from /home/airflow/.local/lib/python3.12/site-packages/airflow/example_dags/example_python_operator.py
[2026-05-28T10:51:19.609+0000] {processor.py:925} INFO - DAG(s) 'example_python_operator' retrieved from /home/airflow/.local/lib/python3.12/site-packages/airflow/example_dags/example_python_operator.py
[2026-05-28T10:51:19.683+0000] {logging_mixin.py:190} INFO - [2026-05-28T10:51:19.683+0000] {dag.py:3239} INFO - Sync 1 DAGs
[2026-05-28T10:51:19.713+0000] {logging_mixin.py:190} INFO - [2026-05-28T10:51:19.712+0000] {dag.py:4180} INFO - Setting next_dagrun for example_python_operator to None, run_after=None
[2026-05-28T10:51:19.755+0000] {processor.py:208} INFO - Processing /home/airflow/.local/lib/python3.12/site-packages/airflow/example_dags/example_python_operator.py took 0.203 seconds
[2026-05-28T10:52:07.349+0000] {processor.py:186} INFO - Started process (PID=1418) to work on /home/airflow/.local/lib/python3.12/site-packages/airflow/example_dags/example_python_operator.py
[2026-05-28T10:52:07.351+0000] {processor.py:914} INFO - Processing file /home/airflow/.local/lib/python3.12/site-packages/airflow/example_dags/example_python_operator.py for tasks to queue
[2026-05-28T10:52:07.358+0000] {logging_mixin.py:190} INFO - [2026-05-28T10:52:07.357+0000] {dagbag.py:588} INFO - Filling up the DagBag from /home/airflow/.local/lib/python3.12/site-packages/airflow/example_dags/example_python_operator.py
[2026-05-28T10:52:07.426+0000] {processor.py:925} INFO - DAG(s) 'example_python_operator' retrieved from /home/airflow/.local/lib/python3.12/site-packages/airflow/example_dags/example_python_operator.py
[2026-05-28T10:52:07.499+0000] {logging_mixin.py:190} INFO - [2026-05-28T10:52:07.499+0000] {dag.py:3239} INFO - Sync 1 DAGs
[2026-05-28T10:52:07.535+0000] {logging_mixin.py:190} INFO - [2026-05-28T10:52:07.535+0000] {dag.py:4180} INFO - Setting next_dagrun for example_python_operator to None, run_after=None
[2026-05-28T10:52:07.589+0000] {processor.py:208} INFO - Processing /home/airflow/.local/lib/python3.12/site-packages/airflow/example_dags/example_python_operator.py took 0.257 seconds
[2026-05-28T10:52:56.466+0000] {processor.py:186} INFO - Started process (PID=1487) to work on /home/airflow/.local/lib/python3.12/site-packages/airflow/example_dags/example_python_operator.py
[2026-05-28T10:52:56.469+0000] {processor.py:914} INFO - Processing file /home/airflow/.local/lib/python3.12/site-packages/airflow/example_dags/example_python_operator.py for tasks to queue
[2026-05-28T10:52:56.473+0000] {logging_mixin.py:190} INFO - [2026-05-28T10:52:56.473+0000] {dagbag.py:588} INFO - Filling up the DagBag from /home/airflow/.local/lib/python3.12/site-packages/airflow/example_dags/example_python_operator.py
[2026-05-28T10:52:56.504+0000] {processor.py:925} INFO - DAG(s) 'example_python_operator' retrieved from /home/airflow/.local/lib/python3.12/site-packages/airflow/example_dags/example_python_operator.py
[2026-05-28T10:52:56.559+0000] {logging_mixin.py:190} INFO - [2026-05-28T10:52:56.559+0000] {dag.py:3239} INFO - Sync 1 DAGs
[2026-05-28T10:52:56.591+0000] {logging_mixin.py:190} INFO - [2026-05-28T10:52:56.590+0000] {dag.py:4180} INFO - Setting next_dagrun for example_python_operator to None, run_after=None
[2026-05-28T10:52:56.643+0000] {processor.py:208} INFO - Processing /home/airflow/.local/lib/python3.12/site-packages/airflow/example_dags/example_python_operator.py took 0.189 seconds
[2026-05-28T10:53:32.073+0000] {processor.py:186} INFO - Started process (PID=1551) to work on /home/airflow/.local/lib/python3.12/site-packages/airflow/example_dags/example_python_operator.py
[2026-05-28T10:53:32.076+0000] {processor.py:914} INFO - Processing file /home/airflow/.local/lib/python3.12/site-packages/airflow/example_dags/example_python_operator.py for tasks to queue
[2026-05-28T10:53:32.081+0000] {logging_mixin.py:190} INFO - [2026-05-28T10:53:32.080+0000] {dagbag.py:588} INFO - Filling up the DagBag from /home/airflow/.local/lib/python3.12/site-packages/airflow/example_dags/example_python_operator.py
[2026-05-28T10:53:32.107+0000] {processor.py:925} INFO - DAG(s) 'example_python_operator' retrieved from /home/airflow/.local/lib/python3.12/site-packages/airflow/example_dags/example_python_operator.py
[2026-05-28T10:53:32.165+0000] {logging_mixin.py:190} INFO - [2026-05-28T10:53:32.165+0000] {dag.py:3239} INFO - Sync 1 DAGs
[2026-05-28T10:53:32.194+0000] {logging_mixin.py:190} INFO - [2026-05-28T10:53:32.194+0000] {dag.py:4180} INFO - Setting next_dagrun for example_python_operator to None, run_after=None
[2026-05-28T10:53:32.239+0000] {processor.py:208} INFO - Processing /home/airflow/.local/lib/python3.12/site-packages/airflow/example_dags/example_python_operator.py took 0.177 seconds
[2026-05-28T10:54:12.984+0000] {processor.py:186} INFO - Started process (PID=1617) to work on /home/airflow/.local/lib/python3.12/site-packages/airflow/example_dags/example_python_operator.py
[2026-05-28T10:54:12.987+0000] {processor.py:914} INFO - Processing file /home/airflow/.local/lib/python3.12/site-packages/airflow/example_dags/example_python_operator.py for tasks to queue
[2026-05-28T10:54:12.992+0000] {logging_mixin.py:190} INFO - [2026-05-28T10:54:12.991+0000] {dagbag.py:588} INFO - Filling up the DagBag from /home/airflow/.local/lib/python3.12/site-packages/airflow/example_dags/example_python_operator.py
[2026-05-28T10:54:13.017+0000] {processor.py:925} INFO - DAG(s) 'example_python_operator' retrieved from /home/airflow/.local/lib/python3.12/site-packages/airflow/example_dags/example_python_operator.py
[2026-05-28T10:54:13.072+0000] {logging_mixin.py:190} INFO - [2026-05-28T10:54:13.071+0000] {dag.py:3239} INFO - Sync 1 DAGs
[2026-05-28T10:54:13.097+0000] {logging_mixin.py:190} INFO - [2026-05-28T10:54:13.097+0000] {dag.py:4180} INFO - Setting next_dagrun for example_python_operator to None, run_after=None
[2026-05-28T10:54:13.148+0000] {processor.py:208} INFO - Processing /home/airflow/.local/lib/python3.12/site-packages/airflow/example_dags/example_python_operator.py took 0.174 seconds
[2026-05-28T10:55:48.297+0000] {processor.py:186} INFO - Started process (PID=1705) to work on /home/airflow/.local/lib/python3.12/site-packages/airflow/example_dags/example_python_operator.py
[2026-05-28T10:55:48.341+0000] {processor.py:914} INFO - Processing file /home/airflow/.local/lib/python3.12/site-packages/airflow/example_dags/example_python_operator.py for tasks to queue
[2026-05-28T10:55:48.419+0000] {logging_mixin.py:190} INFO - [2026-05-28T10:55:48.408+0000] {dagbag.py:588} INFO - Filling up the DagBag from /home/airflow/.local/lib/python3.12/site-packages/airflow/example_dags/example_python_operator.py
[2026-05-28T10:55:48.944+0000] {processor.py:925} INFO - DAG(s) 'example_python_operator' retrieved from /home/airflow/.local/lib/python3.12/site-packages/airflow/example_dags/example_python_operator.py
[2026-05-28T10:55:50.454+0000] {logging_mixin.py:190} INFO - [2026-05-28T10:55:50.440+0000] {dag.py:3239} INFO - Sync 1 DAGs
[2026-05-28T10:55:51.448+0000] {logging_mixin.py:190} INFO - [2026-05-28T10:55:51.434+0000] {dag.py:4180} INFO - Setting next_dagrun for example_python_operator to None, run_after=None
[2026-05-28T10:55:52.181+0000] {processor.py:208} INFO - Processing /home/airflow/.local/lib/python3.12/site-packages/airflow/example_dags/example_python_operator.py took 4.168 seconds
[2026-05-28T10:59:28.452+0000] {processor.py:186} INFO - Started process (PID=1838) to work on /home/airflow/.local/lib/python3.12/site-packages/airflow/example_dags/example_python_operator.py
[2026-05-28T10:59:28.454+0000] {processor.py:914} INFO - Processing file /home/airflow/.local/lib/python3.12/site-packages/airflow/example_dags/example_python_operator.py for tasks to queue
[2026-05-28T10:59:28.458+0000] {logging_mixin.py:190} INFO - [2026-05-28T10:59:28.457+0000] {dagbag.py:588} INFO - Filling up the DagBag from /home/airflow/.local/lib/python3.12/site-packages/airflow/example_dags/example_python_operator.py
[2026-05-28T10:59:28.498+0000] {processor.py:925} INFO - DAG(s) 'example_python_operator' retrieved from /home/airflow/.local/lib/python3.12/site-packages/airflow/example_dags/example_python_operator.py
[2026-05-28T10:59:28.578+0000] {logging_mixin.py:190} INFO - [2026-05-28T10:59:28.577+0000] {dag.py:3239} INFO - Sync 1 DAGs
[2026-05-28T10:59:28.644+0000] {logging_mixin.py:190} INFO - [2026-05-28T10:59:28.643+0000] {dag.py:4180} INFO - Setting next_dagrun for example_python_operator to None, run_after=None
[2026-05-28T10:59:28.718+0000] {processor.py:208} INFO - Processing /home/airflow/.local/lib/python3.12/site-packages/airflow/example_dags/example_python_operator.py took 0.281 seconds
[2026-05-28T11:00:27.222+0000] {processor.py:186} INFO - Started process (PID=1912) to work on /home/airflow/.local/lib/python3.12/site-packages/airflow/example_dags/example_python_operator.py
[2026-05-28T11:00:27.225+0000] {processor.py:914} INFO - Processing file /home/airflow/.local/lib/python3.12/site-packages/airflow/example_dags/example_python_operator.py for tasks to queue
[2026-05-28T11:00:27.229+0000] {logging_mixin.py:190} INFO - [2026-05-28T11:00:27.228+0000] {dagbag.py:588} INFO - Filling up the DagBag from /home/airflow/.local/lib/python3.12/site-packages/airflow/example_dags/example_python_operator.py
[2026-05-28T11:00:27.269+0000] {processor.py:925} INFO - DAG(s) 'example_python_operator' retrieved from /home/airflow/.local/lib/python3.12/site-packages/airflow/example_dags/example_python_operator.py
[2026-05-28T11:00:27.358+0000] {logging_mixin.py:190} INFO - [2026-05-28T11:00:27.357+0000] {dag.py:3239} INFO - Sync 1 DAGs
[2026-05-28T11:00:27.403+0000] {logging_mixin.py:190} INFO - [2026-05-28T11:00:27.403+0000] {dag.py:4180} INFO - Setting next_dagrun for example_python_operator to None, run_after=None
[2026-05-28T11:00:27.456+0000] {processor.py:208} INFO - Processing /home/airflow/.local/lib/python3.12/site-packages/airflow/example_dags/example_python_operator.py took 0.250 seconds
[2026-05-28T11:01:41.253+0000] {processor.py:186} INFO - Started process (PID=1988) to work on /home/airflow/.local/lib/python3.12/site-packages/airflow/example_dags/example_python_operator.py
[2026-05-28T11:01:41.256+0000] {processor.py:914} INFO - Processing file /home/airflow/.local/lib/python3.12/site-packages/airflow/example_dags/example_python_operator.py for tasks to queue
[2026-05-28T11:01:41.266+0000] {logging_mixin.py:190} INFO - [2026-05-28T11:01:41.265+0000] {dagbag.py:588} INFO - Filling up the DagBag from /home/airflow/.local/lib/python3.12/site-packages/airflow/example_dags/example_python_operator.py
[2026-05-28T11:01:41.320+0000] {processor.py:925} INFO - DAG(s) 'example_python_operator' retrieved from /home/airflow/.local/lib/python3.12/site-packages/airflow/example_dags/example_python_operator.py
[2026-05-28T11:01:41.446+0000] {logging_mixin.py:190} INFO - [2026-05-28T11:01:41.444+0000] {dag.py:3239} INFO - Sync 1 DAGs
[2026-05-28T11:01:41.510+0000] {logging_mixin.py:190} INFO - [2026-05-28T11:01:41.509+0000] {dag.py:4180} INFO - Setting next_dagrun for example_python_operator to None, run_after=None
[2026-05-28T11:01:41.590+0000] {processor.py:208} INFO - Processing /home/airflow/.local/lib/python3.12/site-packages/airflow/example_dags/example_python_operator.py took 0.359 seconds
[2026-05-28T11:02:54.456+0000] {processor.py:186} INFO - Started process (PID=2078) to work on /home/airflow/.local/lib/python3.12/site-packages/airflow/example_dags/example_python_operator.py
[2026-05-28T11:02:54.459+0000] {processor.py:914} INFO - Processing file /home/airflow/.local/lib/python3.12/site-packages/airflow/example_dags/example_python_operator.py for tasks to queue
[2026-05-28T11:02:54.465+0000] {logging_mixin.py:190} INFO - [2026-05-28T11:02:54.464+0000] {dagbag.py:588} INFO - Filling up the DagBag from /home/airflow/.local/lib/python3.12/site-packages/airflow/example_dags/example_python_operator.py
[2026-05-28T11:02:54.519+0000] {processor.py:925} INFO - DAG(s) 'example_python_operator' retrieved from /home/airflow/.local/lib/python3.12/site-packages/airflow/example_dags/example_python_operator.py
[2026-05-28T11:02:54.613+0000] {logging_mixin.py:190} INFO - [2026-05-28T11:02:54.612+0000] {dag.py:3239} INFO - Sync 1 DAGs
[2026-05-28T11:02:54.662+0000] {logging_mixin.py:190} INFO - [2026-05-28T11:02:54.661+0000] {dag.py:4180} INFO - Setting next_dagrun for example_python_operator to None, run_after=None
[2026-05-28T11:02:54.714+0000] {processor.py:208} INFO - Processing /home/airflow/.local/lib/python3.12/site-packages/airflow/example_dags/example_python_operator.py took 0.278 seconds
[2026-05-28T11:03:53.990+0000] {processor.py:186} INFO - Started process (PID=2147) to work on /home/airflow/.local/lib/python3.12/site-packages/airflow/example_dags/example_python_operator.py
[2026-05-28T11:03:53.993+0000] {processor.py:914} INFO - Processing file /home/airflow/.local/lib/python3.12/site-packages/airflow/example_dags/example_python_operator.py for tasks to queue
[2026-05-28T11:03:53.997+0000] {logging_mixin.py:190} INFO - [2026-05-28T11:03:53.996+0000] {dagbag.py:588} INFO - Filling up the DagBag from /home/airflow/.local/lib/python3.12/site-packages/airflow/example_dags/example_python_operator.py
[2026-05-28T11:03:54.033+0000] {processor.py:925} INFO - DAG(s) 'example_python_operator' retrieved from /home/airflow/.local/lib/python3.12/site-packages/airflow/example_dags/example_python_operator.py
[2026-05-28T11:03:54.106+0000] {logging_mixin.py:190} INFO - [2026-05-28T11:03:54.105+0000] {dag.py:3239} INFO - Sync 1 DAGs
[2026-05-28T11:03:54.155+0000] {logging_mixin.py:190} INFO - [2026-05-28T11:03:54.155+0000] {dag.py:4180} INFO - Setting next_dagrun for example_python_operator to None, run_after=None
[2026-05-28T11:03:54.216+0000] {processor.py:208} INFO - Processing /home/airflow/.local/lib/python3.12/site-packages/airflow/example_dags/example_python_operator.py took 0.243 seconds
[2026-05-28T11:04:54.350+0000] {processor.py:186} INFO - Started process (PID=2234) to work on /home/airflow/.local/lib/python3.12/site-packages/airflow/example_dags/example_python_operator.py
[2026-05-28T11:04:54.352+0000] {processor.py:914} INFO - Processing file /home/airflow/.local/lib/python3.12/site-packages/airflow/example_dags/example_python_operator.py for tasks to queue
[2026-05-28T11:04:54.357+0000] {logging_mixin.py:190} INFO - [2026-05-28T11:04:54.356+0000] {dagbag.py:588} INFO - Filling up the DagBag from /home/airflow/.local/lib/python3.12/site-packages/airflow/example_dags/example_python_operator.py
[2026-05-28T11:04:54.395+0000] {processor.py:925} INFO - DAG(s) 'example_python_operator' retrieved from /home/airflow/.local/lib/python3.12/site-packages/airflow/example_dags/example_python_operator.py
[2026-05-28T11:04:54.462+0000] {logging_mixin.py:190} INFO - [2026-05-28T11:04:54.462+0000] {dag.py:3239} INFO - Sync 1 DAGs
[2026-05-28T11:04:54.495+0000] {logging_mixin.py:190} INFO - [2026-05-28T11:04:54.495+0000] {dag.py:4180} INFO - Setting next_dagrun for example_python_operator to None, run_after=None
[2026-05-28T11:04:54.553+0000] {processor.py:208} INFO - Processing /home/airflow/.local/lib/python3.12/site-packages/airflow/example_dags/example_python_operator.py took 0.219 seconds
[2026-05-28T11:05:46.714+0000] {processor.py:186} INFO - Started process (PID=2298) to work on /home/airflow/.local/lib/python3.12/site-packages/airflow/example_dags/example_python_operator.py
[2026-05-28T11:05:46.717+0000] {processor.py:914} INFO - Processing file /home/airflow/.local/lib/python3.12/site-packages/airflow/example_dags/example_python_operator.py for tasks to queue
[2026-05-28T11:05:46.722+0000] {logging_mixin.py:190} INFO - [2026-05-28T11:05:46.720+0000] {dagbag.py:588} INFO - Filling up the DagBag from /home/airflow/.local/lib/python3.12/site-packages/airflow/example_dags/example_python_operator.py
[2026-05-28T11:05:46.775+0000] {processor.py:925} INFO - DAG(s) 'example_python_operator' retrieved from /home/airflow/.local/lib/python3.12/site-packages/airflow/example_dags/example_python_operator.py
[2026-05-28T11:05:46.865+0000] {logging_mixin.py:190} INFO - [2026-05-28T11:05:46.865+0000] {dag.py:3239} INFO - Sync 1 DAGs
[2026-05-28T11:05:46.955+0000] {logging_mixin.py:190} INFO - [2026-05-28T11:05:46.951+0000] {dag.py:4180} INFO - Setting next_dagrun for example_python_operator to None, run_after=None
[2026-05-28T11:05:47.032+0000] {processor.py:208} INFO - Processing /home/airflow/.local/lib/python3.12/site-packages/airflow/example_dags/example_python_operator.py took 0.332 seconds
[2026-05-28T11:07:03.620+0000] {processor.py:186} INFO - Started process (PID=2391) to work on /home/airflow/.local/lib/python3.12/site-packages/airflow/example_dags/example_python_operator.py
[2026-05-28T11:07:03.623+0000] {processor.py:914} INFO - Processing file /home/airflow/.local/lib/python3.12/site-packages/airflow/example_dags/example_python_operator.py for tasks to queue
[2026-05-28T11:07:03.632+0000] {logging_mixin.py:190} INFO - [2026-05-28T11:07:03.631+0000] {dagbag.py:588} INFO - Filling up the DagBag from /home/airflow/.local/lib/python3.12/site-packages/airflow/example_dags/example_python_operator.py
[2026-05-28T11:07:03.676+0000] {processor.py:925} INFO - DAG(s) 'example_python_operator' retrieved from /home/airflow/.local/lib/python3.12/site-packages/airflow/example_dags/example_python_operator.py
[2026-05-28T11:07:03.769+0000] {logging_mixin.py:190} INFO - [2026-05-28T11:07:03.769+0000] {dag.py:3239} INFO - Sync 1 DAGs
[2026-05-28T11:07:03.821+0000] {logging_mixin.py:190} INFO - [2026-05-28T11:07:03.821+0000] {dag.py:4180} INFO - Setting next_dagrun for example_python_operator to None, run_after=None
[2026-05-28T11:07:03.956+0000] {processor.py:208} INFO - Processing /home/airflow/.local/lib/python3.12/site-packages/airflow/example_dags/example_python_operator.py took 0.360 seconds
[2026-05-28T11:08:03.554+0000] {processor.py:186} INFO - Started process (PID=2461) to work on /home/airflow/.local/lib/python3.12/site-packages/airflow/example_dags/example_python_operator.py
[2026-05-28T11:08:03.557+0000] {processor.py:914} INFO - Processing file /home/airflow/.local/lib/python3.12/site-packages/airflow/example_dags/example_python_operator.py for tasks to queue
[2026-05-28T11:08:03.561+0000] {logging_mixin.py:190} INFO - [2026-05-28T11:08:03.560+0000] {dagbag.py:588} INFO - Filling up the DagBag from /home/airflow/.local/lib/python3.12/site-packages/airflow/example_dags/example_python_operator.py
[2026-05-28T11:08:03.604+0000] {processor.py:925} INFO - DAG(s) 'example_python_operator' retrieved from /home/airflow/.local/lib/python3.12/site-packages/airflow/example_dags/example_python_operator.py
[2026-05-28T11:08:03.679+0000] {logging_mixin.py:190} INFO - [2026-05-28T11:08:03.678+0000] {dag.py:3239} INFO - Sync 1 DAGs
[2026-05-28T11:08:03.720+0000] {logging_mixin.py:190} INFO - [2026-05-28T11:08:03.720+0000] {dag.py:4180} INFO - Setting next_dagrun for example_python_operator to None, run_after=None
[2026-05-28T11:08:03.766+0000] {processor.py:208} INFO - Processing /home/airflow/.local/lib/python3.12/site-packages/airflow/example_dags/example_python_operator.py took 0.229 seconds
[2026-05-28T11:09:07.760+0000] {processor.py:186} INFO - Started process (PID=2548) to work on /home/airflow/.local/lib/python3.12/site-packages/airflow/example_dags/example_python_operator.py
[2026-05-28T11:09:07.763+0000] {processor.py:914} INFO - Processing file /home/airflow/.local/lib/python3.12/site-packages/airflow/example_dags/example_python_operator.py for tasks to queue
[2026-05-28T11:09:07.767+0000] {logging_mixin.py:190} INFO - [2026-05-28T11:09:07.766+0000] {dagbag.py:588} INFO - Filling up the DagBag from /home/airflow/.local/lib/python3.12/site-packages/airflow/example_dags/example_python_operator.py
[2026-05-28T11:09:07.796+0000] {processor.py:925} INFO - DAG(s) 'example_python_operator' retrieved from /home/airflow/.local/lib/python3.12/site-packages/airflow/example_dags/example_python_operator.py
[2026-05-28T11:09:07.864+0000] {logging_mixin.py:190} INFO - [2026-05-28T11:09:07.863+0000] {dag.py:3239} INFO - Sync 1 DAGs
[2026-05-28T11:09:07.908+0000] {logging_mixin.py:190} INFO - [2026-05-28T11:09:07.907+0000] {dag.py:4180} INFO - Setting next_dagrun for example_python_operator to None, run_after=None
[2026-05-28T11:09:07.956+0000] {processor.py:208} INFO - Processing /home/airflow/.local/lib/python3.12/site-packages/airflow/example_dags/example_python_operator.py took 0.210 seconds
[2026-05-28T11:10:28.606+0000] {processor.py:186} INFO - Started process (PID=2654) to work on /home/airflow/.local/lib/python3.12/site-packages/airflow/example_dags/example_python_operator.py
[2026-05-28T11:10:28.609+0000] {processor.py:914} INFO - Processing file /home/airflow/.local/lib/python3.12/site-packages/airflow/example_dags/example_python_operator.py for tasks to queue
[2026-05-28T11:10:28.612+0000] {logging_mixin.py:190} INFO - [2026-05-28T11:10:28.612+0000] {dagbag.py:588} INFO - Filling up the DagBag from /home/airflow/.local/lib/python3.12/site-packages/airflow/example_dags/example_python_operator.py
[2026-05-28T11:10:28.652+0000] {processor.py:925} INFO - DAG(s) 'example_python_operator' retrieved from /home/airflow/.local/lib/python3.12/site-packages/airflow/example_dags/example_python_operator.py
[2026-05-28T11:10:28.740+0000] {logging_mixin.py:190} INFO - [2026-05-28T11:10:28.739+0000] {dag.py:3239} INFO - Sync 1 DAGs
[2026-05-28T11:10:28.795+0000] {logging_mixin.py:190} INFO - [2026-05-28T11:10:28.794+0000] {dag.py:4180} INFO - Setting next_dagrun for example_python_operator to None, run_after=None
[2026-05-28T11:10:28.849+0000] {processor.py:208} INFO - Processing /home/airflow/.local/lib/python3.12/site-packages/airflow/example_dags/example_python_operator.py took 0.263 seconds
[2026-05-28T11:11:45.050+0000] {processor.py:186} INFO - Started process (PID=2731) to work on /home/airflow/.local/lib/python3.12/site-packages/airflow/example_dags/example_python_operator.py
[2026-05-28T11:11:45.055+0000] {processor.py:914} INFO - Processing file /home/airflow/.local/lib/python3.12/site-packages/airflow/example_dags/example_python_operator.py for tasks to queue
[2026-05-28T11:11:45.059+0000] {logging_mixin.py:190} INFO - [2026-05-28T11:11:45.058+0000] {dagbag.py:588} INFO - Filling up the DagBag from /home/airflow/.local/lib/python3.12/site-packages/airflow/example_dags/example_python_operator.py
[2026-05-28T11:11:45.104+0000] {processor.py:925} INFO - DAG(s) 'example_python_operator' retrieved from /home/airflow/.local/lib/python3.12/site-packages/airflow/example_dags/example_python_operator.py
[2026-05-28T11:11:45.182+0000] {logging_mixin.py:190} INFO - [2026-05-28T11:11:45.181+0000] {dag.py:3239} INFO - Sync 1 DAGs
[2026-05-28T11:11:45.227+0000] {logging_mixin.py:190} INFO - [2026-05-28T11:11:45.227+0000] {dag.py:4180} INFO - Setting next_dagrun for example_python_operator to None, run_after=None
[2026-05-28T11:11:45.283+0000] {processor.py:208} INFO - Processing /home/airflow/.local/lib/python3.12/site-packages/airflow/example_dags/example_python_operator.py took 0.255 seconds
[2026-05-28T11:12:45.901+0000] {processor.py:186} INFO - Started process (PID=2807) to work on /home/airflow/.local/lib/python3.12/site-packages/airflow/example_dags/example_python_operator.py
[2026-05-28T11:12:45.904+0000] {processor.py:914} INFO - Processing file /home/airflow/.local/lib/python3.12/site-packages/airflow/example_dags/example_python_operator.py for tasks to queue
[2026-05-28T11:12:45.908+0000] {logging_mixin.py:190} INFO - [2026-05-28T11:12:45.907+0000] {dagbag.py:588} INFO - Filling up the DagBag from /home/airflow/.local/lib/python3.12/site-packages/airflow/example_dags/example_python_operator.py
[2026-05-28T11:12:45.949+0000] {processor.py:925} INFO - DAG(s) 'example_python_operator' retrieved from /home/airflow/.local/lib/python3.12/site-packages/airflow/example_dags/example_python_operator.py
[2026-05-28T11:12:46.023+0000] {logging_mixin.py:190} INFO - [2026-05-28T11:12:46.023+0000] {dag.py:3239} INFO - Sync 1 DAGs
[2026-05-28T11:12:46.059+0000] {logging_mixin.py:190} INFO - [2026-05-28T11:12:46.058+0000] {dag.py:4180} INFO - Setting next_dagrun for example_python_operator to None, run_after=None
[2026-05-28T11:12:46.121+0000] {processor.py:208} INFO - Processing /home/airflow/.local/lib/python3.12/site-packages/airflow/example_dags/example_python_operator.py took 0.236 seconds
[2026-05-28T12:09:34.577+0000] {processor.py:186} INFO - Started process (PID=2902) to work on /home/airflow/.local/lib/python3.12/site-packages/airflow/example_dags/example_python_operator.py
[2026-05-28T12:09:34.583+0000] {processor.py:914} INFO - Processing file /home/airflow/.local/lib/python3.12/site-packages/airflow/example_dags/example_python_operator.py for tasks to queue
[2026-05-28T12:09:34.590+0000] {logging_mixin.py:190} INFO - [2026-05-28T12:09:34.590+0000] {dagbag.py:588} INFO - Filling up the DagBag from /home/airflow/.local/lib/python3.12/site-packages/airflow/example_dags/example_python_operator.py
[2026-05-28T12:09:34.649+0000] {processor.py:925} INFO - DAG(s) 'example_python_operator' retrieved from /home/airflow/.local/lib/python3.12/site-packages/airflow/example_dags/example_python_operator.py
[2026-05-28T14:15:53.134+0000] {logging_mixin.py:190} INFO - [2026-05-28T14:15:53.134+0000] {dag.py:3239} INFO - Sync 1 DAGs
[2026-05-28T14:15:53.245+0000] {logging_mixin.py:190} INFO - [2026-05-28T14:15:53.245+0000] {dag.py:4180} INFO - Setting next_dagrun for example_python_operator to None, run_after=None
[2026-05-28T14:15:54.368+0000] {processor.py:208} INFO - Processing /home/airflow/.local/lib/python3.12/site-packages/airflow/example_dags/example_python_operator.py took 6.249 seconds
[2026-05-28T14:16:47.045+0000] {processor.py:186} INFO - Started process (PID=2977) to work on /home/airflow/.local/lib/python3.12/site-packages/airflow/example_dags/example_python_operator.py
[2026-05-28T14:16:47.047+0000] {processor.py:914} INFO - Processing file /home/airflow/.local/lib/python3.12/site-packages/airflow/example_dags/example_python_operator.py for tasks to queue
[2026-05-28T14:16:47.054+0000] {logging_mixin.py:190} INFO - [2026-05-28T14:16:47.051+0000] {dagbag.py:588} INFO - Filling up the DagBag from /home/airflow/.local/lib/python3.12/site-packages/airflow/example_dags/example_python_operator.py
[2026-05-28T14:16:47.130+0000] {processor.py:925} INFO - DAG(s) 'example_python_operator' retrieved from /home/airflow/.local/lib/python3.12/site-packages/airflow/example_dags/example_python_operator.py
[2026-05-28T14:16:47.283+0000] {logging_mixin.py:190} INFO - [2026-05-28T14:16:47.283+0000] {dag.py:3239} INFO - Sync 1 DAGs
[2026-05-28T14:16:47.309+0000] {logging_mixin.py:190} INFO - [2026-05-28T14:16:47.309+0000] {dag.py:4180} INFO - Setting next_dagrun for example_python_operator to None, run_after=None
[2026-05-28T14:16:47.342+0000] {processor.py:208} INFO - Processing /home/airflow/.local/lib/python3.12/site-packages/airflow/example_dags/example_python_operator.py took 0.321 seconds
[2026-05-28T14:17:26.734+0000] {processor.py:186} INFO - Started process (PID=3048) to work on /home/airflow/.local/lib/python3.12/site-packages/airflow/example_dags/example_python_operator.py
[2026-05-28T14:17:26.738+0000] {processor.py:914} INFO - Processing file /home/airflow/.local/lib/python3.12/site-packages/airflow/example_dags/example_python_operator.py for tasks to queue
[2026-05-28T14:17:26.742+0000] {logging_mixin.py:190} INFO - [2026-05-28T14:17:26.741+0000] {dagbag.py:588} INFO - Filling up the DagBag from /home/airflow/.local/lib/python3.12/site-packages/airflow/example_dags/example_python_operator.py
[2026-05-28T14:17:26.776+0000] {processor.py:925} INFO - DAG(s) 'example_python_operator' retrieved from /home/airflow/.local/lib/python3.12/site-packages/airflow/example_dags/example_python_operator.py
[2026-05-28T14:17:26.839+0000] {logging_mixin.py:190} INFO - [2026-05-28T14:17:26.839+0000] {dag.py:3239} INFO - Sync 1 DAGs
[2026-05-28T14:17:26.879+0000] {logging_mixin.py:190} INFO - [2026-05-28T14:17:26.878+0000] {dag.py:4180} INFO - Setting next_dagrun for example_python_operator to None, run_after=None
[2026-05-28T14:17:27.006+0000] {processor.py:208} INFO - Processing /home/airflow/.local/lib/python3.12/site-packages/airflow/example_dags/example_python_operator.py took 0.290 seconds
[2026-05-28T14:17:57.147+0000] {processor.py:186} INFO - Started process (PID=3111) to work on /home/airflow/.local/lib/python3.12/site-packages/airflow/example_dags/example_python_operator.py
[2026-05-28T14:17:57.149+0000] {processor.py:914} INFO - Processing file /home/airflow/.local/lib/python3.12/site-packages/airflow/example_dags/example_python_operator.py for tasks to queue
[2026-05-28T14:17:57.151+0000] {logging_mixin.py:190} INFO - [2026-05-28T14:17:57.151+0000] {dagbag.py:588} INFO - Filling up the DagBag from /home/airflow/.local/lib/python3.12/site-packages/airflow/example_dags/example_python_operator.py
[2026-05-28T14:17:57.174+0000] {processor.py:925} INFO - DAG(s) 'example_python_operator' retrieved from /home/airflow/.local/lib/python3.12/site-packages/airflow/example_dags/example_python_operator.py
[2026-05-28T14:17:57.231+0000] {logging_mixin.py:190} INFO - [2026-05-28T14:17:57.230+0000] {dag.py:3239} INFO - Sync 1 DAGs
[2026-05-28T14:17:57.259+0000] {logging_mixin.py:190} INFO - [2026-05-28T14:17:57.259+0000] {dag.py:4180} INFO - Setting next_dagrun for example_python_operator to None, run_after=None
[2026-05-28T14:17:57.292+0000] {processor.py:208} INFO - Processing /home/airflow/.local/lib/python3.12/site-packages/airflow/example_dags/example_python_operator.py took 0.155 seconds
[2026-05-28T14:18:31.410+0000] {processor.py:186} INFO - Started process (PID=3174) to work on /home/airflow/.local/lib/python3.12/site-packages/airflow/example_dags/example_python_operator.py
[2026-05-28T14:18:31.412+0000] {processor.py:914} INFO - Processing file /home/airflow/.local/lib/python3.12/site-packages/airflow/example_dags/example_python_operator.py for tasks to queue
[2026-05-28T14:18:31.415+0000] {logging_mixin.py:190} INFO - [2026-05-28T14:18:31.414+0000] {dagbag.py:588} INFO - Filling up the DagBag from /home/airflow/.local/lib/python3.12/site-packages/airflow/example_dags/example_python_operator.py
[2026-05-28T14:18:31.438+0000] {processor.py:925} INFO - DAG(s) 'example_python_operator' retrieved from /home/airflow/.local/lib/python3.12/site-packages/airflow/example_dags/example_python_operator.py
[2026-05-28T14:18:31.480+0000] {logging_mixin.py:190} INFO - [2026-05-28T14:18:31.479+0000] {dag.py:3239} INFO - Sync 1 DAGs
[2026-05-28T14:18:31.501+0000] {logging_mixin.py:190} INFO - [2026-05-28T14:18:31.500+0000] {dag.py:4180} INFO - Setting next_dagrun for example_python_operator to None, run_after=None
[2026-05-28T14:18:31.537+0000] {processor.py:208} INFO - Processing /home/airflow/.local/lib/python3.12/site-packages/airflow/example_dags/example_python_operator.py took 0.136 seconds
[2026-05-28T14:19:02.137+0000] {processor.py:186} INFO - Started process (PID=3237) to work on /home/airflow/.local/lib/python3.12/site-packages/airflow/example_dags/example_python_operator.py
[2026-05-28T14:19:02.139+0000] {processor.py:914} INFO - Processing file /home/airflow/.local/lib/python3.12/site-packages/airflow/example_dags/example_python_operator.py for tasks to queue
[2026-05-28T14:19:02.142+0000] {logging_mixin.py:190} INFO - [2026-05-28T14:19:02.141+0000] {dagbag.py:588} INFO - Filling up the DagBag from /home/airflow/.local/lib/python3.12/site-packages/airflow/example_dags/example_python_operator.py
[2026-05-28T14:19:02.160+0000] {processor.py:925} INFO - DAG(s) 'example_python_operator' retrieved from /home/airflow/.local/lib/python3.12/site-packages/airflow/example_dags/example_python_operator.py
[2026-05-28T14:19:02.195+0000] {logging_mixin.py:190} INFO - [2026-05-28T14:19:02.194+0000] {dag.py:3239} INFO - Sync 1 DAGs
[2026-05-28T14:19:02.214+0000] {logging_mixin.py:190} INFO - [2026-05-28T14:19:02.214+0000] {dag.py:4180} INFO - Setting next_dagrun for example_python_operator to None, run_after=None
[2026-05-28T14:19:02.263+0000] {processor.py:208} INFO - Processing /home/airflow/.local/lib/python3.12/site-packages/airflow/example_dags/example_python_operator.py took 0.134 seconds
[2026-05-28T14:19:34.957+0000] {processor.py:186} INFO - Started process (PID=3300) to work on /home/airflow/.local/lib/python3.12/site-packages/airflow/example_dags/example_python_operator.py
[2026-05-28T14:19:34.960+0000] {processor.py:914} INFO - Processing file /home/airflow/.local/lib/python3.12/site-packages/airflow/example_dags/example_python_operator.py for tasks to queue
[2026-05-28T14:19:34.962+0000] {logging_mixin.py:190} INFO - [2026-05-28T14:19:34.962+0000] {dagbag.py:588} INFO - Filling up the DagBag from /home/airflow/.local/lib/python3.12/site-packages/airflow/example_dags/example_python_operator.py
[2026-05-28T14:19:34.982+0000] {processor.py:925} INFO - DAG(s) 'example_python_operator' retrieved from /home/airflow/.local/lib/python3.12/site-packages/airflow/example_dags/example_python_operator.py
[2026-05-28T14:19:35.028+0000] {logging_mixin.py:190} INFO - [2026-05-28T14:19:35.028+0000] {dag.py:3239} INFO - Sync 1 DAGs
[2026-05-28T14:19:35.051+0000] {logging_mixin.py:190} INFO - [2026-05-28T14:19:35.051+0000] {dag.py:4180} INFO - Setting next_dagrun for example_python_operator to None, run_after=None
[2026-05-28T14:19:35.085+0000] {processor.py:208} INFO - Processing /home/airflow/.local/lib/python3.12/site-packages/airflow/example_dags/example_python_operator.py took 0.138 seconds
[2026-05-28T14:20:12.654+0000] {processor.py:186} INFO - Started process (PID=3370) to work on /home/airflow/.local/lib/python3.12/site-packages/airflow/example_dags/example_python_operator.py
[2026-05-28T14:20:12.656+0000] {processor.py:914} INFO - Processing file /home/airflow/.local/lib/python3.12/site-packages/airflow/example_dags/example_python_operator.py for tasks to queue
[2026-05-28T14:20:12.659+0000] {logging_mixin.py:190} INFO - [2026-05-28T14:20:12.659+0000] {dagbag.py:588} INFO - Filling up the DagBag from /home/airflow/.local/lib/python3.12/site-packages/airflow/example_dags/example_python_operator.py
[2026-05-28T14:20:12.679+0000] {processor.py:925} INFO - DAG(s) 'example_python_operator' retrieved from /home/airflow/.local/lib/python3.12/site-packages/airflow/example_dags/example_python_operator.py
[2026-05-28T14:20:12.739+0000] {logging_mixin.py:190} INFO - [2026-05-28T14:20:12.738+0000] {dag.py:3239} INFO - Sync 1 DAGs
[2026-05-28T14:20:12.764+0000] {logging_mixin.py:190} INFO - [2026-05-28T14:20:12.763+0000] {dag.py:4180} INFO - Setting next_dagrun for example_python_operator to None, run_after=None
[2026-05-28T14:20:12.798+0000] {processor.py:208} INFO - Processing /home/airflow/.local/lib/python3.12/site-packages/airflow/example_dags/example_python_operator.py took 0.155 seconds
[2026-05-28T14:20:49.220+0000] {processor.py:186} INFO - Started process (PID=3434) to work on /home/airflow/.local/lib/python3.12/site-packages/airflow/example_dags/example_python_operator.py
[2026-05-28T14:20:49.222+0000] {processor.py:914} INFO - Processing file /home/airflow/.local/lib/python3.12/site-packages/airflow/example_dags/example_python_operator.py for tasks to queue
[2026-05-28T14:20:49.225+0000] {logging_mixin.py:190} INFO - [2026-05-28T14:20:49.224+0000] {dagbag.py:588} INFO - Filling up the DagBag from /home/airflow/.local/lib/python3.12/site-packages/airflow/example_dags/example_python_operator.py
[2026-05-28T14:20:49.283+0000] {processor.py:925} INFO - DAG(s) 'example_python_operator' retrieved from /home/airflow/.local/lib/python3.12/site-packages/airflow/example_dags/example_python_operator.py
[2026-05-28T14:20:49.372+0000] {logging_mixin.py:190} INFO - [2026-05-28T14:20:49.371+0000] {dag.py:3239} INFO - Sync 1 DAGs
[2026-05-28T14:20:49.409+0000] {logging_mixin.py:190} INFO - [2026-05-28T14:20:49.409+0000] {dag.py:4180} INFO - Setting next_dagrun for example_python_operator to None, run_after=None
[2026-05-28T14:20:49.472+0000] {processor.py:208} INFO - Processing /home/airflow/.local/lib/python3.12/site-packages/airflow/example_dags/example_python_operator.py took 0.267 seconds
[2026-05-28T14:21:19.715+0000] {processor.py:186} INFO - Started process (PID=3497) to work on /home/airflow/.local/lib/python3.12/site-packages/airflow/example_dags/example_python_operator.py
[2026-05-28T14:21:19.717+0000] {processor.py:914} INFO - Processing file /home/airflow/.local/lib/python3.12/site-packages/airflow/example_dags/example_python_operator.py for tasks to queue
[2026-05-28T14:21:19.720+0000] {logging_mixin.py:190} INFO - [2026-05-28T14:21:19.719+0000] {dagbag.py:588} INFO - Filling up the DagBag from /home/airflow/.local/lib/python3.12/site-packages/airflow/example_dags/example_python_operator.py
[2026-05-28T14:21:19.745+0000] {processor.py:925} INFO - DAG(s) 'example_python_operator' retrieved from /home/airflow/.local/lib/python3.12/site-packages/airflow/example_dags/example_python_operator.py
[2026-05-28T14:21:19.791+0000] {logging_mixin.py:190} INFO - [2026-05-28T14:21:19.790+0000] {dag.py:3239} INFO - Sync 1 DAGs
[2026-05-28T14:21:19.813+0000] {logging_mixin.py:190} INFO - [2026-05-28T14:21:19.812+0000] {dag.py:4180} INFO - Setting next_dagrun for example_python_operator to None, run_after=None
[2026-05-28T14:21:19.858+0000] {processor.py:208} INFO - Processing /home/airflow/.local/lib/python3.12/site-packages/airflow/example_dags/example_python_operator.py took 0.152 seconds
[2026-05-28T14:21:50.393+0000] {processor.py:186} INFO - Started process (PID=3559) to work on /home/airflow/.local/lib/python3.12/site-packages/airflow/example_dags/example_python_operator.py
[2026-05-28T14:21:50.395+0000] {processor.py:914} INFO - Processing file /home/airflow/.local/lib/python3.12/site-packages/airflow/example_dags/example_python_operator.py for tasks to queue
[2026-05-28T14:21:50.397+0000] {logging_mixin.py:190} INFO - [2026-05-28T14:21:50.396+0000] {dagbag.py:588} INFO - Filling up the DagBag from /home/airflow/.local/lib/python3.12/site-packages/airflow/example_dags/example_python_operator.py
[2026-05-28T14:21:50.417+0000] {processor.py:925} INFO - DAG(s) 'example_python_operator' retrieved from /home/airflow/.local/lib/python3.12/site-packages/airflow/example_dags/example_python_operator.py
[2026-05-28T14:21:50.460+0000] {logging_mixin.py:190} INFO - [2026-05-28T14:21:50.459+0000] {dag.py:3239} INFO - Sync 1 DAGs
[2026-05-28T14:21:50.481+0000] {logging_mixin.py:190} INFO - [2026-05-28T14:21:50.481+0000] {dag.py:4180} INFO - Setting next_dagrun for example_python_operator to None, run_after=None
[2026-05-28T14:21:50.521+0000] {processor.py:208} INFO - Processing /home/airflow/.local/lib/python3.12/site-packages/airflow/example_dags/example_python_operator.py took 0.140 seconds
[2026-05-28T14:22:25.586+0000] {processor.py:186} INFO - Started process (PID=3622) to work on /home/airflow/.local/lib/python3.12/site-packages/airflow/example_dags/example_python_operator.py
[2026-05-28T14:22:25.588+0000] {processor.py:914} INFO - Processing file /home/airflow/.local/lib/python3.12/site-packages/airflow/example_dags/example_python_operator.py for tasks to queue
[2026-05-28T14:22:25.591+0000] {logging_mixin.py:190} INFO - [2026-05-28T14:22:25.590+0000] {dagbag.py:588} INFO - Filling up the DagBag from /home/airflow/.local/lib/python3.12/site-packages/airflow/example_dags/example_python_operator.py
[2026-05-28T14:22:25.613+0000] {processor.py:925} INFO - DAG(s) 'example_python_operator' retrieved from /home/airflow/.local/lib/python3.12/site-packages/airflow/example_dags/example_python_operator.py
[2026-05-28T14:22:25.655+0000] {logging_mixin.py:190} INFO - [2026-05-28T14:22:25.654+0000] {dag.py:3239} INFO - Sync 1 DAGs
[2026-05-28T14:22:25.680+0000] {logging_mixin.py:190} INFO - [2026-05-28T14:22:25.680+0000] {dag.py:4180} INFO - Setting next_dagrun for example_python_operator to None, run_after=None
[2026-05-28T14:22:25.724+0000] {processor.py:208} INFO - Processing /home/airflow/.local/lib/python3.12/site-packages/airflow/example_dags/example_python_operator.py took 0.147 seconds
[2026-05-28T14:22:59.937+0000] {processor.py:186} INFO - Started process (PID=3687) to work on /home/airflow/.local/lib/python3.12/site-packages/airflow/example_dags/example_python_operator.py
[2026-05-28T14:22:59.939+0000] {processor.py:914} INFO - Processing file /home/airflow/.local/lib/python3.12/site-packages/airflow/example_dags/example_python_operator.py for tasks to queue
[2026-05-28T14:22:59.942+0000] {logging_mixin.py:190} INFO - [2026-05-28T14:22:59.942+0000] {dagbag.py:588} INFO - Filling up the DagBag from /home/airflow/.local/lib/python3.12/site-packages/airflow/example_dags/example_python_operator.py
[2026-05-28T14:22:59.966+0000] {processor.py:925} INFO - DAG(s) 'example_python_operator' retrieved from /home/airflow/.local/lib/python3.12/site-packages/airflow/example_dags/example_python_operator.py
[2026-05-28T14:23:00.015+0000] {logging_mixin.py:190} INFO - [2026-05-28T14:23:00.014+0000] {dag.py:3239} INFO - Sync 1 DAGs
[2026-05-28T14:23:00.037+0000] {logging_mixin.py:190} INFO - [2026-05-28T14:23:00.036+0000] {dag.py:4180} INFO - Setting next_dagrun for example_python_operator to None, run_after=None
[2026-05-28T14:23:00.070+0000] {processor.py:208} INFO - Processing /home/airflow/.local/lib/python3.12/site-packages/airflow/example_dags/example_python_operator.py took 0.146 seconds
[2026-05-28T14:23:33.419+0000] {processor.py:186} INFO - Started process (PID=3755) to work on /home/airflow/.local/lib/python3.12/site-packages/airflow/example_dags/example_python_operator.py
[2026-05-28T14:23:33.421+0000] {processor.py:914} INFO - Processing file /home/airflow/.local/lib/python3.12/site-packages/airflow/example_dags/example_python_operator.py for tasks to queue
[2026-05-28T14:23:33.423+0000] {logging_mixin.py:190} INFO - [2026-05-28T14:23:33.422+0000] {dagbag.py:588} INFO - Filling up the DagBag from /home/airflow/.local/lib/python3.12/site-packages/airflow/example_dags/example_python_operator.py
[2026-05-28T14:23:33.441+0000] {processor.py:925} INFO - DAG(s) 'example_python_operator' retrieved from /home/airflow/.local/lib/python3.12/site-packages/airflow/example_dags/example_python_operator.py
[2026-05-28T14:23:33.499+0000] {logging_mixin.py:190} INFO - [2026-05-28T14:23:33.498+0000] {dag.py:3239} INFO - Sync 1 DAGs
[2026-05-28T14:23:33.532+0000] {logging_mixin.py:190} INFO - [2026-05-28T14:23:33.532+0000] {dag.py:4180} INFO - Setting next_dagrun for example_python_operator to None, run_after=None
[2026-05-28T14:23:33.595+0000] {processor.py:208} INFO - Processing /home/airflow/.local/lib/python3.12/site-packages/airflow/example_dags/example_python_operator.py took 0.186 seconds
[2026-05-28T14:24:04.561+0000] {processor.py:186} INFO - Started process (PID=3819) to work on /home/airflow/.local/lib/python3.12/site-packages/airflow/example_dags/example_python_operator.py
[2026-05-28T14:24:04.563+0000] {processor.py:914} INFO - Processing file /home/airflow/.local/lib/python3.12/site-packages/airflow/example_dags/example_python_operator.py for tasks to queue
[2026-05-28T14:24:04.566+0000] {logging_mixin.py:190} INFO - [2026-05-28T14:24:04.566+0000] {dagbag.py:588} INFO - Filling up the DagBag from /home/airflow/.local/lib/python3.12/site-packages/airflow/example_dags/example_python_operator.py
[2026-05-28T14:24:04.590+0000] {processor.py:925} INFO - DAG(s) 'example_python_operator' retrieved from /home/airflow/.local/lib/python3.12/site-packages/airflow/example_dags/example_python_operator.py
[2026-05-28T14:24:04.636+0000] {logging_mixin.py:190} INFO - [2026-05-28T14:24:04.635+0000] {dag.py:3239} INFO - Sync 1 DAGs
[2026-05-28T14:24:04.662+0000] {logging_mixin.py:190} INFO - [2026-05-28T14:24:04.662+0000] {dag.py:4180} INFO - Setting next_dagrun for example_python_operator to None, run_after=None
[2026-05-28T14:24:04.708+0000] {processor.py:208} INFO - Processing /home/airflow/.local/lib/python3.12/site-packages/airflow/example_dags/example_python_operator.py took 0.158 seconds
[2026-05-28T14:24:36.108+0000] {processor.py:186} INFO - Started process (PID=3885) to work on /home/airflow/.local/lib/python3.12/site-packages/airflow/example_dags/example_python_operator.py
[2026-05-28T14:24:36.110+0000] {processor.py:914} INFO - Processing file /home/airflow/.local/lib/python3.12/site-packages/airflow/example_dags/example_python_operator.py for tasks to queue
[2026-05-28T14:24:36.113+0000] {logging_mixin.py:190} INFO - [2026-05-28T14:24:36.112+0000] {dagbag.py:588} INFO - Filling up the DagBag from /home/airflow/.local/lib/python3.12/site-packages/airflow/example_dags/example_python_operator.py
[2026-05-28T14:24:36.132+0000] {processor.py:925} INFO - DAG(s) 'example_python_operator' retrieved from /home/airflow/.local/lib/python3.12/site-packages/airflow/example_dags/example_python_operator.py
[2026-05-28T14:24:36.179+0000] {logging_mixin.py:190} INFO - [2026-05-28T14:24:36.179+0000] {dag.py:3239} INFO - Sync 1 DAGs
[2026-05-28T14:24:36.201+0000] {logging_mixin.py:190} INFO - [2026-05-28T14:24:36.201+0000] {dag.py:4180} INFO - Setting next_dagrun for example_python_operator to None, run_after=None
[2026-05-28T14:24:36.246+0000] {processor.py:208} INFO - Processing /home/airflow/.local/lib/python3.12/site-packages/airflow/example_dags/example_python_operator.py took 0.147 seconds
[2026-05-28T14:25:10.659+0000] {processor.py:186} INFO - Started process (PID=3949) to work on /home/airflow/.local/lib/python3.12/site-packages/airflow/example_dags/example_python_operator.py
[2026-05-28T14:25:10.661+0000] {processor.py:914} INFO - Processing file /home/airflow/.local/lib/python3.12/site-packages/airflow/example_dags/example_python_operator.py for tasks to queue
[2026-05-28T14:25:10.663+0000] {logging_mixin.py:190} INFO - [2026-05-28T14:25:10.663+0000] {dagbag.py:588} INFO - Filling up the DagBag from /home/airflow/.local/lib/python3.12/site-packages/airflow/example_dags/example_python_operator.py
[2026-05-28T14:25:10.685+0000] {processor.py:925} INFO - DAG(s) 'example_python_operator' retrieved from /home/airflow/.local/lib/python3.12/site-packages/airflow/example_dags/example_python_operator.py
[2026-05-28T14:25:10.727+0000] {logging_mixin.py:190} INFO - [2026-05-28T14:25:10.726+0000] {dag.py:3239} INFO - Sync 1 DAGs
[2026-05-28T14:25:10.750+0000] {logging_mixin.py:190} INFO - [2026-05-28T14:25:10.749+0000] {dag.py:4180} INFO - Setting next_dagrun for example_python_operator to None, run_after=None
[2026-05-28T14:25:10.784+0000] {processor.py:208} INFO - Processing /home/airflow/.local/lib/python3.12/site-packages/airflow/example_dags/example_python_operator.py took 0.133 seconds
[2026-05-28T14:25:44.415+0000] {processor.py:186} INFO - Started process (PID=4018) to work on /home/airflow/.local/lib/python3.12/site-packages/airflow/example_dags/example_python_operator.py
[2026-05-28T14:25:44.417+0000] {processor.py:914} INFO - Processing file /home/airflow/.local/lib/python3.12/site-packages/airflow/example_dags/example_python_operator.py for tasks to queue
[2026-05-28T14:25:44.420+0000] {logging_mixin.py:190} INFO - [2026-05-28T14:25:44.419+0000] {dagbag.py:588} INFO - Filling up the DagBag from /home/airflow/.local/lib/python3.12/site-packages/airflow/example_dags/example_python_operator.py
[2026-05-28T14:25:44.448+0000] {processor.py:925} INFO - DAG(s) 'example_python_operator' retrieved from /home/airflow/.local/lib/python3.12/site-packages/airflow/example_dags/example_python_operator.py
[2026-05-28T14:25:44.497+0000] {logging_mixin.py:190} INFO - [2026-05-28T14:25:44.497+0000] {dag.py:3239} INFO - Sync 1 DAGs
[2026-05-28T14:25:44.526+0000] {logging_mixin.py:190} INFO - [2026-05-28T14:25:44.526+0000] {dag.py:4180} INFO - Setting next_dagrun for example_python_operator to None, run_after=None
[2026-05-28T14:25:44.569+0000] {processor.py:208} INFO - Processing /home/airflow/.local/lib/python3.12/site-packages/airflow/example_dags/example_python_operator.py took 0.166 seconds
[2026-05-28T14:26:18.596+0000] {processor.py:186} INFO - Started process (PID=4073) to work on /home/airflow/.local/lib/python3.12/site-packages/airflow/example_dags/example_python_operator.py
[2026-05-28T14:26:18.598+0000] {processor.py:914} INFO - Processing file /home/airflow/.local/lib/python3.12/site-packages/airflow/example_dags/example_python_operator.py for tasks to queue
[2026-05-28T14:26:18.600+0000] {logging_mixin.py:190} INFO - [2026-05-28T14:26:18.600+0000] {dagbag.py:588} INFO - Filling up the DagBag from /home/airflow/.local/lib/python3.12/site-packages/airflow/example_dags/example_python_operator.py
[2026-05-28T14:26:18.618+0000] {processor.py:925} INFO - DAG(s) 'example_python_operator' retrieved from /home/airflow/.local/lib/python3.12/site-packages/airflow/example_dags/example_python_operator.py
[2026-05-28T14:26:18.678+0000] {logging_mixin.py:190} INFO - [2026-05-28T14:26:18.678+0000] {dag.py:3239} INFO - Sync 1 DAGs
[2026-05-28T14:26:18.698+0000] {logging_mixin.py:190} INFO - [2026-05-28T14:26:18.698+0000] {dag.py:4180} INFO - Setting next_dagrun for example_python_operator to None, run_after=None
[2026-05-28T14:26:18.731+0000] {processor.py:208} INFO - Processing /home/airflow/.local/lib/python3.12/site-packages/airflow/example_dags/example_python_operator.py took 0.147 seconds
[2026-05-28T14:26:49.281+0000] {processor.py:186} INFO - Started process (PID=4136) to work on /home/airflow/.local/lib/python3.12/site-packages/airflow/example_dags/example_python_operator.py
[2026-05-28T14:26:49.283+0000] {processor.py:914} INFO - Processing file /home/airflow/.local/lib/python3.12/site-packages/airflow/example_dags/example_python_operator.py for tasks to queue
[2026-05-28T14:26:49.285+0000] {logging_mixin.py:190} INFO - [2026-05-28T14:26:49.285+0000] {dagbag.py:588} INFO - Filling up the DagBag from /home/airflow/.local/lib/python3.12/site-packages/airflow/example_dags/example_python_operator.py
[2026-05-28T14:26:49.308+0000] {processor.py:925} INFO - DAG(s) 'example_python_operator' retrieved from /home/airflow/.local/lib/python3.12/site-packages/airflow/example_dags/example_python_operator.py
[2026-05-28T14:26:49.356+0000] {logging_mixin.py:190} INFO - [2026-05-28T14:26:49.356+0000] {dag.py:3239} INFO - Sync 1 DAGs
[2026-05-28T14:26:49.385+0000] {logging_mixin.py:190} INFO - [2026-05-28T14:26:49.384+0000] {dag.py:4180} INFO - Setting next_dagrun for example_python_operator to None, run_after=None
[2026-05-28T14:26:49.427+0000] {processor.py:208} INFO - Processing /home/airflow/.local/lib/python3.12/site-packages/airflow/example_dags/example_python_operator.py took 0.155 seconds
[2026-05-28T14:27:19.704+0000] {processor.py:186} INFO - Started process (PID=4199) to work on /home/airflow/.local/lib/python3.12/site-packages/airflow/example_dags/example_python_operator.py
[2026-05-28T14:27:19.706+0000] {processor.py:914} INFO - Processing file /home/airflow/.local/lib/python3.12/site-packages/airflow/example_dags/example_python_operator.py for tasks to queue
[2026-05-28T14:27:19.709+0000] {logging_mixin.py:190} INFO - [2026-05-28T14:27:19.708+0000] {dagbag.py:588} INFO - Filling up the DagBag from /home/airflow/.local/lib/python3.12/site-packages/airflow/example_dags/example_python_operator.py
[2026-05-28T14:27:19.731+0000] {processor.py:925} INFO - DAG(s) 'example_python_operator' retrieved from /home/airflow/.local/lib/python3.12/site-packages/airflow/example_dags/example_python_operator.py
[2026-05-28T14:27:19.772+0000] {logging_mixin.py:190} INFO - [2026-05-28T14:27:19.771+0000] {dag.py:3239} INFO - Sync 1 DAGs
[2026-05-28T14:27:19.797+0000] {logging_mixin.py:190} INFO - [2026-05-28T14:27:19.796+0000] {dag.py:4180} INFO - Setting next_dagrun for example_python_operator to None, run_after=None
[2026-05-28T14:27:19.841+0000] {processor.py:208} INFO - Processing /home/airflow/.local/lib/python3.12/site-packages/airflow/example_dags/example_python_operator.py took 0.148 seconds
[2026-05-28T14:27:57.618+0000] {processor.py:186} INFO - Started process (PID=4260) to work on /home/airflow/.local/lib/python3.12/site-packages/airflow/example_dags/example_python_operator.py
[2026-05-28T14:27:57.623+0000] {processor.py:914} INFO - Processing file /home/airflow/.local/lib/python3.12/site-packages/airflow/example_dags/example_python_operator.py for tasks to queue
[2026-05-28T14:27:57.629+0000] {logging_mixin.py:190} INFO - [2026-05-28T14:27:57.628+0000] {dagbag.py:588} INFO - Filling up the DagBag from /home/airflow/.local/lib/python3.12/site-packages/airflow/example_dags/example_python_operator.py
[2026-05-28T14:27:57.654+0000] {processor.py:925} INFO - DAG(s) 'example_python_operator' retrieved from /home/airflow/.local/lib/python3.12/site-packages/airflow/example_dags/example_python_operator.py
[2026-05-28T14:27:57.699+0000] {logging_mixin.py:190} INFO - [2026-05-28T14:27:57.699+0000] {dag.py:3239} INFO - Sync 1 DAGs
[2026-05-28T14:27:57.729+0000] {logging_mixin.py:190} INFO - [2026-05-28T14:27:57.729+0000] {dag.py:4180} INFO - Setting next_dagrun for example_python_operator to None, run_after=None
[2026-05-28T14:27:57.764+0000] {processor.py:208} INFO - Processing /home/airflow/.local/lib/python3.12/site-packages/airflow/example_dags/example_python_operator.py took 0.167 seconds
[2026-05-28T14:28:37.292+0000] {processor.py:186} INFO - Started process (PID=4330) to work on /home/airflow/.local/lib/python3.12/site-packages/airflow/example_dags/example_python_operator.py
[2026-05-28T14:28:37.295+0000] {processor.py:914} INFO - Processing file /home/airflow/.local/lib/python3.12/site-packages/airflow/example_dags/example_python_operator.py for tasks to queue
[2026-05-28T14:28:37.300+0000] {logging_mixin.py:190} INFO - [2026-05-28T14:28:37.299+0000] {dagbag.py:588} INFO - Filling up the DagBag from /home/airflow/.local/lib/python3.12/site-packages/airflow/example_dags/example_python_operator.py
[2026-05-28T14:28:37.336+0000] {processor.py:925} INFO - DAG(s) 'example_python_operator' retrieved from /home/airflow/.local/lib/python3.12/site-packages/airflow/example_dags/example_python_operator.py
[2026-05-28T14:28:37.391+0000] {logging_mixin.py:190} INFO - [2026-05-28T14:28:37.391+0000] {dag.py:3239} INFO - Sync 1 DAGs
[2026-05-28T14:28:37.421+0000] {logging_mixin.py:190} INFO - [2026-05-28T14:28:37.420+0000] {dag.py:4180} INFO - Setting next_dagrun for example_python_operator to None, run_after=None
[2026-05-28T14:28:37.454+0000] {processor.py:208} INFO - Processing /home/airflow/.local/lib/python3.12/site-packages/airflow/example_dags/example_python_operator.py took 0.178 seconds
[2026-05-28T14:29:16.649+0000] {processor.py:186} INFO - Started process (PID=4403) to work on /home/airflow/.local/lib/python3.12/site-packages/airflow/example_dags/example_python_operator.py
[2026-05-28T14:29:16.651+0000] {processor.py:914} INFO - Processing file /home/airflow/.local/lib/python3.12/site-packages/airflow/example_dags/example_python_operator.py for tasks to queue
[2026-05-28T14:29:16.654+0000] {logging_mixin.py:190} INFO - [2026-05-28T14:29:16.653+0000] {dagbag.py:588} INFO - Filling up the DagBag from /home/airflow/.local/lib/python3.12/site-packages/airflow/example_dags/example_python_operator.py
[2026-05-28T14:29:16.672+0000] {processor.py:925} INFO - DAG(s) 'example_python_operator' retrieved from /home/airflow/.local/lib/python3.12/site-packages/airflow/example_dags/example_python_operator.py
[2026-05-28T14:29:16.716+0000] {logging_mixin.py:190} INFO - [2026-05-28T14:29:16.715+0000] {dag.py:3239} INFO - Sync 1 DAGs
[2026-05-28T14:29:16.744+0000] {logging_mixin.py:190} INFO - [2026-05-28T14:29:16.744+0000] {dag.py:4180} INFO - Setting next_dagrun for example_python_operator to None, run_after=None
[2026-05-28T14:29:16.797+0000] {processor.py:208} INFO - Processing /home/airflow/.local/lib/python3.12/site-packages/airflow/example_dags/example_python_operator.py took 0.156 seconds
[2026-05-28T14:29:48.143+0000] {processor.py:186} INFO - Started process (PID=4466) to work on /home/airflow/.local/lib/python3.12/site-packages/airflow/example_dags/example_python_operator.py
[2026-05-28T14:29:48.144+0000] {processor.py:914} INFO - Processing file /home/airflow/.local/lib/python3.12/site-packages/airflow/example_dags/example_python_operator.py for tasks to queue
[2026-05-28T14:29:48.147+0000] {logging_mixin.py:190} INFO - [2026-05-28T14:29:48.146+0000] {dagbag.py:588} INFO - Filling up the DagBag from /home/airflow/.local/lib/python3.12/site-packages/airflow/example_dags/example_python_operator.py
[2026-05-28T14:29:48.164+0000] {processor.py:925} INFO - DAG(s) 'example_python_operator' retrieved from /home/airflow/.local/lib/python3.12/site-packages/airflow/example_dags/example_python_operator.py
[2026-05-28T14:29:48.211+0000] {logging_mixin.py:190} INFO - [2026-05-28T14:29:48.211+0000] {dag.py:3239} INFO - Sync 1 DAGs
[2026-05-28T14:29:48.237+0000] {logging_mixin.py:190} INFO - [2026-05-28T14:29:48.236+0000] {dag.py:4180} INFO - Setting next_dagrun for example_python_operator to None, run_after=None
[2026-05-28T14:29:48.288+0000] {processor.py:208} INFO - Processing /home/airflow/.local/lib/python3.12/site-packages/airflow/example_dags/example_python_operator.py took 0.154 seconds
[2026-05-28T14:30:21.034+0000] {processor.py:186} INFO - Started process (PID=4529) to work on /home/airflow/.local/lib/python3.12/site-packages/airflow/example_dags/example_python_operator.py
[2026-05-28T14:30:21.036+0000] {processor.py:914} INFO - Processing file /home/airflow/.local/lib/python3.12/site-packages/airflow/example_dags/example_python_operator.py for tasks to queue
[2026-05-28T14:30:21.038+0000] {logging_mixin.py:190} INFO - [2026-05-28T14:30:21.038+0000] {dagbag.py:588} INFO - Filling up the DagBag from /home/airflow/.local/lib/python3.12/site-packages/airflow/example_dags/example_python_operator.py
[2026-05-28T14:30:21.063+0000] {processor.py:925} INFO - DAG(s) 'example_python_operator' retrieved from /home/airflow/.local/lib/python3.12/site-packages/airflow/example_dags/example_python_operator.py
[2026-05-28T14:30:21.107+0000] {logging_mixin.py:190} INFO - [2026-05-28T14:30:21.107+0000] {dag.py:3239} INFO - Sync 1 DAGs
[2026-05-28T14:30:21.132+0000] {logging_mixin.py:190} INFO - [2026-05-28T14:30:21.131+0000] {dag.py:4180} INFO - Setting next_dagrun for example_python_operator to None, run_after=None
[2026-05-28T14:30:21.165+0000] {processor.py:208} INFO - Processing /home/airflow/.local/lib/python3.12/site-packages/airflow/example_dags/example_python_operator.py took 0.143 seconds
[2026-05-28T14:30:53.982+0000] {processor.py:186} INFO - Started process (PID=4592) to work on /home/airflow/.local/lib/python3.12/site-packages/airflow/example_dags/example_python_operator.py
[2026-05-28T14:30:53.984+0000] {processor.py:914} INFO - Processing file /home/airflow/.local/lib/python3.12/site-packages/airflow/example_dags/example_python_operator.py for tasks to queue
[2026-05-28T14:30:53.987+0000] {logging_mixin.py:190} INFO - [2026-05-28T14:30:53.986+0000] {dagbag.py:588} INFO - Filling up the DagBag from /home/airflow/.local/lib/python3.12/site-packages/airflow/example_dags/example_python_operator.py
[2026-05-28T14:30:54.011+0000] {processor.py:925} INFO - DAG(s) 'example_python_operator' retrieved from /home/airflow/.local/lib/python3.12/site-packages/airflow/example_dags/example_python_operator.py
[2026-05-28T14:30:54.060+0000] {logging_mixin.py:190} INFO - [2026-05-28T14:30:54.060+0000] {dag.py:3239} INFO - Sync 1 DAGs
[2026-05-28T14:30:54.083+0000] {logging_mixin.py:190} INFO - [2026-05-28T14:30:54.083+0000] {dag.py:4180} INFO - Setting next_dagrun for example_python_operator to None, run_after=None
[2026-05-28T14:30:54.123+0000] {processor.py:208} INFO - Processing /home/airflow/.local/lib/python3.12/site-packages/airflow/example_dags/example_python_operator.py took 0.152 seconds
[2026-05-28T14:31:24.296+0000] {processor.py:186} INFO - Started process (PID=4656) to work on /home/airflow/.local/lib/python3.12/site-packages/airflow/example_dags/example_python_operator.py
[2026-05-28T14:31:24.298+0000] {processor.py:914} INFO - Processing file /home/airflow/.local/lib/python3.12/site-packages/airflow/example_dags/example_python_operator.py for tasks to queue
[2026-05-28T14:31:24.306+0000] {logging_mixin.py:190} INFO - [2026-05-28T14:31:24.305+0000] {dagbag.py:588} INFO - Filling up the DagBag from /home/airflow/.local/lib/python3.12/site-packages/airflow/example_dags/example_python_operator.py
[2026-05-28T14:31:24.332+0000] {processor.py:925} INFO - DAG(s) 'example_python_operator' retrieved from /home/airflow/.local/lib/python3.12/site-packages/airflow/example_dags/example_python_operator.py
[2026-05-28T14:31:24.385+0000] {logging_mixin.py:190} INFO - [2026-05-28T14:31:24.385+0000] {dag.py:3239} INFO - Sync 1 DAGs
[2026-05-28T14:31:24.408+0000] {logging_mixin.py:190} INFO - [2026-05-28T14:31:24.407+0000] {dag.py:4180} INFO - Setting next_dagrun for example_python_operator to None, run_after=None
[2026-05-28T14:31:24.442+0000] {processor.py:208} INFO - Processing /home/airflow/.local/lib/python3.12/site-packages/airflow/example_dags/example_python_operator.py took 0.156 seconds
[2026-05-28T14:31:55.220+0000] {processor.py:186} INFO - Started process (PID=4719) to work on /home/airflow/.local/lib/python3.12/site-packages/airflow/example_dags/example_python_operator.py
[2026-05-28T14:31:55.222+0000] {processor.py:914} INFO - Processing file /home/airflow/.local/lib/python3.12/site-packages/airflow/example_dags/example_python_operator.py for tasks to queue
[2026-05-28T14:31:55.224+0000] {logging_mixin.py:190} INFO - [2026-05-28T14:31:55.224+0000] {dagbag.py:588} INFO - Filling up the DagBag from /home/airflow/.local/lib/python3.12/site-packages/airflow/example_dags/example_python_operator.py
[2026-05-28T14:31:55.249+0000] {processor.py:925} INFO - DAG(s) 'example_python_operator' retrieved from /home/airflow/.local/lib/python3.12/site-packages/airflow/example_dags/example_python_operator.py
[2026-05-28T14:31:55.293+0000] {logging_mixin.py:190} INFO - [2026-05-28T14:31:55.293+0000] {dag.py:3239} INFO - Sync 1 DAGs
[2026-05-28T14:31:55.324+0000] {logging_mixin.py:190} INFO - [2026-05-28T14:31:55.324+0000] {dag.py:4180} INFO - Setting next_dagrun for example_python_operator to None, run_after=None
[2026-05-28T14:31:55.363+0000] {processor.py:208} INFO - Processing /home/airflow/.local/lib/python3.12/site-packages/airflow/example_dags/example_python_operator.py took 0.151 seconds
[2026-05-28T14:32:30.289+0000] {processor.py:186} INFO - Started process (PID=4782) to work on /home/airflow/.local/lib/python3.12/site-packages/airflow/example_dags/example_python_operator.py
[2026-05-28T14:32:30.291+0000] {processor.py:914} INFO - Processing file /home/airflow/.local/lib/python3.12/site-packages/airflow/example_dags/example_python_operator.py for tasks to queue
[2026-05-28T14:32:30.294+0000] {logging_mixin.py:190} INFO - [2026-05-28T14:32:30.293+0000] {dagbag.py:588} INFO - Filling up the DagBag from /home/airflow/.local/lib/python3.12/site-packages/airflow/example_dags/example_python_operator.py
[2026-05-28T14:32:30.318+0000] {processor.py:925} INFO - DAG(s) 'example_python_operator' retrieved from /home/airflow/.local/lib/python3.12/site-packages/airflow/example_dags/example_python_operator.py
[2026-05-28T14:32:30.365+0000] {logging_mixin.py:190} INFO - [2026-05-28T14:32:30.365+0000] {dag.py:3239} INFO - Sync 1 DAGs
[2026-05-28T14:32:30.389+0000] {logging_mixin.py:190} INFO - [2026-05-28T14:32:30.389+0000] {dag.py:4180} INFO - Setting next_dagrun for example_python_operator to None, run_after=None
[2026-05-28T14:32:30.421+0000] {processor.py:208} INFO - Processing /home/airflow/.local/lib/python3.12/site-packages/airflow/example_dags/example_python_operator.py took 0.142 seconds
[2026-05-28T14:33:08.113+0000] {processor.py:186} INFO - Started process (PID=4846) to work on /home/airflow/.local/lib/python3.12/site-packages/airflow/example_dags/example_python_operator.py
[2026-05-28T14:33:08.115+0000] {processor.py:914} INFO - Processing file /home/airflow/.local/lib/python3.12/site-packages/airflow/example_dags/example_python_operator.py for tasks to queue
[2026-05-28T14:33:08.118+0000] {logging_mixin.py:190} INFO - [2026-05-28T14:33:08.118+0000] {dagbag.py:588} INFO - Filling up the DagBag from /home/airflow/.local/lib/python3.12/site-packages/airflow/example_dags/example_python_operator.py
[2026-05-28T14:33:08.140+0000] {processor.py:925} INFO - DAG(s) 'example_python_operator' retrieved from /home/airflow/.local/lib/python3.12/site-packages/airflow/example_dags/example_python_operator.py
[2026-05-28T14:33:08.194+0000] {logging_mixin.py:190} INFO - [2026-05-28T14:33:08.193+0000] {dag.py:3239} INFO - Sync 1 DAGs
[2026-05-28T14:33:08.224+0000] {logging_mixin.py:190} INFO - [2026-05-28T14:33:08.224+0000] {dag.py:4180} INFO - Setting next_dagrun for example_python_operator to None, run_after=None
[2026-05-28T14:33:08.272+0000] {processor.py:208} INFO - Processing /home/airflow/.local/lib/python3.12/site-packages/airflow/example_dags/example_python_operator.py took 0.170 seconds
[2026-05-28T14:33:38.696+0000] {processor.py:186} INFO - Started process (PID=4909) to work on /home/airflow/.local/lib/python3.12/site-packages/airflow/example_dags/example_python_operator.py
[2026-05-28T14:33:38.698+0000] {processor.py:914} INFO - Processing file /home/airflow/.local/lib/python3.12/site-packages/airflow/example_dags/example_python_operator.py for tasks to queue
[2026-05-28T14:33:38.700+0000] {logging_mixin.py:190} INFO - [2026-05-28T14:33:38.700+0000] {dagbag.py:588} INFO - Filling up the DagBag from /home/airflow/.local/lib/python3.12/site-packages/airflow/example_dags/example_python_operator.py
[2026-05-28T14:33:38.718+0000] {processor.py:925} INFO - DAG(s) 'example_python_operator' retrieved from /home/airflow/.local/lib/python3.12/site-packages/airflow/example_dags/example_python_operator.py
[2026-05-28T14:33:38.759+0000] {logging_mixin.py:190} INFO - [2026-05-28T14:33:38.758+0000] {dag.py:3239} INFO - Sync 1 DAGs
[2026-05-28T14:33:38.783+0000] {logging_mixin.py:190} INFO - [2026-05-28T14:33:38.783+0000] {dag.py:4180} INFO - Setting next_dagrun for example_python_operator to None, run_after=None
[2026-05-28T14:33:38.821+0000] {processor.py:208} INFO - Processing /home/airflow/.local/lib/python3.12/site-packages/airflow/example_dags/example_python_operator.py took 0.133 seconds
[2026-05-28T14:34:18.165+0000] {processor.py:186} INFO - Started process (PID=4978) to work on /home/airflow/.local/lib/python3.12/site-packages/airflow/example_dags/example_python_operator.py
[2026-05-28T14:34:18.167+0000] {processor.py:914} INFO - Processing file /home/airflow/.local/lib/python3.12/site-packages/airflow/example_dags/example_python_operator.py for tasks to queue
[2026-05-28T14:34:18.170+0000] {logging_mixin.py:190} INFO - [2026-05-28T14:34:18.169+0000] {dagbag.py:588} INFO - Filling up the DagBag from /home/airflow/.local/lib/python3.12/site-packages/airflow/example_dags/example_python_operator.py
[2026-05-28T14:34:18.196+0000] {processor.py:925} INFO - DAG(s) 'example_python_operator' retrieved from /home/airflow/.local/lib/python3.12/site-packages/airflow/example_dags/example_python_operator.py
[2026-05-28T14:34:18.242+0000] {logging_mixin.py:190} INFO - [2026-05-28T14:34:18.241+0000] {dag.py:3239} INFO - Sync 1 DAGs
[2026-05-28T14:34:18.265+0000] {logging_mixin.py:190} INFO - [2026-05-28T14:34:18.265+0000] {dag.py:4180} INFO - Setting next_dagrun for example_python_operator to None, run_after=None
[2026-05-28T14:34:18.319+0000] {processor.py:208} INFO - Processing /home/airflow/.local/lib/python3.12/site-packages/airflow/example_dags/example_python_operator.py took 0.165 seconds
[2026-05-28T14:34:57.777+0000] {processor.py:186} INFO - Started process (PID=5044) to work on /home/airflow/.local/lib/python3.12/site-packages/airflow/example_dags/example_python_operator.py
[2026-05-28T14:34:57.779+0000] {processor.py:914} INFO - Processing file /home/airflow/.local/lib/python3.12/site-packages/airflow/example_dags/example_python_operator.py for tasks to queue
[2026-05-28T14:34:57.782+0000] {logging_mixin.py:190} INFO - [2026-05-28T14:34:57.781+0000] {dagbag.py:588} INFO - Filling up the DagBag from /home/airflow/.local/lib/python3.12/site-packages/airflow/example_dags/example_python_operator.py
[2026-05-28T14:34:57.804+0000] {processor.py:925} INFO - DAG(s) 'example_python_operator' retrieved from /home/airflow/.local/lib/python3.12/site-packages/airflow/example_dags/example_python_operator.py
[2026-05-28T14:34:57.853+0000] {logging_mixin.py:190} INFO - [2026-05-28T14:34:57.853+0000] {dag.py:3239} INFO - Sync 1 DAGs
[2026-05-28T14:34:57.885+0000] {logging_mixin.py:190} INFO - [2026-05-28T14:34:57.885+0000] {dag.py:4180} INFO - Setting next_dagrun for example_python_operator to None, run_after=None
[2026-05-28T14:34:57.927+0000] {processor.py:208} INFO - Processing /home/airflow/.local/lib/python3.12/site-packages/airflow/example_dags/example_python_operator.py took 0.161 seconds
[2026-05-28T14:35:35.077+0000] {processor.py:186} INFO - Started process (PID=5113) to work on /home/airflow/.local/lib/python3.12/site-packages/airflow/example_dags/example_python_operator.py
[2026-05-28T14:35:35.079+0000] {processor.py:914} INFO - Processing file /home/airflow/.local/lib/python3.12/site-packages/airflow/example_dags/example_python_operator.py for tasks to queue
[2026-05-28T14:35:35.082+0000] {logging_mixin.py:190} INFO - [2026-05-28T14:35:35.081+0000] {dagbag.py:588} INFO - Filling up the DagBag from /home/airflow/.local/lib/python3.12/site-packages/airflow/example_dags/example_python_operator.py
[2026-05-28T14:35:35.106+0000] {processor.py:925} INFO - DAG(s) 'example_python_operator' retrieved from /home/airflow/.local/lib/python3.12/site-packages/airflow/example_dags/example_python_operator.py
[2026-05-28T14:35:35.155+0000] {logging_mixin.py:190} INFO - [2026-05-28T14:35:35.154+0000] {dag.py:3239} INFO - Sync 1 DAGs
[2026-05-28T14:35:35.179+0000] {logging_mixin.py:190} INFO - [2026-05-28T14:35:35.179+0000] {dag.py:4180} INFO - Setting next_dagrun for example_python_operator to None, run_after=None
[2026-05-28T14:35:35.220+0000] {processor.py:208} INFO - Processing /home/airflow/.local/lib/python3.12/site-packages/airflow/example_dags/example_python_operator.py took 0.154 seconds
[2026-05-28T14:36:07.700+0000] {processor.py:186} INFO - Started process (PID=5176) to work on /home/airflow/.local/lib/python3.12/site-packages/airflow/example_dags/example_python_operator.py
[2026-05-28T14:36:07.702+0000] {processor.py:914} INFO - Processing file /home/airflow/.local/lib/python3.12/site-packages/airflow/example_dags/example_python_operator.py for tasks to queue
[2026-05-28T14:36:07.706+0000] {logging_mixin.py:190} INFO - [2026-05-28T14:36:07.705+0000] {dagbag.py:588} INFO - Filling up the DagBag from /home/airflow/.local/lib/python3.12/site-packages/airflow/example_dags/example_python_operator.py
[2026-05-28T14:36:07.742+0000] {processor.py:925} INFO - DAG(s) 'example_python_operator' retrieved from /home/airflow/.local/lib/python3.12/site-packages/airflow/example_dags/example_python_operator.py
[2026-05-28T14:36:07.794+0000] {logging_mixin.py:190} INFO - [2026-05-28T14:36:07.793+0000] {dag.py:3239} INFO - Sync 1 DAGs
[2026-05-28T14:36:07.821+0000] {logging_mixin.py:190} INFO - [2026-05-28T14:36:07.821+0000] {dag.py:4180} INFO - Setting next_dagrun for example_python_operator to None, run_after=None
[2026-05-28T14:36:07.853+0000] {processor.py:208} INFO - Processing /home/airflow/.local/lib/python3.12/site-packages/airflow/example_dags/example_python_operator.py took 0.165 seconds
[2026-05-28T14:36:39.984+0000] {processor.py:186} INFO - Started process (PID=5239) to work on /home/airflow/.local/lib/python3.12/site-packages/airflow/example_dags/example_python_operator.py
[2026-05-28T14:36:39.987+0000] {processor.py:914} INFO - Processing file /home/airflow/.local/lib/python3.12/site-packages/airflow/example_dags/example_python_operator.py for tasks to queue
[2026-05-28T14:36:39.990+0000] {logging_mixin.py:190} INFO - [2026-05-28T14:36:39.989+0000] {dagbag.py:588} INFO - Filling up the DagBag from /home/airflow/.local/lib/python3.12/site-packages/airflow/example_dags/example_python_operator.py
[2026-05-28T14:36:40.015+0000] {processor.py:925} INFO - DAG(s) 'example_python_operator' retrieved from /home/airflow/.local/lib/python3.12/site-packages/airflow/example_dags/example_python_operator.py
[2026-05-28T14:36:40.076+0000] {logging_mixin.py:190} INFO - [2026-05-28T14:36:40.076+0000] {dag.py:3239} INFO - Sync 1 DAGs
[2026-05-28T14:36:40.109+0000] {logging_mixin.py:190} INFO - [2026-05-28T14:36:40.109+0000] {dag.py:4180} INFO - Setting next_dagrun for example_python_operator to None, run_after=None
[2026-05-28T14:36:40.158+0000] {processor.py:208} INFO - Processing /home/airflow/.local/lib/python3.12/site-packages/airflow/example_dags/example_python_operator.py took 0.186 seconds
[2026-05-28T14:37:18.435+0000] {processor.py:186} INFO - Started process (PID=5311) to work on /home/airflow/.local/lib/python3.12/site-packages/airflow/example_dags/example_python_operator.py
[2026-05-28T14:37:18.437+0000] {processor.py:914} INFO - Processing file /home/airflow/.local/lib/python3.12/site-packages/airflow/example_dags/example_python_operator.py for tasks to queue
[2026-05-28T14:37:18.440+0000] {logging_mixin.py:190} INFO - [2026-05-28T14:37:18.439+0000] {dagbag.py:588} INFO - Filling up the DagBag from /home/airflow/.local/lib/python3.12/site-packages/airflow/example_dags/example_python_operator.py
[2026-05-28T14:37:18.461+0000] {processor.py:925} INFO - DAG(s) 'example_python_operator' retrieved from /home/airflow/.local/lib/python3.12/site-packages/airflow/example_dags/example_python_operator.py
[2026-05-28T14:37:18.503+0000] {logging_mixin.py:190} INFO - [2026-05-28T14:37:18.503+0000] {dag.py:3239} INFO - Sync 1 DAGs
[2026-05-28T14:37:18.528+0000] {logging_mixin.py:190} INFO - [2026-05-28T14:37:18.527+0000] {dag.py:4180} INFO - Setting next_dagrun for example_python_operator to None, run_after=None
[2026-05-28T14:37:18.912+0000] {processor.py:208} INFO - Processing /home/airflow/.local/lib/python3.12/site-packages/airflow/example_dags/example_python_operator.py took 0.487 seconds
[2026-05-28T14:38:01.196+0000] {processor.py:186} INFO - Started process (PID=5379) to work on /home/airflow/.local/lib/python3.12/site-packages/airflow/example_dags/example_python_operator.py
[2026-05-28T14:38:01.198+0000] {processor.py:914} INFO - Processing file /home/airflow/.local/lib/python3.12/site-packages/airflow/example_dags/example_python_operator.py for tasks to queue
[2026-05-28T14:38:01.201+0000] {logging_mixin.py:190} INFO - [2026-05-28T14:38:01.201+0000] {dagbag.py:588} INFO - Filling up the DagBag from /home/airflow/.local/lib/python3.12/site-packages/airflow/example_dags/example_python_operator.py
[2026-05-28T14:38:01.227+0000] {processor.py:925} INFO - DAG(s) 'example_python_operator' retrieved from /home/airflow/.local/lib/python3.12/site-packages/airflow/example_dags/example_python_operator.py
[2026-05-28T14:38:01.288+0000] {logging_mixin.py:190} INFO - [2026-05-28T14:38:01.287+0000] {dag.py:3239} INFO - Sync 1 DAGs
[2026-05-28T14:38:01.330+0000] {logging_mixin.py:190} INFO - [2026-05-28T14:38:01.329+0000] {dag.py:4180} INFO - Setting next_dagrun for example_python_operator to None, run_after=None
[2026-05-28T14:38:01.848+0000] {processor.py:208} INFO - Processing /home/airflow/.local/lib/python3.12/site-packages/airflow/example_dags/example_python_operator.py took 0.664 seconds
[2026-05-28T14:38:36.276+0000] {processor.py:186} INFO - Started process (PID=5442) to work on /home/airflow/.local/lib/python3.12/site-packages/airflow/example_dags/example_python_operator.py
[2026-05-28T14:38:36.278+0000] {processor.py:914} INFO - Processing file /home/airflow/.local/lib/python3.12/site-packages/airflow/example_dags/example_python_operator.py for tasks to queue
[2026-05-28T14:38:36.281+0000] {logging_mixin.py:190} INFO - [2026-05-28T14:38:36.280+0000] {dagbag.py:588} INFO - Filling up the DagBag from /home/airflow/.local/lib/python3.12/site-packages/airflow/example_dags/example_python_operator.py
[2026-05-28T14:38:36.298+0000] {processor.py:925} INFO - DAG(s) 'example_python_operator' retrieved from /home/airflow/.local/lib/python3.12/site-packages/airflow/example_dags/example_python_operator.py
[2026-05-28T14:38:36.339+0000] {logging_mixin.py:190} INFO - [2026-05-28T14:38:36.338+0000] {dag.py:3239} INFO - Sync 1 DAGs
[2026-05-28T14:38:36.360+0000] {logging_mixin.py:190} INFO - [2026-05-28T14:38:36.360+0000] {dag.py:4180} INFO - Setting next_dagrun for example_python_operator to None, run_after=None
[2026-05-28T14:38:36.747+0000] {processor.py:208} INFO - Processing /home/airflow/.local/lib/python3.12/site-packages/airflow/example_dags/example_python_operator.py took 0.480 seconds
[2026-05-28T14:39:14.315+0000] {processor.py:186} INFO - Started process (PID=5506) to work on /home/airflow/.local/lib/python3.12/site-packages/airflow/example_dags/example_python_operator.py
[2026-05-28T14:39:14.317+0000] {processor.py:914} INFO - Processing file /home/airflow/.local/lib/python3.12/site-packages/airflow/example_dags/example_python_operator.py for tasks to queue
[2026-05-28T14:39:14.319+0000] {logging_mixin.py:190} INFO - [2026-05-28T14:39:14.319+0000] {dagbag.py:588} INFO - Filling up the DagBag from /home/airflow/.local/lib/python3.12/site-packages/airflow/example_dags/example_python_operator.py
[2026-05-28T14:39:14.337+0000] {processor.py:925} INFO - DAG(s) 'example_python_operator' retrieved from /home/airflow/.local/lib/python3.12/site-packages/airflow/example_dags/example_python_operator.py
[2026-05-28T14:39:14.373+0000] {logging_mixin.py:190} INFO - [2026-05-28T14:39:14.373+0000] {dag.py:3239} INFO - Sync 1 DAGs
[2026-05-28T14:39:14.394+0000] {logging_mixin.py:190} INFO - [2026-05-28T14:39:14.393+0000] {dag.py:4180} INFO - Setting next_dagrun for example_python_operator to None, run_after=None
[2026-05-28T14:39:14.425+0000] {processor.py:208} INFO - Processing /home/airflow/.local/lib/python3.12/site-packages/airflow/example_dags/example_python_operator.py took 0.118 seconds
[2026-05-28T14:39:57.733+0000] {processor.py:186} INFO - Started process (PID=5600) to work on /home/airflow/.local/lib/python3.12/site-packages/airflow/example_dags/example_python_operator.py
[2026-05-28T14:39:57.735+0000] {processor.py:914} INFO - Processing file /home/airflow/.local/lib/python3.12/site-packages/airflow/example_dags/example_python_operator.py for tasks to queue
[2026-05-28T14:39:57.739+0000] {logging_mixin.py:190} INFO - [2026-05-28T14:39:57.738+0000] {dagbag.py:588} INFO - Filling up the DagBag from /home/airflow/.local/lib/python3.12/site-packages/airflow/example_dags/example_python_operator.py
[2026-05-28T14:39:57.764+0000] {processor.py:925} INFO - DAG(s) 'example_python_operator' retrieved from /home/airflow/.local/lib/python3.12/site-packages/airflow/example_dags/example_python_operator.py
[2026-05-28T14:39:57.813+0000] {logging_mixin.py:190} INFO - [2026-05-28T14:39:57.812+0000] {dag.py:3239} INFO - Sync 1 DAGs
[2026-05-28T14:39:57.839+0000] {logging_mixin.py:190} INFO - [2026-05-28T14:39:57.838+0000] {dag.py:4180} INFO - Setting next_dagrun for example_python_operator to None, run_after=None
[2026-05-28T14:39:58.341+0000] {processor.py:208} INFO - Processing /home/airflow/.local/lib/python3.12/site-packages/airflow/example_dags/example_python_operator.py took 0.618 seconds
[2026-05-28T14:40:33.918+0000] {processor.py:186} INFO - Started process (PID=5664) to work on /home/airflow/.local/lib/python3.12/site-packages/airflow/example_dags/example_python_operator.py
[2026-05-28T14:40:33.919+0000] {processor.py:914} INFO - Processing file /home/airflow/.local/lib/python3.12/site-packages/airflow/example_dags/example_python_operator.py for tasks to queue
[2026-05-28T14:40:33.922+0000] {logging_mixin.py:190} INFO - [2026-05-28T14:40:33.921+0000] {dagbag.py:588} INFO - Filling up the DagBag from /home/airflow/.local/lib/python3.12/site-packages/airflow/example_dags/example_python_operator.py
[2026-05-28T14:40:33.937+0000] {processor.py:925} INFO - DAG(s) 'example_python_operator' retrieved from /home/airflow/.local/lib/python3.12/site-packages/airflow/example_dags/example_python_operator.py
[2026-05-28T14:40:33.979+0000] {logging_mixin.py:190} INFO - [2026-05-28T14:40:33.978+0000] {dag.py:3239} INFO - Sync 1 DAGs
[2026-05-28T14:40:34.000+0000] {logging_mixin.py:190} INFO - [2026-05-28T14:40:34.000+0000] {dag.py:4180} INFO - Setting next_dagrun for example_python_operator to None, run_after=None
[2026-05-28T14:40:34.041+0000] {processor.py:208} INFO - Processing /home/airflow/.local/lib/python3.12/site-packages/airflow/example_dags/example_python_operator.py took 0.131 seconds
[2026-05-28T14:41:10.658+0000] {processor.py:186} INFO - Started process (PID=5728) to work on /home/airflow/.local/lib/python3.12/site-packages/airflow/example_dags/example_python_operator.py
[2026-05-28T14:41:10.660+0000] {processor.py:914} INFO - Processing file /home/airflow/.local/lib/python3.12/site-packages/airflow/example_dags/example_python_operator.py for tasks to queue
[2026-05-28T14:41:10.662+0000] {logging_mixin.py:190} INFO - [2026-05-28T14:41:10.662+0000] {dagbag.py:588} INFO - Filling up the DagBag from /home/airflow/.local/lib/python3.12/site-packages/airflow/example_dags/example_python_operator.py
[2026-05-28T14:41:10.678+0000] {processor.py:925} INFO - DAG(s) 'example_python_operator' retrieved from /home/airflow/.local/lib/python3.12/site-packages/airflow/example_dags/example_python_operator.py
[2026-05-28T14:41:10.714+0000] {logging_mixin.py:190} INFO - [2026-05-28T14:41:10.713+0000] {dag.py:3239} INFO - Sync 1 DAGs
[2026-05-28T14:41:10.734+0000] {logging_mixin.py:190} INFO - [2026-05-28T14:41:10.734+0000] {dag.py:4180} INFO - Setting next_dagrun for example_python_operator to None, run_after=None
[2026-05-28T14:41:10.768+0000] {processor.py:208} INFO - Processing /home/airflow/.local/lib/python3.12/site-packages/airflow/example_dags/example_python_operator.py took 0.118 seconds
[2026-05-28T14:41:45.661+0000] {processor.py:186} INFO - Started process (PID=5791) to work on /home/airflow/.local/lib/python3.12/site-packages/airflow/example_dags/example_python_operator.py
[2026-05-28T14:41:45.662+0000] {processor.py:914} INFO - Processing file /home/airflow/.local/lib/python3.12/site-packages/airflow/example_dags/example_python_operator.py for tasks to queue
[2026-05-28T14:41:45.665+0000] {logging_mixin.py:190} INFO - [2026-05-28T14:41:45.665+0000] {dagbag.py:588} INFO - Filling up the DagBag from /home/airflow/.local/lib/python3.12/site-packages/airflow/example_dags/example_python_operator.py
[2026-05-28T14:41:45.687+0000] {processor.py:925} INFO - DAG(s) 'example_python_operator' retrieved from /home/airflow/.local/lib/python3.12/site-packages/airflow/example_dags/example_python_operator.py
[2026-05-28T14:41:45.724+0000] {logging_mixin.py:190} INFO - [2026-05-28T14:41:45.724+0000] {dag.py:3239} INFO - Sync 1 DAGs
[2026-05-28T14:41:45.749+0000] {logging_mixin.py:190} INFO - [2026-05-28T14:41:45.746+0000] {dag.py:4180} INFO - Setting next_dagrun for example_python_operator to None, run_after=None
[2026-05-28T14:41:45.786+0000] {processor.py:208} INFO - Processing /home/airflow/.local/lib/python3.12/site-packages/airflow/example_dags/example_python_operator.py took 0.135 seconds
[2026-05-28T14:42:16.744+0000] {processor.py:186} INFO - Started process (PID=5861) to work on /home/airflow/.local/lib/python3.12/site-packages/airflow/example_dags/example_python_operator.py
[2026-05-28T14:42:16.746+0000] {processor.py:914} INFO - Processing file /home/airflow/.local/lib/python3.12/site-packages/airflow/example_dags/example_python_operator.py for tasks to queue
[2026-05-28T14:42:16.749+0000] {logging_mixin.py:190} INFO - [2026-05-28T14:42:16.749+0000] {dagbag.py:588} INFO - Filling up the DagBag from /home/airflow/.local/lib/python3.12/site-packages/airflow/example_dags/example_python_operator.py
[2026-05-28T14:42:16.767+0000] {processor.py:925} INFO - DAG(s) 'example_python_operator' retrieved from /home/airflow/.local/lib/python3.12/site-packages/airflow/example_dags/example_python_operator.py
[2026-05-28T14:42:16.811+0000] {logging_mixin.py:190} INFO - [2026-05-28T14:42:16.811+0000] {dag.py:3239} INFO - Sync 1 DAGs
[2026-05-28T14:42:16.837+0000] {logging_mixin.py:190} INFO - [2026-05-28T14:42:16.837+0000] {dag.py:4180} INFO - Setting next_dagrun for example_python_operator to None, run_after=None
[2026-05-28T14:42:16.880+0000] {processor.py:208} INFO - Processing /home/airflow/.local/lib/python3.12/site-packages/airflow/example_dags/example_python_operator.py took 0.145 seconds
[2026-05-28T14:42:49.931+0000] {processor.py:186} INFO - Started process (PID=5929) to work on /home/airflow/.local/lib/python3.12/site-packages/airflow/example_dags/example_python_operator.py
[2026-05-28T14:42:49.933+0000] {processor.py:914} INFO - Processing file /home/airflow/.local/lib/python3.12/site-packages/airflow/example_dags/example_python_operator.py for tasks to queue
[2026-05-28T14:42:49.936+0000] {logging_mixin.py:190} INFO - [2026-05-28T14:42:49.935+0000] {dagbag.py:588} INFO - Filling up the DagBag from /home/airflow/.local/lib/python3.12/site-packages/airflow/example_dags/example_python_operator.py
[2026-05-28T14:42:49.952+0000] {processor.py:925} INFO - DAG(s) 'example_python_operator' retrieved from /home/airflow/.local/lib/python3.12/site-packages/airflow/example_dags/example_python_operator.py
[2026-05-28T14:42:49.989+0000] {logging_mixin.py:190} INFO - [2026-05-28T14:42:49.988+0000] {dag.py:3239} INFO - Sync 1 DAGs
[2026-05-28T14:42:50.010+0000] {logging_mixin.py:190} INFO - [2026-05-28T14:42:50.009+0000] {dag.py:4180} INFO - Setting next_dagrun for example_python_operator to None, run_after=None
[2026-05-28T14:42:50.036+0000] {processor.py:208} INFO - Processing /home/airflow/.local/lib/python3.12/site-packages/airflow/example_dags/example_python_operator.py took 0.112 seconds
[2026-05-28T14:43:29.517+0000] {processor.py:186} INFO - Started process (PID=5998) to work on /home/airflow/.local/lib/python3.12/site-packages/airflow/example_dags/example_python_operator.py
[2026-05-28T14:43:29.519+0000] {processor.py:914} INFO - Processing file /home/airflow/.local/lib/python3.12/site-packages/airflow/example_dags/example_python_operator.py for tasks to queue
[2026-05-28T14:43:29.522+0000] {logging_mixin.py:190} INFO - [2026-05-28T14:43:29.521+0000] {dagbag.py:588} INFO - Filling up the DagBag from /home/airflow/.local/lib/python3.12/site-packages/airflow/example_dags/example_python_operator.py
[2026-05-28T14:43:29.541+0000] {processor.py:925} INFO - DAG(s) 'example_python_operator' retrieved from /home/airflow/.local/lib/python3.12/site-packages/airflow/example_dags/example_python_operator.py
[2026-05-28T14:43:29.585+0000] {logging_mixin.py:190} INFO - [2026-05-28T14:43:29.584+0000] {dag.py:3239} INFO - Sync 1 DAGs
[2026-05-28T14:43:29.610+0000] {logging_mixin.py:190} INFO - [2026-05-28T14:43:29.609+0000] {dag.py:4180} INFO - Setting next_dagrun for example_python_operator to None, run_after=None
[2026-05-28T14:43:29.654+0000] {processor.py:208} INFO - Processing /home/airflow/.local/lib/python3.12/site-packages/airflow/example_dags/example_python_operator.py took 0.148 seconds
[2026-05-28T14:44:06.527+0000] {processor.py:186} INFO - Started process (PID=6062) to work on /home/airflow/.local/lib/python3.12/site-packages/airflow/example_dags/example_python_operator.py
[2026-05-28T14:44:06.529+0000] {processor.py:914} INFO - Processing file /home/airflow/.local/lib/python3.12/site-packages/airflow/example_dags/example_python_operator.py for tasks to queue
[2026-05-28T14:44:06.531+0000] {logging_mixin.py:190} INFO - [2026-05-28T14:44:06.531+0000] {dagbag.py:588} INFO - Filling up the DagBag from /home/airflow/.local/lib/python3.12/site-packages/airflow/example_dags/example_python_operator.py
[2026-05-28T14:44:06.551+0000] {processor.py:925} INFO - DAG(s) 'example_python_operator' retrieved from /home/airflow/.local/lib/python3.12/site-packages/airflow/example_dags/example_python_operator.py
[2026-05-28T14:44:06.593+0000] {logging_mixin.py:190} INFO - [2026-05-28T14:44:06.592+0000] {dag.py:3239} INFO - Sync 1 DAGs
[2026-05-28T14:44:06.611+0000] {logging_mixin.py:190} INFO - [2026-05-28T14:44:06.611+0000] {dag.py:4180} INFO - Setting next_dagrun for example_python_operator to None, run_after=None
[2026-05-28T14:44:06.645+0000] {processor.py:208} INFO - Processing /home/airflow/.local/lib/python3.12/site-packages/airflow/example_dags/example_python_operator.py took 0.126 seconds
[2026-05-28T14:44:37.571+0000] {processor.py:186} INFO - Started process (PID=6126) to work on /home/airflow/.local/lib/python3.12/site-packages/airflow/example_dags/example_python_operator.py
[2026-05-28T14:44:37.573+0000] {processor.py:914} INFO - Processing file /home/airflow/.local/lib/python3.12/site-packages/airflow/example_dags/example_python_operator.py for tasks to queue
[2026-05-28T14:44:37.575+0000] {logging_mixin.py:190} INFO - [2026-05-28T14:44:37.575+0000] {dagbag.py:588} INFO - Filling up the DagBag from /home/airflow/.local/lib/python3.12/site-packages/airflow/example_dags/example_python_operator.py
[2026-05-28T14:44:37.592+0000] {processor.py:925} INFO - DAG(s) 'example_python_operator' retrieved from /home/airflow/.local/lib/python3.12/site-packages/airflow/example_dags/example_python_operator.py
[2026-05-28T14:44:37.633+0000] {logging_mixin.py:190} INFO - [2026-05-28T14:44:37.633+0000] {dag.py:3239} INFO - Sync 1 DAGs
[2026-05-28T14:44:37.659+0000] {logging_mixin.py:190} INFO - [2026-05-28T14:44:37.658+0000] {dag.py:4180} INFO - Setting next_dagrun for example_python_operator to None, run_after=None
[2026-05-28T14:44:37.692+0000] {processor.py:208} INFO - Processing /home/airflow/.local/lib/python3.12/site-packages/airflow/example_dags/example_python_operator.py took 0.132 seconds
[2026-05-28T14:45:07.927+0000] {processor.py:186} INFO - Started process (PID=6189) to work on /home/airflow/.local/lib/python3.12/site-packages/airflow/example_dags/example_python_operator.py
[2026-05-28T14:45:07.930+0000] {processor.py:914} INFO - Processing file /home/airflow/.local/lib/python3.12/site-packages/airflow/example_dags/example_python_operator.py for tasks to queue
[2026-05-28T14:45:07.935+0000] {logging_mixin.py:190} INFO - [2026-05-28T14:45:07.934+0000] {dagbag.py:588} INFO - Filling up the DagBag from /home/airflow/.local/lib/python3.12/site-packages/airflow/example_dags/example_python_operator.py
[2026-05-28T14:45:07.960+0000] {processor.py:925} INFO - DAG(s) 'example_python_operator' retrieved from /home/airflow/.local/lib/python3.12/site-packages/airflow/example_dags/example_python_operator.py
[2026-05-28T14:45:08.002+0000] {logging_mixin.py:190} INFO - [2026-05-28T14:45:08.001+0000] {dag.py:3239} INFO - Sync 1 DAGs
[2026-05-28T14:45:08.023+0000] {logging_mixin.py:190} INFO - [2026-05-28T14:45:08.023+0000] {dag.py:4180} INFO - Setting next_dagrun for example_python_operator to None, run_after=None
[2026-05-28T14:45:08.053+0000] {processor.py:208} INFO - Processing /home/airflow/.local/lib/python3.12/site-packages/airflow/example_dags/example_python_operator.py took 0.135 seconds
[2026-05-28T14:45:39.096+0000] {processor.py:186} INFO - Started process (PID=6252) to work on /home/airflow/.local/lib/python3.12/site-packages/airflow/example_dags/example_python_operator.py
[2026-05-28T14:45:39.097+0000] {processor.py:914} INFO - Processing file /home/airflow/.local/lib/python3.12/site-packages/airflow/example_dags/example_python_operator.py for tasks to queue
[2026-05-28T14:45:39.100+0000] {logging_mixin.py:190} INFO - [2026-05-28T14:45:39.099+0000] {dagbag.py:588} INFO - Filling up the DagBag from /home/airflow/.local/lib/python3.12/site-packages/airflow/example_dags/example_python_operator.py
[2026-05-28T14:45:39.116+0000] {processor.py:925} INFO - DAG(s) 'example_python_operator' retrieved from /home/airflow/.local/lib/python3.12/site-packages/airflow/example_dags/example_python_operator.py
[2026-05-28T14:45:39.151+0000] {logging_mixin.py:190} INFO - [2026-05-28T14:45:39.151+0000] {dag.py:3239} INFO - Sync 1 DAGs
[2026-05-28T14:45:39.175+0000] {logging_mixin.py:190} INFO - [2026-05-28T14:45:39.174+0000] {dag.py:4180} INFO - Setting next_dagrun for example_python_operator to None, run_after=None
[2026-05-28T14:45:39.203+0000] {processor.py:208} INFO - Processing /home/airflow/.local/lib/python3.12/site-packages/airflow/example_dags/example_python_operator.py took 0.115 seconds
[2026-05-28T14:46:09.591+0000] {processor.py:186} INFO - Started process (PID=6315) to work on /home/airflow/.local/lib/python3.12/site-packages/airflow/example_dags/example_python_operator.py
[2026-05-28T14:46:09.593+0000] {processor.py:914} INFO - Processing file /home/airflow/.local/lib/python3.12/site-packages/airflow/example_dags/example_python_operator.py for tasks to queue
[2026-05-28T14:46:09.595+0000] {logging_mixin.py:190} INFO - [2026-05-28T14:46:09.595+0000] {dagbag.py:588} INFO - Filling up the DagBag from /home/airflow/.local/lib/python3.12/site-packages/airflow/example_dags/example_python_operator.py
[2026-05-28T14:46:09.616+0000] {processor.py:925} INFO - DAG(s) 'example_python_operator' retrieved from /home/airflow/.local/lib/python3.12/site-packages/airflow/example_dags/example_python_operator.py
[2026-05-28T14:46:09.651+0000] {logging_mixin.py:190} INFO - [2026-05-28T14:46:09.651+0000] {dag.py:3239} INFO - Sync 1 DAGs
[2026-05-28T14:46:09.669+0000] {logging_mixin.py:190} INFO - [2026-05-28T14:46:09.669+0000] {dag.py:4180} INFO - Setting next_dagrun for example_python_operator to None, run_after=None
[2026-05-28T14:46:09.715+0000] {processor.py:208} INFO - Processing /home/airflow/.local/lib/python3.12/site-packages/airflow/example_dags/example_python_operator.py took 0.131 seconds
[2026-05-28T14:46:42.468+0000] {processor.py:186} INFO - Started process (PID=6378) to work on /home/airflow/.local/lib/python3.12/site-packages/airflow/example_dags/example_python_operator.py
[2026-05-28T14:46:42.471+0000] {processor.py:914} INFO - Processing file /home/airflow/.local/lib/python3.12/site-packages/airflow/example_dags/example_python_operator.py for tasks to queue
[2026-05-28T14:46:42.473+0000] {logging_mixin.py:190} INFO - [2026-05-28T14:46:42.473+0000] {dagbag.py:588} INFO - Filling up the DagBag from /home/airflow/.local/lib/python3.12/site-packages/airflow/example_dags/example_python_operator.py
[2026-05-28T14:46:42.495+0000] {processor.py:925} INFO - DAG(s) 'example_python_operator' retrieved from /home/airflow/.local/lib/python3.12/site-packages/airflow/example_dags/example_python_operator.py
[2026-05-28T14:46:42.534+0000] {logging_mixin.py:190} INFO - [2026-05-28T14:46:42.534+0000] {dag.py:3239} INFO - Sync 1 DAGs
[2026-05-28T14:46:42.562+0000] {logging_mixin.py:190} INFO - [2026-05-28T14:46:42.561+0000] {dag.py:4180} INFO - Setting next_dagrun for example_python_operator to None, run_after=None
[2026-05-28T14:46:42.594+0000] {processor.py:208} INFO - Processing /home/airflow/.local/lib/python3.12/site-packages/airflow/example_dags/example_python_operator.py took 0.136 seconds
[2026-05-28T14:47:19.027+0000] {processor.py:186} INFO - Started process (PID=6446) to work on /home/airflow/.local/lib/python3.12/site-packages/airflow/example_dags/example_python_operator.py
[2026-05-28T14:47:19.029+0000] {processor.py:914} INFO - Processing file /home/airflow/.local/lib/python3.12/site-packages/airflow/example_dags/example_python_operator.py for tasks to queue
[2026-05-28T14:47:19.031+0000] {logging_mixin.py:190} INFO - [2026-05-28T14:47:19.031+0000] {dagbag.py:588} INFO - Filling up the DagBag from /home/airflow/.local/lib/python3.12/site-packages/airflow/example_dags/example_python_operator.py
[2026-05-28T14:47:19.049+0000] {processor.py:925} INFO - DAG(s) 'example_python_operator' retrieved from /home/airflow/.local/lib/python3.12/site-packages/airflow/example_dags/example_python_operator.py
[2026-05-28T14:47:19.092+0000] {logging_mixin.py:190} INFO - [2026-05-28T14:47:19.092+0000] {dag.py:3239} INFO - Sync 1 DAGs
[2026-05-28T14:47:19.113+0000] {logging_mixin.py:190} INFO - [2026-05-28T14:47:19.113+0000] {dag.py:4180} INFO - Setting next_dagrun for example_python_operator to None, run_after=None
[2026-05-28T14:47:19.147+0000] {processor.py:208} INFO - Processing /home/airflow/.local/lib/python3.12/site-packages/airflow/example_dags/example_python_operator.py took 0.130 seconds
[2026-05-28T14:47:59.870+0000] {processor.py:186} INFO - Started process (PID=6515) to work on /home/airflow/.local/lib/python3.12/site-packages/airflow/example_dags/example_python_operator.py
[2026-05-28T14:47:59.872+0000] {processor.py:914} INFO - Processing file /home/airflow/.local/lib/python3.12/site-packages/airflow/example_dags/example_python_operator.py for tasks to queue
[2026-05-28T14:47:59.874+0000] {logging_mixin.py:190} INFO - [2026-05-28T14:47:59.874+0000] {dagbag.py:588} INFO - Filling up the DagBag from /home/airflow/.local/lib/python3.12/site-packages/airflow/example_dags/example_python_operator.py
[2026-05-28T14:47:59.897+0000] {processor.py:925} INFO - DAG(s) 'example_python_operator' retrieved from /home/airflow/.local/lib/python3.12/site-packages/airflow/example_dags/example_python_operator.py
[2026-05-28T14:47:59.947+0000] {logging_mixin.py:190} INFO - [2026-05-28T14:47:59.947+0000] {dag.py:3239} INFO - Sync 1 DAGs
[2026-05-28T14:47:59.976+0000] {logging_mixin.py:190} INFO - [2026-05-28T14:47:59.975+0000] {dag.py:4180} INFO - Setting next_dagrun for example_python_operator to None, run_after=None
[2026-05-28T14:48:00.014+0000] {processor.py:208} INFO - Processing /home/airflow/.local/lib/python3.12/site-packages/airflow/example_dags/example_python_operator.py took 0.152 seconds
[2026-05-28T14:48:39.470+0000] {processor.py:186} INFO - Started process (PID=6588) to work on /home/airflow/.local/lib/python3.12/site-packages/airflow/example_dags/example_python_operator.py
[2026-05-28T14:48:39.472+0000] {processor.py:914} INFO - Processing file /home/airflow/.local/lib/python3.12/site-packages/airflow/example_dags/example_python_operator.py for tasks to queue
[2026-05-28T14:48:39.475+0000] {logging_mixin.py:190} INFO - [2026-05-28T14:48:39.474+0000] {dagbag.py:588} INFO - Filling up the DagBag from /home/airflow/.local/lib/python3.12/site-packages/airflow/example_dags/example_python_operator.py
[2026-05-28T14:48:39.493+0000] {processor.py:925} INFO - DAG(s) 'example_python_operator' retrieved from /home/airflow/.local/lib/python3.12/site-packages/airflow/example_dags/example_python_operator.py
[2026-05-28T14:48:39.534+0000] {logging_mixin.py:190} INFO - [2026-05-28T14:48:39.533+0000] {dag.py:3239} INFO - Sync 1 DAGs
[2026-05-28T14:48:39.553+0000] {logging_mixin.py:190} INFO - [2026-05-28T14:48:39.553+0000] {dag.py:4180} INFO - Setting next_dagrun for example_python_operator to None, run_after=None
[2026-05-28T14:48:39.583+0000] {processor.py:208} INFO - Processing /home/airflow/.local/lib/python3.12/site-packages/airflow/example_dags/example_python_operator.py took 0.121 seconds
[2026-05-28T14:49:18.020+0000] {processor.py:186} INFO - Started process (PID=6665) to work on /home/airflow/.local/lib/python3.12/site-packages/airflow/example_dags/example_python_operator.py
[2026-05-28T14:49:18.021+0000] {processor.py:914} INFO - Processing file /home/airflow/.local/lib/python3.12/site-packages/airflow/example_dags/example_python_operator.py for tasks to queue
[2026-05-28T14:49:18.024+0000] {logging_mixin.py:190} INFO - [2026-05-28T14:49:18.023+0000] {dagbag.py:588} INFO - Filling up the DagBag from /home/airflow/.local/lib/python3.12/site-packages/airflow/example_dags/example_python_operator.py
[2026-05-28T14:49:18.044+0000] {processor.py:925} INFO - DAG(s) 'example_python_operator' retrieved from /home/airflow/.local/lib/python3.12/site-packages/airflow/example_dags/example_python_operator.py
[2026-05-28T14:49:18.085+0000] {logging_mixin.py:190} INFO - [2026-05-28T14:49:18.085+0000] {dag.py:3239} INFO - Sync 1 DAGs
[2026-05-28T14:49:18.107+0000] {logging_mixin.py:190} INFO - [2026-05-28T14:49:18.107+0000] {dag.py:4180} INFO - Setting next_dagrun for example_python_operator to None, run_after=None
[2026-05-28T14:49:18.152+0000] {processor.py:208} INFO - Processing /home/airflow/.local/lib/python3.12/site-packages/airflow/example_dags/example_python_operator.py took 0.140 seconds
[2026-05-28T14:49:55.511+0000] {processor.py:186} INFO - Started process (PID=6733) to work on /home/airflow/.local/lib/python3.12/site-packages/airflow/example_dags/example_python_operator.py
[2026-05-28T14:49:55.512+0000] {processor.py:914} INFO - Processing file /home/airflow/.local/lib/python3.12/site-packages/airflow/example_dags/example_python_operator.py for tasks to queue
[2026-05-28T14:49:55.515+0000] {logging_mixin.py:190} INFO - [2026-05-28T14:49:55.514+0000] {dagbag.py:588} INFO - Filling up the DagBag from /home/airflow/.local/lib/python3.12/site-packages/airflow/example_dags/example_python_operator.py
[2026-05-28T14:49:55.534+0000] {processor.py:925} INFO - DAG(s) 'example_python_operator' retrieved from /home/airflow/.local/lib/python3.12/site-packages/airflow/example_dags/example_python_operator.py
[2026-05-28T14:49:55.572+0000] {logging_mixin.py:190} INFO - [2026-05-28T14:49:55.572+0000] {dag.py:3239} INFO - Sync 1 DAGs
[2026-05-28T14:49:55.591+0000] {logging_mixin.py:190} INFO - [2026-05-28T14:49:55.591+0000] {dag.py:4180} INFO - Setting next_dagrun for example_python_operator to None, run_after=None
[2026-05-28T14:49:55.623+0000] {processor.py:208} INFO - Processing /home/airflow/.local/lib/python3.12/site-packages/airflow/example_dags/example_python_operator.py took 0.121 seconds
[2026-05-28T14:50:29.071+0000] {processor.py:186} INFO - Started process (PID=6796) to work on /home/airflow/.local/lib/python3.12/site-packages/airflow/example_dags/example_python_operator.py
[2026-05-28T14:50:29.073+0000] {processor.py:914} INFO - Processing file /home/airflow/.local/lib/python3.12/site-packages/airflow/example_dags/example_python_operator.py for tasks to queue
[2026-05-28T14:50:29.075+0000] {logging_mixin.py:190} INFO - [2026-05-28T14:50:29.075+0000] {dagbag.py:588} INFO - Filling up the DagBag from /home/airflow/.local/lib/python3.12/site-packages/airflow/example_dags/example_python_operator.py
[2026-05-28T14:50:29.094+0000] {processor.py:925} INFO - DAG(s) 'example_python_operator' retrieved from /home/airflow/.local/lib/python3.12/site-packages/airflow/example_dags/example_python_operator.py
[2026-05-28T14:50:29.132+0000] {logging_mixin.py:190} INFO - [2026-05-28T14:50:29.131+0000] {dag.py:3239} INFO - Sync 1 DAGs
[2026-05-28T14:50:29.154+0000] {logging_mixin.py:190} INFO - [2026-05-28T14:50:29.153+0000] {dag.py:4180} INFO - Setting next_dagrun for example_python_operator to None, run_after=None
[2026-05-28T14:50:29.192+0000] {processor.py:208} INFO - Processing /home/airflow/.local/lib/python3.12/site-packages/airflow/example_dags/example_python_operator.py took 0.129 seconds
[2026-05-28T14:50:59.640+0000] {processor.py:186} INFO - Started process (PID=6859) to work on /home/airflow/.local/lib/python3.12/site-packages/airflow/example_dags/example_python_operator.py
[2026-05-28T14:50:59.641+0000] {processor.py:914} INFO - Processing file /home/airflow/.local/lib/python3.12/site-packages/airflow/example_dags/example_python_operator.py for tasks to queue
[2026-05-28T14:50:59.644+0000] {logging_mixin.py:190} INFO - [2026-05-28T14:50:59.644+0000] {dagbag.py:588} INFO - Filling up the DagBag from /home/airflow/.local/lib/python3.12/site-packages/airflow/example_dags/example_python_operator.py
[2026-05-28T14:50:59.664+0000] {processor.py:925} INFO - DAG(s) 'example_python_operator' retrieved from /home/airflow/.local/lib/python3.12/site-packages/airflow/example_dags/example_python_operator.py
[2026-05-28T14:50:59.710+0000] {logging_mixin.py:190} INFO - [2026-05-28T14:50:59.709+0000] {dag.py:3239} INFO - Sync 1 DAGs
[2026-05-28T14:50:59.741+0000] {logging_mixin.py:190} INFO - [2026-05-28T14:50:59.741+0000] {dag.py:4180} INFO - Setting next_dagrun for example_python_operator to None, run_after=None
[2026-05-28T14:50:59.777+0000] {processor.py:208} INFO - Processing /home/airflow/.local/lib/python3.12/site-packages/airflow/example_dags/example_python_operator.py took 0.144 seconds
[2026-05-28T14:51:30.983+0000] {processor.py:186} INFO - Started process (PID=6923) to work on /home/airflow/.local/lib/python3.12/site-packages/airflow/example_dags/example_python_operator.py
[2026-05-28T14:51:30.986+0000] {processor.py:914} INFO - Processing file /home/airflow/.local/lib/python3.12/site-packages/airflow/example_dags/example_python_operator.py for tasks to queue
[2026-05-28T14:51:30.989+0000] {logging_mixin.py:190} INFO - [2026-05-28T14:51:30.988+0000] {dagbag.py:588} INFO - Filling up the DagBag from /home/airflow/.local/lib/python3.12/site-packages/airflow/example_dags/example_python_operator.py
[2026-05-28T14:51:31.021+0000] {processor.py:925} INFO - DAG(s) 'example_python_operator' retrieved from /home/airflow/.local/lib/python3.12/site-packages/airflow/example_dags/example_python_operator.py
[2026-05-28T14:51:31.091+0000] {logging_mixin.py:190} INFO - [2026-05-28T14:51:31.091+0000] {dag.py:3239} INFO - Sync 1 DAGs
[2026-05-28T14:51:31.127+0000] {logging_mixin.py:190} INFO - [2026-05-28T14:51:31.126+0000] {dag.py:4180} INFO - Setting next_dagrun for example_python_operator to None, run_after=None
[2026-05-28T14:51:31.202+0000] {processor.py:208} INFO - Processing /home/airflow/.local/lib/python3.12/site-packages/airflow/example_dags/example_python_operator.py took 0.233 seconds
[2026-05-28T14:52:02.829+0000] {processor.py:186} INFO - Started process (PID=6986) to work on /home/airflow/.local/lib/python3.12/site-packages/airflow/example_dags/example_python_operator.py
[2026-05-28T14:52:02.831+0000] {processor.py:914} INFO - Processing file /home/airflow/.local/lib/python3.12/site-packages/airflow/example_dags/example_python_operator.py for tasks to queue
[2026-05-28T14:52:02.833+0000] {logging_mixin.py:190} INFO - [2026-05-28T14:52:02.833+0000] {dagbag.py:588} INFO - Filling up the DagBag from /home/airflow/.local/lib/python3.12/site-packages/airflow/example_dags/example_python_operator.py
[2026-05-28T14:52:02.854+0000] {processor.py:925} INFO - DAG(s) 'example_python_operator' retrieved from /home/airflow/.local/lib/python3.12/site-packages/airflow/example_dags/example_python_operator.py
[2026-05-28T14:52:02.890+0000] {logging_mixin.py:190} INFO - [2026-05-28T14:52:02.890+0000] {dag.py:3239} INFO - Sync 1 DAGs
[2026-05-28T14:52:02.911+0000] {logging_mixin.py:190} INFO - [2026-05-28T14:52:02.911+0000] {dag.py:4180} INFO - Setting next_dagrun for example_python_operator to None, run_after=None
[2026-05-28T14:52:02.948+0000] {processor.py:208} INFO - Processing /home/airflow/.local/lib/python3.12/site-packages/airflow/example_dags/example_python_operator.py took 0.129 seconds
[2026-05-28T14:52:33.759+0000] {processor.py:186} INFO - Started process (PID=7049) to work on /home/airflow/.local/lib/python3.12/site-packages/airflow/example_dags/example_python_operator.py
[2026-05-28T14:52:33.760+0000] {processor.py:914} INFO - Processing file /home/airflow/.local/lib/python3.12/site-packages/airflow/example_dags/example_python_operator.py for tasks to queue
[2026-05-28T14:52:33.763+0000] {logging_mixin.py:190} INFO - [2026-05-28T14:52:33.762+0000] {dagbag.py:588} INFO - Filling up the DagBag from /home/airflow/.local/lib/python3.12/site-packages/airflow/example_dags/example_python_operator.py
[2026-05-28T14:52:33.780+0000] {processor.py:925} INFO - DAG(s) 'example_python_operator' retrieved from /home/airflow/.local/lib/python3.12/site-packages/airflow/example_dags/example_python_operator.py
[2026-05-28T14:52:33.816+0000] {logging_mixin.py:190} INFO - [2026-05-28T14:52:33.816+0000] {dag.py:3239} INFO - Sync 1 DAGs
[2026-05-28T14:52:33.838+0000] {logging_mixin.py:190} INFO - [2026-05-28T14:52:33.838+0000] {dag.py:4180} INFO - Setting next_dagrun for example_python_operator to None, run_after=None
[2026-05-28T14:52:33.867+0000] {processor.py:208} INFO - Processing /home/airflow/.local/lib/python3.12/site-packages/airflow/example_dags/example_python_operator.py took 0.117 seconds
[2026-05-28T14:53:10.989+0000] {processor.py:186} INFO - Started process (PID=7112) to work on /home/airflow/.local/lib/python3.12/site-packages/airflow/example_dags/example_python_operator.py
[2026-05-28T14:53:10.991+0000] {processor.py:914} INFO - Processing file /home/airflow/.local/lib/python3.12/site-packages/airflow/example_dags/example_python_operator.py for tasks to queue
[2026-05-28T14:53:10.993+0000] {logging_mixin.py:190} INFO - [2026-05-28T14:53:10.993+0000] {dagbag.py:588} INFO - Filling up the DagBag from /home/airflow/.local/lib/python3.12/site-packages/airflow/example_dags/example_python_operator.py
[2026-05-28T14:53:11.014+0000] {processor.py:925} INFO - DAG(s) 'example_python_operator' retrieved from /home/airflow/.local/lib/python3.12/site-packages/airflow/example_dags/example_python_operator.py
[2026-05-28T14:53:11.052+0000] {logging_mixin.py:190} INFO - [2026-05-28T14:53:11.051+0000] {dag.py:3239} INFO - Sync 1 DAGs
[2026-05-28T14:53:11.074+0000] {logging_mixin.py:190} INFO - [2026-05-28T14:53:11.073+0000] {dag.py:4180} INFO - Setting next_dagrun for example_python_operator to None, run_after=None
[2026-05-28T14:53:11.112+0000] {processor.py:208} INFO - Processing /home/airflow/.local/lib/python3.12/site-packages/airflow/example_dags/example_python_operator.py took 0.133 seconds
[2026-05-28T14:53:50.157+0000] {processor.py:186} INFO - Started process (PID=7189) to work on /home/airflow/.local/lib/python3.12/site-packages/airflow/example_dags/example_python_operator.py
[2026-05-28T14:53:50.159+0000] {processor.py:914} INFO - Processing file /home/airflow/.local/lib/python3.12/site-packages/airflow/example_dags/example_python_operator.py for tasks to queue
[2026-05-28T14:53:50.162+0000] {logging_mixin.py:190} INFO - [2026-05-28T14:53:50.162+0000] {dagbag.py:588} INFO - Filling up the DagBag from /home/airflow/.local/lib/python3.12/site-packages/airflow/example_dags/example_python_operator.py
[2026-05-28T14:53:50.186+0000] {processor.py:925} INFO - DAG(s) 'example_python_operator' retrieved from /home/airflow/.local/lib/python3.12/site-packages/airflow/example_dags/example_python_operator.py
[2026-05-28T14:53:50.225+0000] {logging_mixin.py:190} INFO - [2026-05-28T14:53:50.224+0000] {dag.py:3239} INFO - Sync 1 DAGs
[2026-05-28T14:53:50.244+0000] {logging_mixin.py:190} INFO - [2026-05-28T14:53:50.243+0000] {dag.py:4180} INFO - Setting next_dagrun for example_python_operator to None, run_after=None
[2026-05-28T14:53:50.272+0000] {processor.py:208} INFO - Processing /home/airflow/.local/lib/python3.12/site-packages/airflow/example_dags/example_python_operator.py took 0.123 seconds
[2026-05-28T14:54:25.854+0000] {processor.py:186} INFO - Started process (PID=7253) to work on /home/airflow/.local/lib/python3.12/site-packages/airflow/example_dags/example_python_operator.py
[2026-05-28T14:54:25.856+0000] {processor.py:914} INFO - Processing file /home/airflow/.local/lib/python3.12/site-packages/airflow/example_dags/example_python_operator.py for tasks to queue
[2026-05-28T14:54:25.858+0000] {logging_mixin.py:190} INFO - [2026-05-28T14:54:25.858+0000] {dagbag.py:588} INFO - Filling up the DagBag from /home/airflow/.local/lib/python3.12/site-packages/airflow/example_dags/example_python_operator.py
[2026-05-28T14:54:25.875+0000] {processor.py:925} INFO - DAG(s) 'example_python_operator' retrieved from /home/airflow/.local/lib/python3.12/site-packages/airflow/example_dags/example_python_operator.py
[2026-05-28T14:54:25.926+0000] {logging_mixin.py:190} INFO - [2026-05-28T14:54:25.926+0000] {dag.py:3239} INFO - Sync 1 DAGs
[2026-05-28T14:54:25.952+0000] {logging_mixin.py:190} INFO - [2026-05-28T14:54:25.952+0000] {dag.py:4180} INFO - Setting next_dagrun for example_python_operator to None, run_after=None
[2026-05-28T14:54:25.996+0000] {processor.py:208} INFO - Processing /home/airflow/.local/lib/python3.12/site-packages/airflow/example_dags/example_python_operator.py took 0.155 seconds
[2026-05-28T14:54:56.432+0000] {processor.py:186} INFO - Started process (PID=7317) to work on /home/airflow/.local/lib/python3.12/site-packages/airflow/example_dags/example_python_operator.py
[2026-05-28T14:54:56.434+0000] {processor.py:914} INFO - Processing file /home/airflow/.local/lib/python3.12/site-packages/airflow/example_dags/example_python_operator.py for tasks to queue
[2026-05-28T14:54:56.436+0000] {logging_mixin.py:190} INFO - [2026-05-28T14:54:56.436+0000] {dagbag.py:588} INFO - Filling up the DagBag from /home/airflow/.local/lib/python3.12/site-packages/airflow/example_dags/example_python_operator.py
[2026-05-28T14:54:56.454+0000] {processor.py:925} INFO - DAG(s) 'example_python_operator' retrieved from /home/airflow/.local/lib/python3.12/site-packages/airflow/example_dags/example_python_operator.py
[2026-05-28T14:54:56.492+0000] {logging_mixin.py:190} INFO - [2026-05-28T14:54:56.492+0000] {dag.py:3239} INFO - Sync 1 DAGs
[2026-05-28T14:54:56.513+0000] {logging_mixin.py:190} INFO - [2026-05-28T14:54:56.513+0000] {dag.py:4180} INFO - Setting next_dagrun for example_python_operator to None, run_after=None
[2026-05-28T14:54:56.543+0000] {processor.py:208} INFO - Processing /home/airflow/.local/lib/python3.12/site-packages/airflow/example_dags/example_python_operator.py took 0.120 seconds
[2026-05-28T14:55:27.597+0000] {processor.py:186} INFO - Started process (PID=7381) to work on /home/airflow/.local/lib/python3.12/site-packages/airflow/example_dags/example_python_operator.py
[2026-05-28T14:55:27.605+0000] {processor.py:914} INFO - Processing file /home/airflow/.local/lib/python3.12/site-packages/airflow/example_dags/example_python_operator.py for tasks to queue
[2026-05-28T14:55:27.609+0000] {logging_mixin.py:190} INFO - [2026-05-28T14:55:27.608+0000] {dagbag.py:588} INFO - Filling up the DagBag from /home/airflow/.local/lib/python3.12/site-packages/airflow/example_dags/example_python_operator.py
[2026-05-28T14:55:27.632+0000] {processor.py:925} INFO - DAG(s) 'example_python_operator' retrieved from /home/airflow/.local/lib/python3.12/site-packages/airflow/example_dags/example_python_operator.py
[2026-05-28T14:55:27.679+0000] {logging_mixin.py:190} INFO - [2026-05-28T14:55:27.679+0000] {dag.py:3239} INFO - Sync 1 DAGs
[2026-05-28T14:55:27.705+0000] {logging_mixin.py:190} INFO - [2026-05-28T14:55:27.704+0000] {dag.py:4180} INFO - Setting next_dagrun for example_python_operator to None, run_after=None
[2026-05-28T14:55:27.762+0000] {processor.py:208} INFO - Processing /home/airflow/.local/lib/python3.12/site-packages/airflow/example_dags/example_python_operator.py took 0.175 seconds
[2026-05-28T14:56:01.360+0000] {processor.py:186} INFO - Started process (PID=7445) to work on /home/airflow/.local/lib/python3.12/site-packages/airflow/example_dags/example_python_operator.py
[2026-05-28T14:56:01.362+0000] {processor.py:914} INFO - Processing file /home/airflow/.local/lib/python3.12/site-packages/airflow/example_dags/example_python_operator.py for tasks to queue
[2026-05-28T14:56:01.365+0000] {logging_mixin.py:190} INFO - [2026-05-28T14:56:01.364+0000] {dagbag.py:588} INFO - Filling up the DagBag from /home/airflow/.local/lib/python3.12/site-packages/airflow/example_dags/example_python_operator.py
[2026-05-28T14:56:01.385+0000] {processor.py:925} INFO - DAG(s) 'example_python_operator' retrieved from /home/airflow/.local/lib/python3.12/site-packages/airflow/example_dags/example_python_operator.py
[2026-05-28T14:56:01.433+0000] {logging_mixin.py:190} INFO - [2026-05-28T14:56:01.433+0000] {dag.py:3239} INFO - Sync 1 DAGs
[2026-05-28T14:56:01.459+0000] {logging_mixin.py:190} INFO - [2026-05-28T14:56:01.459+0000] {dag.py:4180} INFO - Setting next_dagrun for example_python_operator to None, run_after=None
[2026-05-28T14:56:01.493+0000] {processor.py:208} INFO - Processing /home/airflow/.local/lib/python3.12/site-packages/airflow/example_dags/example_python_operator.py took 0.141 seconds
[2026-05-28T14:56:33.017+0000] {processor.py:186} INFO - Started process (PID=7510) to work on /home/airflow/.local/lib/python3.12/site-packages/airflow/example_dags/example_python_operator.py
[2026-05-28T14:56:33.019+0000] {processor.py:914} INFO - Processing file /home/airflow/.local/lib/python3.12/site-packages/airflow/example_dags/example_python_operator.py for tasks to queue
[2026-05-28T14:56:33.022+0000] {logging_mixin.py:190} INFO - [2026-05-28T14:56:33.021+0000] {dagbag.py:588} INFO - Filling up the DagBag from /home/airflow/.local/lib/python3.12/site-packages/airflow/example_dags/example_python_operator.py
[2026-05-28T14:56:33.042+0000] {processor.py:925} INFO - DAG(s) 'example_python_operator' retrieved from /home/airflow/.local/lib/python3.12/site-packages/airflow/example_dags/example_python_operator.py
[2026-05-28T14:56:33.085+0000] {logging_mixin.py:190} INFO - [2026-05-28T14:56:33.085+0000] {dag.py:3239} INFO - Sync 1 DAGs
[2026-05-28T14:56:33.108+0000] {logging_mixin.py:190} INFO - [2026-05-28T14:56:33.108+0000] {dag.py:4180} INFO - Setting next_dagrun for example_python_operator to None, run_after=None
[2026-05-28T14:56:33.143+0000] {processor.py:208} INFO - Processing /home/airflow/.local/lib/python3.12/site-packages/airflow/example_dags/example_python_operator.py took 0.136 seconds
[2026-05-28T14:57:03.539+0000] {processor.py:186} INFO - Started process (PID=7573) to work on /home/airflow/.local/lib/python3.12/site-packages/airflow/example_dags/example_python_operator.py
[2026-05-28T14:57:03.541+0000] {processor.py:914} INFO - Processing file /home/airflow/.local/lib/python3.12/site-packages/airflow/example_dags/example_python_operator.py for tasks to queue
[2026-05-28T14:57:03.544+0000] {logging_mixin.py:190} INFO - [2026-05-28T14:57:03.544+0000] {dagbag.py:588} INFO - Filling up the DagBag from /home/airflow/.local/lib/python3.12/site-packages/airflow/example_dags/example_python_operator.py
[2026-05-28T14:57:03.568+0000] {processor.py:925} INFO - DAG(s) 'example_python_operator' retrieved from /home/airflow/.local/lib/python3.12/site-packages/airflow/example_dags/example_python_operator.py
[2026-05-28T14:57:03.616+0000] {logging_mixin.py:190} INFO - [2026-05-28T14:57:03.616+0000] {dag.py:3239} INFO - Sync 1 DAGs
[2026-05-28T14:57:03.645+0000] {logging_mixin.py:190} INFO - [2026-05-28T14:57:03.645+0000] {dag.py:4180} INFO - Setting next_dagrun for example_python_operator to None, run_after=None
[2026-05-28T14:57:03.681+0000] {processor.py:208} INFO - Processing /home/airflow/.local/lib/python3.12/site-packages/airflow/example_dags/example_python_operator.py took 0.151 seconds
[2026-05-28T14:57:35.754+0000] {processor.py:186} INFO - Started process (PID=7636) to work on /home/airflow/.local/lib/python3.12/site-packages/airflow/example_dags/example_python_operator.py
[2026-05-28T14:57:35.756+0000] {processor.py:914} INFO - Processing file /home/airflow/.local/lib/python3.12/site-packages/airflow/example_dags/example_python_operator.py for tasks to queue
[2026-05-28T14:57:35.760+0000] {logging_mixin.py:190} INFO - [2026-05-28T14:57:35.759+0000] {dagbag.py:588} INFO - Filling up the DagBag from /home/airflow/.local/lib/python3.12/site-packages/airflow/example_dags/example_python_operator.py
[2026-05-28T14:57:35.787+0000] {processor.py:925} INFO - DAG(s) 'example_python_operator' retrieved from /home/airflow/.local/lib/python3.12/site-packages/airflow/example_dags/example_python_operator.py
[2026-05-28T14:57:35.827+0000] {logging_mixin.py:190} INFO - [2026-05-28T14:57:35.827+0000] {dag.py:3239} INFO - Sync 1 DAGs
[2026-05-28T14:57:35.852+0000] {logging_mixin.py:190} INFO - [2026-05-28T14:57:35.852+0000] {dag.py:4180} INFO - Setting next_dagrun for example_python_operator to None, run_after=None
[2026-05-28T14:57:35.882+0000] {processor.py:208} INFO - Processing /home/airflow/.local/lib/python3.12/site-packages/airflow/example_dags/example_python_operator.py took 0.139 seconds
[2026-05-28T14:58:14.081+0000] {processor.py:186} INFO - Started process (PID=7700) to work on /home/airflow/.local/lib/python3.12/site-packages/airflow/example_dags/example_python_operator.py
[2026-05-28T14:58:14.083+0000] {processor.py:914} INFO - Processing file /home/airflow/.local/lib/python3.12/site-packages/airflow/example_dags/example_python_operator.py for tasks to queue
[2026-05-28T14:58:14.086+0000] {logging_mixin.py:190} INFO - [2026-05-28T14:58:14.085+0000] {dagbag.py:588} INFO - Filling up the DagBag from /home/airflow/.local/lib/python3.12/site-packages/airflow/example_dags/example_python_operator.py
[2026-05-28T14:58:14.108+0000] {processor.py:925} INFO - DAG(s) 'example_python_operator' retrieved from /home/airflow/.local/lib/python3.12/site-packages/airflow/example_dags/example_python_operator.py
[2026-05-28T14:58:14.185+0000] {logging_mixin.py:190} INFO - [2026-05-28T14:58:14.184+0000] {dag.py:3239} INFO - Sync 1 DAGs
[2026-05-28T14:58:14.218+0000] {logging_mixin.py:190} INFO - [2026-05-28T14:58:14.218+0000] {dag.py:4180} INFO - Setting next_dagrun for example_python_operator to None, run_after=None
[2026-05-28T14:58:14.378+0000] {processor.py:208} INFO - Processing /home/airflow/.local/lib/python3.12/site-packages/airflow/example_dags/example_python_operator.py took 0.309 seconds
[2026-05-28T14:58:44.675+0000] {processor.py:186} INFO - Started process (PID=7764) to work on /home/airflow/.local/lib/python3.12/site-packages/airflow/example_dags/example_python_operator.py
[2026-05-28T14:58:44.677+0000] {processor.py:914} INFO - Processing file /home/airflow/.local/lib/python3.12/site-packages/airflow/example_dags/example_python_operator.py for tasks to queue
[2026-05-28T14:58:44.679+0000] {logging_mixin.py:190} INFO - [2026-05-28T14:58:44.679+0000] {dagbag.py:588} INFO - Filling up the DagBag from /home/airflow/.local/lib/python3.12/site-packages/airflow/example_dags/example_python_operator.py
[2026-05-28T14:58:44.698+0000] {processor.py:925} INFO - DAG(s) 'example_python_operator' retrieved from /home/airflow/.local/lib/python3.12/site-packages/airflow/example_dags/example_python_operator.py
[2026-05-28T14:58:44.738+0000] {logging_mixin.py:190} INFO - [2026-05-28T14:58:44.737+0000] {dag.py:3239} INFO - Sync 1 DAGs
[2026-05-28T14:58:44.756+0000] {logging_mixin.py:190} INFO - [2026-05-28T14:58:44.756+0000] {dag.py:4180} INFO - Setting next_dagrun for example_python_operator to None, run_after=None
[2026-05-28T14:58:44.794+0000] {processor.py:208} INFO - Processing /home/airflow/.local/lib/python3.12/site-packages/airflow/example_dags/example_python_operator.py took 0.127 seconds
[2026-05-28T14:59:15.098+0000] {processor.py:186} INFO - Started process (PID=7828) to work on /home/airflow/.local/lib/python3.12/site-packages/airflow/example_dags/example_python_operator.py
[2026-05-28T14:59:15.100+0000] {processor.py:914} INFO - Processing file /home/airflow/.local/lib/python3.12/site-packages/airflow/example_dags/example_python_operator.py for tasks to queue
[2026-05-28T14:59:15.102+0000] {logging_mixin.py:190} INFO - [2026-05-28T14:59:15.101+0000] {dagbag.py:588} INFO - Filling up the DagBag from /home/airflow/.local/lib/python3.12/site-packages/airflow/example_dags/example_python_operator.py
[2026-05-28T14:59:15.118+0000] {processor.py:925} INFO - DAG(s) 'example_python_operator' retrieved from /home/airflow/.local/lib/python3.12/site-packages/airflow/example_dags/example_python_operator.py
[2026-05-28T14:59:15.163+0000] {logging_mixin.py:190} INFO - [2026-05-28T14:59:15.163+0000] {dag.py:3239} INFO - Sync 1 DAGs
[2026-05-28T14:59:15.181+0000] {logging_mixin.py:190} INFO - [2026-05-28T14:59:15.181+0000] {dag.py:4180} INFO - Setting next_dagrun for example_python_operator to None, run_after=None
[2026-05-28T14:59:15.218+0000] {processor.py:208} INFO - Processing /home/airflow/.local/lib/python3.12/site-packages/airflow/example_dags/example_python_operator.py took 0.127 seconds
[2026-05-28T14:59:52.239+0000] {processor.py:186} INFO - Started process (PID=7894) to work on /home/airflow/.local/lib/python3.12/site-packages/airflow/example_dags/example_python_operator.py
[2026-05-28T14:59:52.241+0000] {processor.py:914} INFO - Processing file /home/airflow/.local/lib/python3.12/site-packages/airflow/example_dags/example_python_operator.py for tasks to queue
[2026-05-28T14:59:52.243+0000] {logging_mixin.py:190} INFO - [2026-05-28T14:59:52.243+0000] {dagbag.py:588} INFO - Filling up the DagBag from /home/airflow/.local/lib/python3.12/site-packages/airflow/example_dags/example_python_operator.py
[2026-05-28T14:59:52.261+0000] {processor.py:925} INFO - DAG(s) 'example_python_operator' retrieved from /home/airflow/.local/lib/python3.12/site-packages/airflow/example_dags/example_python_operator.py
[2026-05-28T14:59:52.303+0000] {logging_mixin.py:190} INFO - [2026-05-28T14:59:52.302+0000] {dag.py:3239} INFO - Sync 1 DAGs
[2026-05-28T14:59:52.326+0000] {logging_mixin.py:190} INFO - [2026-05-28T14:59:52.326+0000] {dag.py:4180} INFO - Setting next_dagrun for example_python_operator to None, run_after=None
[2026-05-28T14:59:52.359+0000] {processor.py:208} INFO - Processing /home/airflow/.local/lib/python3.12/site-packages/airflow/example_dags/example_python_operator.py took 0.128 seconds
[2026-05-28T15:00:30.047+0000] {processor.py:186} INFO - Started process (PID=7958) to work on /home/airflow/.local/lib/python3.12/site-packages/airflow/example_dags/example_python_operator.py
[2026-05-28T15:00:30.049+0000] {processor.py:914} INFO - Processing file /home/airflow/.local/lib/python3.12/site-packages/airflow/example_dags/example_python_operator.py for tasks to queue
[2026-05-28T15:00:30.052+0000] {logging_mixin.py:190} INFO - [2026-05-28T15:00:30.051+0000] {dagbag.py:588} INFO - Filling up the DagBag from /home/airflow/.local/lib/python3.12/site-packages/airflow/example_dags/example_python_operator.py
[2026-05-28T15:00:30.072+0000] {processor.py:925} INFO - DAG(s) 'example_python_operator' retrieved from /home/airflow/.local/lib/python3.12/site-packages/airflow/example_dags/example_python_operator.py
[2026-05-28T15:00:30.114+0000] {logging_mixin.py:190} INFO - [2026-05-28T15:00:30.114+0000] {dag.py:3239} INFO - Sync 1 DAGs
[2026-05-28T15:00:30.136+0000] {logging_mixin.py:190} INFO - [2026-05-28T15:00:30.135+0000] {dag.py:4180} INFO - Setting next_dagrun for example_python_operator to None, run_after=None
[2026-05-28T15:00:30.167+0000] {processor.py:208} INFO - Processing /home/airflow/.local/lib/python3.12/site-packages/airflow/example_dags/example_python_operator.py took 0.132 seconds
[2026-05-28T15:01:01.426+0000] {processor.py:186} INFO - Started process (PID=8024) to work on /home/airflow/.local/lib/python3.12/site-packages/airflow/example_dags/example_python_operator.py
[2026-05-28T15:01:01.428+0000] {processor.py:914} INFO - Processing file /home/airflow/.local/lib/python3.12/site-packages/airflow/example_dags/example_python_operator.py for tasks to queue
[2026-05-28T15:01:01.430+0000] {logging_mixin.py:190} INFO - [2026-05-28T15:01:01.430+0000] {dagbag.py:588} INFO - Filling up the DagBag from /home/airflow/.local/lib/python3.12/site-packages/airflow/example_dags/example_python_operator.py
[2026-05-28T15:01:01.451+0000] {processor.py:925} INFO - DAG(s) 'example_python_operator' retrieved from /home/airflow/.local/lib/python3.12/site-packages/airflow/example_dags/example_python_operator.py
[2026-05-28T15:01:01.487+0000] {logging_mixin.py:190} INFO - [2026-05-28T15:01:01.487+0000] {dag.py:3239} INFO - Sync 1 DAGs
[2026-05-28T15:01:01.509+0000] {logging_mixin.py:190} INFO - [2026-05-28T15:01:01.509+0000] {dag.py:4180} INFO - Setting next_dagrun for example_python_operator to None, run_after=None
[2026-05-28T15:01:01.551+0000] {processor.py:208} INFO - Processing /home/airflow/.local/lib/python3.12/site-packages/airflow/example_dags/example_python_operator.py took 0.132 seconds
[2026-05-28T15:01:34.833+0000] {processor.py:186} INFO - Started process (PID=8091) to work on /home/airflow/.local/lib/python3.12/site-packages/airflow/example_dags/example_python_operator.py
[2026-05-28T15:01:34.835+0000] {processor.py:914} INFO - Processing file /home/airflow/.local/lib/python3.12/site-packages/airflow/example_dags/example_python_operator.py for tasks to queue
[2026-05-28T15:01:34.837+0000] {logging_mixin.py:190} INFO - [2026-05-28T15:01:34.837+0000] {dagbag.py:588} INFO - Filling up the DagBag from /home/airflow/.local/lib/python3.12/site-packages/airflow/example_dags/example_python_operator.py
[2026-05-28T15:01:34.857+0000] {processor.py:925} INFO - DAG(s) 'example_python_operator' retrieved from /home/airflow/.local/lib/python3.12/site-packages/airflow/example_dags/example_python_operator.py
[2026-05-28T15:01:34.895+0000] {logging_mixin.py:190} INFO - [2026-05-28T15:01:34.894+0000] {dag.py:3239} INFO - Sync 1 DAGs
[2026-05-28T15:01:34.919+0000] {logging_mixin.py:190} INFO - [2026-05-28T15:01:34.919+0000] {dag.py:4180} INFO - Setting next_dagrun for example_python_operator to None, run_after=None
[2026-05-28T15:01:34.957+0000] {processor.py:208} INFO - Processing /home/airflow/.local/lib/python3.12/site-packages/airflow/example_dags/example_python_operator.py took 0.133 seconds
[2026-05-28T15:02:05.911+0000] {processor.py:186} INFO - Started process (PID=8154) to work on /home/airflow/.local/lib/python3.12/site-packages/airflow/example_dags/example_python_operator.py
[2026-05-28T15:02:05.913+0000] {processor.py:914} INFO - Processing file /home/airflow/.local/lib/python3.12/site-packages/airflow/example_dags/example_python_operator.py for tasks to queue
[2026-05-28T15:02:05.916+0000] {logging_mixin.py:190} INFO - [2026-05-28T15:02:05.915+0000] {dagbag.py:588} INFO - Filling up the DagBag from /home/airflow/.local/lib/python3.12/site-packages/airflow/example_dags/example_python_operator.py
[2026-05-28T15:02:05.936+0000] {processor.py:925} INFO - DAG(s) 'example_python_operator' retrieved from /home/airflow/.local/lib/python3.12/site-packages/airflow/example_dags/example_python_operator.py
[2026-05-28T15:02:05.974+0000] {logging_mixin.py:190} INFO - [2026-05-28T15:02:05.973+0000] {dag.py:3239} INFO - Sync 1 DAGs
[2026-05-28T15:02:05.994+0000] {logging_mixin.py:190} INFO - [2026-05-28T15:02:05.993+0000] {dag.py:4180} INFO - Setting next_dagrun for example_python_operator to None, run_after=None
[2026-05-28T15:02:06.033+0000] {processor.py:208} INFO - Processing /home/airflow/.local/lib/python3.12/site-packages/airflow/example_dags/example_python_operator.py took 0.129 seconds
[2026-05-28T15:02:36.430+0000] {processor.py:186} INFO - Started process (PID=8217) to work on /home/airflow/.local/lib/python3.12/site-packages/airflow/example_dags/example_python_operator.py
[2026-05-28T15:02:36.432+0000] {processor.py:914} INFO - Processing file /home/airflow/.local/lib/python3.12/site-packages/airflow/example_dags/example_python_operator.py for tasks to queue
[2026-05-28T15:02:36.434+0000] {logging_mixin.py:190} INFO - [2026-05-28T15:02:36.433+0000] {dagbag.py:588} INFO - Filling up the DagBag from /home/airflow/.local/lib/python3.12/site-packages/airflow/example_dags/example_python_operator.py
[2026-05-28T15:02:36.452+0000] {processor.py:925} INFO - DAG(s) 'example_python_operator' retrieved from /home/airflow/.local/lib/python3.12/site-packages/airflow/example_dags/example_python_operator.py
[2026-05-28T15:02:36.490+0000] {logging_mixin.py:190} INFO - [2026-05-28T15:02:36.490+0000] {dag.py:3239} INFO - Sync 1 DAGs
[2026-05-28T15:02:36.509+0000] {logging_mixin.py:190} INFO - [2026-05-28T15:02:36.509+0000] {dag.py:4180} INFO - Setting next_dagrun for example_python_operator to None, run_after=None
[2026-05-28T15:02:36.550+0000] {processor.py:208} INFO - Processing /home/airflow/.local/lib/python3.12/site-packages/airflow/example_dags/example_python_operator.py took 0.129 seconds
[2026-05-28T15:03:07.428+0000] {processor.py:186} INFO - Started process (PID=8281) to work on /home/airflow/.local/lib/python3.12/site-packages/airflow/example_dags/example_python_operator.py
[2026-05-28T15:03:07.430+0000] {processor.py:914} INFO - Processing file /home/airflow/.local/lib/python3.12/site-packages/airflow/example_dags/example_python_operator.py for tasks to queue
[2026-05-28T15:03:07.432+0000] {logging_mixin.py:190} INFO - [2026-05-28T15:03:07.432+0000] {dagbag.py:588} INFO - Filling up the DagBag from /home/airflow/.local/lib/python3.12/site-packages/airflow/example_dags/example_python_operator.py
[2026-05-28T15:03:07.449+0000] {processor.py:925} INFO - DAG(s) 'example_python_operator' retrieved from /home/airflow/.local/lib/python3.12/site-packages/airflow/example_dags/example_python_operator.py
[2026-05-28T15:03:07.491+0000] {logging_mixin.py:190} INFO - [2026-05-28T15:03:07.490+0000] {dag.py:3239} INFO - Sync 1 DAGs
[2026-05-28T15:03:07.509+0000] {logging_mixin.py:190} INFO - [2026-05-28T15:03:07.509+0000] {dag.py:4180} INFO - Setting next_dagrun for example_python_operator to None, run_after=None
[2026-05-28T15:03:07.538+0000] {processor.py:208} INFO - Processing /home/airflow/.local/lib/python3.12/site-packages/airflow/example_dags/example_python_operator.py took 0.119 seconds
[2026-05-28T15:03:39.129+0000] {processor.py:186} INFO - Started process (PID=8344) to work on /home/airflow/.local/lib/python3.12/site-packages/airflow/example_dags/example_python_operator.py
[2026-05-28T15:03:39.131+0000] {processor.py:914} INFO - Processing file /home/airflow/.local/lib/python3.12/site-packages/airflow/example_dags/example_python_operator.py for tasks to queue
[2026-05-28T15:03:39.135+0000] {logging_mixin.py:190} INFO - [2026-05-28T15:03:39.134+0000] {dagbag.py:588} INFO - Filling up the DagBag from /home/airflow/.local/lib/python3.12/site-packages/airflow/example_dags/example_python_operator.py
[2026-05-28T15:03:39.158+0000] {processor.py:925} INFO - DAG(s) 'example_python_operator' retrieved from /home/airflow/.local/lib/python3.12/site-packages/airflow/example_dags/example_python_operator.py
[2026-05-28T15:03:39.211+0000] {logging_mixin.py:190} INFO - [2026-05-28T15:03:39.210+0000] {dag.py:3239} INFO - Sync 1 DAGs
[2026-05-28T15:03:39.262+0000] {logging_mixin.py:190} INFO - [2026-05-28T15:03:39.262+0000] {dag.py:4180} INFO - Setting next_dagrun for example_python_operator to None, run_after=None
[2026-05-28T15:03:39.327+0000] {processor.py:208} INFO - Processing /home/airflow/.local/lib/python3.12/site-packages/airflow/example_dags/example_python_operator.py took 0.208 seconds
[2026-05-28T15:04:18.624+0000] {processor.py:186} INFO - Started process (PID=8409) to work on /home/airflow/.local/lib/python3.12/site-packages/airflow/example_dags/example_python_operator.py
[2026-05-28T15:04:18.626+0000] {processor.py:914} INFO - Processing file /home/airflow/.local/lib/python3.12/site-packages/airflow/example_dags/example_python_operator.py for tasks to queue
[2026-05-28T15:04:18.628+0000] {logging_mixin.py:190} INFO - [2026-05-28T15:04:18.627+0000] {dagbag.py:588} INFO - Filling up the DagBag from /home/airflow/.local/lib/python3.12/site-packages/airflow/example_dags/example_python_operator.py
[2026-05-28T15:04:18.648+0000] {processor.py:925} INFO - DAG(s) 'example_python_operator' retrieved from /home/airflow/.local/lib/python3.12/site-packages/airflow/example_dags/example_python_operator.py
[2026-05-28T15:04:18.694+0000] {logging_mixin.py:190} INFO - [2026-05-28T15:04:18.694+0000] {dag.py:3239} INFO - Sync 1 DAGs
[2026-05-28T15:04:18.716+0000] {logging_mixin.py:190} INFO - [2026-05-28T15:04:18.716+0000] {dag.py:4180} INFO - Setting next_dagrun for example_python_operator to None, run_after=None
[2026-05-28T15:04:18.748+0000] {processor.py:208} INFO - Processing /home/airflow/.local/lib/python3.12/site-packages/airflow/example_dags/example_python_operator.py took 0.133 seconds
[2026-05-28T15:04:58.362+0000] {processor.py:186} INFO - Started process (PID=8487) to work on /home/airflow/.local/lib/python3.12/site-packages/airflow/example_dags/example_python_operator.py
[2026-05-28T15:04:58.363+0000] {processor.py:914} INFO - Processing file /home/airflow/.local/lib/python3.12/site-packages/airflow/example_dags/example_python_operator.py for tasks to queue
[2026-05-28T15:04:58.370+0000] {logging_mixin.py:190} INFO - [2026-05-28T15:04:58.369+0000] {dagbag.py:588} INFO - Filling up the DagBag from /home/airflow/.local/lib/python3.12/site-packages/airflow/example_dags/example_python_operator.py
[2026-05-28T15:04:58.388+0000] {processor.py:925} INFO - DAG(s) 'example_python_operator' retrieved from /home/airflow/.local/lib/python3.12/site-packages/airflow/example_dags/example_python_operator.py
[2026-05-28T15:04:58.426+0000] {logging_mixin.py:190} INFO - [2026-05-28T15:04:58.426+0000] {dag.py:3239} INFO - Sync 1 DAGs
[2026-05-28T15:04:58.447+0000] {logging_mixin.py:190} INFO - [2026-05-28T15:04:58.446+0000] {dag.py:4180} INFO - Setting next_dagrun for example_python_operator to None, run_after=None
[2026-05-28T15:04:58.476+0000] {processor.py:208} INFO - Processing /home/airflow/.local/lib/python3.12/site-packages/airflow/example_dags/example_python_operator.py took 0.123 seconds
[2026-05-28T15:05:39.099+0000] {processor.py:186} INFO - Started process (PID=8561) to work on /home/airflow/.local/lib/python3.12/site-packages/airflow/example_dags/example_python_operator.py
[2026-05-28T15:05:39.100+0000] {processor.py:914} INFO - Processing file /home/airflow/.local/lib/python3.12/site-packages/airflow/example_dags/example_python_operator.py for tasks to queue
[2026-05-28T15:05:39.103+0000] {logging_mixin.py:190} INFO - [2026-05-28T15:05:39.102+0000] {dagbag.py:588} INFO - Filling up the DagBag from /home/airflow/.local/lib/python3.12/site-packages/airflow/example_dags/example_python_operator.py
[2026-05-28T15:05:39.120+0000] {processor.py:925} INFO - DAG(s) 'example_python_operator' retrieved from /home/airflow/.local/lib/python3.12/site-packages/airflow/example_dags/example_python_operator.py
[2026-05-28T15:05:39.161+0000] {logging_mixin.py:190} INFO - [2026-05-28T15:05:39.161+0000] {dag.py:3239} INFO - Sync 1 DAGs
[2026-05-28T15:05:39.182+0000] {logging_mixin.py:190} INFO - [2026-05-28T15:05:39.182+0000] {dag.py:4180} INFO - Setting next_dagrun for example_python_operator to None, run_after=None
[2026-05-28T15:05:39.214+0000] {processor.py:208} INFO - Processing /home/airflow/.local/lib/python3.12/site-packages/airflow/example_dags/example_python_operator.py took 0.123 seconds
[2026-05-28T15:06:16.274+0000] {processor.py:186} INFO - Started process (PID=8626) to work on /home/airflow/.local/lib/python3.12/site-packages/airflow/example_dags/example_python_operator.py
[2026-05-28T15:06:16.276+0000] {processor.py:914} INFO - Processing file /home/airflow/.local/lib/python3.12/site-packages/airflow/example_dags/example_python_operator.py for tasks to queue
[2026-05-28T15:06:16.281+0000] {logging_mixin.py:190} INFO - [2026-05-28T15:06:16.279+0000] {dagbag.py:588} INFO - Filling up the DagBag from /home/airflow/.local/lib/python3.12/site-packages/airflow/example_dags/example_python_operator.py
[2026-05-28T15:06:16.311+0000] {processor.py:925} INFO - DAG(s) 'example_python_operator' retrieved from /home/airflow/.local/lib/python3.12/site-packages/airflow/example_dags/example_python_operator.py
[2026-05-28T15:06:16.370+0000] {logging_mixin.py:190} INFO - [2026-05-28T15:06:16.369+0000] {dag.py:3239} INFO - Sync 1 DAGs
[2026-05-28T15:06:16.407+0000] {logging_mixin.py:190} INFO - [2026-05-28T15:06:16.406+0000] {dag.py:4180} INFO - Setting next_dagrun for example_python_operator to None, run_after=None
[2026-05-28T15:06:16.464+0000] {processor.py:208} INFO - Processing /home/airflow/.local/lib/python3.12/site-packages/airflow/example_dags/example_python_operator.py took 0.205 seconds
[2026-05-28T15:06:47.312+0000] {processor.py:186} INFO - Started process (PID=8689) to work on /home/airflow/.local/lib/python3.12/site-packages/airflow/example_dags/example_python_operator.py
[2026-05-28T15:06:47.314+0000] {processor.py:914} INFO - Processing file /home/airflow/.local/lib/python3.12/site-packages/airflow/example_dags/example_python_operator.py for tasks to queue
[2026-05-28T15:06:47.317+0000] {logging_mixin.py:190} INFO - [2026-05-28T15:06:47.316+0000] {dagbag.py:588} INFO - Filling up the DagBag from /home/airflow/.local/lib/python3.12/site-packages/airflow/example_dags/example_python_operator.py
[2026-05-28T15:06:47.337+0000] {processor.py:925} INFO - DAG(s) 'example_python_operator' retrieved from /home/airflow/.local/lib/python3.12/site-packages/airflow/example_dags/example_python_operator.py
[2026-05-28T15:06:47.373+0000] {logging_mixin.py:190} INFO - [2026-05-28T15:06:47.372+0000] {dag.py:3239} INFO - Sync 1 DAGs
[2026-05-28T15:06:47.391+0000] {logging_mixin.py:190} INFO - [2026-05-28T15:06:47.391+0000] {dag.py:4180} INFO - Setting next_dagrun for example_python_operator to None, run_after=None
[2026-05-28T15:06:47.422+0000] {processor.py:208} INFO - Processing /home/airflow/.local/lib/python3.12/site-packages/airflow/example_dags/example_python_operator.py took 0.120 seconds
[2026-05-28T15:07:22.825+0000] {processor.py:186} INFO - Started process (PID=8768) to work on /home/airflow/.local/lib/python3.12/site-packages/airflow/example_dags/example_python_operator.py
[2026-05-28T15:07:22.827+0000] {processor.py:914} INFO - Processing file /home/airflow/.local/lib/python3.12/site-packages/airflow/example_dags/example_python_operator.py for tasks to queue
[2026-05-28T15:07:22.829+0000] {logging_mixin.py:190} INFO - [2026-05-28T15:07:22.828+0000] {dagbag.py:588} INFO - Filling up the DagBag from /home/airflow/.local/lib/python3.12/site-packages/airflow/example_dags/example_python_operator.py
[2026-05-28T15:07:22.849+0000] {processor.py:925} INFO - DAG(s) 'example_python_operator' retrieved from /home/airflow/.local/lib/python3.12/site-packages/airflow/example_dags/example_python_operator.py
[2026-05-28T15:07:22.890+0000] {logging_mixin.py:190} INFO - [2026-05-28T15:07:22.890+0000] {dag.py:3239} INFO - Sync 1 DAGs
[2026-05-28T15:07:22.913+0000] {logging_mixin.py:190} INFO - [2026-05-28T15:07:22.913+0000] {dag.py:4180} INFO - Setting next_dagrun for example_python_operator to None, run_after=None
[2026-05-28T15:07:22.952+0000] {processor.py:208} INFO - Processing /home/airflow/.local/lib/python3.12/site-packages/airflow/example_dags/example_python_operator.py took 0.137 seconds
[2026-05-28T15:07:53.371+0000] {processor.py:186} INFO - Started process (PID=8831) to work on /home/airflow/.local/lib/python3.12/site-packages/airflow/example_dags/example_python_operator.py
[2026-05-28T15:07:53.372+0000] {processor.py:914} INFO - Processing file /home/airflow/.local/lib/python3.12/site-packages/airflow/example_dags/example_python_operator.py for tasks to queue
[2026-05-28T15:07:53.375+0000] {logging_mixin.py:190} INFO - [2026-05-28T15:07:53.375+0000] {dagbag.py:588} INFO - Filling up the DagBag from /home/airflow/.local/lib/python3.12/site-packages/airflow/example_dags/example_python_operator.py
[2026-05-28T15:07:53.393+0000] {processor.py:925} INFO - DAG(s) 'example_python_operator' retrieved from /home/airflow/.local/lib/python3.12/site-packages/airflow/example_dags/example_python_operator.py
[2026-05-28T15:07:53.431+0000] {logging_mixin.py:190} INFO - [2026-05-28T15:07:53.431+0000] {dag.py:3239} INFO - Sync 1 DAGs
[2026-05-28T15:07:53.453+0000] {logging_mixin.py:190} INFO - [2026-05-28T15:07:53.453+0000] {dag.py:4180} INFO - Setting next_dagrun for example_python_operator to None, run_after=None
[2026-05-28T15:07:53.484+0000] {processor.py:208} INFO - Processing /home/airflow/.local/lib/python3.12/site-packages/airflow/example_dags/example_python_operator.py took 0.122 seconds
[2026-05-28T15:08:23.826+0000] {processor.py:186} INFO - Started process (PID=8894) to work on /home/airflow/.local/lib/python3.12/site-packages/airflow/example_dags/example_python_operator.py
[2026-05-28T15:08:23.829+0000] {processor.py:914} INFO - Processing file /home/airflow/.local/lib/python3.12/site-packages/airflow/example_dags/example_python_operator.py for tasks to queue
[2026-05-28T15:08:23.832+0000] {logging_mixin.py:190} INFO - [2026-05-28T15:08:23.831+0000] {dagbag.py:588} INFO - Filling up the DagBag from /home/airflow/.local/lib/python3.12/site-packages/airflow/example_dags/example_python_operator.py
[2026-05-28T15:08:23.850+0000] {processor.py:925} INFO - DAG(s) 'example_python_operator' retrieved from /home/airflow/.local/lib/python3.12/site-packages/airflow/example_dags/example_python_operator.py
[2026-05-28T15:08:23.888+0000] {logging_mixin.py:190} INFO - [2026-05-28T15:08:23.888+0000] {dag.py:3239} INFO - Sync 1 DAGs
[2026-05-28T15:08:23.908+0000] {logging_mixin.py:190} INFO - [2026-05-28T15:08:23.908+0000] {dag.py:4180} INFO - Setting next_dagrun for example_python_operator to None, run_after=None
[2026-05-28T15:08:23.949+0000] {processor.py:208} INFO - Processing /home/airflow/.local/lib/python3.12/site-packages/airflow/example_dags/example_python_operator.py took 0.133 seconds
[2026-05-28T15:08:54.640+0000] {processor.py:186} INFO - Started process (PID=8957) to work on /home/airflow/.local/lib/python3.12/site-packages/airflow/example_dags/example_python_operator.py
[2026-05-28T15:08:54.643+0000] {processor.py:914} INFO - Processing file /home/airflow/.local/lib/python3.12/site-packages/airflow/example_dags/example_python_operator.py for tasks to queue
[2026-05-28T15:08:54.646+0000] {logging_mixin.py:190} INFO - [2026-05-28T15:08:54.646+0000] {dagbag.py:588} INFO - Filling up the DagBag from /home/airflow/.local/lib/python3.12/site-packages/airflow/example_dags/example_python_operator.py
[2026-05-28T15:08:54.668+0000] {processor.py:925} INFO - DAG(s) 'example_python_operator' retrieved from /home/airflow/.local/lib/python3.12/site-packages/airflow/example_dags/example_python_operator.py
[2026-05-28T15:08:54.710+0000] {logging_mixin.py:190} INFO - [2026-05-28T15:08:54.710+0000] {dag.py:3239} INFO - Sync 1 DAGs
[2026-05-28T15:08:54.737+0000] {logging_mixin.py:190} INFO - [2026-05-28T15:08:54.736+0000] {dag.py:4180} INFO - Setting next_dagrun for example_python_operator to None, run_after=None
[2026-05-28T15:08:54.778+0000] {processor.py:208} INFO - Processing /home/airflow/.local/lib/python3.12/site-packages/airflow/example_dags/example_python_operator.py took 0.146 seconds
[2026-05-28T15:09:28.573+0000] {processor.py:186} INFO - Started process (PID=9021) to work on /home/airflow/.local/lib/python3.12/site-packages/airflow/example_dags/example_python_operator.py
[2026-05-28T15:09:28.575+0000] {processor.py:914} INFO - Processing file /home/airflow/.local/lib/python3.12/site-packages/airflow/example_dags/example_python_operator.py for tasks to queue
[2026-05-28T15:09:28.578+0000] {logging_mixin.py:190} INFO - [2026-05-28T15:09:28.577+0000] {dagbag.py:588} INFO - Filling up the DagBag from /home/airflow/.local/lib/python3.12/site-packages/airflow/example_dags/example_python_operator.py
[2026-05-28T15:09:28.611+0000] {processor.py:925} INFO - DAG(s) 'example_python_operator' retrieved from /home/airflow/.local/lib/python3.12/site-packages/airflow/example_dags/example_python_operator.py
[2026-05-28T15:09:28.660+0000] {logging_mixin.py:190} INFO - [2026-05-28T15:09:28.660+0000] {dag.py:3239} INFO - Sync 1 DAGs
[2026-05-28T15:09:28.694+0000] {logging_mixin.py:190} INFO - [2026-05-28T15:09:28.693+0000] {dag.py:4180} INFO - Setting next_dagrun for example_python_operator to None, run_after=None
[2026-05-28T15:09:28.733+0000] {processor.py:208} INFO - Processing /home/airflow/.local/lib/python3.12/site-packages/airflow/example_dags/example_python_operator.py took 0.171 seconds
[2026-05-28T15:10:03.690+0000] {processor.py:186} INFO - Started process (PID=9085) to work on /home/airflow/.local/lib/python3.12/site-packages/airflow/example_dags/example_python_operator.py
[2026-05-28T15:10:03.691+0000] {processor.py:914} INFO - Processing file /home/airflow/.local/lib/python3.12/site-packages/airflow/example_dags/example_python_operator.py for tasks to queue
[2026-05-28T15:10:03.694+0000] {logging_mixin.py:190} INFO - [2026-05-28T15:10:03.693+0000] {dagbag.py:588} INFO - Filling up the DagBag from /home/airflow/.local/lib/python3.12/site-packages/airflow/example_dags/example_python_operator.py
[2026-05-28T15:10:03.711+0000] {processor.py:925} INFO - DAG(s) 'example_python_operator' retrieved from /home/airflow/.local/lib/python3.12/site-packages/airflow/example_dags/example_python_operator.py
[2026-05-28T15:10:03.749+0000] {logging_mixin.py:190} INFO - [2026-05-28T15:10:03.749+0000] {dag.py:3239} INFO - Sync 1 DAGs
[2026-05-28T15:10:03.773+0000] {logging_mixin.py:190} INFO - [2026-05-28T15:10:03.773+0000] {dag.py:4180} INFO - Setting next_dagrun for example_python_operator to None, run_after=None
[2026-05-28T15:10:03.810+0000] {processor.py:208} INFO - Processing /home/airflow/.local/lib/python3.12/site-packages/airflow/example_dags/example_python_operator.py took 0.130 seconds
[2026-05-28T15:10:34.619+0000] {processor.py:186} INFO - Started process (PID=9148) to work on /home/airflow/.local/lib/python3.12/site-packages/airflow/example_dags/example_python_operator.py
[2026-05-28T15:10:34.621+0000] {processor.py:914} INFO - Processing file /home/airflow/.local/lib/python3.12/site-packages/airflow/example_dags/example_python_operator.py for tasks to queue
[2026-05-28T15:10:34.623+0000] {logging_mixin.py:190} INFO - [2026-05-28T15:10:34.622+0000] {dagbag.py:588} INFO - Filling up the DagBag from /home/airflow/.local/lib/python3.12/site-packages/airflow/example_dags/example_python_operator.py
[2026-05-28T15:10:34.641+0000] {processor.py:925} INFO - DAG(s) 'example_python_operator' retrieved from /home/airflow/.local/lib/python3.12/site-packages/airflow/example_dags/example_python_operator.py
[2026-05-28T15:10:34.681+0000] {logging_mixin.py:190} INFO - [2026-05-28T15:10:34.680+0000] {dag.py:3239} INFO - Sync 1 DAGs
[2026-05-28T15:10:34.700+0000] {logging_mixin.py:190} INFO - [2026-05-28T15:10:34.699+0000] {dag.py:4180} INFO - Setting next_dagrun for example_python_operator to None, run_after=None
[2026-05-28T15:10:34.739+0000] {processor.py:208} INFO - Processing /home/airflow/.local/lib/python3.12/site-packages/airflow/example_dags/example_python_operator.py took 0.129 seconds
[2026-05-28T15:11:12.722+0000] {processor.py:186} INFO - Started process (PID=9211) to work on /home/airflow/.local/lib/python3.12/site-packages/airflow/example_dags/example_python_operator.py
[2026-05-28T15:11:12.724+0000] {processor.py:914} INFO - Processing file /home/airflow/.local/lib/python3.12/site-packages/airflow/example_dags/example_python_operator.py for tasks to queue
[2026-05-28T15:11:12.726+0000] {logging_mixin.py:190} INFO - [2026-05-28T15:11:12.725+0000] {dagbag.py:588} INFO - Filling up the DagBag from /home/airflow/.local/lib/python3.12/site-packages/airflow/example_dags/example_python_operator.py
[2026-05-28T15:11:12.750+0000] {processor.py:925} INFO - DAG(s) 'example_python_operator' retrieved from /home/airflow/.local/lib/python3.12/site-packages/airflow/example_dags/example_python_operator.py
[2026-05-28T15:11:12.790+0000] {logging_mixin.py:190} INFO - [2026-05-28T15:11:12.790+0000] {dag.py:3239} INFO - Sync 1 DAGs
[2026-05-28T15:11:12.815+0000] {logging_mixin.py:190} INFO - [2026-05-28T15:11:12.814+0000] {dag.py:4180} INFO - Setting next_dagrun for example_python_operator to None, run_after=None
[2026-05-28T15:11:12.847+0000] {processor.py:208} INFO - Processing /home/airflow/.local/lib/python3.12/site-packages/airflow/example_dags/example_python_operator.py took 0.135 seconds
[2026-05-28T15:11:50.754+0000] {processor.py:186} INFO - Started process (PID=9276) to work on /home/airflow/.local/lib/python3.12/site-packages/airflow/example_dags/example_python_operator.py
[2026-05-28T15:11:50.756+0000] {processor.py:914} INFO - Processing file /home/airflow/.local/lib/python3.12/site-packages/airflow/example_dags/example_python_operator.py for tasks to queue
[2026-05-28T15:11:50.759+0000] {logging_mixin.py:190} INFO - [2026-05-28T15:11:50.758+0000] {dagbag.py:588} INFO - Filling up the DagBag from /home/airflow/.local/lib/python3.12/site-packages/airflow/example_dags/example_python_operator.py
[2026-05-28T15:11:50.778+0000] {processor.py:925} INFO - DAG(s) 'example_python_operator' retrieved from /home/airflow/.local/lib/python3.12/site-packages/airflow/example_dags/example_python_operator.py
[2026-05-28T15:11:50.817+0000] {logging_mixin.py:190} INFO - [2026-05-28T15:11:50.816+0000] {dag.py:3239} INFO - Sync 1 DAGs
[2026-05-28T15:11:50.837+0000] {logging_mixin.py:190} INFO - [2026-05-28T15:11:50.837+0000] {dag.py:4180} INFO - Setting next_dagrun for example_python_operator to None, run_after=None
[2026-05-28T15:11:50.882+0000] {processor.py:208} INFO - Processing /home/airflow/.local/lib/python3.12/site-packages/airflow/example_dags/example_python_operator.py took 0.136 seconds
[2026-05-28T15:12:21.155+0000] {processor.py:186} INFO - Started process (PID=9339) to work on /home/airflow/.local/lib/python3.12/site-packages/airflow/example_dags/example_python_operator.py
[2026-05-28T15:12:21.158+0000] {processor.py:914} INFO - Processing file /home/airflow/.local/lib/python3.12/site-packages/airflow/example_dags/example_python_operator.py for tasks to queue
[2026-05-28T15:12:21.161+0000] {logging_mixin.py:190} INFO - [2026-05-28T15:12:21.160+0000] {dagbag.py:588} INFO - Filling up the DagBag from /home/airflow/.local/lib/python3.12/site-packages/airflow/example_dags/example_python_operator.py
[2026-05-28T15:12:21.183+0000] {processor.py:925} INFO - DAG(s) 'example_python_operator' retrieved from /home/airflow/.local/lib/python3.12/site-packages/airflow/example_dags/example_python_operator.py
[2026-05-28T15:12:21.244+0000] {logging_mixin.py:190} INFO - [2026-05-28T15:12:21.244+0000] {dag.py:3239} INFO - Sync 1 DAGs
[2026-05-28T15:12:21.281+0000] {logging_mixin.py:190} INFO - [2026-05-28T15:12:21.280+0000] {dag.py:4180} INFO - Setting next_dagrun for example_python_operator to None, run_after=None
[2026-05-28T15:12:21.332+0000] {processor.py:208} INFO - Processing /home/airflow/.local/lib/python3.12/site-packages/airflow/example_dags/example_python_operator.py took 0.187 seconds
[2026-05-28T15:12:51.489+0000] {processor.py:186} INFO - Started process (PID=9402) to work on /home/airflow/.local/lib/python3.12/site-packages/airflow/example_dags/example_python_operator.py
[2026-05-28T15:12:51.491+0000] {processor.py:914} INFO - Processing file /home/airflow/.local/lib/python3.12/site-packages/airflow/example_dags/example_python_operator.py for tasks to queue
[2026-05-28T15:12:51.494+0000] {logging_mixin.py:190} INFO - [2026-05-28T15:12:51.493+0000] {dagbag.py:588} INFO - Filling up the DagBag from /home/airflow/.local/lib/python3.12/site-packages/airflow/example_dags/example_python_operator.py
[2026-05-28T15:12:51.526+0000] {processor.py:925} INFO - DAG(s) 'example_python_operator' retrieved from /home/airflow/.local/lib/python3.12/site-packages/airflow/example_dags/example_python_operator.py
[2026-05-28T15:12:51.622+0000] {logging_mixin.py:190} INFO - [2026-05-28T15:12:51.621+0000] {dag.py:3239} INFO - Sync 1 DAGs
[2026-05-28T15:12:51.689+0000] {logging_mixin.py:190} INFO - [2026-05-28T15:12:51.689+0000] {dag.py:4180} INFO - Setting next_dagrun for example_python_operator to None, run_after=None
[2026-05-28T15:12:51.757+0000] {processor.py:208} INFO - Processing /home/airflow/.local/lib/python3.12/site-packages/airflow/example_dags/example_python_operator.py took 0.278 seconds
[2026-05-28T15:13:26.259+0000] {processor.py:186} INFO - Started process (PID=9474) to work on /home/airflow/.local/lib/python3.12/site-packages/airflow/example_dags/example_python_operator.py
[2026-05-28T15:13:26.262+0000] {processor.py:914} INFO - Processing file /home/airflow/.local/lib/python3.12/site-packages/airflow/example_dags/example_python_operator.py for tasks to queue
[2026-05-28T15:13:26.265+0000] {logging_mixin.py:190} INFO - [2026-05-28T15:13:26.264+0000] {dagbag.py:588} INFO - Filling up the DagBag from /home/airflow/.local/lib/python3.12/site-packages/airflow/example_dags/example_python_operator.py
[2026-05-28T15:13:26.289+0000] {processor.py:925} INFO - DAG(s) 'example_python_operator' retrieved from /home/airflow/.local/lib/python3.12/site-packages/airflow/example_dags/example_python_operator.py
[2026-05-28T15:13:26.334+0000] {logging_mixin.py:190} INFO - [2026-05-28T15:13:26.334+0000] {dag.py:3239} INFO - Sync 1 DAGs
[2026-05-28T15:13:26.358+0000] {logging_mixin.py:190} INFO - [2026-05-28T15:13:26.358+0000] {dag.py:4180} INFO - Setting next_dagrun for example_python_operator to None, run_after=None
[2026-05-28T15:13:26.393+0000] {processor.py:208} INFO - Processing /home/airflow/.local/lib/python3.12/site-packages/airflow/example_dags/example_python_operator.py took 0.144 seconds
[2026-05-28T15:13:57.385+0000] {processor.py:186} INFO - Started process (PID=9537) to work on /home/airflow/.local/lib/python3.12/site-packages/airflow/example_dags/example_python_operator.py
[2026-05-28T15:13:57.387+0000] {processor.py:914} INFO - Processing file /home/airflow/.local/lib/python3.12/site-packages/airflow/example_dags/example_python_operator.py for tasks to queue
[2026-05-28T15:13:57.393+0000] {logging_mixin.py:190} INFO - [2026-05-28T15:13:57.392+0000] {dagbag.py:588} INFO - Filling up the DagBag from /home/airflow/.local/lib/python3.12/site-packages/airflow/example_dags/example_python_operator.py
[2026-05-28T15:13:57.410+0000] {processor.py:925} INFO - DAG(s) 'example_python_operator' retrieved from /home/airflow/.local/lib/python3.12/site-packages/airflow/example_dags/example_python_operator.py
[2026-05-28T15:13:57.448+0000] {logging_mixin.py:190} INFO - [2026-05-28T15:13:57.447+0000] {dag.py:3239} INFO - Sync 1 DAGs
[2026-05-28T15:13:57.469+0000] {logging_mixin.py:190} INFO - [2026-05-28T15:13:57.469+0000] {dag.py:4180} INFO - Setting next_dagrun for example_python_operator to None, run_after=None
[2026-05-28T15:13:57.503+0000] {processor.py:208} INFO - Processing /home/airflow/.local/lib/python3.12/site-packages/airflow/example_dags/example_python_operator.py took 0.125 seconds
[2026-05-28T15:14:30.243+0000] {processor.py:186} INFO - Started process (PID=9601) to work on /home/airflow/.local/lib/python3.12/site-packages/airflow/example_dags/example_python_operator.py
[2026-05-28T15:14:30.245+0000] {processor.py:914} INFO - Processing file /home/airflow/.local/lib/python3.12/site-packages/airflow/example_dags/example_python_operator.py for tasks to queue
[2026-05-28T15:14:30.247+0000] {logging_mixin.py:190} INFO - [2026-05-28T15:14:30.246+0000] {dagbag.py:588} INFO - Filling up the DagBag from /home/airflow/.local/lib/python3.12/site-packages/airflow/example_dags/example_python_operator.py
[2026-05-28T15:14:30.264+0000] {processor.py:925} INFO - DAG(s) 'example_python_operator' retrieved from /home/airflow/.local/lib/python3.12/site-packages/airflow/example_dags/example_python_operator.py
[2026-05-28T15:14:30.300+0000] {logging_mixin.py:190} INFO - [2026-05-28T15:14:30.299+0000] {dag.py:3239} INFO - Sync 1 DAGs
[2026-05-28T15:14:30.324+0000] {logging_mixin.py:190} INFO - [2026-05-28T15:14:30.323+0000] {dag.py:4180} INFO - Setting next_dagrun for example_python_operator to None, run_after=None
[2026-05-28T15:14:30.363+0000] {processor.py:208} INFO - Processing /home/airflow/.local/lib/python3.12/site-packages/airflow/example_dags/example_python_operator.py took 0.127 seconds
[2026-05-28T15:15:04.511+0000] {processor.py:186} INFO - Started process (PID=9659) to work on /home/airflow/.local/lib/python3.12/site-packages/airflow/example_dags/example_python_operator.py
[2026-05-28T15:15:04.513+0000] {processor.py:914} INFO - Processing file /home/airflow/.local/lib/python3.12/site-packages/airflow/example_dags/example_python_operator.py for tasks to queue
[2026-05-28T15:15:04.516+0000] {logging_mixin.py:190} INFO - [2026-05-28T15:15:04.515+0000] {dagbag.py:588} INFO - Filling up the DagBag from /home/airflow/.local/lib/python3.12/site-packages/airflow/example_dags/example_python_operator.py
[2026-05-28T15:15:04.536+0000] {processor.py:925} INFO - DAG(s) 'example_python_operator' retrieved from /home/airflow/.local/lib/python3.12/site-packages/airflow/example_dags/example_python_operator.py
[2026-05-28T15:15:04.572+0000] {logging_mixin.py:190} INFO - [2026-05-28T15:15:04.572+0000] {dag.py:3239} INFO - Sync 1 DAGs
[2026-05-28T15:15:04.590+0000] {logging_mixin.py:190} INFO - [2026-05-28T15:15:04.590+0000] {dag.py:4180} INFO - Setting next_dagrun for example_python_operator to None, run_after=None
[2026-05-28T15:15:04.621+0000] {processor.py:208} INFO - Processing /home/airflow/.local/lib/python3.12/site-packages/airflow/example_dags/example_python_operator.py took 0.118 seconds
[2026-05-28T15:15:43.637+0000] {processor.py:186} INFO - Started process (PID=9724) to work on /home/airflow/.local/lib/python3.12/site-packages/airflow/example_dags/example_python_operator.py
[2026-05-28T15:15:43.640+0000] {processor.py:914} INFO - Processing file /home/airflow/.local/lib/python3.12/site-packages/airflow/example_dags/example_python_operator.py for tasks to queue
[2026-05-28T15:15:43.643+0000] {logging_mixin.py:190} INFO - [2026-05-28T15:15:43.642+0000] {dagbag.py:588} INFO - Filling up the DagBag from /home/airflow/.local/lib/python3.12/site-packages/airflow/example_dags/example_python_operator.py
[2026-05-28T15:15:43.665+0000] {processor.py:925} INFO - DAG(s) 'example_python_operator' retrieved from /home/airflow/.local/lib/python3.12/site-packages/airflow/example_dags/example_python_operator.py
[2026-05-28T15:15:43.713+0000] {logging_mixin.py:190} INFO - [2026-05-28T15:15:43.712+0000] {dag.py:3239} INFO - Sync 1 DAGs
[2026-05-28T15:15:43.739+0000] {logging_mixin.py:190} INFO - [2026-05-28T15:15:43.739+0000] {dag.py:4180} INFO - Setting next_dagrun for example_python_operator to None, run_after=None
[2026-05-28T15:15:43.788+0000] {processor.py:208} INFO - Processing /home/airflow/.local/lib/python3.12/site-packages/airflow/example_dags/example_python_operator.py took 0.160 seconds
[2026-05-28T15:16:14.133+0000] {processor.py:186} INFO - Started process (PID=9787) to work on /home/airflow/.local/lib/python3.12/site-packages/airflow/example_dags/example_python_operator.py
[2026-05-28T15:16:14.222+0000] {processor.py:914} INFO - Processing file /home/airflow/.local/lib/python3.12/site-packages/airflow/example_dags/example_python_operator.py for tasks to queue
[2026-05-28T15:16:14.239+0000] {logging_mixin.py:190} INFO - [2026-05-28T15:16:14.237+0000] {dagbag.py:588} INFO - Filling up the DagBag from /home/airflow/.local/lib/python3.12/site-packages/airflow/example_dags/example_python_operator.py
[2026-05-28T15:16:14.277+0000] {processor.py:925} INFO - DAG(s) 'example_python_operator' retrieved from /home/airflow/.local/lib/python3.12/site-packages/airflow/example_dags/example_python_operator.py
[2026-05-28T15:16:14.322+0000] {logging_mixin.py:190} INFO - [2026-05-28T15:16:14.321+0000] {dag.py:3239} INFO - Sync 1 DAGs
[2026-05-28T15:16:14.344+0000] {logging_mixin.py:190} INFO - [2026-05-28T15:16:14.344+0000] {dag.py:4180} INFO - Setting next_dagrun for example_python_operator to None, run_after=None
[2026-05-28T15:16:14.382+0000] {processor.py:208} INFO - Processing /home/airflow/.local/lib/python3.12/site-packages/airflow/example_dags/example_python_operator.py took 0.258 seconds
[2026-05-28T15:16:49.578+0000] {processor.py:186} INFO - Started process (PID=9851) to work on /home/airflow/.local/lib/python3.12/site-packages/airflow/example_dags/example_python_operator.py
[2026-05-28T15:16:49.580+0000] {processor.py:914} INFO - Processing file /home/airflow/.local/lib/python3.12/site-packages/airflow/example_dags/example_python_operator.py for tasks to queue
[2026-05-28T15:16:49.582+0000] {logging_mixin.py:190} INFO - [2026-05-28T15:16:49.582+0000] {dagbag.py:588} INFO - Filling up the DagBag from /home/airflow/.local/lib/python3.12/site-packages/airflow/example_dags/example_python_operator.py
[2026-05-28T15:16:49.600+0000] {processor.py:925} INFO - DAG(s) 'example_python_operator' retrieved from /home/airflow/.local/lib/python3.12/site-packages/airflow/example_dags/example_python_operator.py
[2026-05-28T15:16:49.638+0000] {logging_mixin.py:190} INFO - [2026-05-28T15:16:49.638+0000] {dag.py:3239} INFO - Sync 1 DAGs
[2026-05-28T15:16:49.670+0000] {logging_mixin.py:190} INFO - [2026-05-28T15:16:49.669+0000] {dag.py:4180} INFO - Setting next_dagrun for example_python_operator to None, run_after=None
[2026-05-28T15:16:49.708+0000] {processor.py:208} INFO - Processing /home/airflow/.local/lib/python3.12/site-packages/airflow/example_dags/example_python_operator.py took 0.137 seconds
[2026-05-28T15:17:20.608+0000] {processor.py:186} INFO - Started process (PID=9914) to work on /home/airflow/.local/lib/python3.12/site-packages/airflow/example_dags/example_python_operator.py
[2026-05-28T15:17:20.610+0000] {processor.py:914} INFO - Processing file /home/airflow/.local/lib/python3.12/site-packages/airflow/example_dags/example_python_operator.py for tasks to queue
[2026-05-28T15:17:20.613+0000] {logging_mixin.py:190} INFO - [2026-05-28T15:17:20.612+0000] {dagbag.py:588} INFO - Filling up the DagBag from /home/airflow/.local/lib/python3.12/site-packages/airflow/example_dags/example_python_operator.py
[2026-05-28T15:17:20.632+0000] {processor.py:925} INFO - DAG(s) 'example_python_operator' retrieved from /home/airflow/.local/lib/python3.12/site-packages/airflow/example_dags/example_python_operator.py
[2026-05-28T15:17:20.670+0000] {logging_mixin.py:190} INFO - [2026-05-28T15:17:20.669+0000] {dag.py:3239} INFO - Sync 1 DAGs
[2026-05-28T15:17:20.695+0000] {logging_mixin.py:190} INFO - [2026-05-28T15:17:20.694+0000] {dag.py:4180} INFO - Setting next_dagrun for example_python_operator to None, run_after=None
[2026-05-28T15:17:20.728+0000] {processor.py:208} INFO - Processing /home/airflow/.local/lib/python3.12/site-packages/airflow/example_dags/example_python_operator.py took 0.130 seconds
[2026-05-28T15:17:55.405+0000] {processor.py:186} INFO - Started process (PID=9976) to work on /home/airflow/.local/lib/python3.12/site-packages/airflow/example_dags/example_python_operator.py
[2026-05-28T15:17:55.407+0000] {processor.py:914} INFO - Processing file /home/airflow/.local/lib/python3.12/site-packages/airflow/example_dags/example_python_operator.py for tasks to queue
[2026-05-28T15:17:55.410+0000] {logging_mixin.py:190} INFO - [2026-05-28T15:17:55.410+0000] {dagbag.py:588} INFO - Filling up the DagBag from /home/airflow/.local/lib/python3.12/site-packages/airflow/example_dags/example_python_operator.py
[2026-05-28T15:17:55.432+0000] {processor.py:925} INFO - DAG(s) 'example_python_operator' retrieved from /home/airflow/.local/lib/python3.12/site-packages/airflow/example_dags/example_python_operator.py
[2026-05-28T15:17:55.485+0000] {logging_mixin.py:190} INFO - [2026-05-28T15:17:55.484+0000] {dag.py:3239} INFO - Sync 1 DAGs
[2026-05-28T15:17:55.511+0000] {logging_mixin.py:190} INFO - [2026-05-28T15:17:55.511+0000] {dag.py:4180} INFO - Setting next_dagrun for example_python_operator to None, run_after=None
[2026-05-28T15:17:55.549+0000] {processor.py:208} INFO - Processing /home/airflow/.local/lib/python3.12/site-packages/airflow/example_dags/example_python_operator.py took 0.154 seconds
[2026-05-28T15:18:26.233+0000] {processor.py:186} INFO - Started process (PID=10039) to work on /home/airflow/.local/lib/python3.12/site-packages/airflow/example_dags/example_python_operator.py
[2026-05-28T15:18:26.235+0000] {processor.py:914} INFO - Processing file /home/airflow/.local/lib/python3.12/site-packages/airflow/example_dags/example_python_operator.py for tasks to queue
[2026-05-28T15:18:26.240+0000] {logging_mixin.py:190} INFO - [2026-05-28T15:18:26.238+0000] {dagbag.py:588} INFO - Filling up the DagBag from /home/airflow/.local/lib/python3.12/site-packages/airflow/example_dags/example_python_operator.py
[2026-05-28T15:18:26.264+0000] {processor.py:925} INFO - DAG(s) 'example_python_operator' retrieved from /home/airflow/.local/lib/python3.12/site-packages/airflow/example_dags/example_python_operator.py
[2026-05-28T15:18:26.311+0000] {logging_mixin.py:190} INFO - [2026-05-28T15:18:26.311+0000] {dag.py:3239} INFO - Sync 1 DAGs
[2026-05-28T15:18:26.336+0000] {logging_mixin.py:190} INFO - [2026-05-28T15:18:26.335+0000] {dag.py:4180} INFO - Setting next_dagrun for example_python_operator to None, run_after=None
[2026-05-28T15:18:26.370+0000] {processor.py:208} INFO - Processing /home/airflow/.local/lib/python3.12/site-packages/airflow/example_dags/example_python_operator.py took 0.148 seconds
[2026-05-28T15:19:01.650+0000] {processor.py:186} INFO - Started process (PID=10109) to work on /home/airflow/.local/lib/python3.12/site-packages/airflow/example_dags/example_python_operator.py
[2026-05-28T15:19:01.652+0000] {processor.py:914} INFO - Processing file /home/airflow/.local/lib/python3.12/site-packages/airflow/example_dags/example_python_operator.py for tasks to queue
[2026-05-28T15:19:01.654+0000] {logging_mixin.py:190} INFO - [2026-05-28T15:19:01.653+0000] {dagbag.py:588} INFO - Filling up the DagBag from /home/airflow/.local/lib/python3.12/site-packages/airflow/example_dags/example_python_operator.py
[2026-05-28T15:19:01.673+0000] {processor.py:925} INFO - DAG(s) 'example_python_operator' retrieved from /home/airflow/.local/lib/python3.12/site-packages/airflow/example_dags/example_python_operator.py
[2026-05-28T15:19:01.710+0000] {logging_mixin.py:190} INFO - [2026-05-28T15:19:01.709+0000] {dag.py:3239} INFO - Sync 1 DAGs
[2026-05-28T15:19:01.739+0000] {logging_mixin.py:190} INFO - [2026-05-28T15:19:01.739+0000] {dag.py:4180} INFO - Setting next_dagrun for example_python_operator to None, run_after=None
[2026-05-28T15:19:01.768+0000] {processor.py:208} INFO - Processing /home/airflow/.local/lib/python3.12/site-packages/airflow/example_dags/example_python_operator.py took 0.126 seconds
[2026-05-28T15:19:32.390+0000] {processor.py:186} INFO - Started process (PID=10172) to work on /home/airflow/.local/lib/python3.12/site-packages/airflow/example_dags/example_python_operator.py
[2026-05-28T15:19:32.393+0000] {processor.py:914} INFO - Processing file /home/airflow/.local/lib/python3.12/site-packages/airflow/example_dags/example_python_operator.py for tasks to queue
[2026-05-28T15:19:32.396+0000] {logging_mixin.py:190} INFO - [2026-05-28T15:19:32.395+0000] {dagbag.py:588} INFO - Filling up the DagBag from /home/airflow/.local/lib/python3.12/site-packages/airflow/example_dags/example_python_operator.py
[2026-05-28T15:19:32.420+0000] {processor.py:925} INFO - DAG(s) 'example_python_operator' retrieved from /home/airflow/.local/lib/python3.12/site-packages/airflow/example_dags/example_python_operator.py
[2026-05-28T15:19:32.467+0000] {logging_mixin.py:190} INFO - [2026-05-28T15:19:32.467+0000] {dag.py:3239} INFO - Sync 1 DAGs
[2026-05-28T15:19:32.497+0000] {logging_mixin.py:190} INFO - [2026-05-28T15:19:32.497+0000] {dag.py:4180} INFO - Setting next_dagrun for example_python_operator to None, run_after=None
[2026-05-28T15:19:32.562+0000] {processor.py:208} INFO - Processing /home/airflow/.local/lib/python3.12/site-packages/airflow/example_dags/example_python_operator.py took 0.182 seconds
[2026-05-28T15:20:05.172+0000] {processor.py:186} INFO - Started process (PID=10235) to work on /home/airflow/.local/lib/python3.12/site-packages/airflow/example_dags/example_python_operator.py
[2026-05-28T15:20:05.174+0000] {processor.py:914} INFO - Processing file /home/airflow/.local/lib/python3.12/site-packages/airflow/example_dags/example_python_operator.py for tasks to queue
[2026-05-28T15:20:05.176+0000] {logging_mixin.py:190} INFO - [2026-05-28T15:20:05.176+0000] {dagbag.py:588} INFO - Filling up the DagBag from /home/airflow/.local/lib/python3.12/site-packages/airflow/example_dags/example_python_operator.py
[2026-05-28T15:20:05.197+0000] {processor.py:925} INFO - DAG(s) 'example_python_operator' retrieved from /home/airflow/.local/lib/python3.12/site-packages/airflow/example_dags/example_python_operator.py
[2026-05-28T15:20:05.236+0000] {logging_mixin.py:190} INFO - [2026-05-28T15:20:05.235+0000] {dag.py:3239} INFO - Sync 1 DAGs
[2026-05-28T15:20:05.255+0000] {logging_mixin.py:190} INFO - [2026-05-28T15:20:05.255+0000] {dag.py:4180} INFO - Setting next_dagrun for example_python_operator to None, run_after=None
[2026-05-28T15:20:05.292+0000] {processor.py:208} INFO - Processing /home/airflow/.local/lib/python3.12/site-packages/airflow/example_dags/example_python_operator.py took 0.129 seconds
[2026-05-28T15:20:40.257+0000] {processor.py:186} INFO - Started process (PID=10299) to work on /home/airflow/.local/lib/python3.12/site-packages/airflow/example_dags/example_python_operator.py
[2026-05-28T15:20:40.259+0000] {processor.py:914} INFO - Processing file /home/airflow/.local/lib/python3.12/site-packages/airflow/example_dags/example_python_operator.py for tasks to queue
[2026-05-28T15:20:40.261+0000] {logging_mixin.py:190} INFO - [2026-05-28T15:20:40.261+0000] {dagbag.py:588} INFO - Filling up the DagBag from /home/airflow/.local/lib/python3.12/site-packages/airflow/example_dags/example_python_operator.py
[2026-05-28T15:20:40.278+0000] {processor.py:925} INFO - DAG(s) 'example_python_operator' retrieved from /home/airflow/.local/lib/python3.12/site-packages/airflow/example_dags/example_python_operator.py
[2026-05-28T15:20:40.314+0000] {logging_mixin.py:190} INFO - [2026-05-28T15:20:40.313+0000] {dag.py:3239} INFO - Sync 1 DAGs
[2026-05-28T15:20:40.332+0000] {logging_mixin.py:190} INFO - [2026-05-28T15:20:40.332+0000] {dag.py:4180} INFO - Setting next_dagrun for example_python_operator to None, run_after=None
[2026-05-28T15:20:40.360+0000] {processor.py:208} INFO - Processing /home/airflow/.local/lib/python3.12/site-packages/airflow/example_dags/example_python_operator.py took 0.111 seconds
[2026-05-28T15:21:14.053+0000] {processor.py:186} INFO - Started process (PID=10362) to work on /home/airflow/.local/lib/python3.12/site-packages/airflow/example_dags/example_python_operator.py
[2026-05-28T15:21:14.056+0000] {processor.py:914} INFO - Processing file /home/airflow/.local/lib/python3.12/site-packages/airflow/example_dags/example_python_operator.py for tasks to queue
[2026-05-28T15:21:14.063+0000] {logging_mixin.py:190} INFO - [2026-05-28T15:21:14.061+0000] {dagbag.py:588} INFO - Filling up the DagBag from /home/airflow/.local/lib/python3.12/site-packages/airflow/example_dags/example_python_operator.py
[2026-05-28T15:21:14.099+0000] {processor.py:925} INFO - DAG(s) 'example_python_operator' retrieved from /home/airflow/.local/lib/python3.12/site-packages/airflow/example_dags/example_python_operator.py
[2026-05-28T15:21:14.207+0000] {logging_mixin.py:190} INFO - [2026-05-28T15:21:14.206+0000] {dag.py:3239} INFO - Sync 1 DAGs
[2026-05-28T15:21:14.249+0000] {logging_mixin.py:190} INFO - [2026-05-28T15:21:14.249+0000] {dag.py:4180} INFO - Setting next_dagrun for example_python_operator to None, run_after=None
[2026-05-28T15:21:14.297+0000] {processor.py:208} INFO - Processing /home/airflow/.local/lib/python3.12/site-packages/airflow/example_dags/example_python_operator.py took 0.260 seconds
[2026-05-28T15:21:52.528+0000] {processor.py:186} INFO - Started process (PID=10430) to work on /home/airflow/.local/lib/python3.12/site-packages/airflow/example_dags/example_python_operator.py
[2026-05-28T15:21:52.529+0000] {processor.py:914} INFO - Processing file /home/airflow/.local/lib/python3.12/site-packages/airflow/example_dags/example_python_operator.py for tasks to queue
[2026-05-28T15:21:52.532+0000] {logging_mixin.py:190} INFO - [2026-05-28T15:21:52.531+0000] {dagbag.py:588} INFO - Filling up the DagBag from /home/airflow/.local/lib/python3.12/site-packages/airflow/example_dags/example_python_operator.py
[2026-05-28T15:21:52.550+0000] {processor.py:925} INFO - DAG(s) 'example_python_operator' retrieved from /home/airflow/.local/lib/python3.12/site-packages/airflow/example_dags/example_python_operator.py
[2026-05-28T15:21:52.596+0000] {logging_mixin.py:190} INFO - [2026-05-28T15:21:52.595+0000] {dag.py:3239} INFO - Sync 1 DAGs
[2026-05-28T15:21:52.617+0000] {logging_mixin.py:190} INFO - [2026-05-28T15:21:52.617+0000] {dag.py:4180} INFO - Setting next_dagrun for example_python_operator to None, run_after=None
[2026-05-28T15:21:52.649+0000] {processor.py:208} INFO - Processing /home/airflow/.local/lib/python3.12/site-packages/airflow/example_dags/example_python_operator.py took 0.130 seconds
[2026-05-28T15:22:28.976+0000] {processor.py:186} INFO - Started process (PID=10499) to work on /home/airflow/.local/lib/python3.12/site-packages/airflow/example_dags/example_python_operator.py
[2026-05-28T15:22:28.979+0000] {processor.py:914} INFO - Processing file /home/airflow/.local/lib/python3.12/site-packages/airflow/example_dags/example_python_operator.py for tasks to queue
[2026-05-28T15:22:28.982+0000] {logging_mixin.py:190} INFO - [2026-05-28T15:22:28.981+0000] {dagbag.py:588} INFO - Filling up the DagBag from /home/airflow/.local/lib/python3.12/site-packages/airflow/example_dags/example_python_operator.py
[2026-05-28T15:22:29.020+0000] {processor.py:925} INFO - DAG(s) 'example_python_operator' retrieved from /home/airflow/.local/lib/python3.12/site-packages/airflow/example_dags/example_python_operator.py
[2026-05-28T15:22:29.099+0000] {logging_mixin.py:190} INFO - [2026-05-28T15:22:29.099+0000] {dag.py:3239} INFO - Sync 1 DAGs
[2026-05-28T15:22:29.143+0000] {logging_mixin.py:190} INFO - [2026-05-28T15:22:29.143+0000] {dag.py:4180} INFO - Setting next_dagrun for example_python_operator to None, run_after=None
[2026-05-28T15:22:29.209+0000] {processor.py:208} INFO - Processing /home/airflow/.local/lib/python3.12/site-packages/airflow/example_dags/example_python_operator.py took 0.248 seconds
[2026-05-28T15:23:03.029+0000] {processor.py:186} INFO - Started process (PID=10562) to work on /home/airflow/.local/lib/python3.12/site-packages/airflow/example_dags/example_python_operator.py
[2026-05-28T15:23:03.031+0000] {processor.py:914} INFO - Processing file /home/airflow/.local/lib/python3.12/site-packages/airflow/example_dags/example_python_operator.py for tasks to queue
[2026-05-28T15:23:03.034+0000] {logging_mixin.py:190} INFO - [2026-05-28T15:23:03.033+0000] {dagbag.py:588} INFO - Filling up the DagBag from /home/airflow/.local/lib/python3.12/site-packages/airflow/example_dags/example_python_operator.py
[2026-05-28T15:23:03.056+0000] {processor.py:925} INFO - DAG(s) 'example_python_operator' retrieved from /home/airflow/.local/lib/python3.12/site-packages/airflow/example_dags/example_python_operator.py
[2026-05-28T15:23:03.105+0000] {logging_mixin.py:190} INFO - [2026-05-28T15:23:03.105+0000] {dag.py:3239} INFO - Sync 1 DAGs
[2026-05-28T15:23:03.126+0000] {logging_mixin.py:190} INFO - [2026-05-28T15:23:03.126+0000] {dag.py:4180} INFO - Setting next_dagrun for example_python_operator to None, run_after=None
[2026-05-28T15:23:03.157+0000] {processor.py:208} INFO - Processing /home/airflow/.local/lib/python3.12/site-packages/airflow/example_dags/example_python_operator.py took 0.137 seconds
[2026-05-28T15:23:34.725+0000] {processor.py:186} INFO - Started process (PID=10627) to work on /home/airflow/.local/lib/python3.12/site-packages/airflow/example_dags/example_python_operator.py
[2026-05-28T15:23:34.727+0000] {processor.py:914} INFO - Processing file /home/airflow/.local/lib/python3.12/site-packages/airflow/example_dags/example_python_operator.py for tasks to queue
[2026-05-28T15:23:34.731+0000] {logging_mixin.py:190} INFO - [2026-05-28T15:23:34.730+0000] {dagbag.py:588} INFO - Filling up the DagBag from /home/airflow/.local/lib/python3.12/site-packages/airflow/example_dags/example_python_operator.py
[2026-05-28T15:23:34.750+0000] {processor.py:925} INFO - DAG(s) 'example_python_operator' retrieved from /home/airflow/.local/lib/python3.12/site-packages/airflow/example_dags/example_python_operator.py
[2026-05-28T15:23:34.801+0000] {logging_mixin.py:190} INFO - [2026-05-28T15:23:34.801+0000] {dag.py:3239} INFO - Sync 1 DAGs
[2026-05-28T15:23:34.922+0000] {logging_mixin.py:190} INFO - [2026-05-28T15:23:34.914+0000] {dag.py:4180} INFO - Setting next_dagrun for example_python_operator to None, run_after=None
[2026-05-28T15:23:34.985+0000] {processor.py:208} INFO - Processing /home/airflow/.local/lib/python3.12/site-packages/airflow/example_dags/example_python_operator.py took 0.268 seconds
[2026-05-28T15:24:05.542+0000] {processor.py:186} INFO - Started process (PID=10691) to work on /home/airflow/.local/lib/python3.12/site-packages/airflow/example_dags/example_python_operator.py
[2026-05-28T15:24:05.544+0000] {processor.py:914} INFO - Processing file /home/airflow/.local/lib/python3.12/site-packages/airflow/example_dags/example_python_operator.py for tasks to queue
[2026-05-28T15:24:05.547+0000] {logging_mixin.py:190} INFO - [2026-05-28T15:24:05.546+0000] {dagbag.py:588} INFO - Filling up the DagBag from /home/airflow/.local/lib/python3.12/site-packages/airflow/example_dags/example_python_operator.py
[2026-05-28T15:24:05.565+0000] {processor.py:925} INFO - DAG(s) 'example_python_operator' retrieved from /home/airflow/.local/lib/python3.12/site-packages/airflow/example_dags/example_python_operator.py
[2026-05-28T15:24:05.602+0000] {logging_mixin.py:190} INFO - [2026-05-28T15:24:05.601+0000] {dag.py:3239} INFO - Sync 1 DAGs
[2026-05-28T15:24:05.624+0000] {logging_mixin.py:190} INFO - [2026-05-28T15:24:05.623+0000] {dag.py:4180} INFO - Setting next_dagrun for example_python_operator to None, run_after=None
[2026-05-28T15:24:05.666+0000] {processor.py:208} INFO - Processing /home/airflow/.local/lib/python3.12/site-packages/airflow/example_dags/example_python_operator.py took 0.133 seconds
[2026-05-28T15:24:41.437+0000] {processor.py:186} INFO - Started process (PID=10757) to work on /home/airflow/.local/lib/python3.12/site-packages/airflow/example_dags/example_python_operator.py
[2026-05-28T15:24:41.440+0000] {processor.py:914} INFO - Processing file /home/airflow/.local/lib/python3.12/site-packages/airflow/example_dags/example_python_operator.py for tasks to queue
[2026-05-28T15:24:41.443+0000] {logging_mixin.py:190} INFO - [2026-05-28T15:24:41.442+0000] {dagbag.py:588} INFO - Filling up the DagBag from /home/airflow/.local/lib/python3.12/site-packages/airflow/example_dags/example_python_operator.py
[2026-05-28T15:24:41.463+0000] {processor.py:925} INFO - DAG(s) 'example_python_operator' retrieved from /home/airflow/.local/lib/python3.12/site-packages/airflow/example_dags/example_python_operator.py
[2026-05-28T15:24:41.511+0000] {logging_mixin.py:190} INFO - [2026-05-28T15:24:41.511+0000] {dag.py:3239} INFO - Sync 1 DAGs
[2026-05-28T15:24:41.540+0000] {logging_mixin.py:190} INFO - [2026-05-28T15:24:41.540+0000] {dag.py:4180} INFO - Setting next_dagrun for example_python_operator to None, run_after=None
[2026-05-28T15:24:41.589+0000] {processor.py:208} INFO - Processing /home/airflow/.local/lib/python3.12/site-packages/airflow/example_dags/example_python_operator.py took 0.161 seconds
[2026-05-28T15:25:17.394+0000] {processor.py:186} INFO - Started process (PID=10821) to work on /home/airflow/.local/lib/python3.12/site-packages/airflow/example_dags/example_python_operator.py
[2026-05-28T15:25:17.396+0000] {processor.py:914} INFO - Processing file /home/airflow/.local/lib/python3.12/site-packages/airflow/example_dags/example_python_operator.py for tasks to queue
[2026-05-28T15:25:17.399+0000] {logging_mixin.py:190} INFO - [2026-05-28T15:25:17.397+0000] {dagbag.py:588} INFO - Filling up the DagBag from /home/airflow/.local/lib/python3.12/site-packages/airflow/example_dags/example_python_operator.py
[2026-05-28T15:25:17.419+0000] {processor.py:925} INFO - DAG(s) 'example_python_operator' retrieved from /home/airflow/.local/lib/python3.12/site-packages/airflow/example_dags/example_python_operator.py
[2026-05-28T15:25:17.477+0000] {logging_mixin.py:190} INFO - [2026-05-28T15:25:17.476+0000] {dag.py:3239} INFO - Sync 1 DAGs
[2026-05-28T15:25:17.510+0000] {logging_mixin.py:190} INFO - [2026-05-28T15:25:17.509+0000] {dag.py:4180} INFO - Setting next_dagrun for example_python_operator to None, run_after=None
[2026-05-28T15:25:17.556+0000] {processor.py:208} INFO - Processing /home/airflow/.local/lib/python3.12/site-packages/airflow/example_dags/example_python_operator.py took 0.170 seconds
[2026-05-28T15:25:56.410+0000] {processor.py:186} INFO - Started process (PID=10886) to work on /home/airflow/.local/lib/python3.12/site-packages/airflow/example_dags/example_python_operator.py
[2026-05-28T15:25:56.412+0000] {processor.py:914} INFO - Processing file /home/airflow/.local/lib/python3.12/site-packages/airflow/example_dags/example_python_operator.py for tasks to queue
[2026-05-28T15:25:56.416+0000] {logging_mixin.py:190} INFO - [2026-05-28T15:25:56.415+0000] {dagbag.py:588} INFO - Filling up the DagBag from /home/airflow/.local/lib/python3.12/site-packages/airflow/example_dags/example_python_operator.py
[2026-05-28T15:25:56.443+0000] {processor.py:925} INFO - DAG(s) 'example_python_operator' retrieved from /home/airflow/.local/lib/python3.12/site-packages/airflow/example_dags/example_python_operator.py
[2026-05-28T15:25:56.505+0000] {logging_mixin.py:190} INFO - [2026-05-28T15:25:56.505+0000] {dag.py:3239} INFO - Sync 1 DAGs
[2026-05-28T15:25:56.539+0000] {logging_mixin.py:190} INFO - [2026-05-28T15:25:56.538+0000] {dag.py:4180} INFO - Setting next_dagrun for example_python_operator to None, run_after=None
[2026-05-28T15:25:56.593+0000] {processor.py:208} INFO - Processing /home/airflow/.local/lib/python3.12/site-packages/airflow/example_dags/example_python_operator.py took 0.194 seconds
[2026-05-28T15:26:26.777+0000] {processor.py:186} INFO - Started process (PID=10949) to work on /home/airflow/.local/lib/python3.12/site-packages/airflow/example_dags/example_python_operator.py
[2026-05-28T15:26:26.779+0000] {processor.py:914} INFO - Processing file /home/airflow/.local/lib/python3.12/site-packages/airflow/example_dags/example_python_operator.py for tasks to queue
[2026-05-28T15:26:26.781+0000] {logging_mixin.py:190} INFO - [2026-05-28T15:26:26.780+0000] {dagbag.py:588} INFO - Filling up the DagBag from /home/airflow/.local/lib/python3.12/site-packages/airflow/example_dags/example_python_operator.py
[2026-05-28T15:26:26.797+0000] {processor.py:925} INFO - DAG(s) 'example_python_operator' retrieved from /home/airflow/.local/lib/python3.12/site-packages/airflow/example_dags/example_python_operator.py
[2026-05-28T15:26:26.834+0000] {logging_mixin.py:190} INFO - [2026-05-28T15:26:26.834+0000] {dag.py:3239} INFO - Sync 1 DAGs
[2026-05-28T15:26:26.856+0000] {logging_mixin.py:190} INFO - [2026-05-28T15:26:26.856+0000] {dag.py:4180} INFO - Setting next_dagrun for example_python_operator to None, run_after=None
[2026-05-28T15:26:26.895+0000] {processor.py:208} INFO - Processing /home/airflow/.local/lib/python3.12/site-packages/airflow/example_dags/example_python_operator.py took 0.126 seconds
[2026-05-28T15:26:58.405+0000] {processor.py:186} INFO - Started process (PID=11012) to work on /home/airflow/.local/lib/python3.12/site-packages/airflow/example_dags/example_python_operator.py
[2026-05-28T15:26:58.406+0000] {processor.py:914} INFO - Processing file /home/airflow/.local/lib/python3.12/site-packages/airflow/example_dags/example_python_operator.py for tasks to queue
[2026-05-28T15:26:58.408+0000] {logging_mixin.py:190} INFO - [2026-05-28T15:26:58.408+0000] {dagbag.py:588} INFO - Filling up the DagBag from /home/airflow/.local/lib/python3.12/site-packages/airflow/example_dags/example_python_operator.py
[2026-05-28T15:26:58.425+0000] {processor.py:925} INFO - DAG(s) 'example_python_operator' retrieved from /home/airflow/.local/lib/python3.12/site-packages/airflow/example_dags/example_python_operator.py
[2026-05-28T15:26:58.463+0000] {logging_mixin.py:190} INFO - [2026-05-28T15:26:58.463+0000] {dag.py:3239} INFO - Sync 1 DAGs
[2026-05-28T15:26:58.490+0000] {logging_mixin.py:190} INFO - [2026-05-28T15:26:58.490+0000] {dag.py:4180} INFO - Setting next_dagrun for example_python_operator to None, run_after=None
[2026-05-28T15:26:58.524+0000] {processor.py:208} INFO - Processing /home/airflow/.local/lib/python3.12/site-packages/airflow/example_dags/example_python_operator.py took 0.128 seconds
[2026-05-28T15:27:29.178+0000] {processor.py:186} INFO - Started process (PID=11075) to work on /home/airflow/.local/lib/python3.12/site-packages/airflow/example_dags/example_python_operator.py
[2026-05-28T15:27:29.180+0000] {processor.py:914} INFO - Processing file /home/airflow/.local/lib/python3.12/site-packages/airflow/example_dags/example_python_operator.py for tasks to queue
[2026-05-28T15:27:29.185+0000] {logging_mixin.py:190} INFO - [2026-05-28T15:27:29.184+0000] {dagbag.py:588} INFO - Filling up the DagBag from /home/airflow/.local/lib/python3.12/site-packages/airflow/example_dags/example_python_operator.py
[2026-05-28T15:27:29.206+0000] {processor.py:925} INFO - DAG(s) 'example_python_operator' retrieved from /home/airflow/.local/lib/python3.12/site-packages/airflow/example_dags/example_python_operator.py
[2026-05-28T15:27:29.257+0000] {logging_mixin.py:190} INFO - [2026-05-28T15:27:29.256+0000] {dag.py:3239} INFO - Sync 1 DAGs
[2026-05-28T15:27:29.286+0000] {logging_mixin.py:190} INFO - [2026-05-28T15:27:29.286+0000] {dag.py:4180} INFO - Setting next_dagrun for example_python_operator to None, run_after=None
[2026-05-28T15:27:29.338+0000] {processor.py:208} INFO - Processing /home/airflow/.local/lib/python3.12/site-packages/airflow/example_dags/example_python_operator.py took 0.170 seconds
[2026-05-28T15:27:59.860+0000] {processor.py:186} INFO - Started process (PID=11144) to work on /home/airflow/.local/lib/python3.12/site-packages/airflow/example_dags/example_python_operator.py
[2026-05-28T15:27:59.862+0000] {processor.py:914} INFO - Processing file /home/airflow/.local/lib/python3.12/site-packages/airflow/example_dags/example_python_operator.py for tasks to queue
[2026-05-28T15:27:59.864+0000] {logging_mixin.py:190} INFO - [2026-05-28T15:27:59.864+0000] {dagbag.py:588} INFO - Filling up the DagBag from /home/airflow/.local/lib/python3.12/site-packages/airflow/example_dags/example_python_operator.py
[2026-05-28T15:27:59.892+0000] {processor.py:925} INFO - DAG(s) 'example_python_operator' retrieved from /home/airflow/.local/lib/python3.12/site-packages/airflow/example_dags/example_python_operator.py
[2026-05-28T15:27:59.956+0000] {logging_mixin.py:190} INFO - [2026-05-28T15:27:59.956+0000] {dag.py:3239} INFO - Sync 1 DAGs
[2026-05-28T15:27:59.982+0000] {logging_mixin.py:190} INFO - [2026-05-28T15:27:59.982+0000] {dag.py:4180} INFO - Setting next_dagrun for example_python_operator to None, run_after=None
[2026-05-28T15:28:00.013+0000] {processor.py:208} INFO - Processing /home/airflow/.local/lib/python3.12/site-packages/airflow/example_dags/example_python_operator.py took 0.164 seconds
[2026-05-28T15:28:37.188+0000] {processor.py:186} INFO - Started process (PID=11209) to work on /home/airflow/.local/lib/python3.12/site-packages/airflow/example_dags/example_python_operator.py
[2026-05-28T15:28:37.190+0000] {processor.py:914} INFO - Processing file /home/airflow/.local/lib/python3.12/site-packages/airflow/example_dags/example_python_operator.py for tasks to queue
[2026-05-28T15:28:37.192+0000] {logging_mixin.py:190} INFO - [2026-05-28T15:28:37.192+0000] {dagbag.py:588} INFO - Filling up the DagBag from /home/airflow/.local/lib/python3.12/site-packages/airflow/example_dags/example_python_operator.py
[2026-05-28T15:28:37.209+0000] {processor.py:925} INFO - DAG(s) 'example_python_operator' retrieved from /home/airflow/.local/lib/python3.12/site-packages/airflow/example_dags/example_python_operator.py
[2026-05-28T15:28:37.245+0000] {logging_mixin.py:190} INFO - [2026-05-28T15:28:37.245+0000] {dag.py:3239} INFO - Sync 1 DAGs
[2026-05-28T15:28:37.263+0000] {logging_mixin.py:190} INFO - [2026-05-28T15:28:37.263+0000] {dag.py:4180} INFO - Setting next_dagrun for example_python_operator to None, run_after=None
[2026-05-28T15:28:37.308+0000] {processor.py:208} INFO - Processing /home/airflow/.local/lib/python3.12/site-packages/airflow/example_dags/example_python_operator.py took 0.127 seconds
[2026-05-28T15:29:17.094+0000] {processor.py:186} INFO - Started process (PID=11281) to work on /home/airflow/.local/lib/python3.12/site-packages/airflow/example_dags/example_python_operator.py
[2026-05-28T15:29:17.096+0000] {processor.py:914} INFO - Processing file /home/airflow/.local/lib/python3.12/site-packages/airflow/example_dags/example_python_operator.py for tasks to queue
[2026-05-28T15:29:17.098+0000] {logging_mixin.py:190} INFO - [2026-05-28T15:29:17.098+0000] {dagbag.py:588} INFO - Filling up the DagBag from /home/airflow/.local/lib/python3.12/site-packages/airflow/example_dags/example_python_operator.py
[2026-05-28T15:29:17.115+0000] {processor.py:925} INFO - DAG(s) 'example_python_operator' retrieved from /home/airflow/.local/lib/python3.12/site-packages/airflow/example_dags/example_python_operator.py
[2026-05-28T15:29:17.154+0000] {logging_mixin.py:190} INFO - [2026-05-28T15:29:17.153+0000] {dag.py:3239} INFO - Sync 1 DAGs
[2026-05-28T15:29:17.175+0000] {logging_mixin.py:190} INFO - [2026-05-28T15:29:17.174+0000] {dag.py:4180} INFO - Setting next_dagrun for example_python_operator to None, run_after=None
[2026-05-28T15:29:17.208+0000] {processor.py:208} INFO - Processing /home/airflow/.local/lib/python3.12/site-packages/airflow/example_dags/example_python_operator.py took 0.122 seconds
[2026-05-28T15:29:57.008+0000] {processor.py:186} INFO - Started process (PID=11352) to work on /home/airflow/.local/lib/python3.12/site-packages/airflow/example_dags/example_python_operator.py
[2026-05-28T15:29:57.010+0000] {processor.py:914} INFO - Processing file /home/airflow/.local/lib/python3.12/site-packages/airflow/example_dags/example_python_operator.py for tasks to queue
[2026-05-28T15:29:57.013+0000] {logging_mixin.py:190} INFO - [2026-05-28T15:29:57.013+0000] {dagbag.py:588} INFO - Filling up the DagBag from /home/airflow/.local/lib/python3.12/site-packages/airflow/example_dags/example_python_operator.py
[2026-05-28T15:29:57.037+0000] {processor.py:925} INFO - DAG(s) 'example_python_operator' retrieved from /home/airflow/.local/lib/python3.12/site-packages/airflow/example_dags/example_python_operator.py
[2026-05-28T15:29:57.080+0000] {logging_mixin.py:190} INFO - [2026-05-28T15:29:57.079+0000] {dag.py:3239} INFO - Sync 1 DAGs
[2026-05-28T15:29:57.102+0000] {logging_mixin.py:190} INFO - [2026-05-28T15:29:57.102+0000] {dag.py:4180} INFO - Setting next_dagrun for example_python_operator to None, run_after=None
[2026-05-28T15:29:57.148+0000] {processor.py:208} INFO - Processing /home/airflow/.local/lib/python3.12/site-packages/airflow/example_dags/example_python_operator.py took 0.149 seconds
[2026-05-28T15:30:33.955+0000] {processor.py:186} INFO - Started process (PID=11422) to work on /home/airflow/.local/lib/python3.12/site-packages/airflow/example_dags/example_python_operator.py
[2026-05-28T15:30:33.957+0000] {processor.py:914} INFO - Processing file /home/airflow/.local/lib/python3.12/site-packages/airflow/example_dags/example_python_operator.py for tasks to queue
[2026-05-28T15:30:33.959+0000] {logging_mixin.py:190} INFO - [2026-05-28T15:30:33.959+0000] {dagbag.py:588} INFO - Filling up the DagBag from /home/airflow/.local/lib/python3.12/site-packages/airflow/example_dags/example_python_operator.py
[2026-05-28T15:30:33.981+0000] {processor.py:925} INFO - DAG(s) 'example_python_operator' retrieved from /home/airflow/.local/lib/python3.12/site-packages/airflow/example_dags/example_python_operator.py
[2026-05-28T15:30:34.030+0000] {logging_mixin.py:190} INFO - [2026-05-28T15:30:34.029+0000] {dag.py:3239} INFO - Sync 1 DAGs
[2026-05-28T15:30:34.059+0000] {logging_mixin.py:190} INFO - [2026-05-28T15:30:34.059+0000] {dag.py:4180} INFO - Setting next_dagrun for example_python_operator to None, run_after=None
[2026-05-28T15:30:34.102+0000] {processor.py:208} INFO - Processing /home/airflow/.local/lib/python3.12/site-packages/airflow/example_dags/example_python_operator.py took 0.156 seconds
[2026-05-28T15:31:05.743+0000] {processor.py:186} INFO - Started process (PID=11485) to work on /home/airflow/.local/lib/python3.12/site-packages/airflow/example_dags/example_python_operator.py
[2026-05-28T15:31:05.745+0000] {processor.py:914} INFO - Processing file /home/airflow/.local/lib/python3.12/site-packages/airflow/example_dags/example_python_operator.py for tasks to queue
[2026-05-28T15:31:05.747+0000] {logging_mixin.py:190} INFO - [2026-05-28T15:31:05.746+0000] {dagbag.py:588} INFO - Filling up the DagBag from /home/airflow/.local/lib/python3.12/site-packages/airflow/example_dags/example_python_operator.py
[2026-05-28T15:31:05.769+0000] {processor.py:925} INFO - DAG(s) 'example_python_operator' retrieved from /home/airflow/.local/lib/python3.12/site-packages/airflow/example_dags/example_python_operator.py
[2026-05-28T15:31:05.813+0000] {logging_mixin.py:190} INFO - [2026-05-28T15:31:05.813+0000] {dag.py:3239} INFO - Sync 1 DAGs
[2026-05-28T15:31:05.837+0000] {logging_mixin.py:190} INFO - [2026-05-28T15:31:05.837+0000] {dag.py:4180} INFO - Setting next_dagrun for example_python_operator to None, run_after=None
[2026-05-28T15:31:05.869+0000] {processor.py:208} INFO - Processing /home/airflow/.local/lib/python3.12/site-packages/airflow/example_dags/example_python_operator.py took 0.134 seconds
[2026-05-28T15:31:37.936+0000] {processor.py:186} INFO - Started process (PID=11548) to work on /home/airflow/.local/lib/python3.12/site-packages/airflow/example_dags/example_python_operator.py
[2026-05-28T15:31:37.938+0000] {processor.py:914} INFO - Processing file /home/airflow/.local/lib/python3.12/site-packages/airflow/example_dags/example_python_operator.py for tasks to queue
[2026-05-28T15:31:37.940+0000] {logging_mixin.py:190} INFO - [2026-05-28T15:31:37.940+0000] {dagbag.py:588} INFO - Filling up the DagBag from /home/airflow/.local/lib/python3.12/site-packages/airflow/example_dags/example_python_operator.py
[2026-05-28T15:31:37.957+0000] {processor.py:925} INFO - DAG(s) 'example_python_operator' retrieved from /home/airflow/.local/lib/python3.12/site-packages/airflow/example_dags/example_python_operator.py
[2026-05-28T15:31:37.993+0000] {logging_mixin.py:190} INFO - [2026-05-28T15:31:37.993+0000] {dag.py:3239} INFO - Sync 1 DAGs
[2026-05-28T15:31:38.011+0000] {logging_mixin.py:190} INFO - [2026-05-28T15:31:38.011+0000] {dag.py:4180} INFO - Setting next_dagrun for example_python_operator to None, run_after=None
[2026-05-28T15:31:38.040+0000] {processor.py:208} INFO - Processing /home/airflow/.local/lib/python3.12/site-packages/airflow/example_dags/example_python_operator.py took 0.111 seconds
[2026-05-28T15:32:08.977+0000] {processor.py:186} INFO - Started process (PID=11613) to work on /home/airflow/.local/lib/python3.12/site-packages/airflow/example_dags/example_python_operator.py
[2026-05-28T15:32:08.979+0000] {processor.py:914} INFO - Processing file /home/airflow/.local/lib/python3.12/site-packages/airflow/example_dags/example_python_operator.py for tasks to queue
[2026-05-28T15:32:08.981+0000] {logging_mixin.py:190} INFO - [2026-05-28T15:32:08.981+0000] {dagbag.py:588} INFO - Filling up the DagBag from /home/airflow/.local/lib/python3.12/site-packages/airflow/example_dags/example_python_operator.py
[2026-05-28T15:32:09.001+0000] {processor.py:925} INFO - DAG(s) 'example_python_operator' retrieved from /home/airflow/.local/lib/python3.12/site-packages/airflow/example_dags/example_python_operator.py
[2026-05-28T15:32:09.038+0000] {logging_mixin.py:190} INFO - [2026-05-28T15:32:09.038+0000] {dag.py:3239} INFO - Sync 1 DAGs
[2026-05-28T15:32:09.064+0000] {logging_mixin.py:190} INFO - [2026-05-28T15:32:09.063+0000] {dag.py:4180} INFO - Setting next_dagrun for example_python_operator to None, run_after=None
[2026-05-28T15:32:09.103+0000] {processor.py:208} INFO - Processing /home/airflow/.local/lib/python3.12/site-packages/airflow/example_dags/example_python_operator.py took 0.137 seconds
[2026-05-28T15:32:40.214+0000] {processor.py:186} INFO - Started process (PID=11680) to work on /home/airflow/.local/lib/python3.12/site-packages/airflow/example_dags/example_python_operator.py
[2026-05-28T15:32:40.216+0000] {processor.py:914} INFO - Processing file /home/airflow/.local/lib/python3.12/site-packages/airflow/example_dags/example_python_operator.py for tasks to queue
[2026-05-28T15:32:40.218+0000] {logging_mixin.py:190} INFO - [2026-05-28T15:32:40.218+0000] {dagbag.py:588} INFO - Filling up the DagBag from /home/airflow/.local/lib/python3.12/site-packages/airflow/example_dags/example_python_operator.py
[2026-05-28T15:32:40.234+0000] {processor.py:925} INFO - DAG(s) 'example_python_operator' retrieved from /home/airflow/.local/lib/python3.12/site-packages/airflow/example_dags/example_python_operator.py
[2026-05-28T15:32:40.273+0000] {logging_mixin.py:190} INFO - [2026-05-28T15:32:40.272+0000] {dag.py:3239} INFO - Sync 1 DAGs
[2026-05-28T15:32:40.293+0000] {logging_mixin.py:190} INFO - [2026-05-28T15:32:40.293+0000] {dag.py:4180} INFO - Setting next_dagrun for example_python_operator to None, run_after=None
[2026-05-28T15:32:40.419+0000] {processor.py:208} INFO - Processing /home/airflow/.local/lib/python3.12/site-packages/airflow/example_dags/example_python_operator.py took 0.214 seconds
[2026-05-28T15:33:19.840+0000] {processor.py:186} INFO - Started process (PID=11753) to work on /home/airflow/.local/lib/python3.12/site-packages/airflow/example_dags/example_python_operator.py
[2026-05-28T15:33:19.842+0000] {processor.py:914} INFO - Processing file /home/airflow/.local/lib/python3.12/site-packages/airflow/example_dags/example_python_operator.py for tasks to queue
[2026-05-28T15:33:19.845+0000] {logging_mixin.py:190} INFO - [2026-05-28T15:33:19.844+0000] {dagbag.py:588} INFO - Filling up the DagBag from /home/airflow/.local/lib/python3.12/site-packages/airflow/example_dags/example_python_operator.py
[2026-05-28T15:33:19.864+0000] {processor.py:925} INFO - DAG(s) 'example_python_operator' retrieved from /home/airflow/.local/lib/python3.12/site-packages/airflow/example_dags/example_python_operator.py
[2026-05-28T15:33:19.900+0000] {logging_mixin.py:190} INFO - [2026-05-28T15:33:19.899+0000] {dag.py:3239} INFO - Sync 1 DAGs
[2026-05-28T15:33:19.919+0000] {logging_mixin.py:190} INFO - [2026-05-28T15:33:19.918+0000] {dag.py:4180} INFO - Setting next_dagrun for example_python_operator to None, run_after=None
[2026-05-28T15:33:19.950+0000] {processor.py:208} INFO - Processing /home/airflow/.local/lib/python3.12/site-packages/airflow/example_dags/example_python_operator.py took 0.119 seconds
[2026-05-28T15:33:57.909+0000] {processor.py:186} INFO - Started process (PID=11817) to work on /home/airflow/.local/lib/python3.12/site-packages/airflow/example_dags/example_python_operator.py
[2026-05-28T15:33:57.911+0000] {processor.py:914} INFO - Processing file /home/airflow/.local/lib/python3.12/site-packages/airflow/example_dags/example_python_operator.py for tasks to queue
[2026-05-28T15:33:57.914+0000] {logging_mixin.py:190} INFO - [2026-05-28T15:33:57.913+0000] {dagbag.py:588} INFO - Filling up the DagBag from /home/airflow/.local/lib/python3.12/site-packages/airflow/example_dags/example_python_operator.py
[2026-05-28T15:33:57.937+0000] {processor.py:925} INFO - DAG(s) 'example_python_operator' retrieved from /home/airflow/.local/lib/python3.12/site-packages/airflow/example_dags/example_python_operator.py
[2026-05-28T15:33:57.978+0000] {logging_mixin.py:190} INFO - [2026-05-28T15:33:57.978+0000] {dag.py:3239} INFO - Sync 1 DAGs
[2026-05-28T15:33:57.999+0000] {logging_mixin.py:190} INFO - [2026-05-28T15:33:57.998+0000] {dag.py:4180} INFO - Setting next_dagrun for example_python_operator to None, run_after=None
[2026-05-28T15:33:58.030+0000] {processor.py:208} INFO - Processing /home/airflow/.local/lib/python3.12/site-packages/airflow/example_dags/example_python_operator.py took 0.130 seconds
[2026-05-28T15:34:31.694+0000] {processor.py:186} INFO - Started process (PID=11890) to work on /home/airflow/.local/lib/python3.12/site-packages/airflow/example_dags/example_python_operator.py
[2026-05-28T15:34:31.696+0000] {processor.py:914} INFO - Processing file /home/airflow/.local/lib/python3.12/site-packages/airflow/example_dags/example_python_operator.py for tasks to queue
[2026-05-28T15:34:31.698+0000] {logging_mixin.py:190} INFO - [2026-05-28T15:34:31.697+0000] {dagbag.py:588} INFO - Filling up the DagBag from /home/airflow/.local/lib/python3.12/site-packages/airflow/example_dags/example_python_operator.py
[2026-05-28T15:34:31.715+0000] {processor.py:925} INFO - DAG(s) 'example_python_operator' retrieved from /home/airflow/.local/lib/python3.12/site-packages/airflow/example_dags/example_python_operator.py
[2026-05-28T15:34:31.760+0000] {logging_mixin.py:190} INFO - [2026-05-28T15:34:31.760+0000] {dag.py:3239} INFO - Sync 1 DAGs
[2026-05-28T15:34:32.040+0000] {logging_mixin.py:190} INFO - [2026-05-28T15:34:32.040+0000] {dag.py:4180} INFO - Setting next_dagrun for example_python_operator to None, run_after=None
[2026-05-28T15:34:32.078+0000] {processor.py:208} INFO - Processing /home/airflow/.local/lib/python3.12/site-packages/airflow/example_dags/example_python_operator.py took 0.393 seconds
[2026-05-28T15:35:03.939+0000] {processor.py:186} INFO - Started process (PID=11953) to work on /home/airflow/.local/lib/python3.12/site-packages/airflow/example_dags/example_python_operator.py
[2026-05-28T15:35:03.941+0000] {processor.py:914} INFO - Processing file /home/airflow/.local/lib/python3.12/site-packages/airflow/example_dags/example_python_operator.py for tasks to queue
[2026-05-28T15:35:03.944+0000] {logging_mixin.py:190} INFO - [2026-05-28T15:35:03.943+0000] {dagbag.py:588} INFO - Filling up the DagBag from /home/airflow/.local/lib/python3.12/site-packages/airflow/example_dags/example_python_operator.py
[2026-05-28T15:35:03.961+0000] {processor.py:925} INFO - DAG(s) 'example_python_operator' retrieved from /home/airflow/.local/lib/python3.12/site-packages/airflow/example_dags/example_python_operator.py
[2026-05-28T15:35:04.002+0000] {logging_mixin.py:190} INFO - [2026-05-28T15:35:04.001+0000] {dag.py:3239} INFO - Sync 1 DAGs
[2026-05-28T15:35:04.023+0000] {logging_mixin.py:190} INFO - [2026-05-28T15:35:04.023+0000] {dag.py:4180} INFO - Setting next_dagrun for example_python_operator to None, run_after=None
[2026-05-28T15:35:04.327+0000] {processor.py:208} INFO - Processing /home/airflow/.local/lib/python3.12/site-packages/airflow/example_dags/example_python_operator.py took 0.397 seconds
[2026-05-28T15:35:38.736+0000] {processor.py:186} INFO - Started process (PID=12016) to work on /home/airflow/.local/lib/python3.12/site-packages/airflow/example_dags/example_python_operator.py
[2026-05-28T15:35:38.738+0000] {processor.py:914} INFO - Processing file /home/airflow/.local/lib/python3.12/site-packages/airflow/example_dags/example_python_operator.py for tasks to queue
[2026-05-28T15:35:38.740+0000] {logging_mixin.py:190} INFO - [2026-05-28T15:35:38.740+0000] {dagbag.py:588} INFO - Filling up the DagBag from /home/airflow/.local/lib/python3.12/site-packages/airflow/example_dags/example_python_operator.py
[2026-05-28T15:35:38.756+0000] {processor.py:925} INFO - DAG(s) 'example_python_operator' retrieved from /home/airflow/.local/lib/python3.12/site-packages/airflow/example_dags/example_python_operator.py
[2026-05-28T15:35:38.793+0000] {logging_mixin.py:190} INFO - [2026-05-28T15:35:38.792+0000] {dag.py:3239} INFO - Sync 1 DAGs
[2026-05-28T15:35:38.815+0000] {logging_mixin.py:190} INFO - [2026-05-28T15:35:38.815+0000] {dag.py:4180} INFO - Setting next_dagrun for example_python_operator to None, run_after=None
[2026-05-28T15:35:38.850+0000] {processor.py:208} INFO - Processing /home/airflow/.local/lib/python3.12/site-packages/airflow/example_dags/example_python_operator.py took 0.121 seconds
[2026-05-28T15:36:10.560+0000] {processor.py:186} INFO - Started process (PID=12080) to work on /home/airflow/.local/lib/python3.12/site-packages/airflow/example_dags/example_python_operator.py
[2026-05-28T15:36:10.562+0000] {processor.py:914} INFO - Processing file /home/airflow/.local/lib/python3.12/site-packages/airflow/example_dags/example_python_operator.py for tasks to queue
[2026-05-28T15:36:10.565+0000] {logging_mixin.py:190} INFO - [2026-05-28T15:36:10.564+0000] {dagbag.py:588} INFO - Filling up the DagBag from /home/airflow/.local/lib/python3.12/site-packages/airflow/example_dags/example_python_operator.py
[2026-05-28T15:36:10.583+0000] {processor.py:925} INFO - DAG(s) 'example_python_operator' retrieved from /home/airflow/.local/lib/python3.12/site-packages/airflow/example_dags/example_python_operator.py
[2026-05-28T15:36:10.622+0000] {logging_mixin.py:190} INFO - [2026-05-28T15:36:10.622+0000] {dag.py:3239} INFO - Sync 1 DAGs
[2026-05-28T15:36:10.645+0000] {logging_mixin.py:190} INFO - [2026-05-28T15:36:10.645+0000] {dag.py:4180} INFO - Setting next_dagrun for example_python_operator to None, run_after=None
[2026-05-28T15:36:10.686+0000] {processor.py:208} INFO - Processing /home/airflow/.local/lib/python3.12/site-packages/airflow/example_dags/example_python_operator.py took 0.133 seconds
[2026-05-28T15:36:41.413+0000] {processor.py:186} INFO - Started process (PID=12143) to work on /home/airflow/.local/lib/python3.12/site-packages/airflow/example_dags/example_python_operator.py
[2026-05-28T15:36:41.415+0000] {processor.py:914} INFO - Processing file /home/airflow/.local/lib/python3.12/site-packages/airflow/example_dags/example_python_operator.py for tasks to queue
[2026-05-28T15:36:41.417+0000] {logging_mixin.py:190} INFO - [2026-05-28T15:36:41.416+0000] {dagbag.py:588} INFO - Filling up the DagBag from /home/airflow/.local/lib/python3.12/site-packages/airflow/example_dags/example_python_operator.py
[2026-05-28T15:36:41.436+0000] {processor.py:925} INFO - DAG(s) 'example_python_operator' retrieved from /home/airflow/.local/lib/python3.12/site-packages/airflow/example_dags/example_python_operator.py
[2026-05-28T15:36:41.477+0000] {logging_mixin.py:190} INFO - [2026-05-28T15:36:41.477+0000] {dag.py:3239} INFO - Sync 1 DAGs
[2026-05-28T15:36:41.497+0000] {logging_mixin.py:190} INFO - [2026-05-28T15:36:41.496+0000] {dag.py:4180} INFO - Setting next_dagrun for example_python_operator to None, run_after=None
[2026-05-28T15:36:41.530+0000] {processor.py:208} INFO - Processing /home/airflow/.local/lib/python3.12/site-packages/airflow/example_dags/example_python_operator.py took 0.127 seconds
[2026-05-28T15:37:17.601+0000] {processor.py:186} INFO - Started process (PID=12201) to work on /home/airflow/.local/lib/python3.12/site-packages/airflow/example_dags/example_python_operator.py
[2026-05-28T15:37:17.603+0000] {processor.py:914} INFO - Processing file /home/airflow/.local/lib/python3.12/site-packages/airflow/example_dags/example_python_operator.py for tasks to queue
[2026-05-28T15:37:17.605+0000] {logging_mixin.py:190} INFO - [2026-05-28T15:37:17.605+0000] {dagbag.py:588} INFO - Filling up the DagBag from /home/airflow/.local/lib/python3.12/site-packages/airflow/example_dags/example_python_operator.py
[2026-05-28T15:37:17.622+0000] {processor.py:925} INFO - DAG(s) 'example_python_operator' retrieved from /home/airflow/.local/lib/python3.12/site-packages/airflow/example_dags/example_python_operator.py
[2026-05-28T15:37:17.673+0000] {logging_mixin.py:190} INFO - [2026-05-28T15:37:17.672+0000] {dag.py:3239} INFO - Sync 1 DAGs
[2026-05-28T15:37:17.708+0000] {logging_mixin.py:190} INFO - [2026-05-28T15:37:17.708+0000] {dag.py:4180} INFO - Setting next_dagrun for example_python_operator to None, run_after=None
[2026-05-28T15:37:17.749+0000] {processor.py:208} INFO - Processing /home/airflow/.local/lib/python3.12/site-packages/airflow/example_dags/example_python_operator.py took 0.156 seconds
