[2026-05-28T06:57:06.260+0000] {processor.py:186} INFO - Started process (PID=103) to work on /home/airflow/.local/lib/python3.12/site-packages/airflow/example_dags/example_dataset_alias_with_no_taskflow.py
[2026-05-28T06:57:06.262+0000] {processor.py:914} INFO - Processing file /home/airflow/.local/lib/python3.12/site-packages/airflow/example_dags/example_dataset_alias_with_no_taskflow.py for tasks to queue
[2026-05-28T06:57:06.268+0000] {logging_mixin.py:190} INFO - [2026-05-28T06:57:06.267+0000] {dagbag.py:588} INFO - Filling up the DagBag from /home/airflow/.local/lib/python3.12/site-packages/airflow/example_dags/example_dataset_alias_with_no_taskflow.py
[2026-05-28T06:57:19.797+0000] {processor.py:925} INFO - DAG(s) 'dataset_alias_example_alias_producer_with_no_taskflow', 'dataset_s3_bucket_consumer_with_no_taskflow', 'dataset_alias_example_alias_consumer_with_no_taskflow', 'dataset_s3_bucket_producer_with_no_taskflow' retrieved from /home/airflow/.local/lib/python3.12/site-packages/airflow/example_dags/example_dataset_alias_with_no_taskflow.py
[2026-05-28T06:57:19.954+0000] {logging_mixin.py:190} INFO - [2026-05-28T06:57:19.953+0000] {override.py:1932} INFO - Created Permission View: can delete on DAG:dataset_alias_example_alias_producer_with_no_taskflow
[2026-05-28T06:57:19.990+0000] {logging_mixin.py:190} INFO - [2026-05-28T06:57:19.989+0000] {override.py:1932} INFO - Created Permission View: can edit on DAG:dataset_alias_example_alias_producer_with_no_taskflow
[2026-05-28T06:57:20.007+0000] {logging_mixin.py:190} INFO - [2026-05-28T06:57:20.007+0000] {override.py:1932} INFO - Created Permission View: can read on DAG:dataset_alias_example_alias_producer_with_no_taskflow
[2026-05-28T06:57:20.024+0000] {logging_mixin.py:190} INFO - [2026-05-28T06:57:20.023+0000] {override.py:1932} INFO - Created Permission View: can delete on DAG Run:dataset_alias_example_alias_producer_with_no_taskflow
[2026-05-28T06:57:20.039+0000] {logging_mixin.py:190} INFO - [2026-05-28T06:57:20.039+0000] {override.py:1932} INFO - Created Permission View: menu access on DAG Run:dataset_alias_example_alias_producer_with_no_taskflow
[2026-05-28T06:57:20.059+0000] {logging_mixin.py:190} INFO - [2026-05-28T06:57:20.059+0000] {override.py:1932} INFO - Created Permission View: can create on DAG Run:dataset_alias_example_alias_producer_with_no_taskflow
[2026-05-28T06:57:20.076+0000] {logging_mixin.py:190} INFO - [2026-05-28T06:57:20.076+0000] {override.py:1932} INFO - Created Permission View: can read on DAG Run:dataset_alias_example_alias_producer_with_no_taskflow
[2026-05-28T06:57:20.105+0000] {logging_mixin.py:190} INFO - [2026-05-28T06:57:20.105+0000] {override.py:1932} INFO - Created Permission View: can delete on DAG:dataset_s3_bucket_consumer_with_no_taskflow
[2026-05-28T06:57:20.120+0000] {logging_mixin.py:190} INFO - [2026-05-28T06:57:20.119+0000] {override.py:1932} INFO - Created Permission View: can edit on DAG:dataset_s3_bucket_consumer_with_no_taskflow
[2026-05-28T06:57:20.136+0000] {logging_mixin.py:190} INFO - [2026-05-28T06:57:20.135+0000] {override.py:1932} INFO - Created Permission View: can read on DAG:dataset_s3_bucket_consumer_with_no_taskflow
[2026-05-28T06:57:20.154+0000] {logging_mixin.py:190} INFO - [2026-05-28T06:57:20.153+0000] {override.py:1932} INFO - Created Permission View: can delete on DAG Run:dataset_s3_bucket_consumer_with_no_taskflow
[2026-05-28T06:57:20.169+0000] {logging_mixin.py:190} INFO - [2026-05-28T06:57:20.169+0000] {override.py:1932} INFO - Created Permission View: menu access on DAG Run:dataset_s3_bucket_consumer_with_no_taskflow
[2026-05-28T06:57:20.185+0000] {logging_mixin.py:190} INFO - [2026-05-28T06:57:20.185+0000] {override.py:1932} INFO - Created Permission View: can create on DAG Run:dataset_s3_bucket_consumer_with_no_taskflow
[2026-05-28T06:57:20.201+0000] {logging_mixin.py:190} INFO - [2026-05-28T06:57:20.200+0000] {override.py:1932} INFO - Created Permission View: can read on DAG Run:dataset_s3_bucket_consumer_with_no_taskflow
[2026-05-28T06:57:20.232+0000] {logging_mixin.py:190} INFO - [2026-05-28T06:57:20.231+0000] {override.py:1932} INFO - Created Permission View: can delete on DAG:dataset_alias_example_alias_consumer_with_no_taskflow
[2026-05-28T06:57:20.251+0000] {logging_mixin.py:190} INFO - [2026-05-28T06:57:20.251+0000] {override.py:1932} INFO - Created Permission View: can edit on DAG:dataset_alias_example_alias_consumer_with_no_taskflow
[2026-05-28T06:57:20.268+0000] {logging_mixin.py:190} INFO - [2026-05-28T06:57:20.267+0000] {override.py:1932} INFO - Created Permission View: can read on DAG:dataset_alias_example_alias_consumer_with_no_taskflow
[2026-05-28T06:57:20.289+0000] {logging_mixin.py:190} INFO - [2026-05-28T06:57:20.288+0000] {override.py:1932} INFO - Created Permission View: can delete on DAG Run:dataset_alias_example_alias_consumer_with_no_taskflow
[2026-05-28T06:57:20.315+0000] {logging_mixin.py:190} INFO - [2026-05-28T06:57:20.315+0000] {override.py:1932} INFO - Created Permission View: menu access on DAG Run:dataset_alias_example_alias_consumer_with_no_taskflow
[2026-05-28T06:57:20.354+0000] {logging_mixin.py:190} INFO - [2026-05-28T06:57:20.354+0000] {override.py:1932} INFO - Created Permission View: can create on DAG Run:dataset_alias_example_alias_consumer_with_no_taskflow
[2026-05-28T06:57:20.404+0000] {logging_mixin.py:190} INFO - [2026-05-28T06:57:20.403+0000] {override.py:1932} INFO - Created Permission View: can read on DAG Run:dataset_alias_example_alias_consumer_with_no_taskflow
[2026-05-28T06:57:20.454+0000] {logging_mixin.py:190} INFO - [2026-05-28T06:57:20.453+0000] {override.py:1932} INFO - Created Permission View: can delete on DAG:dataset_s3_bucket_producer_with_no_taskflow
[2026-05-28T06:57:20.480+0000] {logging_mixin.py:190} INFO - [2026-05-28T06:57:20.479+0000] {override.py:1932} INFO - Created Permission View: can edit on DAG:dataset_s3_bucket_producer_with_no_taskflow
[2026-05-28T06:57:20.506+0000] {logging_mixin.py:190} INFO - [2026-05-28T06:57:20.505+0000] {override.py:1932} INFO - Created Permission View: can read on DAG:dataset_s3_bucket_producer_with_no_taskflow
[2026-05-28T06:57:20.532+0000] {logging_mixin.py:190} INFO - [2026-05-28T06:57:20.531+0000] {override.py:1932} INFO - Created Permission View: can delete on DAG Run:dataset_s3_bucket_producer_with_no_taskflow
[2026-05-28T06:57:20.553+0000] {logging_mixin.py:190} INFO - [2026-05-28T06:57:20.552+0000] {override.py:1932} INFO - Created Permission View: menu access on DAG Run:dataset_s3_bucket_producer_with_no_taskflow
[2026-05-28T06:57:20.574+0000] {logging_mixin.py:190} INFO - [2026-05-28T06:57:20.574+0000] {override.py:1932} INFO - Created Permission View: can create on DAG Run:dataset_s3_bucket_producer_with_no_taskflow
[2026-05-28T06:57:20.590+0000] {logging_mixin.py:190} INFO - [2026-05-28T06:57:20.589+0000] {override.py:1932} INFO - Created Permission View: can read on DAG Run:dataset_s3_bucket_producer_with_no_taskflow
[2026-05-28T06:57:20.593+0000] {logging_mixin.py:190} INFO - [2026-05-28T06:57:20.591+0000] {dag.py:3239} INFO - Sync 4 DAGs
[2026-05-28T06:57:20.636+0000] {logging_mixin.py:190} INFO - [2026-05-28T06:57:20.635+0000] {dag.py:3262} INFO - Creating ORM DAG for dataset_s3_bucket_consumer_with_no_taskflow
[2026-05-28T06:57:20.638+0000] {logging_mixin.py:190} INFO - [2026-05-28T06:57:20.638+0000] {dag.py:3262} INFO - Creating ORM DAG for dataset_s3_bucket_producer_with_no_taskflow
[2026-05-28T06:57:20.640+0000] {logging_mixin.py:190} INFO - [2026-05-28T06:57:20.640+0000] {dag.py:3262} INFO - Creating ORM DAG for dataset_alias_example_alias_consumer_with_no_taskflow
[2026-05-28T06:57:20.642+0000] {logging_mixin.py:190} INFO - [2026-05-28T06:57:20.642+0000] {dag.py:3262} INFO - Creating ORM DAG for dataset_alias_example_alias_producer_with_no_taskflow
[2026-05-28T06:57:20.670+0000] {logging_mixin.py:190} INFO - [2026-05-28T06:57:20.669+0000] {dag.py:4180} INFO - Setting next_dagrun for dataset_alias_example_alias_consumer_with_no_taskflow to None, run_after=None
[2026-05-28T06:57:20.671+0000] {logging_mixin.py:190} INFO - [2026-05-28T06:57:20.671+0000] {dag.py:4180} INFO - Setting next_dagrun for dataset_alias_example_alias_producer_with_no_taskflow to None, run_after=None
[2026-05-28T06:57:20.673+0000] {logging_mixin.py:190} INFO - [2026-05-28T06:57:20.672+0000] {dag.py:4180} INFO - Setting next_dagrun for dataset_s3_bucket_consumer_with_no_taskflow to None, run_after=None
[2026-05-28T06:57:20.674+0000] {logging_mixin.py:190} INFO - [2026-05-28T06:57:20.674+0000] {dag.py:4180} INFO - Setting next_dagrun for dataset_s3_bucket_producer_with_no_taskflow to None, run_after=None
[2026-05-28T06:57:20.867+0000] {processor.py:208} INFO - Processing /home/airflow/.local/lib/python3.12/site-packages/airflow/example_dags/example_dataset_alias_with_no_taskflow.py took 14.618 seconds
[2026-05-28T06:57:55.412+0000] {processor.py:186} INFO - Started process (PID=177) to work on /home/airflow/.local/lib/python3.12/site-packages/airflow/example_dags/example_dataset_alias_with_no_taskflow.py
[2026-05-28T06:57:55.414+0000] {processor.py:914} INFO - Processing file /home/airflow/.local/lib/python3.12/site-packages/airflow/example_dags/example_dataset_alias_with_no_taskflow.py for tasks to queue
[2026-05-28T06:57:55.419+0000] {logging_mixin.py:190} INFO - [2026-05-28T06:57:55.419+0000] {dagbag.py:588} INFO - Filling up the DagBag from /home/airflow/.local/lib/python3.12/site-packages/airflow/example_dags/example_dataset_alias_with_no_taskflow.py
[2026-05-28T06:58:06.301+0000] {processor.py:925} INFO - DAG(s) 'dataset_alias_example_alias_producer_with_no_taskflow', 'dataset_alias_example_alias_consumer_with_no_taskflow', 'dataset_s3_bucket_consumer_with_no_taskflow', 'dataset_s3_bucket_producer_with_no_taskflow' retrieved from /home/airflow/.local/lib/python3.12/site-packages/airflow/example_dags/example_dataset_alias_with_no_taskflow.py
[2026-05-28T06:58:06.352+0000] {logging_mixin.py:190} INFO - [2026-05-28T06:58:06.351+0000] {dag.py:3239} INFO - Sync 4 DAGs
[2026-05-28T06:58:06.409+0000] {logging_mixin.py:190} INFO - [2026-05-28T06:58:06.409+0000] {dag.py:4180} INFO - Setting next_dagrun for dataset_alias_example_alias_consumer_with_no_taskflow to None, run_after=None
[2026-05-28T06:58:06.416+0000] {logging_mixin.py:190} INFO - [2026-05-28T06:58:06.415+0000] {dag.py:4180} INFO - Setting next_dagrun for dataset_alias_example_alias_producer_with_no_taskflow to None, run_after=None
[2026-05-28T06:58:06.419+0000] {logging_mixin.py:190} INFO - [2026-05-28T06:58:06.419+0000] {dag.py:4180} INFO - Setting next_dagrun for dataset_s3_bucket_consumer_with_no_taskflow to None, run_after=None
[2026-05-28T06:58:06.423+0000] {logging_mixin.py:190} INFO - [2026-05-28T06:58:06.422+0000] {dag.py:4180} INFO - Setting next_dagrun for dataset_s3_bucket_producer_with_no_taskflow to None, run_after=None
[2026-05-28T06:58:06.483+0000] {processor.py:208} INFO - Processing /home/airflow/.local/lib/python3.12/site-packages/airflow/example_dags/example_dataset_alias_with_no_taskflow.py took 11.079 seconds
[2026-05-28T06:58:36.955+0000] {processor.py:186} INFO - Started process (PID=244) to work on /home/airflow/.local/lib/python3.12/site-packages/airflow/example_dags/example_dataset_alias_with_no_taskflow.py
[2026-05-28T06:58:36.957+0000] {processor.py:914} INFO - Processing file /home/airflow/.local/lib/python3.12/site-packages/airflow/example_dags/example_dataset_alias_with_no_taskflow.py for tasks to queue
[2026-05-28T06:58:36.961+0000] {logging_mixin.py:190} INFO - [2026-05-28T06:58:36.961+0000] {dagbag.py:588} INFO - Filling up the DagBag from /home/airflow/.local/lib/python3.12/site-packages/airflow/example_dags/example_dataset_alias_with_no_taskflow.py
[2026-05-28T06:58:49.172+0000] {processor.py:925} INFO - DAG(s) 'dataset_alias_example_alias_consumer_with_no_taskflow', 'dataset_alias_example_alias_producer_with_no_taskflow', 'dataset_s3_bucket_consumer_with_no_taskflow', 'dataset_s3_bucket_producer_with_no_taskflow' retrieved from /home/airflow/.local/lib/python3.12/site-packages/airflow/example_dags/example_dataset_alias_with_no_taskflow.py
[2026-05-28T06:58:49.219+0000] {logging_mixin.py:190} INFO - [2026-05-28T06:58:49.217+0000] {dag.py:3239} INFO - Sync 4 DAGs
[2026-05-28T06:58:49.263+0000] {logging_mixin.py:190} INFO - [2026-05-28T06:58:49.262+0000] {dag.py:4180} INFO - Setting next_dagrun for dataset_alias_example_alias_consumer_with_no_taskflow to None, run_after=None
[2026-05-28T06:58:49.268+0000] {logging_mixin.py:190} INFO - [2026-05-28T06:58:49.267+0000] {dag.py:4180} INFO - Setting next_dagrun for dataset_alias_example_alias_producer_with_no_taskflow to None, run_after=None
[2026-05-28T06:58:49.275+0000] {logging_mixin.py:190} INFO - [2026-05-28T06:58:49.274+0000] {dag.py:4180} INFO - Setting next_dagrun for dataset_s3_bucket_consumer_with_no_taskflow to None, run_after=None
[2026-05-28T06:58:49.278+0000] {logging_mixin.py:190} INFO - [2026-05-28T06:58:49.278+0000] {dag.py:4180} INFO - Setting next_dagrun for dataset_s3_bucket_producer_with_no_taskflow to None, run_after=None
[2026-05-28T06:58:49.393+0000] {processor.py:208} INFO - Processing /home/airflow/.local/lib/python3.12/site-packages/airflow/example_dags/example_dataset_alias_with_no_taskflow.py took 12.448 seconds
[2026-05-28T06:59:19.847+0000] {processor.py:186} INFO - Started process (PID=319) to work on /home/airflow/.local/lib/python3.12/site-packages/airflow/example_dags/example_dataset_alias_with_no_taskflow.py
[2026-05-28T06:59:19.850+0000] {processor.py:914} INFO - Processing file /home/airflow/.local/lib/python3.12/site-packages/airflow/example_dags/example_dataset_alias_with_no_taskflow.py for tasks to queue
[2026-05-28T06:59:19.858+0000] {logging_mixin.py:190} INFO - [2026-05-28T06:59:19.857+0000] {dagbag.py:588} INFO - Filling up the DagBag from /home/airflow/.local/lib/python3.12/site-packages/airflow/example_dags/example_dataset_alias_with_no_taskflow.py
[2026-05-28T06:59:29.954+0000] {processor.py:925} INFO - DAG(s) 'dataset_s3_bucket_consumer_with_no_taskflow', 'dataset_alias_example_alias_consumer_with_no_taskflow', 'dataset_s3_bucket_producer_with_no_taskflow', 'dataset_alias_example_alias_producer_with_no_taskflow' retrieved from /home/airflow/.local/lib/python3.12/site-packages/airflow/example_dags/example_dataset_alias_with_no_taskflow.py
[2026-05-28T06:59:29.995+0000] {logging_mixin.py:190} INFO - [2026-05-28T06:59:29.994+0000] {dag.py:3239} INFO - Sync 4 DAGs
[2026-05-28T06:59:30.037+0000] {logging_mixin.py:190} INFO - [2026-05-28T06:59:30.036+0000] {dag.py:4180} INFO - Setting next_dagrun for dataset_alias_example_alias_consumer_with_no_taskflow to None, run_after=None
[2026-05-28T06:59:30.042+0000] {logging_mixin.py:190} INFO - [2026-05-28T06:59:30.042+0000] {dag.py:4180} INFO - Setting next_dagrun for dataset_alias_example_alias_producer_with_no_taskflow to None, run_after=None
[2026-05-28T06:59:30.045+0000] {logging_mixin.py:190} INFO - [2026-05-28T06:59:30.045+0000] {dag.py:4180} INFO - Setting next_dagrun for dataset_s3_bucket_consumer_with_no_taskflow to None, run_after=None
[2026-05-28T06:59:30.048+0000] {logging_mixin.py:190} INFO - [2026-05-28T06:59:30.048+0000] {dag.py:4180} INFO - Setting next_dagrun for dataset_s3_bucket_producer_with_no_taskflow to None, run_after=None
[2026-05-28T06:59:30.085+0000] {processor.py:208} INFO - Processing /home/airflow/.local/lib/python3.12/site-packages/airflow/example_dags/example_dataset_alias_with_no_taskflow.py took 10.251 seconds
[2026-05-28T07:00:01.284+0000] {processor.py:186} INFO - Started process (PID=392) to work on /home/airflow/.local/lib/python3.12/site-packages/airflow/example_dags/example_dataset_alias_with_no_taskflow.py
[2026-05-28T07:00:01.286+0000] {processor.py:914} INFO - Processing file /home/airflow/.local/lib/python3.12/site-packages/airflow/example_dags/example_dataset_alias_with_no_taskflow.py for tasks to queue
[2026-05-28T07:00:01.290+0000] {logging_mixin.py:190} INFO - [2026-05-28T07:00:01.290+0000] {dagbag.py:588} INFO - Filling up the DagBag from /home/airflow/.local/lib/python3.12/site-packages/airflow/example_dags/example_dataset_alias_with_no_taskflow.py
[2026-05-28T07:00:11.238+0000] {processor.py:925} INFO - DAG(s) 'dataset_alias_example_alias_producer_with_no_taskflow', 'dataset_s3_bucket_producer_with_no_taskflow', 'dataset_s3_bucket_consumer_with_no_taskflow', 'dataset_alias_example_alias_consumer_with_no_taskflow' retrieved from /home/airflow/.local/lib/python3.12/site-packages/airflow/example_dags/example_dataset_alias_with_no_taskflow.py
[2026-05-28T07:00:11.277+0000] {logging_mixin.py:190} INFO - [2026-05-28T07:00:11.276+0000] {dag.py:3239} INFO - Sync 4 DAGs
[2026-05-28T07:00:11.308+0000] {logging_mixin.py:190} INFO - [2026-05-28T07:00:11.308+0000] {dag.py:4180} INFO - Setting next_dagrun for dataset_alias_example_alias_consumer_with_no_taskflow to None, run_after=None
[2026-05-28T07:00:11.313+0000] {logging_mixin.py:190} INFO - [2026-05-28T07:00:11.312+0000] {dag.py:4180} INFO - Setting next_dagrun for dataset_alias_example_alias_producer_with_no_taskflow to None, run_after=None
[2026-05-28T07:00:11.315+0000] {logging_mixin.py:190} INFO - [2026-05-28T07:00:11.315+0000] {dag.py:4180} INFO - Setting next_dagrun for dataset_s3_bucket_consumer_with_no_taskflow to None, run_after=None
[2026-05-28T07:00:11.318+0000] {logging_mixin.py:190} INFO - [2026-05-28T07:00:11.317+0000] {dag.py:4180} INFO - Setting next_dagrun for dataset_s3_bucket_producer_with_no_taskflow to None, run_after=None
[2026-05-28T07:00:11.351+0000] {processor.py:208} INFO - Processing /home/airflow/.local/lib/python3.12/site-packages/airflow/example_dags/example_dataset_alias_with_no_taskflow.py took 10.079 seconds
[2026-05-28T07:00:41.504+0000] {processor.py:186} INFO - Started process (PID=462) to work on /home/airflow/.local/lib/python3.12/site-packages/airflow/example_dags/example_dataset_alias_with_no_taskflow.py
[2026-05-28T07:00:41.506+0000] {processor.py:914} INFO - Processing file /home/airflow/.local/lib/python3.12/site-packages/airflow/example_dags/example_dataset_alias_with_no_taskflow.py for tasks to queue
[2026-05-28T07:00:41.512+0000] {logging_mixin.py:190} INFO - [2026-05-28T07:00:41.511+0000] {dagbag.py:588} INFO - Filling up the DagBag from /home/airflow/.local/lib/python3.12/site-packages/airflow/example_dags/example_dataset_alias_with_no_taskflow.py
[2026-05-28T07:00:53.491+0000] {processor.py:925} INFO - DAG(s) 'dataset_alias_example_alias_producer_with_no_taskflow', 'dataset_s3_bucket_consumer_with_no_taskflow', 'dataset_alias_example_alias_consumer_with_no_taskflow', 'dataset_s3_bucket_producer_with_no_taskflow' retrieved from /home/airflow/.local/lib/python3.12/site-packages/airflow/example_dags/example_dataset_alias_with_no_taskflow.py
[2026-05-28T07:00:53.538+0000] {logging_mixin.py:190} INFO - [2026-05-28T07:00:53.537+0000] {dag.py:3239} INFO - Sync 4 DAGs
[2026-05-28T07:00:53.583+0000] {logging_mixin.py:190} INFO - [2026-05-28T07:00:53.583+0000] {dag.py:4180} INFO - Setting next_dagrun for dataset_alias_example_alias_consumer_with_no_taskflow to None, run_after=None
[2026-05-28T07:00:53.589+0000] {logging_mixin.py:190} INFO - [2026-05-28T07:00:53.589+0000] {dag.py:4180} INFO - Setting next_dagrun for dataset_alias_example_alias_producer_with_no_taskflow to None, run_after=None
[2026-05-28T07:00:53.592+0000] {logging_mixin.py:190} INFO - [2026-05-28T07:00:53.592+0000] {dag.py:4180} INFO - Setting next_dagrun for dataset_s3_bucket_consumer_with_no_taskflow to None, run_after=None
[2026-05-28T07:00:53.596+0000] {logging_mixin.py:190} INFO - [2026-05-28T07:00:53.596+0000] {dag.py:4180} INFO - Setting next_dagrun for dataset_s3_bucket_producer_with_no_taskflow to None, run_after=None
[2026-05-28T07:00:53.649+0000] {processor.py:208} INFO - Processing /home/airflow/.local/lib/python3.12/site-packages/airflow/example_dags/example_dataset_alias_with_no_taskflow.py took 12.156 seconds
[2026-05-28T07:01:23.912+0000] {processor.py:186} INFO - Started process (PID=542) to work on /home/airflow/.local/lib/python3.12/site-packages/airflow/example_dags/example_dataset_alias_with_no_taskflow.py
[2026-05-28T07:01:23.915+0000] {processor.py:914} INFO - Processing file /home/airflow/.local/lib/python3.12/site-packages/airflow/example_dags/example_dataset_alias_with_no_taskflow.py for tasks to queue
[2026-05-28T07:01:23.924+0000] {logging_mixin.py:190} INFO - [2026-05-28T07:01:23.923+0000] {dagbag.py:588} INFO - Filling up the DagBag from /home/airflow/.local/lib/python3.12/site-packages/airflow/example_dags/example_dataset_alias_with_no_taskflow.py
[2026-05-28T07:01:37.052+0000] {processor.py:925} INFO - DAG(s) 'dataset_s3_bucket_producer_with_no_taskflow', 'dataset_alias_example_alias_producer_with_no_taskflow', 'dataset_s3_bucket_consumer_with_no_taskflow', 'dataset_alias_example_alias_consumer_with_no_taskflow' retrieved from /home/airflow/.local/lib/python3.12/site-packages/airflow/example_dags/example_dataset_alias_with_no_taskflow.py
[2026-05-28T07:01:37.098+0000] {logging_mixin.py:190} INFO - [2026-05-28T07:01:37.097+0000] {dag.py:3239} INFO - Sync 4 DAGs
[2026-05-28T07:01:37.143+0000] {logging_mixin.py:190} INFO - [2026-05-28T07:01:37.143+0000] {dag.py:4180} INFO - Setting next_dagrun for dataset_alias_example_alias_consumer_with_no_taskflow to None, run_after=None
[2026-05-28T07:01:37.150+0000] {logging_mixin.py:190} INFO - [2026-05-28T07:01:37.149+0000] {dag.py:4180} INFO - Setting next_dagrun for dataset_alias_example_alias_producer_with_no_taskflow to None, run_after=None
[2026-05-28T07:01:37.154+0000] {logging_mixin.py:190} INFO - [2026-05-28T07:01:37.153+0000] {dag.py:4180} INFO - Setting next_dagrun for dataset_s3_bucket_consumer_with_no_taskflow to None, run_after=None
[2026-05-28T07:01:37.157+0000] {logging_mixin.py:190} INFO - [2026-05-28T07:01:37.157+0000] {dag.py:4180} INFO - Setting next_dagrun for dataset_s3_bucket_producer_with_no_taskflow to None, run_after=None
[2026-05-28T07:01:37.201+0000] {processor.py:208} INFO - Processing /home/airflow/.local/lib/python3.12/site-packages/airflow/example_dags/example_dataset_alias_with_no_taskflow.py took 13.319 seconds
[2026-05-28T07:02:07.533+0000] {processor.py:186} INFO - Started process (PID=617) to work on /home/airflow/.local/lib/python3.12/site-packages/airflow/example_dags/example_dataset_alias_with_no_taskflow.py
[2026-05-28T07:02:07.536+0000] {processor.py:914} INFO - Processing file /home/airflow/.local/lib/python3.12/site-packages/airflow/example_dags/example_dataset_alias_with_no_taskflow.py for tasks to queue
[2026-05-28T07:02:07.541+0000] {logging_mixin.py:190} INFO - [2026-05-28T07:02:07.541+0000] {dagbag.py:588} INFO - Filling up the DagBag from /home/airflow/.local/lib/python3.12/site-packages/airflow/example_dags/example_dataset_alias_with_no_taskflow.py
[2026-05-28T07:02:18.869+0000] {processor.py:925} INFO - DAG(s) 'dataset_s3_bucket_consumer_with_no_taskflow', 'dataset_s3_bucket_producer_with_no_taskflow', 'dataset_alias_example_alias_producer_with_no_taskflow', 'dataset_alias_example_alias_consumer_with_no_taskflow' retrieved from /home/airflow/.local/lib/python3.12/site-packages/airflow/example_dags/example_dataset_alias_with_no_taskflow.py
[2026-05-28T07:02:18.916+0000] {logging_mixin.py:190} INFO - [2026-05-28T07:02:18.914+0000] {dag.py:3239} INFO - Sync 4 DAGs
[2026-05-28T07:02:18.954+0000] {logging_mixin.py:190} INFO - [2026-05-28T07:02:18.953+0000] {dag.py:4180} INFO - Setting next_dagrun for dataset_alias_example_alias_consumer_with_no_taskflow to None, run_after=None
[2026-05-28T07:02:18.959+0000] {logging_mixin.py:190} INFO - [2026-05-28T07:02:18.959+0000] {dag.py:4180} INFO - Setting next_dagrun for dataset_alias_example_alias_producer_with_no_taskflow to None, run_after=None
[2026-05-28T07:02:18.965+0000] {logging_mixin.py:190} INFO - [2026-05-28T07:02:18.964+0000] {dag.py:4180} INFO - Setting next_dagrun for dataset_s3_bucket_consumer_with_no_taskflow to None, run_after=None
[2026-05-28T07:02:18.969+0000] {logging_mixin.py:190} INFO - [2026-05-28T07:02:18.968+0000] {dag.py:4180} INFO - Setting next_dagrun for dataset_s3_bucket_producer_with_no_taskflow to None, run_after=None
[2026-05-28T07:02:19.017+0000] {processor.py:208} INFO - Processing /home/airflow/.local/lib/python3.12/site-packages/airflow/example_dags/example_dataset_alias_with_no_taskflow.py took 11.497 seconds
[2026-05-28T07:02:49.556+0000] {processor.py:186} INFO - Started process (PID=703) to work on /home/airflow/.local/lib/python3.12/site-packages/airflow/example_dags/example_dataset_alias_with_no_taskflow.py
[2026-05-28T07:02:49.558+0000] {processor.py:914} INFO - Processing file /home/airflow/.local/lib/python3.12/site-packages/airflow/example_dags/example_dataset_alias_with_no_taskflow.py for tasks to queue
[2026-05-28T07:02:49.562+0000] {logging_mixin.py:190} INFO - [2026-05-28T07:02:49.562+0000] {dagbag.py:588} INFO - Filling up the DagBag from /home/airflow/.local/lib/python3.12/site-packages/airflow/example_dags/example_dataset_alias_with_no_taskflow.py
[2026-05-28T07:03:02.979+0000] {processor.py:925} INFO - DAG(s) 'dataset_s3_bucket_producer_with_no_taskflow', 'dataset_alias_example_alias_producer_with_no_taskflow', 'dataset_s3_bucket_consumer_with_no_taskflow', 'dataset_alias_example_alias_consumer_with_no_taskflow' retrieved from /home/airflow/.local/lib/python3.12/site-packages/airflow/example_dags/example_dataset_alias_with_no_taskflow.py
[2026-05-28T07:03:03.027+0000] {logging_mixin.py:190} INFO - [2026-05-28T07:03:03.026+0000] {dag.py:3239} INFO - Sync 4 DAGs
[2026-05-28T07:03:03.074+0000] {logging_mixin.py:190} INFO - [2026-05-28T07:03:03.074+0000] {dag.py:4180} INFO - Setting next_dagrun for dataset_alias_example_alias_consumer_with_no_taskflow to None, run_after=None
[2026-05-28T07:03:03.081+0000] {logging_mixin.py:190} INFO - [2026-05-28T07:03:03.081+0000] {dag.py:4180} INFO - Setting next_dagrun for dataset_alias_example_alias_producer_with_no_taskflow to None, run_after=None
[2026-05-28T07:03:03.085+0000] {logging_mixin.py:190} INFO - [2026-05-28T07:03:03.084+0000] {dag.py:4180} INFO - Setting next_dagrun for dataset_s3_bucket_consumer_with_no_taskflow to None, run_after=None
[2026-05-28T07:03:03.088+0000] {logging_mixin.py:190} INFO - [2026-05-28T07:03:03.088+0000] {dag.py:4180} INFO - Setting next_dagrun for dataset_s3_bucket_producer_with_no_taskflow to None, run_after=None
[2026-05-28T07:03:03.144+0000] {processor.py:208} INFO - Processing /home/airflow/.local/lib/python3.12/site-packages/airflow/example_dags/example_dataset_alias_with_no_taskflow.py took 13.598 seconds
[2026-05-28T07:03:40.084+0000] {processor.py:186} INFO - Started process (PID=787) to work on /home/airflow/.local/lib/python3.12/site-packages/airflow/example_dags/example_dataset_alias_with_no_taskflow.py
[2026-05-28T07:03:40.087+0000] {processor.py:914} INFO - Processing file /home/airflow/.local/lib/python3.12/site-packages/airflow/example_dags/example_dataset_alias_with_no_taskflow.py for tasks to queue
[2026-05-28T07:03:40.095+0000] {logging_mixin.py:190} INFO - [2026-05-28T07:03:40.095+0000] {dagbag.py:588} INFO - Filling up the DagBag from /home/airflow/.local/lib/python3.12/site-packages/airflow/example_dags/example_dataset_alias_with_no_taskflow.py
[2026-05-28T07:03:52.845+0000] {processor.py:925} INFO - DAG(s) 'dataset_alias_example_alias_producer_with_no_taskflow', 'dataset_s3_bucket_producer_with_no_taskflow', 'dataset_s3_bucket_consumer_with_no_taskflow', 'dataset_alias_example_alias_consumer_with_no_taskflow' retrieved from /home/airflow/.local/lib/python3.12/site-packages/airflow/example_dags/example_dataset_alias_with_no_taskflow.py
[2026-05-28T07:03:52.887+0000] {logging_mixin.py:190} INFO - [2026-05-28T07:03:52.885+0000] {dag.py:3239} INFO - Sync 4 DAGs
[2026-05-28T07:03:52.916+0000] {logging_mixin.py:190} INFO - [2026-05-28T07:03:52.915+0000] {dag.py:4180} INFO - Setting next_dagrun for dataset_alias_example_alias_consumer_with_no_taskflow to None, run_after=None
[2026-05-28T07:03:52.921+0000] {logging_mixin.py:190} INFO - [2026-05-28T07:03:52.921+0000] {dag.py:4180} INFO - Setting next_dagrun for dataset_alias_example_alias_producer_with_no_taskflow to None, run_after=None
[2026-05-28T07:03:52.924+0000] {logging_mixin.py:190} INFO - [2026-05-28T07:03:52.924+0000] {dag.py:4180} INFO - Setting next_dagrun for dataset_s3_bucket_consumer_with_no_taskflow to None, run_after=None
[2026-05-28T07:03:52.927+0000] {logging_mixin.py:190} INFO - [2026-05-28T07:03:52.927+0000] {dag.py:4180} INFO - Setting next_dagrun for dataset_s3_bucket_producer_with_no_taskflow to None, run_after=None
[2026-05-28T07:03:52.971+0000] {processor.py:208} INFO - Processing /home/airflow/.local/lib/python3.12/site-packages/airflow/example_dags/example_dataset_alias_with_no_taskflow.py took 12.903 seconds
[2026-05-28T07:04:23.087+0000] {processor.py:186} INFO - Started process (PID=857) to work on /home/airflow/.local/lib/python3.12/site-packages/airflow/example_dags/example_dataset_alias_with_no_taskflow.py
[2026-05-28T07:04:23.089+0000] {processor.py:914} INFO - Processing file /home/airflow/.local/lib/python3.12/site-packages/airflow/example_dags/example_dataset_alias_with_no_taskflow.py for tasks to queue
[2026-05-28T07:04:23.094+0000] {logging_mixin.py:190} INFO - [2026-05-28T07:04:23.093+0000] {dagbag.py:588} INFO - Filling up the DagBag from /home/airflow/.local/lib/python3.12/site-packages/airflow/example_dags/example_dataset_alias_with_no_taskflow.py
[2026-05-28T07:04:35.294+0000] {processor.py:925} INFO - DAG(s) 'dataset_alias_example_alias_producer_with_no_taskflow', 'dataset_s3_bucket_consumer_with_no_taskflow', 'dataset_alias_example_alias_consumer_with_no_taskflow', 'dataset_s3_bucket_producer_with_no_taskflow' retrieved from /home/airflow/.local/lib/python3.12/site-packages/airflow/example_dags/example_dataset_alias_with_no_taskflow.py
[2026-05-28T07:04:35.339+0000] {logging_mixin.py:190} INFO - [2026-05-28T07:04:35.338+0000] {dag.py:3239} INFO - Sync 4 DAGs
[2026-05-28T07:04:35.373+0000] {logging_mixin.py:190} INFO - [2026-05-28T07:04:35.372+0000] {dag.py:4180} INFO - Setting next_dagrun for dataset_alias_example_alias_consumer_with_no_taskflow to None, run_after=None
[2026-05-28T07:04:35.378+0000] {logging_mixin.py:190} INFO - [2026-05-28T07:04:35.377+0000] {dag.py:4180} INFO - Setting next_dagrun for dataset_alias_example_alias_producer_with_no_taskflow to None, run_after=None
[2026-05-28T07:04:35.381+0000] {logging_mixin.py:190} INFO - [2026-05-28T07:04:35.380+0000] {dag.py:4180} INFO - Setting next_dagrun for dataset_s3_bucket_consumer_with_no_taskflow to None, run_after=None
[2026-05-28T07:04:35.384+0000] {logging_mixin.py:190} INFO - [2026-05-28T07:04:35.384+0000] {dag.py:4180} INFO - Setting next_dagrun for dataset_s3_bucket_producer_with_no_taskflow to None, run_after=None
[2026-05-28T07:04:35.423+0000] {processor.py:208} INFO - Processing /home/airflow/.local/lib/python3.12/site-packages/airflow/example_dags/example_dataset_alias_with_no_taskflow.py took 12.344 seconds
[2026-05-28T07:05:06.118+0000] {processor.py:186} INFO - Started process (PID=924) to work on /home/airflow/.local/lib/python3.12/site-packages/airflow/example_dags/example_dataset_alias_with_no_taskflow.py
[2026-05-28T07:05:06.120+0000] {processor.py:914} INFO - Processing file /home/airflow/.local/lib/python3.12/site-packages/airflow/example_dags/example_dataset_alias_with_no_taskflow.py for tasks to queue
[2026-05-28T07:05:06.125+0000] {logging_mixin.py:190} INFO - [2026-05-28T07:05:06.124+0000] {dagbag.py:588} INFO - Filling up the DagBag from /home/airflow/.local/lib/python3.12/site-packages/airflow/example_dags/example_dataset_alias_with_no_taskflow.py
[2026-05-28T07:05:17.256+0000] {processor.py:925} INFO - DAG(s) 'dataset_s3_bucket_consumer_with_no_taskflow', 'dataset_s3_bucket_producer_with_no_taskflow', 'dataset_alias_example_alias_consumer_with_no_taskflow', 'dataset_alias_example_alias_producer_with_no_taskflow' retrieved from /home/airflow/.local/lib/python3.12/site-packages/airflow/example_dags/example_dataset_alias_with_no_taskflow.py
[2026-05-28T07:05:17.295+0000] {logging_mixin.py:190} INFO - [2026-05-28T07:05:17.294+0000] {dag.py:3239} INFO - Sync 4 DAGs
[2026-05-28T07:05:17.332+0000] {logging_mixin.py:190} INFO - [2026-05-28T07:05:17.331+0000] {dag.py:4180} INFO - Setting next_dagrun for dataset_alias_example_alias_consumer_with_no_taskflow to None, run_after=None
[2026-05-28T07:05:17.339+0000] {logging_mixin.py:190} INFO - [2026-05-28T07:05:17.339+0000] {dag.py:4180} INFO - Setting next_dagrun for dataset_alias_example_alias_producer_with_no_taskflow to None, run_after=None
[2026-05-28T07:05:17.344+0000] {logging_mixin.py:190} INFO - [2026-05-28T07:05:17.343+0000] {dag.py:4180} INFO - Setting next_dagrun for dataset_s3_bucket_consumer_with_no_taskflow to None, run_after=None
[2026-05-28T07:05:17.350+0000] {logging_mixin.py:190} INFO - [2026-05-28T07:05:17.349+0000] {dag.py:4180} INFO - Setting next_dagrun for dataset_s3_bucket_producer_with_no_taskflow to None, run_after=None
[2026-05-28T07:05:17.396+0000] {processor.py:208} INFO - Processing /home/airflow/.local/lib/python3.12/site-packages/airflow/example_dags/example_dataset_alias_with_no_taskflow.py took 11.295 seconds
[2026-05-28T07:05:47.919+0000] {processor.py:186} INFO - Started process (PID=1011) to work on /home/airflow/.local/lib/python3.12/site-packages/airflow/example_dags/example_dataset_alias_with_no_taskflow.py
[2026-05-28T07:05:47.921+0000] {processor.py:914} INFO - Processing file /home/airflow/.local/lib/python3.12/site-packages/airflow/example_dags/example_dataset_alias_with_no_taskflow.py for tasks to queue
[2026-05-28T07:05:47.927+0000] {logging_mixin.py:190} INFO - [2026-05-28T07:05:47.926+0000] {dagbag.py:588} INFO - Filling up the DagBag from /home/airflow/.local/lib/python3.12/site-packages/airflow/example_dags/example_dataset_alias_with_no_taskflow.py
[2026-05-28T07:05:58.459+0000] {processor.py:925} INFO - DAG(s) 'dataset_alias_example_alias_producer_with_no_taskflow', 'dataset_s3_bucket_producer_with_no_taskflow', 'dataset_alias_example_alias_consumer_with_no_taskflow', 'dataset_s3_bucket_consumer_with_no_taskflow' retrieved from /home/airflow/.local/lib/python3.12/site-packages/airflow/example_dags/example_dataset_alias_with_no_taskflow.py
[2026-05-28T07:05:58.494+0000] {logging_mixin.py:190} INFO - [2026-05-28T07:05:58.493+0000] {dag.py:3239} INFO - Sync 4 DAGs
[2026-05-28T07:05:58.523+0000] {logging_mixin.py:190} INFO - [2026-05-28T07:05:58.522+0000] {dag.py:4180} INFO - Setting next_dagrun for dataset_alias_example_alias_consumer_with_no_taskflow to None, run_after=None
[2026-05-28T07:05:58.528+0000] {logging_mixin.py:190} INFO - [2026-05-28T07:05:58.528+0000] {dag.py:4180} INFO - Setting next_dagrun for dataset_alias_example_alias_producer_with_no_taskflow to None, run_after=None
[2026-05-28T07:05:58.531+0000] {logging_mixin.py:190} INFO - [2026-05-28T07:05:58.530+0000] {dag.py:4180} INFO - Setting next_dagrun for dataset_s3_bucket_consumer_with_no_taskflow to None, run_after=None
[2026-05-28T07:05:58.541+0000] {logging_mixin.py:190} INFO - [2026-05-28T07:05:58.541+0000] {dag.py:4180} INFO - Setting next_dagrun for dataset_s3_bucket_producer_with_no_taskflow to None, run_after=None
[2026-05-28T07:05:58.597+0000] {processor.py:208} INFO - Processing /home/airflow/.local/lib/python3.12/site-packages/airflow/example_dags/example_dataset_alias_with_no_taskflow.py took 10.688 seconds
[2026-05-28T07:06:29.228+0000] {processor.py:186} INFO - Started process (PID=1096) to work on /home/airflow/.local/lib/python3.12/site-packages/airflow/example_dags/example_dataset_alias_with_no_taskflow.py
[2026-05-28T07:06:29.230+0000] {processor.py:914} INFO - Processing file /home/airflow/.local/lib/python3.12/site-packages/airflow/example_dags/example_dataset_alias_with_no_taskflow.py for tasks to queue
[2026-05-28T07:06:29.236+0000] {logging_mixin.py:190} INFO - [2026-05-28T07:06:29.235+0000] {dagbag.py:588} INFO - Filling up the DagBag from /home/airflow/.local/lib/python3.12/site-packages/airflow/example_dags/example_dataset_alias_with_no_taskflow.py
[2026-05-28T07:06:41.415+0000] {processor.py:925} INFO - DAG(s) 'dataset_s3_bucket_consumer_with_no_taskflow', 'dataset_alias_example_alias_consumer_with_no_taskflow', 'dataset_alias_example_alias_producer_with_no_taskflow', 'dataset_s3_bucket_producer_with_no_taskflow' retrieved from /home/airflow/.local/lib/python3.12/site-packages/airflow/example_dags/example_dataset_alias_with_no_taskflow.py
[2026-05-28T07:06:41.456+0000] {logging_mixin.py:190} INFO - [2026-05-28T07:06:41.455+0000] {dag.py:3239} INFO - Sync 4 DAGs
[2026-05-28T07:06:41.488+0000] {logging_mixin.py:190} INFO - [2026-05-28T07:06:41.487+0000] {dag.py:4180} INFO - Setting next_dagrun for dataset_alias_example_alias_consumer_with_no_taskflow to None, run_after=None
[2026-05-28T07:06:41.496+0000] {logging_mixin.py:190} INFO - [2026-05-28T07:06:41.495+0000] {dag.py:4180} INFO - Setting next_dagrun for dataset_alias_example_alias_producer_with_no_taskflow to None, run_after=None
[2026-05-28T07:06:41.499+0000] {logging_mixin.py:190} INFO - [2026-05-28T07:06:41.499+0000] {dag.py:4180} INFO - Setting next_dagrun for dataset_s3_bucket_consumer_with_no_taskflow to None, run_after=None
[2026-05-28T07:06:41.502+0000] {logging_mixin.py:190} INFO - [2026-05-28T07:06:41.502+0000] {dag.py:4180} INFO - Setting next_dagrun for dataset_s3_bucket_producer_with_no_taskflow to None, run_after=None
[2026-05-28T07:06:41.545+0000] {processor.py:208} INFO - Processing /home/airflow/.local/lib/python3.12/site-packages/airflow/example_dags/example_dataset_alias_with_no_taskflow.py took 12.331 seconds
[2026-05-28T07:07:11.818+0000] {processor.py:186} INFO - Started process (PID=1167) to work on /home/airflow/.local/lib/python3.12/site-packages/airflow/example_dags/example_dataset_alias_with_no_taskflow.py
[2026-05-28T07:07:11.820+0000] {processor.py:914} INFO - Processing file /home/airflow/.local/lib/python3.12/site-packages/airflow/example_dags/example_dataset_alias_with_no_taskflow.py for tasks to queue
[2026-05-28T07:07:11.825+0000] {logging_mixin.py:190} INFO - [2026-05-28T07:07:11.825+0000] {dagbag.py:588} INFO - Filling up the DagBag from /home/airflow/.local/lib/python3.12/site-packages/airflow/example_dags/example_dataset_alias_with_no_taskflow.py
[2026-05-28T07:07:24.727+0000] {processor.py:925} INFO - DAG(s) 'dataset_alias_example_alias_producer_with_no_taskflow', 'dataset_alias_example_alias_consumer_with_no_taskflow', 'dataset_s3_bucket_consumer_with_no_taskflow', 'dataset_s3_bucket_producer_with_no_taskflow' retrieved from /home/airflow/.local/lib/python3.12/site-packages/airflow/example_dags/example_dataset_alias_with_no_taskflow.py
[2026-05-28T07:07:24.788+0000] {logging_mixin.py:190} INFO - [2026-05-28T07:07:24.786+0000] {dag.py:3239} INFO - Sync 4 DAGs
[2026-05-28T07:07:24.827+0000] {logging_mixin.py:190} INFO - [2026-05-28T07:07:24.826+0000] {dag.py:4180} INFO - Setting next_dagrun for dataset_alias_example_alias_consumer_with_no_taskflow to None, run_after=None
[2026-05-28T07:07:24.833+0000] {logging_mixin.py:190} INFO - [2026-05-28T07:07:24.832+0000] {dag.py:4180} INFO - Setting next_dagrun for dataset_alias_example_alias_producer_with_no_taskflow to None, run_after=None
[2026-05-28T07:07:24.836+0000] {logging_mixin.py:190} INFO - [2026-05-28T07:07:24.836+0000] {dag.py:4180} INFO - Setting next_dagrun for dataset_s3_bucket_consumer_with_no_taskflow to None, run_after=None
[2026-05-28T07:07:24.840+0000] {logging_mixin.py:190} INFO - [2026-05-28T07:07:24.839+0000] {dag.py:4180} INFO - Setting next_dagrun for dataset_s3_bucket_producer_with_no_taskflow to None, run_after=None
[2026-05-28T07:07:24.897+0000] {processor.py:208} INFO - Processing /home/airflow/.local/lib/python3.12/site-packages/airflow/example_dags/example_dataset_alias_with_no_taskflow.py took 13.090 seconds
[2026-05-28T07:07:55.157+0000] {processor.py:186} INFO - Started process (PID=1239) to work on /home/airflow/.local/lib/python3.12/site-packages/airflow/example_dags/example_dataset_alias_with_no_taskflow.py
[2026-05-28T07:07:55.160+0000] {processor.py:914} INFO - Processing file /home/airflow/.local/lib/python3.12/site-packages/airflow/example_dags/example_dataset_alias_with_no_taskflow.py for tasks to queue
[2026-05-28T07:07:55.170+0000] {logging_mixin.py:190} INFO - [2026-05-28T07:07:55.169+0000] {dagbag.py:588} INFO - Filling up the DagBag from /home/airflow/.local/lib/python3.12/site-packages/airflow/example_dags/example_dataset_alias_with_no_taskflow.py
[2026-05-28T07:08:07.992+0000] {processor.py:925} INFO - DAG(s) 'dataset_s3_bucket_consumer_with_no_taskflow', 'dataset_alias_example_alias_producer_with_no_taskflow', 'dataset_s3_bucket_producer_with_no_taskflow', 'dataset_alias_example_alias_consumer_with_no_taskflow' retrieved from /home/airflow/.local/lib/python3.12/site-packages/airflow/example_dags/example_dataset_alias_with_no_taskflow.py
[2026-05-28T07:08:08.037+0000] {logging_mixin.py:190} INFO - [2026-05-28T07:08:08.036+0000] {dag.py:3239} INFO - Sync 4 DAGs
[2026-05-28T07:08:08.071+0000] {logging_mixin.py:190} INFO - [2026-05-28T07:08:08.071+0000] {dag.py:4180} INFO - Setting next_dagrun for dataset_alias_example_alias_consumer_with_no_taskflow to None, run_after=None
[2026-05-28T07:08:08.076+0000] {logging_mixin.py:190} INFO - [2026-05-28T07:08:08.076+0000] {dag.py:4180} INFO - Setting next_dagrun for dataset_alias_example_alias_producer_with_no_taskflow to None, run_after=None
[2026-05-28T07:08:08.079+0000] {logging_mixin.py:190} INFO - [2026-05-28T07:08:08.079+0000] {dag.py:4180} INFO - Setting next_dagrun for dataset_s3_bucket_consumer_with_no_taskflow to None, run_after=None
[2026-05-28T07:08:08.083+0000] {logging_mixin.py:190} INFO - [2026-05-28T07:08:08.082+0000] {dag.py:4180} INFO - Setting next_dagrun for dataset_s3_bucket_producer_with_no_taskflow to None, run_after=None
[2026-05-28T07:08:08.121+0000] {processor.py:208} INFO - Processing /home/airflow/.local/lib/python3.12/site-packages/airflow/example_dags/example_dataset_alias_with_no_taskflow.py took 12.985 seconds
[2026-05-28T07:08:38.417+0000] {processor.py:186} INFO - Started process (PID=1319) to work on /home/airflow/.local/lib/python3.12/site-packages/airflow/example_dags/example_dataset_alias_with_no_taskflow.py
[2026-05-28T07:08:38.419+0000] {processor.py:914} INFO - Processing file /home/airflow/.local/lib/python3.12/site-packages/airflow/example_dags/example_dataset_alias_with_no_taskflow.py for tasks to queue
[2026-05-28T07:08:38.425+0000] {logging_mixin.py:190} INFO - [2026-05-28T07:08:38.424+0000] {dagbag.py:588} INFO - Filling up the DagBag from /home/airflow/.local/lib/python3.12/site-packages/airflow/example_dags/example_dataset_alias_with_no_taskflow.py
[2026-05-28T07:08:50.991+0000] {processor.py:925} INFO - DAG(s) 'dataset_s3_bucket_consumer_with_no_taskflow', 'dataset_s3_bucket_producer_with_no_taskflow', 'dataset_alias_example_alias_producer_with_no_taskflow', 'dataset_alias_example_alias_consumer_with_no_taskflow' retrieved from /home/airflow/.local/lib/python3.12/site-packages/airflow/example_dags/example_dataset_alias_with_no_taskflow.py
[2026-05-28T07:08:51.039+0000] {logging_mixin.py:190} INFO - [2026-05-28T07:08:51.037+0000] {dag.py:3239} INFO - Sync 4 DAGs
[2026-05-28T07:08:51.078+0000] {logging_mixin.py:190} INFO - [2026-05-28T07:08:51.078+0000] {dag.py:4180} INFO - Setting next_dagrun for dataset_alias_example_alias_consumer_with_no_taskflow to None, run_after=None
[2026-05-28T07:08:51.087+0000] {logging_mixin.py:190} INFO - [2026-05-28T07:08:51.086+0000] {dag.py:4180} INFO - Setting next_dagrun for dataset_alias_example_alias_producer_with_no_taskflow to None, run_after=None
[2026-05-28T07:08:51.091+0000] {logging_mixin.py:190} INFO - [2026-05-28T07:08:51.090+0000] {dag.py:4180} INFO - Setting next_dagrun for dataset_s3_bucket_consumer_with_no_taskflow to None, run_after=None
[2026-05-28T07:08:51.094+0000] {logging_mixin.py:190} INFO - [2026-05-28T07:08:51.094+0000] {dag.py:4180} INFO - Setting next_dagrun for dataset_s3_bucket_producer_with_no_taskflow to None, run_after=None
[2026-05-28T07:08:51.146+0000] {processor.py:208} INFO - Processing /home/airflow/.local/lib/python3.12/site-packages/airflow/example_dags/example_dataset_alias_with_no_taskflow.py took 12.738 seconds
[2026-05-28T07:09:21.325+0000] {processor.py:186} INFO - Started process (PID=1403) to work on /home/airflow/.local/lib/python3.12/site-packages/airflow/example_dags/example_dataset_alias_with_no_taskflow.py
[2026-05-28T07:09:21.326+0000] {processor.py:914} INFO - Processing file /home/airflow/.local/lib/python3.12/site-packages/airflow/example_dags/example_dataset_alias_with_no_taskflow.py for tasks to queue
[2026-05-28T07:09:21.330+0000] {logging_mixin.py:190} INFO - [2026-05-28T07:09:21.330+0000] {dagbag.py:588} INFO - Filling up the DagBag from /home/airflow/.local/lib/python3.12/site-packages/airflow/example_dags/example_dataset_alias_with_no_taskflow.py
[2026-05-28T07:09:31.890+0000] {processor.py:925} INFO - DAG(s) 'dataset_s3_bucket_consumer_with_no_taskflow', 'dataset_s3_bucket_producer_with_no_taskflow', 'dataset_alias_example_alias_consumer_with_no_taskflow', 'dataset_alias_example_alias_producer_with_no_taskflow' retrieved from /home/airflow/.local/lib/python3.12/site-packages/airflow/example_dags/example_dataset_alias_with_no_taskflow.py
[2026-05-28T07:09:31.928+0000] {logging_mixin.py:190} INFO - [2026-05-28T07:09:31.927+0000] {dag.py:3239} INFO - Sync 4 DAGs
[2026-05-28T07:09:31.959+0000] {logging_mixin.py:190} INFO - [2026-05-28T07:09:31.959+0000] {dag.py:4180} INFO - Setting next_dagrun for dataset_alias_example_alias_consumer_with_no_taskflow to None, run_after=None
[2026-05-28T07:09:31.964+0000] {logging_mixin.py:190} INFO - [2026-05-28T07:09:31.964+0000] {dag.py:4180} INFO - Setting next_dagrun for dataset_alias_example_alias_producer_with_no_taskflow to None, run_after=None
[2026-05-28T07:09:31.967+0000] {logging_mixin.py:190} INFO - [2026-05-28T07:09:31.967+0000] {dag.py:4180} INFO - Setting next_dagrun for dataset_s3_bucket_consumer_with_no_taskflow to None, run_after=None
[2026-05-28T07:09:31.970+0000] {logging_mixin.py:190} INFO - [2026-05-28T07:09:31.970+0000] {dag.py:4180} INFO - Setting next_dagrun for dataset_s3_bucket_producer_with_no_taskflow to None, run_after=None
[2026-05-28T07:09:32.007+0000] {processor.py:208} INFO - Processing /home/airflow/.local/lib/python3.12/site-packages/airflow/example_dags/example_dataset_alias_with_no_taskflow.py took 10.691 seconds
[2026-05-28T07:10:02.150+0000] {processor.py:186} INFO - Started process (PID=1476) to work on /home/airflow/.local/lib/python3.12/site-packages/airflow/example_dags/example_dataset_alias_with_no_taskflow.py
[2026-05-28T07:10:02.152+0000] {processor.py:914} INFO - Processing file /home/airflow/.local/lib/python3.12/site-packages/airflow/example_dags/example_dataset_alias_with_no_taskflow.py for tasks to queue
[2026-05-28T07:10:02.159+0000] {logging_mixin.py:190} INFO - [2026-05-28T07:10:02.158+0000] {dagbag.py:588} INFO - Filling up the DagBag from /home/airflow/.local/lib/python3.12/site-packages/airflow/example_dags/example_dataset_alias_with_no_taskflow.py
[2026-05-28T07:10:13.146+0000] {processor.py:925} INFO - DAG(s) 'dataset_s3_bucket_consumer_with_no_taskflow', 'dataset_alias_example_alias_producer_with_no_taskflow', 'dataset_alias_example_alias_consumer_with_no_taskflow', 'dataset_s3_bucket_producer_with_no_taskflow' retrieved from /home/airflow/.local/lib/python3.12/site-packages/airflow/example_dags/example_dataset_alias_with_no_taskflow.py
[2026-05-28T07:10:13.188+0000] {logging_mixin.py:190} INFO - [2026-05-28T07:10:13.187+0000] {dag.py:3239} INFO - Sync 4 DAGs
[2026-05-28T07:10:13.230+0000] {logging_mixin.py:190} INFO - [2026-05-28T07:10:13.229+0000] {dag.py:4180} INFO - Setting next_dagrun for dataset_alias_example_alias_consumer_with_no_taskflow to None, run_after=None
[2026-05-28T07:10:13.236+0000] {logging_mixin.py:190} INFO - [2026-05-28T07:10:13.236+0000] {dag.py:4180} INFO - Setting next_dagrun for dataset_alias_example_alias_producer_with_no_taskflow to None, run_after=None
[2026-05-28T07:10:13.241+0000] {logging_mixin.py:190} INFO - [2026-05-28T07:10:13.240+0000] {dag.py:4180} INFO - Setting next_dagrun for dataset_s3_bucket_consumer_with_no_taskflow to None, run_after=None
[2026-05-28T07:10:13.244+0000] {logging_mixin.py:190} INFO - [2026-05-28T07:10:13.244+0000] {dag.py:4180} INFO - Setting next_dagrun for dataset_s3_bucket_producer_with_no_taskflow to None, run_after=None
[2026-05-28T07:10:13.297+0000] {processor.py:208} INFO - Processing /home/airflow/.local/lib/python3.12/site-packages/airflow/example_dags/example_dataset_alias_with_no_taskflow.py took 11.159 seconds
[2026-05-28T07:10:43.633+0000] {processor.py:186} INFO - Started process (PID=1540) to work on /home/airflow/.local/lib/python3.12/site-packages/airflow/example_dags/example_dataset_alias_with_no_taskflow.py
[2026-05-28T07:10:43.636+0000] {processor.py:914} INFO - Processing file /home/airflow/.local/lib/python3.12/site-packages/airflow/example_dags/example_dataset_alias_with_no_taskflow.py for tasks to queue
[2026-05-28T07:10:43.643+0000] {logging_mixin.py:190} INFO - [2026-05-28T07:10:43.642+0000] {dagbag.py:588} INFO - Filling up the DagBag from /home/airflow/.local/lib/python3.12/site-packages/airflow/example_dags/example_dataset_alias_with_no_taskflow.py
[2026-05-28T07:10:55.371+0000] {processor.py:925} INFO - DAG(s) 'dataset_s3_bucket_consumer_with_no_taskflow', 'dataset_s3_bucket_producer_with_no_taskflow', 'dataset_alias_example_alias_consumer_with_no_taskflow', 'dataset_alias_example_alias_producer_with_no_taskflow' retrieved from /home/airflow/.local/lib/python3.12/site-packages/airflow/example_dags/example_dataset_alias_with_no_taskflow.py
[2026-05-28T07:10:55.435+0000] {logging_mixin.py:190} INFO - [2026-05-28T07:10:55.433+0000] {dag.py:3239} INFO - Sync 4 DAGs
[2026-05-28T07:10:55.498+0000] {logging_mixin.py:190} INFO - [2026-05-28T07:10:55.497+0000] {dag.py:4180} INFO - Setting next_dagrun for dataset_alias_example_alias_consumer_with_no_taskflow to None, run_after=None
[2026-05-28T07:10:55.509+0000] {logging_mixin.py:190} INFO - [2026-05-28T07:10:55.508+0000] {dag.py:4180} INFO - Setting next_dagrun for dataset_alias_example_alias_producer_with_no_taskflow to None, run_after=None
[2026-05-28T07:10:55.514+0000] {logging_mixin.py:190} INFO - [2026-05-28T07:10:55.513+0000] {dag.py:4180} INFO - Setting next_dagrun for dataset_s3_bucket_consumer_with_no_taskflow to None, run_after=None
[2026-05-28T07:10:55.519+0000] {logging_mixin.py:190} INFO - [2026-05-28T07:10:55.518+0000] {dag.py:4180} INFO - Setting next_dagrun for dataset_s3_bucket_producer_with_no_taskflow to None, run_after=None
[2026-05-28T07:10:55.614+0000] {processor.py:208} INFO - Processing /home/airflow/.local/lib/python3.12/site-packages/airflow/example_dags/example_dataset_alias_with_no_taskflow.py took 11.992 seconds
[2026-05-28T07:11:26.058+0000] {processor.py:186} INFO - Started process (PID=1614) to work on /home/airflow/.local/lib/python3.12/site-packages/airflow/example_dags/example_dataset_alias_with_no_taskflow.py
[2026-05-28T07:11:26.060+0000] {processor.py:914} INFO - Processing file /home/airflow/.local/lib/python3.12/site-packages/airflow/example_dags/example_dataset_alias_with_no_taskflow.py for tasks to queue
[2026-05-28T07:11:26.065+0000] {logging_mixin.py:190} INFO - [2026-05-28T07:11:26.064+0000] {dagbag.py:588} INFO - Filling up the DagBag from /home/airflow/.local/lib/python3.12/site-packages/airflow/example_dags/example_dataset_alias_with_no_taskflow.py
[2026-05-28T07:11:37.568+0000] {processor.py:925} INFO - DAG(s) 'dataset_s3_bucket_consumer_with_no_taskflow', 'dataset_alias_example_alias_consumer_with_no_taskflow', 'dataset_s3_bucket_producer_with_no_taskflow', 'dataset_alias_example_alias_producer_with_no_taskflow' retrieved from /home/airflow/.local/lib/python3.12/site-packages/airflow/example_dags/example_dataset_alias_with_no_taskflow.py
[2026-05-28T07:11:37.635+0000] {logging_mixin.py:190} INFO - [2026-05-28T07:11:37.633+0000] {dag.py:3239} INFO - Sync 4 DAGs
[2026-05-28T07:11:37.704+0000] {logging_mixin.py:190} INFO - [2026-05-28T07:11:37.703+0000] {dag.py:4180} INFO - Setting next_dagrun for dataset_alias_example_alias_consumer_with_no_taskflow to None, run_after=None
[2026-05-28T07:11:37.709+0000] {logging_mixin.py:190} INFO - [2026-05-28T07:11:37.709+0000] {dag.py:4180} INFO - Setting next_dagrun for dataset_alias_example_alias_producer_with_no_taskflow to None, run_after=None
[2026-05-28T07:11:37.713+0000] {logging_mixin.py:190} INFO - [2026-05-28T07:11:37.713+0000] {dag.py:4180} INFO - Setting next_dagrun for dataset_s3_bucket_consumer_with_no_taskflow to None, run_after=None
[2026-05-28T07:11:37.717+0000] {logging_mixin.py:190} INFO - [2026-05-28T07:11:37.717+0000] {dag.py:4180} INFO - Setting next_dagrun for dataset_s3_bucket_producer_with_no_taskflow to None, run_after=None
[2026-05-28T07:11:37.786+0000] {processor.py:208} INFO - Processing /home/airflow/.local/lib/python3.12/site-packages/airflow/example_dags/example_dataset_alias_with_no_taskflow.py took 11.741 seconds
[2026-05-28T07:12:08.103+0000] {processor.py:186} INFO - Started process (PID=1679) to work on /home/airflow/.local/lib/python3.12/site-packages/airflow/example_dags/example_dataset_alias_with_no_taskflow.py
[2026-05-28T07:12:08.105+0000] {processor.py:914} INFO - Processing file /home/airflow/.local/lib/python3.12/site-packages/airflow/example_dags/example_dataset_alias_with_no_taskflow.py for tasks to queue
[2026-05-28T07:12:08.119+0000] {logging_mixin.py:190} INFO - [2026-05-28T07:12:08.118+0000] {dagbag.py:588} INFO - Filling up the DagBag from /home/airflow/.local/lib/python3.12/site-packages/airflow/example_dags/example_dataset_alias_with_no_taskflow.py
[2026-05-28T07:12:19.474+0000] {processor.py:925} INFO - DAG(s) 'dataset_alias_example_alias_producer_with_no_taskflow', 'dataset_s3_bucket_consumer_with_no_taskflow', 'dataset_alias_example_alias_consumer_with_no_taskflow', 'dataset_s3_bucket_producer_with_no_taskflow' retrieved from /home/airflow/.local/lib/python3.12/site-packages/airflow/example_dags/example_dataset_alias_with_no_taskflow.py
[2026-05-28T07:12:19.514+0000] {logging_mixin.py:190} INFO - [2026-05-28T07:12:19.513+0000] {dag.py:3239} INFO - Sync 4 DAGs
[2026-05-28T07:12:19.551+0000] {logging_mixin.py:190} INFO - [2026-05-28T07:12:19.550+0000] {dag.py:4180} INFO - Setting next_dagrun for dataset_alias_example_alias_consumer_with_no_taskflow to None, run_after=None
[2026-05-28T07:12:19.556+0000] {logging_mixin.py:190} INFO - [2026-05-28T07:12:19.556+0000] {dag.py:4180} INFO - Setting next_dagrun for dataset_alias_example_alias_producer_with_no_taskflow to None, run_after=None
[2026-05-28T07:12:19.559+0000] {logging_mixin.py:190} INFO - [2026-05-28T07:12:19.559+0000] {dag.py:4180} INFO - Setting next_dagrun for dataset_s3_bucket_consumer_with_no_taskflow to None, run_after=None
[2026-05-28T07:12:19.563+0000] {logging_mixin.py:190} INFO - [2026-05-28T07:12:19.562+0000] {dag.py:4180} INFO - Setting next_dagrun for dataset_s3_bucket_producer_with_no_taskflow to None, run_after=None
[2026-05-28T07:12:19.616+0000] {processor.py:208} INFO - Processing /home/airflow/.local/lib/python3.12/site-packages/airflow/example_dags/example_dataset_alias_with_no_taskflow.py took 11.537 seconds
[2026-05-28T07:12:51.704+0000] {processor.py:186} INFO - Started process (PID=1771) to work on /home/airflow/.local/lib/python3.12/site-packages/airflow/example_dags/example_dataset_alias_with_no_taskflow.py
[2026-05-28T07:12:51.707+0000] {processor.py:914} INFO - Processing file /home/airflow/.local/lib/python3.12/site-packages/airflow/example_dags/example_dataset_alias_with_no_taskflow.py for tasks to queue
[2026-05-28T07:12:51.711+0000] {logging_mixin.py:190} INFO - [2026-05-28T07:12:51.710+0000] {dagbag.py:588} INFO - Filling up the DagBag from /home/airflow/.local/lib/python3.12/site-packages/airflow/example_dags/example_dataset_alias_with_no_taskflow.py
[2026-05-28T07:13:04.451+0000] {processor.py:925} INFO - DAG(s) 'dataset_alias_example_alias_producer_with_no_taskflow', 'dataset_alias_example_alias_consumer_with_no_taskflow', 'dataset_s3_bucket_producer_with_no_taskflow', 'dataset_s3_bucket_consumer_with_no_taskflow' retrieved from /home/airflow/.local/lib/python3.12/site-packages/airflow/example_dags/example_dataset_alias_with_no_taskflow.py
[2026-05-28T07:13:04.492+0000] {logging_mixin.py:190} INFO - [2026-05-28T07:13:04.491+0000] {dag.py:3239} INFO - Sync 4 DAGs
[2026-05-28T07:13:04.525+0000] {logging_mixin.py:190} INFO - [2026-05-28T07:13:04.525+0000] {dag.py:4180} INFO - Setting next_dagrun for dataset_alias_example_alias_consumer_with_no_taskflow to None, run_after=None
[2026-05-28T07:13:04.530+0000] {logging_mixin.py:190} INFO - [2026-05-28T07:13:04.530+0000] {dag.py:4180} INFO - Setting next_dagrun for dataset_alias_example_alias_producer_with_no_taskflow to None, run_after=None
[2026-05-28T07:13:04.533+0000] {logging_mixin.py:190} INFO - [2026-05-28T07:13:04.533+0000] {dag.py:4180} INFO - Setting next_dagrun for dataset_s3_bucket_consumer_with_no_taskflow to None, run_after=None
[2026-05-28T07:13:04.536+0000] {logging_mixin.py:190} INFO - [2026-05-28T07:13:04.536+0000] {dag.py:4180} INFO - Setting next_dagrun for dataset_s3_bucket_producer_with_no_taskflow to None, run_after=None
[2026-05-28T07:13:04.578+0000] {processor.py:208} INFO - Processing /home/airflow/.local/lib/python3.12/site-packages/airflow/example_dags/example_dataset_alias_with_no_taskflow.py took 12.886 seconds
[2026-05-28T07:23:05.694+0000] {processor.py:186} INFO - Started process (PID=103) to work on /home/airflow/.local/lib/python3.12/site-packages/airflow/example_dags/example_dataset_alias_with_no_taskflow.py
[2026-05-28T07:23:05.698+0000] {processor.py:914} INFO - Processing file /home/airflow/.local/lib/python3.12/site-packages/airflow/example_dags/example_dataset_alias_with_no_taskflow.py for tasks to queue
[2026-05-28T07:23:05.704+0000] {logging_mixin.py:190} INFO - [2026-05-28T07:23:05.703+0000] {dagbag.py:588} INFO - Filling up the DagBag from /home/airflow/.local/lib/python3.12/site-packages/airflow/example_dags/example_dataset_alias_with_no_taskflow.py
[2026-05-28T07:23:19.689+0000] {processor.py:925} INFO - DAG(s) 'dataset_s3_bucket_consumer_with_no_taskflow', 'dataset_alias_example_alias_producer_with_no_taskflow', 'dataset_s3_bucket_producer_with_no_taskflow', 'dataset_alias_example_alias_consumer_with_no_taskflow' retrieved from /home/airflow/.local/lib/python3.12/site-packages/airflow/example_dags/example_dataset_alias_with_no_taskflow.py
[2026-05-28T07:23:19.838+0000] {logging_mixin.py:190} INFO - [2026-05-28T07:23:19.837+0000] {override.py:1932} INFO - Created Permission View: can delete on DAG:dataset_s3_bucket_consumer_with_no_taskflow
[2026-05-28T07:23:19.857+0000] {logging_mixin.py:190} INFO - [2026-05-28T07:23:19.857+0000] {override.py:1932} INFO - Created Permission View: can read on DAG:dataset_s3_bucket_consumer_with_no_taskflow
[2026-05-28T07:23:19.874+0000] {logging_mixin.py:190} INFO - [2026-05-28T07:23:19.873+0000] {override.py:1932} INFO - Created Permission View: can edit on DAG:dataset_s3_bucket_consumer_with_no_taskflow
[2026-05-28T07:23:19.892+0000] {logging_mixin.py:190} INFO - [2026-05-28T07:23:19.892+0000] {override.py:1932} INFO - Created Permission View: can create on DAG Run:dataset_s3_bucket_consumer_with_no_taskflow
[2026-05-28T07:23:19.909+0000] {logging_mixin.py:190} INFO - [2026-05-28T07:23:19.908+0000] {override.py:1932} INFO - Created Permission View: can read on DAG Run:dataset_s3_bucket_consumer_with_no_taskflow
[2026-05-28T07:23:19.925+0000] {logging_mixin.py:190} INFO - [2026-05-28T07:23:19.924+0000] {override.py:1932} INFO - Created Permission View: can delete on DAG Run:dataset_s3_bucket_consumer_with_no_taskflow
[2026-05-28T07:23:19.939+0000] {logging_mixin.py:190} INFO - [2026-05-28T07:23:19.939+0000] {override.py:1932} INFO - Created Permission View: menu access on DAG Run:dataset_s3_bucket_consumer_with_no_taskflow
[2026-05-28T07:23:19.973+0000] {logging_mixin.py:190} INFO - [2026-05-28T07:23:19.973+0000] {override.py:1932} INFO - Created Permission View: can delete on DAG:dataset_alias_example_alias_producer_with_no_taskflow
[2026-05-28T07:23:19.989+0000] {logging_mixin.py:190} INFO - [2026-05-28T07:23:19.988+0000] {override.py:1932} INFO - Created Permission View: can read on DAG:dataset_alias_example_alias_producer_with_no_taskflow
[2026-05-28T07:23:20.009+0000] {logging_mixin.py:190} INFO - [2026-05-28T07:23:20.009+0000] {override.py:1932} INFO - Created Permission View: can edit on DAG:dataset_alias_example_alias_producer_with_no_taskflow
[2026-05-28T07:23:20.027+0000] {logging_mixin.py:190} INFO - [2026-05-28T07:23:20.026+0000] {override.py:1932} INFO - Created Permission View: can create on DAG Run:dataset_alias_example_alias_producer_with_no_taskflow
[2026-05-28T07:23:20.041+0000] {logging_mixin.py:190} INFO - [2026-05-28T07:23:20.040+0000] {override.py:1932} INFO - Created Permission View: can read on DAG Run:dataset_alias_example_alias_producer_with_no_taskflow
[2026-05-28T07:23:20.056+0000] {logging_mixin.py:190} INFO - [2026-05-28T07:23:20.056+0000] {override.py:1932} INFO - Created Permission View: can delete on DAG Run:dataset_alias_example_alias_producer_with_no_taskflow
[2026-05-28T07:23:20.072+0000] {logging_mixin.py:190} INFO - [2026-05-28T07:23:20.071+0000] {override.py:1932} INFO - Created Permission View: menu access on DAG Run:dataset_alias_example_alias_producer_with_no_taskflow
[2026-05-28T07:23:20.099+0000] {logging_mixin.py:190} INFO - [2026-05-28T07:23:20.099+0000] {override.py:1932} INFO - Created Permission View: can delete on DAG:dataset_s3_bucket_producer_with_no_taskflow
[2026-05-28T07:23:20.117+0000] {logging_mixin.py:190} INFO - [2026-05-28T07:23:20.116+0000] {override.py:1932} INFO - Created Permission View: can read on DAG:dataset_s3_bucket_producer_with_no_taskflow
[2026-05-28T07:23:20.131+0000] {logging_mixin.py:190} INFO - [2026-05-28T07:23:20.130+0000] {override.py:1932} INFO - Created Permission View: can edit on DAG:dataset_s3_bucket_producer_with_no_taskflow
[2026-05-28T07:23:20.148+0000] {logging_mixin.py:190} INFO - [2026-05-28T07:23:20.147+0000] {override.py:1932} INFO - Created Permission View: can create on DAG Run:dataset_s3_bucket_producer_with_no_taskflow
[2026-05-28T07:23:20.164+0000] {logging_mixin.py:190} INFO - [2026-05-28T07:23:20.163+0000] {override.py:1932} INFO - Created Permission View: can read on DAG Run:dataset_s3_bucket_producer_with_no_taskflow
[2026-05-28T07:23:20.179+0000] {logging_mixin.py:190} INFO - [2026-05-28T07:23:20.179+0000] {override.py:1932} INFO - Created Permission View: can delete on DAG Run:dataset_s3_bucket_producer_with_no_taskflow
[2026-05-28T07:23:20.198+0000] {logging_mixin.py:190} INFO - [2026-05-28T07:23:20.197+0000] {override.py:1932} INFO - Created Permission View: menu access on DAG Run:dataset_s3_bucket_producer_with_no_taskflow
[2026-05-28T07:23:20.223+0000] {logging_mixin.py:190} INFO - [2026-05-28T07:23:20.222+0000] {override.py:1932} INFO - Created Permission View: can delete on DAG:dataset_alias_example_alias_consumer_with_no_taskflow
[2026-05-28T07:23:20.238+0000] {logging_mixin.py:190} INFO - [2026-05-28T07:23:20.237+0000] {override.py:1932} INFO - Created Permission View: can read on DAG:dataset_alias_example_alias_consumer_with_no_taskflow
[2026-05-28T07:23:20.255+0000] {logging_mixin.py:190} INFO - [2026-05-28T07:23:20.254+0000] {override.py:1932} INFO - Created Permission View: can edit on DAG:dataset_alias_example_alias_consumer_with_no_taskflow
[2026-05-28T07:23:20.277+0000] {logging_mixin.py:190} INFO - [2026-05-28T07:23:20.276+0000] {override.py:1932} INFO - Created Permission View: can create on DAG Run:dataset_alias_example_alias_consumer_with_no_taskflow
[2026-05-28T07:23:20.294+0000] {logging_mixin.py:190} INFO - [2026-05-28T07:23:20.293+0000] {override.py:1932} INFO - Created Permission View: can read on DAG Run:dataset_alias_example_alias_consumer_with_no_taskflow
[2026-05-28T07:23:20.308+0000] {logging_mixin.py:190} INFO - [2026-05-28T07:23:20.308+0000] {override.py:1932} INFO - Created Permission View: can delete on DAG Run:dataset_alias_example_alias_consumer_with_no_taskflow
[2026-05-28T07:23:20.325+0000] {logging_mixin.py:190} INFO - [2026-05-28T07:23:20.324+0000] {override.py:1932} INFO - Created Permission View: menu access on DAG Run:dataset_alias_example_alias_consumer_with_no_taskflow
[2026-05-28T07:23:20.327+0000] {logging_mixin.py:190} INFO - [2026-05-28T07:23:20.326+0000] {dag.py:3239} INFO - Sync 4 DAGs
[2026-05-28T07:23:20.348+0000] {logging_mixin.py:190} INFO - [2026-05-28T07:23:20.347+0000] {dag.py:3262} INFO - Creating ORM DAG for dataset_s3_bucket_producer_with_no_taskflow
[2026-05-28T07:23:20.350+0000] {logging_mixin.py:190} INFO - [2026-05-28T07:23:20.349+0000] {dag.py:3262} INFO - Creating ORM DAG for dataset_alias_example_alias_consumer_with_no_taskflow
[2026-05-28T07:23:20.351+0000] {logging_mixin.py:190} INFO - [2026-05-28T07:23:20.351+0000] {dag.py:3262} INFO - Creating ORM DAG for dataset_s3_bucket_consumer_with_no_taskflow
[2026-05-28T07:23:20.353+0000] {logging_mixin.py:190} INFO - [2026-05-28T07:23:20.353+0000] {dag.py:3262} INFO - Creating ORM DAG for dataset_alias_example_alias_producer_with_no_taskflow
[2026-05-28T07:23:20.367+0000] {logging_mixin.py:190} INFO - [2026-05-28T07:23:20.366+0000] {dag.py:4180} INFO - Setting next_dagrun for dataset_alias_example_alias_consumer_with_no_taskflow to None, run_after=None
[2026-05-28T07:23:20.369+0000] {logging_mixin.py:190} INFO - [2026-05-28T07:23:20.368+0000] {dag.py:4180} INFO - Setting next_dagrun for dataset_alias_example_alias_producer_with_no_taskflow to None, run_after=None
[2026-05-28T07:23:20.370+0000] {logging_mixin.py:190} INFO - [2026-05-28T07:23:20.370+0000] {dag.py:4180} INFO - Setting next_dagrun for dataset_s3_bucket_consumer_with_no_taskflow to None, run_after=None
[2026-05-28T07:23:20.374+0000] {logging_mixin.py:190} INFO - [2026-05-28T07:23:20.374+0000] {dag.py:4180} INFO - Setting next_dagrun for dataset_s3_bucket_producer_with_no_taskflow to None, run_after=None
[2026-05-28T07:23:20.430+0000] {processor.py:208} INFO - Processing /home/airflow/.local/lib/python3.12/site-packages/airflow/example_dags/example_dataset_alias_with_no_taskflow.py took 14.754 seconds
[2026-05-28T07:23:51.281+0000] {processor.py:186} INFO - Started process (PID=172) to work on /home/airflow/.local/lib/python3.12/site-packages/airflow/example_dags/example_dataset_alias_with_no_taskflow.py
[2026-05-28T07:23:51.284+0000] {processor.py:914} INFO - Processing file /home/airflow/.local/lib/python3.12/site-packages/airflow/example_dags/example_dataset_alias_with_no_taskflow.py for tasks to queue
[2026-05-28T07:23:51.290+0000] {logging_mixin.py:190} INFO - [2026-05-28T07:23:51.289+0000] {dagbag.py:588} INFO - Filling up the DagBag from /home/airflow/.local/lib/python3.12/site-packages/airflow/example_dags/example_dataset_alias_with_no_taskflow.py
[2026-05-28T07:24:02.549+0000] {processor.py:925} INFO - DAG(s) 'dataset_alias_example_alias_producer_with_no_taskflow', 'dataset_s3_bucket_consumer_with_no_taskflow', 'dataset_s3_bucket_producer_with_no_taskflow', 'dataset_alias_example_alias_consumer_with_no_taskflow' retrieved from /home/airflow/.local/lib/python3.12/site-packages/airflow/example_dags/example_dataset_alias_with_no_taskflow.py
[2026-05-28T07:24:02.585+0000] {logging_mixin.py:190} INFO - [2026-05-28T07:24:02.584+0000] {dag.py:3239} INFO - Sync 4 DAGs
[2026-05-28T07:24:02.615+0000] {logging_mixin.py:190} INFO - [2026-05-28T07:24:02.614+0000] {dag.py:4180} INFO - Setting next_dagrun for dataset_alias_example_alias_consumer_with_no_taskflow to None, run_after=None
[2026-05-28T07:24:02.619+0000] {logging_mixin.py:190} INFO - [2026-05-28T07:24:02.619+0000] {dag.py:4180} INFO - Setting next_dagrun for dataset_alias_example_alias_producer_with_no_taskflow to None, run_after=None
[2026-05-28T07:24:02.622+0000] {logging_mixin.py:190} INFO - [2026-05-28T07:24:02.622+0000] {dag.py:4180} INFO - Setting next_dagrun for dataset_s3_bucket_consumer_with_no_taskflow to None, run_after=None
[2026-05-28T07:24:02.625+0000] {logging_mixin.py:190} INFO - [2026-05-28T07:24:02.625+0000] {dag.py:4180} INFO - Setting next_dagrun for dataset_s3_bucket_producer_with_no_taskflow to None, run_after=None
[2026-05-28T07:24:02.680+0000] {processor.py:208} INFO - Processing /home/airflow/.local/lib/python3.12/site-packages/airflow/example_dags/example_dataset_alias_with_no_taskflow.py took 11.418 seconds
[2026-05-28T07:24:32.887+0000] {processor.py:186} INFO - Started process (PID=247) to work on /home/airflow/.local/lib/python3.12/site-packages/airflow/example_dags/example_dataset_alias_with_no_taskflow.py
[2026-05-28T07:24:32.889+0000] {processor.py:914} INFO - Processing file /home/airflow/.local/lib/python3.12/site-packages/airflow/example_dags/example_dataset_alias_with_no_taskflow.py for tasks to queue
[2026-05-28T07:24:32.894+0000] {logging_mixin.py:190} INFO - [2026-05-28T07:24:32.894+0000] {dagbag.py:588} INFO - Filling up the DagBag from /home/airflow/.local/lib/python3.12/site-packages/airflow/example_dags/example_dataset_alias_with_no_taskflow.py
[2026-05-28T07:24:43.789+0000] {processor.py:925} INFO - DAG(s) 'dataset_s3_bucket_consumer_with_no_taskflow', 'dataset_s3_bucket_producer_with_no_taskflow', 'dataset_alias_example_alias_consumer_with_no_taskflow', 'dataset_alias_example_alias_producer_with_no_taskflow' retrieved from /home/airflow/.local/lib/python3.12/site-packages/airflow/example_dags/example_dataset_alias_with_no_taskflow.py
[2026-05-28T07:24:43.821+0000] {logging_mixin.py:190} INFO - [2026-05-28T07:24:43.820+0000] {dag.py:3239} INFO - Sync 4 DAGs
[2026-05-28T07:24:43.847+0000] {logging_mixin.py:190} INFO - [2026-05-28T07:24:43.847+0000] {dag.py:4180} INFO - Setting next_dagrun for dataset_alias_example_alias_consumer_with_no_taskflow to None, run_after=None
[2026-05-28T07:24:43.851+0000] {logging_mixin.py:190} INFO - [2026-05-28T07:24:43.851+0000] {dag.py:4180} INFO - Setting next_dagrun for dataset_alias_example_alias_producer_with_no_taskflow to None, run_after=None
[2026-05-28T07:24:43.854+0000] {logging_mixin.py:190} INFO - [2026-05-28T07:24:43.854+0000] {dag.py:4180} INFO - Setting next_dagrun for dataset_s3_bucket_consumer_with_no_taskflow to None, run_after=None
[2026-05-28T07:24:43.857+0000] {logging_mixin.py:190} INFO - [2026-05-28T07:24:43.856+0000] {dag.py:4180} INFO - Setting next_dagrun for dataset_s3_bucket_producer_with_no_taskflow to None, run_after=None
[2026-05-28T07:24:43.889+0000] {processor.py:208} INFO - Processing /home/airflow/.local/lib/python3.12/site-packages/airflow/example_dags/example_dataset_alias_with_no_taskflow.py took 11.018 seconds
[2026-05-28T07:25:14.069+0000] {processor.py:186} INFO - Started process (PID=327) to work on /home/airflow/.local/lib/python3.12/site-packages/airflow/example_dags/example_dataset_alias_with_no_taskflow.py
[2026-05-28T07:25:14.071+0000] {processor.py:914} INFO - Processing file /home/airflow/.local/lib/python3.12/site-packages/airflow/example_dags/example_dataset_alias_with_no_taskflow.py for tasks to queue
[2026-05-28T07:25:14.076+0000] {logging_mixin.py:190} INFO - [2026-05-28T07:25:14.075+0000] {dagbag.py:588} INFO - Filling up the DagBag from /home/airflow/.local/lib/python3.12/site-packages/airflow/example_dags/example_dataset_alias_with_no_taskflow.py
[2026-05-28T07:25:24.300+0000] {processor.py:925} INFO - DAG(s) 'dataset_alias_example_alias_producer_with_no_taskflow', 'dataset_s3_bucket_consumer_with_no_taskflow', 'dataset_alias_example_alias_consumer_with_no_taskflow', 'dataset_s3_bucket_producer_with_no_taskflow' retrieved from /home/airflow/.local/lib/python3.12/site-packages/airflow/example_dags/example_dataset_alias_with_no_taskflow.py
[2026-05-28T07:25:24.342+0000] {logging_mixin.py:190} INFO - [2026-05-28T07:25:24.341+0000] {dag.py:3239} INFO - Sync 4 DAGs
[2026-05-28T07:25:24.383+0000] {logging_mixin.py:190} INFO - [2026-05-28T07:25:24.382+0000] {dag.py:4180} INFO - Setting next_dagrun for dataset_alias_example_alias_consumer_with_no_taskflow to None, run_after=None
[2026-05-28T07:25:24.388+0000] {logging_mixin.py:190} INFO - [2026-05-28T07:25:24.387+0000] {dag.py:4180} INFO - Setting next_dagrun for dataset_alias_example_alias_producer_with_no_taskflow to None, run_after=None
[2026-05-28T07:25:24.391+0000] {logging_mixin.py:190} INFO - [2026-05-28T07:25:24.391+0000] {dag.py:4180} INFO - Setting next_dagrun for dataset_s3_bucket_consumer_with_no_taskflow to None, run_after=None
[2026-05-28T07:25:24.394+0000] {logging_mixin.py:190} INFO - [2026-05-28T07:25:24.394+0000] {dag.py:4180} INFO - Setting next_dagrun for dataset_s3_bucket_producer_with_no_taskflow to None, run_after=None
[2026-05-28T07:25:24.441+0000] {processor.py:208} INFO - Processing /home/airflow/.local/lib/python3.12/site-packages/airflow/example_dags/example_dataset_alias_with_no_taskflow.py took 10.381 seconds
[2026-05-28T07:25:55.169+0000] {processor.py:186} INFO - Started process (PID=407) to work on /home/airflow/.local/lib/python3.12/site-packages/airflow/example_dags/example_dataset_alias_with_no_taskflow.py
[2026-05-28T07:25:55.171+0000] {processor.py:914} INFO - Processing file /home/airflow/.local/lib/python3.12/site-packages/airflow/example_dags/example_dataset_alias_with_no_taskflow.py for tasks to queue
[2026-05-28T07:25:55.177+0000] {logging_mixin.py:190} INFO - [2026-05-28T07:25:55.176+0000] {dagbag.py:588} INFO - Filling up the DagBag from /home/airflow/.local/lib/python3.12/site-packages/airflow/example_dags/example_dataset_alias_with_no_taskflow.py
[2026-05-28T07:26:04.574+0000] {processor.py:925} INFO - DAG(s) 'dataset_alias_example_alias_producer_with_no_taskflow', 'dataset_s3_bucket_consumer_with_no_taskflow', 'dataset_alias_example_alias_consumer_with_no_taskflow', 'dataset_s3_bucket_producer_with_no_taskflow' retrieved from /home/airflow/.local/lib/python3.12/site-packages/airflow/example_dags/example_dataset_alias_with_no_taskflow.py
[2026-05-28T07:26:04.608+0000] {logging_mixin.py:190} INFO - [2026-05-28T07:26:04.607+0000] {dag.py:3239} INFO - Sync 4 DAGs
[2026-05-28T07:26:04.641+0000] {logging_mixin.py:190} INFO - [2026-05-28T07:26:04.641+0000] {dag.py:4180} INFO - Setting next_dagrun for dataset_alias_example_alias_consumer_with_no_taskflow to None, run_after=None
[2026-05-28T07:26:04.650+0000] {logging_mixin.py:190} INFO - [2026-05-28T07:26:04.649+0000] {dag.py:4180} INFO - Setting next_dagrun for dataset_alias_example_alias_producer_with_no_taskflow to None, run_after=None
[2026-05-28T07:26:04.655+0000] {logging_mixin.py:190} INFO - [2026-05-28T07:26:04.655+0000] {dag.py:4180} INFO - Setting next_dagrun for dataset_s3_bucket_consumer_with_no_taskflow to None, run_after=None
[2026-05-28T07:26:04.658+0000] {logging_mixin.py:190} INFO - [2026-05-28T07:26:04.658+0000] {dag.py:4180} INFO - Setting next_dagrun for dataset_s3_bucket_producer_with_no_taskflow to None, run_after=None
[2026-05-28T07:26:05.022+0000] {processor.py:208} INFO - Processing /home/airflow/.local/lib/python3.12/site-packages/airflow/example_dags/example_dataset_alias_with_no_taskflow.py took 9.864 seconds
[2026-05-28T07:26:35.320+0000] {processor.py:186} INFO - Started process (PID=481) to work on /home/airflow/.local/lib/python3.12/site-packages/airflow/example_dags/example_dataset_alias_with_no_taskflow.py
[2026-05-28T07:26:35.322+0000] {processor.py:914} INFO - Processing file /home/airflow/.local/lib/python3.12/site-packages/airflow/example_dags/example_dataset_alias_with_no_taskflow.py for tasks to queue
[2026-05-28T07:26:35.328+0000] {logging_mixin.py:190} INFO - [2026-05-28T07:26:35.327+0000] {dagbag.py:588} INFO - Filling up the DagBag from /home/airflow/.local/lib/python3.12/site-packages/airflow/example_dags/example_dataset_alias_with_no_taskflow.py
[2026-05-28T07:26:45.152+0000] {processor.py:925} INFO - DAG(s) 'dataset_s3_bucket_consumer_with_no_taskflow', 'dataset_s3_bucket_producer_with_no_taskflow', 'dataset_alias_example_alias_consumer_with_no_taskflow', 'dataset_alias_example_alias_producer_with_no_taskflow' retrieved from /home/airflow/.local/lib/python3.12/site-packages/airflow/example_dags/example_dataset_alias_with_no_taskflow.py
[2026-05-28T07:26:45.185+0000] {logging_mixin.py:190} INFO - [2026-05-28T07:26:45.184+0000] {dag.py:3239} INFO - Sync 4 DAGs
[2026-05-28T07:26:45.216+0000] {logging_mixin.py:190} INFO - [2026-05-28T07:26:45.216+0000] {dag.py:4180} INFO - Setting next_dagrun for dataset_alias_example_alias_consumer_with_no_taskflow to None, run_after=None
[2026-05-28T07:26:45.222+0000] {logging_mixin.py:190} INFO - [2026-05-28T07:26:45.221+0000] {dag.py:4180} INFO - Setting next_dagrun for dataset_alias_example_alias_producer_with_no_taskflow to None, run_after=None
[2026-05-28T07:26:45.225+0000] {logging_mixin.py:190} INFO - [2026-05-28T07:26:45.225+0000] {dag.py:4180} INFO - Setting next_dagrun for dataset_s3_bucket_consumer_with_no_taskflow to None, run_after=None
[2026-05-28T07:26:45.227+0000] {logging_mixin.py:190} INFO - [2026-05-28T07:26:45.227+0000] {dag.py:4180} INFO - Setting next_dagrun for dataset_s3_bucket_producer_with_no_taskflow to None, run_after=None
[2026-05-28T07:26:45.265+0000] {processor.py:208} INFO - Processing /home/airflow/.local/lib/python3.12/site-packages/airflow/example_dags/example_dataset_alias_with_no_taskflow.py took 9.959 seconds
[2026-05-28T07:27:16.574+0000] {processor.py:186} INFO - Started process (PID=553) to work on /home/airflow/.local/lib/python3.12/site-packages/airflow/example_dags/example_dataset_alias_with_no_taskflow.py
[2026-05-28T07:27:16.576+0000] {processor.py:914} INFO - Processing file /home/airflow/.local/lib/python3.12/site-packages/airflow/example_dags/example_dataset_alias_with_no_taskflow.py for tasks to queue
[2026-05-28T07:27:16.580+0000] {logging_mixin.py:190} INFO - [2026-05-28T07:27:16.579+0000] {dagbag.py:588} INFO - Filling up the DagBag from /home/airflow/.local/lib/python3.12/site-packages/airflow/example_dags/example_dataset_alias_with_no_taskflow.py
[2026-05-28T07:27:25.998+0000] {processor.py:925} INFO - DAG(s) 'dataset_alias_example_alias_producer_with_no_taskflow', 'dataset_alias_example_alias_consumer_with_no_taskflow', 'dataset_s3_bucket_producer_with_no_taskflow', 'dataset_s3_bucket_consumer_with_no_taskflow' retrieved from /home/airflow/.local/lib/python3.12/site-packages/airflow/example_dags/example_dataset_alias_with_no_taskflow.py
[2026-05-28T07:27:26.047+0000] {logging_mixin.py:190} INFO - [2026-05-28T07:27:26.046+0000] {dag.py:3239} INFO - Sync 4 DAGs
[2026-05-28T07:27:26.077+0000] {logging_mixin.py:190} INFO - [2026-05-28T07:27:26.076+0000] {dag.py:4180} INFO - Setting next_dagrun for dataset_alias_example_alias_consumer_with_no_taskflow to None, run_after=None
[2026-05-28T07:27:26.082+0000] {logging_mixin.py:190} INFO - [2026-05-28T07:27:26.082+0000] {dag.py:4180} INFO - Setting next_dagrun for dataset_alias_example_alias_producer_with_no_taskflow to None, run_after=None
[2026-05-28T07:27:26.085+0000] {logging_mixin.py:190} INFO - [2026-05-28T07:27:26.084+0000] {dag.py:4180} INFO - Setting next_dagrun for dataset_s3_bucket_consumer_with_no_taskflow to None, run_after=None
[2026-05-28T07:27:26.088+0000] {logging_mixin.py:190} INFO - [2026-05-28T07:27:26.087+0000] {dag.py:4180} INFO - Setting next_dagrun for dataset_s3_bucket_producer_with_no_taskflow to None, run_after=None
[2026-05-28T07:27:26.128+0000] {processor.py:208} INFO - Processing /home/airflow/.local/lib/python3.12/site-packages/airflow/example_dags/example_dataset_alias_with_no_taskflow.py took 9.564 seconds
[2026-05-28T07:27:56.489+0000] {processor.py:186} INFO - Started process (PID=632) to work on /home/airflow/.local/lib/python3.12/site-packages/airflow/example_dags/example_dataset_alias_with_no_taskflow.py
[2026-05-28T07:27:56.493+0000] {processor.py:914} INFO - Processing file /home/airflow/.local/lib/python3.12/site-packages/airflow/example_dags/example_dataset_alias_with_no_taskflow.py for tasks to queue
[2026-05-28T07:27:56.502+0000] {logging_mixin.py:190} INFO - [2026-05-28T07:27:56.501+0000] {dagbag.py:588} INFO - Filling up the DagBag from /home/airflow/.local/lib/python3.12/site-packages/airflow/example_dags/example_dataset_alias_with_no_taskflow.py
[2026-05-28T07:28:10.511+0000] {processor.py:925} INFO - DAG(s) 'dataset_s3_bucket_consumer_with_no_taskflow', 'dataset_s3_bucket_producer_with_no_taskflow', 'dataset_alias_example_alias_consumer_with_no_taskflow', 'dataset_alias_example_alias_producer_with_no_taskflow' retrieved from /home/airflow/.local/lib/python3.12/site-packages/airflow/example_dags/example_dataset_alias_with_no_taskflow.py
[2026-05-28T07:28:10.560+0000] {logging_mixin.py:190} INFO - [2026-05-28T07:28:10.559+0000] {dag.py:3239} INFO - Sync 4 DAGs
[2026-05-28T07:28:10.607+0000] {logging_mixin.py:190} INFO - [2026-05-28T07:28:10.606+0000] {dag.py:4180} INFO - Setting next_dagrun for dataset_alias_example_alias_consumer_with_no_taskflow to None, run_after=None
[2026-05-28T07:28:10.613+0000] {logging_mixin.py:190} INFO - [2026-05-28T07:28:10.613+0000] {dag.py:4180} INFO - Setting next_dagrun for dataset_alias_example_alias_producer_with_no_taskflow to None, run_after=None
[2026-05-28T07:28:10.623+0000] {logging_mixin.py:190} INFO - [2026-05-28T07:28:10.622+0000] {dag.py:4180} INFO - Setting next_dagrun for dataset_s3_bucket_consumer_with_no_taskflow to None, run_after=None
[2026-05-28T07:28:10.626+0000] {logging_mixin.py:190} INFO - [2026-05-28T07:28:10.625+0000] {dag.py:4180} INFO - Setting next_dagrun for dataset_s3_bucket_producer_with_no_taskflow to None, run_after=None
[2026-05-28T07:28:10.669+0000] {processor.py:208} INFO - Processing /home/airflow/.local/lib/python3.12/site-packages/airflow/example_dags/example_dataset_alias_with_no_taskflow.py took 14.199 seconds
[2026-05-28T07:28:40.798+0000] {processor.py:186} INFO - Started process (PID=713) to work on /home/airflow/.local/lib/python3.12/site-packages/airflow/example_dags/example_dataset_alias_with_no_taskflow.py
[2026-05-28T07:28:40.800+0000] {processor.py:914} INFO - Processing file /home/airflow/.local/lib/python3.12/site-packages/airflow/example_dags/example_dataset_alias_with_no_taskflow.py for tasks to queue
[2026-05-28T07:28:40.805+0000] {logging_mixin.py:190} INFO - [2026-05-28T07:28:40.804+0000] {dagbag.py:588} INFO - Filling up the DagBag from /home/airflow/.local/lib/python3.12/site-packages/airflow/example_dags/example_dataset_alias_with_no_taskflow.py
[2026-05-28T07:28:52.036+0000] {processor.py:925} INFO - DAG(s) 'dataset_s3_bucket_consumer_with_no_taskflow', 'dataset_alias_example_alias_producer_with_no_taskflow', 'dataset_s3_bucket_producer_with_no_taskflow', 'dataset_alias_example_alias_consumer_with_no_taskflow' retrieved from /home/airflow/.local/lib/python3.12/site-packages/airflow/example_dags/example_dataset_alias_with_no_taskflow.py
[2026-05-28T07:28:52.088+0000] {logging_mixin.py:190} INFO - [2026-05-28T07:28:52.087+0000] {dag.py:3239} INFO - Sync 4 DAGs
[2026-05-28T07:28:52.148+0000] {logging_mixin.py:190} INFO - [2026-05-28T07:28:52.147+0000] {dag.py:4180} INFO - Setting next_dagrun for dataset_alias_example_alias_consumer_with_no_taskflow to None, run_after=None
[2026-05-28T07:28:52.561+0000] {logging_mixin.py:190} INFO - [2026-05-28T07:28:52.560+0000] {dag.py:4180} INFO - Setting next_dagrun for dataset_alias_example_alias_producer_with_no_taskflow to None, run_after=None
[2026-05-28T07:28:52.564+0000] {logging_mixin.py:190} INFO - [2026-05-28T07:28:52.564+0000] {dag.py:4180} INFO - Setting next_dagrun for dataset_s3_bucket_consumer_with_no_taskflow to None, run_after=None
[2026-05-28T07:28:52.568+0000] {logging_mixin.py:190} INFO - [2026-05-28T07:28:52.568+0000] {dag.py:4180} INFO - Setting next_dagrun for dataset_s3_bucket_producer_with_no_taskflow to None, run_after=None
[2026-05-28T07:28:52.620+0000] {processor.py:208} INFO - Processing /home/airflow/.local/lib/python3.12/site-packages/airflow/example_dags/example_dataset_alias_with_no_taskflow.py took 11.830 seconds
[2026-05-28T07:29:22.944+0000] {processor.py:186} INFO - Started process (PID=786) to work on /home/airflow/.local/lib/python3.12/site-packages/airflow/example_dags/example_dataset_alias_with_no_taskflow.py
[2026-05-28T07:29:22.945+0000] {processor.py:914} INFO - Processing file /home/airflow/.local/lib/python3.12/site-packages/airflow/example_dags/example_dataset_alias_with_no_taskflow.py for tasks to queue
[2026-05-28T07:29:22.953+0000] {logging_mixin.py:190} INFO - [2026-05-28T07:29:22.952+0000] {dagbag.py:588} INFO - Filling up the DagBag from /home/airflow/.local/lib/python3.12/site-packages/airflow/example_dags/example_dataset_alias_with_no_taskflow.py
[2026-05-28T07:29:33.620+0000] {processor.py:925} INFO - DAG(s) 'dataset_alias_example_alias_producer_with_no_taskflow', 'dataset_s3_bucket_consumer_with_no_taskflow', 'dataset_s3_bucket_producer_with_no_taskflow', 'dataset_alias_example_alias_consumer_with_no_taskflow' retrieved from /home/airflow/.local/lib/python3.12/site-packages/airflow/example_dags/example_dataset_alias_with_no_taskflow.py
[2026-05-28T07:29:33.656+0000] {logging_mixin.py:190} INFO - [2026-05-28T07:29:33.655+0000] {dag.py:3239} INFO - Sync 4 DAGs
[2026-05-28T07:29:33.700+0000] {logging_mixin.py:190} INFO - [2026-05-28T07:29:33.699+0000] {dag.py:4180} INFO - Setting next_dagrun for dataset_alias_example_alias_consumer_with_no_taskflow to None, run_after=None
[2026-05-28T07:29:34.045+0000] {logging_mixin.py:190} INFO - [2026-05-28T07:29:34.044+0000] {dag.py:4180} INFO - Setting next_dagrun for dataset_alias_example_alias_producer_with_no_taskflow to None, run_after=None
[2026-05-28T07:29:34.048+0000] {logging_mixin.py:190} INFO - [2026-05-28T07:29:34.048+0000] {dag.py:4180} INFO - Setting next_dagrun for dataset_s3_bucket_consumer_with_no_taskflow to None, run_after=None
[2026-05-28T07:29:34.054+0000] {logging_mixin.py:190} INFO - [2026-05-28T07:29:34.053+0000] {dag.py:4180} INFO - Setting next_dagrun for dataset_s3_bucket_producer_with_no_taskflow to None, run_after=None
[2026-05-28T07:29:34.100+0000] {processor.py:208} INFO - Processing /home/airflow/.local/lib/python3.12/site-packages/airflow/example_dags/example_dataset_alias_with_no_taskflow.py took 11.168 seconds
[2026-05-28T07:30:04.481+0000] {processor.py:186} INFO - Started process (PID=860) to work on /home/airflow/.local/lib/python3.12/site-packages/airflow/example_dags/example_dataset_alias_with_no_taskflow.py
[2026-05-28T07:30:04.484+0000] {processor.py:914} INFO - Processing file /home/airflow/.local/lib/python3.12/site-packages/airflow/example_dags/example_dataset_alias_with_no_taskflow.py for tasks to queue
[2026-05-28T07:30:04.494+0000] {logging_mixin.py:190} INFO - [2026-05-28T07:30:04.493+0000] {dagbag.py:588} INFO - Filling up the DagBag from /home/airflow/.local/lib/python3.12/site-packages/airflow/example_dags/example_dataset_alias_with_no_taskflow.py
[2026-05-28T07:30:16.391+0000] {processor.py:925} INFO - DAG(s) 'dataset_alias_example_alias_consumer_with_no_taskflow', 'dataset_s3_bucket_producer_with_no_taskflow', 'dataset_s3_bucket_consumer_with_no_taskflow', 'dataset_alias_example_alias_producer_with_no_taskflow' retrieved from /home/airflow/.local/lib/python3.12/site-packages/airflow/example_dags/example_dataset_alias_with_no_taskflow.py
[2026-05-28T07:30:16.439+0000] {logging_mixin.py:190} INFO - [2026-05-28T07:30:16.438+0000] {dag.py:3239} INFO - Sync 4 DAGs
[2026-05-28T07:30:16.484+0000] {logging_mixin.py:190} INFO - [2026-05-28T07:30:16.483+0000] {dag.py:4180} INFO - Setting next_dagrun for dataset_alias_example_alias_consumer_with_no_taskflow to None, run_after=None
[2026-05-28T07:30:16.490+0000] {logging_mixin.py:190} INFO - [2026-05-28T07:30:16.489+0000] {dag.py:4180} INFO - Setting next_dagrun for dataset_alias_example_alias_producer_with_no_taskflow to None, run_after=None
[2026-05-28T07:30:16.493+0000] {logging_mixin.py:190} INFO - [2026-05-28T07:30:16.493+0000] {dag.py:4180} INFO - Setting next_dagrun for dataset_s3_bucket_consumer_with_no_taskflow to None, run_after=None
[2026-05-28T07:30:16.501+0000] {logging_mixin.py:190} INFO - [2026-05-28T07:30:16.500+0000] {dag.py:4180} INFO - Setting next_dagrun for dataset_s3_bucket_producer_with_no_taskflow to None, run_after=None
[2026-05-28T07:30:16.551+0000] {processor.py:208} INFO - Processing /home/airflow/.local/lib/python3.12/site-packages/airflow/example_dags/example_dataset_alias_with_no_taskflow.py took 12.087 seconds
[2026-05-28T07:30:46.969+0000] {processor.py:186} INFO - Started process (PID=949) to work on /home/airflow/.local/lib/python3.12/site-packages/airflow/example_dags/example_dataset_alias_with_no_taskflow.py
[2026-05-28T07:30:46.971+0000] {processor.py:914} INFO - Processing file /home/airflow/.local/lib/python3.12/site-packages/airflow/example_dags/example_dataset_alias_with_no_taskflow.py for tasks to queue
[2026-05-28T07:30:46.977+0000] {logging_mixin.py:190} INFO - [2026-05-28T07:30:46.976+0000] {dagbag.py:588} INFO - Filling up the DagBag from /home/airflow/.local/lib/python3.12/site-packages/airflow/example_dags/example_dataset_alias_with_no_taskflow.py
[2026-05-28T07:30:57.034+0000] {processor.py:925} INFO - DAG(s) 'dataset_s3_bucket_consumer_with_no_taskflow', 'dataset_alias_example_alias_consumer_with_no_taskflow', 'dataset_s3_bucket_producer_with_no_taskflow', 'dataset_alias_example_alias_producer_with_no_taskflow' retrieved from /home/airflow/.local/lib/python3.12/site-packages/airflow/example_dags/example_dataset_alias_with_no_taskflow.py
[2026-05-28T07:30:57.065+0000] {logging_mixin.py:190} INFO - [2026-05-28T07:30:57.064+0000] {dag.py:3239} INFO - Sync 4 DAGs
[2026-05-28T07:30:57.091+0000] {logging_mixin.py:190} INFO - [2026-05-28T07:30:57.090+0000] {dag.py:4180} INFO - Setting next_dagrun for dataset_alias_example_alias_consumer_with_no_taskflow to None, run_after=None
[2026-05-28T07:30:57.098+0000] {logging_mixin.py:190} INFO - [2026-05-28T07:30:57.097+0000] {dag.py:4180} INFO - Setting next_dagrun for dataset_alias_example_alias_producer_with_no_taskflow to None, run_after=None
[2026-05-28T07:30:57.100+0000] {logging_mixin.py:190} INFO - [2026-05-28T07:30:57.100+0000] {dag.py:4180} INFO - Setting next_dagrun for dataset_s3_bucket_consumer_with_no_taskflow to None, run_after=None
[2026-05-28T07:30:57.104+0000] {logging_mixin.py:190} INFO - [2026-05-28T07:30:57.103+0000] {dag.py:4180} INFO - Setting next_dagrun for dataset_s3_bucket_producer_with_no_taskflow to None, run_after=None
[2026-05-28T07:30:57.147+0000] {processor.py:208} INFO - Processing /home/airflow/.local/lib/python3.12/site-packages/airflow/example_dags/example_dataset_alias_with_no_taskflow.py took 10.186 seconds
[2026-05-28T07:31:27.942+0000] {processor.py:186} INFO - Started process (PID=1024) to work on /home/airflow/.local/lib/python3.12/site-packages/airflow/example_dags/example_dataset_alias_with_no_taskflow.py
[2026-05-28T07:31:27.945+0000] {processor.py:914} INFO - Processing file /home/airflow/.local/lib/python3.12/site-packages/airflow/example_dags/example_dataset_alias_with_no_taskflow.py for tasks to queue
[2026-05-28T07:31:27.950+0000] {logging_mixin.py:190} INFO - [2026-05-28T07:31:27.949+0000] {dagbag.py:588} INFO - Filling up the DagBag from /home/airflow/.local/lib/python3.12/site-packages/airflow/example_dags/example_dataset_alias_with_no_taskflow.py
[2026-05-28T07:31:37.563+0000] {processor.py:925} INFO - DAG(s) 'dataset_s3_bucket_producer_with_no_taskflow', 'dataset_alias_example_alias_producer_with_no_taskflow', 'dataset_s3_bucket_consumer_with_no_taskflow', 'dataset_alias_example_alias_consumer_with_no_taskflow' retrieved from /home/airflow/.local/lib/python3.12/site-packages/airflow/example_dags/example_dataset_alias_with_no_taskflow.py
[2026-05-28T07:31:37.619+0000] {logging_mixin.py:190} INFO - [2026-05-28T07:31:37.617+0000] {dag.py:3239} INFO - Sync 4 DAGs
[2026-05-28T07:31:37.656+0000] {logging_mixin.py:190} INFO - [2026-05-28T07:31:37.656+0000] {dag.py:4180} INFO - Setting next_dagrun for dataset_alias_example_alias_consumer_with_no_taskflow to None, run_after=None
[2026-05-28T07:31:38.018+0000] {logging_mixin.py:190} INFO - [2026-05-28T07:31:38.018+0000] {dag.py:4180} INFO - Setting next_dagrun for dataset_alias_example_alias_producer_with_no_taskflow to None, run_after=None
[2026-05-28T07:31:38.021+0000] {logging_mixin.py:190} INFO - [2026-05-28T07:31:38.021+0000] {dag.py:4180} INFO - Setting next_dagrun for dataset_s3_bucket_consumer_with_no_taskflow to None, run_after=None
[2026-05-28T07:31:38.024+0000] {logging_mixin.py:190} INFO - [2026-05-28T07:31:38.024+0000] {dag.py:4180} INFO - Setting next_dagrun for dataset_s3_bucket_producer_with_no_taskflow to None, run_after=None
[2026-05-28T07:31:38.070+0000] {processor.py:208} INFO - Processing /home/airflow/.local/lib/python3.12/site-packages/airflow/example_dags/example_dataset_alias_with_no_taskflow.py took 10.140 seconds
[2026-05-28T07:32:08.420+0000] {processor.py:186} INFO - Started process (PID=1095) to work on /home/airflow/.local/lib/python3.12/site-packages/airflow/example_dags/example_dataset_alias_with_no_taskflow.py
[2026-05-28T07:32:08.421+0000] {processor.py:914} INFO - Processing file /home/airflow/.local/lib/python3.12/site-packages/airflow/example_dags/example_dataset_alias_with_no_taskflow.py for tasks to queue
[2026-05-28T07:32:08.425+0000] {logging_mixin.py:190} INFO - [2026-05-28T07:32:08.424+0000] {dagbag.py:588} INFO - Filling up the DagBag from /home/airflow/.local/lib/python3.12/site-packages/airflow/example_dags/example_dataset_alias_with_no_taskflow.py
[2026-05-28T07:32:18.149+0000] {processor.py:925} INFO - DAG(s) 'dataset_alias_example_alias_consumer_with_no_taskflow', 'dataset_alias_example_alias_producer_with_no_taskflow', 'dataset_s3_bucket_consumer_with_no_taskflow', 'dataset_s3_bucket_producer_with_no_taskflow' retrieved from /home/airflow/.local/lib/python3.12/site-packages/airflow/example_dags/example_dataset_alias_with_no_taskflow.py
[2026-05-28T07:32:18.181+0000] {logging_mixin.py:190} INFO - [2026-05-28T07:32:18.181+0000] {dag.py:3239} INFO - Sync 4 DAGs
[2026-05-28T07:32:18.205+0000] {logging_mixin.py:190} INFO - [2026-05-28T07:32:18.205+0000] {dag.py:4180} INFO - Setting next_dagrun for dataset_alias_example_alias_consumer_with_no_taskflow to None, run_after=None
[2026-05-28T07:32:18.209+0000] {logging_mixin.py:190} INFO - [2026-05-28T07:32:18.209+0000] {dag.py:4180} INFO - Setting next_dagrun for dataset_alias_example_alias_producer_with_no_taskflow to None, run_after=None
[2026-05-28T07:32:18.212+0000] {logging_mixin.py:190} INFO - [2026-05-28T07:32:18.212+0000] {dag.py:4180} INFO - Setting next_dagrun for dataset_s3_bucket_consumer_with_no_taskflow to None, run_after=None
[2026-05-28T07:32:18.215+0000] {logging_mixin.py:190} INFO - [2026-05-28T07:32:18.214+0000] {dag.py:4180} INFO - Setting next_dagrun for dataset_s3_bucket_producer_with_no_taskflow to None, run_after=None
[2026-05-28T07:32:18.247+0000] {processor.py:208} INFO - Processing /home/airflow/.local/lib/python3.12/site-packages/airflow/example_dags/example_dataset_alias_with_no_taskflow.py took 9.835 seconds
[2026-05-28T07:35:58.067+0000] {processor.py:186} INFO - Started process (PID=104) to work on /home/airflow/.local/lib/python3.12/site-packages/airflow/example_dags/example_dataset_alias_with_no_taskflow.py
[2026-05-28T07:35:58.069+0000] {processor.py:914} INFO - Processing file /home/airflow/.local/lib/python3.12/site-packages/airflow/example_dags/example_dataset_alias_with_no_taskflow.py for tasks to queue
[2026-05-28T07:35:58.079+0000] {logging_mixin.py:190} INFO - [2026-05-28T07:35:58.077+0000] {dagbag.py:588} INFO - Filling up the DagBag from /home/airflow/.local/lib/python3.12/site-packages/airflow/example_dags/example_dataset_alias_with_no_taskflow.py
[2026-05-28T07:36:09.509+0000] {processor.py:925} INFO - DAG(s) 'dataset_alias_example_alias_consumer_with_no_taskflow', 'dataset_alias_example_alias_producer_with_no_taskflow', 'dataset_s3_bucket_producer_with_no_taskflow', 'dataset_s3_bucket_consumer_with_no_taskflow' retrieved from /home/airflow/.local/lib/python3.12/site-packages/airflow/example_dags/example_dataset_alias_with_no_taskflow.py
[2026-05-28T07:36:09.774+0000] {logging_mixin.py:190} INFO - [2026-05-28T07:36:09.773+0000] {override.py:1932} INFO - Created Permission View: can delete on DAG:dataset_alias_example_alias_consumer_with_no_taskflow
[2026-05-28T07:36:09.813+0000] {logging_mixin.py:190} INFO - [2026-05-28T07:36:09.812+0000] {override.py:1932} INFO - Created Permission View: can read on DAG:dataset_alias_example_alias_consumer_with_no_taskflow
[2026-05-28T07:36:09.849+0000] {logging_mixin.py:190} INFO - [2026-05-28T07:36:09.846+0000] {override.py:1932} INFO - Created Permission View: can edit on DAG:dataset_alias_example_alias_consumer_with_no_taskflow
[2026-05-28T07:36:09.877+0000] {logging_mixin.py:190} INFO - [2026-05-28T07:36:09.877+0000] {override.py:1932} INFO - Created Permission View: can delete on DAG Run:dataset_alias_example_alias_consumer_with_no_taskflow
[2026-05-28T07:36:09.899+0000] {logging_mixin.py:190} INFO - [2026-05-28T07:36:09.899+0000] {override.py:1932} INFO - Created Permission View: can read on DAG Run:dataset_alias_example_alias_consumer_with_no_taskflow
[2026-05-28T07:36:09.922+0000] {logging_mixin.py:190} INFO - [2026-05-28T07:36:09.921+0000] {override.py:1932} INFO - Created Permission View: menu access on DAG Run:dataset_alias_example_alias_consumer_with_no_taskflow
[2026-05-28T07:36:09.944+0000] {logging_mixin.py:190} INFO - [2026-05-28T07:36:09.943+0000] {override.py:1932} INFO - Created Permission View: can create on DAG Run:dataset_alias_example_alias_consumer_with_no_taskflow
[2026-05-28T07:36:09.995+0000] {logging_mixin.py:190} INFO - [2026-05-28T07:36:09.994+0000] {override.py:1932} INFO - Created Permission View: can delete on DAG:dataset_alias_example_alias_producer_with_no_taskflow
[2026-05-28T07:36:10.015+0000] {logging_mixin.py:190} INFO - [2026-05-28T07:36:10.014+0000] {override.py:1932} INFO - Created Permission View: can read on DAG:dataset_alias_example_alias_producer_with_no_taskflow
[2026-05-28T07:36:10.035+0000] {logging_mixin.py:190} INFO - [2026-05-28T07:36:10.034+0000] {override.py:1932} INFO - Created Permission View: can edit on DAG:dataset_alias_example_alias_producer_with_no_taskflow
[2026-05-28T07:36:10.056+0000] {logging_mixin.py:190} INFO - [2026-05-28T07:36:10.056+0000] {override.py:1932} INFO - Created Permission View: can delete on DAG Run:dataset_alias_example_alias_producer_with_no_taskflow
[2026-05-28T07:36:10.078+0000] {logging_mixin.py:190} INFO - [2026-05-28T07:36:10.078+0000] {override.py:1932} INFO - Created Permission View: can read on DAG Run:dataset_alias_example_alias_producer_with_no_taskflow
[2026-05-28T07:36:10.112+0000] {logging_mixin.py:190} INFO - [2026-05-28T07:36:10.111+0000] {override.py:1932} INFO - Created Permission View: menu access on DAG Run:dataset_alias_example_alias_producer_with_no_taskflow
[2026-05-28T07:36:10.149+0000] {logging_mixin.py:190} INFO - [2026-05-28T07:36:10.147+0000] {override.py:1932} INFO - Created Permission View: can create on DAG Run:dataset_alias_example_alias_producer_with_no_taskflow
[2026-05-28T07:36:10.183+0000] {logging_mixin.py:190} INFO - [2026-05-28T07:36:10.182+0000] {override.py:1932} INFO - Created Permission View: can delete on DAG:dataset_s3_bucket_producer_with_no_taskflow
[2026-05-28T07:36:10.200+0000] {logging_mixin.py:190} INFO - [2026-05-28T07:36:10.199+0000] {override.py:1932} INFO - Created Permission View: can read on DAG:dataset_s3_bucket_producer_with_no_taskflow
[2026-05-28T07:36:10.219+0000] {logging_mixin.py:190} INFO - [2026-05-28T07:36:10.219+0000] {override.py:1932} INFO - Created Permission View: can edit on DAG:dataset_s3_bucket_producer_with_no_taskflow
[2026-05-28T07:36:10.238+0000] {logging_mixin.py:190} INFO - [2026-05-28T07:36:10.237+0000] {override.py:1932} INFO - Created Permission View: can delete on DAG Run:dataset_s3_bucket_producer_with_no_taskflow
[2026-05-28T07:36:10.252+0000] {logging_mixin.py:190} INFO - [2026-05-28T07:36:10.251+0000] {override.py:1932} INFO - Created Permission View: can read on DAG Run:dataset_s3_bucket_producer_with_no_taskflow
[2026-05-28T07:36:10.265+0000] {logging_mixin.py:190} INFO - [2026-05-28T07:36:10.265+0000] {override.py:1932} INFO - Created Permission View: menu access on DAG Run:dataset_s3_bucket_producer_with_no_taskflow
[2026-05-28T07:36:10.280+0000] {logging_mixin.py:190} INFO - [2026-05-28T07:36:10.279+0000] {override.py:1932} INFO - Created Permission View: can create on DAG Run:dataset_s3_bucket_producer_with_no_taskflow
[2026-05-28T07:36:10.304+0000] {logging_mixin.py:190} INFO - [2026-05-28T07:36:10.303+0000] {override.py:1932} INFO - Created Permission View: can delete on DAG:dataset_s3_bucket_consumer_with_no_taskflow
[2026-05-28T07:36:10.319+0000] {logging_mixin.py:190} INFO - [2026-05-28T07:36:10.319+0000] {override.py:1932} INFO - Created Permission View: can read on DAG:dataset_s3_bucket_consumer_with_no_taskflow
[2026-05-28T07:36:10.332+0000] {logging_mixin.py:190} INFO - [2026-05-28T07:36:10.331+0000] {override.py:1932} INFO - Created Permission View: can edit on DAG:dataset_s3_bucket_consumer_with_no_taskflow
[2026-05-28T07:36:10.346+0000] {logging_mixin.py:190} INFO - [2026-05-28T07:36:10.345+0000] {override.py:1932} INFO - Created Permission View: can delete on DAG Run:dataset_s3_bucket_consumer_with_no_taskflow
[2026-05-28T07:36:10.362+0000] {logging_mixin.py:190} INFO - [2026-05-28T07:36:10.362+0000] {override.py:1932} INFO - Created Permission View: can read on DAG Run:dataset_s3_bucket_consumer_with_no_taskflow
[2026-05-28T07:36:10.375+0000] {logging_mixin.py:190} INFO - [2026-05-28T07:36:10.375+0000] {override.py:1932} INFO - Created Permission View: menu access on DAG Run:dataset_s3_bucket_consumer_with_no_taskflow
[2026-05-28T07:36:10.389+0000] {logging_mixin.py:190} INFO - [2026-05-28T07:36:10.388+0000] {override.py:1932} INFO - Created Permission View: can create on DAG Run:dataset_s3_bucket_consumer_with_no_taskflow
[2026-05-28T07:36:10.391+0000] {logging_mixin.py:190} INFO - [2026-05-28T07:36:10.390+0000] {dag.py:3239} INFO - Sync 4 DAGs
[2026-05-28T07:36:10.413+0000] {logging_mixin.py:190} INFO - [2026-05-28T07:36:10.412+0000] {dag.py:3262} INFO - Creating ORM DAG for dataset_alias_example_alias_consumer_with_no_taskflow
[2026-05-28T07:36:10.415+0000] {logging_mixin.py:190} INFO - [2026-05-28T07:36:10.415+0000] {dag.py:3262} INFO - Creating ORM DAG for dataset_s3_bucket_consumer_with_no_taskflow
[2026-05-28T07:36:10.416+0000] {logging_mixin.py:190} INFO - [2026-05-28T07:36:10.416+0000] {dag.py:3262} INFO - Creating ORM DAG for dataset_s3_bucket_producer_with_no_taskflow
[2026-05-28T07:36:10.418+0000] {logging_mixin.py:190} INFO - [2026-05-28T07:36:10.418+0000] {dag.py:3262} INFO - Creating ORM DAG for dataset_alias_example_alias_producer_with_no_taskflow
[2026-05-28T07:36:10.432+0000] {logging_mixin.py:190} INFO - [2026-05-28T07:36:10.431+0000] {dag.py:4180} INFO - Setting next_dagrun for dataset_alias_example_alias_consumer_with_no_taskflow to None, run_after=None
[2026-05-28T07:36:10.435+0000] {logging_mixin.py:190} INFO - [2026-05-28T07:36:10.435+0000] {dag.py:4180} INFO - Setting next_dagrun for dataset_alias_example_alias_producer_with_no_taskflow to None, run_after=None
[2026-05-28T07:36:10.437+0000] {logging_mixin.py:190} INFO - [2026-05-28T07:36:10.436+0000] {dag.py:4180} INFO - Setting next_dagrun for dataset_s3_bucket_consumer_with_no_taskflow to None, run_after=None
[2026-05-28T07:36:10.438+0000] {logging_mixin.py:190} INFO - [2026-05-28T07:36:10.438+0000] {dag.py:4180} INFO - Setting next_dagrun for dataset_s3_bucket_producer_with_no_taskflow to None, run_after=None
[2026-05-28T07:36:10.490+0000] {processor.py:208} INFO - Processing /home/airflow/.local/lib/python3.12/site-packages/airflow/example_dags/example_dataset_alias_with_no_taskflow.py took 12.438 seconds
[2026-05-28T07:36:41.197+0000] {processor.py:186} INFO - Started process (PID=173) to work on /home/airflow/.local/lib/python3.12/site-packages/airflow/example_dags/example_dataset_alias_with_no_taskflow.py
[2026-05-28T07:36:41.199+0000] {processor.py:914} INFO - Processing file /home/airflow/.local/lib/python3.12/site-packages/airflow/example_dags/example_dataset_alias_with_no_taskflow.py for tasks to queue
[2026-05-28T07:36:41.205+0000] {logging_mixin.py:190} INFO - [2026-05-28T07:36:41.204+0000] {dagbag.py:588} INFO - Filling up the DagBag from /home/airflow/.local/lib/python3.12/site-packages/airflow/example_dags/example_dataset_alias_with_no_taskflow.py
[2026-05-28T07:36:52.905+0000] {processor.py:925} INFO - DAG(s) 'dataset_s3_bucket_consumer_with_no_taskflow', 'dataset_s3_bucket_producer_with_no_taskflow', 'dataset_alias_example_alias_consumer_with_no_taskflow', 'dataset_alias_example_alias_producer_with_no_taskflow' retrieved from /home/airflow/.local/lib/python3.12/site-packages/airflow/example_dags/example_dataset_alias_with_no_taskflow.py
[2026-05-28T07:36:52.958+0000] {logging_mixin.py:190} INFO - [2026-05-28T07:36:52.957+0000] {dag.py:3239} INFO - Sync 4 DAGs
[2026-05-28T07:36:53.008+0000] {logging_mixin.py:190} INFO - [2026-05-28T07:36:53.008+0000] {dag.py:4180} INFO - Setting next_dagrun for dataset_alias_example_alias_consumer_with_no_taskflow to None, run_after=None
[2026-05-28T07:36:53.035+0000] {logging_mixin.py:190} INFO - [2026-05-28T07:36:53.035+0000] {dag.py:4180} INFO - Setting next_dagrun for dataset_alias_example_alias_producer_with_no_taskflow to None, run_after=None
[2026-05-28T07:36:53.040+0000] {logging_mixin.py:190} INFO - [2026-05-28T07:36:53.039+0000] {dag.py:4180} INFO - Setting next_dagrun for dataset_s3_bucket_consumer_with_no_taskflow to None, run_after=None
[2026-05-28T07:36:53.044+0000] {logging_mixin.py:190} INFO - [2026-05-28T07:36:53.044+0000] {dag.py:4180} INFO - Setting next_dagrun for dataset_s3_bucket_producer_with_no_taskflow to None, run_after=None
[2026-05-28T07:36:53.105+0000] {processor.py:208} INFO - Processing /home/airflow/.local/lib/python3.12/site-packages/airflow/example_dags/example_dataset_alias_with_no_taskflow.py took 11.929 seconds
[2026-05-28T07:37:23.488+0000] {processor.py:186} INFO - Started process (PID=248) to work on /home/airflow/.local/lib/python3.12/site-packages/airflow/example_dags/example_dataset_alias_with_no_taskflow.py
[2026-05-28T07:37:23.490+0000] {processor.py:914} INFO - Processing file /home/airflow/.local/lib/python3.12/site-packages/airflow/example_dags/example_dataset_alias_with_no_taskflow.py for tasks to queue
[2026-05-28T07:37:23.495+0000] {logging_mixin.py:190} INFO - [2026-05-28T07:37:23.495+0000] {dagbag.py:588} INFO - Filling up the DagBag from /home/airflow/.local/lib/python3.12/site-packages/airflow/example_dags/example_dataset_alias_with_no_taskflow.py
[2026-05-28T07:37:33.198+0000] {processor.py:925} INFO - DAG(s) 'dataset_s3_bucket_consumer_with_no_taskflow', 'dataset_alias_example_alias_producer_with_no_taskflow', 'dataset_alias_example_alias_consumer_with_no_taskflow', 'dataset_s3_bucket_producer_with_no_taskflow' retrieved from /home/airflow/.local/lib/python3.12/site-packages/airflow/example_dags/example_dataset_alias_with_no_taskflow.py
[2026-05-28T07:37:33.245+0000] {logging_mixin.py:190} INFO - [2026-05-28T07:37:33.244+0000] {dag.py:3239} INFO - Sync 4 DAGs
[2026-05-28T07:37:33.282+0000] {logging_mixin.py:190} INFO - [2026-05-28T07:37:33.282+0000] {dag.py:4180} INFO - Setting next_dagrun for dataset_alias_example_alias_consumer_with_no_taskflow to None, run_after=None
[2026-05-28T07:37:33.288+0000] {logging_mixin.py:190} INFO - [2026-05-28T07:37:33.287+0000] {dag.py:4180} INFO - Setting next_dagrun for dataset_alias_example_alias_producer_with_no_taskflow to None, run_after=None
[2026-05-28T07:37:33.291+0000] {logging_mixin.py:190} INFO - [2026-05-28T07:37:33.291+0000] {dag.py:4180} INFO - Setting next_dagrun for dataset_s3_bucket_consumer_with_no_taskflow to None, run_after=None
[2026-05-28T07:37:33.294+0000] {logging_mixin.py:190} INFO - [2026-05-28T07:37:33.294+0000] {dag.py:4180} INFO - Setting next_dagrun for dataset_s3_bucket_producer_with_no_taskflow to None, run_after=None
[2026-05-28T07:37:33.332+0000] {processor.py:208} INFO - Processing /home/airflow/.local/lib/python3.12/site-packages/airflow/example_dags/example_dataset_alias_with_no_taskflow.py took 9.853 seconds
[2026-05-28T07:38:03.664+0000] {processor.py:186} INFO - Started process (PID=329) to work on /home/airflow/.local/lib/python3.12/site-packages/airflow/example_dags/example_dataset_alias_with_no_taskflow.py
[2026-05-28T07:38:03.666+0000] {processor.py:914} INFO - Processing file /home/airflow/.local/lib/python3.12/site-packages/airflow/example_dags/example_dataset_alias_with_no_taskflow.py for tasks to queue
[2026-05-28T07:38:03.670+0000] {logging_mixin.py:190} INFO - [2026-05-28T07:38:03.669+0000] {dagbag.py:588} INFO - Filling up the DagBag from /home/airflow/.local/lib/python3.12/site-packages/airflow/example_dags/example_dataset_alias_with_no_taskflow.py
[2026-05-28T07:38:14.118+0000] {processor.py:925} INFO - DAG(s) 'dataset_s3_bucket_producer_with_no_taskflow', 'dataset_alias_example_alias_producer_with_no_taskflow', 'dataset_alias_example_alias_consumer_with_no_taskflow', 'dataset_s3_bucket_consumer_with_no_taskflow' retrieved from /home/airflow/.local/lib/python3.12/site-packages/airflow/example_dags/example_dataset_alias_with_no_taskflow.py
[2026-05-28T07:38:14.157+0000] {logging_mixin.py:190} INFO - [2026-05-28T07:38:14.156+0000] {dag.py:3239} INFO - Sync 4 DAGs
[2026-05-28T07:38:14.184+0000] {logging_mixin.py:190} INFO - [2026-05-28T07:38:14.183+0000] {dag.py:4180} INFO - Setting next_dagrun for dataset_alias_example_alias_consumer_with_no_taskflow to None, run_after=None
[2026-05-28T07:38:14.190+0000] {logging_mixin.py:190} INFO - [2026-05-28T07:38:14.189+0000] {dag.py:4180} INFO - Setting next_dagrun for dataset_alias_example_alias_producer_with_no_taskflow to None, run_after=None
[2026-05-28T07:38:14.193+0000] {logging_mixin.py:190} INFO - [2026-05-28T07:38:14.192+0000] {dag.py:4180} INFO - Setting next_dagrun for dataset_s3_bucket_consumer_with_no_taskflow to None, run_after=None
[2026-05-28T07:38:14.196+0000] {logging_mixin.py:190} INFO - [2026-05-28T07:38:14.195+0000] {dag.py:4180} INFO - Setting next_dagrun for dataset_s3_bucket_producer_with_no_taskflow to None, run_after=None
[2026-05-28T07:38:14.245+0000] {processor.py:208} INFO - Processing /home/airflow/.local/lib/python3.12/site-packages/airflow/example_dags/example_dataset_alias_with_no_taskflow.py took 10.591 seconds
[2026-05-28T07:38:44.566+0000] {processor.py:186} INFO - Started process (PID=411) to work on /home/airflow/.local/lib/python3.12/site-packages/airflow/example_dags/example_dataset_alias_with_no_taskflow.py
[2026-05-28T07:38:44.568+0000] {processor.py:914} INFO - Processing file /home/airflow/.local/lib/python3.12/site-packages/airflow/example_dags/example_dataset_alias_with_no_taskflow.py for tasks to queue
[2026-05-28T07:38:44.573+0000] {logging_mixin.py:190} INFO - [2026-05-28T07:38:44.572+0000] {dagbag.py:588} INFO - Filling up the DagBag from /home/airflow/.local/lib/python3.12/site-packages/airflow/example_dags/example_dataset_alias_with_no_taskflow.py
[2026-05-28T07:38:54.342+0000] {processor.py:925} INFO - DAG(s) 'dataset_alias_example_alias_producer_with_no_taskflow', 'dataset_s3_bucket_consumer_with_no_taskflow', 'dataset_s3_bucket_producer_with_no_taskflow', 'dataset_alias_example_alias_consumer_with_no_taskflow' retrieved from /home/airflow/.local/lib/python3.12/site-packages/airflow/example_dags/example_dataset_alias_with_no_taskflow.py
[2026-05-28T07:38:54.374+0000] {logging_mixin.py:190} INFO - [2026-05-28T07:38:54.374+0000] {dag.py:3239} INFO - Sync 4 DAGs
[2026-05-28T07:38:54.413+0000] {logging_mixin.py:190} INFO - [2026-05-28T07:38:54.413+0000] {dag.py:4180} INFO - Setting next_dagrun for dataset_alias_example_alias_consumer_with_no_taskflow to None, run_after=None
[2026-05-28T07:38:54.423+0000] {logging_mixin.py:190} INFO - [2026-05-28T07:38:54.422+0000] {dag.py:4180} INFO - Setting next_dagrun for dataset_alias_example_alias_producer_with_no_taskflow to None, run_after=None
[2026-05-28T07:38:54.427+0000] {logging_mixin.py:190} INFO - [2026-05-28T07:38:54.426+0000] {dag.py:4180} INFO - Setting next_dagrun for dataset_s3_bucket_consumer_with_no_taskflow to None, run_after=None
[2026-05-28T07:38:54.430+0000] {logging_mixin.py:190} INFO - [2026-05-28T07:38:54.430+0000] {dag.py:4180} INFO - Setting next_dagrun for dataset_s3_bucket_producer_with_no_taskflow to None, run_after=None
[2026-05-28T07:38:54.761+0000] {processor.py:208} INFO - Processing /home/airflow/.local/lib/python3.12/site-packages/airflow/example_dags/example_dataset_alias_with_no_taskflow.py took 10.205 seconds
[2026-05-28T07:39:24.862+0000] {processor.py:186} INFO - Started process (PID=486) to work on /home/airflow/.local/lib/python3.12/site-packages/airflow/example_dags/example_dataset_alias_with_no_taskflow.py
[2026-05-28T07:39:24.863+0000] {processor.py:914} INFO - Processing file /home/airflow/.local/lib/python3.12/site-packages/airflow/example_dags/example_dataset_alias_with_no_taskflow.py for tasks to queue
[2026-05-28T07:39:24.869+0000] {logging_mixin.py:190} INFO - [2026-05-28T07:39:24.868+0000] {dagbag.py:588} INFO - Filling up the DagBag from /home/airflow/.local/lib/python3.12/site-packages/airflow/example_dags/example_dataset_alias_with_no_taskflow.py
[2026-05-28T07:39:34.738+0000] {processor.py:925} INFO - DAG(s) 'dataset_s3_bucket_producer_with_no_taskflow', 'dataset_alias_example_alias_consumer_with_no_taskflow', 'dataset_alias_example_alias_producer_with_no_taskflow', 'dataset_s3_bucket_consumer_with_no_taskflow' retrieved from /home/airflow/.local/lib/python3.12/site-packages/airflow/example_dags/example_dataset_alias_with_no_taskflow.py
[2026-05-28T07:39:34.781+0000] {logging_mixin.py:190} INFO - [2026-05-28T07:39:34.780+0000] {dag.py:3239} INFO - Sync 4 DAGs
[2026-05-28T07:39:34.821+0000] {logging_mixin.py:190} INFO - [2026-05-28T07:39:34.820+0000] {dag.py:4180} INFO - Setting next_dagrun for dataset_alias_example_alias_consumer_with_no_taskflow to None, run_after=None
[2026-05-28T07:39:34.827+0000] {logging_mixin.py:190} INFO - [2026-05-28T07:39:34.826+0000] {dag.py:4180} INFO - Setting next_dagrun for dataset_alias_example_alias_producer_with_no_taskflow to None, run_after=None
[2026-05-28T07:39:34.830+0000] {logging_mixin.py:190} INFO - [2026-05-28T07:39:34.829+0000] {dag.py:4180} INFO - Setting next_dagrun for dataset_s3_bucket_consumer_with_no_taskflow to None, run_after=None
[2026-05-28T07:39:34.833+0000] {logging_mixin.py:190} INFO - [2026-05-28T07:39:34.833+0000] {dag.py:4180} INFO - Setting next_dagrun for dataset_s3_bucket_producer_with_no_taskflow to None, run_after=None
[2026-05-28T07:39:34.884+0000] {processor.py:208} INFO - Processing /home/airflow/.local/lib/python3.12/site-packages/airflow/example_dags/example_dataset_alias_with_no_taskflow.py took 10.032 seconds
[2026-05-28T07:40:05.147+0000] {processor.py:186} INFO - Started process (PID=552) to work on /home/airflow/.local/lib/python3.12/site-packages/airflow/example_dags/example_dataset_alias_with_no_taskflow.py
[2026-05-28T07:40:05.149+0000] {processor.py:914} INFO - Processing file /home/airflow/.local/lib/python3.12/site-packages/airflow/example_dags/example_dataset_alias_with_no_taskflow.py for tasks to queue
[2026-05-28T07:40:05.154+0000] {logging_mixin.py:190} INFO - [2026-05-28T07:40:05.154+0000] {dagbag.py:588} INFO - Filling up the DagBag from /home/airflow/.local/lib/python3.12/site-packages/airflow/example_dags/example_dataset_alias_with_no_taskflow.py
[2026-05-28T07:40:16.129+0000] {processor.py:925} INFO - DAG(s) 'dataset_alias_example_alias_producer_with_no_taskflow', 'dataset_alias_example_alias_consumer_with_no_taskflow', 'dataset_s3_bucket_producer_with_no_taskflow', 'dataset_s3_bucket_consumer_with_no_taskflow' retrieved from /home/airflow/.local/lib/python3.12/site-packages/airflow/example_dags/example_dataset_alias_with_no_taskflow.py
[2026-05-28T07:40:16.169+0000] {logging_mixin.py:190} INFO - [2026-05-28T07:40:16.168+0000] {dag.py:3239} INFO - Sync 4 DAGs
[2026-05-28T07:40:16.207+0000] {logging_mixin.py:190} INFO - [2026-05-28T07:40:16.206+0000] {dag.py:4180} INFO - Setting next_dagrun for dataset_alias_example_alias_consumer_with_no_taskflow to None, run_after=None
[2026-05-28T07:40:16.212+0000] {logging_mixin.py:190} INFO - [2026-05-28T07:40:16.212+0000] {dag.py:4180} INFO - Setting next_dagrun for dataset_alias_example_alias_producer_with_no_taskflow to None, run_after=None
[2026-05-28T07:40:16.215+0000] {logging_mixin.py:190} INFO - [2026-05-28T07:40:16.214+0000] {dag.py:4180} INFO - Setting next_dagrun for dataset_s3_bucket_consumer_with_no_taskflow to None, run_after=None
[2026-05-28T07:40:16.218+0000] {logging_mixin.py:190} INFO - [2026-05-28T07:40:16.218+0000] {dag.py:4180} INFO - Setting next_dagrun for dataset_s3_bucket_producer_with_no_taskflow to None, run_after=None
[2026-05-28T07:40:16.261+0000] {processor.py:208} INFO - Processing /home/airflow/.local/lib/python3.12/site-packages/airflow/example_dags/example_dataset_alias_with_no_taskflow.py took 11.130 seconds
[2026-05-28T07:40:46.777+0000] {processor.py:186} INFO - Started process (PID=631) to work on /home/airflow/.local/lib/python3.12/site-packages/airflow/example_dags/example_dataset_alias_with_no_taskflow.py
[2026-05-28T07:40:46.779+0000] {processor.py:914} INFO - Processing file /home/airflow/.local/lib/python3.12/site-packages/airflow/example_dags/example_dataset_alias_with_no_taskflow.py for tasks to queue
[2026-05-28T07:40:46.785+0000] {logging_mixin.py:190} INFO - [2026-05-28T07:40:46.784+0000] {dagbag.py:588} INFO - Filling up the DagBag from /home/airflow/.local/lib/python3.12/site-packages/airflow/example_dags/example_dataset_alias_with_no_taskflow.py
[2026-05-28T07:40:57.464+0000] {processor.py:925} INFO - DAG(s) 'dataset_alias_example_alias_consumer_with_no_taskflow', 'dataset_s3_bucket_consumer_with_no_taskflow', 'dataset_s3_bucket_producer_with_no_taskflow', 'dataset_alias_example_alias_producer_with_no_taskflow' retrieved from /home/airflow/.local/lib/python3.12/site-packages/airflow/example_dags/example_dataset_alias_with_no_taskflow.py
[2026-05-28T07:40:57.502+0000] {logging_mixin.py:190} INFO - [2026-05-28T07:40:57.501+0000] {dag.py:3239} INFO - Sync 4 DAGs
[2026-05-28T07:40:57.538+0000] {logging_mixin.py:190} INFO - [2026-05-28T07:40:57.537+0000] {dag.py:4180} INFO - Setting next_dagrun for dataset_alias_example_alias_consumer_with_no_taskflow to None, run_after=None
[2026-05-28T07:40:57.543+0000] {logging_mixin.py:190} INFO - [2026-05-28T07:40:57.542+0000] {dag.py:4180} INFO - Setting next_dagrun for dataset_alias_example_alias_producer_with_no_taskflow to None, run_after=None
[2026-05-28T07:40:57.546+0000] {logging_mixin.py:190} INFO - [2026-05-28T07:40:57.546+0000] {dag.py:4180} INFO - Setting next_dagrun for dataset_s3_bucket_consumer_with_no_taskflow to None, run_after=None
[2026-05-28T07:40:57.549+0000] {logging_mixin.py:190} INFO - [2026-05-28T07:40:57.549+0000] {dag.py:4180} INFO - Setting next_dagrun for dataset_s3_bucket_producer_with_no_taskflow to None, run_after=None
[2026-05-28T07:40:57.619+0000] {processor.py:208} INFO - Processing /home/airflow/.local/lib/python3.12/site-packages/airflow/example_dags/example_dataset_alias_with_no_taskflow.py took 10.853 seconds
[2026-05-28T07:41:27.988+0000] {processor.py:186} INFO - Started process (PID=706) to work on /home/airflow/.local/lib/python3.12/site-packages/airflow/example_dags/example_dataset_alias_with_no_taskflow.py
[2026-05-28T07:41:27.990+0000] {processor.py:914} INFO - Processing file /home/airflow/.local/lib/python3.12/site-packages/airflow/example_dags/example_dataset_alias_with_no_taskflow.py for tasks to queue
[2026-05-28T07:41:27.995+0000] {logging_mixin.py:190} INFO - [2026-05-28T07:41:27.994+0000] {dagbag.py:588} INFO - Filling up the DagBag from /home/airflow/.local/lib/python3.12/site-packages/airflow/example_dags/example_dataset_alias_with_no_taskflow.py
[2026-05-28T07:41:37.962+0000] {processor.py:925} INFO - DAG(s) 'dataset_alias_example_alias_consumer_with_no_taskflow', 'dataset_s3_bucket_consumer_with_no_taskflow', 'dataset_s3_bucket_producer_with_no_taskflow', 'dataset_alias_example_alias_producer_with_no_taskflow' retrieved from /home/airflow/.local/lib/python3.12/site-packages/airflow/example_dags/example_dataset_alias_with_no_taskflow.py
[2026-05-28T07:41:37.995+0000] {logging_mixin.py:190} INFO - [2026-05-28T07:41:37.995+0000] {dag.py:3239} INFO - Sync 4 DAGs
[2026-05-28T07:41:38.022+0000] {logging_mixin.py:190} INFO - [2026-05-28T07:41:38.021+0000] {dag.py:4180} INFO - Setting next_dagrun for dataset_alias_example_alias_consumer_with_no_taskflow to None, run_after=None
[2026-05-28T07:41:38.026+0000] {logging_mixin.py:190} INFO - [2026-05-28T07:41:38.026+0000] {dag.py:4180} INFO - Setting next_dagrun for dataset_alias_example_alias_producer_with_no_taskflow to None, run_after=None
[2026-05-28T07:41:38.029+0000] {logging_mixin.py:190} INFO - [2026-05-28T07:41:38.029+0000] {dag.py:4180} INFO - Setting next_dagrun for dataset_s3_bucket_consumer_with_no_taskflow to None, run_after=None
[2026-05-28T07:41:38.032+0000] {logging_mixin.py:190} INFO - [2026-05-28T07:41:38.032+0000] {dag.py:4180} INFO - Setting next_dagrun for dataset_s3_bucket_producer_with_no_taskflow to None, run_after=None
[2026-05-28T07:41:38.076+0000] {processor.py:208} INFO - Processing /home/airflow/.local/lib/python3.12/site-packages/airflow/example_dags/example_dataset_alias_with_no_taskflow.py took 10.101 seconds
[2026-05-28T07:42:08.675+0000] {processor.py:186} INFO - Started process (PID=776) to work on /home/airflow/.local/lib/python3.12/site-packages/airflow/example_dags/example_dataset_alias_with_no_taskflow.py
[2026-05-28T07:42:08.676+0000] {processor.py:914} INFO - Processing file /home/airflow/.local/lib/python3.12/site-packages/airflow/example_dags/example_dataset_alias_with_no_taskflow.py for tasks to queue
[2026-05-28T07:42:08.680+0000] {logging_mixin.py:190} INFO - [2026-05-28T07:42:08.680+0000] {dagbag.py:588} INFO - Filling up the DagBag from /home/airflow/.local/lib/python3.12/site-packages/airflow/example_dags/example_dataset_alias_with_no_taskflow.py
[2026-05-28T07:42:19.905+0000] {processor.py:925} INFO - DAG(s) 'dataset_alias_example_alias_consumer_with_no_taskflow', 'dataset_s3_bucket_consumer_with_no_taskflow', 'dataset_alias_example_alias_producer_with_no_taskflow', 'dataset_s3_bucket_producer_with_no_taskflow' retrieved from /home/airflow/.local/lib/python3.12/site-packages/airflow/example_dags/example_dataset_alias_with_no_taskflow.py
[2026-05-28T07:42:19.941+0000] {logging_mixin.py:190} INFO - [2026-05-28T07:42:19.940+0000] {dag.py:3239} INFO - Sync 4 DAGs
[2026-05-28T07:42:20.009+0000] {logging_mixin.py:190} INFO - [2026-05-28T07:42:20.009+0000] {dag.py:4180} INFO - Setting next_dagrun for dataset_alias_example_alias_consumer_with_no_taskflow to None, run_after=None
[2026-05-28T07:42:20.018+0000] {logging_mixin.py:190} INFO - [2026-05-28T07:42:20.017+0000] {dag.py:4180} INFO - Setting next_dagrun for dataset_alias_example_alias_producer_with_no_taskflow to None, run_after=None
[2026-05-28T07:42:20.024+0000] {logging_mixin.py:190} INFO - [2026-05-28T07:42:20.022+0000] {dag.py:4180} INFO - Setting next_dagrun for dataset_s3_bucket_consumer_with_no_taskflow to None, run_after=None
[2026-05-28T07:42:20.029+0000] {logging_mixin.py:190} INFO - [2026-05-28T07:42:20.029+0000] {dag.py:4180} INFO - Setting next_dagrun for dataset_s3_bucket_producer_with_no_taskflow to None, run_after=None
[2026-05-28T07:42:20.104+0000] {processor.py:208} INFO - Processing /home/airflow/.local/lib/python3.12/site-packages/airflow/example_dags/example_dataset_alias_with_no_taskflow.py took 11.438 seconds
[2026-05-28T07:42:50.972+0000] {processor.py:186} INFO - Started process (PID=848) to work on /home/airflow/.local/lib/python3.12/site-packages/airflow/example_dags/example_dataset_alias_with_no_taskflow.py
[2026-05-28T07:42:50.974+0000] {processor.py:914} INFO - Processing file /home/airflow/.local/lib/python3.12/site-packages/airflow/example_dags/example_dataset_alias_with_no_taskflow.py for tasks to queue
[2026-05-28T07:42:50.979+0000] {logging_mixin.py:190} INFO - [2026-05-28T07:42:50.978+0000] {dagbag.py:588} INFO - Filling up the DagBag from /home/airflow/.local/lib/python3.12/site-packages/airflow/example_dags/example_dataset_alias_with_no_taskflow.py
[2026-05-28T07:43:02.034+0000] {processor.py:925} INFO - DAG(s) 'dataset_s3_bucket_producer_with_no_taskflow', 'dataset_alias_example_alias_producer_with_no_taskflow', 'dataset_alias_example_alias_consumer_with_no_taskflow', 'dataset_s3_bucket_consumer_with_no_taskflow' retrieved from /home/airflow/.local/lib/python3.12/site-packages/airflow/example_dags/example_dataset_alias_with_no_taskflow.py
[2026-05-28T07:43:02.095+0000] {logging_mixin.py:190} INFO - [2026-05-28T07:43:02.093+0000] {dag.py:3239} INFO - Sync 4 DAGs
[2026-05-28T07:43:02.139+0000] {logging_mixin.py:190} INFO - [2026-05-28T07:43:02.139+0000] {dag.py:4180} INFO - Setting next_dagrun for dataset_alias_example_alias_consumer_with_no_taskflow to None, run_after=None
[2026-05-28T07:43:02.150+0000] {logging_mixin.py:190} INFO - [2026-05-28T07:43:02.149+0000] {dag.py:4180} INFO - Setting next_dagrun for dataset_alias_example_alias_producer_with_no_taskflow to None, run_after=None
[2026-05-28T07:43:02.154+0000] {logging_mixin.py:190} INFO - [2026-05-28T07:43:02.153+0000] {dag.py:4180} INFO - Setting next_dagrun for dataset_s3_bucket_consumer_with_no_taskflow to None, run_after=None
[2026-05-28T07:43:02.158+0000] {logging_mixin.py:190} INFO - [2026-05-28T07:43:02.157+0000] {dag.py:4180} INFO - Setting next_dagrun for dataset_s3_bucket_producer_with_no_taskflow to None, run_after=None
[2026-05-28T07:43:02.315+0000] {processor.py:208} INFO - Processing /home/airflow/.local/lib/python3.12/site-packages/airflow/example_dags/example_dataset_alias_with_no_taskflow.py took 11.354 seconds
[2026-05-28T07:43:32.623+0000] {processor.py:186} INFO - Started process (PID=913) to work on /home/airflow/.local/lib/python3.12/site-packages/airflow/example_dags/example_dataset_alias_with_no_taskflow.py
[2026-05-28T07:43:32.626+0000] {processor.py:914} INFO - Processing file /home/airflow/.local/lib/python3.12/site-packages/airflow/example_dags/example_dataset_alias_with_no_taskflow.py for tasks to queue
[2026-05-28T07:43:32.631+0000] {logging_mixin.py:190} INFO - [2026-05-28T07:43:32.630+0000] {dagbag.py:588} INFO - Filling up the DagBag from /home/airflow/.local/lib/python3.12/site-packages/airflow/example_dags/example_dataset_alias_with_no_taskflow.py
[2026-05-28T07:43:43.318+0000] {processor.py:925} INFO - DAG(s) 'dataset_s3_bucket_producer_with_no_taskflow', 'dataset_alias_example_alias_producer_with_no_taskflow', 'dataset_alias_example_alias_consumer_with_no_taskflow', 'dataset_s3_bucket_consumer_with_no_taskflow' retrieved from /home/airflow/.local/lib/python3.12/site-packages/airflow/example_dags/example_dataset_alias_with_no_taskflow.py
[2026-05-28T07:43:43.357+0000] {logging_mixin.py:190} INFO - [2026-05-28T07:43:43.356+0000] {dag.py:3239} INFO - Sync 4 DAGs
[2026-05-28T07:43:43.399+0000] {logging_mixin.py:190} INFO - [2026-05-28T07:43:43.399+0000] {dag.py:4180} INFO - Setting next_dagrun for dataset_alias_example_alias_consumer_with_no_taskflow to None, run_after=None
[2026-05-28T07:43:43.410+0000] {logging_mixin.py:190} INFO - [2026-05-28T07:43:43.409+0000] {dag.py:4180} INFO - Setting next_dagrun for dataset_alias_example_alias_producer_with_no_taskflow to None, run_after=None
[2026-05-28T07:43:43.416+0000] {logging_mixin.py:190} INFO - [2026-05-28T07:43:43.415+0000] {dag.py:4180} INFO - Setting next_dagrun for dataset_s3_bucket_consumer_with_no_taskflow to None, run_after=None
[2026-05-28T07:43:43.421+0000] {logging_mixin.py:190} INFO - [2026-05-28T07:43:43.420+0000] {dag.py:4180} INFO - Setting next_dagrun for dataset_s3_bucket_producer_with_no_taskflow to None, run_after=None
[2026-05-28T07:43:43.506+0000] {processor.py:208} INFO - Processing /home/airflow/.local/lib/python3.12/site-packages/airflow/example_dags/example_dataset_alias_with_no_taskflow.py took 10.902 seconds
[2026-05-28T07:44:14.308+0000] {processor.py:186} INFO - Started process (PID=1000) to work on /home/airflow/.local/lib/python3.12/site-packages/airflow/example_dags/example_dataset_alias_with_no_taskflow.py
[2026-05-28T07:44:14.310+0000] {processor.py:914} INFO - Processing file /home/airflow/.local/lib/python3.12/site-packages/airflow/example_dags/example_dataset_alias_with_no_taskflow.py for tasks to queue
[2026-05-28T07:44:14.317+0000] {logging_mixin.py:190} INFO - [2026-05-28T07:44:14.316+0000] {dagbag.py:588} INFO - Filling up the DagBag from /home/airflow/.local/lib/python3.12/site-packages/airflow/example_dags/example_dataset_alias_with_no_taskflow.py
[2026-05-28T07:44:26.030+0000] {processor.py:925} INFO - DAG(s) 'dataset_alias_example_alias_producer_with_no_taskflow', 'dataset_s3_bucket_producer_with_no_taskflow', 'dataset_s3_bucket_consumer_with_no_taskflow', 'dataset_alias_example_alias_consumer_with_no_taskflow' retrieved from /home/airflow/.local/lib/python3.12/site-packages/airflow/example_dags/example_dataset_alias_with_no_taskflow.py
[2026-05-28T07:44:26.080+0000] {logging_mixin.py:190} INFO - [2026-05-28T07:44:26.079+0000] {dag.py:3239} INFO - Sync 4 DAGs
[2026-05-28T07:44:26.129+0000] {logging_mixin.py:190} INFO - [2026-05-28T07:44:26.128+0000] {dag.py:4180} INFO - Setting next_dagrun for dataset_alias_example_alias_consumer_with_no_taskflow to None, run_after=None
[2026-05-28T07:44:26.135+0000] {logging_mixin.py:190} INFO - [2026-05-28T07:44:26.135+0000] {dag.py:4180} INFO - Setting next_dagrun for dataset_alias_example_alias_producer_with_no_taskflow to None, run_after=None
[2026-05-28T07:44:26.139+0000] {logging_mixin.py:190} INFO - [2026-05-28T07:44:26.138+0000] {dag.py:4180} INFO - Setting next_dagrun for dataset_s3_bucket_consumer_with_no_taskflow to None, run_after=None
[2026-05-28T07:44:26.143+0000] {logging_mixin.py:190} INFO - [2026-05-28T07:44:26.142+0000] {dag.py:4180} INFO - Setting next_dagrun for dataset_s3_bucket_producer_with_no_taskflow to None, run_after=None
[2026-05-28T07:44:26.195+0000] {processor.py:208} INFO - Processing /home/airflow/.local/lib/python3.12/site-packages/airflow/example_dags/example_dataset_alias_with_no_taskflow.py took 11.901 seconds
[2026-05-28T07:44:57.384+0000] {processor.py:186} INFO - Started process (PID=1093) to work on /home/airflow/.local/lib/python3.12/site-packages/airflow/example_dags/example_dataset_alias_with_no_taskflow.py
[2026-05-28T07:44:57.386+0000] {processor.py:914} INFO - Processing file /home/airflow/.local/lib/python3.12/site-packages/airflow/example_dags/example_dataset_alias_with_no_taskflow.py for tasks to queue
[2026-05-28T07:44:57.397+0000] {logging_mixin.py:190} INFO - [2026-05-28T07:44:57.396+0000] {dagbag.py:588} INFO - Filling up the DagBag from /home/airflow/.local/lib/python3.12/site-packages/airflow/example_dags/example_dataset_alias_with_no_taskflow.py
[2026-05-28T07:45:07.896+0000] {processor.py:925} INFO - DAG(s) 'dataset_s3_bucket_producer_with_no_taskflow', 'dataset_alias_example_alias_consumer_with_no_taskflow', 'dataset_s3_bucket_consumer_with_no_taskflow', 'dataset_alias_example_alias_producer_with_no_taskflow' retrieved from /home/airflow/.local/lib/python3.12/site-packages/airflow/example_dags/example_dataset_alias_with_no_taskflow.py
[2026-05-28T07:45:07.939+0000] {logging_mixin.py:190} INFO - [2026-05-28T07:45:07.938+0000] {dag.py:3239} INFO - Sync 4 DAGs
[2026-05-28T07:45:07.985+0000] {logging_mixin.py:190} INFO - [2026-05-28T07:45:07.984+0000] {dag.py:4180} INFO - Setting next_dagrun for dataset_alias_example_alias_consumer_with_no_taskflow to None, run_after=None
[2026-05-28T07:45:07.991+0000] {logging_mixin.py:190} INFO - [2026-05-28T07:45:07.991+0000] {dag.py:4180} INFO - Setting next_dagrun for dataset_alias_example_alias_producer_with_no_taskflow to None, run_after=None
[2026-05-28T07:45:07.995+0000] {logging_mixin.py:190} INFO - [2026-05-28T07:45:07.995+0000] {dag.py:4180} INFO - Setting next_dagrun for dataset_s3_bucket_consumer_with_no_taskflow to None, run_after=None
[2026-05-28T07:45:07.999+0000] {logging_mixin.py:190} INFO - [2026-05-28T07:45:07.998+0000] {dag.py:4180} INFO - Setting next_dagrun for dataset_s3_bucket_producer_with_no_taskflow to None, run_after=None
[2026-05-28T07:45:08.050+0000] {processor.py:208} INFO - Processing /home/airflow/.local/lib/python3.12/site-packages/airflow/example_dags/example_dataset_alias_with_no_taskflow.py took 10.680 seconds
[2026-05-28T07:45:38.568+0000] {processor.py:186} INFO - Started process (PID=1159) to work on /home/airflow/.local/lib/python3.12/site-packages/airflow/example_dags/example_dataset_alias_with_no_taskflow.py
[2026-05-28T07:45:38.571+0000] {processor.py:914} INFO - Processing file /home/airflow/.local/lib/python3.12/site-packages/airflow/example_dags/example_dataset_alias_with_no_taskflow.py for tasks to queue
[2026-05-28T07:45:38.580+0000] {logging_mixin.py:190} INFO - [2026-05-28T07:45:38.579+0000] {dagbag.py:588} INFO - Filling up the DagBag from /home/airflow/.local/lib/python3.12/site-packages/airflow/example_dags/example_dataset_alias_with_no_taskflow.py
[2026-05-28T07:45:51.032+0000] {processor.py:925} INFO - DAG(s) 'dataset_alias_example_alias_producer_with_no_taskflow', 'dataset_alias_example_alias_consumer_with_no_taskflow', 'dataset_s3_bucket_producer_with_no_taskflow', 'dataset_s3_bucket_consumer_with_no_taskflow' retrieved from /home/airflow/.local/lib/python3.12/site-packages/airflow/example_dags/example_dataset_alias_with_no_taskflow.py
[2026-05-28T07:45:51.069+0000] {logging_mixin.py:190} INFO - [2026-05-28T07:45:51.068+0000] {dag.py:3239} INFO - Sync 4 DAGs
[2026-05-28T07:45:51.104+0000] {logging_mixin.py:190} INFO - [2026-05-28T07:45:51.104+0000] {dag.py:4180} INFO - Setting next_dagrun for dataset_alias_example_alias_consumer_with_no_taskflow to None, run_after=None
[2026-05-28T07:45:51.111+0000] {logging_mixin.py:190} INFO - [2026-05-28T07:45:51.111+0000] {dag.py:4180} INFO - Setting next_dagrun for dataset_alias_example_alias_producer_with_no_taskflow to None, run_after=None
[2026-05-28T07:45:51.114+0000] {logging_mixin.py:190} INFO - [2026-05-28T07:45:51.114+0000] {dag.py:4180} INFO - Setting next_dagrun for dataset_s3_bucket_consumer_with_no_taskflow to None, run_after=None
[2026-05-28T07:45:51.117+0000] {logging_mixin.py:190} INFO - [2026-05-28T07:45:51.117+0000] {dag.py:4180} INFO - Setting next_dagrun for dataset_s3_bucket_producer_with_no_taskflow to None, run_after=None
[2026-05-28T07:45:51.156+0000] {processor.py:208} INFO - Processing /home/airflow/.local/lib/python3.12/site-packages/airflow/example_dags/example_dataset_alias_with_no_taskflow.py took 12.598 seconds
[2026-05-28T07:46:22.258+0000] {processor.py:186} INFO - Started process (PID=1230) to work on /home/airflow/.local/lib/python3.12/site-packages/airflow/example_dags/example_dataset_alias_with_no_taskflow.py
[2026-05-28T07:46:22.260+0000] {processor.py:914} INFO - Processing file /home/airflow/.local/lib/python3.12/site-packages/airflow/example_dags/example_dataset_alias_with_no_taskflow.py for tasks to queue
[2026-05-28T07:46:22.265+0000] {logging_mixin.py:190} INFO - [2026-05-28T07:46:22.265+0000] {dagbag.py:588} INFO - Filling up the DagBag from /home/airflow/.local/lib/python3.12/site-packages/airflow/example_dags/example_dataset_alias_with_no_taskflow.py
[2026-05-28T07:46:33.958+0000] {processor.py:925} INFO - DAG(s) 'dataset_s3_bucket_consumer_with_no_taskflow', 'dataset_alias_example_alias_producer_with_no_taskflow', 'dataset_alias_example_alias_consumer_with_no_taskflow', 'dataset_s3_bucket_producer_with_no_taskflow' retrieved from /home/airflow/.local/lib/python3.12/site-packages/airflow/example_dags/example_dataset_alias_with_no_taskflow.py
[2026-05-28T07:46:34.006+0000] {logging_mixin.py:190} INFO - [2026-05-28T07:46:34.005+0000] {dag.py:3239} INFO - Sync 4 DAGs
[2026-05-28T07:46:34.048+0000] {logging_mixin.py:190} INFO - [2026-05-28T07:46:34.047+0000] {dag.py:4180} INFO - Setting next_dagrun for dataset_alias_example_alias_consumer_with_no_taskflow to None, run_after=None
[2026-05-28T07:46:34.054+0000] {logging_mixin.py:190} INFO - [2026-05-28T07:46:34.053+0000] {dag.py:4180} INFO - Setting next_dagrun for dataset_alias_example_alias_producer_with_no_taskflow to None, run_after=None
[2026-05-28T07:46:34.059+0000] {logging_mixin.py:190} INFO - [2026-05-28T07:46:34.059+0000] {dag.py:4180} INFO - Setting next_dagrun for dataset_s3_bucket_consumer_with_no_taskflow to None, run_after=None
[2026-05-28T07:46:34.063+0000] {logging_mixin.py:190} INFO - [2026-05-28T07:46:34.062+0000] {dag.py:4180} INFO - Setting next_dagrun for dataset_s3_bucket_producer_with_no_taskflow to None, run_after=None
[2026-05-28T07:46:34.106+0000] {processor.py:208} INFO - Processing /home/airflow/.local/lib/python3.12/site-packages/airflow/example_dags/example_dataset_alias_with_no_taskflow.py took 11.860 seconds
[2026-05-28T07:47:04.522+0000] {processor.py:186} INFO - Started process (PID=1293) to work on /home/airflow/.local/lib/python3.12/site-packages/airflow/example_dags/example_dataset_alias_with_no_taskflow.py
[2026-05-28T07:47:04.524+0000] {processor.py:914} INFO - Processing file /home/airflow/.local/lib/python3.12/site-packages/airflow/example_dags/example_dataset_alias_with_no_taskflow.py for tasks to queue
[2026-05-28T07:47:04.529+0000] {logging_mixin.py:190} INFO - [2026-05-28T07:47:04.528+0000] {dagbag.py:588} INFO - Filling up the DagBag from /home/airflow/.local/lib/python3.12/site-packages/airflow/example_dags/example_dataset_alias_with_no_taskflow.py
[2026-05-28T07:47:15.073+0000] {processor.py:925} INFO - DAG(s) 'dataset_alias_example_alias_producer_with_no_taskflow', 'dataset_s3_bucket_producer_with_no_taskflow', 'dataset_s3_bucket_consumer_with_no_taskflow', 'dataset_alias_example_alias_consumer_with_no_taskflow' retrieved from /home/airflow/.local/lib/python3.12/site-packages/airflow/example_dags/example_dataset_alias_with_no_taskflow.py
[2026-05-28T07:47:15.113+0000] {logging_mixin.py:190} INFO - [2026-05-28T07:47:15.112+0000] {dag.py:3239} INFO - Sync 4 DAGs
[2026-05-28T07:47:15.144+0000] {logging_mixin.py:190} INFO - [2026-05-28T07:47:15.144+0000] {dag.py:4180} INFO - Setting next_dagrun for dataset_alias_example_alias_consumer_with_no_taskflow to None, run_after=None
[2026-05-28T07:47:15.149+0000] {logging_mixin.py:190} INFO - [2026-05-28T07:47:15.149+0000] {dag.py:4180} INFO - Setting next_dagrun for dataset_alias_example_alias_producer_with_no_taskflow to None, run_after=None
[2026-05-28T07:47:15.152+0000] {logging_mixin.py:190} INFO - [2026-05-28T07:47:15.152+0000] {dag.py:4180} INFO - Setting next_dagrun for dataset_s3_bucket_consumer_with_no_taskflow to None, run_after=None
[2026-05-28T07:47:15.155+0000] {logging_mixin.py:190} INFO - [2026-05-28T07:47:15.155+0000] {dag.py:4180} INFO - Setting next_dagrun for dataset_s3_bucket_producer_with_no_taskflow to None, run_after=None
[2026-05-28T07:47:15.201+0000] {processor.py:208} INFO - Processing /home/airflow/.local/lib/python3.12/site-packages/airflow/example_dags/example_dataset_alias_with_no_taskflow.py took 10.693 seconds
[2026-05-28T07:47:45.763+0000] {processor.py:186} INFO - Started process (PID=1369) to work on /home/airflow/.local/lib/python3.12/site-packages/airflow/example_dags/example_dataset_alias_with_no_taskflow.py
[2026-05-28T07:47:45.765+0000] {processor.py:914} INFO - Processing file /home/airflow/.local/lib/python3.12/site-packages/airflow/example_dags/example_dataset_alias_with_no_taskflow.py for tasks to queue
[2026-05-28T07:47:45.770+0000] {logging_mixin.py:190} INFO - [2026-05-28T07:47:45.770+0000] {dagbag.py:588} INFO - Filling up the DagBag from /home/airflow/.local/lib/python3.12/site-packages/airflow/example_dags/example_dataset_alias_with_no_taskflow.py
[2026-05-28T07:47:56.819+0000] {processor.py:925} INFO - DAG(s) 'dataset_s3_bucket_consumer_with_no_taskflow', 'dataset_alias_example_alias_producer_with_no_taskflow', 'dataset_s3_bucket_producer_with_no_taskflow', 'dataset_alias_example_alias_consumer_with_no_taskflow' retrieved from /home/airflow/.local/lib/python3.12/site-packages/airflow/example_dags/example_dataset_alias_with_no_taskflow.py
[2026-05-28T07:47:56.856+0000] {logging_mixin.py:190} INFO - [2026-05-28T07:47:56.855+0000] {dag.py:3239} INFO - Sync 4 DAGs
[2026-05-28T07:47:56.886+0000] {logging_mixin.py:190} INFO - [2026-05-28T07:47:56.886+0000] {dag.py:4180} INFO - Setting next_dagrun for dataset_alias_example_alias_consumer_with_no_taskflow to None, run_after=None
[2026-05-28T07:47:56.891+0000] {logging_mixin.py:190} INFO - [2026-05-28T07:47:56.890+0000] {dag.py:4180} INFO - Setting next_dagrun for dataset_alias_example_alias_producer_with_no_taskflow to None, run_after=None
[2026-05-28T07:47:56.894+0000] {logging_mixin.py:190} INFO - [2026-05-28T07:47:56.894+0000] {dag.py:4180} INFO - Setting next_dagrun for dataset_s3_bucket_consumer_with_no_taskflow to None, run_after=None
[2026-05-28T07:47:56.897+0000] {logging_mixin.py:190} INFO - [2026-05-28T07:47:56.896+0000] {dag.py:4180} INFO - Setting next_dagrun for dataset_s3_bucket_producer_with_no_taskflow to None, run_after=None
[2026-05-28T07:47:56.940+0000] {processor.py:208} INFO - Processing /home/airflow/.local/lib/python3.12/site-packages/airflow/example_dags/example_dataset_alias_with_no_taskflow.py took 11.187 seconds
[2026-05-28T07:48:27.842+0000] {processor.py:186} INFO - Started process (PID=1460) to work on /home/airflow/.local/lib/python3.12/site-packages/airflow/example_dags/example_dataset_alias_with_no_taskflow.py
[2026-05-28T07:48:27.844+0000] {processor.py:914} INFO - Processing file /home/airflow/.local/lib/python3.12/site-packages/airflow/example_dags/example_dataset_alias_with_no_taskflow.py for tasks to queue
[2026-05-28T07:48:27.848+0000] {logging_mixin.py:190} INFO - [2026-05-28T07:48:27.848+0000] {dagbag.py:588} INFO - Filling up the DagBag from /home/airflow/.local/lib/python3.12/site-packages/airflow/example_dags/example_dataset_alias_with_no_taskflow.py
[2026-05-28T07:48:38.601+0000] {processor.py:925} INFO - DAG(s) 'dataset_alias_example_alias_consumer_with_no_taskflow', 'dataset_s3_bucket_consumer_with_no_taskflow', 'dataset_s3_bucket_producer_with_no_taskflow', 'dataset_alias_example_alias_producer_with_no_taskflow' retrieved from /home/airflow/.local/lib/python3.12/site-packages/airflow/example_dags/example_dataset_alias_with_no_taskflow.py
[2026-05-28T07:48:38.643+0000] {logging_mixin.py:190} INFO - [2026-05-28T07:48:38.642+0000] {dag.py:3239} INFO - Sync 4 DAGs
[2026-05-28T07:48:38.685+0000] {logging_mixin.py:190} INFO - [2026-05-28T07:48:38.685+0000] {dag.py:4180} INFO - Setting next_dagrun for dataset_alias_example_alias_consumer_with_no_taskflow to None, run_after=None
[2026-05-28T07:48:38.692+0000] {logging_mixin.py:190} INFO - [2026-05-28T07:48:38.691+0000] {dag.py:4180} INFO - Setting next_dagrun for dataset_alias_example_alias_producer_with_no_taskflow to None, run_after=None
[2026-05-28T07:48:38.695+0000] {logging_mixin.py:190} INFO - [2026-05-28T07:48:38.694+0000] {dag.py:4180} INFO - Setting next_dagrun for dataset_s3_bucket_consumer_with_no_taskflow to None, run_after=None
[2026-05-28T07:48:38.698+0000] {logging_mixin.py:190} INFO - [2026-05-28T07:48:38.698+0000] {dag.py:4180} INFO - Setting next_dagrun for dataset_s3_bucket_producer_with_no_taskflow to None, run_after=None
[2026-05-28T07:48:38.752+0000] {processor.py:208} INFO - Processing /home/airflow/.local/lib/python3.12/site-packages/airflow/example_dags/example_dataset_alias_with_no_taskflow.py took 10.923 seconds
[2026-05-28T07:49:09.459+0000] {processor.py:186} INFO - Started process (PID=1541) to work on /home/airflow/.local/lib/python3.12/site-packages/airflow/example_dags/example_dataset_alias_with_no_taskflow.py
[2026-05-28T07:49:09.461+0000] {processor.py:914} INFO - Processing file /home/airflow/.local/lib/python3.12/site-packages/airflow/example_dags/example_dataset_alias_with_no_taskflow.py for tasks to queue
[2026-05-28T07:49:09.465+0000] {logging_mixin.py:190} INFO - [2026-05-28T07:49:09.465+0000] {dagbag.py:588} INFO - Filling up the DagBag from /home/airflow/.local/lib/python3.12/site-packages/airflow/example_dags/example_dataset_alias_with_no_taskflow.py
[2026-05-28T07:49:19.138+0000] {processor.py:925} INFO - DAG(s) 'dataset_s3_bucket_producer_with_no_taskflow', 'dataset_alias_example_alias_consumer_with_no_taskflow', 'dataset_alias_example_alias_producer_with_no_taskflow', 'dataset_s3_bucket_consumer_with_no_taskflow' retrieved from /home/airflow/.local/lib/python3.12/site-packages/airflow/example_dags/example_dataset_alias_with_no_taskflow.py
[2026-05-28T07:49:19.175+0000] {logging_mixin.py:190} INFO - [2026-05-28T07:49:19.174+0000] {dag.py:3239} INFO - Sync 4 DAGs
[2026-05-28T07:49:19.201+0000] {logging_mixin.py:190} INFO - [2026-05-28T07:49:19.200+0000] {dag.py:4180} INFO - Setting next_dagrun for dataset_alias_example_alias_consumer_with_no_taskflow to None, run_after=None
[2026-05-28T07:49:19.209+0000] {logging_mixin.py:190} INFO - [2026-05-28T07:49:19.209+0000] {dag.py:4180} INFO - Setting next_dagrun for dataset_alias_example_alias_producer_with_no_taskflow to None, run_after=None
[2026-05-28T07:49:19.216+0000] {logging_mixin.py:190} INFO - [2026-05-28T07:49:19.215+0000] {dag.py:4180} INFO - Setting next_dagrun for dataset_s3_bucket_consumer_with_no_taskflow to None, run_after=None
[2026-05-28T07:49:19.219+0000] {logging_mixin.py:190} INFO - [2026-05-28T07:49:19.218+0000] {dag.py:4180} INFO - Setting next_dagrun for dataset_s3_bucket_producer_with_no_taskflow to None, run_after=None
[2026-05-28T07:49:19.258+0000] {processor.py:208} INFO - Processing /home/airflow/.local/lib/python3.12/site-packages/airflow/example_dags/example_dataset_alias_with_no_taskflow.py took 9.806 seconds
[2026-05-28T07:49:49.452+0000] {processor.py:186} INFO - Started process (PID=1615) to work on /home/airflow/.local/lib/python3.12/site-packages/airflow/example_dags/example_dataset_alias_with_no_taskflow.py
[2026-05-28T07:49:49.454+0000] {processor.py:914} INFO - Processing file /home/airflow/.local/lib/python3.12/site-packages/airflow/example_dags/example_dataset_alias_with_no_taskflow.py for tasks to queue
[2026-05-28T07:49:49.459+0000] {logging_mixin.py:190} INFO - [2026-05-28T07:49:49.458+0000] {dagbag.py:588} INFO - Filling up the DagBag from /home/airflow/.local/lib/python3.12/site-packages/airflow/example_dags/example_dataset_alias_with_no_taskflow.py
[2026-05-28T07:50:01.012+0000] {processor.py:925} INFO - DAG(s) 'dataset_s3_bucket_producer_with_no_taskflow', 'dataset_alias_example_alias_producer_with_no_taskflow', 'dataset_alias_example_alias_consumer_with_no_taskflow', 'dataset_s3_bucket_consumer_with_no_taskflow' retrieved from /home/airflow/.local/lib/python3.12/site-packages/airflow/example_dags/example_dataset_alias_with_no_taskflow.py
[2026-05-28T07:50:01.059+0000] {logging_mixin.py:190} INFO - [2026-05-28T07:50:01.058+0000] {dag.py:3239} INFO - Sync 4 DAGs
[2026-05-28T07:50:01.106+0000] {logging_mixin.py:190} INFO - [2026-05-28T07:50:01.106+0000] {dag.py:4180} INFO - Setting next_dagrun for dataset_alias_example_alias_consumer_with_no_taskflow to None, run_after=None
[2026-05-28T07:50:01.113+0000] {logging_mixin.py:190} INFO - [2026-05-28T07:50:01.112+0000] {dag.py:4180} INFO - Setting next_dagrun for dataset_alias_example_alias_producer_with_no_taskflow to None, run_after=None
[2026-05-28T07:50:01.117+0000] {logging_mixin.py:190} INFO - [2026-05-28T07:50:01.116+0000] {dag.py:4180} INFO - Setting next_dagrun for dataset_s3_bucket_consumer_with_no_taskflow to None, run_after=None
[2026-05-28T07:50:01.121+0000] {logging_mixin.py:190} INFO - [2026-05-28T07:50:01.120+0000] {dag.py:4180} INFO - Setting next_dagrun for dataset_s3_bucket_producer_with_no_taskflow to None, run_after=None
[2026-05-28T07:50:01.170+0000] {processor.py:208} INFO - Processing /home/airflow/.local/lib/python3.12/site-packages/airflow/example_dags/example_dataset_alias_with_no_taskflow.py took 11.728 seconds
[2026-05-28T07:50:31.309+0000] {processor.py:186} INFO - Started process (PID=1687) to work on /home/airflow/.local/lib/python3.12/site-packages/airflow/example_dags/example_dataset_alias_with_no_taskflow.py
[2026-05-28T07:50:31.312+0000] {processor.py:914} INFO - Processing file /home/airflow/.local/lib/python3.12/site-packages/airflow/example_dags/example_dataset_alias_with_no_taskflow.py for tasks to queue
[2026-05-28T07:50:31.317+0000] {logging_mixin.py:190} INFO - [2026-05-28T07:50:31.317+0000] {dagbag.py:588} INFO - Filling up the DagBag from /home/airflow/.local/lib/python3.12/site-packages/airflow/example_dags/example_dataset_alias_with_no_taskflow.py
[2026-05-28T07:50:42.190+0000] {processor.py:925} INFO - DAG(s) 'dataset_alias_example_alias_producer_with_no_taskflow', 'dataset_s3_bucket_producer_with_no_taskflow', 'dataset_alias_example_alias_consumer_with_no_taskflow', 'dataset_s3_bucket_consumer_with_no_taskflow' retrieved from /home/airflow/.local/lib/python3.12/site-packages/airflow/example_dags/example_dataset_alias_with_no_taskflow.py
[2026-05-28T07:50:42.229+0000] {logging_mixin.py:190} INFO - [2026-05-28T07:50:42.228+0000] {dag.py:3239} INFO - Sync 4 DAGs
[2026-05-28T07:50:42.259+0000] {logging_mixin.py:190} INFO - [2026-05-28T07:50:42.259+0000] {dag.py:4180} INFO - Setting next_dagrun for dataset_alias_example_alias_consumer_with_no_taskflow to None, run_after=None
[2026-05-28T07:50:42.265+0000] {logging_mixin.py:190} INFO - [2026-05-28T07:50:42.265+0000] {dag.py:4180} INFO - Setting next_dagrun for dataset_alias_example_alias_producer_with_no_taskflow to None, run_after=None
[2026-05-28T07:50:42.268+0000] {logging_mixin.py:190} INFO - [2026-05-28T07:50:42.268+0000] {dag.py:4180} INFO - Setting next_dagrun for dataset_s3_bucket_consumer_with_no_taskflow to None, run_after=None
[2026-05-28T07:50:42.272+0000] {logging_mixin.py:190} INFO - [2026-05-28T07:50:42.272+0000] {dag.py:4180} INFO - Setting next_dagrun for dataset_s3_bucket_producer_with_no_taskflow to None, run_after=None
[2026-05-28T07:50:42.322+0000] {processor.py:208} INFO - Processing /home/airflow/.local/lib/python3.12/site-packages/airflow/example_dags/example_dataset_alias_with_no_taskflow.py took 11.027 seconds
[2026-05-28T07:51:13.483+0000] {processor.py:186} INFO - Started process (PID=1759) to work on /home/airflow/.local/lib/python3.12/site-packages/airflow/example_dags/example_dataset_alias_with_no_taskflow.py
[2026-05-28T07:51:13.485+0000] {processor.py:914} INFO - Processing file /home/airflow/.local/lib/python3.12/site-packages/airflow/example_dags/example_dataset_alias_with_no_taskflow.py for tasks to queue
[2026-05-28T07:51:13.489+0000] {logging_mixin.py:190} INFO - [2026-05-28T07:51:13.488+0000] {dagbag.py:588} INFO - Filling up the DagBag from /home/airflow/.local/lib/python3.12/site-packages/airflow/example_dags/example_dataset_alias_with_no_taskflow.py
[2026-05-28T07:51:25.973+0000] {processor.py:925} INFO - DAG(s) 'dataset_s3_bucket_producer_with_no_taskflow', 'dataset_s3_bucket_consumer_with_no_taskflow', 'dataset_alias_example_alias_consumer_with_no_taskflow', 'dataset_alias_example_alias_producer_with_no_taskflow' retrieved from /home/airflow/.local/lib/python3.12/site-packages/airflow/example_dags/example_dataset_alias_with_no_taskflow.py
[2026-05-28T07:51:26.031+0000] {logging_mixin.py:190} INFO - [2026-05-28T07:51:26.029+0000] {dag.py:3239} INFO - Sync 4 DAGs
[2026-05-28T07:51:26.075+0000] {logging_mixin.py:190} INFO - [2026-05-28T07:51:26.074+0000] {dag.py:4180} INFO - Setting next_dagrun for dataset_alias_example_alias_consumer_with_no_taskflow to None, run_after=None
[2026-05-28T07:51:26.081+0000] {logging_mixin.py:190} INFO - [2026-05-28T07:51:26.081+0000] {dag.py:4180} INFO - Setting next_dagrun for dataset_alias_example_alias_producer_with_no_taskflow to None, run_after=None
[2026-05-28T07:51:26.085+0000] {logging_mixin.py:190} INFO - [2026-05-28T07:51:26.084+0000] {dag.py:4180} INFO - Setting next_dagrun for dataset_s3_bucket_consumer_with_no_taskflow to None, run_after=None
[2026-05-28T07:51:26.088+0000] {logging_mixin.py:190} INFO - [2026-05-28T07:51:26.088+0000] {dag.py:4180} INFO - Setting next_dagrun for dataset_s3_bucket_producer_with_no_taskflow to None, run_after=None
[2026-05-28T07:51:26.139+0000] {processor.py:208} INFO - Processing /home/airflow/.local/lib/python3.12/site-packages/airflow/example_dags/example_dataset_alias_with_no_taskflow.py took 12.664 seconds
[2026-05-28T07:51:57.236+0000] {processor.py:186} INFO - Started process (PID=1836) to work on /home/airflow/.local/lib/python3.12/site-packages/airflow/example_dags/example_dataset_alias_with_no_taskflow.py
[2026-05-28T07:51:57.238+0000] {processor.py:914} INFO - Processing file /home/airflow/.local/lib/python3.12/site-packages/airflow/example_dags/example_dataset_alias_with_no_taskflow.py for tasks to queue
[2026-05-28T07:51:57.244+0000] {logging_mixin.py:190} INFO - [2026-05-28T07:51:57.243+0000] {dagbag.py:588} INFO - Filling up the DagBag from /home/airflow/.local/lib/python3.12/site-packages/airflow/example_dags/example_dataset_alias_with_no_taskflow.py
[2026-05-28T07:52:08.062+0000] {processor.py:925} INFO - DAG(s) 'dataset_alias_example_alias_consumer_with_no_taskflow', 'dataset_s3_bucket_consumer_with_no_taskflow', 'dataset_s3_bucket_producer_with_no_taskflow', 'dataset_alias_example_alias_producer_with_no_taskflow' retrieved from /home/airflow/.local/lib/python3.12/site-packages/airflow/example_dags/example_dataset_alias_with_no_taskflow.py
[2026-05-28T07:52:08.093+0000] {logging_mixin.py:190} INFO - [2026-05-28T07:52:08.092+0000] {dag.py:3239} INFO - Sync 4 DAGs
[2026-05-28T07:52:08.120+0000] {logging_mixin.py:190} INFO - [2026-05-28T07:52:08.120+0000] {dag.py:4180} INFO - Setting next_dagrun for dataset_alias_example_alias_consumer_with_no_taskflow to None, run_after=None
[2026-05-28T07:52:08.125+0000] {logging_mixin.py:190} INFO - [2026-05-28T07:52:08.124+0000] {dag.py:4180} INFO - Setting next_dagrun for dataset_alias_example_alias_producer_with_no_taskflow to None, run_after=None
[2026-05-28T07:52:08.128+0000] {logging_mixin.py:190} INFO - [2026-05-28T07:52:08.127+0000] {dag.py:4180} INFO - Setting next_dagrun for dataset_s3_bucket_consumer_with_no_taskflow to None, run_after=None
[2026-05-28T07:52:08.130+0000] {logging_mixin.py:190} INFO - [2026-05-28T07:52:08.130+0000] {dag.py:4180} INFO - Setting next_dagrun for dataset_s3_bucket_producer_with_no_taskflow to None, run_after=None
[2026-05-28T07:52:08.171+0000] {processor.py:208} INFO - Processing /home/airflow/.local/lib/python3.12/site-packages/airflow/example_dags/example_dataset_alias_with_no_taskflow.py took 10.949 seconds
[2026-05-28T07:52:39.716+0000] {processor.py:186} INFO - Started process (PID=1909) to work on /home/airflow/.local/lib/python3.12/site-packages/airflow/example_dags/example_dataset_alias_with_no_taskflow.py
[2026-05-28T07:52:39.718+0000] {processor.py:914} INFO - Processing file /home/airflow/.local/lib/python3.12/site-packages/airflow/example_dags/example_dataset_alias_with_no_taskflow.py for tasks to queue
[2026-05-28T07:52:39.723+0000] {logging_mixin.py:190} INFO - [2026-05-28T07:52:39.722+0000] {dagbag.py:588} INFO - Filling up the DagBag from /home/airflow/.local/lib/python3.12/site-packages/airflow/example_dags/example_dataset_alias_with_no_taskflow.py
[2026-05-28T07:52:52.463+0000] {processor.py:925} INFO - DAG(s) 'dataset_s3_bucket_producer_with_no_taskflow', 'dataset_alias_example_alias_consumer_with_no_taskflow', 'dataset_alias_example_alias_producer_with_no_taskflow', 'dataset_s3_bucket_consumer_with_no_taskflow' retrieved from /home/airflow/.local/lib/python3.12/site-packages/airflow/example_dags/example_dataset_alias_with_no_taskflow.py
[2026-05-28T07:52:52.502+0000] {logging_mixin.py:190} INFO - [2026-05-28T07:52:52.500+0000] {dag.py:3239} INFO - Sync 4 DAGs
[2026-05-28T07:52:52.534+0000] {logging_mixin.py:190} INFO - [2026-05-28T07:52:52.534+0000] {dag.py:4180} INFO - Setting next_dagrun for dataset_alias_example_alias_consumer_with_no_taskflow to None, run_after=None
[2026-05-28T07:52:52.539+0000] {logging_mixin.py:190} INFO - [2026-05-28T07:52:52.539+0000] {dag.py:4180} INFO - Setting next_dagrun for dataset_alias_example_alias_producer_with_no_taskflow to None, run_after=None
[2026-05-28T07:52:52.543+0000] {logging_mixin.py:190} INFO - [2026-05-28T07:52:52.542+0000] {dag.py:4180} INFO - Setting next_dagrun for dataset_s3_bucket_consumer_with_no_taskflow to None, run_after=None
[2026-05-28T07:52:52.546+0000] {logging_mixin.py:190} INFO - [2026-05-28T07:52:52.545+0000] {dag.py:4180} INFO - Setting next_dagrun for dataset_s3_bucket_producer_with_no_taskflow to None, run_after=None
[2026-05-28T07:52:52.590+0000] {processor.py:208} INFO - Processing /home/airflow/.local/lib/python3.12/site-packages/airflow/example_dags/example_dataset_alias_with_no_taskflow.py took 12.888 seconds
[2026-05-28T07:53:23.022+0000] {processor.py:186} INFO - Started process (PID=1993) to work on /home/airflow/.local/lib/python3.12/site-packages/airflow/example_dags/example_dataset_alias_with_no_taskflow.py
[2026-05-28T07:53:23.024+0000] {processor.py:914} INFO - Processing file /home/airflow/.local/lib/python3.12/site-packages/airflow/example_dags/example_dataset_alias_with_no_taskflow.py for tasks to queue
[2026-05-28T07:53:23.029+0000] {logging_mixin.py:190} INFO - [2026-05-28T07:53:23.029+0000] {dagbag.py:588} INFO - Filling up the DagBag from /home/airflow/.local/lib/python3.12/site-packages/airflow/example_dags/example_dataset_alias_with_no_taskflow.py
[2026-05-28T07:53:33.609+0000] {processor.py:925} INFO - DAG(s) 'dataset_alias_example_alias_consumer_with_no_taskflow', 'dataset_alias_example_alias_producer_with_no_taskflow', 'dataset_s3_bucket_consumer_with_no_taskflow', 'dataset_s3_bucket_producer_with_no_taskflow' retrieved from /home/airflow/.local/lib/python3.12/site-packages/airflow/example_dags/example_dataset_alias_with_no_taskflow.py
[2026-05-28T07:53:33.661+0000] {logging_mixin.py:190} INFO - [2026-05-28T07:53:33.657+0000] {dag.py:3239} INFO - Sync 4 DAGs
[2026-05-28T07:53:33.706+0000] {logging_mixin.py:190} INFO - [2026-05-28T07:53:33.705+0000] {dag.py:4180} INFO - Setting next_dagrun for dataset_alias_example_alias_consumer_with_no_taskflow to None, run_after=None
[2026-05-28T07:53:33.711+0000] {logging_mixin.py:190} INFO - [2026-05-28T07:53:33.710+0000] {dag.py:4180} INFO - Setting next_dagrun for dataset_alias_example_alias_producer_with_no_taskflow to None, run_after=None
[2026-05-28T07:53:33.714+0000] {logging_mixin.py:190} INFO - [2026-05-28T07:53:33.713+0000] {dag.py:4180} INFO - Setting next_dagrun for dataset_s3_bucket_consumer_with_no_taskflow to None, run_after=None
[2026-05-28T07:53:33.717+0000] {logging_mixin.py:190} INFO - [2026-05-28T07:53:33.716+0000] {dag.py:4180} INFO - Setting next_dagrun for dataset_s3_bucket_producer_with_no_taskflow to None, run_after=None
[2026-05-28T07:53:33.754+0000] {processor.py:208} INFO - Processing /home/airflow/.local/lib/python3.12/site-packages/airflow/example_dags/example_dataset_alias_with_no_taskflow.py took 10.745 seconds
[2026-05-28T07:54:05.675+0000] {processor.py:186} INFO - Started process (PID=2079) to work on /home/airflow/.local/lib/python3.12/site-packages/airflow/example_dags/example_dataset_alias_with_no_taskflow.py
[2026-05-28T07:54:05.682+0000] {processor.py:914} INFO - Processing file /home/airflow/.local/lib/python3.12/site-packages/airflow/example_dags/example_dataset_alias_with_no_taskflow.py for tasks to queue
[2026-05-28T07:54:05.691+0000] {logging_mixin.py:190} INFO - [2026-05-28T07:54:05.689+0000] {dagbag.py:588} INFO - Filling up the DagBag from /home/airflow/.local/lib/python3.12/site-packages/airflow/example_dags/example_dataset_alias_with_no_taskflow.py
[2026-05-28T07:54:16.287+0000] {processor.py:925} INFO - DAG(s) 'dataset_s3_bucket_producer_with_no_taskflow', 'dataset_alias_example_alias_consumer_with_no_taskflow', 'dataset_alias_example_alias_producer_with_no_taskflow', 'dataset_s3_bucket_consumer_with_no_taskflow' retrieved from /home/airflow/.local/lib/python3.12/site-packages/airflow/example_dags/example_dataset_alias_with_no_taskflow.py
[2026-05-28T07:54:16.329+0000] {logging_mixin.py:190} INFO - [2026-05-28T07:54:16.328+0000] {dag.py:3239} INFO - Sync 4 DAGs
[2026-05-28T07:54:16.358+0000] {logging_mixin.py:190} INFO - [2026-05-28T07:54:16.357+0000] {dag.py:4180} INFO - Setting next_dagrun for dataset_alias_example_alias_consumer_with_no_taskflow to None, run_after=None
[2026-05-28T07:54:16.365+0000] {logging_mixin.py:190} INFO - [2026-05-28T07:54:16.365+0000] {dag.py:4180} INFO - Setting next_dagrun for dataset_alias_example_alias_producer_with_no_taskflow to None, run_after=None
[2026-05-28T07:54:16.368+0000] {logging_mixin.py:190} INFO - [2026-05-28T07:54:16.368+0000] {dag.py:4180} INFO - Setting next_dagrun for dataset_s3_bucket_consumer_with_no_taskflow to None, run_after=None
[2026-05-28T07:54:16.372+0000] {logging_mixin.py:190} INFO - [2026-05-28T07:54:16.371+0000] {dag.py:4180} INFO - Setting next_dagrun for dataset_s3_bucket_producer_with_no_taskflow to None, run_after=None
[2026-05-28T07:54:16.431+0000] {processor.py:208} INFO - Processing /home/airflow/.local/lib/python3.12/site-packages/airflow/example_dags/example_dataset_alias_with_no_taskflow.py took 10.777 seconds
[2026-05-28T07:54:47.217+0000] {processor.py:186} INFO - Started process (PID=2154) to work on /home/airflow/.local/lib/python3.12/site-packages/airflow/example_dags/example_dataset_alias_with_no_taskflow.py
[2026-05-28T07:54:47.219+0000] {processor.py:914} INFO - Processing file /home/airflow/.local/lib/python3.12/site-packages/airflow/example_dags/example_dataset_alias_with_no_taskflow.py for tasks to queue
[2026-05-28T07:54:47.226+0000] {logging_mixin.py:190} INFO - [2026-05-28T07:54:47.225+0000] {dagbag.py:588} INFO - Filling up the DagBag from /home/airflow/.local/lib/python3.12/site-packages/airflow/example_dags/example_dataset_alias_with_no_taskflow.py
[2026-05-28T07:54:58.336+0000] {processor.py:925} INFO - DAG(s) 'dataset_alias_example_alias_consumer_with_no_taskflow', 'dataset_s3_bucket_producer_with_no_taskflow', 'dataset_alias_example_alias_producer_with_no_taskflow', 'dataset_s3_bucket_consumer_with_no_taskflow' retrieved from /home/airflow/.local/lib/python3.12/site-packages/airflow/example_dags/example_dataset_alias_with_no_taskflow.py
[2026-05-28T07:54:58.377+0000] {logging_mixin.py:190} INFO - [2026-05-28T07:54:58.376+0000] {dag.py:3239} INFO - Sync 4 DAGs
[2026-05-28T07:54:58.418+0000] {logging_mixin.py:190} INFO - [2026-05-28T07:54:58.417+0000] {dag.py:4180} INFO - Setting next_dagrun for dataset_alias_example_alias_consumer_with_no_taskflow to None, run_after=None
[2026-05-28T07:54:58.430+0000] {logging_mixin.py:190} INFO - [2026-05-28T07:54:58.430+0000] {dag.py:4180} INFO - Setting next_dagrun for dataset_alias_example_alias_producer_with_no_taskflow to None, run_after=None
[2026-05-28T07:54:58.433+0000] {logging_mixin.py:190} INFO - [2026-05-28T07:54:58.433+0000] {dag.py:4180} INFO - Setting next_dagrun for dataset_s3_bucket_consumer_with_no_taskflow to None, run_after=None
[2026-05-28T07:54:58.436+0000] {logging_mixin.py:190} INFO - [2026-05-28T07:54:58.436+0000] {dag.py:4180} INFO - Setting next_dagrun for dataset_s3_bucket_producer_with_no_taskflow to None, run_after=None
[2026-05-28T07:54:58.487+0000] {processor.py:208} INFO - Processing /home/airflow/.local/lib/python3.12/site-packages/airflow/example_dags/example_dataset_alias_with_no_taskflow.py took 11.280 seconds
[2026-05-28T07:55:29.079+0000] {processor.py:186} INFO - Started process (PID=2227) to work on /home/airflow/.local/lib/python3.12/site-packages/airflow/example_dags/example_dataset_alias_with_no_taskflow.py
[2026-05-28T07:55:29.082+0000] {processor.py:914} INFO - Processing file /home/airflow/.local/lib/python3.12/site-packages/airflow/example_dags/example_dataset_alias_with_no_taskflow.py for tasks to queue
[2026-05-28T07:55:29.087+0000] {logging_mixin.py:190} INFO - [2026-05-28T07:55:29.087+0000] {dagbag.py:588} INFO - Filling up the DagBag from /home/airflow/.local/lib/python3.12/site-packages/airflow/example_dags/example_dataset_alias_with_no_taskflow.py
[2026-05-28T07:55:40.952+0000] {processor.py:925} INFO - DAG(s) 'dataset_s3_bucket_producer_with_no_taskflow', 'dataset_alias_example_alias_consumer_with_no_taskflow', 'dataset_s3_bucket_consumer_with_no_taskflow', 'dataset_alias_example_alias_producer_with_no_taskflow' retrieved from /home/airflow/.local/lib/python3.12/site-packages/airflow/example_dags/example_dataset_alias_with_no_taskflow.py
[2026-05-28T07:55:41.006+0000] {logging_mixin.py:190} INFO - [2026-05-28T07:55:41.005+0000] {dag.py:3239} INFO - Sync 4 DAGs
[2026-05-28T07:55:41.083+0000] {logging_mixin.py:190} INFO - [2026-05-28T07:55:41.083+0000] {dag.py:4180} INFO - Setting next_dagrun for dataset_alias_example_alias_consumer_with_no_taskflow to None, run_after=None
[2026-05-28T07:55:41.092+0000] {logging_mixin.py:190} INFO - [2026-05-28T07:55:41.091+0000] {dag.py:4180} INFO - Setting next_dagrun for dataset_alias_example_alias_producer_with_no_taskflow to None, run_after=None
[2026-05-28T07:55:41.096+0000] {logging_mixin.py:190} INFO - [2026-05-28T07:55:41.095+0000] {dag.py:4180} INFO - Setting next_dagrun for dataset_s3_bucket_consumer_with_no_taskflow to None, run_after=None
[2026-05-28T07:55:41.099+0000] {logging_mixin.py:190} INFO - [2026-05-28T07:55:41.099+0000] {dag.py:4180} INFO - Setting next_dagrun for dataset_s3_bucket_producer_with_no_taskflow to None, run_after=None
[2026-05-28T07:55:41.154+0000] {processor.py:208} INFO - Processing /home/airflow/.local/lib/python3.12/site-packages/airflow/example_dags/example_dataset_alias_with_no_taskflow.py took 12.089 seconds
[2026-05-28T07:56:12.391+0000] {processor.py:186} INFO - Started process (PID=2306) to work on /home/airflow/.local/lib/python3.12/site-packages/airflow/example_dags/example_dataset_alias_with_no_taskflow.py
[2026-05-28T07:56:12.393+0000] {processor.py:914} INFO - Processing file /home/airflow/.local/lib/python3.12/site-packages/airflow/example_dags/example_dataset_alias_with_no_taskflow.py for tasks to queue
[2026-05-28T07:56:12.399+0000] {logging_mixin.py:190} INFO - [2026-05-28T07:56:12.398+0000] {dagbag.py:588} INFO - Filling up the DagBag from /home/airflow/.local/lib/python3.12/site-packages/airflow/example_dags/example_dataset_alias_with_no_taskflow.py
[2026-05-28T07:56:23.341+0000] {processor.py:925} INFO - DAG(s) 'dataset_alias_example_alias_consumer_with_no_taskflow', 'dataset_alias_example_alias_producer_with_no_taskflow', 'dataset_s3_bucket_consumer_with_no_taskflow', 'dataset_s3_bucket_producer_with_no_taskflow' retrieved from /home/airflow/.local/lib/python3.12/site-packages/airflow/example_dags/example_dataset_alias_with_no_taskflow.py
[2026-05-28T07:56:23.384+0000] {logging_mixin.py:190} INFO - [2026-05-28T07:56:23.383+0000] {dag.py:3239} INFO - Sync 4 DAGs
[2026-05-28T07:56:23.425+0000] {logging_mixin.py:190} INFO - [2026-05-28T07:56:23.425+0000] {dag.py:4180} INFO - Setting next_dagrun for dataset_alias_example_alias_consumer_with_no_taskflow to None, run_after=None
[2026-05-28T07:56:23.432+0000] {logging_mixin.py:190} INFO - [2026-05-28T07:56:23.431+0000] {dag.py:4180} INFO - Setting next_dagrun for dataset_alias_example_alias_producer_with_no_taskflow to None, run_after=None
[2026-05-28T07:56:23.435+0000] {logging_mixin.py:190} INFO - [2026-05-28T07:56:23.434+0000] {dag.py:4180} INFO - Setting next_dagrun for dataset_s3_bucket_consumer_with_no_taskflow to None, run_after=None
[2026-05-28T07:56:23.438+0000] {logging_mixin.py:190} INFO - [2026-05-28T07:56:23.438+0000] {dag.py:4180} INFO - Setting next_dagrun for dataset_s3_bucket_producer_with_no_taskflow to None, run_after=None
[2026-05-28T07:56:23.489+0000] {processor.py:208} INFO - Processing /home/airflow/.local/lib/python3.12/site-packages/airflow/example_dags/example_dataset_alias_with_no_taskflow.py took 11.110 seconds
[2026-05-28T07:56:53.653+0000] {processor.py:186} INFO - Started process (PID=2384) to work on /home/airflow/.local/lib/python3.12/site-packages/airflow/example_dags/example_dataset_alias_with_no_taskflow.py
[2026-05-28T07:56:53.655+0000] {processor.py:914} INFO - Processing file /home/airflow/.local/lib/python3.12/site-packages/airflow/example_dags/example_dataset_alias_with_no_taskflow.py for tasks to queue
[2026-05-28T07:56:53.661+0000] {logging_mixin.py:190} INFO - [2026-05-28T07:56:53.661+0000] {dagbag.py:588} INFO - Filling up the DagBag from /home/airflow/.local/lib/python3.12/site-packages/airflow/example_dags/example_dataset_alias_with_no_taskflow.py
[2026-05-28T07:57:03.284+0000] {processor.py:925} INFO - DAG(s) 'dataset_s3_bucket_consumer_with_no_taskflow', 'dataset_alias_example_alias_consumer_with_no_taskflow', 'dataset_s3_bucket_producer_with_no_taskflow', 'dataset_alias_example_alias_producer_with_no_taskflow' retrieved from /home/airflow/.local/lib/python3.12/site-packages/airflow/example_dags/example_dataset_alias_with_no_taskflow.py
[2026-05-28T07:57:03.320+0000] {logging_mixin.py:190} INFO - [2026-05-28T07:57:03.319+0000] {dag.py:3239} INFO - Sync 4 DAGs
[2026-05-28T07:57:03.356+0000] {logging_mixin.py:190} INFO - [2026-05-28T07:57:03.355+0000] {dag.py:4180} INFO - Setting next_dagrun for dataset_alias_example_alias_consumer_with_no_taskflow to None, run_after=None
[2026-05-28T07:57:03.361+0000] {logging_mixin.py:190} INFO - [2026-05-28T07:57:03.361+0000] {dag.py:4180} INFO - Setting next_dagrun for dataset_alias_example_alias_producer_with_no_taskflow to None, run_after=None
[2026-05-28T07:57:03.364+0000] {logging_mixin.py:190} INFO - [2026-05-28T07:57:03.364+0000] {dag.py:4180} INFO - Setting next_dagrun for dataset_s3_bucket_consumer_with_no_taskflow to None, run_after=None
[2026-05-28T07:57:03.368+0000] {logging_mixin.py:190} INFO - [2026-05-28T07:57:03.367+0000] {dag.py:4180} INFO - Setting next_dagrun for dataset_s3_bucket_producer_with_no_taskflow to None, run_after=None
[2026-05-28T07:57:03.406+0000] {processor.py:208} INFO - Processing /home/airflow/.local/lib/python3.12/site-packages/airflow/example_dags/example_dataset_alias_with_no_taskflow.py took 9.765 seconds
[2026-05-28T07:57:34.100+0000] {processor.py:186} INFO - Started process (PID=2454) to work on /home/airflow/.local/lib/python3.12/site-packages/airflow/example_dags/example_dataset_alias_with_no_taskflow.py
[2026-05-28T07:57:34.102+0000] {processor.py:914} INFO - Processing file /home/airflow/.local/lib/python3.12/site-packages/airflow/example_dags/example_dataset_alias_with_no_taskflow.py for tasks to queue
[2026-05-28T07:57:34.107+0000] {logging_mixin.py:190} INFO - [2026-05-28T07:57:34.106+0000] {dagbag.py:588} INFO - Filling up the DagBag from /home/airflow/.local/lib/python3.12/site-packages/airflow/example_dags/example_dataset_alias_with_no_taskflow.py
[2026-05-28T07:57:43.905+0000] {processor.py:925} INFO - DAG(s) 'dataset_alias_example_alias_producer_with_no_taskflow', 'dataset_s3_bucket_consumer_with_no_taskflow', 'dataset_alias_example_alias_consumer_with_no_taskflow', 'dataset_s3_bucket_producer_with_no_taskflow' retrieved from /home/airflow/.local/lib/python3.12/site-packages/airflow/example_dags/example_dataset_alias_with_no_taskflow.py
[2026-05-28T07:57:43.943+0000] {logging_mixin.py:190} INFO - [2026-05-28T07:57:43.941+0000] {dag.py:3239} INFO - Sync 4 DAGs
[2026-05-28T07:57:43.976+0000] {logging_mixin.py:190} INFO - [2026-05-28T07:57:43.976+0000] {dag.py:4180} INFO - Setting next_dagrun for dataset_alias_example_alias_consumer_with_no_taskflow to None, run_after=None
[2026-05-28T07:57:43.982+0000] {logging_mixin.py:190} INFO - [2026-05-28T07:57:43.982+0000] {dag.py:4180} INFO - Setting next_dagrun for dataset_alias_example_alias_producer_with_no_taskflow to None, run_after=None
[2026-05-28T07:57:43.986+0000] {logging_mixin.py:190} INFO - [2026-05-28T07:57:43.985+0000] {dag.py:4180} INFO - Setting next_dagrun for dataset_s3_bucket_consumer_with_no_taskflow to None, run_after=None
[2026-05-28T07:57:43.990+0000] {logging_mixin.py:190} INFO - [2026-05-28T07:57:43.989+0000] {dag.py:4180} INFO - Setting next_dagrun for dataset_s3_bucket_producer_with_no_taskflow to None, run_after=None
[2026-05-28T07:57:44.027+0000] {processor.py:208} INFO - Processing /home/airflow/.local/lib/python3.12/site-packages/airflow/example_dags/example_dataset_alias_with_no_taskflow.py took 9.939 seconds
[2026-05-28T07:58:15.641+0000] {processor.py:186} INFO - Started process (PID=2529) to work on /home/airflow/.local/lib/python3.12/site-packages/airflow/example_dags/example_dataset_alias_with_no_taskflow.py
[2026-05-28T07:58:15.643+0000] {processor.py:914} INFO - Processing file /home/airflow/.local/lib/python3.12/site-packages/airflow/example_dags/example_dataset_alias_with_no_taskflow.py for tasks to queue
[2026-05-28T07:58:15.649+0000] {logging_mixin.py:190} INFO - [2026-05-28T07:58:15.648+0000] {dagbag.py:588} INFO - Filling up the DagBag from /home/airflow/.local/lib/python3.12/site-packages/airflow/example_dags/example_dataset_alias_with_no_taskflow.py
[2026-05-28T07:58:25.884+0000] {processor.py:925} INFO - DAG(s) 'dataset_alias_example_alias_consumer_with_no_taskflow', 'dataset_s3_bucket_consumer_with_no_taskflow', 'dataset_s3_bucket_producer_with_no_taskflow', 'dataset_alias_example_alias_producer_with_no_taskflow' retrieved from /home/airflow/.local/lib/python3.12/site-packages/airflow/example_dags/example_dataset_alias_with_no_taskflow.py
[2026-05-28T07:58:25.923+0000] {logging_mixin.py:190} INFO - [2026-05-28T07:58:25.922+0000] {dag.py:3239} INFO - Sync 4 DAGs
[2026-05-28T07:58:25.958+0000] {logging_mixin.py:190} INFO - [2026-05-28T07:58:25.958+0000] {dag.py:4180} INFO - Setting next_dagrun for dataset_alias_example_alias_consumer_with_no_taskflow to None, run_after=None
[2026-05-28T07:58:25.964+0000] {logging_mixin.py:190} INFO - [2026-05-28T07:58:25.963+0000] {dag.py:4180} INFO - Setting next_dagrun for dataset_alias_example_alias_producer_with_no_taskflow to None, run_after=None
[2026-05-28T07:58:25.967+0000] {logging_mixin.py:190} INFO - [2026-05-28T07:58:25.966+0000] {dag.py:4180} INFO - Setting next_dagrun for dataset_s3_bucket_consumer_with_no_taskflow to None, run_after=None
[2026-05-28T07:58:25.970+0000] {logging_mixin.py:190} INFO - [2026-05-28T07:58:25.970+0000] {dag.py:4180} INFO - Setting next_dagrun for dataset_s3_bucket_producer_with_no_taskflow to None, run_after=None
[2026-05-28T07:58:26.015+0000] {processor.py:208} INFO - Processing /home/airflow/.local/lib/python3.12/site-packages/airflow/example_dags/example_dataset_alias_with_no_taskflow.py took 10.382 seconds
[2026-05-28T07:58:56.501+0000] {processor.py:186} INFO - Started process (PID=2613) to work on /home/airflow/.local/lib/python3.12/site-packages/airflow/example_dags/example_dataset_alias_with_no_taskflow.py
[2026-05-28T07:58:56.505+0000] {processor.py:914} INFO - Processing file /home/airflow/.local/lib/python3.12/site-packages/airflow/example_dags/example_dataset_alias_with_no_taskflow.py for tasks to queue
[2026-05-28T07:58:56.510+0000] {logging_mixin.py:190} INFO - [2026-05-28T07:58:56.510+0000] {dagbag.py:588} INFO - Filling up the DagBag from /home/airflow/.local/lib/python3.12/site-packages/airflow/example_dags/example_dataset_alias_with_no_taskflow.py
[2026-05-28T07:59:06.466+0000] {processor.py:925} INFO - DAG(s) 'dataset_s3_bucket_consumer_with_no_taskflow', 'dataset_s3_bucket_producer_with_no_taskflow', 'dataset_alias_example_alias_producer_with_no_taskflow', 'dataset_alias_example_alias_consumer_with_no_taskflow' retrieved from /home/airflow/.local/lib/python3.12/site-packages/airflow/example_dags/example_dataset_alias_with_no_taskflow.py
[2026-05-28T07:59:06.503+0000] {logging_mixin.py:190} INFO - [2026-05-28T07:59:06.502+0000] {dag.py:3239} INFO - Sync 4 DAGs
[2026-05-28T07:59:06.542+0000] {logging_mixin.py:190} INFO - [2026-05-28T07:59:06.542+0000] {dag.py:4180} INFO - Setting next_dagrun for dataset_alias_example_alias_consumer_with_no_taskflow to None, run_after=None
[2026-05-28T07:59:06.547+0000] {logging_mixin.py:190} INFO - [2026-05-28T07:59:06.547+0000] {dag.py:4180} INFO - Setting next_dagrun for dataset_alias_example_alias_producer_with_no_taskflow to None, run_after=None
[2026-05-28T07:59:06.551+0000] {logging_mixin.py:190} INFO - [2026-05-28T07:59:06.550+0000] {dag.py:4180} INFO - Setting next_dagrun for dataset_s3_bucket_consumer_with_no_taskflow to None, run_after=None
[2026-05-28T07:59:06.555+0000] {logging_mixin.py:190} INFO - [2026-05-28T07:59:06.554+0000] {dag.py:4180} INFO - Setting next_dagrun for dataset_s3_bucket_producer_with_no_taskflow to None, run_after=None
[2026-05-28T07:59:06.597+0000] {processor.py:208} INFO - Processing /home/airflow/.local/lib/python3.12/site-packages/airflow/example_dags/example_dataset_alias_with_no_taskflow.py took 10.106 seconds
[2026-05-28T07:59:40.025+0000] {processor.py:186} INFO - Started process (PID=2700) to work on /home/airflow/.local/lib/python3.12/site-packages/airflow/example_dags/example_dataset_alias_with_no_taskflow.py
[2026-05-28T07:59:40.026+0000] {processor.py:914} INFO - Processing file /home/airflow/.local/lib/python3.12/site-packages/airflow/example_dags/example_dataset_alias_with_no_taskflow.py for tasks to queue
[2026-05-28T07:59:40.030+0000] {logging_mixin.py:190} INFO - [2026-05-28T07:59:40.030+0000] {dagbag.py:588} INFO - Filling up the DagBag from /home/airflow/.local/lib/python3.12/site-packages/airflow/example_dags/example_dataset_alias_with_no_taskflow.py
[2026-05-28T07:59:50.845+0000] {processor.py:925} INFO - DAG(s) 'dataset_alias_example_alias_producer_with_no_taskflow', 'dataset_alias_example_alias_consumer_with_no_taskflow', 'dataset_s3_bucket_consumer_with_no_taskflow', 'dataset_s3_bucket_producer_with_no_taskflow' retrieved from /home/airflow/.local/lib/python3.12/site-packages/airflow/example_dags/example_dataset_alias_with_no_taskflow.py
[2026-05-28T07:59:50.898+0000] {logging_mixin.py:190} INFO - [2026-05-28T07:59:50.897+0000] {dag.py:3239} INFO - Sync 4 DAGs
[2026-05-28T07:59:50.961+0000] {logging_mixin.py:190} INFO - [2026-05-28T07:59:50.960+0000] {dag.py:4180} INFO - Setting next_dagrun for dataset_alias_example_alias_consumer_with_no_taskflow to None, run_after=None
[2026-05-28T07:59:50.970+0000] {logging_mixin.py:190} INFO - [2026-05-28T07:59:50.969+0000] {dag.py:4180} INFO - Setting next_dagrun for dataset_alias_example_alias_producer_with_no_taskflow to None, run_after=None
[2026-05-28T07:59:50.976+0000] {logging_mixin.py:190} INFO - [2026-05-28T07:59:50.976+0000] {dag.py:4180} INFO - Setting next_dagrun for dataset_s3_bucket_consumer_with_no_taskflow to None, run_after=None
[2026-05-28T07:59:50.983+0000] {logging_mixin.py:190} INFO - [2026-05-28T07:59:50.982+0000] {dag.py:4180} INFO - Setting next_dagrun for dataset_s3_bucket_producer_with_no_taskflow to None, run_after=None
[2026-05-28T07:59:51.041+0000] {processor.py:208} INFO - Processing /home/airflow/.local/lib/python3.12/site-packages/airflow/example_dags/example_dataset_alias_with_no_taskflow.py took 11.026 seconds
[2026-05-28T08:00:21.358+0000] {processor.py:186} INFO - Started process (PID=2776) to work on /home/airflow/.local/lib/python3.12/site-packages/airflow/example_dags/example_dataset_alias_with_no_taskflow.py
[2026-05-28T08:00:21.360+0000] {processor.py:914} INFO - Processing file /home/airflow/.local/lib/python3.12/site-packages/airflow/example_dags/example_dataset_alias_with_no_taskflow.py for tasks to queue
[2026-05-28T08:00:21.365+0000] {logging_mixin.py:190} INFO - [2026-05-28T08:00:21.364+0000] {dagbag.py:588} INFO - Filling up the DagBag from /home/airflow/.local/lib/python3.12/site-packages/airflow/example_dags/example_dataset_alias_with_no_taskflow.py
[2026-05-28T08:00:32.212+0000] {processor.py:925} INFO - DAG(s) 'dataset_alias_example_alias_producer_with_no_taskflow', 'dataset_s3_bucket_consumer_with_no_taskflow', 'dataset_alias_example_alias_consumer_with_no_taskflow', 'dataset_s3_bucket_producer_with_no_taskflow' retrieved from /home/airflow/.local/lib/python3.12/site-packages/airflow/example_dags/example_dataset_alias_with_no_taskflow.py
[2026-05-28T08:00:32.251+0000] {logging_mixin.py:190} INFO - [2026-05-28T08:00:32.250+0000] {dag.py:3239} INFO - Sync 4 DAGs
[2026-05-28T08:00:32.284+0000] {logging_mixin.py:190} INFO - [2026-05-28T08:00:32.283+0000] {dag.py:4180} INFO - Setting next_dagrun for dataset_alias_example_alias_consumer_with_no_taskflow to None, run_after=None
[2026-05-28T08:00:32.288+0000] {logging_mixin.py:190} INFO - [2026-05-28T08:00:32.288+0000] {dag.py:4180} INFO - Setting next_dagrun for dataset_alias_example_alias_producer_with_no_taskflow to None, run_after=None
[2026-05-28T08:00:32.292+0000] {logging_mixin.py:190} INFO - [2026-05-28T08:00:32.291+0000] {dag.py:4180} INFO - Setting next_dagrun for dataset_s3_bucket_consumer_with_no_taskflow to None, run_after=None
[2026-05-28T08:00:32.295+0000] {logging_mixin.py:190} INFO - [2026-05-28T08:00:32.294+0000] {dag.py:4180} INFO - Setting next_dagrun for dataset_s3_bucket_producer_with_no_taskflow to None, run_after=None
[2026-05-28T08:00:32.343+0000] {processor.py:208} INFO - Processing /home/airflow/.local/lib/python3.12/site-packages/airflow/example_dags/example_dataset_alias_with_no_taskflow.py took 10.996 seconds
[2026-05-28T08:01:03.108+0000] {processor.py:186} INFO - Started process (PID=2851) to work on /home/airflow/.local/lib/python3.12/site-packages/airflow/example_dags/example_dataset_alias_with_no_taskflow.py
[2026-05-28T08:01:03.110+0000] {processor.py:914} INFO - Processing file /home/airflow/.local/lib/python3.12/site-packages/airflow/example_dags/example_dataset_alias_with_no_taskflow.py for tasks to queue
[2026-05-28T08:01:03.116+0000] {logging_mixin.py:190} INFO - [2026-05-28T08:01:03.115+0000] {dagbag.py:588} INFO - Filling up the DagBag from /home/airflow/.local/lib/python3.12/site-packages/airflow/example_dags/example_dataset_alias_with_no_taskflow.py
[2026-05-28T08:01:13.603+0000] {processor.py:925} INFO - DAG(s) 'dataset_s3_bucket_consumer_with_no_taskflow', 'dataset_s3_bucket_producer_with_no_taskflow', 'dataset_alias_example_alias_producer_with_no_taskflow', 'dataset_alias_example_alias_consumer_with_no_taskflow' retrieved from /home/airflow/.local/lib/python3.12/site-packages/airflow/example_dags/example_dataset_alias_with_no_taskflow.py
[2026-05-28T08:01:13.644+0000] {logging_mixin.py:190} INFO - [2026-05-28T08:01:13.643+0000] {dag.py:3239} INFO - Sync 4 DAGs
[2026-05-28T08:01:13.677+0000] {logging_mixin.py:190} INFO - [2026-05-28T08:01:13.676+0000] {dag.py:4180} INFO - Setting next_dagrun for dataset_alias_example_alias_consumer_with_no_taskflow to None, run_after=None
[2026-05-28T08:01:13.682+0000] {logging_mixin.py:190} INFO - [2026-05-28T08:01:13.682+0000] {dag.py:4180} INFO - Setting next_dagrun for dataset_alias_example_alias_producer_with_no_taskflow to None, run_after=None
[2026-05-28T08:01:13.686+0000] {logging_mixin.py:190} INFO - [2026-05-28T08:01:13.685+0000] {dag.py:4180} INFO - Setting next_dagrun for dataset_s3_bucket_consumer_with_no_taskflow to None, run_after=None
[2026-05-28T08:01:13.689+0000] {logging_mixin.py:190} INFO - [2026-05-28T08:01:13.689+0000] {dag.py:4180} INFO - Setting next_dagrun for dataset_s3_bucket_producer_with_no_taskflow to None, run_after=None
[2026-05-28T08:01:13.730+0000] {processor.py:208} INFO - Processing /home/airflow/.local/lib/python3.12/site-packages/airflow/example_dags/example_dataset_alias_with_no_taskflow.py took 10.637 seconds
[2026-05-28T08:01:44.828+0000] {processor.py:186} INFO - Started process (PID=2930) to work on /home/airflow/.local/lib/python3.12/site-packages/airflow/example_dags/example_dataset_alias_with_no_taskflow.py
[2026-05-28T08:01:44.830+0000] {processor.py:914} INFO - Processing file /home/airflow/.local/lib/python3.12/site-packages/airflow/example_dags/example_dataset_alias_with_no_taskflow.py for tasks to queue
[2026-05-28T08:01:44.835+0000] {logging_mixin.py:190} INFO - [2026-05-28T08:01:44.834+0000] {dagbag.py:588} INFO - Filling up the DagBag from /home/airflow/.local/lib/python3.12/site-packages/airflow/example_dags/example_dataset_alias_with_no_taskflow.py
[2026-05-28T08:01:54.922+0000] {processor.py:925} INFO - DAG(s) 'dataset_alias_example_alias_producer_with_no_taskflow', 'dataset_alias_example_alias_consumer_with_no_taskflow', 'dataset_s3_bucket_consumer_with_no_taskflow', 'dataset_s3_bucket_producer_with_no_taskflow' retrieved from /home/airflow/.local/lib/python3.12/site-packages/airflow/example_dags/example_dataset_alias_with_no_taskflow.py
[2026-05-28T08:01:54.962+0000] {logging_mixin.py:190} INFO - [2026-05-28T08:01:54.961+0000] {dag.py:3239} INFO - Sync 4 DAGs
[2026-05-28T08:01:55.002+0000] {logging_mixin.py:190} INFO - [2026-05-28T08:01:55.002+0000] {dag.py:4180} INFO - Setting next_dagrun for dataset_alias_example_alias_consumer_with_no_taskflow to None, run_after=None
[2026-05-28T08:01:55.007+0000] {logging_mixin.py:190} INFO - [2026-05-28T08:01:55.007+0000] {dag.py:4180} INFO - Setting next_dagrun for dataset_alias_example_alias_producer_with_no_taskflow to None, run_after=None
[2026-05-28T08:01:55.010+0000] {logging_mixin.py:190} INFO - [2026-05-28T08:01:55.010+0000] {dag.py:4180} INFO - Setting next_dagrun for dataset_s3_bucket_consumer_with_no_taskflow to None, run_after=None
[2026-05-28T08:01:55.014+0000] {logging_mixin.py:190} INFO - [2026-05-28T08:01:55.013+0000] {dag.py:4180} INFO - Setting next_dagrun for dataset_s3_bucket_producer_with_no_taskflow to None, run_after=None
[2026-05-28T08:01:55.119+0000] {processor.py:208} INFO - Processing /home/airflow/.local/lib/python3.12/site-packages/airflow/example_dags/example_dataset_alias_with_no_taskflow.py took 10.301 seconds
[2026-05-28T08:02:25.840+0000] {processor.py:186} INFO - Started process (PID=3012) to work on /home/airflow/.local/lib/python3.12/site-packages/airflow/example_dags/example_dataset_alias_with_no_taskflow.py
[2026-05-28T08:02:25.842+0000] {processor.py:914} INFO - Processing file /home/airflow/.local/lib/python3.12/site-packages/airflow/example_dags/example_dataset_alias_with_no_taskflow.py for tasks to queue
[2026-05-28T08:02:25.852+0000] {logging_mixin.py:190} INFO - [2026-05-28T08:02:25.851+0000] {dagbag.py:588} INFO - Filling up the DagBag from /home/airflow/.local/lib/python3.12/site-packages/airflow/example_dags/example_dataset_alias_with_no_taskflow.py
[2026-05-28T08:02:36.133+0000] {processor.py:925} INFO - DAG(s) 'dataset_alias_example_alias_producer_with_no_taskflow', 'dataset_s3_bucket_producer_with_no_taskflow', 'dataset_alias_example_alias_consumer_with_no_taskflow', 'dataset_s3_bucket_consumer_with_no_taskflow' retrieved from /home/airflow/.local/lib/python3.12/site-packages/airflow/example_dags/example_dataset_alias_with_no_taskflow.py
[2026-05-28T08:02:36.167+0000] {logging_mixin.py:190} INFO - [2026-05-28T08:02:36.166+0000] {dag.py:3239} INFO - Sync 4 DAGs
[2026-05-28T08:02:36.198+0000] {logging_mixin.py:190} INFO - [2026-05-28T08:02:36.197+0000] {dag.py:4180} INFO - Setting next_dagrun for dataset_alias_example_alias_consumer_with_no_taskflow to None, run_after=None
[2026-05-28T08:02:36.203+0000] {logging_mixin.py:190} INFO - [2026-05-28T08:02:36.203+0000] {dag.py:4180} INFO - Setting next_dagrun for dataset_alias_example_alias_producer_with_no_taskflow to None, run_after=None
[2026-05-28T08:02:36.207+0000] {logging_mixin.py:190} INFO - [2026-05-28T08:02:36.206+0000] {dag.py:4180} INFO - Setting next_dagrun for dataset_s3_bucket_consumer_with_no_taskflow to None, run_after=None
[2026-05-28T08:02:36.209+0000] {logging_mixin.py:190} INFO - [2026-05-28T08:02:36.209+0000] {dag.py:4180} INFO - Setting next_dagrun for dataset_s3_bucket_producer_with_no_taskflow to None, run_after=None
[2026-05-28T08:02:36.251+0000] {processor.py:208} INFO - Processing /home/airflow/.local/lib/python3.12/site-packages/airflow/example_dags/example_dataset_alias_with_no_taskflow.py took 10.421 seconds
[2026-05-28T08:03:07.253+0000] {processor.py:186} INFO - Started process (PID=3095) to work on /home/airflow/.local/lib/python3.12/site-packages/airflow/example_dags/example_dataset_alias_with_no_taskflow.py
[2026-05-28T08:03:07.256+0000] {processor.py:914} INFO - Processing file /home/airflow/.local/lib/python3.12/site-packages/airflow/example_dags/example_dataset_alias_with_no_taskflow.py for tasks to queue
[2026-05-28T08:03:07.261+0000] {logging_mixin.py:190} INFO - [2026-05-28T08:03:07.260+0000] {dagbag.py:588} INFO - Filling up the DagBag from /home/airflow/.local/lib/python3.12/site-packages/airflow/example_dags/example_dataset_alias_with_no_taskflow.py
[2026-05-28T08:03:16.956+0000] {processor.py:925} INFO - DAG(s) 'dataset_alias_example_alias_consumer_with_no_taskflow', 'dataset_s3_bucket_consumer_with_no_taskflow', 'dataset_alias_example_alias_producer_with_no_taskflow', 'dataset_s3_bucket_producer_with_no_taskflow' retrieved from /home/airflow/.local/lib/python3.12/site-packages/airflow/example_dags/example_dataset_alias_with_no_taskflow.py
[2026-05-28T08:03:16.988+0000] {logging_mixin.py:190} INFO - [2026-05-28T08:03:16.987+0000] {dag.py:3239} INFO - Sync 4 DAGs
[2026-05-28T08:03:17.018+0000] {logging_mixin.py:190} INFO - [2026-05-28T08:03:17.018+0000] {dag.py:4180} INFO - Setting next_dagrun for dataset_alias_example_alias_consumer_with_no_taskflow to None, run_after=None
[2026-05-28T08:03:17.023+0000] {logging_mixin.py:190} INFO - [2026-05-28T08:03:17.022+0000] {dag.py:4180} INFO - Setting next_dagrun for dataset_alias_example_alias_producer_with_no_taskflow to None, run_after=None
[2026-05-28T08:03:17.025+0000] {logging_mixin.py:190} INFO - [2026-05-28T08:03:17.025+0000] {dag.py:4180} INFO - Setting next_dagrun for dataset_s3_bucket_consumer_with_no_taskflow to None, run_after=None
[2026-05-28T08:03:17.028+0000] {logging_mixin.py:190} INFO - [2026-05-28T08:03:17.028+0000] {dag.py:4180} INFO - Setting next_dagrun for dataset_s3_bucket_producer_with_no_taskflow to None, run_after=None
[2026-05-28T08:03:17.069+0000] {processor.py:208} INFO - Processing /home/airflow/.local/lib/python3.12/site-packages/airflow/example_dags/example_dataset_alias_with_no_taskflow.py took 9.826 seconds
[2026-05-28T08:03:47.752+0000] {processor.py:186} INFO - Started process (PID=3161) to work on /home/airflow/.local/lib/python3.12/site-packages/airflow/example_dags/example_dataset_alias_with_no_taskflow.py
[2026-05-28T08:03:47.755+0000] {processor.py:914} INFO - Processing file /home/airflow/.local/lib/python3.12/site-packages/airflow/example_dags/example_dataset_alias_with_no_taskflow.py for tasks to queue
[2026-05-28T08:03:47.762+0000] {logging_mixin.py:190} INFO - [2026-05-28T08:03:47.761+0000] {dagbag.py:588} INFO - Filling up the DagBag from /home/airflow/.local/lib/python3.12/site-packages/airflow/example_dags/example_dataset_alias_with_no_taskflow.py
[2026-05-28T08:03:58.556+0000] {processor.py:925} INFO - DAG(s) 'dataset_alias_example_alias_consumer_with_no_taskflow', 'dataset_s3_bucket_consumer_with_no_taskflow', 'dataset_s3_bucket_producer_with_no_taskflow', 'dataset_alias_example_alias_producer_with_no_taskflow' retrieved from /home/airflow/.local/lib/python3.12/site-packages/airflow/example_dags/example_dataset_alias_with_no_taskflow.py
[2026-05-28T08:03:58.592+0000] {logging_mixin.py:190} INFO - [2026-05-28T08:03:58.591+0000] {dag.py:3239} INFO - Sync 4 DAGs
[2026-05-28T08:03:58.629+0000] {logging_mixin.py:190} INFO - [2026-05-28T08:03:58.628+0000] {dag.py:4180} INFO - Setting next_dagrun for dataset_alias_example_alias_consumer_with_no_taskflow to None, run_after=None
[2026-05-28T08:03:58.635+0000] {logging_mixin.py:190} INFO - [2026-05-28T08:03:58.635+0000] {dag.py:4180} INFO - Setting next_dagrun for dataset_alias_example_alias_producer_with_no_taskflow to None, run_after=None
[2026-05-28T08:03:58.638+0000] {logging_mixin.py:190} INFO - [2026-05-28T08:03:58.638+0000] {dag.py:4180} INFO - Setting next_dagrun for dataset_s3_bucket_consumer_with_no_taskflow to None, run_after=None
[2026-05-28T08:03:58.642+0000] {logging_mixin.py:190} INFO - [2026-05-28T08:03:58.641+0000] {dag.py:4180} INFO - Setting next_dagrun for dataset_s3_bucket_producer_with_no_taskflow to None, run_after=None
[2026-05-28T08:03:58.686+0000] {processor.py:208} INFO - Processing /home/airflow/.local/lib/python3.12/site-packages/airflow/example_dags/example_dataset_alias_with_no_taskflow.py took 10.947 seconds
[2026-05-28T08:04:28.907+0000] {processor.py:186} INFO - Started process (PID=3243) to work on /home/airflow/.local/lib/python3.12/site-packages/airflow/example_dags/example_dataset_alias_with_no_taskflow.py
[2026-05-28T08:04:28.908+0000] {processor.py:914} INFO - Processing file /home/airflow/.local/lib/python3.12/site-packages/airflow/example_dags/example_dataset_alias_with_no_taskflow.py for tasks to queue
[2026-05-28T08:04:28.914+0000] {logging_mixin.py:190} INFO - [2026-05-28T08:04:28.913+0000] {dagbag.py:588} INFO - Filling up the DagBag from /home/airflow/.local/lib/python3.12/site-packages/airflow/example_dags/example_dataset_alias_with_no_taskflow.py
[2026-05-28T08:04:39.344+0000] {processor.py:925} INFO - DAG(s) 'dataset_alias_example_alias_producer_with_no_taskflow', 'dataset_s3_bucket_consumer_with_no_taskflow', 'dataset_s3_bucket_producer_with_no_taskflow', 'dataset_alias_example_alias_consumer_with_no_taskflow' retrieved from /home/airflow/.local/lib/python3.12/site-packages/airflow/example_dags/example_dataset_alias_with_no_taskflow.py
[2026-05-28T08:04:39.384+0000] {logging_mixin.py:190} INFO - [2026-05-28T08:04:39.383+0000] {dag.py:3239} INFO - Sync 4 DAGs
[2026-05-28T08:04:39.425+0000] {logging_mixin.py:190} INFO - [2026-05-28T08:04:39.424+0000] {dag.py:4180} INFO - Setting next_dagrun for dataset_alias_example_alias_consumer_with_no_taskflow to None, run_after=None
[2026-05-28T08:04:39.432+0000] {logging_mixin.py:190} INFO - [2026-05-28T08:04:39.431+0000] {dag.py:4180} INFO - Setting next_dagrun for dataset_alias_example_alias_producer_with_no_taskflow to None, run_after=None
[2026-05-28T08:04:39.435+0000] {logging_mixin.py:190} INFO - [2026-05-28T08:04:39.435+0000] {dag.py:4180} INFO - Setting next_dagrun for dataset_s3_bucket_consumer_with_no_taskflow to None, run_after=None
[2026-05-28T08:04:39.438+0000] {logging_mixin.py:190} INFO - [2026-05-28T08:04:39.438+0000] {dag.py:4180} INFO - Setting next_dagrun for dataset_s3_bucket_producer_with_no_taskflow to None, run_after=None
[2026-05-28T08:04:39.478+0000] {processor.py:208} INFO - Processing /home/airflow/.local/lib/python3.12/site-packages/airflow/example_dags/example_dataset_alias_with_no_taskflow.py took 10.586 seconds
[2026-05-28T08:05:09.562+0000] {processor.py:186} INFO - Started process (PID=3318) to work on /home/airflow/.local/lib/python3.12/site-packages/airflow/example_dags/example_dataset_alias_with_no_taskflow.py
[2026-05-28T08:05:09.565+0000] {processor.py:914} INFO - Processing file /home/airflow/.local/lib/python3.12/site-packages/airflow/example_dags/example_dataset_alias_with_no_taskflow.py for tasks to queue
[2026-05-28T08:05:09.571+0000] {logging_mixin.py:190} INFO - [2026-05-28T08:05:09.570+0000] {dagbag.py:588} INFO - Filling up the DagBag from /home/airflow/.local/lib/python3.12/site-packages/airflow/example_dags/example_dataset_alias_with_no_taskflow.py
[2026-05-28T08:05:39.625+0000] {logging_mixin.py:190} INFO - [2026-05-28T08:05:39.559+0000] {timeout.py:68} ERROR - Process timed out, PID: 3318
[2026-05-28T08:05:39.852+0000] {logging_mixin.py:190} INFO - [2026-05-28T08:05:39.657+0000] {dagbag.py:387} ERROR - Failed to import: /home/airflow/.local/lib/python3.12/site-packages/airflow/example_dags/example_dataset_alias_with_no_taskflow.py
Traceback (most recent call last):
  File "/home/airflow/.local/lib/python3.12/site-packages/airflow/models/dagbag.py", line 383, in parse
    loader.exec_module(new_module)
  File "<frozen importlib._bootstrap_external>", line 999, in exec_module
  File "<frozen importlib._bootstrap>", line 488, in _call_with_frames_removed
  File "/home/airflow/.local/lib/python3.12/site-packages/airflow/example_dags/example_dataset_alias_with_no_taskflow.py", line 55, in <module>
    outlets=[Dataset("s3://bucket/my-task-with-no-taskflow")],
             ^^^^^^^^^^^^^^^^^^^^^^^^^^^^^^^^^^^^^^^^^^^^^^^
  File "<attrs generated methods airflow.datasets.Dataset>", line 18, in __init__
    _setattr('uri', __attr_converter_uri(uri))
                    ^^^^^^^^^^^^^^^^^^^^^^^^^
  File "/home/airflow/.local/lib/python3.12/site-packages/airflow/datasets/__init__.py", line 108, in _sanitize_uri
    if (normalizer := _get_uri_normalizer(normalized_scheme)) is not None:
                      ^^^^^^^^^^^^^^^^^^^^^^^^^^^^^^^^^^^^^^
  File "/home/airflow/.local/lib/python3.12/site-packages/airflow/datasets/__init__.py", line 58, in _get_uri_normalizer
    return ProvidersManager().dataset_uri_handlers.get(scheme)
           ^^^^^^^^^^^^^^^^^^^^^^^^^^^^^^^^^^^^^^^
  File "/home/airflow/.local/lib/python3.12/site-packages/airflow/providers_manager.py", line 1328, in dataset_uri_handlers
    self.initialize_providers_dataset_uri_resources()
  File "/home/airflow/.local/lib/python3.12/site-packages/airflow/providers_manager.py", line 382, in wrapped_function
    func(*args, **kwargs)
  File "/home/airflow/.local/lib/python3.12/site-packages/airflow/providers_manager.py", line 527, in initialize_providers_dataset_uri_resources
    self._discover_dataset_uri_resources()
  File "/home/airflow/.local/lib/python3.12/site-packages/airflow/providers_manager.py", line 909, in _discover_dataset_uri_resources
    _safe_register_resource(
  File "/home/airflow/.local/lib/python3.12/site-packages/airflow/providers_manager.py", line 897, in _safe_register_resource
    _correctness_check(provider_package_name, resource_path, provider)
  File "/home/airflow/.local/lib/python3.12/site-packages/airflow/providers_manager.py", line 325, in _correctness_check
    imported_class = import_string(class_name)
                     ^^^^^^^^^^^^^^^^^^^^^^^^^
  File "/home/airflow/.local/lib/python3.12/site-packages/airflow/utils/module_loading.py", line 39, in import_string
    module = import_module(module_path)
             ^^^^^^^^^^^^^^^^^^^^^^^^^^
  File "/usr/local/lib/python3.12/importlib/__init__.py", line 90, in import_module
    return _bootstrap._gcd_import(name[level:], package, level)
           ^^^^^^^^^^^^^^^^^^^^^^^^^^^^^^^^^^^^^^^^^^^^^^^^^^^^
  File "<frozen importlib._bootstrap>", line 1387, in _gcd_import
  File "<frozen importlib._bootstrap>", line 1360, in _find_and_load
  File "<frozen importlib._bootstrap>", line 1331, in _find_and_load_unlocked
  File "<frozen importlib._bootstrap>", line 935, in _load_unlocked
  File "<frozen importlib._bootstrap_external>", line 999, in exec_module
  File "<frozen importlib._bootstrap>", line 488, in _call_with_frames_removed
  File "/home/airflow/.local/lib/python3.12/site-packages/airflow/providers/google/assets/gcs.py", line 22, in <module>
    from airflow.providers.google.cloud.hooks.gcs import _parse_gcs_url
  File "/home/airflow/.local/lib/python3.12/site-packages/airflow/providers/google/cloud/hooks/gcs.py", line 40, in <module>
    import google.cloud.storage as storage
  File "/home/airflow/.local/lib/python3.12/site-packages/google/cloud/storage/__init__.py", line 35, in <module>
    from google.cloud.storage.batch import Batch
  File "/home/airflow/.local/lib/python3.12/site-packages/google/cloud/storage/batch.py", line 43, in <module>
    from google.cloud import exceptions
  File "/home/airflow/.local/lib/python3.12/site-packages/google/cloud/exceptions/__init__.py", line 24, in <module>
    from google.api_core import exceptions
  File "/home/airflow/.local/lib/python3.12/site-packages/google/api_core/__init__.py", line 40, in <module>
    check_python_version(package="google.api_core")
  File "/home/airflow/.local/lib/python3.12/site-packages/google/api_core/_python_version_support.py", line 210, in check_python_version
    package_label, _ = _get_distribution_and_import_packages(package)
                       ^^^^^^^^^^^^^^^^^^^^^^^^^^^^^^^^^^^^^^^^^^^^^^
  File "/home/airflow/.local/lib/python3.12/site-packages/google/api_core/_python_version_support.py", line 189, in _get_distribution_and_import_packages
    distribution_package = _get_pypi_package_name(import_package)
                           ^^^^^^^^^^^^^^^^^^^^^^^^^^^^^^^^^^^^^^
  File "/home/airflow/.local/lib/python3.12/site-packages/google/api_core/_python_version_support.py", line 171, in _get_pypi_package_name
    module_to_distributions = metadata.packages_distributions()
                              ^^^^^^^^^^^^^^^^^^^^^^^^^^^^^^^^^
  File "/usr/local/lib/python3.12/importlib/metadata/__init__.py", line 948, in packages_distributions
    pkg_to_dist[pkg].append(dist.metadata['Name'])
                            ^^^^^^^^^^^^^
  File "/usr/local/lib/python3.12/importlib/metadata/__init__.py", line 452, in metadata
    return _adapters.Message(email.message_from_string(text))
                             ^^^^^^^^^^^^^^^^^^^^^^^^^^^^^^^
  File "/usr/local/lib/python3.12/email/__init__.py", line 37, in message_from_string
    return Parser(*args, **kws).parsestr(s)
           ^^^^^^^^^^^^^^^^^^^^^^^^^^^^^^^^
  File "/usr/local/lib/python3.12/email/parser.py", line 64, in parsestr
    return self.parse(StringIO(text), headersonly=headersonly)
           ^^^^^^^^^^^^^^^^^^^^^^^^^^^^^^^^^^^^^^^^^^^^^^^^^^^
  File "/usr/local/lib/python3.12/email/parser.py", line 53, in parse
    feedparser.feed(data)
  File "/usr/local/lib/python3.12/email/feedparser.py", line 174, in feed
    self._call_parse()
  File "/usr/local/lib/python3.12/email/feedparser.py", line 178, in _call_parse
    self._parse()
  File "/usr/local/lib/python3.12/email/feedparser.py", line 238, in _parsegen
    self._parse_headers(headers)
  File "/usr/local/lib/python3.12/email/feedparser.py", line 486, in _parse_headers
    self._cur.set_raw(*self.policy.header_source_parse(lastvalue))
                       ^^^^^^^^^^^^^^^^^^^^^^^^^^^^^^^^^^^^^^^^^^
  File "/usr/local/lib/python3.12/email/_policybase.py", line 310, in header_source_parse
    value = ''.join((value, *sourcelines[1:])).lstrip(' \t\r\n')
            ^^^^^^^^^^^^^^^^^^^^^^^^^^^^^^^^^^
  File "/home/airflow/.local/lib/python3.12/site-packages/airflow/utils/timeout.py", line 69, in handle_timeout
    raise AirflowTaskTimeout(self.error_message)
airflow.exceptions.AirflowTaskTimeout: DagBag import timeout for /home/airflow/.local/lib/python3.12/site-packages/airflow/example_dags/example_dataset_alias_with_no_taskflow.py after 30.0s.
Please take a look at these docs to improve your DAG import time:
* https://airflow.apache.org/docs/apache-airflow/2.11.2/best-practices.html#top-level-python-code
* https://airflow.apache.org/docs/apache-airflow/2.11.2/best-practices.html#reducing-dag-complexity, PID: 3318
[2026-05-28T08:05:39.944+0000] {processor.py:927} WARNING - No viable dags retrieved from /home/airflow/.local/lib/python3.12/site-packages/airflow/example_dags/example_dataset_alias_with_no_taskflow.py
[2026-05-28T08:05:40.996+0000] {processor.py:208} INFO - Processing /home/airflow/.local/lib/python3.12/site-packages/airflow/example_dags/example_dataset_alias_with_no_taskflow.py took 31.464 seconds
[2026-05-28T08:10:00.957+0000] {processor.py:186} INFO - Started process (PID=3448) to work on /home/airflow/.local/lib/python3.12/site-packages/airflow/example_dags/example_dataset_alias_with_no_taskflow.py
[2026-05-28T08:10:00.973+0000] {processor.py:914} INFO - Processing file /home/airflow/.local/lib/python3.12/site-packages/airflow/example_dags/example_dataset_alias_with_no_taskflow.py for tasks to queue
[2026-05-28T08:10:00.979+0000] {logging_mixin.py:190} INFO - [2026-05-28T08:10:00.978+0000] {dagbag.py:588} INFO - Filling up the DagBag from /home/airflow/.local/lib/python3.12/site-packages/airflow/example_dags/example_dataset_alias_with_no_taskflow.py
[2026-05-28T08:10:30.966+0000] {logging_mixin.py:190} INFO - [2026-05-28T08:10:30.963+0000] {timeout.py:68} ERROR - Process timed out, PID: 3448
[2026-05-28T08:10:30.982+0000] {logging_mixin.py:190} INFO - [2026-05-28T08:10:30.968+0000] {dagbag.py:387} ERROR - Failed to import: /home/airflow/.local/lib/python3.12/site-packages/airflow/example_dags/example_dataset_alias_with_no_taskflow.py
Traceback (most recent call last):
  File "/home/airflow/.local/lib/python3.12/site-packages/airflow/models/dagbag.py", line 383, in parse
    loader.exec_module(new_module)
  File "<frozen importlib._bootstrap_external>", line 999, in exec_module
  File "<frozen importlib._bootstrap>", line 488, in _call_with_frames_removed
  File "/home/airflow/.local/lib/python3.12/site-packages/airflow/example_dags/example_dataset_alias_with_no_taskflow.py", line 55, in <module>
    outlets=[Dataset("s3://bucket/my-task-with-no-taskflow")],
             ^^^^^^^^^^^^^^^^^^^^^^^^^^^^^^^^^^^^^^^^^^^^^^^
  File "<attrs generated methods airflow.datasets.Dataset>", line 18, in __init__
    _setattr('uri', __attr_converter_uri(uri))
                    ^^^^^^^^^^^^^^^^^^^^^^^^^
  File "/home/airflow/.local/lib/python3.12/site-packages/airflow/datasets/__init__.py", line 108, in _sanitize_uri
    if (normalizer := _get_uri_normalizer(normalized_scheme)) is not None:
                      ^^^^^^^^^^^^^^^^^^^^^^^^^^^^^^^^^^^^^^
  File "/home/airflow/.local/lib/python3.12/site-packages/airflow/datasets/__init__.py", line 58, in _get_uri_normalizer
    return ProvidersManager().dataset_uri_handlers.get(scheme)
           ^^^^^^^^^^^^^^^^^^^^^^^^^^^^^^^^^^^^^^^
  File "/home/airflow/.local/lib/python3.12/site-packages/airflow/providers_manager.py", line 1328, in dataset_uri_handlers
    self.initialize_providers_dataset_uri_resources()
  File "/home/airflow/.local/lib/python3.12/site-packages/airflow/providers_manager.py", line 382, in wrapped_function
    func(*args, **kwargs)
  File "/home/airflow/.local/lib/python3.12/site-packages/airflow/providers_manager.py", line 527, in initialize_providers_dataset_uri_resources
    self._discover_dataset_uri_resources()
  File "/home/airflow/.local/lib/python3.12/site-packages/airflow/providers_manager.py", line 909, in _discover_dataset_uri_resources
    _safe_register_resource(
  File "/home/airflow/.local/lib/python3.12/site-packages/airflow/providers_manager.py", line 897, in _safe_register_resource
    _correctness_check(provider_package_name, resource_path, provider)
  File "/home/airflow/.local/lib/python3.12/site-packages/airflow/providers_manager.py", line 325, in _correctness_check
    imported_class = import_string(class_name)
                     ^^^^^^^^^^^^^^^^^^^^^^^^^
  File "/home/airflow/.local/lib/python3.12/site-packages/airflow/utils/module_loading.py", line 39, in import_string
    module = import_module(module_path)
             ^^^^^^^^^^^^^^^^^^^^^^^^^^
  File "/usr/local/lib/python3.12/importlib/__init__.py", line 90, in import_module
    return _bootstrap._gcd_import(name[level:], package, level)
           ^^^^^^^^^^^^^^^^^^^^^^^^^^^^^^^^^^^^^^^^^^^^^^^^^^^^
  File "<frozen importlib._bootstrap>", line 1387, in _gcd_import
  File "<frozen importlib._bootstrap>", line 1360, in _find_and_load
  File "<frozen importlib._bootstrap>", line 1331, in _find_and_load_unlocked
  File "<frozen importlib._bootstrap>", line 935, in _load_unlocked
  File "<frozen importlib._bootstrap_external>", line 999, in exec_module
  File "<frozen importlib._bootstrap>", line 488, in _call_with_frames_removed
  File "/home/airflow/.local/lib/python3.12/site-packages/airflow/providers/google/assets/gcs.py", line 22, in <module>
    from airflow.providers.google.cloud.hooks.gcs import _parse_gcs_url
  File "/home/airflow/.local/lib/python3.12/site-packages/airflow/providers/google/cloud/hooks/gcs.py", line 51, in <module>
    from airflow.providers.google.common.hooks.base_google import (
  File "/home/airflow/.local/lib/python3.12/site-packages/airflow/providers/google/common/hooks/base_google.py", line 52, in <module>
    from airflow.providers.google.cloud.utils.credentials_provider import (
  File "/home/airflow/.local/lib/python3.12/site-packages/airflow/providers/google/cloud/utils/credentials_provider.py", line 37, in <module>
    from airflow.providers.google.cloud._internal_client.secret_manager_client import _SecretManagerClient
  File "/home/airflow/.local/lib/python3.12/site-packages/airflow/providers/google/cloud/_internal_client/secret_manager_client.py", line 24, in <module>
    from google.cloud.secretmanager_v1 import SecretManagerServiceClient
  File "/home/airflow/.local/lib/python3.12/site-packages/google/cloud/secretmanager_v1/__init__.py", line 67, in <module>
    api_core.check_python_version("google.cloud.secretmanager_v1")  # type: ignore
    ^^^^^^^^^^^^^^^^^^^^^^^^^^^^^^^^^^^^^^^^^^^^^^^^^^^^^^^^^^^^^^
  File "/home/airflow/.local/lib/python3.12/site-packages/google/api_core/_python_version_support.py", line 210, in check_python_version
    package_label, _ = _get_distribution_and_import_packages(package)
                       ^^^^^^^^^^^^^^^^^^^^^^^^^^^^^^^^^^^^^^^^^^^^^^
  File "/home/airflow/.local/lib/python3.12/site-packages/google/api_core/_python_version_support.py", line 189, in _get_distribution_and_import_packages
    distribution_package = _get_pypi_package_name(import_package)
                           ^^^^^^^^^^^^^^^^^^^^^^^^^^^^^^^^^^^^^^
  File "/home/airflow/.local/lib/python3.12/site-packages/google/api_core/_python_version_support.py", line 171, in _get_pypi_package_name
    module_to_distributions = metadata.packages_distributions()
                              ^^^^^^^^^^^^^^^^^^^^^^^^^^^^^^^^^
  File "/usr/local/lib/python3.12/importlib/metadata/__init__.py", line 948, in packages_distributions
    pkg_to_dist[pkg].append(dist.metadata['Name'])
                            ^^^^^^^^^^^^^
  File "/home/airflow/.local/lib/python3.12/site-packages/importlib_metadata/__init__.py", line 472, in metadata
    return _adapters.Message(email.message_from_string(text))
                             ^^^^^^^^^^^^^^^^^^^^^^^^^^^^^^^
  File "/usr/local/lib/python3.12/email/__init__.py", line 37, in message_from_string
    return Parser(*args, **kws).parsestr(s)
           ^^^^^^^^^^^^^^^^^^^^^^^^^^^^^^^^
  File "/usr/local/lib/python3.12/email/parser.py", line 64, in parsestr
    return self.parse(StringIO(text), headersonly=headersonly)
           ^^^^^^^^^^^^^^^^^^^^^^^^^^^^^^^^^^^^^^^^^^^^^^^^^^^
  File "/usr/local/lib/python3.12/email/parser.py", line 53, in parse
    feedparser.feed(data)
  File "/usr/local/lib/python3.12/email/feedparser.py", line 174, in feed
    self._call_parse()
  File "/usr/local/lib/python3.12/email/feedparser.py", line 178, in _call_parse
    self._parse()
  File "/usr/local/lib/python3.12/email/feedparser.py", line 466, in _parsegen
    lines.append(line)
  File "/home/airflow/.local/lib/python3.12/site-packages/airflow/utils/timeout.py", line 69, in handle_timeout
    raise AirflowTaskTimeout(self.error_message)
airflow.exceptions.AirflowTaskTimeout: DagBag import timeout for /home/airflow/.local/lib/python3.12/site-packages/airflow/example_dags/example_dataset_alias_with_no_taskflow.py after 30.0s.
Please take a look at these docs to improve your DAG import time:
* https://airflow.apache.org/docs/apache-airflow/2.11.2/best-practices.html#top-level-python-code
* https://airflow.apache.org/docs/apache-airflow/2.11.2/best-practices.html#reducing-dag-complexity, PID: 3448
[2026-05-28T08:10:30.987+0000] {processor.py:927} WARNING - No viable dags retrieved from /home/airflow/.local/lib/python3.12/site-packages/airflow/example_dags/example_dataset_alias_with_no_taskflow.py
[2026-05-28T08:10:31.054+0000] {processor.py:208} INFO - Processing /home/airflow/.local/lib/python3.12/site-packages/airflow/example_dags/example_dataset_alias_with_no_taskflow.py took 30.140 seconds
[2026-05-28T08:11:16.777+0000] {processor.py:186} INFO - Started process (PID=3532) to work on /home/airflow/.local/lib/python3.12/site-packages/airflow/example_dags/example_dataset_alias_with_no_taskflow.py
[2026-05-28T08:11:16.780+0000] {processor.py:914} INFO - Processing file /home/airflow/.local/lib/python3.12/site-packages/airflow/example_dags/example_dataset_alias_with_no_taskflow.py for tasks to queue
[2026-05-28T08:11:16.785+0000] {logging_mixin.py:190} INFO - [2026-05-28T08:11:16.784+0000] {dagbag.py:588} INFO - Filling up the DagBag from /home/airflow/.local/lib/python3.12/site-packages/airflow/example_dags/example_dataset_alias_with_no_taskflow.py
[2026-05-28T08:11:39.065+0000] {processor.py:925} INFO - DAG(s) 'dataset_alias_example_alias_consumer_with_no_taskflow', 'dataset_alias_example_alias_producer_with_no_taskflow', 'dataset_s3_bucket_consumer_with_no_taskflow', 'dataset_s3_bucket_producer_with_no_taskflow' retrieved from /home/airflow/.local/lib/python3.12/site-packages/airflow/example_dags/example_dataset_alias_with_no_taskflow.py
[2026-05-28T08:11:39.625+0000] {logging_mixin.py:190} INFO - [2026-05-28T08:11:39.624+0000] {dag.py:3239} INFO - Sync 4 DAGs
[2026-05-28T08:11:39.678+0000] {logging_mixin.py:190} INFO - [2026-05-28T08:11:39.678+0000] {dag.py:4180} INFO - Setting next_dagrun for dataset_alias_example_alias_consumer_with_no_taskflow to None, run_after=None
[2026-05-28T08:11:39.686+0000] {logging_mixin.py:190} INFO - [2026-05-28T08:11:39.685+0000] {dag.py:4180} INFO - Setting next_dagrun for dataset_alias_example_alias_producer_with_no_taskflow to None, run_after=None
[2026-05-28T08:11:39.690+0000] {logging_mixin.py:190} INFO - [2026-05-28T08:11:39.689+0000] {dag.py:4180} INFO - Setting next_dagrun for dataset_s3_bucket_consumer_with_no_taskflow to None, run_after=None
[2026-05-28T08:11:39.694+0000] {logging_mixin.py:190} INFO - [2026-05-28T08:11:39.693+0000] {dag.py:4180} INFO - Setting next_dagrun for dataset_s3_bucket_producer_with_no_taskflow to None, run_after=None
[2026-05-28T08:11:39.756+0000] {processor.py:208} INFO - Processing /home/airflow/.local/lib/python3.12/site-packages/airflow/example_dags/example_dataset_alias_with_no_taskflow.py took 23.020 seconds
[2026-05-28T08:12:26.954+0000] {processor.py:186} INFO - Started process (PID=3624) to work on /home/airflow/.local/lib/python3.12/site-packages/airflow/example_dags/example_dataset_alias_with_no_taskflow.py
[2026-05-28T08:12:26.957+0000] {processor.py:914} INFO - Processing file /home/airflow/.local/lib/python3.12/site-packages/airflow/example_dags/example_dataset_alias_with_no_taskflow.py for tasks to queue
[2026-05-28T08:12:26.962+0000] {logging_mixin.py:190} INFO - [2026-05-28T08:12:26.961+0000] {dagbag.py:588} INFO - Filling up the DagBag from /home/airflow/.local/lib/python3.12/site-packages/airflow/example_dags/example_dataset_alias_with_no_taskflow.py
[2026-05-28T08:12:45.653+0000] {processor.py:925} INFO - DAG(s) 'dataset_alias_example_alias_consumer_with_no_taskflow', 'dataset_alias_example_alias_producer_with_no_taskflow', 'dataset_s3_bucket_consumer_with_no_taskflow', 'dataset_s3_bucket_producer_with_no_taskflow' retrieved from /home/airflow/.local/lib/python3.12/site-packages/airflow/example_dags/example_dataset_alias_with_no_taskflow.py
[2026-05-28T08:12:45.744+0000] {logging_mixin.py:190} INFO - [2026-05-28T08:12:45.738+0000] {dag.py:3239} INFO - Sync 4 DAGs
[2026-05-28T08:12:45.834+0000] {logging_mixin.py:190} INFO - [2026-05-28T08:12:45.833+0000] {dag.py:4180} INFO - Setting next_dagrun for dataset_alias_example_alias_consumer_with_no_taskflow to None, run_after=None
[2026-05-28T08:12:45.844+0000] {logging_mixin.py:190} INFO - [2026-05-28T08:12:45.843+0000] {dag.py:4180} INFO - Setting next_dagrun for dataset_alias_example_alias_producer_with_no_taskflow to None, run_after=None
[2026-05-28T08:12:45.850+0000] {logging_mixin.py:190} INFO - [2026-05-28T08:12:45.849+0000] {dag.py:4180} INFO - Setting next_dagrun for dataset_s3_bucket_consumer_with_no_taskflow to None, run_after=None
[2026-05-28T08:12:45.857+0000] {logging_mixin.py:190} INFO - [2026-05-28T08:12:45.856+0000] {dag.py:4180} INFO - Setting next_dagrun for dataset_s3_bucket_producer_with_no_taskflow to None, run_after=None
[2026-05-28T08:12:45.957+0000] {processor.py:208} INFO - Processing /home/airflow/.local/lib/python3.12/site-packages/airflow/example_dags/example_dataset_alias_with_no_taskflow.py took 19.031 seconds
[2026-05-28T08:13:17.682+0000] {processor.py:186} INFO - Started process (PID=3692) to work on /home/airflow/.local/lib/python3.12/site-packages/airflow/example_dags/example_dataset_alias_with_no_taskflow.py
[2026-05-28T08:13:17.685+0000] {processor.py:914} INFO - Processing file /home/airflow/.local/lib/python3.12/site-packages/airflow/example_dags/example_dataset_alias_with_no_taskflow.py for tasks to queue
[2026-05-28T08:13:17.692+0000] {logging_mixin.py:190} INFO - [2026-05-28T08:13:17.691+0000] {dagbag.py:588} INFO - Filling up the DagBag from /home/airflow/.local/lib/python3.12/site-packages/airflow/example_dags/example_dataset_alias_with_no_taskflow.py
[2026-05-28T08:13:38.223+0000] {processor.py:925} INFO - DAG(s) 'dataset_s3_bucket_consumer_with_no_taskflow', 'dataset_alias_example_alias_consumer_with_no_taskflow', 'dataset_s3_bucket_producer_with_no_taskflow', 'dataset_alias_example_alias_producer_with_no_taskflow' retrieved from /home/airflow/.local/lib/python3.12/site-packages/airflow/example_dags/example_dataset_alias_with_no_taskflow.py
[2026-05-28T08:13:38.283+0000] {logging_mixin.py:190} INFO - [2026-05-28T08:13:38.280+0000] {dag.py:3239} INFO - Sync 4 DAGs
[2026-05-28T08:13:38.346+0000] {logging_mixin.py:190} INFO - [2026-05-28T08:13:38.345+0000] {dag.py:4180} INFO - Setting next_dagrun for dataset_alias_example_alias_consumer_with_no_taskflow to None, run_after=None
[2026-05-28T08:13:38.354+0000] {logging_mixin.py:190} INFO - [2026-05-28T08:13:38.353+0000] {dag.py:4180} INFO - Setting next_dagrun for dataset_alias_example_alias_producer_with_no_taskflow to None, run_after=None
[2026-05-28T08:13:38.358+0000] {logging_mixin.py:190} INFO - [2026-05-28T08:13:38.357+0000] {dag.py:4180} INFO - Setting next_dagrun for dataset_s3_bucket_consumer_with_no_taskflow to None, run_after=None
[2026-05-28T08:13:38.363+0000] {logging_mixin.py:190} INFO - [2026-05-28T08:13:38.362+0000] {dag.py:4180} INFO - Setting next_dagrun for dataset_s3_bucket_producer_with_no_taskflow to None, run_after=None
[2026-05-28T08:13:38.432+0000] {processor.py:208} INFO - Processing /home/airflow/.local/lib/python3.12/site-packages/airflow/example_dags/example_dataset_alias_with_no_taskflow.py took 20.775 seconds
[2026-05-28T08:14:17.213+0000] {processor.py:186} INFO - Started process (PID=3781) to work on /home/airflow/.local/lib/python3.12/site-packages/airflow/example_dags/example_dataset_alias_with_no_taskflow.py
[2026-05-28T08:14:17.215+0000] {processor.py:914} INFO - Processing file /home/airflow/.local/lib/python3.12/site-packages/airflow/example_dags/example_dataset_alias_with_no_taskflow.py for tasks to queue
[2026-05-28T08:14:17.218+0000] {logging_mixin.py:190} INFO - [2026-05-28T08:14:17.218+0000] {dagbag.py:588} INFO - Filling up the DagBag from /home/airflow/.local/lib/python3.12/site-packages/airflow/example_dags/example_dataset_alias_with_no_taskflow.py
[2026-05-28T08:14:34.704+0000] {processor.py:925} INFO - DAG(s) 'dataset_s3_bucket_producer_with_no_taskflow', 'dataset_s3_bucket_consumer_with_no_taskflow', 'dataset_alias_example_alias_producer_with_no_taskflow', 'dataset_alias_example_alias_consumer_with_no_taskflow' retrieved from /home/airflow/.local/lib/python3.12/site-packages/airflow/example_dags/example_dataset_alias_with_no_taskflow.py
[2026-05-28T08:14:34.750+0000] {logging_mixin.py:190} INFO - [2026-05-28T08:14:34.749+0000] {dag.py:3239} INFO - Sync 4 DAGs
[2026-05-28T08:14:34.791+0000] {logging_mixin.py:190} INFO - [2026-05-28T08:14:34.791+0000] {dag.py:4180} INFO - Setting next_dagrun for dataset_alias_example_alias_consumer_with_no_taskflow to None, run_after=None
[2026-05-28T08:14:34.799+0000] {logging_mixin.py:190} INFO - [2026-05-28T08:14:34.799+0000] {dag.py:4180} INFO - Setting next_dagrun for dataset_alias_example_alias_producer_with_no_taskflow to None, run_after=None
[2026-05-28T08:14:34.803+0000] {logging_mixin.py:190} INFO - [2026-05-28T08:14:34.803+0000] {dag.py:4180} INFO - Setting next_dagrun for dataset_s3_bucket_consumer_with_no_taskflow to None, run_after=None
[2026-05-28T08:14:34.807+0000] {logging_mixin.py:190} INFO - [2026-05-28T08:14:34.807+0000] {dag.py:4180} INFO - Setting next_dagrun for dataset_s3_bucket_producer_with_no_taskflow to None, run_after=None
[2026-05-28T08:14:34.867+0000] {processor.py:208} INFO - Processing /home/airflow/.local/lib/python3.12/site-packages/airflow/example_dags/example_dataset_alias_with_no_taskflow.py took 17.667 seconds
[2026-05-28T08:15:13.058+0000] {processor.py:186} INFO - Started process (PID=3863) to work on /home/airflow/.local/lib/python3.12/site-packages/airflow/example_dags/example_dataset_alias_with_no_taskflow.py
[2026-05-28T08:15:13.061+0000] {processor.py:914} INFO - Processing file /home/airflow/.local/lib/python3.12/site-packages/airflow/example_dags/example_dataset_alias_with_no_taskflow.py for tasks to queue
[2026-05-28T08:15:13.064+0000] {logging_mixin.py:190} INFO - [2026-05-28T08:15:13.063+0000] {dagbag.py:588} INFO - Filling up the DagBag from /home/airflow/.local/lib/python3.12/site-packages/airflow/example_dags/example_dataset_alias_with_no_taskflow.py
[2026-05-28T08:15:31.282+0000] {processor.py:925} INFO - DAG(s) 'dataset_s3_bucket_consumer_with_no_taskflow', 'dataset_alias_example_alias_consumer_with_no_taskflow', 'dataset_s3_bucket_producer_with_no_taskflow', 'dataset_alias_example_alias_producer_with_no_taskflow' retrieved from /home/airflow/.local/lib/python3.12/site-packages/airflow/example_dags/example_dataset_alias_with_no_taskflow.py
[2026-05-28T08:15:31.337+0000] {logging_mixin.py:190} INFO - [2026-05-28T08:15:31.335+0000] {dag.py:3239} INFO - Sync 4 DAGs
[2026-05-28T08:15:31.399+0000] {logging_mixin.py:190} INFO - [2026-05-28T08:15:31.398+0000] {dag.py:4180} INFO - Setting next_dagrun for dataset_alias_example_alias_consumer_with_no_taskflow to None, run_after=None
[2026-05-28T08:15:31.411+0000] {logging_mixin.py:190} INFO - [2026-05-28T08:15:31.411+0000] {dag.py:4180} INFO - Setting next_dagrun for dataset_alias_example_alias_producer_with_no_taskflow to None, run_after=None
[2026-05-28T08:15:31.417+0000] {logging_mixin.py:190} INFO - [2026-05-28T08:15:31.415+0000] {dag.py:4180} INFO - Setting next_dagrun for dataset_s3_bucket_consumer_with_no_taskflow to None, run_after=None
[2026-05-28T08:15:31.424+0000] {logging_mixin.py:190} INFO - [2026-05-28T08:15:31.423+0000] {dag.py:4180} INFO - Setting next_dagrun for dataset_s3_bucket_producer_with_no_taskflow to None, run_after=None
[2026-05-28T08:15:31.528+0000] {processor.py:208} INFO - Processing /home/airflow/.local/lib/python3.12/site-packages/airflow/example_dags/example_dataset_alias_with_no_taskflow.py took 18.484 seconds
[2026-05-28T08:16:04.077+0000] {processor.py:186} INFO - Started process (PID=3947) to work on /home/airflow/.local/lib/python3.12/site-packages/airflow/example_dags/example_dataset_alias_with_no_taskflow.py
[2026-05-28T08:16:04.080+0000] {processor.py:914} INFO - Processing file /home/airflow/.local/lib/python3.12/site-packages/airflow/example_dags/example_dataset_alias_with_no_taskflow.py for tasks to queue
[2026-05-28T08:16:04.084+0000] {logging_mixin.py:190} INFO - [2026-05-28T08:16:04.083+0000] {dagbag.py:588} INFO - Filling up the DagBag from /home/airflow/.local/lib/python3.12/site-packages/airflow/example_dags/example_dataset_alias_with_no_taskflow.py
[2026-05-28T08:16:26.948+0000] {processor.py:925} INFO - DAG(s) 'dataset_s3_bucket_producer_with_no_taskflow', 'dataset_alias_example_alias_consumer_with_no_taskflow', 'dataset_s3_bucket_consumer_with_no_taskflow', 'dataset_alias_example_alias_producer_with_no_taskflow' retrieved from /home/airflow/.local/lib/python3.12/site-packages/airflow/example_dags/example_dataset_alias_with_no_taskflow.py
[2026-05-28T08:16:27.012+0000] {logging_mixin.py:190} INFO - [2026-05-28T08:16:27.010+0000] {dag.py:3239} INFO - Sync 4 DAGs
[2026-05-28T08:16:27.076+0000] {logging_mixin.py:190} INFO - [2026-05-28T08:16:27.075+0000] {dag.py:4180} INFO - Setting next_dagrun for dataset_alias_example_alias_consumer_with_no_taskflow to None, run_after=None
[2026-05-28T08:16:27.085+0000] {logging_mixin.py:190} INFO - [2026-05-28T08:16:27.084+0000] {dag.py:4180} INFO - Setting next_dagrun for dataset_alias_example_alias_producer_with_no_taskflow to None, run_after=None
[2026-05-28T08:16:27.089+0000] {logging_mixin.py:190} INFO - [2026-05-28T08:16:27.089+0000] {dag.py:4180} INFO - Setting next_dagrun for dataset_s3_bucket_consumer_with_no_taskflow to None, run_after=None
[2026-05-28T08:16:27.095+0000] {logging_mixin.py:190} INFO - [2026-05-28T08:16:27.094+0000] {dag.py:4180} INFO - Setting next_dagrun for dataset_s3_bucket_producer_with_no_taskflow to None, run_after=None
[2026-05-28T08:16:27.155+0000] {processor.py:208} INFO - Processing /home/airflow/.local/lib/python3.12/site-packages/airflow/example_dags/example_dataset_alias_with_no_taskflow.py took 23.101 seconds
[2026-05-28T08:17:05.156+0000] {processor.py:186} INFO - Started process (PID=4022) to work on /home/airflow/.local/lib/python3.12/site-packages/airflow/example_dags/example_dataset_alias_with_no_taskflow.py
[2026-05-28T08:17:05.159+0000] {processor.py:914} INFO - Processing file /home/airflow/.local/lib/python3.12/site-packages/airflow/example_dags/example_dataset_alias_with_no_taskflow.py for tasks to queue
[2026-05-28T08:17:05.162+0000] {logging_mixin.py:190} INFO - [2026-05-28T08:17:05.162+0000] {dagbag.py:588} INFO - Filling up the DagBag from /home/airflow/.local/lib/python3.12/site-packages/airflow/example_dags/example_dataset_alias_with_no_taskflow.py
[2026-05-28T08:17:24.586+0000] {processor.py:925} INFO - DAG(s) 'dataset_s3_bucket_consumer_with_no_taskflow', 'dataset_alias_example_alias_producer_with_no_taskflow', 'dataset_s3_bucket_producer_with_no_taskflow', 'dataset_alias_example_alias_consumer_with_no_taskflow' retrieved from /home/airflow/.local/lib/python3.12/site-packages/airflow/example_dags/example_dataset_alias_with_no_taskflow.py
[2026-05-28T08:17:24.637+0000] {logging_mixin.py:190} INFO - [2026-05-28T08:17:24.636+0000] {dag.py:3239} INFO - Sync 4 DAGs
[2026-05-28T08:17:24.683+0000] {logging_mixin.py:190} INFO - [2026-05-28T08:17:24.683+0000] {dag.py:4180} INFO - Setting next_dagrun for dataset_alias_example_alias_consumer_with_no_taskflow to None, run_after=None
[2026-05-28T08:17:24.690+0000] {logging_mixin.py:190} INFO - [2026-05-28T08:17:24.689+0000] {dag.py:4180} INFO - Setting next_dagrun for dataset_alias_example_alias_producer_with_no_taskflow to None, run_after=None
[2026-05-28T08:17:24.694+0000] {logging_mixin.py:190} INFO - [2026-05-28T08:17:24.693+0000] {dag.py:4180} INFO - Setting next_dagrun for dataset_s3_bucket_consumer_with_no_taskflow to None, run_after=None
[2026-05-28T08:17:24.698+0000] {logging_mixin.py:190} INFO - [2026-05-28T08:17:24.698+0000] {dag.py:4180} INFO - Setting next_dagrun for dataset_s3_bucket_producer_with_no_taskflow to None, run_after=None
[2026-05-28T08:17:24.749+0000] {processor.py:208} INFO - Processing /home/airflow/.local/lib/python3.12/site-packages/airflow/example_dags/example_dataset_alias_with_no_taskflow.py took 19.611 seconds
[2026-05-28T08:18:09.559+0000] {processor.py:186} INFO - Started process (PID=4107) to work on /home/airflow/.local/lib/python3.12/site-packages/airflow/example_dags/example_dataset_alias_with_no_taskflow.py
[2026-05-28T08:18:09.563+0000] {processor.py:914} INFO - Processing file /home/airflow/.local/lib/python3.12/site-packages/airflow/example_dags/example_dataset_alias_with_no_taskflow.py for tasks to queue
[2026-05-28T08:18:09.567+0000] {logging_mixin.py:190} INFO - [2026-05-28T08:18:09.566+0000] {dagbag.py:588} INFO - Filling up the DagBag from /home/airflow/.local/lib/python3.12/site-packages/airflow/example_dags/example_dataset_alias_with_no_taskflow.py
[2026-05-28T08:18:28.941+0000] {processor.py:925} INFO - DAG(s) 'dataset_alias_example_alias_consumer_with_no_taskflow', 'dataset_alias_example_alias_producer_with_no_taskflow', 'dataset_s3_bucket_consumer_with_no_taskflow', 'dataset_s3_bucket_producer_with_no_taskflow' retrieved from /home/airflow/.local/lib/python3.12/site-packages/airflow/example_dags/example_dataset_alias_with_no_taskflow.py
[2026-05-28T08:18:28.990+0000] {logging_mixin.py:190} INFO - [2026-05-28T08:18:28.989+0000] {dag.py:3239} INFO - Sync 4 DAGs
[2026-05-28T08:18:29.032+0000] {logging_mixin.py:190} INFO - [2026-05-28T08:18:29.032+0000] {dag.py:4180} INFO - Setting next_dagrun for dataset_alias_example_alias_consumer_with_no_taskflow to None, run_after=None
[2026-05-28T08:18:29.038+0000] {logging_mixin.py:190} INFO - [2026-05-28T08:18:29.038+0000] {dag.py:4180} INFO - Setting next_dagrun for dataset_alias_example_alias_producer_with_no_taskflow to None, run_after=None
[2026-05-28T08:18:29.042+0000] {logging_mixin.py:190} INFO - [2026-05-28T08:18:29.042+0000] {dag.py:4180} INFO - Setting next_dagrun for dataset_s3_bucket_consumer_with_no_taskflow to None, run_after=None
[2026-05-28T08:18:29.046+0000] {logging_mixin.py:190} INFO - [2026-05-28T08:18:29.046+0000] {dag.py:4180} INFO - Setting next_dagrun for dataset_s3_bucket_producer_with_no_taskflow to None, run_after=None
[2026-05-28T08:18:29.092+0000] {processor.py:208} INFO - Processing /home/airflow/.local/lib/python3.12/site-packages/airflow/example_dags/example_dataset_alias_with_no_taskflow.py took 19.551 seconds
[2026-05-28T08:19:08.174+0000] {processor.py:186} INFO - Started process (PID=4211) to work on /home/airflow/.local/lib/python3.12/site-packages/airflow/example_dags/example_dataset_alias_with_no_taskflow.py
[2026-05-28T08:19:08.177+0000] {processor.py:914} INFO - Processing file /home/airflow/.local/lib/python3.12/site-packages/airflow/example_dags/example_dataset_alias_with_no_taskflow.py for tasks to queue
[2026-05-28T08:19:08.180+0000] {logging_mixin.py:190} INFO - [2026-05-28T08:19:08.180+0000] {dagbag.py:588} INFO - Filling up the DagBag from /home/airflow/.local/lib/python3.12/site-packages/airflow/example_dags/example_dataset_alias_with_no_taskflow.py
[2026-05-28T08:19:27.249+0000] {processor.py:925} INFO - DAG(s) 'dataset_alias_example_alias_producer_with_no_taskflow', 'dataset_alias_example_alias_consumer_with_no_taskflow', 'dataset_s3_bucket_producer_with_no_taskflow', 'dataset_s3_bucket_consumer_with_no_taskflow' retrieved from /home/airflow/.local/lib/python3.12/site-packages/airflow/example_dags/example_dataset_alias_with_no_taskflow.py
[2026-05-28T08:19:27.311+0000] {logging_mixin.py:190} INFO - [2026-05-28T08:19:27.310+0000] {dag.py:3239} INFO - Sync 4 DAGs
[2026-05-28T08:19:27.356+0000] {logging_mixin.py:190} INFO - [2026-05-28T08:19:27.356+0000] {dag.py:4180} INFO - Setting next_dagrun for dataset_alias_example_alias_consumer_with_no_taskflow to None, run_after=None
[2026-05-28T08:19:27.362+0000] {logging_mixin.py:190} INFO - [2026-05-28T08:19:27.362+0000] {dag.py:4180} INFO - Setting next_dagrun for dataset_alias_example_alias_producer_with_no_taskflow to None, run_after=None
[2026-05-28T08:19:27.366+0000] {logging_mixin.py:190} INFO - [2026-05-28T08:19:27.366+0000] {dag.py:4180} INFO - Setting next_dagrun for dataset_s3_bucket_consumer_with_no_taskflow to None, run_after=None
[2026-05-28T08:19:27.371+0000] {logging_mixin.py:190} INFO - [2026-05-28T08:19:27.370+0000] {dag.py:4180} INFO - Setting next_dagrun for dataset_s3_bucket_producer_with_no_taskflow to None, run_after=None
[2026-05-28T08:19:27.414+0000] {processor.py:208} INFO - Processing /home/airflow/.local/lib/python3.12/site-packages/airflow/example_dags/example_dataset_alias_with_no_taskflow.py took 19.254 seconds
[2026-05-28T08:19:57.549+0000] {processor.py:186} INFO - Started process (PID=4282) to work on /home/airflow/.local/lib/python3.12/site-packages/airflow/example_dags/example_dataset_alias_with_no_taskflow.py
[2026-05-28T08:19:57.552+0000] {processor.py:914} INFO - Processing file /home/airflow/.local/lib/python3.12/site-packages/airflow/example_dags/example_dataset_alias_with_no_taskflow.py for tasks to queue
[2026-05-28T08:19:57.557+0000] {logging_mixin.py:190} INFO - [2026-05-28T08:19:57.556+0000] {dagbag.py:588} INFO - Filling up the DagBag from /home/airflow/.local/lib/python3.12/site-packages/airflow/example_dags/example_dataset_alias_with_no_taskflow.py
[2026-05-28T08:20:18.142+0000] {processor.py:925} INFO - DAG(s) 'dataset_alias_example_alias_consumer_with_no_taskflow', 'dataset_s3_bucket_consumer_with_no_taskflow', 'dataset_alias_example_alias_producer_with_no_taskflow', 'dataset_s3_bucket_producer_with_no_taskflow' retrieved from /home/airflow/.local/lib/python3.12/site-packages/airflow/example_dags/example_dataset_alias_with_no_taskflow.py
[2026-05-28T08:20:18.188+0000] {logging_mixin.py:190} INFO - [2026-05-28T08:20:18.187+0000] {dag.py:3239} INFO - Sync 4 DAGs
[2026-05-28T08:20:18.230+0000] {logging_mixin.py:190} INFO - [2026-05-28T08:20:18.229+0000] {dag.py:4180} INFO - Setting next_dagrun for dataset_alias_example_alias_consumer_with_no_taskflow to None, run_after=None
[2026-05-28T08:20:18.237+0000] {logging_mixin.py:190} INFO - [2026-05-28T08:20:18.237+0000] {dag.py:4180} INFO - Setting next_dagrun for dataset_alias_example_alias_producer_with_no_taskflow to None, run_after=None
[2026-05-28T08:20:18.241+0000] {logging_mixin.py:190} INFO - [2026-05-28T08:20:18.240+0000] {dag.py:4180} INFO - Setting next_dagrun for dataset_s3_bucket_consumer_with_no_taskflow to None, run_after=None
[2026-05-28T08:20:18.244+0000] {logging_mixin.py:190} INFO - [2026-05-28T08:20:18.244+0000] {dag.py:4180} INFO - Setting next_dagrun for dataset_s3_bucket_producer_with_no_taskflow to None, run_after=None
[2026-05-28T08:20:18.293+0000] {processor.py:208} INFO - Processing /home/airflow/.local/lib/python3.12/site-packages/airflow/example_dags/example_dataset_alias_with_no_taskflow.py took 20.764 seconds
[2026-05-28T08:20:57.023+0000] {processor.py:186} INFO - Started process (PID=4360) to work on /home/airflow/.local/lib/python3.12/site-packages/airflow/example_dags/example_dataset_alias_with_no_taskflow.py
[2026-05-28T08:20:57.026+0000] {processor.py:914} INFO - Processing file /home/airflow/.local/lib/python3.12/site-packages/airflow/example_dags/example_dataset_alias_with_no_taskflow.py for tasks to queue
[2026-05-28T08:20:57.029+0000] {logging_mixin.py:190} INFO - [2026-05-28T08:20:57.029+0000] {dagbag.py:588} INFO - Filling up the DagBag from /home/airflow/.local/lib/python3.12/site-packages/airflow/example_dags/example_dataset_alias_with_no_taskflow.py
[2026-05-28T08:21:18.768+0000] {processor.py:925} INFO - DAG(s) 'dataset_alias_example_alias_producer_with_no_taskflow', 'dataset_alias_example_alias_consumer_with_no_taskflow', 'dataset_s3_bucket_producer_with_no_taskflow', 'dataset_s3_bucket_consumer_with_no_taskflow' retrieved from /home/airflow/.local/lib/python3.12/site-packages/airflow/example_dags/example_dataset_alias_with_no_taskflow.py
[2026-05-28T08:21:18.828+0000] {logging_mixin.py:190} INFO - [2026-05-28T08:21:18.826+0000] {dag.py:3239} INFO - Sync 4 DAGs
[2026-05-28T08:21:18.881+0000] {logging_mixin.py:190} INFO - [2026-05-28T08:21:18.881+0000] {dag.py:4180} INFO - Setting next_dagrun for dataset_alias_example_alias_consumer_with_no_taskflow to None, run_after=None
[2026-05-28T08:21:18.888+0000] {logging_mixin.py:190} INFO - [2026-05-28T08:21:18.887+0000] {dag.py:4180} INFO - Setting next_dagrun for dataset_alias_example_alias_producer_with_no_taskflow to None, run_after=None
[2026-05-28T08:21:18.892+0000] {logging_mixin.py:190} INFO - [2026-05-28T08:21:18.892+0000] {dag.py:4180} INFO - Setting next_dagrun for dataset_s3_bucket_consumer_with_no_taskflow to None, run_after=None
[2026-05-28T08:21:18.898+0000] {logging_mixin.py:190} INFO - [2026-05-28T08:21:18.898+0000] {dag.py:4180} INFO - Setting next_dagrun for dataset_s3_bucket_producer_with_no_taskflow to None, run_after=None
[2026-05-28T08:21:18.964+0000] {processor.py:208} INFO - Processing /home/airflow/.local/lib/python3.12/site-packages/airflow/example_dags/example_dataset_alias_with_no_taskflow.py took 21.961 seconds
[2026-05-28T08:21:57.729+0000] {processor.py:186} INFO - Started process (PID=4441) to work on /home/airflow/.local/lib/python3.12/site-packages/airflow/example_dags/example_dataset_alias_with_no_taskflow.py
[2026-05-28T08:21:57.732+0000] {processor.py:914} INFO - Processing file /home/airflow/.local/lib/python3.12/site-packages/airflow/example_dags/example_dataset_alias_with_no_taskflow.py for tasks to queue
[2026-05-28T08:21:57.735+0000] {logging_mixin.py:190} INFO - [2026-05-28T08:21:57.734+0000] {dagbag.py:588} INFO - Filling up the DagBag from /home/airflow/.local/lib/python3.12/site-packages/airflow/example_dags/example_dataset_alias_with_no_taskflow.py
[2026-05-28T08:22:16.651+0000] {processor.py:925} INFO - DAG(s) 'dataset_alias_example_alias_consumer_with_no_taskflow', 'dataset_alias_example_alias_producer_with_no_taskflow', 'dataset_s3_bucket_consumer_with_no_taskflow', 'dataset_s3_bucket_producer_with_no_taskflow' retrieved from /home/airflow/.local/lib/python3.12/site-packages/airflow/example_dags/example_dataset_alias_with_no_taskflow.py
[2026-05-28T08:22:16.703+0000] {logging_mixin.py:190} INFO - [2026-05-28T08:22:16.702+0000] {dag.py:3239} INFO - Sync 4 DAGs
[2026-05-28T08:22:16.748+0000] {logging_mixin.py:190} INFO - [2026-05-28T08:22:16.748+0000] {dag.py:4180} INFO - Setting next_dagrun for dataset_alias_example_alias_consumer_with_no_taskflow to None, run_after=None
[2026-05-28T08:22:16.754+0000] {logging_mixin.py:190} INFO - [2026-05-28T08:22:16.754+0000] {dag.py:4180} INFO - Setting next_dagrun for dataset_alias_example_alias_producer_with_no_taskflow to None, run_after=None
[2026-05-28T08:22:16.758+0000] {logging_mixin.py:190} INFO - [2026-05-28T08:22:16.757+0000] {dag.py:4180} INFO - Setting next_dagrun for dataset_s3_bucket_consumer_with_no_taskflow to None, run_after=None
[2026-05-28T08:22:16.762+0000] {logging_mixin.py:190} INFO - [2026-05-28T08:22:16.762+0000] {dag.py:4180} INFO - Setting next_dagrun for dataset_s3_bucket_producer_with_no_taskflow to None, run_after=None
[2026-05-28T08:22:16.816+0000] {processor.py:208} INFO - Processing /home/airflow/.local/lib/python3.12/site-packages/airflow/example_dags/example_dataset_alias_with_no_taskflow.py took 19.107 seconds
[2026-05-28T08:23:03.500+0000] {processor.py:186} INFO - Started process (PID=4531) to work on /home/airflow/.local/lib/python3.12/site-packages/airflow/example_dags/example_dataset_alias_with_no_taskflow.py
[2026-05-28T08:23:03.504+0000] {processor.py:914} INFO - Processing file /home/airflow/.local/lib/python3.12/site-packages/airflow/example_dags/example_dataset_alias_with_no_taskflow.py for tasks to queue
[2026-05-28T08:23:03.508+0000] {logging_mixin.py:190} INFO - [2026-05-28T08:23:03.507+0000] {dagbag.py:588} INFO - Filling up the DagBag from /home/airflow/.local/lib/python3.12/site-packages/airflow/example_dags/example_dataset_alias_with_no_taskflow.py
[2026-05-28T08:23:22.455+0000] {processor.py:925} INFO - DAG(s) 'dataset_alias_example_alias_producer_with_no_taskflow', 'dataset_alias_example_alias_consumer_with_no_taskflow', 'dataset_s3_bucket_producer_with_no_taskflow', 'dataset_s3_bucket_consumer_with_no_taskflow' retrieved from /home/airflow/.local/lib/python3.12/site-packages/airflow/example_dags/example_dataset_alias_with_no_taskflow.py
[2026-05-28T08:23:22.502+0000] {logging_mixin.py:190} INFO - [2026-05-28T08:23:22.501+0000] {dag.py:3239} INFO - Sync 4 DAGs
[2026-05-28T08:23:22.550+0000] {logging_mixin.py:190} INFO - [2026-05-28T08:23:22.550+0000] {dag.py:4180} INFO - Setting next_dagrun for dataset_alias_example_alias_consumer_with_no_taskflow to None, run_after=None
[2026-05-28T08:23:22.557+0000] {logging_mixin.py:190} INFO - [2026-05-28T08:23:22.556+0000] {dag.py:4180} INFO - Setting next_dagrun for dataset_alias_example_alias_producer_with_no_taskflow to None, run_after=None
[2026-05-28T08:23:22.561+0000] {logging_mixin.py:190} INFO - [2026-05-28T08:23:22.560+0000] {dag.py:4180} INFO - Setting next_dagrun for dataset_s3_bucket_consumer_with_no_taskflow to None, run_after=None
[2026-05-28T08:23:22.565+0000] {logging_mixin.py:190} INFO - [2026-05-28T08:23:22.564+0000] {dag.py:4180} INFO - Setting next_dagrun for dataset_s3_bucket_producer_with_no_taskflow to None, run_after=None
[2026-05-28T08:23:22.615+0000] {processor.py:208} INFO - Processing /home/airflow/.local/lib/python3.12/site-packages/airflow/example_dags/example_dataset_alias_with_no_taskflow.py took 19.135 seconds
[2026-05-28T08:23:58.976+0000] {processor.py:186} INFO - Started process (PID=4618) to work on /home/airflow/.local/lib/python3.12/site-packages/airflow/example_dags/example_dataset_alias_with_no_taskflow.py
[2026-05-28T08:23:58.979+0000] {processor.py:914} INFO - Processing file /home/airflow/.local/lib/python3.12/site-packages/airflow/example_dags/example_dataset_alias_with_no_taskflow.py for tasks to queue
[2026-05-28T08:23:58.982+0000] {logging_mixin.py:190} INFO - [2026-05-28T08:23:58.981+0000] {dagbag.py:588} INFO - Filling up the DagBag from /home/airflow/.local/lib/python3.12/site-packages/airflow/example_dags/example_dataset_alias_with_no_taskflow.py
[2026-05-28T08:24:18.846+0000] {processor.py:925} INFO - DAG(s) 'dataset_s3_bucket_producer_with_no_taskflow', 'dataset_alias_example_alias_consumer_with_no_taskflow', 'dataset_s3_bucket_consumer_with_no_taskflow', 'dataset_alias_example_alias_producer_with_no_taskflow' retrieved from /home/airflow/.local/lib/python3.12/site-packages/airflow/example_dags/example_dataset_alias_with_no_taskflow.py
[2026-05-28T08:24:18.903+0000] {logging_mixin.py:190} INFO - [2026-05-28T08:24:18.901+0000] {dag.py:3239} INFO - Sync 4 DAGs
[2026-05-28T08:24:18.948+0000] {logging_mixin.py:190} INFO - [2026-05-28T08:24:18.947+0000] {dag.py:4180} INFO - Setting next_dagrun for dataset_alias_example_alias_consumer_with_no_taskflow to None, run_after=None
[2026-05-28T08:24:18.956+0000] {logging_mixin.py:190} INFO - [2026-05-28T08:24:18.955+0000] {dag.py:4180} INFO - Setting next_dagrun for dataset_alias_example_alias_producer_with_no_taskflow to None, run_after=None
[2026-05-28T08:24:18.960+0000] {logging_mixin.py:190} INFO - [2026-05-28T08:24:18.959+0000] {dag.py:4180} INFO - Setting next_dagrun for dataset_s3_bucket_consumer_with_no_taskflow to None, run_after=None
[2026-05-28T08:24:18.964+0000] {logging_mixin.py:190} INFO - [2026-05-28T08:24:18.963+0000] {dag.py:4180} INFO - Setting next_dagrun for dataset_s3_bucket_producer_with_no_taskflow to None, run_after=None
[2026-05-28T08:24:19.034+0000] {processor.py:208} INFO - Processing /home/airflow/.local/lib/python3.12/site-packages/airflow/example_dags/example_dataset_alias_with_no_taskflow.py took 20.079 seconds
[2026-05-28T08:24:49.460+0000] {processor.py:186} INFO - Started process (PID=4683) to work on /home/airflow/.local/lib/python3.12/site-packages/airflow/example_dags/example_dataset_alias_with_no_taskflow.py
[2026-05-28T08:24:49.464+0000] {processor.py:914} INFO - Processing file /home/airflow/.local/lib/python3.12/site-packages/airflow/example_dags/example_dataset_alias_with_no_taskflow.py for tasks to queue
[2026-05-28T08:24:49.467+0000] {logging_mixin.py:190} INFO - [2026-05-28T08:24:49.466+0000] {dagbag.py:588} INFO - Filling up the DagBag from /home/airflow/.local/lib/python3.12/site-packages/airflow/example_dags/example_dataset_alias_with_no_taskflow.py
[2026-05-28T08:25:07.642+0000] {processor.py:925} INFO - DAG(s) 'dataset_s3_bucket_producer_with_no_taskflow', 'dataset_alias_example_alias_producer_with_no_taskflow', 'dataset_s3_bucket_consumer_with_no_taskflow', 'dataset_alias_example_alias_consumer_with_no_taskflow' retrieved from /home/airflow/.local/lib/python3.12/site-packages/airflow/example_dags/example_dataset_alias_with_no_taskflow.py
[2026-05-28T08:25:07.715+0000] {logging_mixin.py:190} INFO - [2026-05-28T08:25:07.714+0000] {dag.py:3239} INFO - Sync 4 DAGs
[2026-05-28T08:25:07.759+0000] {logging_mixin.py:190} INFO - [2026-05-28T08:25:07.758+0000] {dag.py:4180} INFO - Setting next_dagrun for dataset_alias_example_alias_consumer_with_no_taskflow to None, run_after=None
[2026-05-28T08:25:07.768+0000] {logging_mixin.py:190} INFO - [2026-05-28T08:25:07.768+0000] {dag.py:4180} INFO - Setting next_dagrun for dataset_alias_example_alias_producer_with_no_taskflow to None, run_after=None
[2026-05-28T08:25:07.772+0000] {logging_mixin.py:190} INFO - [2026-05-28T08:25:07.771+0000] {dag.py:4180} INFO - Setting next_dagrun for dataset_s3_bucket_consumer_with_no_taskflow to None, run_after=None
[2026-05-28T08:25:07.776+0000] {logging_mixin.py:190} INFO - [2026-05-28T08:25:07.775+0000] {dag.py:4180} INFO - Setting next_dagrun for dataset_s3_bucket_producer_with_no_taskflow to None, run_after=None
[2026-05-28T08:25:07.819+0000] {processor.py:208} INFO - Processing /home/airflow/.local/lib/python3.12/site-packages/airflow/example_dags/example_dataset_alias_with_no_taskflow.py took 18.376 seconds
[2026-05-28T08:25:51.689+0000] {processor.py:186} INFO - Started process (PID=4768) to work on /home/airflow/.local/lib/python3.12/site-packages/airflow/example_dags/example_dataset_alias_with_no_taskflow.py
[2026-05-28T08:25:51.691+0000] {processor.py:914} INFO - Processing file /home/airflow/.local/lib/python3.12/site-packages/airflow/example_dags/example_dataset_alias_with_no_taskflow.py for tasks to queue
[2026-05-28T08:25:51.696+0000] {logging_mixin.py:190} INFO - [2026-05-28T08:25:51.695+0000] {dagbag.py:588} INFO - Filling up the DagBag from /home/airflow/.local/lib/python3.12/site-packages/airflow/example_dags/example_dataset_alias_with_no_taskflow.py
[2026-05-28T08:26:12.505+0000] {processor.py:925} INFO - DAG(s) 'dataset_s3_bucket_producer_with_no_taskflow', 'dataset_s3_bucket_consumer_with_no_taskflow', 'dataset_alias_example_alias_consumer_with_no_taskflow', 'dataset_alias_example_alias_producer_with_no_taskflow' retrieved from /home/airflow/.local/lib/python3.12/site-packages/airflow/example_dags/example_dataset_alias_with_no_taskflow.py
[2026-05-28T08:26:12.549+0000] {logging_mixin.py:190} INFO - [2026-05-28T08:26:12.548+0000] {dag.py:3239} INFO - Sync 4 DAGs
[2026-05-28T08:26:12.593+0000] {logging_mixin.py:190} INFO - [2026-05-28T08:26:12.592+0000] {dag.py:4180} INFO - Setting next_dagrun for dataset_alias_example_alias_consumer_with_no_taskflow to None, run_after=None
[2026-05-28T08:26:12.599+0000] {logging_mixin.py:190} INFO - [2026-05-28T08:26:12.598+0000] {dag.py:4180} INFO - Setting next_dagrun for dataset_alias_example_alias_producer_with_no_taskflow to None, run_after=None
[2026-05-28T08:26:12.603+0000] {logging_mixin.py:190} INFO - [2026-05-28T08:26:12.602+0000] {dag.py:4180} INFO - Setting next_dagrun for dataset_s3_bucket_consumer_with_no_taskflow to None, run_after=None
[2026-05-28T08:26:12.606+0000] {logging_mixin.py:190} INFO - [2026-05-28T08:26:12.606+0000] {dag.py:4180} INFO - Setting next_dagrun for dataset_s3_bucket_producer_with_no_taskflow to None, run_after=None
[2026-05-28T08:26:12.668+0000] {processor.py:208} INFO - Processing /home/airflow/.local/lib/python3.12/site-packages/airflow/example_dags/example_dataset_alias_with_no_taskflow.py took 20.998 seconds
[2026-05-28T08:26:49.552+0000] {processor.py:186} INFO - Started process (PID=4850) to work on /home/airflow/.local/lib/python3.12/site-packages/airflow/example_dags/example_dataset_alias_with_no_taskflow.py
[2026-05-28T08:26:49.554+0000] {processor.py:914} INFO - Processing file /home/airflow/.local/lib/python3.12/site-packages/airflow/example_dags/example_dataset_alias_with_no_taskflow.py for tasks to queue
[2026-05-28T08:26:49.558+0000] {logging_mixin.py:190} INFO - [2026-05-28T08:26:49.557+0000] {dagbag.py:588} INFO - Filling up the DagBag from /home/airflow/.local/lib/python3.12/site-packages/airflow/example_dags/example_dataset_alias_with_no_taskflow.py
[2026-05-28T08:27:09.542+0000] {processor.py:925} INFO - DAG(s) 'dataset_alias_example_alias_consumer_with_no_taskflow', 'dataset_alias_example_alias_producer_with_no_taskflow', 'dataset_s3_bucket_producer_with_no_taskflow', 'dataset_s3_bucket_consumer_with_no_taskflow' retrieved from /home/airflow/.local/lib/python3.12/site-packages/airflow/example_dags/example_dataset_alias_with_no_taskflow.py
[2026-05-28T08:27:09.598+0000] {logging_mixin.py:190} INFO - [2026-05-28T08:27:09.596+0000] {dag.py:3239} INFO - Sync 4 DAGs
[2026-05-28T08:27:09.655+0000] {logging_mixin.py:190} INFO - [2026-05-28T08:27:09.655+0000] {dag.py:4180} INFO - Setting next_dagrun for dataset_alias_example_alias_consumer_with_no_taskflow to None, run_after=None
[2026-05-28T08:27:09.662+0000] {logging_mixin.py:190} INFO - [2026-05-28T08:27:09.662+0000] {dag.py:4180} INFO - Setting next_dagrun for dataset_alias_example_alias_producer_with_no_taskflow to None, run_after=None
[2026-05-28T08:27:09.666+0000] {logging_mixin.py:190} INFO - [2026-05-28T08:27:09.666+0000] {dag.py:4180} INFO - Setting next_dagrun for dataset_s3_bucket_consumer_with_no_taskflow to None, run_after=None
[2026-05-28T08:27:09.670+0000] {logging_mixin.py:190} INFO - [2026-05-28T08:27:09.670+0000] {dag.py:4180} INFO - Setting next_dagrun for dataset_s3_bucket_producer_with_no_taskflow to None, run_after=None
[2026-05-28T08:27:09.731+0000] {processor.py:208} INFO - Processing /home/airflow/.local/lib/python3.12/site-packages/airflow/example_dags/example_dataset_alias_with_no_taskflow.py took 20.198 seconds
[2026-05-28T08:27:48.905+0000] {processor.py:186} INFO - Started process (PID=4953) to work on /home/airflow/.local/lib/python3.12/site-packages/airflow/example_dags/example_dataset_alias_with_no_taskflow.py
[2026-05-28T08:27:48.907+0000] {processor.py:914} INFO - Processing file /home/airflow/.local/lib/python3.12/site-packages/airflow/example_dags/example_dataset_alias_with_no_taskflow.py for tasks to queue
[2026-05-28T08:27:48.911+0000] {logging_mixin.py:190} INFO - [2026-05-28T08:27:48.910+0000] {dagbag.py:588} INFO - Filling up the DagBag from /home/airflow/.local/lib/python3.12/site-packages/airflow/example_dags/example_dataset_alias_with_no_taskflow.py
[2026-05-28T08:28:09.003+0000] {processor.py:925} INFO - DAG(s) 'dataset_s3_bucket_consumer_with_no_taskflow', 'dataset_alias_example_alias_producer_with_no_taskflow', 'dataset_s3_bucket_producer_with_no_taskflow', 'dataset_alias_example_alias_consumer_with_no_taskflow' retrieved from /home/airflow/.local/lib/python3.12/site-packages/airflow/example_dags/example_dataset_alias_with_no_taskflow.py
[2026-05-28T08:28:09.116+0000] {logging_mixin.py:190} INFO - [2026-05-28T08:28:09.114+0000] {dag.py:3239} INFO - Sync 4 DAGs
[2026-05-28T08:28:09.232+0000] {logging_mixin.py:190} INFO - [2026-05-28T08:28:09.231+0000] {dag.py:4180} INFO - Setting next_dagrun for dataset_alias_example_alias_consumer_with_no_taskflow to None, run_after=None
[2026-05-28T08:28:09.247+0000] {logging_mixin.py:190} INFO - [2026-05-28T08:28:09.245+0000] {dag.py:4180} INFO - Setting next_dagrun for dataset_alias_example_alias_producer_with_no_taskflow to None, run_after=None
[2026-05-28T08:28:09.254+0000] {logging_mixin.py:190} INFO - [2026-05-28T08:28:09.254+0000] {dag.py:4180} INFO - Setting next_dagrun for dataset_s3_bucket_consumer_with_no_taskflow to None, run_after=None
[2026-05-28T08:28:09.260+0000] {logging_mixin.py:190} INFO - [2026-05-28T08:28:09.259+0000] {dag.py:4180} INFO - Setting next_dagrun for dataset_s3_bucket_producer_with_no_taskflow to None, run_after=None
[2026-05-28T08:28:09.339+0000] {processor.py:208} INFO - Processing /home/airflow/.local/lib/python3.12/site-packages/airflow/example_dags/example_dataset_alias_with_no_taskflow.py took 20.454 seconds
[2026-05-28T08:28:50.343+0000] {processor.py:186} INFO - Started process (PID=5039) to work on /home/airflow/.local/lib/python3.12/site-packages/airflow/example_dags/example_dataset_alias_with_no_taskflow.py
[2026-05-28T08:28:50.346+0000] {processor.py:914} INFO - Processing file /home/airflow/.local/lib/python3.12/site-packages/airflow/example_dags/example_dataset_alias_with_no_taskflow.py for tasks to queue
[2026-05-28T08:28:50.350+0000] {logging_mixin.py:190} INFO - [2026-05-28T08:28:50.349+0000] {dagbag.py:588} INFO - Filling up the DagBag from /home/airflow/.local/lib/python3.12/site-packages/airflow/example_dags/example_dataset_alias_with_no_taskflow.py
[2026-05-28T08:29:09.554+0000] {processor.py:925} INFO - DAG(s) 'dataset_alias_example_alias_consumer_with_no_taskflow', 'dataset_alias_example_alias_producer_with_no_taskflow', 'dataset_s3_bucket_producer_with_no_taskflow', 'dataset_s3_bucket_consumer_with_no_taskflow' retrieved from /home/airflow/.local/lib/python3.12/site-packages/airflow/example_dags/example_dataset_alias_with_no_taskflow.py
[2026-05-28T08:29:09.605+0000] {logging_mixin.py:190} INFO - [2026-05-28T08:29:09.604+0000] {dag.py:3239} INFO - Sync 4 DAGs
[2026-05-28T08:29:09.653+0000] {logging_mixin.py:190} INFO - [2026-05-28T08:29:09.653+0000] {dag.py:4180} INFO - Setting next_dagrun for dataset_alias_example_alias_consumer_with_no_taskflow to None, run_after=None
[2026-05-28T08:29:09.660+0000] {logging_mixin.py:190} INFO - [2026-05-28T08:29:09.659+0000] {dag.py:4180} INFO - Setting next_dagrun for dataset_alias_example_alias_producer_with_no_taskflow to None, run_after=None
[2026-05-28T08:29:09.664+0000] {logging_mixin.py:190} INFO - [2026-05-28T08:29:09.663+0000] {dag.py:4180} INFO - Setting next_dagrun for dataset_s3_bucket_consumer_with_no_taskflow to None, run_after=None
[2026-05-28T08:29:09.667+0000] {logging_mixin.py:190} INFO - [2026-05-28T08:29:09.667+0000] {dag.py:4180} INFO - Setting next_dagrun for dataset_s3_bucket_producer_with_no_taskflow to None, run_after=None
[2026-05-28T08:29:09.714+0000] {processor.py:208} INFO - Processing /home/airflow/.local/lib/python3.12/site-packages/airflow/example_dags/example_dataset_alias_with_no_taskflow.py took 19.392 seconds
[2026-05-28T08:29:52.298+0000] {processor.py:186} INFO - Started process (PID=5109) to work on /home/airflow/.local/lib/python3.12/site-packages/airflow/example_dags/example_dataset_alias_with_no_taskflow.py
[2026-05-28T08:29:52.302+0000] {processor.py:914} INFO - Processing file /home/airflow/.local/lib/python3.12/site-packages/airflow/example_dags/example_dataset_alias_with_no_taskflow.py for tasks to queue
[2026-05-28T08:29:52.309+0000] {logging_mixin.py:190} INFO - [2026-05-28T08:29:52.307+0000] {dagbag.py:588} INFO - Filling up the DagBag from /home/airflow/.local/lib/python3.12/site-packages/airflow/example_dags/example_dataset_alias_with_no_taskflow.py
[2026-05-28T08:30:13.565+0000] {processor.py:925} INFO - DAG(s) 'dataset_alias_example_alias_producer_with_no_taskflow', 'dataset_alias_example_alias_consumer_with_no_taskflow', 'dataset_s3_bucket_consumer_with_no_taskflow', 'dataset_s3_bucket_producer_with_no_taskflow' retrieved from /home/airflow/.local/lib/python3.12/site-packages/airflow/example_dags/example_dataset_alias_with_no_taskflow.py
[2026-05-28T08:30:13.630+0000] {logging_mixin.py:190} INFO - [2026-05-28T08:30:13.628+0000] {dag.py:3239} INFO - Sync 4 DAGs
[2026-05-28T08:30:13.683+0000] {logging_mixin.py:190} INFO - [2026-05-28T08:30:13.683+0000] {dag.py:4180} INFO - Setting next_dagrun for dataset_alias_example_alias_consumer_with_no_taskflow to None, run_after=None
[2026-05-28T08:30:13.690+0000] {logging_mixin.py:190} INFO - [2026-05-28T08:30:13.690+0000] {dag.py:4180} INFO - Setting next_dagrun for dataset_alias_example_alias_producer_with_no_taskflow to None, run_after=None
[2026-05-28T08:30:13.693+0000] {logging_mixin.py:190} INFO - [2026-05-28T08:30:13.693+0000] {dag.py:4180} INFO - Setting next_dagrun for dataset_s3_bucket_consumer_with_no_taskflow to None, run_after=None
[2026-05-28T08:30:13.697+0000] {logging_mixin.py:190} INFO - [2026-05-28T08:30:13.697+0000] {dag.py:4180} INFO - Setting next_dagrun for dataset_s3_bucket_producer_with_no_taskflow to None, run_after=None
[2026-05-28T08:30:13.748+0000] {processor.py:208} INFO - Processing /home/airflow/.local/lib/python3.12/site-packages/airflow/example_dags/example_dataset_alias_with_no_taskflow.py took 21.476 seconds
[2026-05-28T08:30:59.235+0000] {processor.py:186} INFO - Started process (PID=5203) to work on /home/airflow/.local/lib/python3.12/site-packages/airflow/example_dags/example_dataset_alias_with_no_taskflow.py
[2026-05-28T08:30:59.239+0000] {processor.py:914} INFO - Processing file /home/airflow/.local/lib/python3.12/site-packages/airflow/example_dags/example_dataset_alias_with_no_taskflow.py for tasks to queue
[2026-05-28T08:30:59.244+0000] {logging_mixin.py:190} INFO - [2026-05-28T08:30:59.243+0000] {dagbag.py:588} INFO - Filling up the DagBag from /home/airflow/.local/lib/python3.12/site-packages/airflow/example_dags/example_dataset_alias_with_no_taskflow.py
[2026-05-28T08:31:20.758+0000] {processor.py:925} INFO - DAG(s) 'dataset_alias_example_alias_consumer_with_no_taskflow', 'dataset_s3_bucket_consumer_with_no_taskflow', 'dataset_alias_example_alias_producer_with_no_taskflow', 'dataset_s3_bucket_producer_with_no_taskflow' retrieved from /home/airflow/.local/lib/python3.12/site-packages/airflow/example_dags/example_dataset_alias_with_no_taskflow.py
[2026-05-28T08:31:20.820+0000] {logging_mixin.py:190} INFO - [2026-05-28T08:31:20.818+0000] {dag.py:3239} INFO - Sync 4 DAGs
[2026-05-28T08:31:20.889+0000] {logging_mixin.py:190} INFO - [2026-05-28T08:31:20.888+0000] {dag.py:4180} INFO - Setting next_dagrun for dataset_alias_example_alias_consumer_with_no_taskflow to None, run_after=None
[2026-05-28T08:31:20.898+0000] {logging_mixin.py:190} INFO - [2026-05-28T08:31:20.897+0000] {dag.py:4180} INFO - Setting next_dagrun for dataset_alias_example_alias_producer_with_no_taskflow to None, run_after=None
[2026-05-28T08:31:20.904+0000] {logging_mixin.py:190} INFO - [2026-05-28T08:31:20.904+0000] {dag.py:4180} INFO - Setting next_dagrun for dataset_s3_bucket_consumer_with_no_taskflow to None, run_after=None
[2026-05-28T08:31:20.912+0000] {logging_mixin.py:190} INFO - [2026-05-28T08:31:20.912+0000] {dag.py:4180} INFO - Setting next_dagrun for dataset_s3_bucket_producer_with_no_taskflow to None, run_after=None
[2026-05-28T08:31:20.990+0000] {processor.py:208} INFO - Processing /home/airflow/.local/lib/python3.12/site-packages/airflow/example_dags/example_dataset_alias_with_no_taskflow.py took 21.773 seconds
[2026-05-28T08:31:58.359+0000] {processor.py:186} INFO - Started process (PID=5282) to work on /home/airflow/.local/lib/python3.12/site-packages/airflow/example_dags/example_dataset_alias_with_no_taskflow.py
[2026-05-28T08:31:58.362+0000] {processor.py:914} INFO - Processing file /home/airflow/.local/lib/python3.12/site-packages/airflow/example_dags/example_dataset_alias_with_no_taskflow.py for tasks to queue
[2026-05-28T08:31:58.366+0000] {logging_mixin.py:190} INFO - [2026-05-28T08:31:58.365+0000] {dagbag.py:588} INFO - Filling up the DagBag from /home/airflow/.local/lib/python3.12/site-packages/airflow/example_dags/example_dataset_alias_with_no_taskflow.py
[2026-05-28T08:32:19.993+0000] {processor.py:925} INFO - DAG(s) 'dataset_alias_example_alias_producer_with_no_taskflow', 'dataset_alias_example_alias_consumer_with_no_taskflow', 'dataset_s3_bucket_producer_with_no_taskflow', 'dataset_s3_bucket_consumer_with_no_taskflow' retrieved from /home/airflow/.local/lib/python3.12/site-packages/airflow/example_dags/example_dataset_alias_with_no_taskflow.py
[2026-05-28T08:32:20.037+0000] {logging_mixin.py:190} INFO - [2026-05-28T08:32:20.035+0000] {dag.py:3239} INFO - Sync 4 DAGs
[2026-05-28T08:32:20.076+0000] {logging_mixin.py:190} INFO - [2026-05-28T08:32:20.076+0000] {dag.py:4180} INFO - Setting next_dagrun for dataset_alias_example_alias_consumer_with_no_taskflow to None, run_after=None
[2026-05-28T08:32:20.084+0000] {logging_mixin.py:190} INFO - [2026-05-28T08:32:20.084+0000] {dag.py:4180} INFO - Setting next_dagrun for dataset_alias_example_alias_producer_with_no_taskflow to None, run_after=None
[2026-05-28T08:32:20.090+0000] {logging_mixin.py:190} INFO - [2026-05-28T08:32:20.090+0000] {dag.py:4180} INFO - Setting next_dagrun for dataset_s3_bucket_consumer_with_no_taskflow to None, run_after=None
[2026-05-28T08:32:20.094+0000] {logging_mixin.py:190} INFO - [2026-05-28T08:32:20.093+0000] {dag.py:4180} INFO - Setting next_dagrun for dataset_s3_bucket_producer_with_no_taskflow to None, run_after=None
[2026-05-28T08:32:20.139+0000] {processor.py:208} INFO - Processing /home/airflow/.local/lib/python3.12/site-packages/airflow/example_dags/example_dataset_alias_with_no_taskflow.py took 21.804 seconds
[2026-05-28T08:32:53.058+0000] {processor.py:186} INFO - Started process (PID=5380) to work on /home/airflow/.local/lib/python3.12/site-packages/airflow/example_dags/example_dataset_alias_with_no_taskflow.py
[2026-05-28T08:32:53.062+0000] {processor.py:914} INFO - Processing file /home/airflow/.local/lib/python3.12/site-packages/airflow/example_dags/example_dataset_alias_with_no_taskflow.py for tasks to queue
[2026-05-28T08:32:53.066+0000] {logging_mixin.py:190} INFO - [2026-05-28T08:32:53.065+0000] {dagbag.py:588} INFO - Filling up the DagBag from /home/airflow/.local/lib/python3.12/site-packages/airflow/example_dags/example_dataset_alias_with_no_taskflow.py
[2026-05-28T08:33:11.619+0000] {processor.py:925} INFO - DAG(s) 'dataset_s3_bucket_consumer_with_no_taskflow', 'dataset_s3_bucket_producer_with_no_taskflow', 'dataset_alias_example_alias_consumer_with_no_taskflow', 'dataset_alias_example_alias_producer_with_no_taskflow' retrieved from /home/airflow/.local/lib/python3.12/site-packages/airflow/example_dags/example_dataset_alias_with_no_taskflow.py
[2026-05-28T08:33:11.670+0000] {logging_mixin.py:190} INFO - [2026-05-28T08:33:11.668+0000] {dag.py:3239} INFO - Sync 4 DAGs
[2026-05-28T08:33:11.723+0000] {logging_mixin.py:190} INFO - [2026-05-28T08:33:11.723+0000] {dag.py:4180} INFO - Setting next_dagrun for dataset_alias_example_alias_consumer_with_no_taskflow to None, run_after=None
[2026-05-28T08:33:11.732+0000] {logging_mixin.py:190} INFO - [2026-05-28T08:33:11.731+0000] {dag.py:4180} INFO - Setting next_dagrun for dataset_alias_example_alias_producer_with_no_taskflow to None, run_after=None
[2026-05-28T08:33:11.737+0000] {logging_mixin.py:190} INFO - [2026-05-28T08:33:11.736+0000] {dag.py:4180} INFO - Setting next_dagrun for dataset_s3_bucket_consumer_with_no_taskflow to None, run_after=None
[2026-05-28T08:33:11.741+0000] {logging_mixin.py:190} INFO - [2026-05-28T08:33:11.740+0000] {dag.py:4180} INFO - Setting next_dagrun for dataset_s3_bucket_producer_with_no_taskflow to None, run_after=None
[2026-05-28T08:33:11.795+0000] {processor.py:208} INFO - Processing /home/airflow/.local/lib/python3.12/site-packages/airflow/example_dags/example_dataset_alias_with_no_taskflow.py took 18.759 seconds
[2026-05-28T08:33:49.527+0000] {processor.py:186} INFO - Started process (PID=5462) to work on /home/airflow/.local/lib/python3.12/site-packages/airflow/example_dags/example_dataset_alias_with_no_taskflow.py
[2026-05-28T08:33:49.530+0000] {processor.py:914} INFO - Processing file /home/airflow/.local/lib/python3.12/site-packages/airflow/example_dags/example_dataset_alias_with_no_taskflow.py for tasks to queue
[2026-05-28T08:33:49.535+0000] {logging_mixin.py:190} INFO - [2026-05-28T08:33:49.534+0000] {dagbag.py:588} INFO - Filling up the DagBag from /home/airflow/.local/lib/python3.12/site-packages/airflow/example_dags/example_dataset_alias_with_no_taskflow.py
[2026-05-28T08:34:08.888+0000] {processor.py:925} INFO - DAG(s) 'dataset_s3_bucket_producer_with_no_taskflow', 'dataset_alias_example_alias_consumer_with_no_taskflow', 'dataset_alias_example_alias_producer_with_no_taskflow', 'dataset_s3_bucket_consumer_with_no_taskflow' retrieved from /home/airflow/.local/lib/python3.12/site-packages/airflow/example_dags/example_dataset_alias_with_no_taskflow.py
[2026-05-28T08:34:08.930+0000] {logging_mixin.py:190} INFO - [2026-05-28T08:34:08.929+0000] {dag.py:3239} INFO - Sync 4 DAGs
[2026-05-28T08:34:08.973+0000] {logging_mixin.py:190} INFO - [2026-05-28T08:34:08.972+0000] {dag.py:4180} INFO - Setting next_dagrun for dataset_alias_example_alias_consumer_with_no_taskflow to None, run_after=None
[2026-05-28T08:34:08.980+0000] {logging_mixin.py:190} INFO - [2026-05-28T08:34:08.980+0000] {dag.py:4180} INFO - Setting next_dagrun for dataset_alias_example_alias_producer_with_no_taskflow to None, run_after=None
[2026-05-28T08:34:08.984+0000] {logging_mixin.py:190} INFO - [2026-05-28T08:34:08.984+0000] {dag.py:4180} INFO - Setting next_dagrun for dataset_s3_bucket_consumer_with_no_taskflow to None, run_after=None
[2026-05-28T08:34:08.988+0000] {logging_mixin.py:190} INFO - [2026-05-28T08:34:08.987+0000] {dag.py:4180} INFO - Setting next_dagrun for dataset_s3_bucket_producer_with_no_taskflow to None, run_after=None
[2026-05-28T08:34:09.035+0000] {processor.py:208} INFO - Processing /home/airflow/.local/lib/python3.12/site-packages/airflow/example_dags/example_dataset_alias_with_no_taskflow.py took 19.529 seconds
[2026-05-28T08:34:39.470+0000] {processor.py:186} INFO - Started process (PID=5532) to work on /home/airflow/.local/lib/python3.12/site-packages/airflow/example_dags/example_dataset_alias_with_no_taskflow.py
[2026-05-28T08:34:39.474+0000] {processor.py:914} INFO - Processing file /home/airflow/.local/lib/python3.12/site-packages/airflow/example_dags/example_dataset_alias_with_no_taskflow.py for tasks to queue
[2026-05-28T08:34:39.479+0000] {logging_mixin.py:190} INFO - [2026-05-28T08:34:39.478+0000] {dagbag.py:588} INFO - Filling up the DagBag from /home/airflow/.local/lib/python3.12/site-packages/airflow/example_dags/example_dataset_alias_with_no_taskflow.py
[2026-05-28T08:34:57.826+0000] {processor.py:925} INFO - DAG(s) 'dataset_alias_example_alias_producer_with_no_taskflow', 'dataset_s3_bucket_consumer_with_no_taskflow', 'dataset_s3_bucket_producer_with_no_taskflow', 'dataset_alias_example_alias_consumer_with_no_taskflow' retrieved from /home/airflow/.local/lib/python3.12/site-packages/airflow/example_dags/example_dataset_alias_with_no_taskflow.py
[2026-05-28T08:34:57.873+0000] {logging_mixin.py:190} INFO - [2026-05-28T08:34:57.872+0000] {dag.py:3239} INFO - Sync 4 DAGs
[2026-05-28T08:34:57.917+0000] {logging_mixin.py:190} INFO - [2026-05-28T08:34:57.917+0000] {dag.py:4180} INFO - Setting next_dagrun for dataset_alias_example_alias_consumer_with_no_taskflow to None, run_after=None
[2026-05-28T08:34:57.924+0000] {logging_mixin.py:190} INFO - [2026-05-28T08:34:57.923+0000] {dag.py:4180} INFO - Setting next_dagrun for dataset_alias_example_alias_producer_with_no_taskflow to None, run_after=None
[2026-05-28T08:34:57.927+0000] {logging_mixin.py:190} INFO - [2026-05-28T08:34:57.926+0000] {dag.py:4180} INFO - Setting next_dagrun for dataset_s3_bucket_consumer_with_no_taskflow to None, run_after=None
[2026-05-28T08:34:57.931+0000] {logging_mixin.py:190} INFO - [2026-05-28T08:34:57.931+0000] {dag.py:4180} INFO - Setting next_dagrun for dataset_s3_bucket_producer_with_no_taskflow to None, run_after=None
[2026-05-28T08:34:57.985+0000] {processor.py:208} INFO - Processing /home/airflow/.local/lib/python3.12/site-packages/airflow/example_dags/example_dataset_alias_with_no_taskflow.py took 18.533 seconds
[2026-05-28T08:35:40.138+0000] {processor.py:186} INFO - Started process (PID=5625) to work on /home/airflow/.local/lib/python3.12/site-packages/airflow/example_dags/example_dataset_alias_with_no_taskflow.py
[2026-05-28T08:35:40.140+0000] {processor.py:914} INFO - Processing file /home/airflow/.local/lib/python3.12/site-packages/airflow/example_dags/example_dataset_alias_with_no_taskflow.py for tasks to queue
[2026-05-28T08:35:40.144+0000] {logging_mixin.py:190} INFO - [2026-05-28T08:35:40.143+0000] {dagbag.py:588} INFO - Filling up the DagBag from /home/airflow/.local/lib/python3.12/site-packages/airflow/example_dags/example_dataset_alias_with_no_taskflow.py
[2026-05-28T08:35:57.179+0000] {processor.py:925} INFO - DAG(s) 'dataset_alias_example_alias_producer_with_no_taskflow', 'dataset_s3_bucket_consumer_with_no_taskflow', 'dataset_alias_example_alias_consumer_with_no_taskflow', 'dataset_s3_bucket_producer_with_no_taskflow' retrieved from /home/airflow/.local/lib/python3.12/site-packages/airflow/example_dags/example_dataset_alias_with_no_taskflow.py
[2026-05-28T08:35:57.214+0000] {logging_mixin.py:190} INFO - [2026-05-28T08:35:57.213+0000] {dag.py:3239} INFO - Sync 4 DAGs
[2026-05-28T08:35:57.241+0000] {logging_mixin.py:190} INFO - [2026-05-28T08:35:57.241+0000] {dag.py:4180} INFO - Setting next_dagrun for dataset_alias_example_alias_consumer_with_no_taskflow to None, run_after=None
[2026-05-28T08:35:57.245+0000] {logging_mixin.py:190} INFO - [2026-05-28T08:35:57.245+0000] {dag.py:4180} INFO - Setting next_dagrun for dataset_alias_example_alias_producer_with_no_taskflow to None, run_after=None
[2026-05-28T08:35:57.248+0000] {logging_mixin.py:190} INFO - [2026-05-28T08:35:57.248+0000] {dag.py:4180} INFO - Setting next_dagrun for dataset_s3_bucket_consumer_with_no_taskflow to None, run_after=None
[2026-05-28T08:35:57.252+0000] {logging_mixin.py:190} INFO - [2026-05-28T08:35:57.251+0000] {dag.py:4180} INFO - Setting next_dagrun for dataset_s3_bucket_producer_with_no_taskflow to None, run_after=None
[2026-05-28T08:35:57.293+0000] {processor.py:208} INFO - Processing /home/airflow/.local/lib/python3.12/site-packages/airflow/example_dags/example_dataset_alias_with_no_taskflow.py took 17.170 seconds
[2026-05-28T08:36:32.961+0000] {processor.py:186} INFO - Started process (PID=5709) to work on /home/airflow/.local/lib/python3.12/site-packages/airflow/example_dags/example_dataset_alias_with_no_taskflow.py
[2026-05-28T08:36:32.965+0000] {processor.py:914} INFO - Processing file /home/airflow/.local/lib/python3.12/site-packages/airflow/example_dags/example_dataset_alias_with_no_taskflow.py for tasks to queue
[2026-05-28T08:36:32.969+0000] {logging_mixin.py:190} INFO - [2026-05-28T08:36:32.967+0000] {dagbag.py:588} INFO - Filling up the DagBag from /home/airflow/.local/lib/python3.12/site-packages/airflow/example_dags/example_dataset_alias_with_no_taskflow.py
[2026-05-28T08:36:58.138+0000] {processor.py:925} INFO - DAG(s) 'dataset_s3_bucket_consumer_with_no_taskflow', 'dataset_s3_bucket_producer_with_no_taskflow', 'dataset_alias_example_alias_consumer_with_no_taskflow', 'dataset_alias_example_alias_producer_with_no_taskflow' retrieved from /home/airflow/.local/lib/python3.12/site-packages/airflow/example_dags/example_dataset_alias_with_no_taskflow.py
[2026-05-28T08:36:58.207+0000] {logging_mixin.py:190} INFO - [2026-05-28T08:36:58.206+0000] {dag.py:3239} INFO - Sync 4 DAGs
[2026-05-28T08:36:58.283+0000] {logging_mixin.py:190} INFO - [2026-05-28T08:36:58.282+0000] {dag.py:4180} INFO - Setting next_dagrun for dataset_alias_example_alias_consumer_with_no_taskflow to None, run_after=None
[2026-05-28T08:36:58.294+0000] {logging_mixin.py:190} INFO - [2026-05-28T08:36:58.293+0000] {dag.py:4180} INFO - Setting next_dagrun for dataset_alias_example_alias_producer_with_no_taskflow to None, run_after=None
[2026-05-28T08:36:58.300+0000] {logging_mixin.py:190} INFO - [2026-05-28T08:36:58.300+0000] {dag.py:4180} INFO - Setting next_dagrun for dataset_s3_bucket_consumer_with_no_taskflow to None, run_after=None
[2026-05-28T08:36:58.307+0000] {logging_mixin.py:190} INFO - [2026-05-28T08:36:58.306+0000] {dag.py:4180} INFO - Setting next_dagrun for dataset_s3_bucket_producer_with_no_taskflow to None, run_after=None
[2026-05-28T08:36:58.438+0000] {processor.py:208} INFO - Processing /home/airflow/.local/lib/python3.12/site-packages/airflow/example_dags/example_dataset_alias_with_no_taskflow.py took 25.507 seconds
[2026-05-28T08:37:45.692+0000] {processor.py:186} INFO - Started process (PID=5809) to work on /home/airflow/.local/lib/python3.12/site-packages/airflow/example_dags/example_dataset_alias_with_no_taskflow.py
[2026-05-28T08:37:45.696+0000] {processor.py:914} INFO - Processing file /home/airflow/.local/lib/python3.12/site-packages/airflow/example_dags/example_dataset_alias_with_no_taskflow.py for tasks to queue
[2026-05-28T08:37:45.700+0000] {logging_mixin.py:190} INFO - [2026-05-28T08:37:45.699+0000] {dagbag.py:588} INFO - Filling up the DagBag from /home/airflow/.local/lib/python3.12/site-packages/airflow/example_dags/example_dataset_alias_with_no_taskflow.py
[2026-05-28T08:38:10.227+0000] {processor.py:925} INFO - DAG(s) 'dataset_s3_bucket_consumer_with_no_taskflow', 'dataset_alias_example_alias_consumer_with_no_taskflow', 'dataset_alias_example_alias_producer_with_no_taskflow', 'dataset_s3_bucket_producer_with_no_taskflow' retrieved from /home/airflow/.local/lib/python3.12/site-packages/airflow/example_dags/example_dataset_alias_with_no_taskflow.py
[2026-05-28T08:38:10.295+0000] {logging_mixin.py:190} INFO - [2026-05-28T08:38:10.294+0000] {dag.py:3239} INFO - Sync 4 DAGs
[2026-05-28T08:38:10.363+0000] {logging_mixin.py:190} INFO - [2026-05-28T08:38:10.363+0000] {dag.py:4180} INFO - Setting next_dagrun for dataset_alias_example_alias_consumer_with_no_taskflow to None, run_after=None
[2026-05-28T08:38:10.376+0000] {logging_mixin.py:190} INFO - [2026-05-28T08:38:10.376+0000] {dag.py:4180} INFO - Setting next_dagrun for dataset_alias_example_alias_producer_with_no_taskflow to None, run_after=None
[2026-05-28T08:38:10.382+0000] {logging_mixin.py:190} INFO - [2026-05-28T08:38:10.381+0000] {dag.py:4180} INFO - Setting next_dagrun for dataset_s3_bucket_consumer_with_no_taskflow to None, run_after=None
[2026-05-28T08:38:10.387+0000] {logging_mixin.py:190} INFO - [2026-05-28T08:38:10.386+0000] {dag.py:4180} INFO - Setting next_dagrun for dataset_s3_bucket_producer_with_no_taskflow to None, run_after=None
[2026-05-28T08:38:10.450+0000] {processor.py:208} INFO - Processing /home/airflow/.local/lib/python3.12/site-packages/airflow/example_dags/example_dataset_alias_with_no_taskflow.py took 24.793 seconds
[2026-05-28T08:38:54.409+0000] {processor.py:186} INFO - Started process (PID=5888) to work on /home/airflow/.local/lib/python3.12/site-packages/airflow/example_dags/example_dataset_alias_with_no_taskflow.py
[2026-05-28T08:38:54.413+0000] {processor.py:914} INFO - Processing file /home/airflow/.local/lib/python3.12/site-packages/airflow/example_dags/example_dataset_alias_with_no_taskflow.py for tasks to queue
[2026-05-28T08:38:54.417+0000] {logging_mixin.py:190} INFO - [2026-05-28T08:38:54.416+0000] {dagbag.py:588} INFO - Filling up the DagBag from /home/airflow/.local/lib/python3.12/site-packages/airflow/example_dags/example_dataset_alias_with_no_taskflow.py
[2026-05-28T08:39:22.157+0000] {processor.py:925} INFO - DAG(s) 'dataset_alias_example_alias_consumer_with_no_taskflow', 'dataset_s3_bucket_consumer_with_no_taskflow', 'dataset_alias_example_alias_producer_with_no_taskflow', 'dataset_s3_bucket_producer_with_no_taskflow' retrieved from /home/airflow/.local/lib/python3.12/site-packages/airflow/example_dags/example_dataset_alias_with_no_taskflow.py
[2026-05-28T08:39:22.220+0000] {logging_mixin.py:190} INFO - [2026-05-28T08:39:22.218+0000] {dag.py:3239} INFO - Sync 4 DAGs
[2026-05-28T08:39:22.282+0000] {logging_mixin.py:190} INFO - [2026-05-28T08:39:22.282+0000] {dag.py:4180} INFO - Setting next_dagrun for dataset_alias_example_alias_consumer_with_no_taskflow to None, run_after=None
[2026-05-28T08:39:22.296+0000] {logging_mixin.py:190} INFO - [2026-05-28T08:39:22.296+0000] {dag.py:4180} INFO - Setting next_dagrun for dataset_alias_example_alias_producer_with_no_taskflow to None, run_after=None
[2026-05-28T08:39:22.300+0000] {logging_mixin.py:190} INFO - [2026-05-28T08:39:22.300+0000] {dag.py:4180} INFO - Setting next_dagrun for dataset_s3_bucket_consumer_with_no_taskflow to None, run_after=None
[2026-05-28T08:39:22.306+0000] {logging_mixin.py:190} INFO - [2026-05-28T08:39:22.305+0000] {dag.py:4180} INFO - Setting next_dagrun for dataset_s3_bucket_producer_with_no_taskflow to None, run_after=None
[2026-05-28T08:39:22.362+0000] {processor.py:208} INFO - Processing /home/airflow/.local/lib/python3.12/site-packages/airflow/example_dags/example_dataset_alias_with_no_taskflow.py took 27.983 seconds
[2026-05-28T08:40:18.352+0000] {processor.py:186} INFO - Started process (PID=5979) to work on /home/airflow/.local/lib/python3.12/site-packages/airflow/example_dags/example_dataset_alias_with_no_taskflow.py
[2026-05-28T08:40:18.355+0000] {processor.py:914} INFO - Processing file /home/airflow/.local/lib/python3.12/site-packages/airflow/example_dags/example_dataset_alias_with_no_taskflow.py for tasks to queue
[2026-05-28T08:40:18.361+0000] {logging_mixin.py:190} INFO - [2026-05-28T08:40:18.359+0000] {dagbag.py:588} INFO - Filling up the DagBag from /home/airflow/.local/lib/python3.12/site-packages/airflow/example_dags/example_dataset_alias_with_no_taskflow.py
[2026-05-28T08:40:46.338+0000] {processor.py:925} INFO - DAG(s) 'dataset_s3_bucket_producer_with_no_taskflow', 'dataset_alias_example_alias_consumer_with_no_taskflow', 'dataset_alias_example_alias_producer_with_no_taskflow', 'dataset_s3_bucket_consumer_with_no_taskflow' retrieved from /home/airflow/.local/lib/python3.12/site-packages/airflow/example_dags/example_dataset_alias_with_no_taskflow.py
[2026-05-28T08:40:46.424+0000] {logging_mixin.py:190} INFO - [2026-05-28T08:40:46.422+0000] {dag.py:3239} INFO - Sync 4 DAGs
[2026-05-28T08:40:46.508+0000] {logging_mixin.py:190} INFO - [2026-05-28T08:40:46.507+0000] {dag.py:4180} INFO - Setting next_dagrun for dataset_alias_example_alias_consumer_with_no_taskflow to None, run_after=None
[2026-05-28T08:40:46.519+0000] {logging_mixin.py:190} INFO - [2026-05-28T08:40:46.516+0000] {dag.py:4180} INFO - Setting next_dagrun for dataset_alias_example_alias_producer_with_no_taskflow to None, run_after=None
[2026-05-28T08:40:46.524+0000] {logging_mixin.py:190} INFO - [2026-05-28T08:40:46.524+0000] {dag.py:4180} INFO - Setting next_dagrun for dataset_s3_bucket_consumer_with_no_taskflow to None, run_after=None
[2026-05-28T08:40:46.529+0000] {logging_mixin.py:190} INFO - [2026-05-28T08:40:46.528+0000] {dag.py:4180} INFO - Setting next_dagrun for dataset_s3_bucket_producer_with_no_taskflow to None, run_after=None
[2026-05-28T08:40:46.589+0000] {processor.py:208} INFO - Processing /home/airflow/.local/lib/python3.12/site-packages/airflow/example_dags/example_dataset_alias_with_no_taskflow.py took 28.263 seconds
[2026-05-28T08:41:53.171+0000] {processor.py:186} INFO - Started process (PID=6090) to work on /home/airflow/.local/lib/python3.12/site-packages/airflow/example_dags/example_dataset_alias_with_no_taskflow.py
[2026-05-28T08:41:53.175+0000] {processor.py:914} INFO - Processing file /home/airflow/.local/lib/python3.12/site-packages/airflow/example_dags/example_dataset_alias_with_no_taskflow.py for tasks to queue
[2026-05-28T08:41:53.181+0000] {logging_mixin.py:190} INFO - [2026-05-28T08:41:53.180+0000] {dagbag.py:588} INFO - Filling up the DagBag from /home/airflow/.local/lib/python3.12/site-packages/airflow/example_dags/example_dataset_alias_with_no_taskflow.py
[2026-05-28T08:42:20.004+0000] {processor.py:925} INFO - DAG(s) 'dataset_alias_example_alias_consumer_with_no_taskflow', 'dataset_s3_bucket_producer_with_no_taskflow', 'dataset_s3_bucket_consumer_with_no_taskflow', 'dataset_alias_example_alias_producer_with_no_taskflow' retrieved from /home/airflow/.local/lib/python3.12/site-packages/airflow/example_dags/example_dataset_alias_with_no_taskflow.py
[2026-05-28T08:42:20.065+0000] {logging_mixin.py:190} INFO - [2026-05-28T08:42:20.063+0000] {dag.py:3239} INFO - Sync 4 DAGs
[2026-05-28T08:42:20.133+0000] {logging_mixin.py:190} INFO - [2026-05-28T08:42:20.132+0000] {dag.py:4180} INFO - Setting next_dagrun for dataset_alias_example_alias_consumer_with_no_taskflow to None, run_after=None
[2026-05-28T08:42:20.141+0000] {logging_mixin.py:190} INFO - [2026-05-28T08:42:20.140+0000] {dag.py:4180} INFO - Setting next_dagrun for dataset_alias_example_alias_producer_with_no_taskflow to None, run_after=None
[2026-05-28T08:42:20.147+0000] {logging_mixin.py:190} INFO - [2026-05-28T08:42:20.146+0000] {dag.py:4180} INFO - Setting next_dagrun for dataset_s3_bucket_consumer_with_no_taskflow to None, run_after=None
[2026-05-28T08:42:20.152+0000] {logging_mixin.py:190} INFO - [2026-05-28T08:42:20.152+0000] {dag.py:4180} INFO - Setting next_dagrun for dataset_s3_bucket_producer_with_no_taskflow to None, run_after=None
[2026-05-28T08:42:20.220+0000] {processor.py:208} INFO - Processing /home/airflow/.local/lib/python3.12/site-packages/airflow/example_dags/example_dataset_alias_with_no_taskflow.py took 27.083 seconds
[2026-05-28T08:43:14.520+0000] {processor.py:186} INFO - Started process (PID=6180) to work on /home/airflow/.local/lib/python3.12/site-packages/airflow/example_dags/example_dataset_alias_with_no_taskflow.py
[2026-05-28T08:43:14.525+0000] {processor.py:914} INFO - Processing file /home/airflow/.local/lib/python3.12/site-packages/airflow/example_dags/example_dataset_alias_with_no_taskflow.py for tasks to queue
[2026-05-28T08:43:14.529+0000] {logging_mixin.py:190} INFO - [2026-05-28T08:43:14.528+0000] {dagbag.py:588} INFO - Filling up the DagBag from /home/airflow/.local/lib/python3.12/site-packages/airflow/example_dags/example_dataset_alias_with_no_taskflow.py
[2026-05-28T08:43:40.516+0000] {processor.py:925} INFO - DAG(s) 'dataset_alias_example_alias_consumer_with_no_taskflow', 'dataset_s3_bucket_producer_with_no_taskflow', 'dataset_s3_bucket_consumer_with_no_taskflow', 'dataset_alias_example_alias_producer_with_no_taskflow' retrieved from /home/airflow/.local/lib/python3.12/site-packages/airflow/example_dags/example_dataset_alias_with_no_taskflow.py
[2026-05-28T08:43:40.581+0000] {logging_mixin.py:190} INFO - [2026-05-28T08:43:40.578+0000] {dag.py:3239} INFO - Sync 4 DAGs
[2026-05-28T08:43:40.649+0000] {logging_mixin.py:190} INFO - [2026-05-28T08:43:40.649+0000] {dag.py:4180} INFO - Setting next_dagrun for dataset_alias_example_alias_consumer_with_no_taskflow to None, run_after=None
[2026-05-28T08:43:40.659+0000] {logging_mixin.py:190} INFO - [2026-05-28T08:43:40.658+0000] {dag.py:4180} INFO - Setting next_dagrun for dataset_alias_example_alias_producer_with_no_taskflow to None, run_after=None
[2026-05-28T08:43:40.664+0000] {logging_mixin.py:190} INFO - [2026-05-28T08:43:40.664+0000] {dag.py:4180} INFO - Setting next_dagrun for dataset_s3_bucket_consumer_with_no_taskflow to None, run_after=None
[2026-05-28T08:43:40.670+0000] {logging_mixin.py:190} INFO - [2026-05-28T08:43:40.670+0000] {dag.py:4180} INFO - Setting next_dagrun for dataset_s3_bucket_producer_with_no_taskflow to None, run_after=None
[2026-05-28T08:43:40.749+0000] {processor.py:208} INFO - Processing /home/airflow/.local/lib/python3.12/site-packages/airflow/example_dags/example_dataset_alias_with_no_taskflow.py took 26.254 seconds
[2026-05-28T08:44:24.865+0000] {processor.py:186} INFO - Started process (PID=6261) to work on /home/airflow/.local/lib/python3.12/site-packages/airflow/example_dags/example_dataset_alias_with_no_taskflow.py
[2026-05-28T08:44:24.868+0000] {processor.py:914} INFO - Processing file /home/airflow/.local/lib/python3.12/site-packages/airflow/example_dags/example_dataset_alias_with_no_taskflow.py for tasks to queue
[2026-05-28T08:44:24.872+0000] {logging_mixin.py:190} INFO - [2026-05-28T08:44:24.871+0000] {dagbag.py:588} INFO - Filling up the DagBag from /home/airflow/.local/lib/python3.12/site-packages/airflow/example_dags/example_dataset_alias_with_no_taskflow.py
[2026-05-28T08:44:52.220+0000] {processor.py:925} INFO - DAG(s) 'dataset_s3_bucket_producer_with_no_taskflow', 'dataset_s3_bucket_consumer_with_no_taskflow', 'dataset_alias_example_alias_producer_with_no_taskflow', 'dataset_alias_example_alias_consumer_with_no_taskflow' retrieved from /home/airflow/.local/lib/python3.12/site-packages/airflow/example_dags/example_dataset_alias_with_no_taskflow.py
[2026-05-28T08:44:52.289+0000] {logging_mixin.py:190} INFO - [2026-05-28T08:44:52.287+0000] {dag.py:3239} INFO - Sync 4 DAGs
[2026-05-28T08:44:52.351+0000] {logging_mixin.py:190} INFO - [2026-05-28T08:44:52.351+0000] {dag.py:4180} INFO - Setting next_dagrun for dataset_alias_example_alias_consumer_with_no_taskflow to None, run_after=None
[2026-05-28T08:44:52.360+0000] {logging_mixin.py:190} INFO - [2026-05-28T08:44:52.359+0000] {dag.py:4180} INFO - Setting next_dagrun for dataset_alias_example_alias_producer_with_no_taskflow to None, run_after=None
[2026-05-28T08:44:52.367+0000] {logging_mixin.py:190} INFO - [2026-05-28T08:44:52.366+0000] {dag.py:4180} INFO - Setting next_dagrun for dataset_s3_bucket_consumer_with_no_taskflow to None, run_after=None
[2026-05-28T08:44:52.372+0000] {logging_mixin.py:190} INFO - [2026-05-28T08:44:52.371+0000] {dag.py:4180} INFO - Setting next_dagrun for dataset_s3_bucket_producer_with_no_taskflow to None, run_after=None
[2026-05-28T08:44:52.441+0000] {processor.py:208} INFO - Processing /home/airflow/.local/lib/python3.12/site-packages/airflow/example_dags/example_dataset_alias_with_no_taskflow.py took 27.600 seconds
[2026-05-28T08:45:47.156+0000] {processor.py:186} INFO - Started process (PID=6348) to work on /home/airflow/.local/lib/python3.12/site-packages/airflow/example_dags/example_dataset_alias_with_no_taskflow.py
[2026-05-28T08:45:47.159+0000] {processor.py:914} INFO - Processing file /home/airflow/.local/lib/python3.12/site-packages/airflow/example_dags/example_dataset_alias_with_no_taskflow.py for tasks to queue
[2026-05-28T08:45:47.164+0000] {logging_mixin.py:190} INFO - [2026-05-28T08:45:47.163+0000] {dagbag.py:588} INFO - Filling up the DagBag from /home/airflow/.local/lib/python3.12/site-packages/airflow/example_dags/example_dataset_alias_with_no_taskflow.py
[2026-05-28T08:46:14.373+0000] {processor.py:925} INFO - DAG(s) 'dataset_s3_bucket_producer_with_no_taskflow', 'dataset_alias_example_alias_consumer_with_no_taskflow', 'dataset_alias_example_alias_producer_with_no_taskflow', 'dataset_s3_bucket_consumer_with_no_taskflow' retrieved from /home/airflow/.local/lib/python3.12/site-packages/airflow/example_dags/example_dataset_alias_with_no_taskflow.py
[2026-05-28T08:46:14.441+0000] {logging_mixin.py:190} INFO - [2026-05-28T08:46:14.440+0000] {dag.py:3239} INFO - Sync 4 DAGs
[2026-05-28T08:46:14.496+0000] {logging_mixin.py:190} INFO - [2026-05-28T08:46:14.495+0000] {dag.py:4180} INFO - Setting next_dagrun for dataset_alias_example_alias_consumer_with_no_taskflow to None, run_after=None
[2026-05-28T08:46:14.504+0000] {logging_mixin.py:190} INFO - [2026-05-28T08:46:14.503+0000] {dag.py:4180} INFO - Setting next_dagrun for dataset_alias_example_alias_producer_with_no_taskflow to None, run_after=None
[2026-05-28T08:46:14.508+0000] {logging_mixin.py:190} INFO - [2026-05-28T08:46:14.507+0000] {dag.py:4180} INFO - Setting next_dagrun for dataset_s3_bucket_consumer_with_no_taskflow to None, run_after=None
[2026-05-28T08:46:14.514+0000] {logging_mixin.py:190} INFO - [2026-05-28T08:46:14.513+0000] {dag.py:4180} INFO - Setting next_dagrun for dataset_s3_bucket_producer_with_no_taskflow to None, run_after=None
[2026-05-28T08:46:14.574+0000] {processor.py:208} INFO - Processing /home/airflow/.local/lib/python3.12/site-packages/airflow/example_dags/example_dataset_alias_with_no_taskflow.py took 27.440 seconds
[2026-05-28T08:46:51.461+0000] {processor.py:186} INFO - Started process (PID=6428) to work on /home/airflow/.local/lib/python3.12/site-packages/airflow/example_dags/example_dataset_alias_with_no_taskflow.py
[2026-05-28T08:46:51.468+0000] {processor.py:914} INFO - Processing file /home/airflow/.local/lib/python3.12/site-packages/airflow/example_dags/example_dataset_alias_with_no_taskflow.py for tasks to queue
[2026-05-28T08:46:51.473+0000] {logging_mixin.py:190} INFO - [2026-05-28T08:46:51.471+0000] {dagbag.py:588} INFO - Filling up the DagBag from /home/airflow/.local/lib/python3.12/site-packages/airflow/example_dags/example_dataset_alias_with_no_taskflow.py
[2026-05-28T08:47:18.118+0000] {processor.py:925} INFO - DAG(s) 'dataset_s3_bucket_producer_with_no_taskflow', 'dataset_s3_bucket_consumer_with_no_taskflow', 'dataset_alias_example_alias_consumer_with_no_taskflow', 'dataset_alias_example_alias_producer_with_no_taskflow' retrieved from /home/airflow/.local/lib/python3.12/site-packages/airflow/example_dags/example_dataset_alias_with_no_taskflow.py
[2026-05-28T08:47:18.196+0000] {logging_mixin.py:190} INFO - [2026-05-28T08:47:18.195+0000] {dag.py:3239} INFO - Sync 4 DAGs
[2026-05-28T08:47:18.263+0000] {logging_mixin.py:190} INFO - [2026-05-28T08:47:18.262+0000] {dag.py:4180} INFO - Setting next_dagrun for dataset_alias_example_alias_consumer_with_no_taskflow to None, run_after=None
[2026-05-28T08:47:18.274+0000] {logging_mixin.py:190} INFO - [2026-05-28T08:47:18.273+0000] {dag.py:4180} INFO - Setting next_dagrun for dataset_alias_example_alias_producer_with_no_taskflow to None, run_after=None
[2026-05-28T08:47:18.281+0000] {logging_mixin.py:190} INFO - [2026-05-28T08:47:18.280+0000] {dag.py:4180} INFO - Setting next_dagrun for dataset_s3_bucket_consumer_with_no_taskflow to None, run_after=None
[2026-05-28T08:47:18.292+0000] {logging_mixin.py:190} INFO - [2026-05-28T08:47:18.291+0000] {dag.py:4180} INFO - Setting next_dagrun for dataset_s3_bucket_producer_with_no_taskflow to None, run_after=None
[2026-05-28T08:47:18.372+0000] {processor.py:208} INFO - Processing /home/airflow/.local/lib/python3.12/site-packages/airflow/example_dags/example_dataset_alias_with_no_taskflow.py took 26.935 seconds
[2026-05-28T08:48:20.868+0000] {processor.py:186} INFO - Started process (PID=6519) to work on /home/airflow/.local/lib/python3.12/site-packages/airflow/example_dags/example_dataset_alias_with_no_taskflow.py
[2026-05-28T08:48:20.872+0000] {processor.py:914} INFO - Processing file /home/airflow/.local/lib/python3.12/site-packages/airflow/example_dags/example_dataset_alias_with_no_taskflow.py for tasks to queue
[2026-05-28T08:48:20.878+0000] {logging_mixin.py:190} INFO - [2026-05-28T08:48:20.876+0000] {dagbag.py:588} INFO - Filling up the DagBag from /home/airflow/.local/lib/python3.12/site-packages/airflow/example_dags/example_dataset_alias_with_no_taskflow.py
[2026-05-28T08:48:48.762+0000] {processor.py:925} INFO - DAG(s) 'dataset_s3_bucket_consumer_with_no_taskflow', 'dataset_s3_bucket_producer_with_no_taskflow', 'dataset_alias_example_alias_producer_with_no_taskflow', 'dataset_alias_example_alias_consumer_with_no_taskflow' retrieved from /home/airflow/.local/lib/python3.12/site-packages/airflow/example_dags/example_dataset_alias_with_no_taskflow.py
[2026-05-28T08:48:48.819+0000] {logging_mixin.py:190} INFO - [2026-05-28T08:48:48.817+0000] {dag.py:3239} INFO - Sync 4 DAGs
[2026-05-28T08:48:48.874+0000] {logging_mixin.py:190} INFO - [2026-05-28T08:48:48.872+0000] {dag.py:4180} INFO - Setting next_dagrun for dataset_alias_example_alias_consumer_with_no_taskflow to None, run_after=None
[2026-05-28T08:48:48.882+0000] {logging_mixin.py:190} INFO - [2026-05-28T08:48:48.882+0000] {dag.py:4180} INFO - Setting next_dagrun for dataset_alias_example_alias_producer_with_no_taskflow to None, run_after=None
[2026-05-28T08:48:48.887+0000] {logging_mixin.py:190} INFO - [2026-05-28T08:48:48.886+0000] {dag.py:4180} INFO - Setting next_dagrun for dataset_s3_bucket_consumer_with_no_taskflow to None, run_after=None
[2026-05-28T08:48:48.892+0000] {logging_mixin.py:190} INFO - [2026-05-28T08:48:48.891+0000] {dag.py:4180} INFO - Setting next_dagrun for dataset_s3_bucket_producer_with_no_taskflow to None, run_after=None
[2026-05-28T08:48:48.975+0000] {processor.py:208} INFO - Processing /home/airflow/.local/lib/python3.12/site-packages/airflow/example_dags/example_dataset_alias_with_no_taskflow.py took 28.133 seconds
[2026-05-28T08:49:44.144+0000] {processor.py:186} INFO - Started process (PID=6609) to work on /home/airflow/.local/lib/python3.12/site-packages/airflow/example_dags/example_dataset_alias_with_no_taskflow.py
[2026-05-28T08:49:44.147+0000] {processor.py:914} INFO - Processing file /home/airflow/.local/lib/python3.12/site-packages/airflow/example_dags/example_dataset_alias_with_no_taskflow.py for tasks to queue
[2026-05-28T08:49:44.151+0000] {logging_mixin.py:190} INFO - [2026-05-28T08:49:44.150+0000] {dagbag.py:588} INFO - Filling up the DagBag from /home/airflow/.local/lib/python3.12/site-packages/airflow/example_dags/example_dataset_alias_with_no_taskflow.py
[2026-05-28T08:50:09.493+0000] {processor.py:925} INFO - DAG(s) 'dataset_alias_example_alias_consumer_with_no_taskflow', 'dataset_alias_example_alias_producer_with_no_taskflow', 'dataset_s3_bucket_producer_with_no_taskflow', 'dataset_s3_bucket_consumer_with_no_taskflow' retrieved from /home/airflow/.local/lib/python3.12/site-packages/airflow/example_dags/example_dataset_alias_with_no_taskflow.py
[2026-05-28T08:50:09.557+0000] {logging_mixin.py:190} INFO - [2026-05-28T08:50:09.555+0000] {dag.py:3239} INFO - Sync 4 DAGs
[2026-05-28T08:50:09.621+0000] {logging_mixin.py:190} INFO - [2026-05-28T08:50:09.620+0000] {dag.py:4180} INFO - Setting next_dagrun for dataset_alias_example_alias_consumer_with_no_taskflow to None, run_after=None
[2026-05-28T08:50:09.630+0000] {logging_mixin.py:190} INFO - [2026-05-28T08:50:09.629+0000] {dag.py:4180} INFO - Setting next_dagrun for dataset_alias_example_alias_producer_with_no_taskflow to None, run_after=None
[2026-05-28T08:50:09.634+0000] {logging_mixin.py:190} INFO - [2026-05-28T08:50:09.634+0000] {dag.py:4180} INFO - Setting next_dagrun for dataset_s3_bucket_consumer_with_no_taskflow to None, run_after=None
[2026-05-28T08:50:09.642+0000] {logging_mixin.py:190} INFO - [2026-05-28T08:50:09.639+0000] {dag.py:4180} INFO - Setting next_dagrun for dataset_s3_bucket_producer_with_no_taskflow to None, run_after=None
[2026-05-28T08:50:09.706+0000] {processor.py:208} INFO - Processing /home/airflow/.local/lib/python3.12/site-packages/airflow/example_dags/example_dataset_alias_with_no_taskflow.py took 25.581 seconds
[2026-05-28T08:50:46.214+0000] {processor.py:186} INFO - Started process (PID=6678) to work on /home/airflow/.local/lib/python3.12/site-packages/airflow/example_dags/example_dataset_alias_with_no_taskflow.py
[2026-05-28T08:50:46.217+0000] {processor.py:914} INFO - Processing file /home/airflow/.local/lib/python3.12/site-packages/airflow/example_dags/example_dataset_alias_with_no_taskflow.py for tasks to queue
[2026-05-28T08:50:46.221+0000] {logging_mixin.py:190} INFO - [2026-05-28T08:50:46.220+0000] {dagbag.py:588} INFO - Filling up the DagBag from /home/airflow/.local/lib/python3.12/site-packages/airflow/example_dags/example_dataset_alias_with_no_taskflow.py
[2026-05-28T08:51:12.036+0000] {processor.py:925} INFO - DAG(s) 'dataset_s3_bucket_consumer_with_no_taskflow', 'dataset_alias_example_alias_consumer_with_no_taskflow', 'dataset_s3_bucket_producer_with_no_taskflow', 'dataset_alias_example_alias_producer_with_no_taskflow' retrieved from /home/airflow/.local/lib/python3.12/site-packages/airflow/example_dags/example_dataset_alias_with_no_taskflow.py
[2026-05-28T08:51:12.100+0000] {logging_mixin.py:190} INFO - [2026-05-28T08:51:12.099+0000] {dag.py:3239} INFO - Sync 4 DAGs
[2026-05-28T08:51:12.188+0000] {logging_mixin.py:190} INFO - [2026-05-28T08:51:12.187+0000] {dag.py:4180} INFO - Setting next_dagrun for dataset_alias_example_alias_consumer_with_no_taskflow to None, run_after=None
[2026-05-28T08:51:12.197+0000] {logging_mixin.py:190} INFO - [2026-05-28T08:51:12.196+0000] {dag.py:4180} INFO - Setting next_dagrun for dataset_alias_example_alias_producer_with_no_taskflow to None, run_after=None
[2026-05-28T08:51:12.201+0000] {logging_mixin.py:190} INFO - [2026-05-28T08:51:12.201+0000] {dag.py:4180} INFO - Setting next_dagrun for dataset_s3_bucket_consumer_with_no_taskflow to None, run_after=None
[2026-05-28T08:51:12.206+0000] {logging_mixin.py:190} INFO - [2026-05-28T08:51:12.206+0000] {dag.py:4180} INFO - Setting next_dagrun for dataset_s3_bucket_producer_with_no_taskflow to None, run_after=None
[2026-05-28T08:51:12.279+0000] {processor.py:208} INFO - Processing /home/airflow/.local/lib/python3.12/site-packages/airflow/example_dags/example_dataset_alias_with_no_taskflow.py took 26.088 seconds
[2026-05-28T08:51:48.627+0000] {processor.py:186} INFO - Started process (PID=6747) to work on /home/airflow/.local/lib/python3.12/site-packages/airflow/example_dags/example_dataset_alias_with_no_taskflow.py
[2026-05-28T08:51:48.632+0000] {processor.py:914} INFO - Processing file /home/airflow/.local/lib/python3.12/site-packages/airflow/example_dags/example_dataset_alias_with_no_taskflow.py for tasks to queue
[2026-05-28T08:51:48.637+0000] {logging_mixin.py:190} INFO - [2026-05-28T08:51:48.636+0000] {dagbag.py:588} INFO - Filling up the DagBag from /home/airflow/.local/lib/python3.12/site-packages/airflow/example_dags/example_dataset_alias_with_no_taskflow.py
[2026-05-28T08:52:14.987+0000] {processor.py:925} INFO - DAG(s) 'dataset_s3_bucket_producer_with_no_taskflow', 'dataset_alias_example_alias_producer_with_no_taskflow', 'dataset_s3_bucket_consumer_with_no_taskflow', 'dataset_alias_example_alias_consumer_with_no_taskflow' retrieved from /home/airflow/.local/lib/python3.12/site-packages/airflow/example_dags/example_dataset_alias_with_no_taskflow.py
[2026-05-28T08:52:15.063+0000] {logging_mixin.py:190} INFO - [2026-05-28T08:52:15.061+0000] {dag.py:3239} INFO - Sync 4 DAGs
[2026-05-28T08:52:15.135+0000] {logging_mixin.py:190} INFO - [2026-05-28T08:52:15.134+0000] {dag.py:4180} INFO - Setting next_dagrun for dataset_alias_example_alias_consumer_with_no_taskflow to None, run_after=None
[2026-05-28T08:52:15.147+0000] {logging_mixin.py:190} INFO - [2026-05-28T08:52:15.146+0000] {dag.py:4180} INFO - Setting next_dagrun for dataset_alias_example_alias_producer_with_no_taskflow to None, run_after=None
[2026-05-28T08:52:15.152+0000] {logging_mixin.py:190} INFO - [2026-05-28T08:52:15.151+0000] {dag.py:4180} INFO - Setting next_dagrun for dataset_s3_bucket_consumer_with_no_taskflow to None, run_after=None
[2026-05-28T08:52:15.159+0000] {logging_mixin.py:190} INFO - [2026-05-28T08:52:15.158+0000] {dag.py:4180} INFO - Setting next_dagrun for dataset_s3_bucket_producer_with_no_taskflow to None, run_after=None
[2026-05-28T08:52:15.231+0000] {processor.py:208} INFO - Processing /home/airflow/.local/lib/python3.12/site-packages/airflow/example_dags/example_dataset_alias_with_no_taskflow.py took 26.626 seconds
[2026-05-28T08:53:04.631+0000] {processor.py:186} INFO - Started process (PID=6833) to work on /home/airflow/.local/lib/python3.12/site-packages/airflow/example_dags/example_dataset_alias_with_no_taskflow.py
[2026-05-28T08:53:04.634+0000] {processor.py:914} INFO - Processing file /home/airflow/.local/lib/python3.12/site-packages/airflow/example_dags/example_dataset_alias_with_no_taskflow.py for tasks to queue
[2026-05-28T08:53:04.638+0000] {logging_mixin.py:190} INFO - [2026-05-28T08:53:04.637+0000] {dagbag.py:588} INFO - Filling up the DagBag from /home/airflow/.local/lib/python3.12/site-packages/airflow/example_dags/example_dataset_alias_with_no_taskflow.py
[2026-05-28T08:53:29.325+0000] {processor.py:925} INFO - DAG(s) 'dataset_alias_example_alias_producer_with_no_taskflow', 'dataset_s3_bucket_consumer_with_no_taskflow', 'dataset_alias_example_alias_consumer_with_no_taskflow', 'dataset_s3_bucket_producer_with_no_taskflow' retrieved from /home/airflow/.local/lib/python3.12/site-packages/airflow/example_dags/example_dataset_alias_with_no_taskflow.py
[2026-05-28T08:53:29.393+0000] {logging_mixin.py:190} INFO - [2026-05-28T08:53:29.392+0000] {dag.py:3239} INFO - Sync 4 DAGs
[2026-05-28T08:53:29.485+0000] {logging_mixin.py:190} INFO - [2026-05-28T08:53:29.485+0000] {dag.py:4180} INFO - Setting next_dagrun for dataset_alias_example_alias_consumer_with_no_taskflow to None, run_after=None
[2026-05-28T08:53:29.495+0000] {logging_mixin.py:190} INFO - [2026-05-28T08:53:29.494+0000] {dag.py:4180} INFO - Setting next_dagrun for dataset_alias_example_alias_producer_with_no_taskflow to None, run_after=None
[2026-05-28T08:53:29.503+0000] {logging_mixin.py:190} INFO - [2026-05-28T08:53:29.502+0000] {dag.py:4180} INFO - Setting next_dagrun for dataset_s3_bucket_consumer_with_no_taskflow to None, run_after=None
[2026-05-28T08:53:29.508+0000] {logging_mixin.py:190} INFO - [2026-05-28T08:53:29.508+0000] {dag.py:4180} INFO - Setting next_dagrun for dataset_s3_bucket_producer_with_no_taskflow to None, run_after=None
[2026-05-28T08:53:29.585+0000] {processor.py:208} INFO - Processing /home/airflow/.local/lib/python3.12/site-packages/airflow/example_dags/example_dataset_alias_with_no_taskflow.py took 24.972 seconds
[2026-05-28T08:54:04.569+0000] {processor.py:186} INFO - Started process (PID=6899) to work on /home/airflow/.local/lib/python3.12/site-packages/airflow/example_dags/example_dataset_alias_with_no_taskflow.py
[2026-05-28T08:54:04.573+0000] {processor.py:914} INFO - Processing file /home/airflow/.local/lib/python3.12/site-packages/airflow/example_dags/example_dataset_alias_with_no_taskflow.py for tasks to queue
[2026-05-28T08:54:04.577+0000] {logging_mixin.py:190} INFO - [2026-05-28T08:54:04.576+0000] {dagbag.py:588} INFO - Filling up the DagBag from /home/airflow/.local/lib/python3.12/site-packages/airflow/example_dags/example_dataset_alias_with_no_taskflow.py
[2026-05-28T08:54:26.829+0000] {processor.py:925} INFO - DAG(s) 'dataset_s3_bucket_producer_with_no_taskflow', 'dataset_s3_bucket_consumer_with_no_taskflow', 'dataset_alias_example_alias_consumer_with_no_taskflow', 'dataset_alias_example_alias_producer_with_no_taskflow' retrieved from /home/airflow/.local/lib/python3.12/site-packages/airflow/example_dags/example_dataset_alias_with_no_taskflow.py
[2026-05-28T08:54:26.902+0000] {logging_mixin.py:190} INFO - [2026-05-28T08:54:26.901+0000] {dag.py:3239} INFO - Sync 4 DAGs
[2026-05-28T08:54:26.966+0000] {logging_mixin.py:190} INFO - [2026-05-28T08:54:26.966+0000] {dag.py:4180} INFO - Setting next_dagrun for dataset_alias_example_alias_consumer_with_no_taskflow to None, run_after=None
[2026-05-28T08:54:26.975+0000] {logging_mixin.py:190} INFO - [2026-05-28T08:54:26.974+0000] {dag.py:4180} INFO - Setting next_dagrun for dataset_alias_example_alias_producer_with_no_taskflow to None, run_after=None
[2026-05-28T08:54:26.980+0000] {logging_mixin.py:190} INFO - [2026-05-28T08:54:26.979+0000] {dag.py:4180} INFO - Setting next_dagrun for dataset_s3_bucket_consumer_with_no_taskflow to None, run_after=None
[2026-05-28T08:54:26.984+0000] {logging_mixin.py:190} INFO - [2026-05-28T08:54:26.983+0000] {dag.py:4180} INFO - Setting next_dagrun for dataset_s3_bucket_producer_with_no_taskflow to None, run_after=None
[2026-05-28T08:54:27.048+0000] {processor.py:208} INFO - Processing /home/airflow/.local/lib/python3.12/site-packages/airflow/example_dags/example_dataset_alias_with_no_taskflow.py took 22.498 seconds
[2026-05-28T08:55:29.233+0000] {processor.py:186} INFO - Started process (PID=6990) to work on /home/airflow/.local/lib/python3.12/site-packages/airflow/example_dags/example_dataset_alias_with_no_taskflow.py
[2026-05-28T08:55:29.236+0000] {processor.py:914} INFO - Processing file /home/airflow/.local/lib/python3.12/site-packages/airflow/example_dags/example_dataset_alias_with_no_taskflow.py for tasks to queue
[2026-05-28T08:55:29.242+0000] {logging_mixin.py:190} INFO - [2026-05-28T08:55:29.240+0000] {dagbag.py:588} INFO - Filling up the DagBag from /home/airflow/.local/lib/python3.12/site-packages/airflow/example_dags/example_dataset_alias_with_no_taskflow.py
[2026-05-28T08:55:54.023+0000] {processor.py:925} INFO - DAG(s) 'dataset_alias_example_alias_producer_with_no_taskflow', 'dataset_s3_bucket_producer_with_no_taskflow', 'dataset_alias_example_alias_consumer_with_no_taskflow', 'dataset_s3_bucket_consumer_with_no_taskflow' retrieved from /home/airflow/.local/lib/python3.12/site-packages/airflow/example_dags/example_dataset_alias_with_no_taskflow.py
[2026-05-28T08:55:54.095+0000] {logging_mixin.py:190} INFO - [2026-05-28T08:55:54.094+0000] {dag.py:3239} INFO - Sync 4 DAGs
[2026-05-28T08:55:54.150+0000] {logging_mixin.py:190} INFO - [2026-05-28T08:55:54.150+0000] {dag.py:4180} INFO - Setting next_dagrun for dataset_alias_example_alias_consumer_with_no_taskflow to None, run_after=None
[2026-05-28T08:55:54.158+0000] {logging_mixin.py:190} INFO - [2026-05-28T08:55:54.158+0000] {dag.py:4180} INFO - Setting next_dagrun for dataset_alias_example_alias_producer_with_no_taskflow to None, run_after=None
[2026-05-28T08:55:54.163+0000] {logging_mixin.py:190} INFO - [2026-05-28T08:55:54.162+0000] {dag.py:4180} INFO - Setting next_dagrun for dataset_s3_bucket_consumer_with_no_taskflow to None, run_after=None
[2026-05-28T08:55:54.168+0000] {logging_mixin.py:190} INFO - [2026-05-28T08:55:54.168+0000] {dag.py:4180} INFO - Setting next_dagrun for dataset_s3_bucket_producer_with_no_taskflow to None, run_after=None
[2026-05-28T08:55:54.238+0000] {processor.py:208} INFO - Processing /home/airflow/.local/lib/python3.12/site-packages/airflow/example_dags/example_dataset_alias_with_no_taskflow.py took 25.040 seconds
[2026-05-28T08:56:41.041+0000] {processor.py:186} INFO - Started process (PID=7074) to work on /home/airflow/.local/lib/python3.12/site-packages/airflow/example_dags/example_dataset_alias_with_no_taskflow.py
[2026-05-28T08:56:41.045+0000] {processor.py:914} INFO - Processing file /home/airflow/.local/lib/python3.12/site-packages/airflow/example_dags/example_dataset_alias_with_no_taskflow.py for tasks to queue
[2026-05-28T08:56:41.053+0000] {logging_mixin.py:190} INFO - [2026-05-28T08:56:41.051+0000] {dagbag.py:588} INFO - Filling up the DagBag from /home/airflow/.local/lib/python3.12/site-packages/airflow/example_dags/example_dataset_alias_with_no_taskflow.py
[2026-05-28T08:57:08.820+0000] {processor.py:925} INFO - DAG(s) 'dataset_alias_example_alias_consumer_with_no_taskflow', 'dataset_s3_bucket_producer_with_no_taskflow', 'dataset_alias_example_alias_producer_with_no_taskflow', 'dataset_s3_bucket_consumer_with_no_taskflow' retrieved from /home/airflow/.local/lib/python3.12/site-packages/airflow/example_dags/example_dataset_alias_with_no_taskflow.py
[2026-05-28T08:57:08.890+0000] {logging_mixin.py:190} INFO - [2026-05-28T08:57:08.888+0000] {dag.py:3239} INFO - Sync 4 DAGs
[2026-05-28T08:57:08.971+0000] {logging_mixin.py:190} INFO - [2026-05-28T08:57:08.970+0000] {dag.py:4180} INFO - Setting next_dagrun for dataset_alias_example_alias_consumer_with_no_taskflow to None, run_after=None
[2026-05-28T08:57:08.981+0000] {logging_mixin.py:190} INFO - [2026-05-28T08:57:08.980+0000] {dag.py:4180} INFO - Setting next_dagrun for dataset_alias_example_alias_producer_with_no_taskflow to None, run_after=None
[2026-05-28T08:57:08.987+0000] {logging_mixin.py:190} INFO - [2026-05-28T08:57:08.986+0000] {dag.py:4180} INFO - Setting next_dagrun for dataset_s3_bucket_consumer_with_no_taskflow to None, run_after=None
[2026-05-28T08:57:08.994+0000] {logging_mixin.py:190} INFO - [2026-05-28T08:57:08.993+0000] {dag.py:4180} INFO - Setting next_dagrun for dataset_s3_bucket_producer_with_no_taskflow to None, run_after=None
[2026-05-28T08:57:09.066+0000] {processor.py:208} INFO - Processing /home/airflow/.local/lib/python3.12/site-packages/airflow/example_dags/example_dataset_alias_with_no_taskflow.py took 28.059 seconds
[2026-05-28T08:58:05.414+0000] {processor.py:186} INFO - Started process (PID=7161) to work on /home/airflow/.local/lib/python3.12/site-packages/airflow/example_dags/example_dataset_alias_with_no_taskflow.py
[2026-05-28T08:58:05.417+0000] {processor.py:914} INFO - Processing file /home/airflow/.local/lib/python3.12/site-packages/airflow/example_dags/example_dataset_alias_with_no_taskflow.py for tasks to queue
[2026-05-28T08:58:05.421+0000] {logging_mixin.py:190} INFO - [2026-05-28T08:58:05.420+0000] {dagbag.py:588} INFO - Filling up the DagBag from /home/airflow/.local/lib/python3.12/site-packages/airflow/example_dags/example_dataset_alias_with_no_taskflow.py
[2026-05-28T08:58:30.102+0000] {processor.py:925} INFO - DAG(s) 'dataset_s3_bucket_producer_with_no_taskflow', 'dataset_alias_example_alias_consumer_with_no_taskflow', 'dataset_alias_example_alias_producer_with_no_taskflow', 'dataset_s3_bucket_consumer_with_no_taskflow' retrieved from /home/airflow/.local/lib/python3.12/site-packages/airflow/example_dags/example_dataset_alias_with_no_taskflow.py
[2026-05-28T08:58:30.188+0000] {logging_mixin.py:190} INFO - [2026-05-28T08:58:30.186+0000] {dag.py:3239} INFO - Sync 4 DAGs
[2026-05-28T08:58:30.275+0000] {logging_mixin.py:190} INFO - [2026-05-28T08:58:30.275+0000] {dag.py:4180} INFO - Setting next_dagrun for dataset_alias_example_alias_consumer_with_no_taskflow to None, run_after=None
[2026-05-28T08:58:30.286+0000] {logging_mixin.py:190} INFO - [2026-05-28T08:58:30.285+0000] {dag.py:4180} INFO - Setting next_dagrun for dataset_alias_example_alias_producer_with_no_taskflow to None, run_after=None
[2026-05-28T08:58:30.290+0000] {logging_mixin.py:190} INFO - [2026-05-28T08:58:30.290+0000] {dag.py:4180} INFO - Setting next_dagrun for dataset_s3_bucket_consumer_with_no_taskflow to None, run_after=None
[2026-05-28T08:58:30.295+0000] {logging_mixin.py:190} INFO - [2026-05-28T08:58:30.294+0000] {dag.py:4180} INFO - Setting next_dagrun for dataset_s3_bucket_producer_with_no_taskflow to None, run_after=None
[2026-05-28T08:58:30.359+0000] {processor.py:208} INFO - Processing /home/airflow/.local/lib/python3.12/site-packages/airflow/example_dags/example_dataset_alias_with_no_taskflow.py took 24.966 seconds
[2026-05-28T08:59:25.507+0000] {processor.py:186} INFO - Started process (PID=7262) to work on /home/airflow/.local/lib/python3.12/site-packages/airflow/example_dags/example_dataset_alias_with_no_taskflow.py
[2026-05-28T08:59:25.510+0000] {processor.py:914} INFO - Processing file /home/airflow/.local/lib/python3.12/site-packages/airflow/example_dags/example_dataset_alias_with_no_taskflow.py for tasks to queue
[2026-05-28T08:59:25.519+0000] {logging_mixin.py:190} INFO - [2026-05-28T08:59:25.515+0000] {dagbag.py:588} INFO - Filling up the DagBag from /home/airflow/.local/lib/python3.12/site-packages/airflow/example_dags/example_dataset_alias_with_no_taskflow.py
[2026-05-28T08:59:47.276+0000] {processor.py:925} INFO - DAG(s) 'dataset_alias_example_alias_consumer_with_no_taskflow', 'dataset_s3_bucket_producer_with_no_taskflow', 'dataset_s3_bucket_consumer_with_no_taskflow', 'dataset_alias_example_alias_producer_with_no_taskflow' retrieved from /home/airflow/.local/lib/python3.12/site-packages/airflow/example_dags/example_dataset_alias_with_no_taskflow.py
[2026-05-28T08:59:47.334+0000] {logging_mixin.py:190} INFO - [2026-05-28T08:59:47.332+0000] {dag.py:3239} INFO - Sync 4 DAGs
[2026-05-28T08:59:47.401+0000] {logging_mixin.py:190} INFO - [2026-05-28T08:59:47.400+0000] {dag.py:4180} INFO - Setting next_dagrun for dataset_alias_example_alias_consumer_with_no_taskflow to None, run_after=None
[2026-05-28T08:59:47.413+0000] {logging_mixin.py:190} INFO - [2026-05-28T08:59:47.413+0000] {dag.py:4180} INFO - Setting next_dagrun for dataset_alias_example_alias_producer_with_no_taskflow to None, run_after=None
[2026-05-28T08:59:47.419+0000] {logging_mixin.py:190} INFO - [2026-05-28T08:59:47.418+0000] {dag.py:4180} INFO - Setting next_dagrun for dataset_s3_bucket_consumer_with_no_taskflow to None, run_after=None
[2026-05-28T08:59:47.426+0000] {logging_mixin.py:190} INFO - [2026-05-28T08:59:47.426+0000] {dag.py:4180} INFO - Setting next_dagrun for dataset_s3_bucket_producer_with_no_taskflow to None, run_after=None
[2026-05-28T08:59:47.490+0000] {processor.py:208} INFO - Processing /home/airflow/.local/lib/python3.12/site-packages/airflow/example_dags/example_dataset_alias_with_no_taskflow.py took 22.008 seconds
[2026-05-28T09:00:45.233+0000] {processor.py:186} INFO - Started process (PID=7361) to work on /home/airflow/.local/lib/python3.12/site-packages/airflow/example_dags/example_dataset_alias_with_no_taskflow.py
[2026-05-28T09:00:45.236+0000] {processor.py:914} INFO - Processing file /home/airflow/.local/lib/python3.12/site-packages/airflow/example_dags/example_dataset_alias_with_no_taskflow.py for tasks to queue
[2026-05-28T09:00:45.241+0000] {logging_mixin.py:190} INFO - [2026-05-28T09:00:45.240+0000] {dagbag.py:588} INFO - Filling up the DagBag from /home/airflow/.local/lib/python3.12/site-packages/airflow/example_dags/example_dataset_alias_with_no_taskflow.py
[2026-05-28T09:01:07.909+0000] {processor.py:925} INFO - DAG(s) 'dataset_alias_example_alias_producer_with_no_taskflow', 'dataset_s3_bucket_consumer_with_no_taskflow', 'dataset_s3_bucket_producer_with_no_taskflow', 'dataset_alias_example_alias_consumer_with_no_taskflow' retrieved from /home/airflow/.local/lib/python3.12/site-packages/airflow/example_dags/example_dataset_alias_with_no_taskflow.py
[2026-05-28T09:01:07.980+0000] {logging_mixin.py:190} INFO - [2026-05-28T09:01:07.978+0000] {dag.py:3239} INFO - Sync 4 DAGs
[2026-05-28T09:01:08.060+0000] {logging_mixin.py:190} INFO - [2026-05-28T09:01:08.058+0000] {dag.py:4180} INFO - Setting next_dagrun for dataset_alias_example_alias_consumer_with_no_taskflow to None, run_after=None
[2026-05-28T09:01:08.072+0000] {logging_mixin.py:190} INFO - [2026-05-28T09:01:08.072+0000] {dag.py:4180} INFO - Setting next_dagrun for dataset_alias_example_alias_producer_with_no_taskflow to None, run_after=None
[2026-05-28T09:01:08.078+0000] {logging_mixin.py:190} INFO - [2026-05-28T09:01:08.077+0000] {dag.py:4180} INFO - Setting next_dagrun for dataset_s3_bucket_consumer_with_no_taskflow to None, run_after=None
[2026-05-28T09:01:08.089+0000] {logging_mixin.py:190} INFO - [2026-05-28T09:01:08.083+0000] {dag.py:4180} INFO - Setting next_dagrun for dataset_s3_bucket_producer_with_no_taskflow to None, run_after=None
[2026-05-28T09:01:08.196+0000] {processor.py:208} INFO - Processing /home/airflow/.local/lib/python3.12/site-packages/airflow/example_dags/example_dataset_alias_with_no_taskflow.py took 22.984 seconds
[2026-05-28T09:01:59.679+0000] {processor.py:186} INFO - Started process (PID=7442) to work on /home/airflow/.local/lib/python3.12/site-packages/airflow/example_dags/example_dataset_alias_with_no_taskflow.py
[2026-05-28T09:01:59.682+0000] {processor.py:914} INFO - Processing file /home/airflow/.local/lib/python3.12/site-packages/airflow/example_dags/example_dataset_alias_with_no_taskflow.py for tasks to queue
[2026-05-28T09:01:59.685+0000] {logging_mixin.py:190} INFO - [2026-05-28T09:01:59.684+0000] {dagbag.py:588} INFO - Filling up the DagBag from /home/airflow/.local/lib/python3.12/site-packages/airflow/example_dags/example_dataset_alias_with_no_taskflow.py
[2026-05-28T09:02:22.461+0000] {processor.py:925} INFO - DAG(s) 'dataset_alias_example_alias_consumer_with_no_taskflow', 'dataset_s3_bucket_producer_with_no_taskflow', 'dataset_alias_example_alias_producer_with_no_taskflow', 'dataset_s3_bucket_consumer_with_no_taskflow' retrieved from /home/airflow/.local/lib/python3.12/site-packages/airflow/example_dags/example_dataset_alias_with_no_taskflow.py
[2026-05-28T09:02:22.520+0000] {logging_mixin.py:190} INFO - [2026-05-28T09:02:22.519+0000] {dag.py:3239} INFO - Sync 4 DAGs
[2026-05-28T09:02:22.571+0000] {logging_mixin.py:190} INFO - [2026-05-28T09:02:22.571+0000] {dag.py:4180} INFO - Setting next_dagrun for dataset_alias_example_alias_consumer_with_no_taskflow to None, run_after=None
[2026-05-28T09:02:22.578+0000] {logging_mixin.py:190} INFO - [2026-05-28T09:02:22.578+0000] {dag.py:4180} INFO - Setting next_dagrun for dataset_alias_example_alias_producer_with_no_taskflow to None, run_after=None
[2026-05-28T09:02:22.582+0000] {logging_mixin.py:190} INFO - [2026-05-28T09:02:22.582+0000] {dag.py:4180} INFO - Setting next_dagrun for dataset_s3_bucket_consumer_with_no_taskflow to None, run_after=None
[2026-05-28T09:02:22.586+0000] {logging_mixin.py:190} INFO - [2026-05-28T09:02:22.585+0000] {dag.py:4180} INFO - Setting next_dagrun for dataset_s3_bucket_producer_with_no_taskflow to None, run_after=None
[2026-05-28T09:02:22.652+0000] {processor.py:208} INFO - Processing /home/airflow/.local/lib/python3.12/site-packages/airflow/example_dags/example_dataset_alias_with_no_taskflow.py took 22.993 seconds
[2026-05-28T09:03:09.232+0000] {processor.py:186} INFO - Started process (PID=7527) to work on /home/airflow/.local/lib/python3.12/site-packages/airflow/example_dags/example_dataset_alias_with_no_taskflow.py
[2026-05-28T09:03:09.235+0000] {processor.py:914} INFO - Processing file /home/airflow/.local/lib/python3.12/site-packages/airflow/example_dags/example_dataset_alias_with_no_taskflow.py for tasks to queue
[2026-05-28T09:03:09.239+0000] {logging_mixin.py:190} INFO - [2026-05-28T09:03:09.238+0000] {dagbag.py:588} INFO - Filling up the DagBag from /home/airflow/.local/lib/python3.12/site-packages/airflow/example_dags/example_dataset_alias_with_no_taskflow.py
[2026-05-28T09:03:30.176+0000] {processor.py:925} INFO - DAG(s) 'dataset_s3_bucket_producer_with_no_taskflow', 'dataset_s3_bucket_consumer_with_no_taskflow', 'dataset_alias_example_alias_consumer_with_no_taskflow', 'dataset_alias_example_alias_producer_with_no_taskflow' retrieved from /home/airflow/.local/lib/python3.12/site-packages/airflow/example_dags/example_dataset_alias_with_no_taskflow.py
[2026-05-28T09:03:30.229+0000] {logging_mixin.py:190} INFO - [2026-05-28T09:03:30.228+0000] {dag.py:3239} INFO - Sync 4 DAGs
[2026-05-28T09:03:30.288+0000] {logging_mixin.py:190} INFO - [2026-05-28T09:03:30.287+0000] {dag.py:4180} INFO - Setting next_dagrun for dataset_alias_example_alias_consumer_with_no_taskflow to None, run_after=None
[2026-05-28T09:03:30.297+0000] {logging_mixin.py:190} INFO - [2026-05-28T09:03:30.297+0000] {dag.py:4180} INFO - Setting next_dagrun for dataset_alias_example_alias_producer_with_no_taskflow to None, run_after=None
[2026-05-28T09:03:30.305+0000] {logging_mixin.py:190} INFO - [2026-05-28T09:03:30.304+0000] {dag.py:4180} INFO - Setting next_dagrun for dataset_s3_bucket_consumer_with_no_taskflow to None, run_after=None
[2026-05-28T09:03:30.311+0000] {logging_mixin.py:190} INFO - [2026-05-28T09:03:30.310+0000] {dag.py:4180} INFO - Setting next_dagrun for dataset_s3_bucket_producer_with_no_taskflow to None, run_after=None
[2026-05-28T09:03:30.365+0000] {processor.py:208} INFO - Processing /home/airflow/.local/lib/python3.12/site-packages/airflow/example_dags/example_dataset_alias_with_no_taskflow.py took 21.148 seconds
[2026-05-28T09:04:03.619+0000] {processor.py:186} INFO - Started process (PID=7620) to work on /home/airflow/.local/lib/python3.12/site-packages/airflow/example_dags/example_dataset_alias_with_no_taskflow.py
[2026-05-28T09:04:03.622+0000] {processor.py:914} INFO - Processing file /home/airflow/.local/lib/python3.12/site-packages/airflow/example_dags/example_dataset_alias_with_no_taskflow.py for tasks to queue
[2026-05-28T09:04:03.626+0000] {logging_mixin.py:190} INFO - [2026-05-28T09:04:03.625+0000] {dagbag.py:588} INFO - Filling up the DagBag from /home/airflow/.local/lib/python3.12/site-packages/airflow/example_dags/example_dataset_alias_with_no_taskflow.py
[2026-05-28T09:04:24.950+0000] {processor.py:925} INFO - DAG(s) 'dataset_alias_example_alias_consumer_with_no_taskflow', 'dataset_s3_bucket_consumer_with_no_taskflow', 'dataset_s3_bucket_producer_with_no_taskflow', 'dataset_alias_example_alias_producer_with_no_taskflow' retrieved from /home/airflow/.local/lib/python3.12/site-packages/airflow/example_dags/example_dataset_alias_with_no_taskflow.py
[2026-05-28T09:04:25.000+0000] {logging_mixin.py:190} INFO - [2026-05-28T09:04:24.998+0000] {dag.py:3239} INFO - Sync 4 DAGs
[2026-05-28T09:04:25.048+0000] {logging_mixin.py:190} INFO - [2026-05-28T09:04:25.047+0000] {dag.py:4180} INFO - Setting next_dagrun for dataset_alias_example_alias_consumer_with_no_taskflow to None, run_after=None
[2026-05-28T09:04:25.054+0000] {logging_mixin.py:190} INFO - [2026-05-28T09:04:25.054+0000] {dag.py:4180} INFO - Setting next_dagrun for dataset_alias_example_alias_producer_with_no_taskflow to None, run_after=None
[2026-05-28T09:04:25.058+0000] {logging_mixin.py:190} INFO - [2026-05-28T09:04:25.057+0000] {dag.py:4180} INFO - Setting next_dagrun for dataset_s3_bucket_consumer_with_no_taskflow to None, run_after=None
[2026-05-28T09:04:25.061+0000] {logging_mixin.py:190} INFO - [2026-05-28T09:04:25.061+0000] {dag.py:4180} INFO - Setting next_dagrun for dataset_s3_bucket_producer_with_no_taskflow to None, run_after=None
[2026-05-28T09:04:25.117+0000] {processor.py:208} INFO - Processing /home/airflow/.local/lib/python3.12/site-packages/airflow/example_dags/example_dataset_alias_with_no_taskflow.py took 21.521 seconds
[2026-05-28T09:05:13.220+0000] {processor.py:186} INFO - Started process (PID=7711) to work on /home/airflow/.local/lib/python3.12/site-packages/airflow/example_dags/example_dataset_alias_with_no_taskflow.py
[2026-05-28T09:05:13.226+0000] {processor.py:914} INFO - Processing file /home/airflow/.local/lib/python3.12/site-packages/airflow/example_dags/example_dataset_alias_with_no_taskflow.py for tasks to queue
[2026-05-28T09:05:13.229+0000] {logging_mixin.py:190} INFO - [2026-05-28T09:05:13.229+0000] {dagbag.py:588} INFO - Filling up the DagBag from /home/airflow/.local/lib/python3.12/site-packages/airflow/example_dags/example_dataset_alias_with_no_taskflow.py
[2026-05-28T09:05:33.657+0000] {processor.py:925} INFO - DAG(s) 'dataset_s3_bucket_producer_with_no_taskflow', 'dataset_s3_bucket_consumer_with_no_taskflow', 'dataset_alias_example_alias_consumer_with_no_taskflow', 'dataset_alias_example_alias_producer_with_no_taskflow' retrieved from /home/airflow/.local/lib/python3.12/site-packages/airflow/example_dags/example_dataset_alias_with_no_taskflow.py
[2026-05-28T09:05:33.706+0000] {logging_mixin.py:190} INFO - [2026-05-28T09:05:33.705+0000] {dag.py:3239} INFO - Sync 4 DAGs
[2026-05-28T09:05:33.753+0000] {logging_mixin.py:190} INFO - [2026-05-28T09:05:33.753+0000] {dag.py:4180} INFO - Setting next_dagrun for dataset_alias_example_alias_consumer_with_no_taskflow to None, run_after=None
[2026-05-28T09:05:33.760+0000] {logging_mixin.py:190} INFO - [2026-05-28T09:05:33.760+0000] {dag.py:4180} INFO - Setting next_dagrun for dataset_alias_example_alias_producer_with_no_taskflow to None, run_after=None
[2026-05-28T09:05:33.764+0000] {logging_mixin.py:190} INFO - [2026-05-28T09:05:33.763+0000] {dag.py:4180} INFO - Setting next_dagrun for dataset_s3_bucket_consumer_with_no_taskflow to None, run_after=None
[2026-05-28T09:05:33.767+0000] {logging_mixin.py:190} INFO - [2026-05-28T09:05:33.767+0000] {dag.py:4180} INFO - Setting next_dagrun for dataset_s3_bucket_producer_with_no_taskflow to None, run_after=None
[2026-05-28T09:05:33.814+0000] {processor.py:208} INFO - Processing /home/airflow/.local/lib/python3.12/site-packages/airflow/example_dags/example_dataset_alias_with_no_taskflow.py took 20.612 seconds
[2026-05-28T09:06:08.944+0000] {processor.py:186} INFO - Started process (PID=7787) to work on /home/airflow/.local/lib/python3.12/site-packages/airflow/example_dags/example_dataset_alias_with_no_taskflow.py
[2026-05-28T09:06:08.947+0000] {processor.py:914} INFO - Processing file /home/airflow/.local/lib/python3.12/site-packages/airflow/example_dags/example_dataset_alias_with_no_taskflow.py for tasks to queue
[2026-05-28T09:06:08.951+0000] {logging_mixin.py:190} INFO - [2026-05-28T09:06:08.950+0000] {dagbag.py:588} INFO - Filling up the DagBag from /home/airflow/.local/lib/python3.12/site-packages/airflow/example_dags/example_dataset_alias_with_no_taskflow.py
[2026-05-28T09:06:31.030+0000] {processor.py:925} INFO - DAG(s) 'dataset_alias_example_alias_producer_with_no_taskflow', 'dataset_s3_bucket_producer_with_no_taskflow', 'dataset_alias_example_alias_consumer_with_no_taskflow', 'dataset_s3_bucket_consumer_with_no_taskflow' retrieved from /home/airflow/.local/lib/python3.12/site-packages/airflow/example_dags/example_dataset_alias_with_no_taskflow.py
[2026-05-28T09:06:31.091+0000] {logging_mixin.py:190} INFO - [2026-05-28T09:06:31.089+0000] {dag.py:3239} INFO - Sync 4 DAGs
[2026-05-28T09:06:31.140+0000] {logging_mixin.py:190} INFO - [2026-05-28T09:06:31.139+0000] {dag.py:4180} INFO - Setting next_dagrun for dataset_alias_example_alias_consumer_with_no_taskflow to None, run_after=None
[2026-05-28T09:06:31.146+0000] {logging_mixin.py:190} INFO - [2026-05-28T09:06:31.146+0000] {dag.py:4180} INFO - Setting next_dagrun for dataset_alias_example_alias_producer_with_no_taskflow to None, run_after=None
[2026-05-28T09:06:31.151+0000] {logging_mixin.py:190} INFO - [2026-05-28T09:06:31.150+0000] {dag.py:4180} INFO - Setting next_dagrun for dataset_s3_bucket_consumer_with_no_taskflow to None, run_after=None
[2026-05-28T09:06:31.155+0000] {logging_mixin.py:190} INFO - [2026-05-28T09:06:31.154+0000] {dag.py:4180} INFO - Setting next_dagrun for dataset_s3_bucket_producer_with_no_taskflow to None, run_after=None
[2026-05-28T09:06:31.205+0000] {processor.py:208} INFO - Processing /home/airflow/.local/lib/python3.12/site-packages/airflow/example_dags/example_dataset_alias_with_no_taskflow.py took 22.277 seconds
[2026-05-28T09:07:14.678+0000] {processor.py:186} INFO - Started process (PID=7881) to work on /home/airflow/.local/lib/python3.12/site-packages/airflow/example_dags/example_dataset_alias_with_no_taskflow.py
[2026-05-28T09:07:14.681+0000] {processor.py:914} INFO - Processing file /home/airflow/.local/lib/python3.12/site-packages/airflow/example_dags/example_dataset_alias_with_no_taskflow.py for tasks to queue
[2026-05-28T09:07:14.684+0000] {logging_mixin.py:190} INFO - [2026-05-28T09:07:14.683+0000] {dagbag.py:588} INFO - Filling up the DagBag from /home/airflow/.local/lib/python3.12/site-packages/airflow/example_dags/example_dataset_alias_with_no_taskflow.py
[2026-05-28T09:07:35.854+0000] {processor.py:925} INFO - DAG(s) 'dataset_alias_example_alias_producer_with_no_taskflow', 'dataset_alias_example_alias_consumer_with_no_taskflow', 'dataset_s3_bucket_consumer_with_no_taskflow', 'dataset_s3_bucket_producer_with_no_taskflow' retrieved from /home/airflow/.local/lib/python3.12/site-packages/airflow/example_dags/example_dataset_alias_with_no_taskflow.py
[2026-05-28T09:07:35.916+0000] {logging_mixin.py:190} INFO - [2026-05-28T09:07:35.914+0000] {dag.py:3239} INFO - Sync 4 DAGs
[2026-05-28T09:07:35.970+0000] {logging_mixin.py:190} INFO - [2026-05-28T09:07:35.969+0000] {dag.py:4180} INFO - Setting next_dagrun for dataset_alias_example_alias_consumer_with_no_taskflow to None, run_after=None
[2026-05-28T09:07:35.980+0000] {logging_mixin.py:190} INFO - [2026-05-28T09:07:35.979+0000] {dag.py:4180} INFO - Setting next_dagrun for dataset_alias_example_alias_producer_with_no_taskflow to None, run_after=None
[2026-05-28T09:07:35.985+0000] {logging_mixin.py:190} INFO - [2026-05-28T09:07:35.984+0000] {dag.py:4180} INFO - Setting next_dagrun for dataset_s3_bucket_consumer_with_no_taskflow to None, run_after=None
[2026-05-28T09:07:35.989+0000] {logging_mixin.py:190} INFO - [2026-05-28T09:07:35.988+0000] {dag.py:4180} INFO - Setting next_dagrun for dataset_s3_bucket_producer_with_no_taskflow to None, run_after=None
[2026-05-28T09:07:36.049+0000] {processor.py:208} INFO - Processing /home/airflow/.local/lib/python3.12/site-packages/airflow/example_dags/example_dataset_alias_with_no_taskflow.py took 21.389 seconds
[2026-05-28T09:08:06.327+0000] {processor.py:186} INFO - Started process (PID=7949) to work on /home/airflow/.local/lib/python3.12/site-packages/airflow/example_dags/example_dataset_alias_with_no_taskflow.py
[2026-05-28T09:08:06.330+0000] {processor.py:914} INFO - Processing file /home/airflow/.local/lib/python3.12/site-packages/airflow/example_dags/example_dataset_alias_with_no_taskflow.py for tasks to queue
[2026-05-28T09:08:06.334+0000] {logging_mixin.py:190} INFO - [2026-05-28T09:08:06.333+0000] {dagbag.py:588} INFO - Filling up the DagBag from /home/airflow/.local/lib/python3.12/site-packages/airflow/example_dags/example_dataset_alias_with_no_taskflow.py
[2026-05-28T09:08:28.707+0000] {processor.py:925} INFO - DAG(s) 'dataset_s3_bucket_producer_with_no_taskflow', 'dataset_s3_bucket_consumer_with_no_taskflow', 'dataset_alias_example_alias_producer_with_no_taskflow', 'dataset_alias_example_alias_consumer_with_no_taskflow' retrieved from /home/airflow/.local/lib/python3.12/site-packages/airflow/example_dags/example_dataset_alias_with_no_taskflow.py
[2026-05-28T09:08:28.812+0000] {logging_mixin.py:190} INFO - [2026-05-28T09:08:28.810+0000] {dag.py:3239} INFO - Sync 4 DAGs
[2026-05-28T09:08:28.932+0000] {logging_mixin.py:190} INFO - [2026-05-28T09:08:28.929+0000] {dag.py:4180} INFO - Setting next_dagrun for dataset_alias_example_alias_consumer_with_no_taskflow to None, run_after=None
[2026-05-28T09:08:28.948+0000] {logging_mixin.py:190} INFO - [2026-05-28T09:08:28.947+0000] {dag.py:4180} INFO - Setting next_dagrun for dataset_alias_example_alias_producer_with_no_taskflow to None, run_after=None
[2026-05-28T09:08:28.959+0000] {logging_mixin.py:190} INFO - [2026-05-28T09:08:28.958+0000] {dag.py:4180} INFO - Setting next_dagrun for dataset_s3_bucket_consumer_with_no_taskflow to None, run_after=None
[2026-05-28T09:08:28.964+0000] {logging_mixin.py:190} INFO - [2026-05-28T09:08:28.964+0000] {dag.py:4180} INFO - Setting next_dagrun for dataset_s3_bucket_producer_with_no_taskflow to None, run_after=None
[2026-05-28T09:08:29.049+0000] {processor.py:208} INFO - Processing /home/airflow/.local/lib/python3.12/site-packages/airflow/example_dags/example_dataset_alias_with_no_taskflow.py took 22.741 seconds
[2026-05-28T09:09:04.115+0000] {processor.py:186} INFO - Started process (PID=8021) to work on /home/airflow/.local/lib/python3.12/site-packages/airflow/example_dags/example_dataset_alias_with_no_taskflow.py
[2026-05-28T09:09:04.118+0000] {processor.py:914} INFO - Processing file /home/airflow/.local/lib/python3.12/site-packages/airflow/example_dags/example_dataset_alias_with_no_taskflow.py for tasks to queue
[2026-05-28T09:09:04.123+0000] {logging_mixin.py:190} INFO - [2026-05-28T09:09:04.121+0000] {dagbag.py:588} INFO - Filling up the DagBag from /home/airflow/.local/lib/python3.12/site-packages/airflow/example_dags/example_dataset_alias_with_no_taskflow.py
[2026-05-28T09:09:24.987+0000] {processor.py:925} INFO - DAG(s) 'dataset_alias_example_alias_consumer_with_no_taskflow', 'dataset_alias_example_alias_producer_with_no_taskflow', 'dataset_s3_bucket_consumer_with_no_taskflow', 'dataset_s3_bucket_producer_with_no_taskflow' retrieved from /home/airflow/.local/lib/python3.12/site-packages/airflow/example_dags/example_dataset_alias_with_no_taskflow.py
[2026-05-28T09:09:25.038+0000] {logging_mixin.py:190} INFO - [2026-05-28T09:09:25.037+0000] {dag.py:3239} INFO - Sync 4 DAGs
[2026-05-28T09:09:25.085+0000] {logging_mixin.py:190} INFO - [2026-05-28T09:09:25.085+0000] {dag.py:4180} INFO - Setting next_dagrun for dataset_alias_example_alias_consumer_with_no_taskflow to None, run_after=None
[2026-05-28T09:09:25.092+0000] {logging_mixin.py:190} INFO - [2026-05-28T09:09:25.092+0000] {dag.py:4180} INFO - Setting next_dagrun for dataset_alias_example_alias_producer_with_no_taskflow to None, run_after=None
[2026-05-28T09:09:25.096+0000] {logging_mixin.py:190} INFO - [2026-05-28T09:09:25.096+0000] {dag.py:4180} INFO - Setting next_dagrun for dataset_s3_bucket_consumer_with_no_taskflow to None, run_after=None
[2026-05-28T09:09:25.100+0000] {logging_mixin.py:190} INFO - [2026-05-28T09:09:25.100+0000] {dag.py:4180} INFO - Setting next_dagrun for dataset_s3_bucket_producer_with_no_taskflow to None, run_after=None
[2026-05-28T09:09:25.153+0000] {processor.py:208} INFO - Processing /home/airflow/.local/lib/python3.12/site-packages/airflow/example_dags/example_dataset_alias_with_no_taskflow.py took 21.058 seconds
[2026-05-28T09:10:10.937+0000] {processor.py:186} INFO - Started process (PID=8118) to work on /home/airflow/.local/lib/python3.12/site-packages/airflow/example_dags/example_dataset_alias_with_no_taskflow.py
[2026-05-28T09:10:10.948+0000] {processor.py:914} INFO - Processing file /home/airflow/.local/lib/python3.12/site-packages/airflow/example_dags/example_dataset_alias_with_no_taskflow.py for tasks to queue
[2026-05-28T09:10:10.953+0000] {logging_mixin.py:190} INFO - [2026-05-28T09:10:10.952+0000] {dagbag.py:588} INFO - Filling up the DagBag from /home/airflow/.local/lib/python3.12/site-packages/airflow/example_dags/example_dataset_alias_with_no_taskflow.py
[2026-05-28T09:10:30.061+0000] {processor.py:925} INFO - DAG(s) 'dataset_s3_bucket_consumer_with_no_taskflow', 'dataset_alias_example_alias_consumer_with_no_taskflow', 'dataset_s3_bucket_producer_with_no_taskflow', 'dataset_alias_example_alias_producer_with_no_taskflow' retrieved from /home/airflow/.local/lib/python3.12/site-packages/airflow/example_dags/example_dataset_alias_with_no_taskflow.py
[2026-05-28T09:10:30.109+0000] {logging_mixin.py:190} INFO - [2026-05-28T09:10:30.108+0000] {dag.py:3239} INFO - Sync 4 DAGs
[2026-05-28T09:10:30.149+0000] {logging_mixin.py:190} INFO - [2026-05-28T09:10:30.149+0000] {dag.py:4180} INFO - Setting next_dagrun for dataset_alias_example_alias_consumer_with_no_taskflow to None, run_after=None
[2026-05-28T09:10:30.156+0000] {logging_mixin.py:190} INFO - [2026-05-28T09:10:30.156+0000] {dag.py:4180} INFO - Setting next_dagrun for dataset_alias_example_alias_producer_with_no_taskflow to None, run_after=None
[2026-05-28T09:10:30.160+0000] {logging_mixin.py:190} INFO - [2026-05-28T09:10:30.160+0000] {dag.py:4180} INFO - Setting next_dagrun for dataset_s3_bucket_consumer_with_no_taskflow to None, run_after=None
[2026-05-28T09:10:30.164+0000] {logging_mixin.py:190} INFO - [2026-05-28T09:10:30.164+0000] {dag.py:4180} INFO - Setting next_dagrun for dataset_s3_bucket_producer_with_no_taskflow to None, run_after=None
[2026-05-28T09:10:30.216+0000] {processor.py:208} INFO - Processing /home/airflow/.local/lib/python3.12/site-packages/airflow/example_dags/example_dataset_alias_with_no_taskflow.py took 19.306 seconds
[2026-05-28T09:11:00.593+0000] {processor.py:186} INFO - Started process (PID=8195) to work on /home/airflow/.local/lib/python3.12/site-packages/airflow/example_dags/example_dataset_alias_with_no_taskflow.py
[2026-05-28T09:11:00.596+0000] {processor.py:914} INFO - Processing file /home/airflow/.local/lib/python3.12/site-packages/airflow/example_dags/example_dataset_alias_with_no_taskflow.py for tasks to queue
[2026-05-28T09:11:00.601+0000] {logging_mixin.py:190} INFO - [2026-05-28T09:11:00.600+0000] {dagbag.py:588} INFO - Filling up the DagBag from /home/airflow/.local/lib/python3.12/site-packages/airflow/example_dags/example_dataset_alias_with_no_taskflow.py
[2026-05-28T09:11:23.716+0000] {processor.py:925} INFO - DAG(s) 'dataset_alias_example_alias_producer_with_no_taskflow', 'dataset_s3_bucket_producer_with_no_taskflow', 'dataset_alias_example_alias_consumer_with_no_taskflow', 'dataset_s3_bucket_consumer_with_no_taskflow' retrieved from /home/airflow/.local/lib/python3.12/site-packages/airflow/example_dags/example_dataset_alias_with_no_taskflow.py
[2026-05-28T09:11:23.764+0000] {logging_mixin.py:190} INFO - [2026-05-28T09:11:23.763+0000] {dag.py:3239} INFO - Sync 4 DAGs
[2026-05-28T09:11:23.811+0000] {logging_mixin.py:190} INFO - [2026-05-28T09:11:23.811+0000] {dag.py:4180} INFO - Setting next_dagrun for dataset_alias_example_alias_consumer_with_no_taskflow to None, run_after=None
[2026-05-28T09:11:23.818+0000] {logging_mixin.py:190} INFO - [2026-05-28T09:11:23.818+0000] {dag.py:4180} INFO - Setting next_dagrun for dataset_alias_example_alias_producer_with_no_taskflow to None, run_after=None
[2026-05-28T09:11:23.822+0000] {logging_mixin.py:190} INFO - [2026-05-28T09:11:23.822+0000] {dag.py:4180} INFO - Setting next_dagrun for dataset_s3_bucket_consumer_with_no_taskflow to None, run_after=None
[2026-05-28T09:11:23.826+0000] {logging_mixin.py:190} INFO - [2026-05-28T09:11:23.825+0000] {dag.py:4180} INFO - Setting next_dagrun for dataset_s3_bucket_producer_with_no_taskflow to None, run_after=None
[2026-05-28T09:11:23.876+0000] {processor.py:208} INFO - Processing /home/airflow/.local/lib/python3.12/site-packages/airflow/example_dags/example_dataset_alias_with_no_taskflow.py took 23.306 seconds
[2026-05-28T09:12:05.552+0000] {processor.py:186} INFO - Started process (PID=8289) to work on /home/airflow/.local/lib/python3.12/site-packages/airflow/example_dags/example_dataset_alias_with_no_taskflow.py
[2026-05-28T09:12:05.556+0000] {processor.py:914} INFO - Processing file /home/airflow/.local/lib/python3.12/site-packages/airflow/example_dags/example_dataset_alias_with_no_taskflow.py for tasks to queue
[2026-05-28T09:12:05.563+0000] {logging_mixin.py:190} INFO - [2026-05-28T09:12:05.562+0000] {dagbag.py:588} INFO - Filling up the DagBag from /home/airflow/.local/lib/python3.12/site-packages/airflow/example_dags/example_dataset_alias_with_no_taskflow.py
[2026-05-28T09:12:22.540+0000] {processor.py:925} INFO - DAG(s) 'dataset_s3_bucket_producer_with_no_taskflow', 'dataset_s3_bucket_consumer_with_no_taskflow', 'dataset_alias_example_alias_consumer_with_no_taskflow', 'dataset_alias_example_alias_producer_with_no_taskflow' retrieved from /home/airflow/.local/lib/python3.12/site-packages/airflow/example_dags/example_dataset_alias_with_no_taskflow.py
[2026-05-28T09:12:22.588+0000] {logging_mixin.py:190} INFO - [2026-05-28T09:12:22.586+0000] {dag.py:3239} INFO - Sync 4 DAGs
[2026-05-28T09:12:22.642+0000] {logging_mixin.py:190} INFO - [2026-05-28T09:12:22.641+0000] {dag.py:4180} INFO - Setting next_dagrun for dataset_alias_example_alias_consumer_with_no_taskflow to None, run_after=None
[2026-05-28T09:12:22.650+0000] {logging_mixin.py:190} INFO - [2026-05-28T09:12:22.650+0000] {dag.py:4180} INFO - Setting next_dagrun for dataset_alias_example_alias_producer_with_no_taskflow to None, run_after=None
[2026-05-28T09:12:22.655+0000] {logging_mixin.py:190} INFO - [2026-05-28T09:12:22.654+0000] {dag.py:4180} INFO - Setting next_dagrun for dataset_s3_bucket_consumer_with_no_taskflow to None, run_after=None
[2026-05-28T09:12:22.658+0000] {logging_mixin.py:190} INFO - [2026-05-28T09:12:22.658+0000] {dag.py:4180} INFO - Setting next_dagrun for dataset_s3_bucket_producer_with_no_taskflow to None, run_after=None
[2026-05-28T09:12:22.714+0000] {processor.py:208} INFO - Processing /home/airflow/.local/lib/python3.12/site-packages/airflow/example_dags/example_dataset_alias_with_no_taskflow.py took 17.181 seconds
[2026-05-28T09:13:08.949+0000] {processor.py:186} INFO - Started process (PID=8382) to work on /home/airflow/.local/lib/python3.12/site-packages/airflow/example_dags/example_dataset_alias_with_no_taskflow.py
[2026-05-28T09:13:08.954+0000] {processor.py:914} INFO - Processing file /home/airflow/.local/lib/python3.12/site-packages/airflow/example_dags/example_dataset_alias_with_no_taskflow.py for tasks to queue
[2026-05-28T09:13:08.959+0000] {logging_mixin.py:190} INFO - [2026-05-28T09:13:08.958+0000] {dagbag.py:588} INFO - Filling up the DagBag from /home/airflow/.local/lib/python3.12/site-packages/airflow/example_dags/example_dataset_alias_with_no_taskflow.py
[2026-05-28T09:13:27.068+0000] {processor.py:925} INFO - DAG(s) 'dataset_alias_example_alias_consumer_with_no_taskflow', 'dataset_s3_bucket_producer_with_no_taskflow', 'dataset_alias_example_alias_producer_with_no_taskflow', 'dataset_s3_bucket_consumer_with_no_taskflow' retrieved from /home/airflow/.local/lib/python3.12/site-packages/airflow/example_dags/example_dataset_alias_with_no_taskflow.py
[2026-05-28T09:13:27.124+0000] {logging_mixin.py:190} INFO - [2026-05-28T09:13:27.123+0000] {dag.py:3239} INFO - Sync 4 DAGs
[2026-05-28T09:13:27.177+0000] {logging_mixin.py:190} INFO - [2026-05-28T09:13:27.176+0000] {dag.py:4180} INFO - Setting next_dagrun for dataset_alias_example_alias_consumer_with_no_taskflow to None, run_after=None
[2026-05-28T09:13:27.186+0000] {logging_mixin.py:190} INFO - [2026-05-28T09:13:27.186+0000] {dag.py:4180} INFO - Setting next_dagrun for dataset_alias_example_alias_producer_with_no_taskflow to None, run_after=None
[2026-05-28T09:13:27.191+0000] {logging_mixin.py:190} INFO - [2026-05-28T09:13:27.190+0000] {dag.py:4180} INFO - Setting next_dagrun for dataset_s3_bucket_consumer_with_no_taskflow to None, run_after=None
[2026-05-28T09:13:27.196+0000] {logging_mixin.py:190} INFO - [2026-05-28T09:13:27.195+0000] {dag.py:4180} INFO - Setting next_dagrun for dataset_s3_bucket_producer_with_no_taskflow to None, run_after=None
[2026-05-28T09:13:27.289+0000] {processor.py:208} INFO - Processing /home/airflow/.local/lib/python3.12/site-packages/airflow/example_dags/example_dataset_alias_with_no_taskflow.py took 18.366 seconds
[2026-05-28T09:14:01.916+0000] {processor.py:186} INFO - Started process (PID=8443) to work on /home/airflow/.local/lib/python3.12/site-packages/airflow/example_dags/example_dataset_alias_with_no_taskflow.py
[2026-05-28T09:14:01.920+0000] {processor.py:914} INFO - Processing file /home/airflow/.local/lib/python3.12/site-packages/airflow/example_dags/example_dataset_alias_with_no_taskflow.py for tasks to queue
[2026-05-28T09:14:01.925+0000] {logging_mixin.py:190} INFO - [2026-05-28T09:14:01.923+0000] {dagbag.py:588} INFO - Filling up the DagBag from /home/airflow/.local/lib/python3.12/site-packages/airflow/example_dags/example_dataset_alias_with_no_taskflow.py
[2026-05-28T09:14:25.730+0000] {processor.py:925} INFO - DAG(s) 'dataset_s3_bucket_producer_with_no_taskflow', 'dataset_alias_example_alias_consumer_with_no_taskflow', 'dataset_s3_bucket_consumer_with_no_taskflow', 'dataset_alias_example_alias_producer_with_no_taskflow' retrieved from /home/airflow/.local/lib/python3.12/site-packages/airflow/example_dags/example_dataset_alias_with_no_taskflow.py
[2026-05-28T09:14:25.816+0000] {logging_mixin.py:190} INFO - [2026-05-28T09:14:25.811+0000] {dag.py:3239} INFO - Sync 4 DAGs
[2026-05-28T09:14:25.905+0000] {logging_mixin.py:190} INFO - [2026-05-28T09:14:25.904+0000] {dag.py:4180} INFO - Setting next_dagrun for dataset_alias_example_alias_consumer_with_no_taskflow to None, run_after=None
[2026-05-28T09:14:25.919+0000] {logging_mixin.py:190} INFO - [2026-05-28T09:14:25.918+0000] {dag.py:4180} INFO - Setting next_dagrun for dataset_alias_example_alias_producer_with_no_taskflow to None, run_after=None
[2026-05-28T09:14:25.926+0000] {logging_mixin.py:190} INFO - [2026-05-28T09:14:25.925+0000] {dag.py:4180} INFO - Setting next_dagrun for dataset_s3_bucket_consumer_with_no_taskflow to None, run_after=None
[2026-05-28T09:14:25.932+0000] {logging_mixin.py:190} INFO - [2026-05-28T09:14:25.932+0000] {dag.py:4180} INFO - Setting next_dagrun for dataset_s3_bucket_producer_with_no_taskflow to None, run_after=None
[2026-05-28T09:14:26.043+0000] {processor.py:208} INFO - Processing /home/airflow/.local/lib/python3.12/site-packages/airflow/example_dags/example_dataset_alias_with_no_taskflow.py took 24.154 seconds
[2026-05-28T09:15:04.980+0000] {processor.py:186} INFO - Started process (PID=8512) to work on /home/airflow/.local/lib/python3.12/site-packages/airflow/example_dags/example_dataset_alias_with_no_taskflow.py
[2026-05-28T09:15:04.983+0000] {processor.py:914} INFO - Processing file /home/airflow/.local/lib/python3.12/site-packages/airflow/example_dags/example_dataset_alias_with_no_taskflow.py for tasks to queue
[2026-05-28T09:15:04.987+0000] {logging_mixin.py:190} INFO - [2026-05-28T09:15:04.986+0000] {dagbag.py:588} INFO - Filling up the DagBag from /home/airflow/.local/lib/python3.12/site-packages/airflow/example_dags/example_dataset_alias_with_no_taskflow.py
[2026-05-28T09:15:30.381+0000] {processor.py:925} INFO - DAG(s) 'dataset_s3_bucket_consumer_with_no_taskflow', 'dataset_alias_example_alias_consumer_with_no_taskflow', 'dataset_s3_bucket_producer_with_no_taskflow', 'dataset_alias_example_alias_producer_with_no_taskflow' retrieved from /home/airflow/.local/lib/python3.12/site-packages/airflow/example_dags/example_dataset_alias_with_no_taskflow.py
[2026-05-28T09:15:30.430+0000] {logging_mixin.py:190} INFO - [2026-05-28T09:15:30.428+0000] {dag.py:3239} INFO - Sync 4 DAGs
[2026-05-28T09:15:30.480+0000] {logging_mixin.py:190} INFO - [2026-05-28T09:15:30.480+0000] {dag.py:4180} INFO - Setting next_dagrun for dataset_alias_example_alias_consumer_with_no_taskflow to None, run_after=None
[2026-05-28T09:15:30.489+0000] {logging_mixin.py:190} INFO - [2026-05-28T09:15:30.488+0000] {dag.py:4180} INFO - Setting next_dagrun for dataset_alias_example_alias_producer_with_no_taskflow to None, run_after=None
[2026-05-28T09:15:30.494+0000] {logging_mixin.py:190} INFO - [2026-05-28T09:15:30.493+0000] {dag.py:4180} INFO - Setting next_dagrun for dataset_s3_bucket_consumer_with_no_taskflow to None, run_after=None
[2026-05-28T09:15:30.498+0000] {logging_mixin.py:190} INFO - [2026-05-28T09:15:30.497+0000] {dag.py:4180} INFO - Setting next_dagrun for dataset_s3_bucket_producer_with_no_taskflow to None, run_after=None
[2026-05-28T09:15:30.549+0000] {processor.py:208} INFO - Processing /home/airflow/.local/lib/python3.12/site-packages/airflow/example_dags/example_dataset_alias_with_no_taskflow.py took 25.589 seconds
[2026-05-28T09:16:23.608+0000] {processor.py:186} INFO - Started process (PID=8608) to work on /home/airflow/.local/lib/python3.12/site-packages/airflow/example_dags/example_dataset_alias_with_no_taskflow.py
[2026-05-28T09:16:23.613+0000] {processor.py:914} INFO - Processing file /home/airflow/.local/lib/python3.12/site-packages/airflow/example_dags/example_dataset_alias_with_no_taskflow.py for tasks to queue
[2026-05-28T09:16:23.626+0000] {logging_mixin.py:190} INFO - [2026-05-28T09:16:23.625+0000] {dagbag.py:588} INFO - Filling up the DagBag from /home/airflow/.local/lib/python3.12/site-packages/airflow/example_dags/example_dataset_alias_with_no_taskflow.py
[2026-05-28T09:16:47.698+0000] {processor.py:925} INFO - DAG(s) 'dataset_s3_bucket_producer_with_no_taskflow', 'dataset_alias_example_alias_consumer_with_no_taskflow', 'dataset_s3_bucket_consumer_with_no_taskflow', 'dataset_alias_example_alias_producer_with_no_taskflow' retrieved from /home/airflow/.local/lib/python3.12/site-packages/airflow/example_dags/example_dataset_alias_with_no_taskflow.py
[2026-05-28T09:16:47.776+0000] {logging_mixin.py:190} INFO - [2026-05-28T09:16:47.773+0000] {dag.py:3239} INFO - Sync 4 DAGs
[2026-05-28T09:16:47.868+0000] {logging_mixin.py:190} INFO - [2026-05-28T09:16:47.868+0000] {dag.py:4180} INFO - Setting next_dagrun for dataset_alias_example_alias_consumer_with_no_taskflow to None, run_after=None
[2026-05-28T09:16:47.877+0000] {logging_mixin.py:190} INFO - [2026-05-28T09:16:47.876+0000] {dag.py:4180} INFO - Setting next_dagrun for dataset_alias_example_alias_producer_with_no_taskflow to None, run_after=None
[2026-05-28T09:16:47.885+0000] {logging_mixin.py:190} INFO - [2026-05-28T09:16:47.884+0000] {dag.py:4180} INFO - Setting next_dagrun for dataset_s3_bucket_consumer_with_no_taskflow to None, run_after=None
[2026-05-28T09:16:47.890+0000] {logging_mixin.py:190} INFO - [2026-05-28T09:16:47.889+0000] {dag.py:4180} INFO - Setting next_dagrun for dataset_s3_bucket_producer_with_no_taskflow to None, run_after=None
[2026-05-28T09:16:47.979+0000] {processor.py:208} INFO - Processing /home/airflow/.local/lib/python3.12/site-packages/airflow/example_dags/example_dataset_alias_with_no_taskflow.py took 24.411 seconds
[2026-05-28T09:17:37.277+0000] {processor.py:186} INFO - Started process (PID=8694) to work on /home/airflow/.local/lib/python3.12/site-packages/airflow/example_dags/example_dataset_alias_with_no_taskflow.py
[2026-05-28T09:17:37.280+0000] {processor.py:914} INFO - Processing file /home/airflow/.local/lib/python3.12/site-packages/airflow/example_dags/example_dataset_alias_with_no_taskflow.py for tasks to queue
[2026-05-28T09:17:37.283+0000] {logging_mixin.py:190} INFO - [2026-05-28T09:17:37.283+0000] {dagbag.py:588} INFO - Filling up the DagBag from /home/airflow/.local/lib/python3.12/site-packages/airflow/example_dags/example_dataset_alias_with_no_taskflow.py
[2026-05-28T09:18:02.367+0000] {processor.py:925} INFO - DAG(s) 'dataset_alias_example_alias_consumer_with_no_taskflow', 'dataset_s3_bucket_producer_with_no_taskflow', 'dataset_s3_bucket_consumer_with_no_taskflow', 'dataset_alias_example_alias_producer_with_no_taskflow' retrieved from /home/airflow/.local/lib/python3.12/site-packages/airflow/example_dags/example_dataset_alias_with_no_taskflow.py
[2026-05-28T09:18:02.447+0000] {logging_mixin.py:190} INFO - [2026-05-28T09:18:02.446+0000] {dag.py:3239} INFO - Sync 4 DAGs
[2026-05-28T09:18:02.508+0000] {logging_mixin.py:190} INFO - [2026-05-28T09:18:02.508+0000] {dag.py:4180} INFO - Setting next_dagrun for dataset_alias_example_alias_consumer_with_no_taskflow to None, run_after=None
[2026-05-28T09:18:02.516+0000] {logging_mixin.py:190} INFO - [2026-05-28T09:18:02.516+0000] {dag.py:4180} INFO - Setting next_dagrun for dataset_alias_example_alias_producer_with_no_taskflow to None, run_after=None
[2026-05-28T09:18:02.521+0000] {logging_mixin.py:190} INFO - [2026-05-28T09:18:02.521+0000] {dag.py:4180} INFO - Setting next_dagrun for dataset_s3_bucket_consumer_with_no_taskflow to None, run_after=None
[2026-05-28T09:18:02.525+0000] {logging_mixin.py:190} INFO - [2026-05-28T09:18:02.525+0000] {dag.py:4180} INFO - Setting next_dagrun for dataset_s3_bucket_producer_with_no_taskflow to None, run_after=None
[2026-05-28T09:18:02.581+0000] {processor.py:208} INFO - Processing /home/airflow/.local/lib/python3.12/site-packages/airflow/example_dags/example_dataset_alias_with_no_taskflow.py took 25.322 seconds
[2026-05-28T09:18:45.775+0000] {processor.py:186} INFO - Started process (PID=8784) to work on /home/airflow/.local/lib/python3.12/site-packages/airflow/example_dags/example_dataset_alias_with_no_taskflow.py
[2026-05-28T09:18:45.778+0000] {processor.py:914} INFO - Processing file /home/airflow/.local/lib/python3.12/site-packages/airflow/example_dags/example_dataset_alias_with_no_taskflow.py for tasks to queue
[2026-05-28T09:18:45.784+0000] {logging_mixin.py:190} INFO - [2026-05-28T09:18:45.783+0000] {dagbag.py:588} INFO - Filling up the DagBag from /home/airflow/.local/lib/python3.12/site-packages/airflow/example_dags/example_dataset_alias_with_no_taskflow.py
[2026-05-28T09:19:09.035+0000] {processor.py:925} INFO - DAG(s) 'dataset_alias_example_alias_producer_with_no_taskflow', 'dataset_alias_example_alias_consumer_with_no_taskflow', 'dataset_s3_bucket_producer_with_no_taskflow', 'dataset_s3_bucket_consumer_with_no_taskflow' retrieved from /home/airflow/.local/lib/python3.12/site-packages/airflow/example_dags/example_dataset_alias_with_no_taskflow.py
[2026-05-28T09:19:09.123+0000] {logging_mixin.py:190} INFO - [2026-05-28T09:19:09.121+0000] {dag.py:3239} INFO - Sync 4 DAGs
[2026-05-28T09:19:09.219+0000] {logging_mixin.py:190} INFO - [2026-05-28T09:19:09.219+0000] {dag.py:4180} INFO - Setting next_dagrun for dataset_alias_example_alias_consumer_with_no_taskflow to None, run_after=None
[2026-05-28T09:19:09.231+0000] {logging_mixin.py:190} INFO - [2026-05-28T09:19:09.230+0000] {dag.py:4180} INFO - Setting next_dagrun for dataset_alias_example_alias_producer_with_no_taskflow to None, run_after=None
[2026-05-28T09:19:09.237+0000] {logging_mixin.py:190} INFO - [2026-05-28T09:19:09.236+0000] {dag.py:4180} INFO - Setting next_dagrun for dataset_s3_bucket_consumer_with_no_taskflow to None, run_after=None
[2026-05-28T09:19:09.244+0000] {logging_mixin.py:190} INFO - [2026-05-28T09:19:09.243+0000] {dag.py:4180} INFO - Setting next_dagrun for dataset_s3_bucket_producer_with_no_taskflow to None, run_after=None
[2026-05-28T09:19:09.365+0000] {processor.py:208} INFO - Processing /home/airflow/.local/lib/python3.12/site-packages/airflow/example_dags/example_dataset_alias_with_no_taskflow.py took 23.614 seconds
[2026-05-28T09:19:43.758+0000] {processor.py:186} INFO - Started process (PID=8857) to work on /home/airflow/.local/lib/python3.12/site-packages/airflow/example_dags/example_dataset_alias_with_no_taskflow.py
[2026-05-28T09:19:43.761+0000] {processor.py:914} INFO - Processing file /home/airflow/.local/lib/python3.12/site-packages/airflow/example_dags/example_dataset_alias_with_no_taskflow.py for tasks to queue
[2026-05-28T09:19:43.765+0000] {logging_mixin.py:190} INFO - [2026-05-28T09:19:43.764+0000] {dagbag.py:588} INFO - Filling up the DagBag from /home/airflow/.local/lib/python3.12/site-packages/airflow/example_dags/example_dataset_alias_with_no_taskflow.py
[2026-05-28T09:20:03.254+0000] {processor.py:925} INFO - DAG(s) 'dataset_alias_example_alias_consumer_with_no_taskflow', 'dataset_alias_example_alias_producer_with_no_taskflow', 'dataset_s3_bucket_consumer_with_no_taskflow', 'dataset_s3_bucket_producer_with_no_taskflow' retrieved from /home/airflow/.local/lib/python3.12/site-packages/airflow/example_dags/example_dataset_alias_with_no_taskflow.py
[2026-05-28T09:20:03.304+0000] {logging_mixin.py:190} INFO - [2026-05-28T09:20:03.303+0000] {dag.py:3239} INFO - Sync 4 DAGs
[2026-05-28T09:20:03.352+0000] {logging_mixin.py:190} INFO - [2026-05-28T09:20:03.351+0000] {dag.py:4180} INFO - Setting next_dagrun for dataset_alias_example_alias_consumer_with_no_taskflow to None, run_after=None
[2026-05-28T09:20:03.359+0000] {logging_mixin.py:190} INFO - [2026-05-28T09:20:03.358+0000] {dag.py:4180} INFO - Setting next_dagrun for dataset_alias_example_alias_producer_with_no_taskflow to None, run_after=None
[2026-05-28T09:20:03.362+0000] {logging_mixin.py:190} INFO - [2026-05-28T09:20:03.362+0000] {dag.py:4180} INFO - Setting next_dagrun for dataset_s3_bucket_consumer_with_no_taskflow to None, run_after=None
[2026-05-28T09:20:03.366+0000] {logging_mixin.py:190} INFO - [2026-05-28T09:20:03.365+0000] {dag.py:4180} INFO - Setting next_dagrun for dataset_s3_bucket_producer_with_no_taskflow to None, run_after=None
[2026-05-28T09:20:03.417+0000] {processor.py:208} INFO - Processing /home/airflow/.local/lib/python3.12/site-packages/airflow/example_dags/example_dataset_alias_with_no_taskflow.py took 19.676 seconds
[2026-05-28T09:20:43.315+0000] {processor.py:186} INFO - Started process (PID=8942) to work on /home/airflow/.local/lib/python3.12/site-packages/airflow/example_dags/example_dataset_alias_with_no_taskflow.py
[2026-05-28T09:20:43.318+0000] {processor.py:914} INFO - Processing file /home/airflow/.local/lib/python3.12/site-packages/airflow/example_dags/example_dataset_alias_with_no_taskflow.py for tasks to queue
[2026-05-28T09:20:43.323+0000] {logging_mixin.py:190} INFO - [2026-05-28T09:20:43.321+0000] {dagbag.py:588} INFO - Filling up the DagBag from /home/airflow/.local/lib/python3.12/site-packages/airflow/example_dags/example_dataset_alias_with_no_taskflow.py
[2026-05-28T09:21:04.842+0000] {processor.py:925} INFO - DAG(s) 'dataset_alias_example_alias_consumer_with_no_taskflow', 'dataset_s3_bucket_producer_with_no_taskflow', 'dataset_alias_example_alias_producer_with_no_taskflow', 'dataset_s3_bucket_consumer_with_no_taskflow' retrieved from /home/airflow/.local/lib/python3.12/site-packages/airflow/example_dags/example_dataset_alias_with_no_taskflow.py
[2026-05-28T09:21:04.917+0000] {logging_mixin.py:190} INFO - [2026-05-28T09:21:04.916+0000] {dag.py:3239} INFO - Sync 4 DAGs
[2026-05-28T09:21:05.007+0000] {logging_mixin.py:190} INFO - [2026-05-28T09:21:05.006+0000] {dag.py:4180} INFO - Setting next_dagrun for dataset_alias_example_alias_consumer_with_no_taskflow to None, run_after=None
[2026-05-28T09:21:05.015+0000] {logging_mixin.py:190} INFO - [2026-05-28T09:21:05.014+0000] {dag.py:4180} INFO - Setting next_dagrun for dataset_alias_example_alias_producer_with_no_taskflow to None, run_after=None
[2026-05-28T09:21:05.018+0000] {logging_mixin.py:190} INFO - [2026-05-28T09:21:05.018+0000] {dag.py:4180} INFO - Setting next_dagrun for dataset_s3_bucket_consumer_with_no_taskflow to None, run_after=None
[2026-05-28T09:21:05.022+0000] {logging_mixin.py:190} INFO - [2026-05-28T09:21:05.021+0000] {dag.py:4180} INFO - Setting next_dagrun for dataset_s3_bucket_producer_with_no_taskflow to None, run_after=None
[2026-05-28T09:21:05.070+0000] {processor.py:208} INFO - Processing /home/airflow/.local/lib/python3.12/site-packages/airflow/example_dags/example_dataset_alias_with_no_taskflow.py took 21.775 seconds
[2026-05-28T09:21:48.604+0000] {processor.py:186} INFO - Started process (PID=9043) to work on /home/airflow/.local/lib/python3.12/site-packages/airflow/example_dags/example_dataset_alias_with_no_taskflow.py
[2026-05-28T09:21:48.607+0000] {processor.py:914} INFO - Processing file /home/airflow/.local/lib/python3.12/site-packages/airflow/example_dags/example_dataset_alias_with_no_taskflow.py for tasks to queue
[2026-05-28T09:21:48.611+0000] {logging_mixin.py:190} INFO - [2026-05-28T09:21:48.610+0000] {dagbag.py:588} INFO - Filling up the DagBag from /home/airflow/.local/lib/python3.12/site-packages/airflow/example_dags/example_dataset_alias_with_no_taskflow.py
[2026-05-28T09:22:10.384+0000] {processor.py:925} INFO - DAG(s) 'dataset_alias_example_alias_consumer_with_no_taskflow', 'dataset_s3_bucket_consumer_with_no_taskflow', 'dataset_s3_bucket_producer_with_no_taskflow', 'dataset_alias_example_alias_producer_with_no_taskflow' retrieved from /home/airflow/.local/lib/python3.12/site-packages/airflow/example_dags/example_dataset_alias_with_no_taskflow.py
[2026-05-28T09:22:10.429+0000] {logging_mixin.py:190} INFO - [2026-05-28T09:22:10.428+0000] {dag.py:3239} INFO - Sync 4 DAGs
[2026-05-28T09:22:10.471+0000] {logging_mixin.py:190} INFO - [2026-05-28T09:22:10.470+0000] {dag.py:4180} INFO - Setting next_dagrun for dataset_alias_example_alias_consumer_with_no_taskflow to None, run_after=None
[2026-05-28T09:22:10.478+0000] {logging_mixin.py:190} INFO - [2026-05-28T09:22:10.477+0000] {dag.py:4180} INFO - Setting next_dagrun for dataset_alias_example_alias_producer_with_no_taskflow to None, run_after=None
[2026-05-28T09:22:10.482+0000] {logging_mixin.py:190} INFO - [2026-05-28T09:22:10.481+0000] {dag.py:4180} INFO - Setting next_dagrun for dataset_s3_bucket_consumer_with_no_taskflow to None, run_after=None
[2026-05-28T09:22:10.487+0000] {logging_mixin.py:190} INFO - [2026-05-28T09:22:10.486+0000] {dag.py:4180} INFO - Setting next_dagrun for dataset_s3_bucket_producer_with_no_taskflow to None, run_after=None
[2026-05-28T09:22:10.538+0000] {processor.py:208} INFO - Processing /home/airflow/.local/lib/python3.12/site-packages/airflow/example_dags/example_dataset_alias_with_no_taskflow.py took 21.956 seconds
[2026-05-28T09:22:46.653+0000] {processor.py:186} INFO - Started process (PID=9132) to work on /home/airflow/.local/lib/python3.12/site-packages/airflow/example_dags/example_dataset_alias_with_no_taskflow.py
[2026-05-28T09:22:46.655+0000] {processor.py:914} INFO - Processing file /home/airflow/.local/lib/python3.12/site-packages/airflow/example_dags/example_dataset_alias_with_no_taskflow.py for tasks to queue
[2026-05-28T09:22:46.659+0000] {logging_mixin.py:190} INFO - [2026-05-28T09:22:46.658+0000] {dagbag.py:588} INFO - Filling up the DagBag from /home/airflow/.local/lib/python3.12/site-packages/airflow/example_dags/example_dataset_alias_with_no_taskflow.py
[2026-05-28T09:23:06.054+0000] {processor.py:925} INFO - DAG(s) 'dataset_alias_example_alias_consumer_with_no_taskflow', 'dataset_s3_bucket_consumer_with_no_taskflow', 'dataset_s3_bucket_producer_with_no_taskflow', 'dataset_alias_example_alias_producer_with_no_taskflow' retrieved from /home/airflow/.local/lib/python3.12/site-packages/airflow/example_dags/example_dataset_alias_with_no_taskflow.py
[2026-05-28T09:23:06.121+0000] {logging_mixin.py:190} INFO - [2026-05-28T09:23:06.120+0000] {dag.py:3239} INFO - Sync 4 DAGs
[2026-05-28T09:23:06.177+0000] {logging_mixin.py:190} INFO - [2026-05-28T09:23:06.176+0000] {dag.py:4180} INFO - Setting next_dagrun for dataset_alias_example_alias_consumer_with_no_taskflow to None, run_after=None
[2026-05-28T09:23:06.188+0000] {logging_mixin.py:190} INFO - [2026-05-28T09:23:06.187+0000] {dag.py:4180} INFO - Setting next_dagrun for dataset_alias_example_alias_producer_with_no_taskflow to None, run_after=None
[2026-05-28T09:23:06.194+0000] {logging_mixin.py:190} INFO - [2026-05-28T09:23:06.193+0000] {dag.py:4180} INFO - Setting next_dagrun for dataset_s3_bucket_consumer_with_no_taskflow to None, run_after=None
[2026-05-28T09:23:06.200+0000] {logging_mixin.py:190} INFO - [2026-05-28T09:23:06.199+0000] {dag.py:4180} INFO - Setting next_dagrun for dataset_s3_bucket_producer_with_no_taskflow to None, run_after=None
[2026-05-28T09:23:06.261+0000] {processor.py:208} INFO - Processing /home/airflow/.local/lib/python3.12/site-packages/airflow/example_dags/example_dataset_alias_with_no_taskflow.py took 19.623 seconds
[2026-05-28T09:23:39.822+0000] {processor.py:186} INFO - Started process (PID=9206) to work on /home/airflow/.local/lib/python3.12/site-packages/airflow/example_dags/example_dataset_alias_with_no_taskflow.py
[2026-05-28T09:23:39.824+0000] {processor.py:914} INFO - Processing file /home/airflow/.local/lib/python3.12/site-packages/airflow/example_dags/example_dataset_alias_with_no_taskflow.py for tasks to queue
[2026-05-28T09:23:39.828+0000] {logging_mixin.py:190} INFO - [2026-05-28T09:23:39.827+0000] {dagbag.py:588} INFO - Filling up the DagBag from /home/airflow/.local/lib/python3.12/site-packages/airflow/example_dags/example_dataset_alias_with_no_taskflow.py
[2026-05-28T09:23:58.428+0000] {processor.py:925} INFO - DAG(s) 'dataset_s3_bucket_consumer_with_no_taskflow', 'dataset_alias_example_alias_producer_with_no_taskflow', 'dataset_alias_example_alias_consumer_with_no_taskflow', 'dataset_s3_bucket_producer_with_no_taskflow' retrieved from /home/airflow/.local/lib/python3.12/site-packages/airflow/example_dags/example_dataset_alias_with_no_taskflow.py
[2026-05-28T09:23:58.480+0000] {logging_mixin.py:190} INFO - [2026-05-28T09:23:58.478+0000] {dag.py:3239} INFO - Sync 4 DAGs
[2026-05-28T09:23:58.537+0000] {logging_mixin.py:190} INFO - [2026-05-28T09:23:58.536+0000] {dag.py:4180} INFO - Setting next_dagrun for dataset_alias_example_alias_consumer_with_no_taskflow to None, run_after=None
[2026-05-28T09:23:58.548+0000] {logging_mixin.py:190} INFO - [2026-05-28T09:23:58.548+0000] {dag.py:4180} INFO - Setting next_dagrun for dataset_alias_example_alias_producer_with_no_taskflow to None, run_after=None
[2026-05-28T09:23:58.552+0000] {logging_mixin.py:190} INFO - [2026-05-28T09:23:58.551+0000] {dag.py:4180} INFO - Setting next_dagrun for dataset_s3_bucket_consumer_with_no_taskflow to None, run_after=None
[2026-05-28T09:23:58.556+0000] {logging_mixin.py:190} INFO - [2026-05-28T09:23:58.555+0000] {dag.py:4180} INFO - Setting next_dagrun for dataset_s3_bucket_producer_with_no_taskflow to None, run_after=None
[2026-05-28T09:23:58.608+0000] {processor.py:208} INFO - Processing /home/airflow/.local/lib/python3.12/site-packages/airflow/example_dags/example_dataset_alias_with_no_taskflow.py took 18.799 seconds
[2026-05-28T09:24:38.872+0000] {processor.py:186} INFO - Started process (PID=9289) to work on /home/airflow/.local/lib/python3.12/site-packages/airflow/example_dags/example_dataset_alias_with_no_taskflow.py
[2026-05-28T09:24:38.874+0000] {processor.py:914} INFO - Processing file /home/airflow/.local/lib/python3.12/site-packages/airflow/example_dags/example_dataset_alias_with_no_taskflow.py for tasks to queue
[2026-05-28T09:24:38.878+0000] {logging_mixin.py:190} INFO - [2026-05-28T09:24:38.877+0000] {dagbag.py:588} INFO - Filling up the DagBag from /home/airflow/.local/lib/python3.12/site-packages/airflow/example_dags/example_dataset_alias_with_no_taskflow.py
[2026-05-28T09:24:56.597+0000] {processor.py:925} INFO - DAG(s) 'dataset_alias_example_alias_consumer_with_no_taskflow', 'dataset_s3_bucket_consumer_with_no_taskflow', 'dataset_s3_bucket_producer_with_no_taskflow', 'dataset_alias_example_alias_producer_with_no_taskflow' retrieved from /home/airflow/.local/lib/python3.12/site-packages/airflow/example_dags/example_dataset_alias_with_no_taskflow.py
[2026-05-28T09:24:56.655+0000] {logging_mixin.py:190} INFO - [2026-05-28T09:24:56.654+0000] {dag.py:3239} INFO - Sync 4 DAGs
[2026-05-28T09:24:56.707+0000] {logging_mixin.py:190} INFO - [2026-05-28T09:24:56.706+0000] {dag.py:4180} INFO - Setting next_dagrun for dataset_alias_example_alias_consumer_with_no_taskflow to None, run_after=None
[2026-05-28T09:24:56.715+0000] {logging_mixin.py:190} INFO - [2026-05-28T09:24:56.715+0000] {dag.py:4180} INFO - Setting next_dagrun for dataset_alias_example_alias_producer_with_no_taskflow to None, run_after=None
[2026-05-28T09:24:56.719+0000] {logging_mixin.py:190} INFO - [2026-05-28T09:24:56.719+0000] {dag.py:4180} INFO - Setting next_dagrun for dataset_s3_bucket_consumer_with_no_taskflow to None, run_after=None
[2026-05-28T09:24:56.724+0000] {logging_mixin.py:190} INFO - [2026-05-28T09:24:56.723+0000] {dag.py:4180} INFO - Setting next_dagrun for dataset_s3_bucket_producer_with_no_taskflow to None, run_after=None
[2026-05-28T09:24:56.780+0000] {processor.py:208} INFO - Processing /home/airflow/.local/lib/python3.12/site-packages/airflow/example_dags/example_dataset_alias_with_no_taskflow.py took 17.925 seconds
[2026-05-28T09:25:30.010+0000] {processor.py:186} INFO - Started process (PID=9358) to work on /home/airflow/.local/lib/python3.12/site-packages/airflow/example_dags/example_dataset_alias_with_no_taskflow.py
[2026-05-28T09:25:30.012+0000] {processor.py:914} INFO - Processing file /home/airflow/.local/lib/python3.12/site-packages/airflow/example_dags/example_dataset_alias_with_no_taskflow.py for tasks to queue
[2026-05-28T09:25:30.016+0000] {logging_mixin.py:190} INFO - [2026-05-28T09:25:30.015+0000] {dagbag.py:588} INFO - Filling up the DagBag from /home/airflow/.local/lib/python3.12/site-packages/airflow/example_dags/example_dataset_alias_with_no_taskflow.py
[2026-05-28T09:25:48.346+0000] {processor.py:925} INFO - DAG(s) 'dataset_s3_bucket_producer_with_no_taskflow', 'dataset_s3_bucket_consumer_with_no_taskflow', 'dataset_alias_example_alias_consumer_with_no_taskflow', 'dataset_alias_example_alias_producer_with_no_taskflow' retrieved from /home/airflow/.local/lib/python3.12/site-packages/airflow/example_dags/example_dataset_alias_with_no_taskflow.py
[2026-05-28T09:25:48.401+0000] {logging_mixin.py:190} INFO - [2026-05-28T09:25:48.400+0000] {dag.py:3239} INFO - Sync 4 DAGs
[2026-05-28T09:25:48.449+0000] {logging_mixin.py:190} INFO - [2026-05-28T09:25:48.449+0000] {dag.py:4180} INFO - Setting next_dagrun for dataset_alias_example_alias_consumer_with_no_taskflow to None, run_after=None
[2026-05-28T09:25:48.456+0000] {logging_mixin.py:190} INFO - [2026-05-28T09:25:48.456+0000] {dag.py:4180} INFO - Setting next_dagrun for dataset_alias_example_alias_producer_with_no_taskflow to None, run_after=None
[2026-05-28T09:25:48.461+0000] {logging_mixin.py:190} INFO - [2026-05-28T09:25:48.460+0000] {dag.py:4180} INFO - Setting next_dagrun for dataset_s3_bucket_consumer_with_no_taskflow to None, run_after=None
[2026-05-28T09:25:48.465+0000] {logging_mixin.py:190} INFO - [2026-05-28T09:25:48.464+0000] {dag.py:4180} INFO - Setting next_dagrun for dataset_s3_bucket_producer_with_no_taskflow to None, run_after=None
[2026-05-28T09:25:48.510+0000] {processor.py:208} INFO - Processing /home/airflow/.local/lib/python3.12/site-packages/airflow/example_dags/example_dataset_alias_with_no_taskflow.py took 18.518 seconds
[2026-05-28T09:26:34.433+0000] {processor.py:186} INFO - Started process (PID=9474) to work on /home/airflow/.local/lib/python3.12/site-packages/airflow/example_dags/example_dataset_alias_with_no_taskflow.py
[2026-05-28T09:26:34.436+0000] {processor.py:914} INFO - Processing file /home/airflow/.local/lib/python3.12/site-packages/airflow/example_dags/example_dataset_alias_with_no_taskflow.py for tasks to queue
[2026-05-28T09:26:34.440+0000] {logging_mixin.py:190} INFO - [2026-05-28T09:26:34.439+0000] {dagbag.py:588} INFO - Filling up the DagBag from /home/airflow/.local/lib/python3.12/site-packages/airflow/example_dags/example_dataset_alias_with_no_taskflow.py
[2026-05-28T09:26:53.825+0000] {processor.py:925} INFO - DAG(s) 'dataset_s3_bucket_consumer_with_no_taskflow', 'dataset_alias_example_alias_consumer_with_no_taskflow', 'dataset_alias_example_alias_producer_with_no_taskflow', 'dataset_s3_bucket_producer_with_no_taskflow' retrieved from /home/airflow/.local/lib/python3.12/site-packages/airflow/example_dags/example_dataset_alias_with_no_taskflow.py
[2026-05-28T09:26:53.874+0000] {logging_mixin.py:190} INFO - [2026-05-28T09:26:53.872+0000] {dag.py:3239} INFO - Sync 4 DAGs
[2026-05-28T09:26:53.916+0000] {logging_mixin.py:190} INFO - [2026-05-28T09:26:53.915+0000] {dag.py:4180} INFO - Setting next_dagrun for dataset_alias_example_alias_consumer_with_no_taskflow to None, run_after=None
[2026-05-28T09:26:53.923+0000] {logging_mixin.py:190} INFO - [2026-05-28T09:26:53.922+0000] {dag.py:4180} INFO - Setting next_dagrun for dataset_alias_example_alias_producer_with_no_taskflow to None, run_after=None
[2026-05-28T09:26:53.926+0000] {logging_mixin.py:190} INFO - [2026-05-28T09:26:53.926+0000] {dag.py:4180} INFO - Setting next_dagrun for dataset_s3_bucket_consumer_with_no_taskflow to None, run_after=None
[2026-05-28T09:26:53.930+0000] {logging_mixin.py:190} INFO - [2026-05-28T09:26:53.930+0000] {dag.py:4180} INFO - Setting next_dagrun for dataset_s3_bucket_producer_with_no_taskflow to None, run_after=None
[2026-05-28T09:26:53.983+0000] {processor.py:208} INFO - Processing /home/airflow/.local/lib/python3.12/site-packages/airflow/example_dags/example_dataset_alias_with_no_taskflow.py took 19.569 seconds
[2026-05-28T09:27:26.085+0000] {processor.py:186} INFO - Started process (PID=9596) to work on /home/airflow/.local/lib/python3.12/site-packages/airflow/example_dags/example_dataset_alias_with_no_taskflow.py
[2026-05-28T09:27:26.088+0000] {processor.py:914} INFO - Processing file /home/airflow/.local/lib/python3.12/site-packages/airflow/example_dags/example_dataset_alias_with_no_taskflow.py for tasks to queue
[2026-05-28T09:27:26.091+0000] {logging_mixin.py:190} INFO - [2026-05-28T09:27:26.090+0000] {dagbag.py:588} INFO - Filling up the DagBag from /home/airflow/.local/lib/python3.12/site-packages/airflow/example_dags/example_dataset_alias_with_no_taskflow.py
[2026-05-28T09:27:43.890+0000] {processor.py:925} INFO - DAG(s) 'dataset_s3_bucket_consumer_with_no_taskflow', 'dataset_alias_example_alias_producer_with_no_taskflow', 'dataset_s3_bucket_producer_with_no_taskflow', 'dataset_alias_example_alias_consumer_with_no_taskflow' retrieved from /home/airflow/.local/lib/python3.12/site-packages/airflow/example_dags/example_dataset_alias_with_no_taskflow.py
[2026-05-28T09:27:43.938+0000] {logging_mixin.py:190} INFO - [2026-05-28T09:27:43.937+0000] {dag.py:3239} INFO - Sync 4 DAGs
[2026-05-28T09:27:43.983+0000] {logging_mixin.py:190} INFO - [2026-05-28T09:27:43.983+0000] {dag.py:4180} INFO - Setting next_dagrun for dataset_alias_example_alias_consumer_with_no_taskflow to None, run_after=None
[2026-05-28T09:27:43.992+0000] {logging_mixin.py:190} INFO - [2026-05-28T09:27:43.991+0000] {dag.py:4180} INFO - Setting next_dagrun for dataset_alias_example_alias_producer_with_no_taskflow to None, run_after=None
[2026-05-28T09:27:43.996+0000] {logging_mixin.py:190} INFO - [2026-05-28T09:27:43.995+0000] {dag.py:4180} INFO - Setting next_dagrun for dataset_s3_bucket_consumer_with_no_taskflow to None, run_after=None
[2026-05-28T09:27:44.000+0000] {logging_mixin.py:190} INFO - [2026-05-28T09:27:43.999+0000] {dag.py:4180} INFO - Setting next_dagrun for dataset_s3_bucket_producer_with_no_taskflow to None, run_after=None
[2026-05-28T09:27:44.055+0000] {processor.py:208} INFO - Processing /home/airflow/.local/lib/python3.12/site-packages/airflow/example_dags/example_dataset_alias_with_no_taskflow.py took 17.989 seconds
[2026-05-28T09:28:19.064+0000] {processor.py:186} INFO - Started process (PID=9683) to work on /home/airflow/.local/lib/python3.12/site-packages/airflow/example_dags/example_dataset_alias_with_no_taskflow.py
[2026-05-28T09:28:19.067+0000] {processor.py:914} INFO - Processing file /home/airflow/.local/lib/python3.12/site-packages/airflow/example_dags/example_dataset_alias_with_no_taskflow.py for tasks to queue
[2026-05-28T09:28:19.071+0000] {logging_mixin.py:190} INFO - [2026-05-28T09:28:19.070+0000] {dagbag.py:588} INFO - Filling up the DagBag from /home/airflow/.local/lib/python3.12/site-packages/airflow/example_dags/example_dataset_alias_with_no_taskflow.py
[2026-05-28T09:28:42.524+0000] {processor.py:925} INFO - DAG(s) 'dataset_alias_example_alias_consumer_with_no_taskflow', 'dataset_s3_bucket_consumer_with_no_taskflow', 'dataset_alias_example_alias_producer_with_no_taskflow', 'dataset_s3_bucket_producer_with_no_taskflow' retrieved from /home/airflow/.local/lib/python3.12/site-packages/airflow/example_dags/example_dataset_alias_with_no_taskflow.py
[2026-05-28T09:28:42.592+0000] {logging_mixin.py:190} INFO - [2026-05-28T09:28:42.590+0000] {dag.py:3239} INFO - Sync 4 DAGs
[2026-05-28T09:28:42.650+0000] {logging_mixin.py:190} INFO - [2026-05-28T09:28:42.650+0000] {dag.py:4180} INFO - Setting next_dagrun for dataset_alias_example_alias_consumer_with_no_taskflow to None, run_after=None
[2026-05-28T09:28:42.659+0000] {logging_mixin.py:190} INFO - [2026-05-28T09:28:42.659+0000] {dag.py:4180} INFO - Setting next_dagrun for dataset_alias_example_alias_producer_with_no_taskflow to None, run_after=None
[2026-05-28T09:28:42.665+0000] {logging_mixin.py:190} INFO - [2026-05-28T09:28:42.664+0000] {dag.py:4180} INFO - Setting next_dagrun for dataset_s3_bucket_consumer_with_no_taskflow to None, run_after=None
[2026-05-28T09:28:42.670+0000] {logging_mixin.py:190} INFO - [2026-05-28T09:28:42.669+0000] {dag.py:4180} INFO - Setting next_dagrun for dataset_s3_bucket_producer_with_no_taskflow to None, run_after=None
[2026-05-28T09:28:42.732+0000] {processor.py:208} INFO - Processing /home/airflow/.local/lib/python3.12/site-packages/airflow/example_dags/example_dataset_alias_with_no_taskflow.py took 23.691 seconds
[2026-05-28T09:29:17.181+0000] {processor.py:186} INFO - Started process (PID=9759) to work on /home/airflow/.local/lib/python3.12/site-packages/airflow/example_dags/example_dataset_alias_with_no_taskflow.py
[2026-05-28T09:29:17.184+0000] {processor.py:914} INFO - Processing file /home/airflow/.local/lib/python3.12/site-packages/airflow/example_dags/example_dataset_alias_with_no_taskflow.py for tasks to queue
[2026-05-28T09:29:17.188+0000] {logging_mixin.py:190} INFO - [2026-05-28T09:29:17.187+0000] {dagbag.py:588} INFO - Filling up the DagBag from /home/airflow/.local/lib/python3.12/site-packages/airflow/example_dags/example_dataset_alias_with_no_taskflow.py
[2026-05-28T09:29:37.024+0000] {processor.py:925} INFO - DAG(s) 'dataset_s3_bucket_consumer_with_no_taskflow', 'dataset_alias_example_alias_producer_with_no_taskflow', 'dataset_s3_bucket_producer_with_no_taskflow', 'dataset_alias_example_alias_consumer_with_no_taskflow' retrieved from /home/airflow/.local/lib/python3.12/site-packages/airflow/example_dags/example_dataset_alias_with_no_taskflow.py
[2026-05-28T09:29:37.077+0000] {logging_mixin.py:190} INFO - [2026-05-28T09:29:37.076+0000] {dag.py:3239} INFO - Sync 4 DAGs
[2026-05-28T09:29:37.124+0000] {logging_mixin.py:190} INFO - [2026-05-28T09:29:37.123+0000] {dag.py:4180} INFO - Setting next_dagrun for dataset_alias_example_alias_consumer_with_no_taskflow to None, run_after=None
[2026-05-28T09:29:37.130+0000] {logging_mixin.py:190} INFO - [2026-05-28T09:29:37.130+0000] {dag.py:4180} INFO - Setting next_dagrun for dataset_alias_example_alias_producer_with_no_taskflow to None, run_after=None
[2026-05-28T09:29:37.134+0000] {logging_mixin.py:190} INFO - [2026-05-28T09:29:37.133+0000] {dag.py:4180} INFO - Setting next_dagrun for dataset_s3_bucket_consumer_with_no_taskflow to None, run_after=None
[2026-05-28T09:29:37.142+0000] {logging_mixin.py:190} INFO - [2026-05-28T09:29:37.141+0000] {dag.py:4180} INFO - Setting next_dagrun for dataset_s3_bucket_producer_with_no_taskflow to None, run_after=None
[2026-05-28T09:29:37.202+0000] {processor.py:208} INFO - Processing /home/airflow/.local/lib/python3.12/site-packages/airflow/example_dags/example_dataset_alias_with_no_taskflow.py took 20.041 seconds
[2026-05-28T09:30:07.499+0000] {processor.py:186} INFO - Started process (PID=9841) to work on /home/airflow/.local/lib/python3.12/site-packages/airflow/example_dags/example_dataset_alias_with_no_taskflow.py
[2026-05-28T09:30:07.501+0000] {processor.py:914} INFO - Processing file /home/airflow/.local/lib/python3.12/site-packages/airflow/example_dags/example_dataset_alias_with_no_taskflow.py for tasks to queue
[2026-05-28T09:30:07.505+0000] {logging_mixin.py:190} INFO - [2026-05-28T09:30:07.504+0000] {dagbag.py:588} INFO - Filling up the DagBag from /home/airflow/.local/lib/python3.12/site-packages/airflow/example_dags/example_dataset_alias_with_no_taskflow.py
[2026-05-28T09:30:26.494+0000] {processor.py:925} INFO - DAG(s) 'dataset_alias_example_alias_producer_with_no_taskflow', 'dataset_s3_bucket_consumer_with_no_taskflow', 'dataset_alias_example_alias_consumer_with_no_taskflow', 'dataset_s3_bucket_producer_with_no_taskflow' retrieved from /home/airflow/.local/lib/python3.12/site-packages/airflow/example_dags/example_dataset_alias_with_no_taskflow.py
[2026-05-28T09:30:26.541+0000] {logging_mixin.py:190} INFO - [2026-05-28T09:30:26.540+0000] {dag.py:3239} INFO - Sync 4 DAGs
[2026-05-28T09:30:26.593+0000] {logging_mixin.py:190} INFO - [2026-05-28T09:30:26.592+0000] {dag.py:4180} INFO - Setting next_dagrun for dataset_alias_example_alias_consumer_with_no_taskflow to None, run_after=None
[2026-05-28T09:30:26.599+0000] {logging_mixin.py:190} INFO - [2026-05-28T09:30:26.599+0000] {dag.py:4180} INFO - Setting next_dagrun for dataset_alias_example_alias_producer_with_no_taskflow to None, run_after=None
[2026-05-28T09:30:26.604+0000] {logging_mixin.py:190} INFO - [2026-05-28T09:30:26.604+0000] {dag.py:4180} INFO - Setting next_dagrun for dataset_s3_bucket_consumer_with_no_taskflow to None, run_after=None
[2026-05-28T09:30:26.610+0000] {logging_mixin.py:190} INFO - [2026-05-28T09:30:26.609+0000] {dag.py:4180} INFO - Setting next_dagrun for dataset_s3_bucket_producer_with_no_taskflow to None, run_after=None
[2026-05-28T09:30:26.664+0000] {processor.py:208} INFO - Processing /home/airflow/.local/lib/python3.12/site-packages/airflow/example_dags/example_dataset_alias_with_no_taskflow.py took 19.179 seconds
[2026-05-28T09:31:02.337+0000] {processor.py:186} INFO - Started process (PID=9943) to work on /home/airflow/.local/lib/python3.12/site-packages/airflow/example_dags/example_dataset_alias_with_no_taskflow.py
[2026-05-28T09:31:02.340+0000] {processor.py:914} INFO - Processing file /home/airflow/.local/lib/python3.12/site-packages/airflow/example_dags/example_dataset_alias_with_no_taskflow.py for tasks to queue
[2026-05-28T09:31:02.346+0000] {logging_mixin.py:190} INFO - [2026-05-28T09:31:02.345+0000] {dagbag.py:588} INFO - Filling up the DagBag from /home/airflow/.local/lib/python3.12/site-packages/airflow/example_dags/example_dataset_alias_with_no_taskflow.py
[2026-05-28T09:31:22.066+0000] {processor.py:925} INFO - DAG(s) 'dataset_s3_bucket_producer_with_no_taskflow', 'dataset_s3_bucket_consumer_with_no_taskflow', 'dataset_alias_example_alias_producer_with_no_taskflow', 'dataset_alias_example_alias_consumer_with_no_taskflow' retrieved from /home/airflow/.local/lib/python3.12/site-packages/airflow/example_dags/example_dataset_alias_with_no_taskflow.py
[2026-05-28T09:31:22.122+0000] {logging_mixin.py:190} INFO - [2026-05-28T09:31:22.120+0000] {dag.py:3239} INFO - Sync 4 DAGs
[2026-05-28T09:31:22.185+0000] {logging_mixin.py:190} INFO - [2026-05-28T09:31:22.184+0000] {dag.py:4180} INFO - Setting next_dagrun for dataset_alias_example_alias_consumer_with_no_taskflow to None, run_after=None
[2026-05-28T09:31:22.194+0000] {logging_mixin.py:190} INFO - [2026-05-28T09:31:22.193+0000] {dag.py:4180} INFO - Setting next_dagrun for dataset_alias_example_alias_producer_with_no_taskflow to None, run_after=None
[2026-05-28T09:31:22.199+0000] {logging_mixin.py:190} INFO - [2026-05-28T09:31:22.198+0000] {dag.py:4180} INFO - Setting next_dagrun for dataset_s3_bucket_consumer_with_no_taskflow to None, run_after=None
[2026-05-28T09:31:22.204+0000] {logging_mixin.py:190} INFO - [2026-05-28T09:31:22.203+0000] {dag.py:4180} INFO - Setting next_dagrun for dataset_s3_bucket_producer_with_no_taskflow to None, run_after=None
[2026-05-28T09:31:22.291+0000] {processor.py:208} INFO - Processing /home/airflow/.local/lib/python3.12/site-packages/airflow/example_dags/example_dataset_alias_with_no_taskflow.py took 19.983 seconds
[2026-05-28T09:32:02.327+0000] {processor.py:186} INFO - Started process (PID=10030) to work on /home/airflow/.local/lib/python3.12/site-packages/airflow/example_dags/example_dataset_alias_with_no_taskflow.py
[2026-05-28T09:32:02.331+0000] {processor.py:914} INFO - Processing file /home/airflow/.local/lib/python3.12/site-packages/airflow/example_dags/example_dataset_alias_with_no_taskflow.py for tasks to queue
[2026-05-28T09:32:02.335+0000] {logging_mixin.py:190} INFO - [2026-05-28T09:32:02.334+0000] {dagbag.py:588} INFO - Filling up the DagBag from /home/airflow/.local/lib/python3.12/site-packages/airflow/example_dags/example_dataset_alias_with_no_taskflow.py
[2026-05-28T09:32:20.576+0000] {processor.py:925} INFO - DAG(s) 'dataset_s3_bucket_producer_with_no_taskflow', 'dataset_alias_example_alias_consumer_with_no_taskflow', 'dataset_s3_bucket_consumer_with_no_taskflow', 'dataset_alias_example_alias_producer_with_no_taskflow' retrieved from /home/airflow/.local/lib/python3.12/site-packages/airflow/example_dags/example_dataset_alias_with_no_taskflow.py
[2026-05-28T09:32:20.624+0000] {logging_mixin.py:190} INFO - [2026-05-28T09:32:20.622+0000] {dag.py:3239} INFO - Sync 4 DAGs
[2026-05-28T09:32:20.672+0000] {logging_mixin.py:190} INFO - [2026-05-28T09:32:20.672+0000] {dag.py:4180} INFO - Setting next_dagrun for dataset_alias_example_alias_consumer_with_no_taskflow to None, run_after=None
[2026-05-28T09:32:20.679+0000] {logging_mixin.py:190} INFO - [2026-05-28T09:32:20.678+0000] {dag.py:4180} INFO - Setting next_dagrun for dataset_alias_example_alias_producer_with_no_taskflow to None, run_after=None
[2026-05-28T09:32:20.683+0000] {logging_mixin.py:190} INFO - [2026-05-28T09:32:20.682+0000] {dag.py:4180} INFO - Setting next_dagrun for dataset_s3_bucket_consumer_with_no_taskflow to None, run_after=None
[2026-05-28T09:32:20.687+0000] {logging_mixin.py:190} INFO - [2026-05-28T09:32:20.686+0000] {dag.py:4180} INFO - Setting next_dagrun for dataset_s3_bucket_producer_with_no_taskflow to None, run_after=None
[2026-05-28T09:32:20.736+0000] {processor.py:208} INFO - Processing /home/airflow/.local/lib/python3.12/site-packages/airflow/example_dags/example_dataset_alias_with_no_taskflow.py took 18.428 seconds
[2026-05-28T09:32:59.081+0000] {processor.py:186} INFO - Started process (PID=10118) to work on /home/airflow/.local/lib/python3.12/site-packages/airflow/example_dags/example_dataset_alias_with_no_taskflow.py
[2026-05-28T09:32:59.083+0000] {processor.py:914} INFO - Processing file /home/airflow/.local/lib/python3.12/site-packages/airflow/example_dags/example_dataset_alias_with_no_taskflow.py for tasks to queue
[2026-05-28T09:32:59.088+0000] {logging_mixin.py:190} INFO - [2026-05-28T09:32:59.087+0000] {dagbag.py:588} INFO - Filling up the DagBag from /home/airflow/.local/lib/python3.12/site-packages/airflow/example_dags/example_dataset_alias_with_no_taskflow.py
[2026-05-28T09:33:19.083+0000] {processor.py:925} INFO - DAG(s) 'dataset_alias_example_alias_producer_with_no_taskflow', 'dataset_s3_bucket_consumer_with_no_taskflow', 'dataset_s3_bucket_producer_with_no_taskflow', 'dataset_alias_example_alias_consumer_with_no_taskflow' retrieved from /home/airflow/.local/lib/python3.12/site-packages/airflow/example_dags/example_dataset_alias_with_no_taskflow.py
[2026-05-28T09:33:19.137+0000] {logging_mixin.py:190} INFO - [2026-05-28T09:33:19.136+0000] {dag.py:3239} INFO - Sync 4 DAGs
[2026-05-28T09:33:19.180+0000] {logging_mixin.py:190} INFO - [2026-05-28T09:33:19.179+0000] {dag.py:4180} INFO - Setting next_dagrun for dataset_alias_example_alias_consumer_with_no_taskflow to None, run_after=None
[2026-05-28T09:33:19.186+0000] {logging_mixin.py:190} INFO - [2026-05-28T09:33:19.186+0000] {dag.py:4180} INFO - Setting next_dagrun for dataset_alias_example_alias_producer_with_no_taskflow to None, run_after=None
[2026-05-28T09:33:19.190+0000] {logging_mixin.py:190} INFO - [2026-05-28T09:33:19.189+0000] {dag.py:4180} INFO - Setting next_dagrun for dataset_s3_bucket_consumer_with_no_taskflow to None, run_after=None
[2026-05-28T09:33:19.195+0000] {logging_mixin.py:190} INFO - [2026-05-28T09:33:19.195+0000] {dag.py:4180} INFO - Setting next_dagrun for dataset_s3_bucket_producer_with_no_taskflow to None, run_after=None
[2026-05-28T09:33:19.245+0000] {processor.py:208} INFO - Processing /home/airflow/.local/lib/python3.12/site-packages/airflow/example_dags/example_dataset_alias_with_no_taskflow.py took 20.178 seconds
[2026-05-28T09:33:49.356+0000] {processor.py:186} INFO - Started process (PID=10184) to work on /home/airflow/.local/lib/python3.12/site-packages/airflow/example_dags/example_dataset_alias_with_no_taskflow.py
[2026-05-28T09:33:49.358+0000] {processor.py:914} INFO - Processing file /home/airflow/.local/lib/python3.12/site-packages/airflow/example_dags/example_dataset_alias_with_no_taskflow.py for tasks to queue
[2026-05-28T09:33:49.363+0000] {logging_mixin.py:190} INFO - [2026-05-28T09:33:49.362+0000] {dagbag.py:588} INFO - Filling up the DagBag from /home/airflow/.local/lib/python3.12/site-packages/airflow/example_dags/example_dataset_alias_with_no_taskflow.py
[2026-05-28T09:34:08.356+0000] {processor.py:925} INFO - DAG(s) 'dataset_alias_example_alias_producer_with_no_taskflow', 'dataset_s3_bucket_consumer_with_no_taskflow', 'dataset_s3_bucket_producer_with_no_taskflow', 'dataset_alias_example_alias_consumer_with_no_taskflow' retrieved from /home/airflow/.local/lib/python3.12/site-packages/airflow/example_dags/example_dataset_alias_with_no_taskflow.py
[2026-05-28T09:34:08.416+0000] {logging_mixin.py:190} INFO - [2026-05-28T09:34:08.414+0000] {dag.py:3239} INFO - Sync 4 DAGs
[2026-05-28T09:34:08.476+0000] {logging_mixin.py:190} INFO - [2026-05-28T09:34:08.475+0000] {dag.py:4180} INFO - Setting next_dagrun for dataset_alias_example_alias_consumer_with_no_taskflow to None, run_after=None
[2026-05-28T09:34:08.487+0000] {logging_mixin.py:190} INFO - [2026-05-28T09:34:08.485+0000] {dag.py:4180} INFO - Setting next_dagrun for dataset_alias_example_alias_producer_with_no_taskflow to None, run_after=None
[2026-05-28T09:34:08.497+0000] {logging_mixin.py:190} INFO - [2026-05-28T09:34:08.496+0000] {dag.py:4180} INFO - Setting next_dagrun for dataset_s3_bucket_consumer_with_no_taskflow to None, run_after=None
[2026-05-28T09:34:08.501+0000] {logging_mixin.py:190} INFO - [2026-05-28T09:34:08.501+0000] {dag.py:4180} INFO - Setting next_dagrun for dataset_s3_bucket_producer_with_no_taskflow to None, run_after=None
[2026-05-28T09:34:08.566+0000] {processor.py:208} INFO - Processing /home/airflow/.local/lib/python3.12/site-packages/airflow/example_dags/example_dataset_alias_with_no_taskflow.py took 19.226 seconds
[2026-05-28T09:34:55.523+0000] {processor.py:186} INFO - Started process (PID=10281) to work on /home/airflow/.local/lib/python3.12/site-packages/airflow/example_dags/example_dataset_alias_with_no_taskflow.py
[2026-05-28T09:34:55.527+0000] {processor.py:914} INFO - Processing file /home/airflow/.local/lib/python3.12/site-packages/airflow/example_dags/example_dataset_alias_with_no_taskflow.py for tasks to queue
[2026-05-28T09:34:55.532+0000] {logging_mixin.py:190} INFO - [2026-05-28T09:34:55.530+0000] {dagbag.py:588} INFO - Filling up the DagBag from /home/airflow/.local/lib/python3.12/site-packages/airflow/example_dags/example_dataset_alias_with_no_taskflow.py
[2026-05-28T09:35:14.161+0000] {processor.py:925} INFO - DAG(s) 'dataset_alias_example_alias_consumer_with_no_taskflow', 'dataset_s3_bucket_producer_with_no_taskflow', 'dataset_alias_example_alias_producer_with_no_taskflow', 'dataset_s3_bucket_consumer_with_no_taskflow' retrieved from /home/airflow/.local/lib/python3.12/site-packages/airflow/example_dags/example_dataset_alias_with_no_taskflow.py
[2026-05-28T09:35:14.227+0000] {logging_mixin.py:190} INFO - [2026-05-28T09:35:14.226+0000] {dag.py:3239} INFO - Sync 4 DAGs
[2026-05-28T09:35:14.333+0000] {logging_mixin.py:190} INFO - [2026-05-28T09:35:14.332+0000] {dag.py:4180} INFO - Setting next_dagrun for dataset_alias_example_alias_consumer_with_no_taskflow to None, run_after=None
[2026-05-28T09:35:14.346+0000] {logging_mixin.py:190} INFO - [2026-05-28T09:35:14.345+0000] {dag.py:4180} INFO - Setting next_dagrun for dataset_alias_example_alias_producer_with_no_taskflow to None, run_after=None
[2026-05-28T09:35:14.351+0000] {logging_mixin.py:190} INFO - [2026-05-28T09:35:14.350+0000] {dag.py:4180} INFO - Setting next_dagrun for dataset_s3_bucket_consumer_with_no_taskflow to None, run_after=None
[2026-05-28T09:35:14.358+0000] {logging_mixin.py:190} INFO - [2026-05-28T09:35:14.357+0000] {dag.py:4180} INFO - Setting next_dagrun for dataset_s3_bucket_producer_with_no_taskflow to None, run_after=None
[2026-05-28T09:35:14.439+0000] {processor.py:208} INFO - Processing /home/airflow/.local/lib/python3.12/site-packages/airflow/example_dags/example_dataset_alias_with_no_taskflow.py took 18.940 seconds
[2026-05-28T09:35:45.940+0000] {processor.py:186} INFO - Started process (PID=10365) to work on /home/airflow/.local/lib/python3.12/site-packages/airflow/example_dags/example_dataset_alias_with_no_taskflow.py
[2026-05-28T09:35:45.943+0000] {processor.py:914} INFO - Processing file /home/airflow/.local/lib/python3.12/site-packages/airflow/example_dags/example_dataset_alias_with_no_taskflow.py for tasks to queue
[2026-05-28T09:35:45.953+0000] {logging_mixin.py:190} INFO - [2026-05-28T09:35:45.951+0000] {dagbag.py:588} INFO - Filling up the DagBag from /home/airflow/.local/lib/python3.12/site-packages/airflow/example_dags/example_dataset_alias_with_no_taskflow.py
[2026-05-28T09:36:08.299+0000] {processor.py:925} INFO - DAG(s) 'dataset_s3_bucket_consumer_with_no_taskflow', 'dataset_s3_bucket_producer_with_no_taskflow', 'dataset_alias_example_alias_producer_with_no_taskflow', 'dataset_alias_example_alias_consumer_with_no_taskflow' retrieved from /home/airflow/.local/lib/python3.12/site-packages/airflow/example_dags/example_dataset_alias_with_no_taskflow.py
[2026-05-28T09:36:08.348+0000] {logging_mixin.py:190} INFO - [2026-05-28T09:36:08.347+0000] {dag.py:3239} INFO - Sync 4 DAGs
[2026-05-28T09:36:08.394+0000] {logging_mixin.py:190} INFO - [2026-05-28T09:36:08.394+0000] {dag.py:4180} INFO - Setting next_dagrun for dataset_alias_example_alias_consumer_with_no_taskflow to None, run_after=None
[2026-05-28T09:36:08.401+0000] {logging_mixin.py:190} INFO - [2026-05-28T09:36:08.401+0000] {dag.py:4180} INFO - Setting next_dagrun for dataset_alias_example_alias_producer_with_no_taskflow to None, run_after=None
[2026-05-28T09:36:08.406+0000] {logging_mixin.py:190} INFO - [2026-05-28T09:36:08.406+0000] {dag.py:4180} INFO - Setting next_dagrun for dataset_s3_bucket_consumer_with_no_taskflow to None, run_after=None
[2026-05-28T09:36:08.410+0000] {logging_mixin.py:190} INFO - [2026-05-28T09:36:08.409+0000] {dag.py:4180} INFO - Setting next_dagrun for dataset_s3_bucket_producer_with_no_taskflow to None, run_after=None
[2026-05-28T09:36:08.460+0000] {processor.py:208} INFO - Processing /home/airflow/.local/lib/python3.12/site-packages/airflow/example_dags/example_dataset_alias_with_no_taskflow.py took 22.546 seconds
[2026-05-28T09:36:52.972+0000] {processor.py:186} INFO - Started process (PID=10451) to work on /home/airflow/.local/lib/python3.12/site-packages/airflow/example_dags/example_dataset_alias_with_no_taskflow.py
[2026-05-28T09:36:52.974+0000] {processor.py:914} INFO - Processing file /home/airflow/.local/lib/python3.12/site-packages/airflow/example_dags/example_dataset_alias_with_no_taskflow.py for tasks to queue
[2026-05-28T09:36:52.978+0000] {logging_mixin.py:190} INFO - [2026-05-28T09:36:52.976+0000] {dagbag.py:588} INFO - Filling up the DagBag from /home/airflow/.local/lib/python3.12/site-packages/airflow/example_dags/example_dataset_alias_with_no_taskflow.py
[2026-05-28T09:37:17.722+0000] {processor.py:925} INFO - DAG(s) 'dataset_alias_example_alias_consumer_with_no_taskflow', 'dataset_alias_example_alias_producer_with_no_taskflow', 'dataset_s3_bucket_consumer_with_no_taskflow', 'dataset_s3_bucket_producer_with_no_taskflow' retrieved from /home/airflow/.local/lib/python3.12/site-packages/airflow/example_dags/example_dataset_alias_with_no_taskflow.py
[2026-05-28T09:37:17.765+0000] {logging_mixin.py:190} INFO - [2026-05-28T09:37:17.764+0000] {dag.py:3239} INFO - Sync 4 DAGs
[2026-05-28T09:37:17.809+0000] {logging_mixin.py:190} INFO - [2026-05-28T09:37:17.809+0000] {dag.py:4180} INFO - Setting next_dagrun for dataset_alias_example_alias_consumer_with_no_taskflow to None, run_after=None
[2026-05-28T09:37:17.815+0000] {logging_mixin.py:190} INFO - [2026-05-28T09:37:17.815+0000] {dag.py:4180} INFO - Setting next_dagrun for dataset_alias_example_alias_producer_with_no_taskflow to None, run_after=None
[2026-05-28T09:37:17.819+0000] {logging_mixin.py:190} INFO - [2026-05-28T09:37:17.819+0000] {dag.py:4180} INFO - Setting next_dagrun for dataset_s3_bucket_consumer_with_no_taskflow to None, run_after=None
[2026-05-28T09:37:17.823+0000] {logging_mixin.py:190} INFO - [2026-05-28T09:37:17.823+0000] {dag.py:4180} INFO - Setting next_dagrun for dataset_s3_bucket_producer_with_no_taskflow to None, run_after=None
[2026-05-28T09:37:17.876+0000] {processor.py:208} INFO - Processing /home/airflow/.local/lib/python3.12/site-packages/airflow/example_dags/example_dataset_alias_with_no_taskflow.py took 24.929 seconds
[2026-05-28T09:37:50.295+0000] {processor.py:186} INFO - Started process (PID=10536) to work on /home/airflow/.local/lib/python3.12/site-packages/airflow/example_dags/example_dataset_alias_with_no_taskflow.py
[2026-05-28T09:37:50.298+0000] {processor.py:914} INFO - Processing file /home/airflow/.local/lib/python3.12/site-packages/airflow/example_dags/example_dataset_alias_with_no_taskflow.py for tasks to queue
[2026-05-28T09:37:50.303+0000] {logging_mixin.py:190} INFO - [2026-05-28T09:37:50.302+0000] {dagbag.py:588} INFO - Filling up the DagBag from /home/airflow/.local/lib/python3.12/site-packages/airflow/example_dags/example_dataset_alias_with_no_taskflow.py
[2026-05-28T09:38:12.661+0000] {processor.py:925} INFO - DAG(s) 'dataset_alias_example_alias_consumer_with_no_taskflow', 'dataset_s3_bucket_consumer_with_no_taskflow', 'dataset_s3_bucket_producer_with_no_taskflow', 'dataset_alias_example_alias_producer_with_no_taskflow' retrieved from /home/airflow/.local/lib/python3.12/site-packages/airflow/example_dags/example_dataset_alias_with_no_taskflow.py
[2026-05-28T09:38:12.719+0000] {logging_mixin.py:190} INFO - [2026-05-28T09:38:12.717+0000] {dag.py:3239} INFO - Sync 4 DAGs
[2026-05-28T09:38:12.772+0000] {logging_mixin.py:190} INFO - [2026-05-28T09:38:12.771+0000] {dag.py:4180} INFO - Setting next_dagrun for dataset_alias_example_alias_consumer_with_no_taskflow to None, run_after=None
[2026-05-28T09:38:12.782+0000] {logging_mixin.py:190} INFO - [2026-05-28T09:38:12.781+0000] {dag.py:4180} INFO - Setting next_dagrun for dataset_alias_example_alias_producer_with_no_taskflow to None, run_after=None
[2026-05-28T09:38:12.788+0000] {logging_mixin.py:190} INFO - [2026-05-28T09:38:12.787+0000] {dag.py:4180} INFO - Setting next_dagrun for dataset_s3_bucket_consumer_with_no_taskflow to None, run_after=None
[2026-05-28T09:38:12.793+0000] {logging_mixin.py:190} INFO - [2026-05-28T09:38:12.792+0000] {dag.py:4180} INFO - Setting next_dagrun for dataset_s3_bucket_producer_with_no_taskflow to None, run_after=None
[2026-05-28T09:38:12.856+0000] {processor.py:208} INFO - Processing /home/airflow/.local/lib/python3.12/site-packages/airflow/example_dags/example_dataset_alias_with_no_taskflow.py took 22.596 seconds
[2026-05-28T09:39:03.471+0000] {processor.py:186} INFO - Started process (PID=10627) to work on /home/airflow/.local/lib/python3.12/site-packages/airflow/example_dags/example_dataset_alias_with_no_taskflow.py
[2026-05-28T09:39:03.475+0000] {processor.py:914} INFO - Processing file /home/airflow/.local/lib/python3.12/site-packages/airflow/example_dags/example_dataset_alias_with_no_taskflow.py for tasks to queue
[2026-05-28T09:39:03.479+0000] {logging_mixin.py:190} INFO - [2026-05-28T09:39:03.477+0000] {dagbag.py:588} INFO - Filling up the DagBag from /home/airflow/.local/lib/python3.12/site-packages/airflow/example_dags/example_dataset_alias_with_no_taskflow.py
[2026-05-28T09:39:24.664+0000] {processor.py:925} INFO - DAG(s) 'dataset_s3_bucket_consumer_with_no_taskflow', 'dataset_alias_example_alias_consumer_with_no_taskflow', 'dataset_s3_bucket_producer_with_no_taskflow', 'dataset_alias_example_alias_producer_with_no_taskflow' retrieved from /home/airflow/.local/lib/python3.12/site-packages/airflow/example_dags/example_dataset_alias_with_no_taskflow.py
[2026-05-28T09:39:24.718+0000] {logging_mixin.py:190} INFO - [2026-05-28T09:39:24.717+0000] {dag.py:3239} INFO - Sync 4 DAGs
[2026-05-28T09:39:24.769+0000] {logging_mixin.py:190} INFO - [2026-05-28T09:39:24.769+0000] {dag.py:4180} INFO - Setting next_dagrun for dataset_alias_example_alias_consumer_with_no_taskflow to None, run_after=None
[2026-05-28T09:39:24.776+0000] {logging_mixin.py:190} INFO - [2026-05-28T09:39:24.776+0000] {dag.py:4180} INFO - Setting next_dagrun for dataset_alias_example_alias_producer_with_no_taskflow to None, run_after=None
[2026-05-28T09:39:24.781+0000] {logging_mixin.py:190} INFO - [2026-05-28T09:39:24.780+0000] {dag.py:4180} INFO - Setting next_dagrun for dataset_s3_bucket_consumer_with_no_taskflow to None, run_after=None
[2026-05-28T09:39:24.785+0000] {logging_mixin.py:190} INFO - [2026-05-28T09:39:24.785+0000] {dag.py:4180} INFO - Setting next_dagrun for dataset_s3_bucket_producer_with_no_taskflow to None, run_after=None
[2026-05-28T09:39:24.844+0000] {processor.py:208} INFO - Processing /home/airflow/.local/lib/python3.12/site-packages/airflow/example_dags/example_dataset_alias_with_no_taskflow.py took 21.393 seconds
[2026-05-28T09:40:07.378+0000] {processor.py:186} INFO - Started process (PID=10712) to work on /home/airflow/.local/lib/python3.12/site-packages/airflow/example_dags/example_dataset_alias_with_no_taskflow.py
[2026-05-28T09:40:07.381+0000] {processor.py:914} INFO - Processing file /home/airflow/.local/lib/python3.12/site-packages/airflow/example_dags/example_dataset_alias_with_no_taskflow.py for tasks to queue
[2026-05-28T09:40:07.384+0000] {logging_mixin.py:190} INFO - [2026-05-28T09:40:07.383+0000] {dagbag.py:588} INFO - Filling up the DagBag from /home/airflow/.local/lib/python3.12/site-packages/airflow/example_dags/example_dataset_alias_with_no_taskflow.py
[2026-05-28T09:40:28.471+0000] {processor.py:925} INFO - DAG(s) 'dataset_alias_example_alias_consumer_with_no_taskflow', 'dataset_s3_bucket_producer_with_no_taskflow', 'dataset_alias_example_alias_producer_with_no_taskflow', 'dataset_s3_bucket_consumer_with_no_taskflow' retrieved from /home/airflow/.local/lib/python3.12/site-packages/airflow/example_dags/example_dataset_alias_with_no_taskflow.py
[2026-05-28T09:40:28.534+0000] {logging_mixin.py:190} INFO - [2026-05-28T09:40:28.532+0000] {dag.py:3239} INFO - Sync 4 DAGs
[2026-05-28T09:40:28.595+0000] {logging_mixin.py:190} INFO - [2026-05-28T09:40:28.594+0000] {dag.py:4180} INFO - Setting next_dagrun for dataset_alias_example_alias_consumer_with_no_taskflow to None, run_after=None
[2026-05-28T09:40:28.603+0000] {logging_mixin.py:190} INFO - [2026-05-28T09:40:28.603+0000] {dag.py:4180} INFO - Setting next_dagrun for dataset_alias_example_alias_producer_with_no_taskflow to None, run_after=None
[2026-05-28T09:40:28.607+0000] {logging_mixin.py:190} INFO - [2026-05-28T09:40:28.607+0000] {dag.py:4180} INFO - Setting next_dagrun for dataset_s3_bucket_consumer_with_no_taskflow to None, run_after=None
[2026-05-28T09:40:28.612+0000] {logging_mixin.py:190} INFO - [2026-05-28T09:40:28.611+0000] {dag.py:4180} INFO - Setting next_dagrun for dataset_s3_bucket_producer_with_no_taskflow to None, run_after=None
[2026-05-28T09:40:28.666+0000] {processor.py:208} INFO - Processing /home/airflow/.local/lib/python3.12/site-packages/airflow/example_dags/example_dataset_alias_with_no_taskflow.py took 21.306 seconds
[2026-05-28T09:41:09.899+0000] {processor.py:186} INFO - Started process (PID=10793) to work on /home/airflow/.local/lib/python3.12/site-packages/airflow/example_dags/example_dataset_alias_with_no_taskflow.py
[2026-05-28T09:41:09.902+0000] {processor.py:914} INFO - Processing file /home/airflow/.local/lib/python3.12/site-packages/airflow/example_dags/example_dataset_alias_with_no_taskflow.py for tasks to queue
[2026-05-28T09:41:09.906+0000] {logging_mixin.py:190} INFO - [2026-05-28T09:41:09.905+0000] {dagbag.py:588} INFO - Filling up the DagBag from /home/airflow/.local/lib/python3.12/site-packages/airflow/example_dags/example_dataset_alias_with_no_taskflow.py
[2026-05-28T09:41:30.703+0000] {processor.py:925} INFO - DAG(s) 'dataset_s3_bucket_producer_with_no_taskflow', 'dataset_alias_example_alias_producer_with_no_taskflow', 'dataset_alias_example_alias_consumer_with_no_taskflow', 'dataset_s3_bucket_consumer_with_no_taskflow' retrieved from /home/airflow/.local/lib/python3.12/site-packages/airflow/example_dags/example_dataset_alias_with_no_taskflow.py
[2026-05-28T09:41:30.758+0000] {logging_mixin.py:190} INFO - [2026-05-28T09:41:30.757+0000] {dag.py:3239} INFO - Sync 4 DAGs
[2026-05-28T09:41:30.801+0000] {logging_mixin.py:190} INFO - [2026-05-28T09:41:30.801+0000] {dag.py:4180} INFO - Setting next_dagrun for dataset_alias_example_alias_consumer_with_no_taskflow to None, run_after=None
[2026-05-28T09:41:30.809+0000] {logging_mixin.py:190} INFO - [2026-05-28T09:41:30.809+0000] {dag.py:4180} INFO - Setting next_dagrun for dataset_alias_example_alias_producer_with_no_taskflow to None, run_after=None
[2026-05-28T09:41:30.813+0000] {logging_mixin.py:190} INFO - [2026-05-28T09:41:30.813+0000] {dag.py:4180} INFO - Setting next_dagrun for dataset_s3_bucket_consumer_with_no_taskflow to None, run_after=None
[2026-05-28T09:41:30.817+0000] {logging_mixin.py:190} INFO - [2026-05-28T09:41:30.817+0000] {dag.py:4180} INFO - Setting next_dagrun for dataset_s3_bucket_producer_with_no_taskflow to None, run_after=None
[2026-05-28T09:41:30.872+0000] {processor.py:208} INFO - Processing /home/airflow/.local/lib/python3.12/site-packages/airflow/example_dags/example_dataset_alias_with_no_taskflow.py took 20.991 seconds
[2026-05-28T09:42:17.688+0000] {processor.py:186} INFO - Started process (PID=10882) to work on /home/airflow/.local/lib/python3.12/site-packages/airflow/example_dags/example_dataset_alias_with_no_taskflow.py
[2026-05-28T09:42:17.690+0000] {processor.py:914} INFO - Processing file /home/airflow/.local/lib/python3.12/site-packages/airflow/example_dags/example_dataset_alias_with_no_taskflow.py for tasks to queue
[2026-05-28T09:42:17.694+0000] {logging_mixin.py:190} INFO - [2026-05-28T09:42:17.693+0000] {dagbag.py:588} INFO - Filling up the DagBag from /home/airflow/.local/lib/python3.12/site-packages/airflow/example_dags/example_dataset_alias_with_no_taskflow.py
[2026-05-28T09:42:38.118+0000] {processor.py:925} INFO - DAG(s) 'dataset_alias_example_alias_producer_with_no_taskflow', 'dataset_alias_example_alias_consumer_with_no_taskflow', 'dataset_s3_bucket_consumer_with_no_taskflow', 'dataset_s3_bucket_producer_with_no_taskflow' retrieved from /home/airflow/.local/lib/python3.12/site-packages/airflow/example_dags/example_dataset_alias_with_no_taskflow.py
[2026-05-28T09:42:38.178+0000] {logging_mixin.py:190} INFO - [2026-05-28T09:42:38.177+0000] {dag.py:3239} INFO - Sync 4 DAGs
[2026-05-28T09:42:38.254+0000] {logging_mixin.py:190} INFO - [2026-05-28T09:42:38.253+0000] {dag.py:4180} INFO - Setting next_dagrun for dataset_alias_example_alias_consumer_with_no_taskflow to None, run_after=None
[2026-05-28T09:42:38.262+0000] {logging_mixin.py:190} INFO - [2026-05-28T09:42:38.262+0000] {dag.py:4180} INFO - Setting next_dagrun for dataset_alias_example_alias_producer_with_no_taskflow to None, run_after=None
[2026-05-28T09:42:38.269+0000] {logging_mixin.py:190} INFO - [2026-05-28T09:42:38.268+0000] {dag.py:4180} INFO - Setting next_dagrun for dataset_s3_bucket_consumer_with_no_taskflow to None, run_after=None
[2026-05-28T09:42:38.278+0000] {logging_mixin.py:190} INFO - [2026-05-28T09:42:38.276+0000] {dag.py:4180} INFO - Setting next_dagrun for dataset_s3_bucket_producer_with_no_taskflow to None, run_after=None
[2026-05-28T09:42:38.383+0000] {processor.py:208} INFO - Processing /home/airflow/.local/lib/python3.12/site-packages/airflow/example_dags/example_dataset_alias_with_no_taskflow.py took 20.714 seconds
[2026-05-28T09:43:18.171+0000] {processor.py:186} INFO - Started process (PID=10982) to work on /home/airflow/.local/lib/python3.12/site-packages/airflow/example_dags/example_dataset_alias_with_no_taskflow.py
[2026-05-28T09:43:18.174+0000] {processor.py:914} INFO - Processing file /home/airflow/.local/lib/python3.12/site-packages/airflow/example_dags/example_dataset_alias_with_no_taskflow.py for tasks to queue
[2026-05-28T09:43:18.178+0000] {logging_mixin.py:190} INFO - [2026-05-28T09:43:18.177+0000] {dagbag.py:588} INFO - Filling up the DagBag from /home/airflow/.local/lib/python3.12/site-packages/airflow/example_dags/example_dataset_alias_with_no_taskflow.py
[2026-05-28T09:43:40.696+0000] {processor.py:925} INFO - DAG(s) 'dataset_alias_example_alias_consumer_with_no_taskflow', 'dataset_s3_bucket_consumer_with_no_taskflow', 'dataset_alias_example_alias_producer_with_no_taskflow', 'dataset_s3_bucket_producer_with_no_taskflow' retrieved from /home/airflow/.local/lib/python3.12/site-packages/airflow/example_dags/example_dataset_alias_with_no_taskflow.py
[2026-05-28T09:43:40.806+0000] {logging_mixin.py:190} INFO - [2026-05-28T09:43:40.805+0000] {dag.py:3239} INFO - Sync 4 DAGs
[2026-05-28T09:43:40.904+0000] {logging_mixin.py:190} INFO - [2026-05-28T09:43:40.903+0000] {dag.py:4180} INFO - Setting next_dagrun for dataset_alias_example_alias_consumer_with_no_taskflow to None, run_after=None
[2026-05-28T09:43:40.942+0000] {logging_mixin.py:190} INFO - [2026-05-28T09:43:40.941+0000] {dag.py:4180} INFO - Setting next_dagrun for dataset_alias_example_alias_producer_with_no_taskflow to None, run_after=None
[2026-05-28T09:43:40.948+0000] {logging_mixin.py:190} INFO - [2026-05-28T09:43:40.947+0000] {dag.py:4180} INFO - Setting next_dagrun for dataset_s3_bucket_consumer_with_no_taskflow to None, run_after=None
[2026-05-28T09:43:40.956+0000] {logging_mixin.py:190} INFO - [2026-05-28T09:43:40.955+0000] {dag.py:4180} INFO - Setting next_dagrun for dataset_s3_bucket_producer_with_no_taskflow to None, run_after=None
[2026-05-28T09:43:41.076+0000] {processor.py:208} INFO - Processing /home/airflow/.local/lib/python3.12/site-packages/airflow/example_dags/example_dataset_alias_with_no_taskflow.py took 22.926 seconds
[2026-05-28T09:44:34.826+0000] {processor.py:186} INFO - Started process (PID=11113) to work on /home/airflow/.local/lib/python3.12/site-packages/airflow/example_dags/example_dataset_alias_with_no_taskflow.py
[2026-05-28T09:44:34.830+0000] {processor.py:914} INFO - Processing file /home/airflow/.local/lib/python3.12/site-packages/airflow/example_dags/example_dataset_alias_with_no_taskflow.py for tasks to queue
[2026-05-28T09:44:34.836+0000] {logging_mixin.py:190} INFO - [2026-05-28T09:44:34.835+0000] {dagbag.py:588} INFO - Filling up the DagBag from /home/airflow/.local/lib/python3.12/site-packages/airflow/example_dags/example_dataset_alias_with_no_taskflow.py
[2026-05-28T09:44:58.462+0000] {processor.py:925} INFO - DAG(s) 'dataset_alias_example_alias_consumer_with_no_taskflow', 'dataset_s3_bucket_consumer_with_no_taskflow', 'dataset_alias_example_alias_producer_with_no_taskflow', 'dataset_s3_bucket_producer_with_no_taskflow' retrieved from /home/airflow/.local/lib/python3.12/site-packages/airflow/example_dags/example_dataset_alias_with_no_taskflow.py
[2026-05-28T09:44:58.510+0000] {logging_mixin.py:190} INFO - [2026-05-28T09:44:58.508+0000] {dag.py:3239} INFO - Sync 4 DAGs
[2026-05-28T09:44:58.575+0000] {logging_mixin.py:190} INFO - [2026-05-28T09:44:58.574+0000] {dag.py:4180} INFO - Setting next_dagrun for dataset_alias_example_alias_consumer_with_no_taskflow to None, run_after=None
[2026-05-28T09:44:58.589+0000] {logging_mixin.py:190} INFO - [2026-05-28T09:44:58.588+0000] {dag.py:4180} INFO - Setting next_dagrun for dataset_alias_example_alias_producer_with_no_taskflow to None, run_after=None
[2026-05-28T09:44:58.597+0000] {logging_mixin.py:190} INFO - [2026-05-28T09:44:58.596+0000] {dag.py:4180} INFO - Setting next_dagrun for dataset_s3_bucket_consumer_with_no_taskflow to None, run_after=None
[2026-05-28T09:44:58.602+0000] {logging_mixin.py:190} INFO - [2026-05-28T09:44:58.601+0000] {dag.py:4180} INFO - Setting next_dagrun for dataset_s3_bucket_producer_with_no_taskflow to None, run_after=None
[2026-05-28T09:44:58.664+0000] {processor.py:208} INFO - Processing /home/airflow/.local/lib/python3.12/site-packages/airflow/example_dags/example_dataset_alias_with_no_taskflow.py took 23.863 seconds
[2026-05-28T09:45:55.325+0000] {processor.py:186} INFO - Started process (PID=11206) to work on /home/airflow/.local/lib/python3.12/site-packages/airflow/example_dags/example_dataset_alias_with_no_taskflow.py
[2026-05-28T09:45:55.328+0000] {processor.py:914} INFO - Processing file /home/airflow/.local/lib/python3.12/site-packages/airflow/example_dags/example_dataset_alias_with_no_taskflow.py for tasks to queue
[2026-05-28T09:45:55.333+0000] {logging_mixin.py:190} INFO - [2026-05-28T09:45:55.332+0000] {dagbag.py:588} INFO - Filling up the DagBag from /home/airflow/.local/lib/python3.12/site-packages/airflow/example_dags/example_dataset_alias_with_no_taskflow.py
[2026-05-28T09:46:18.503+0000] {processor.py:925} INFO - DAG(s) 'dataset_s3_bucket_producer_with_no_taskflow', 'dataset_alias_example_alias_producer_with_no_taskflow', 'dataset_s3_bucket_consumer_with_no_taskflow', 'dataset_alias_example_alias_consumer_with_no_taskflow' retrieved from /home/airflow/.local/lib/python3.12/site-packages/airflow/example_dags/example_dataset_alias_with_no_taskflow.py
[2026-05-28T09:46:18.552+0000] {logging_mixin.py:190} INFO - [2026-05-28T09:46:18.551+0000] {dag.py:3239} INFO - Sync 4 DAGs
[2026-05-28T09:46:18.600+0000] {logging_mixin.py:190} INFO - [2026-05-28T09:46:18.600+0000] {dag.py:4180} INFO - Setting next_dagrun for dataset_alias_example_alias_consumer_with_no_taskflow to None, run_after=None
[2026-05-28T09:46:18.612+0000] {logging_mixin.py:190} INFO - [2026-05-28T09:46:18.612+0000] {dag.py:4180} INFO - Setting next_dagrun for dataset_alias_example_alias_producer_with_no_taskflow to None, run_after=None
[2026-05-28T09:46:18.616+0000] {logging_mixin.py:190} INFO - [2026-05-28T09:46:18.616+0000] {dag.py:4180} INFO - Setting next_dagrun for dataset_s3_bucket_consumer_with_no_taskflow to None, run_after=None
[2026-05-28T09:46:18.620+0000] {logging_mixin.py:190} INFO - [2026-05-28T09:46:18.620+0000] {dag.py:4180} INFO - Setting next_dagrun for dataset_s3_bucket_producer_with_no_taskflow to None, run_after=None
[2026-05-28T09:46:18.673+0000] {processor.py:208} INFO - Processing /home/airflow/.local/lib/python3.12/site-packages/airflow/example_dags/example_dataset_alias_with_no_taskflow.py took 23.374 seconds
[2026-05-28T09:47:09.246+0000] {processor.py:186} INFO - Started process (PID=11305) to work on /home/airflow/.local/lib/python3.12/site-packages/airflow/example_dags/example_dataset_alias_with_no_taskflow.py
[2026-05-28T09:47:09.249+0000] {processor.py:914} INFO - Processing file /home/airflow/.local/lib/python3.12/site-packages/airflow/example_dags/example_dataset_alias_with_no_taskflow.py for tasks to queue
[2026-05-28T09:47:09.254+0000] {logging_mixin.py:190} INFO - [2026-05-28T09:47:09.252+0000] {dagbag.py:588} INFO - Filling up the DagBag from /home/airflow/.local/lib/python3.12/site-packages/airflow/example_dags/example_dataset_alias_with_no_taskflow.py
[2026-05-28T09:47:34.407+0000] {processor.py:925} INFO - DAG(s) 'dataset_alias_example_alias_producer_with_no_taskflow', 'dataset_s3_bucket_producer_with_no_taskflow', 'dataset_s3_bucket_consumer_with_no_taskflow', 'dataset_alias_example_alias_consumer_with_no_taskflow' retrieved from /home/airflow/.local/lib/python3.12/site-packages/airflow/example_dags/example_dataset_alias_with_no_taskflow.py
[2026-05-28T09:47:34.478+0000] {logging_mixin.py:190} INFO - [2026-05-28T09:47:34.477+0000] {dag.py:3239} INFO - Sync 4 DAGs
[2026-05-28T09:47:34.543+0000] {logging_mixin.py:190} INFO - [2026-05-28T09:47:34.542+0000] {dag.py:4180} INFO - Setting next_dagrun for dataset_alias_example_alias_consumer_with_no_taskflow to None, run_after=None
[2026-05-28T09:47:34.559+0000] {logging_mixin.py:190} INFO - [2026-05-28T09:47:34.558+0000] {dag.py:4180} INFO - Setting next_dagrun for dataset_alias_example_alias_producer_with_no_taskflow to None, run_after=None
[2026-05-28T09:47:34.564+0000] {logging_mixin.py:190} INFO - [2026-05-28T09:47:34.564+0000] {dag.py:4180} INFO - Setting next_dagrun for dataset_s3_bucket_consumer_with_no_taskflow to None, run_after=None
[2026-05-28T09:47:34.571+0000] {logging_mixin.py:190} INFO - [2026-05-28T09:47:34.571+0000] {dag.py:4180} INFO - Setting next_dagrun for dataset_s3_bucket_producer_with_no_taskflow to None, run_after=None
[2026-05-28T09:47:34.647+0000] {processor.py:208} INFO - Processing /home/airflow/.local/lib/python3.12/site-packages/airflow/example_dags/example_dataset_alias_with_no_taskflow.py took 25.418 seconds
[2026-05-28T09:48:07.718+0000] {processor.py:186} INFO - Started process (PID=11372) to work on /home/airflow/.local/lib/python3.12/site-packages/airflow/example_dags/example_dataset_alias_with_no_taskflow.py
[2026-05-28T09:48:07.721+0000] {processor.py:914} INFO - Processing file /home/airflow/.local/lib/python3.12/site-packages/airflow/example_dags/example_dataset_alias_with_no_taskflow.py for tasks to queue
[2026-05-28T09:48:07.726+0000] {logging_mixin.py:190} INFO - [2026-05-28T09:48:07.725+0000] {dagbag.py:588} INFO - Filling up the DagBag from /home/airflow/.local/lib/python3.12/site-packages/airflow/example_dags/example_dataset_alias_with_no_taskflow.py
[2026-05-28T09:48:32.847+0000] {processor.py:925} INFO - DAG(s) 'dataset_s3_bucket_producer_with_no_taskflow', 'dataset_s3_bucket_consumer_with_no_taskflow', 'dataset_alias_example_alias_consumer_with_no_taskflow', 'dataset_alias_example_alias_producer_with_no_taskflow' retrieved from /home/airflow/.local/lib/python3.12/site-packages/airflow/example_dags/example_dataset_alias_with_no_taskflow.py
[2026-05-28T09:48:32.908+0000] {logging_mixin.py:190} INFO - [2026-05-28T09:48:32.906+0000] {dag.py:3239} INFO - Sync 4 DAGs
[2026-05-28T09:48:32.970+0000] {logging_mixin.py:190} INFO - [2026-05-28T09:48:32.970+0000] {dag.py:4180} INFO - Setting next_dagrun for dataset_alias_example_alias_consumer_with_no_taskflow to None, run_after=None
[2026-05-28T09:48:32.979+0000] {logging_mixin.py:190} INFO - [2026-05-28T09:48:32.978+0000] {dag.py:4180} INFO - Setting next_dagrun for dataset_alias_example_alias_producer_with_no_taskflow to None, run_after=None
[2026-05-28T09:48:32.984+0000] {logging_mixin.py:190} INFO - [2026-05-28T09:48:32.983+0000] {dag.py:4180} INFO - Setting next_dagrun for dataset_s3_bucket_consumer_with_no_taskflow to None, run_after=None
[2026-05-28T09:48:32.988+0000] {logging_mixin.py:190} INFO - [2026-05-28T09:48:32.987+0000] {dag.py:4180} INFO - Setting next_dagrun for dataset_s3_bucket_producer_with_no_taskflow to None, run_after=None
[2026-05-28T09:48:33.104+0000] {processor.py:208} INFO - Processing /home/airflow/.local/lib/python3.12/site-packages/airflow/example_dags/example_dataset_alias_with_no_taskflow.py took 25.404 seconds
[2026-05-28T09:49:28.307+0000] {processor.py:186} INFO - Started process (PID=11461) to work on /home/airflow/.local/lib/python3.12/site-packages/airflow/example_dags/example_dataset_alias_with_no_taskflow.py
[2026-05-28T09:49:28.311+0000] {processor.py:914} INFO - Processing file /home/airflow/.local/lib/python3.12/site-packages/airflow/example_dags/example_dataset_alias_with_no_taskflow.py for tasks to queue
[2026-05-28T09:49:28.317+0000] {logging_mixin.py:190} INFO - [2026-05-28T09:49:28.316+0000] {dagbag.py:588} INFO - Filling up the DagBag from /home/airflow/.local/lib/python3.12/site-packages/airflow/example_dags/example_dataset_alias_with_no_taskflow.py
[2026-05-28T09:49:55.988+0000] {processor.py:925} INFO - DAG(s) 'dataset_s3_bucket_producer_with_no_taskflow', 'dataset_alias_example_alias_consumer_with_no_taskflow', 'dataset_s3_bucket_consumer_with_no_taskflow', 'dataset_alias_example_alias_producer_with_no_taskflow' retrieved from /home/airflow/.local/lib/python3.12/site-packages/airflow/example_dags/example_dataset_alias_with_no_taskflow.py
[2026-05-28T09:49:56.103+0000] {logging_mixin.py:190} INFO - [2026-05-28T09:49:56.100+0000] {dag.py:3239} INFO - Sync 4 DAGs
[2026-05-28T09:49:56.208+0000] {logging_mixin.py:190} INFO - [2026-05-28T09:49:56.207+0000] {dag.py:4180} INFO - Setting next_dagrun for dataset_alias_example_alias_consumer_with_no_taskflow to None, run_after=None
[2026-05-28T09:49:56.252+0000] {logging_mixin.py:190} INFO - [2026-05-28T09:49:56.251+0000] {dag.py:4180} INFO - Setting next_dagrun for dataset_alias_example_alias_producer_with_no_taskflow to None, run_after=None
[2026-05-28T09:49:56.272+0000] {logging_mixin.py:190} INFO - [2026-05-28T09:49:56.272+0000] {dag.py:4180} INFO - Setting next_dagrun for dataset_s3_bucket_consumer_with_no_taskflow to None, run_after=None
[2026-05-28T09:49:56.305+0000] {logging_mixin.py:190} INFO - [2026-05-28T09:49:56.304+0000] {dag.py:4180} INFO - Setting next_dagrun for dataset_s3_bucket_producer_with_no_taskflow to None, run_after=None
[2026-05-28T09:49:56.464+0000] {processor.py:208} INFO - Processing /home/airflow/.local/lib/python3.12/site-packages/airflow/example_dags/example_dataset_alias_with_no_taskflow.py took 28.187 seconds
[2026-05-28T09:50:37.358+0000] {processor.py:186} INFO - Started process (PID=11555) to work on /home/airflow/.local/lib/python3.12/site-packages/airflow/example_dags/example_dataset_alias_with_no_taskflow.py
[2026-05-28T09:50:37.362+0000] {processor.py:914} INFO - Processing file /home/airflow/.local/lib/python3.12/site-packages/airflow/example_dags/example_dataset_alias_with_no_taskflow.py for tasks to queue
[2026-05-28T09:50:37.367+0000] {logging_mixin.py:190} INFO - [2026-05-28T09:50:37.366+0000] {dagbag.py:588} INFO - Filling up the DagBag from /home/airflow/.local/lib/python3.12/site-packages/airflow/example_dags/example_dataset_alias_with_no_taskflow.py
[2026-05-28T09:51:01.134+0000] {processor.py:925} INFO - DAG(s) 'dataset_alias_example_alias_consumer_with_no_taskflow', 'dataset_s3_bucket_producer_with_no_taskflow', 'dataset_s3_bucket_consumer_with_no_taskflow', 'dataset_alias_example_alias_producer_with_no_taskflow' retrieved from /home/airflow/.local/lib/python3.12/site-packages/airflow/example_dags/example_dataset_alias_with_no_taskflow.py
[2026-05-28T09:51:01.239+0000] {logging_mixin.py:190} INFO - [2026-05-28T09:51:01.237+0000] {dag.py:3239} INFO - Sync 4 DAGs
[2026-05-28T09:51:01.303+0000] {logging_mixin.py:190} INFO - [2026-05-28T09:51:01.302+0000] {dag.py:4180} INFO - Setting next_dagrun for dataset_alias_example_alias_consumer_with_no_taskflow to None, run_after=None
[2026-05-28T09:51:01.313+0000] {logging_mixin.py:190} INFO - [2026-05-28T09:51:01.312+0000] {dag.py:4180} INFO - Setting next_dagrun for dataset_alias_example_alias_producer_with_no_taskflow to None, run_after=None
[2026-05-28T09:51:01.318+0000] {logging_mixin.py:190} INFO - [2026-05-28T09:51:01.317+0000] {dag.py:4180} INFO - Setting next_dagrun for dataset_s3_bucket_consumer_with_no_taskflow to None, run_after=None
[2026-05-28T09:51:01.323+0000] {logging_mixin.py:190} INFO - [2026-05-28T09:51:01.323+0000] {dag.py:4180} INFO - Setting next_dagrun for dataset_s3_bucket_producer_with_no_taskflow to None, run_after=None
[2026-05-28T09:51:01.379+0000] {processor.py:208} INFO - Processing /home/airflow/.local/lib/python3.12/site-packages/airflow/example_dags/example_dataset_alias_with_no_taskflow.py took 24.043 seconds
[2026-05-28T09:51:46.807+0000] {processor.py:186} INFO - Started process (PID=11623) to work on /home/airflow/.local/lib/python3.12/site-packages/airflow/example_dags/example_dataset_alias_with_no_taskflow.py
[2026-05-28T09:51:46.810+0000] {processor.py:914} INFO - Processing file /home/airflow/.local/lib/python3.12/site-packages/airflow/example_dags/example_dataset_alias_with_no_taskflow.py for tasks to queue
[2026-05-28T09:51:46.814+0000] {logging_mixin.py:190} INFO - [2026-05-28T09:51:46.813+0000] {dagbag.py:588} INFO - Filling up the DagBag from /home/airflow/.local/lib/python3.12/site-packages/airflow/example_dags/example_dataset_alias_with_no_taskflow.py
[2026-05-28T09:52:09.441+0000] {processor.py:925} INFO - DAG(s) 'dataset_alias_example_alias_producer_with_no_taskflow', 'dataset_s3_bucket_consumer_with_no_taskflow', 'dataset_alias_example_alias_consumer_with_no_taskflow', 'dataset_s3_bucket_producer_with_no_taskflow' retrieved from /home/airflow/.local/lib/python3.12/site-packages/airflow/example_dags/example_dataset_alias_with_no_taskflow.py
[2026-05-28T09:52:09.520+0000] {logging_mixin.py:190} INFO - [2026-05-28T09:52:09.519+0000] {dag.py:3239} INFO - Sync 4 DAGs
[2026-05-28T09:52:09.604+0000] {logging_mixin.py:190} INFO - [2026-05-28T09:52:09.604+0000] {dag.py:4180} INFO - Setting next_dagrun for dataset_alias_example_alias_consumer_with_no_taskflow to None, run_after=None
[2026-05-28T09:52:09.613+0000] {logging_mixin.py:190} INFO - [2026-05-28T09:52:09.612+0000] {dag.py:4180} INFO - Setting next_dagrun for dataset_alias_example_alias_producer_with_no_taskflow to None, run_after=None
[2026-05-28T09:52:09.618+0000] {logging_mixin.py:190} INFO - [2026-05-28T09:52:09.618+0000] {dag.py:4180} INFO - Setting next_dagrun for dataset_s3_bucket_consumer_with_no_taskflow to None, run_after=None
[2026-05-28T09:52:09.623+0000] {logging_mixin.py:190} INFO - [2026-05-28T09:52:09.622+0000] {dag.py:4180} INFO - Setting next_dagrun for dataset_s3_bucket_producer_with_no_taskflow to None, run_after=None
[2026-05-28T09:52:09.692+0000] {processor.py:208} INFO - Processing /home/airflow/.local/lib/python3.12/site-packages/airflow/example_dags/example_dataset_alias_with_no_taskflow.py took 22.908 seconds
[2026-05-28T09:53:02.273+0000] {processor.py:186} INFO - Started process (PID=11719) to work on /home/airflow/.local/lib/python3.12/site-packages/airflow/example_dags/example_dataset_alias_with_no_taskflow.py
[2026-05-28T09:53:02.278+0000] {processor.py:914} INFO - Processing file /home/airflow/.local/lib/python3.12/site-packages/airflow/example_dags/example_dataset_alias_with_no_taskflow.py for tasks to queue
[2026-05-28T09:53:02.281+0000] {logging_mixin.py:190} INFO - [2026-05-28T09:53:02.280+0000] {dagbag.py:588} INFO - Filling up the DagBag from /home/airflow/.local/lib/python3.12/site-packages/airflow/example_dags/example_dataset_alias_with_no_taskflow.py
[2026-05-28T09:53:25.951+0000] {processor.py:925} INFO - DAG(s) 'dataset_s3_bucket_producer_with_no_taskflow', 'dataset_alias_example_alias_consumer_with_no_taskflow', 'dataset_s3_bucket_consumer_with_no_taskflow', 'dataset_alias_example_alias_producer_with_no_taskflow' retrieved from /home/airflow/.local/lib/python3.12/site-packages/airflow/example_dags/example_dataset_alias_with_no_taskflow.py
[2026-05-28T09:53:26.013+0000] {logging_mixin.py:190} INFO - [2026-05-28T09:53:26.012+0000] {dag.py:3239} INFO - Sync 4 DAGs
[2026-05-28T09:53:26.102+0000] {logging_mixin.py:190} INFO - [2026-05-28T09:53:26.101+0000] {dag.py:4180} INFO - Setting next_dagrun for dataset_alias_example_alias_consumer_with_no_taskflow to None, run_after=None
[2026-05-28T09:53:26.123+0000] {logging_mixin.py:190} INFO - [2026-05-28T09:53:26.121+0000] {dag.py:4180} INFO - Setting next_dagrun for dataset_alias_example_alias_producer_with_no_taskflow to None, run_after=None
[2026-05-28T09:53:26.133+0000] {logging_mixin.py:190} INFO - [2026-05-28T09:53:26.132+0000] {dag.py:4180} INFO - Setting next_dagrun for dataset_s3_bucket_consumer_with_no_taskflow to None, run_after=None
[2026-05-28T09:53:26.140+0000] {logging_mixin.py:190} INFO - [2026-05-28T09:53:26.139+0000] {dag.py:4180} INFO - Setting next_dagrun for dataset_s3_bucket_producer_with_no_taskflow to None, run_after=None
[2026-05-28T09:53:26.224+0000] {processor.py:208} INFO - Processing /home/airflow/.local/lib/python3.12/site-packages/airflow/example_dags/example_dataset_alias_with_no_taskflow.py took 23.972 seconds
[2026-05-28T09:54:32.770+0000] {processor.py:186} INFO - Started process (PID=11800) to work on /home/airflow/.local/lib/python3.12/site-packages/airflow/example_dags/example_dataset_alias_with_no_taskflow.py
[2026-05-28T09:54:32.776+0000] {processor.py:914} INFO - Processing file /home/airflow/.local/lib/python3.12/site-packages/airflow/example_dags/example_dataset_alias_with_no_taskflow.py for tasks to queue
[2026-05-28T09:54:32.779+0000] {logging_mixin.py:190} INFO - [2026-05-28T09:54:32.779+0000] {dagbag.py:588} INFO - Filling up the DagBag from /home/airflow/.local/lib/python3.12/site-packages/airflow/example_dags/example_dataset_alias_with_no_taskflow.py
[2026-05-28T09:55:01.322+0000] {processor.py:925} INFO - DAG(s) 'dataset_s3_bucket_producer_with_no_taskflow', 'dataset_s3_bucket_consumer_with_no_taskflow', 'dataset_alias_example_alias_producer_with_no_taskflow', 'dataset_alias_example_alias_consumer_with_no_taskflow' retrieved from /home/airflow/.local/lib/python3.12/site-packages/airflow/example_dags/example_dataset_alias_with_no_taskflow.py
[2026-05-28T09:55:01.387+0000] {logging_mixin.py:190} INFO - [2026-05-28T09:55:01.385+0000] {dag.py:3239} INFO - Sync 4 DAGs
[2026-05-28T09:55:01.448+0000] {logging_mixin.py:190} INFO - [2026-05-28T09:55:01.447+0000] {dag.py:4180} INFO - Setting next_dagrun for dataset_alias_example_alias_consumer_with_no_taskflow to None, run_after=None
[2026-05-28T09:55:01.455+0000] {logging_mixin.py:190} INFO - [2026-05-28T09:55:01.455+0000] {dag.py:4180} INFO - Setting next_dagrun for dataset_alias_example_alias_producer_with_no_taskflow to None, run_after=None
[2026-05-28T09:55:01.459+0000] {logging_mixin.py:190} INFO - [2026-05-28T09:55:01.458+0000] {dag.py:4180} INFO - Setting next_dagrun for dataset_s3_bucket_consumer_with_no_taskflow to None, run_after=None
[2026-05-28T09:55:01.464+0000] {logging_mixin.py:190} INFO - [2026-05-28T09:55:01.463+0000] {dag.py:4180} INFO - Setting next_dagrun for dataset_s3_bucket_producer_with_no_taskflow to None, run_after=None
[2026-05-28T09:55:01.519+0000] {processor.py:208} INFO - Processing /home/airflow/.local/lib/python3.12/site-packages/airflow/example_dags/example_dataset_alias_with_no_taskflow.py took 28.769 seconds
[2026-05-28T09:55:55.776+0000] {processor.py:186} INFO - Started process (PID=11916) to work on /home/airflow/.local/lib/python3.12/site-packages/airflow/example_dags/example_dataset_alias_with_no_taskflow.py
[2026-05-28T09:55:55.782+0000] {processor.py:914} INFO - Processing file /home/airflow/.local/lib/python3.12/site-packages/airflow/example_dags/example_dataset_alias_with_no_taskflow.py for tasks to queue
[2026-05-28T09:55:55.788+0000] {logging_mixin.py:190} INFO - [2026-05-28T09:55:55.786+0000] {dagbag.py:588} INFO - Filling up the DagBag from /home/airflow/.local/lib/python3.12/site-packages/airflow/example_dags/example_dataset_alias_with_no_taskflow.py
[2026-05-28T09:56:21.528+0000] {processor.py:925} INFO - DAG(s) 'dataset_alias_example_alias_consumer_with_no_taskflow', 'dataset_s3_bucket_producer_with_no_taskflow', 'dataset_s3_bucket_consumer_with_no_taskflow', 'dataset_alias_example_alias_producer_with_no_taskflow' retrieved from /home/airflow/.local/lib/python3.12/site-packages/airflow/example_dags/example_dataset_alias_with_no_taskflow.py
[2026-05-28T09:56:21.578+0000] {logging_mixin.py:190} INFO - [2026-05-28T09:56:21.577+0000] {dag.py:3239} INFO - Sync 4 DAGs
[2026-05-28T09:56:21.622+0000] {logging_mixin.py:190} INFO - [2026-05-28T09:56:21.622+0000] {dag.py:4180} INFO - Setting next_dagrun for dataset_alias_example_alias_consumer_with_no_taskflow to None, run_after=None
[2026-05-28T09:56:21.629+0000] {logging_mixin.py:190} INFO - [2026-05-28T09:56:21.629+0000] {dag.py:4180} INFO - Setting next_dagrun for dataset_alias_example_alias_producer_with_no_taskflow to None, run_after=None
[2026-05-28T09:56:21.634+0000] {logging_mixin.py:190} INFO - [2026-05-28T09:56:21.633+0000] {dag.py:4180} INFO - Setting next_dagrun for dataset_s3_bucket_consumer_with_no_taskflow to None, run_after=None
[2026-05-28T09:56:21.638+0000] {logging_mixin.py:190} INFO - [2026-05-28T09:56:21.638+0000] {dag.py:4180} INFO - Setting next_dagrun for dataset_s3_bucket_producer_with_no_taskflow to None, run_after=None
[2026-05-28T09:56:21.688+0000] {processor.py:208} INFO - Processing /home/airflow/.local/lib/python3.12/site-packages/airflow/example_dags/example_dataset_alias_with_no_taskflow.py took 25.935 seconds
[2026-05-28T09:57:06.773+0000] {processor.py:186} INFO - Started process (PID=12001) to work on /home/airflow/.local/lib/python3.12/site-packages/airflow/example_dags/example_dataset_alias_with_no_taskflow.py
[2026-05-28T09:57:06.777+0000] {processor.py:914} INFO - Processing file /home/airflow/.local/lib/python3.12/site-packages/airflow/example_dags/example_dataset_alias_with_no_taskflow.py for tasks to queue
[2026-05-28T09:57:06.783+0000] {logging_mixin.py:190} INFO - [2026-05-28T09:57:06.781+0000] {dagbag.py:588} INFO - Filling up the DagBag from /home/airflow/.local/lib/python3.12/site-packages/airflow/example_dags/example_dataset_alias_with_no_taskflow.py
[2026-05-28T09:57:32.865+0000] {processor.py:925} INFO - DAG(s) 'dataset_alias_example_alias_consumer_with_no_taskflow', 'dataset_s3_bucket_producer_with_no_taskflow', 'dataset_s3_bucket_consumer_with_no_taskflow', 'dataset_alias_example_alias_producer_with_no_taskflow' retrieved from /home/airflow/.local/lib/python3.12/site-packages/airflow/example_dags/example_dataset_alias_with_no_taskflow.py
[2026-05-28T09:57:32.923+0000] {logging_mixin.py:190} INFO - [2026-05-28T09:57:32.922+0000] {dag.py:3239} INFO - Sync 4 DAGs
[2026-05-28T09:57:32.998+0000] {logging_mixin.py:190} INFO - [2026-05-28T09:57:32.996+0000] {dag.py:4180} INFO - Setting next_dagrun for dataset_alias_example_alias_consumer_with_no_taskflow to None, run_after=None
[2026-05-28T09:57:33.008+0000] {logging_mixin.py:190} INFO - [2026-05-28T09:57:33.008+0000] {dag.py:4180} INFO - Setting next_dagrun for dataset_alias_example_alias_producer_with_no_taskflow to None, run_after=None
[2026-05-28T09:57:33.014+0000] {logging_mixin.py:190} INFO - [2026-05-28T09:57:33.013+0000] {dag.py:4180} INFO - Setting next_dagrun for dataset_s3_bucket_consumer_with_no_taskflow to None, run_after=None
[2026-05-28T09:57:33.019+0000] {logging_mixin.py:190} INFO - [2026-05-28T09:57:33.018+0000] {dag.py:4180} INFO - Setting next_dagrun for dataset_s3_bucket_producer_with_no_taskflow to None, run_after=None
[2026-05-28T09:57:33.086+0000] {processor.py:208} INFO - Processing /home/airflow/.local/lib/python3.12/site-packages/airflow/example_dags/example_dataset_alias_with_no_taskflow.py took 26.349 seconds
[2026-05-28T10:01:53.067+0000] {processor.py:186} INFO - Started process (PID=111) to work on /home/airflow/.local/lib/python3.12/site-packages/airflow/example_dags/example_dataset_alias_with_no_taskflow.py
[2026-05-28T10:01:53.133+0000] {processor.py:914} INFO - Processing file /home/airflow/.local/lib/python3.12/site-packages/airflow/example_dags/example_dataset_alias_with_no_taskflow.py for tasks to queue
[2026-05-28T10:01:53.137+0000] {logging_mixin.py:190} INFO - [2026-05-28T10:01:53.137+0000] {dagbag.py:588} INFO - Filling up the DagBag from /home/airflow/.local/lib/python3.12/site-packages/airflow/example_dags/example_dataset_alias_with_no_taskflow.py
[2026-05-28T10:02:07.844+0000] {processor.py:925} INFO - DAG(s) 'dataset_alias_example_alias_consumer_with_no_taskflow', 'dataset_s3_bucket_producer_with_no_taskflow', 'dataset_s3_bucket_consumer_with_no_taskflow', 'dataset_alias_example_alias_producer_with_no_taskflow' retrieved from /home/airflow/.local/lib/python3.12/site-packages/airflow/example_dags/example_dataset_alias_with_no_taskflow.py
[2026-05-28T10:02:07.909+0000] {logging_mixin.py:190} INFO - [2026-05-28T10:02:07.907+0000] {dag.py:3239} INFO - Sync 4 DAGs
[2026-05-28T10:02:07.979+0000] {logging_mixin.py:190} INFO - [2026-05-28T10:02:07.979+0000] {dag.py:4180} INFO - Setting next_dagrun for dataset_alias_example_alias_consumer_with_no_taskflow to None, run_after=None
[2026-05-28T10:02:07.986+0000] {logging_mixin.py:190} INFO - [2026-05-28T10:02:07.986+0000] {dag.py:4180} INFO - Setting next_dagrun for dataset_alias_example_alias_producer_with_no_taskflow to None, run_after=None
[2026-05-28T10:02:07.993+0000] {logging_mixin.py:190} INFO - [2026-05-28T10:02:07.992+0000] {dag.py:4180} INFO - Setting next_dagrun for dataset_s3_bucket_consumer_with_no_taskflow to None, run_after=None
[2026-05-28T10:02:07.997+0000] {logging_mixin.py:190} INFO - [2026-05-28T10:02:07.996+0000] {dag.py:4180} INFO - Setting next_dagrun for dataset_s3_bucket_producer_with_no_taskflow to None, run_after=None
[2026-05-28T10:02:08.557+0000] {processor.py:208} INFO - Processing /home/airflow/.local/lib/python3.12/site-packages/airflow/example_dags/example_dataset_alias_with_no_taskflow.py took 15.494 seconds
[2026-05-28T10:02:39.694+0000] {processor.py:186} INFO - Started process (PID=183) to work on /home/airflow/.local/lib/python3.12/site-packages/airflow/example_dags/example_dataset_alias_with_no_taskflow.py
[2026-05-28T10:02:39.696+0000] {processor.py:914} INFO - Processing file /home/airflow/.local/lib/python3.12/site-packages/airflow/example_dags/example_dataset_alias_with_no_taskflow.py for tasks to queue
[2026-05-28T10:02:39.704+0000] {logging_mixin.py:190} INFO - [2026-05-28T10:02:39.703+0000] {dagbag.py:588} INFO - Filling up the DagBag from /home/airflow/.local/lib/python3.12/site-packages/airflow/example_dags/example_dataset_alias_with_no_taskflow.py
[2026-05-28T10:02:52.566+0000] {processor.py:925} INFO - DAG(s) 'dataset_s3_bucket_producer_with_no_taskflow', 'dataset_alias_example_alias_consumer_with_no_taskflow', 'dataset_alias_example_alias_producer_with_no_taskflow', 'dataset_s3_bucket_consumer_with_no_taskflow' retrieved from /home/airflow/.local/lib/python3.12/site-packages/airflow/example_dags/example_dataset_alias_with_no_taskflow.py
[2026-05-28T10:02:52.611+0000] {logging_mixin.py:190} INFO - [2026-05-28T10:02:52.610+0000] {dag.py:3239} INFO - Sync 4 DAGs
[2026-05-28T10:02:52.650+0000] {logging_mixin.py:190} INFO - [2026-05-28T10:02:52.650+0000] {dag.py:4180} INFO - Setting next_dagrun for dataset_alias_example_alias_consumer_with_no_taskflow to None, run_after=None
[2026-05-28T10:02:52.994+0000] {logging_mixin.py:190} INFO - [2026-05-28T10:02:52.994+0000] {dag.py:4180} INFO - Setting next_dagrun for dataset_alias_example_alias_producer_with_no_taskflow to None, run_after=None
[2026-05-28T10:02:52.998+0000] {logging_mixin.py:190} INFO - [2026-05-28T10:02:52.998+0000] {dag.py:4180} INFO - Setting next_dagrun for dataset_s3_bucket_consumer_with_no_taskflow to None, run_after=None
[2026-05-28T10:02:53.008+0000] {logging_mixin.py:190} INFO - [2026-05-28T10:02:53.008+0000] {dag.py:4180} INFO - Setting next_dagrun for dataset_s3_bucket_producer_with_no_taskflow to None, run_after=None
[2026-05-28T10:02:53.052+0000] {processor.py:208} INFO - Processing /home/airflow/.local/lib/python3.12/site-packages/airflow/example_dags/example_dataset_alias_with_no_taskflow.py took 13.368 seconds
[2026-05-28T10:03:23.369+0000] {processor.py:186} INFO - Started process (PID=255) to work on /home/airflow/.local/lib/python3.12/site-packages/airflow/example_dags/example_dataset_alias_with_no_taskflow.py
[2026-05-28T10:03:23.372+0000] {processor.py:914} INFO - Processing file /home/airflow/.local/lib/python3.12/site-packages/airflow/example_dags/example_dataset_alias_with_no_taskflow.py for tasks to queue
[2026-05-28T10:03:23.378+0000] {logging_mixin.py:190} INFO - [2026-05-28T10:03:23.377+0000] {dagbag.py:588} INFO - Filling up the DagBag from /home/airflow/.local/lib/python3.12/site-packages/airflow/example_dags/example_dataset_alias_with_no_taskflow.py
[2026-05-28T10:03:35.235+0000] {processor.py:925} INFO - DAG(s) 'dataset_alias_example_alias_producer_with_no_taskflow', 'dataset_s3_bucket_producer_with_no_taskflow', 'dataset_alias_example_alias_consumer_with_no_taskflow', 'dataset_s3_bucket_consumer_with_no_taskflow' retrieved from /home/airflow/.local/lib/python3.12/site-packages/airflow/example_dags/example_dataset_alias_with_no_taskflow.py
[2026-05-28T10:03:35.278+0000] {logging_mixin.py:190} INFO - [2026-05-28T10:03:35.278+0000] {dag.py:3239} INFO - Sync 4 DAGs
[2026-05-28T10:03:35.673+0000] {logging_mixin.py:190} INFO - [2026-05-28T10:03:35.673+0000] {dag.py:4180} INFO - Setting next_dagrun for dataset_alias_example_alias_consumer_with_no_taskflow to None, run_after=None
[2026-05-28T10:03:35.678+0000] {logging_mixin.py:190} INFO - [2026-05-28T10:03:35.678+0000] {dag.py:4180} INFO - Setting next_dagrun for dataset_alias_example_alias_producer_with_no_taskflow to None, run_after=None
[2026-05-28T10:03:35.682+0000] {logging_mixin.py:190} INFO - [2026-05-28T10:03:35.682+0000] {dag.py:4180} INFO - Setting next_dagrun for dataset_s3_bucket_consumer_with_no_taskflow to None, run_after=None
[2026-05-28T10:03:35.685+0000] {logging_mixin.py:190} INFO - [2026-05-28T10:03:35.685+0000] {dag.py:4180} INFO - Setting next_dagrun for dataset_s3_bucket_producer_with_no_taskflow to None, run_after=None
[2026-05-28T10:03:35.731+0000] {processor.py:208} INFO - Processing /home/airflow/.local/lib/python3.12/site-packages/airflow/example_dags/example_dataset_alias_with_no_taskflow.py took 12.375 seconds
[2026-05-28T10:04:07.531+0000] {processor.py:186} INFO - Started process (PID=349) to work on /home/airflow/.local/lib/python3.12/site-packages/airflow/example_dags/example_dataset_alias_with_no_taskflow.py
[2026-05-28T10:04:07.533+0000] {processor.py:914} INFO - Processing file /home/airflow/.local/lib/python3.12/site-packages/airflow/example_dags/example_dataset_alias_with_no_taskflow.py for tasks to queue
[2026-05-28T10:04:07.538+0000] {logging_mixin.py:190} INFO - [2026-05-28T10:04:07.537+0000] {dagbag.py:588} INFO - Filling up the DagBag from /home/airflow/.local/lib/python3.12/site-packages/airflow/example_dags/example_dataset_alias_with_no_taskflow.py
[2026-05-28T10:04:21.764+0000] {processor.py:925} INFO - DAG(s) 'dataset_alias_example_alias_producer_with_no_taskflow', 'dataset_s3_bucket_consumer_with_no_taskflow', 'dataset_alias_example_alias_consumer_with_no_taskflow', 'dataset_s3_bucket_producer_with_no_taskflow' retrieved from /home/airflow/.local/lib/python3.12/site-packages/airflow/example_dags/example_dataset_alias_with_no_taskflow.py
[2026-05-28T10:04:21.815+0000] {logging_mixin.py:190} INFO - [2026-05-28T10:04:21.813+0000] {dag.py:3239} INFO - Sync 4 DAGs
[2026-05-28T10:04:21.858+0000] {logging_mixin.py:190} INFO - [2026-05-28T10:04:21.857+0000] {dag.py:4180} INFO - Setting next_dagrun for dataset_alias_example_alias_consumer_with_no_taskflow to None, run_after=None
[2026-05-28T10:04:21.864+0000] {logging_mixin.py:190} INFO - [2026-05-28T10:04:21.863+0000] {dag.py:4180} INFO - Setting next_dagrun for dataset_alias_example_alias_producer_with_no_taskflow to None, run_after=None
[2026-05-28T10:04:21.871+0000] {logging_mixin.py:190} INFO - [2026-05-28T10:04:21.871+0000] {dag.py:4180} INFO - Setting next_dagrun for dataset_s3_bucket_consumer_with_no_taskflow to None, run_after=None
[2026-05-28T10:04:21.875+0000] {logging_mixin.py:190} INFO - [2026-05-28T10:04:21.874+0000] {dag.py:4180} INFO - Setting next_dagrun for dataset_s3_bucket_producer_with_no_taskflow to None, run_after=None
[2026-05-28T10:04:21.926+0000] {processor.py:208} INFO - Processing /home/airflow/.local/lib/python3.12/site-packages/airflow/example_dags/example_dataset_alias_with_no_taskflow.py took 14.406 seconds
[2026-05-28T10:04:52.569+0000] {processor.py:186} INFO - Started process (PID=445) to work on /home/airflow/.local/lib/python3.12/site-packages/airflow/example_dags/example_dataset_alias_with_no_taskflow.py
[2026-05-28T10:04:52.571+0000] {processor.py:914} INFO - Processing file /home/airflow/.local/lib/python3.12/site-packages/airflow/example_dags/example_dataset_alias_with_no_taskflow.py for tasks to queue
[2026-05-28T10:04:52.576+0000] {logging_mixin.py:190} INFO - [2026-05-28T10:04:52.576+0000] {dagbag.py:588} INFO - Filling up the DagBag from /home/airflow/.local/lib/python3.12/site-packages/airflow/example_dags/example_dataset_alias_with_no_taskflow.py
[2026-05-28T10:05:06.573+0000] {processor.py:925} INFO - DAG(s) 'dataset_alias_example_alias_producer_with_no_taskflow', 'dataset_s3_bucket_consumer_with_no_taskflow', 'dataset_s3_bucket_producer_with_no_taskflow', 'dataset_alias_example_alias_consumer_with_no_taskflow' retrieved from /home/airflow/.local/lib/python3.12/site-packages/airflow/example_dags/example_dataset_alias_with_no_taskflow.py
[2026-05-28T10:05:06.617+0000] {logging_mixin.py:190} INFO - [2026-05-28T10:05:06.616+0000] {dag.py:3239} INFO - Sync 4 DAGs
[2026-05-28T10:05:06.654+0000] {logging_mixin.py:190} INFO - [2026-05-28T10:05:06.654+0000] {dag.py:4180} INFO - Setting next_dagrun for dataset_alias_example_alias_consumer_with_no_taskflow to None, run_after=None
[2026-05-28T10:05:06.660+0000] {logging_mixin.py:190} INFO - [2026-05-28T10:05:06.660+0000] {dag.py:4180} INFO - Setting next_dagrun for dataset_alias_example_alias_producer_with_no_taskflow to None, run_after=None
[2026-05-28T10:05:06.663+0000] {logging_mixin.py:190} INFO - [2026-05-28T10:05:06.663+0000] {dag.py:4180} INFO - Setting next_dagrun for dataset_s3_bucket_consumer_with_no_taskflow to None, run_after=None
[2026-05-28T10:05:06.667+0000] {logging_mixin.py:190} INFO - [2026-05-28T10:05:06.666+0000] {dag.py:4180} INFO - Setting next_dagrun for dataset_s3_bucket_producer_with_no_taskflow to None, run_after=None
[2026-05-28T10:05:06.721+0000] {processor.py:208} INFO - Processing /home/airflow/.local/lib/python3.12/site-packages/airflow/example_dags/example_dataset_alias_with_no_taskflow.py took 14.159 seconds
[2026-05-28T10:05:37.268+0000] {processor.py:186} INFO - Started process (PID=520) to work on /home/airflow/.local/lib/python3.12/site-packages/airflow/example_dags/example_dataset_alias_with_no_taskflow.py
[2026-05-28T10:05:37.268+0000] {processor.py:914} INFO - Processing file /home/airflow/.local/lib/python3.12/site-packages/airflow/example_dags/example_dataset_alias_with_no_taskflow.py for tasks to queue
[2026-05-28T10:05:37.274+0000] {logging_mixin.py:190} INFO - [2026-05-28T10:05:37.273+0000] {dagbag.py:588} INFO - Filling up the DagBag from /home/airflow/.local/lib/python3.12/site-packages/airflow/example_dags/example_dataset_alias_with_no_taskflow.py
[2026-05-28T10:05:50.325+0000] {processor.py:925} INFO - DAG(s) 'dataset_s3_bucket_producer_with_no_taskflow', 'dataset_alias_example_alias_producer_with_no_taskflow', 'dataset_alias_example_alias_consumer_with_no_taskflow', 'dataset_s3_bucket_consumer_with_no_taskflow' retrieved from /home/airflow/.local/lib/python3.12/site-packages/airflow/example_dags/example_dataset_alias_with_no_taskflow.py
[2026-05-28T10:05:50.372+0000] {logging_mixin.py:190} INFO - [2026-05-28T10:05:50.371+0000] {dag.py:3239} INFO - Sync 4 DAGs
[2026-05-28T10:05:50.408+0000] {logging_mixin.py:190} INFO - [2026-05-28T10:05:50.407+0000] {dag.py:4180} INFO - Setting next_dagrun for dataset_alias_example_alias_consumer_with_no_taskflow to None, run_after=None
[2026-05-28T10:05:50.415+0000] {logging_mixin.py:190} INFO - [2026-05-28T10:05:50.415+0000] {dag.py:4180} INFO - Setting next_dagrun for dataset_alias_example_alias_producer_with_no_taskflow to None, run_after=None
[2026-05-28T10:05:50.419+0000] {logging_mixin.py:190} INFO - [2026-05-28T10:05:50.419+0000] {dag.py:4180} INFO - Setting next_dagrun for dataset_s3_bucket_consumer_with_no_taskflow to None, run_after=None
[2026-05-28T10:05:50.423+0000] {logging_mixin.py:190} INFO - [2026-05-28T10:05:50.423+0000] {dag.py:4180} INFO - Setting next_dagrun for dataset_s3_bucket_producer_with_no_taskflow to None, run_after=None
[2026-05-28T10:05:50.484+0000] {processor.py:208} INFO - Processing /home/airflow/.local/lib/python3.12/site-packages/airflow/example_dags/example_dataset_alias_with_no_taskflow.py took 13.232 seconds
[2026-05-28T10:06:21.330+0000] {processor.py:186} INFO - Started process (PID=587) to work on /home/airflow/.local/lib/python3.12/site-packages/airflow/example_dags/example_dataset_alias_with_no_taskflow.py
[2026-05-28T10:06:21.332+0000] {processor.py:914} INFO - Processing file /home/airflow/.local/lib/python3.12/site-packages/airflow/example_dags/example_dataset_alias_with_no_taskflow.py for tasks to queue
[2026-05-28T10:06:21.340+0000] {logging_mixin.py:190} INFO - [2026-05-28T10:06:21.339+0000] {dagbag.py:588} INFO - Filling up the DagBag from /home/airflow/.local/lib/python3.12/site-packages/airflow/example_dags/example_dataset_alias_with_no_taskflow.py
[2026-05-28T10:06:33.821+0000] {processor.py:925} INFO - DAG(s) 'dataset_alias_example_alias_producer_with_no_taskflow', 'dataset_s3_bucket_consumer_with_no_taskflow', 'dataset_s3_bucket_producer_with_no_taskflow', 'dataset_alias_example_alias_consumer_with_no_taskflow' retrieved from /home/airflow/.local/lib/python3.12/site-packages/airflow/example_dags/example_dataset_alias_with_no_taskflow.py
[2026-05-28T10:06:33.901+0000] {logging_mixin.py:190} INFO - [2026-05-28T10:06:33.900+0000] {dag.py:3239} INFO - Sync 4 DAGs
[2026-05-28T10:06:33.967+0000] {logging_mixin.py:190} INFO - [2026-05-28T10:06:33.967+0000] {dag.py:4180} INFO - Setting next_dagrun for dataset_alias_example_alias_consumer_with_no_taskflow to None, run_after=None
[2026-05-28T10:06:33.978+0000] {logging_mixin.py:190} INFO - [2026-05-28T10:06:33.977+0000] {dag.py:4180} INFO - Setting next_dagrun for dataset_alias_example_alias_producer_with_no_taskflow to None, run_after=None
[2026-05-28T10:06:33.986+0000] {logging_mixin.py:190} INFO - [2026-05-28T10:06:33.985+0000] {dag.py:4180} INFO - Setting next_dagrun for dataset_s3_bucket_consumer_with_no_taskflow to None, run_after=None
[2026-05-28T10:06:33.997+0000] {logging_mixin.py:190} INFO - [2026-05-28T10:06:33.996+0000] {dag.py:4180} INFO - Setting next_dagrun for dataset_s3_bucket_producer_with_no_taskflow to None, run_after=None
[2026-05-28T10:06:34.086+0000] {processor.py:208} INFO - Processing /home/airflow/.local/lib/python3.12/site-packages/airflow/example_dags/example_dataset_alias_with_no_taskflow.py took 12.780 seconds
[2026-05-28T10:07:09.174+0000] {processor.py:186} INFO - Started process (PID=677) to work on /home/airflow/.local/lib/python3.12/site-packages/airflow/example_dags/example_dataset_alias_with_no_taskflow.py
[2026-05-28T10:07:09.176+0000] {processor.py:914} INFO - Processing file /home/airflow/.local/lib/python3.12/site-packages/airflow/example_dags/example_dataset_alias_with_no_taskflow.py for tasks to queue
[2026-05-28T10:07:09.180+0000] {logging_mixin.py:190} INFO - [2026-05-28T10:07:09.180+0000] {dagbag.py:588} INFO - Filling up the DagBag from /home/airflow/.local/lib/python3.12/site-packages/airflow/example_dags/example_dataset_alias_with_no_taskflow.py
[2026-05-28T10:07:22.802+0000] {processor.py:925} INFO - DAG(s) 'dataset_s3_bucket_consumer_with_no_taskflow', 'dataset_alias_example_alias_consumer_with_no_taskflow', 'dataset_alias_example_alias_producer_with_no_taskflow', 'dataset_s3_bucket_producer_with_no_taskflow' retrieved from /home/airflow/.local/lib/python3.12/site-packages/airflow/example_dags/example_dataset_alias_with_no_taskflow.py
[2026-05-28T10:07:22.923+0000] {logging_mixin.py:190} INFO - [2026-05-28T10:07:22.911+0000] {dag.py:3239} INFO - Sync 4 DAGs
[2026-05-28T10:07:23.015+0000] {logging_mixin.py:190} INFO - [2026-05-28T10:07:23.014+0000] {dag.py:4180} INFO - Setting next_dagrun for dataset_alias_example_alias_consumer_with_no_taskflow to None, run_after=None
[2026-05-28T10:07:23.031+0000] {logging_mixin.py:190} INFO - [2026-05-28T10:07:23.030+0000] {dag.py:4180} INFO - Setting next_dagrun for dataset_alias_example_alias_producer_with_no_taskflow to None, run_after=None
[2026-05-28T10:07:23.035+0000] {logging_mixin.py:190} INFO - [2026-05-28T10:07:23.034+0000] {dag.py:4180} INFO - Setting next_dagrun for dataset_s3_bucket_consumer_with_no_taskflow to None, run_after=None
[2026-05-28T10:07:23.039+0000] {logging_mixin.py:190} INFO - [2026-05-28T10:07:23.039+0000] {dag.py:4180} INFO - Setting next_dagrun for dataset_s3_bucket_producer_with_no_taskflow to None, run_after=None
[2026-05-28T10:07:23.139+0000] {processor.py:208} INFO - Processing /home/airflow/.local/lib/python3.12/site-packages/airflow/example_dags/example_dataset_alias_with_no_taskflow.py took 13.976 seconds
[2026-05-28T10:07:56.864+0000] {processor.py:186} INFO - Started process (PID=765) to work on /home/airflow/.local/lib/python3.12/site-packages/airflow/example_dags/example_dataset_alias_with_no_taskflow.py
[2026-05-28T10:07:56.866+0000] {processor.py:914} INFO - Processing file /home/airflow/.local/lib/python3.12/site-packages/airflow/example_dags/example_dataset_alias_with_no_taskflow.py for tasks to queue
[2026-05-28T10:07:56.871+0000] {logging_mixin.py:190} INFO - [2026-05-28T10:07:56.870+0000] {dagbag.py:588} INFO - Filling up the DagBag from /home/airflow/.local/lib/python3.12/site-packages/airflow/example_dags/example_dataset_alias_with_no_taskflow.py
[2026-05-28T10:08:08.038+0000] {processor.py:925} INFO - DAG(s) 'dataset_alias_example_alias_producer_with_no_taskflow', 'dataset_alias_example_alias_consumer_with_no_taskflow', 'dataset_s3_bucket_producer_with_no_taskflow', 'dataset_s3_bucket_consumer_with_no_taskflow' retrieved from /home/airflow/.local/lib/python3.12/site-packages/airflow/example_dags/example_dataset_alias_with_no_taskflow.py
[2026-05-28T10:08:08.076+0000] {logging_mixin.py:190} INFO - [2026-05-28T10:08:08.075+0000] {dag.py:3239} INFO - Sync 4 DAGs
[2026-05-28T10:08:08.111+0000] {logging_mixin.py:190} INFO - [2026-05-28T10:08:08.111+0000] {dag.py:4180} INFO - Setting next_dagrun for dataset_alias_example_alias_consumer_with_no_taskflow to None, run_after=None
[2026-05-28T10:08:08.116+0000] {logging_mixin.py:190} INFO - [2026-05-28T10:08:08.116+0000] {dag.py:4180} INFO - Setting next_dagrun for dataset_alias_example_alias_producer_with_no_taskflow to None, run_after=None
[2026-05-28T10:08:08.119+0000] {logging_mixin.py:190} INFO - [2026-05-28T10:08:08.119+0000] {dag.py:4180} INFO - Setting next_dagrun for dataset_s3_bucket_consumer_with_no_taskflow to None, run_after=None
[2026-05-28T10:08:08.122+0000] {logging_mixin.py:190} INFO - [2026-05-28T10:08:08.122+0000] {dag.py:4180} INFO - Setting next_dagrun for dataset_s3_bucket_producer_with_no_taskflow to None, run_after=None
[2026-05-28T10:08:08.157+0000] {processor.py:208} INFO - Processing /home/airflow/.local/lib/python3.12/site-packages/airflow/example_dags/example_dataset_alias_with_no_taskflow.py took 11.308 seconds
[2026-05-28T10:09:00.935+0000] {processor.py:186} INFO - Started process (PID=860) to work on /home/airflow/.local/lib/python3.12/site-packages/airflow/example_dags/example_dataset_alias_with_no_taskflow.py
[2026-05-28T10:09:00.937+0000] {processor.py:914} INFO - Processing file /home/airflow/.local/lib/python3.12/site-packages/airflow/example_dags/example_dataset_alias_with_no_taskflow.py for tasks to queue
[2026-05-28T10:09:00.942+0000] {logging_mixin.py:190} INFO - [2026-05-28T10:09:00.941+0000] {dagbag.py:588} INFO - Filling up the DagBag from /home/airflow/.local/lib/python3.12/site-packages/airflow/example_dags/example_dataset_alias_with_no_taskflow.py
[2026-05-28T10:09:21.537+0000] {processor.py:925} INFO - DAG(s) 'dataset_alias_example_alias_producer_with_no_taskflow', 'dataset_alias_example_alias_consumer_with_no_taskflow', 'dataset_s3_bucket_producer_with_no_taskflow', 'dataset_s3_bucket_consumer_with_no_taskflow' retrieved from /home/airflow/.local/lib/python3.12/site-packages/airflow/example_dags/example_dataset_alias_with_no_taskflow.py
[2026-05-28T10:09:21.653+0000] {logging_mixin.py:190} INFO - [2026-05-28T10:09:21.651+0000] {dag.py:3239} INFO - Sync 4 DAGs
[2026-05-28T10:09:21.784+0000] {logging_mixin.py:190} INFO - [2026-05-28T10:09:21.783+0000] {dag.py:4180} INFO - Setting next_dagrun for dataset_alias_example_alias_consumer_with_no_taskflow to None, run_after=None
[2026-05-28T10:09:21.805+0000] {logging_mixin.py:190} INFO - [2026-05-28T10:09:21.805+0000] {dag.py:4180} INFO - Setting next_dagrun for dataset_alias_example_alias_producer_with_no_taskflow to None, run_after=None
[2026-05-28T10:09:21.809+0000] {logging_mixin.py:190} INFO - [2026-05-28T10:09:21.809+0000] {dag.py:4180} INFO - Setting next_dagrun for dataset_s3_bucket_consumer_with_no_taskflow to None, run_after=None
[2026-05-28T10:09:21.824+0000] {logging_mixin.py:190} INFO - [2026-05-28T10:09:21.823+0000] {dag.py:4180} INFO - Setting next_dagrun for dataset_s3_bucket_producer_with_no_taskflow to None, run_after=None
[2026-05-28T10:09:22.004+0000] {processor.py:208} INFO - Processing /home/airflow/.local/lib/python3.12/site-packages/airflow/example_dags/example_dataset_alias_with_no_taskflow.py took 21.081 seconds
[2026-05-28T10:09:53.105+0000] {processor.py:186} INFO - Started process (PID=923) to work on /home/airflow/.local/lib/python3.12/site-packages/airflow/example_dags/example_dataset_alias_with_no_taskflow.py
[2026-05-28T10:09:53.107+0000] {processor.py:914} INFO - Processing file /home/airflow/.local/lib/python3.12/site-packages/airflow/example_dags/example_dataset_alias_with_no_taskflow.py for tasks to queue
[2026-05-28T10:09:53.112+0000] {logging_mixin.py:190} INFO - [2026-05-28T10:09:53.112+0000] {dagbag.py:588} INFO - Filling up the DagBag from /home/airflow/.local/lib/python3.12/site-packages/airflow/example_dags/example_dataset_alias_with_no_taskflow.py
[2026-05-28T10:10:08.098+0000] {processor.py:925} INFO - DAG(s) 'dataset_alias_example_alias_consumer_with_no_taskflow', 'dataset_s3_bucket_producer_with_no_taskflow', 'dataset_s3_bucket_consumer_with_no_taskflow', 'dataset_alias_example_alias_producer_with_no_taskflow' retrieved from /home/airflow/.local/lib/python3.12/site-packages/airflow/example_dags/example_dataset_alias_with_no_taskflow.py
[2026-05-28T10:10:08.147+0000] {logging_mixin.py:190} INFO - [2026-05-28T10:10:08.146+0000] {dag.py:3239} INFO - Sync 4 DAGs
[2026-05-28T10:10:08.199+0000] {logging_mixin.py:190} INFO - [2026-05-28T10:10:08.198+0000] {dag.py:4180} INFO - Setting next_dagrun for dataset_alias_example_alias_consumer_with_no_taskflow to None, run_after=None
[2026-05-28T10:10:08.206+0000] {logging_mixin.py:190} INFO - [2026-05-28T10:10:08.205+0000] {dag.py:4180} INFO - Setting next_dagrun for dataset_alias_example_alias_producer_with_no_taskflow to None, run_after=None
[2026-05-28T10:10:08.210+0000] {logging_mixin.py:190} INFO - [2026-05-28T10:10:08.209+0000] {dag.py:4180} INFO - Setting next_dagrun for dataset_s3_bucket_consumer_with_no_taskflow to None, run_after=None
[2026-05-28T10:10:08.214+0000] {logging_mixin.py:190} INFO - [2026-05-28T10:10:08.213+0000] {dag.py:4180} INFO - Setting next_dagrun for dataset_s3_bucket_producer_with_no_taskflow to None, run_after=None
[2026-05-28T10:10:08.263+0000] {processor.py:208} INFO - Processing /home/airflow/.local/lib/python3.12/site-packages/airflow/example_dags/example_dataset_alias_with_no_taskflow.py took 15.173 seconds
[2026-05-28T10:10:39.331+0000] {processor.py:186} INFO - Started process (PID=993) to work on /home/airflow/.local/lib/python3.12/site-packages/airflow/example_dags/example_dataset_alias_with_no_taskflow.py
[2026-05-28T10:10:39.333+0000] {processor.py:914} INFO - Processing file /home/airflow/.local/lib/python3.12/site-packages/airflow/example_dags/example_dataset_alias_with_no_taskflow.py for tasks to queue
[2026-05-28T10:10:39.341+0000] {logging_mixin.py:190} INFO - [2026-05-28T10:10:39.340+0000] {dagbag.py:588} INFO - Filling up the DagBag from /home/airflow/.local/lib/python3.12/site-packages/airflow/example_dags/example_dataset_alias_with_no_taskflow.py
[2026-05-28T10:10:52.419+0000] {processor.py:925} INFO - DAG(s) 'dataset_alias_example_alias_consumer_with_no_taskflow', 'dataset_alias_example_alias_producer_with_no_taskflow', 'dataset_s3_bucket_consumer_with_no_taskflow', 'dataset_s3_bucket_producer_with_no_taskflow' retrieved from /home/airflow/.local/lib/python3.12/site-packages/airflow/example_dags/example_dataset_alias_with_no_taskflow.py
[2026-05-28T10:10:52.464+0000] {logging_mixin.py:190} INFO - [2026-05-28T10:10:52.463+0000] {dag.py:3239} INFO - Sync 4 DAGs
[2026-05-28T10:10:52.500+0000] {logging_mixin.py:190} INFO - [2026-05-28T10:10:52.499+0000] {dag.py:4180} INFO - Setting next_dagrun for dataset_alias_example_alias_consumer_with_no_taskflow to None, run_after=None
[2026-05-28T10:10:52.505+0000] {logging_mixin.py:190} INFO - [2026-05-28T10:10:52.505+0000] {dag.py:4180} INFO - Setting next_dagrun for dataset_alias_example_alias_producer_with_no_taskflow to None, run_after=None
[2026-05-28T10:10:52.508+0000] {logging_mixin.py:190} INFO - [2026-05-28T10:10:52.508+0000] {dag.py:4180} INFO - Setting next_dagrun for dataset_s3_bucket_consumer_with_no_taskflow to None, run_after=None
[2026-05-28T10:10:52.512+0000] {logging_mixin.py:190} INFO - [2026-05-28T10:10:52.511+0000] {dag.py:4180} INFO - Setting next_dagrun for dataset_s3_bucket_producer_with_no_taskflow to None, run_after=None
[2026-05-28T10:10:52.551+0000] {processor.py:208} INFO - Processing /home/airflow/.local/lib/python3.12/site-packages/airflow/example_dags/example_dataset_alias_with_no_taskflow.py took 13.233 seconds
[2026-05-28T10:11:22.770+0000] {processor.py:186} INFO - Started process (PID=1067) to work on /home/airflow/.local/lib/python3.12/site-packages/airflow/example_dags/example_dataset_alias_with_no_taskflow.py
[2026-05-28T10:11:22.772+0000] {processor.py:914} INFO - Processing file /home/airflow/.local/lib/python3.12/site-packages/airflow/example_dags/example_dataset_alias_with_no_taskflow.py for tasks to queue
[2026-05-28T10:11:22.776+0000] {logging_mixin.py:190} INFO - [2026-05-28T10:11:22.776+0000] {dagbag.py:588} INFO - Filling up the DagBag from /home/airflow/.local/lib/python3.12/site-packages/airflow/example_dags/example_dataset_alias_with_no_taskflow.py
[2026-05-28T10:11:35.906+0000] {processor.py:925} INFO - DAG(s) 'dataset_alias_example_alias_producer_with_no_taskflow', 'dataset_s3_bucket_producer_with_no_taskflow', 'dataset_s3_bucket_consumer_with_no_taskflow', 'dataset_alias_example_alias_consumer_with_no_taskflow' retrieved from /home/airflow/.local/lib/python3.12/site-packages/airflow/example_dags/example_dataset_alias_with_no_taskflow.py
[2026-05-28T10:11:35.958+0000] {logging_mixin.py:190} INFO - [2026-05-28T10:11:35.956+0000] {dag.py:3239} INFO - Sync 4 DAGs
[2026-05-28T10:11:36.007+0000] {logging_mixin.py:190} INFO - [2026-05-28T10:11:36.006+0000] {dag.py:4180} INFO - Setting next_dagrun for dataset_alias_example_alias_consumer_with_no_taskflow to None, run_after=None
[2026-05-28T10:11:36.015+0000] {logging_mixin.py:190} INFO - [2026-05-28T10:11:36.014+0000] {dag.py:4180} INFO - Setting next_dagrun for dataset_alias_example_alias_producer_with_no_taskflow to None, run_after=None
[2026-05-28T10:11:36.021+0000] {logging_mixin.py:190} INFO - [2026-05-28T10:11:36.021+0000] {dag.py:4180} INFO - Setting next_dagrun for dataset_s3_bucket_consumer_with_no_taskflow to None, run_after=None
[2026-05-28T10:11:36.025+0000] {logging_mixin.py:190} INFO - [2026-05-28T10:11:36.024+0000] {dag.py:4180} INFO - Setting next_dagrun for dataset_s3_bucket_producer_with_no_taskflow to None, run_after=None
[2026-05-28T10:11:36.071+0000] {processor.py:208} INFO - Processing /home/airflow/.local/lib/python3.12/site-packages/airflow/example_dags/example_dataset_alias_with_no_taskflow.py took 13.311 seconds
[2026-05-28T10:12:06.694+0000] {processor.py:186} INFO - Started process (PID=1143) to work on /home/airflow/.local/lib/python3.12/site-packages/airflow/example_dags/example_dataset_alias_with_no_taskflow.py
[2026-05-28T10:12:06.697+0000] {processor.py:914} INFO - Processing file /home/airflow/.local/lib/python3.12/site-packages/airflow/example_dags/example_dataset_alias_with_no_taskflow.py for tasks to queue
[2026-05-28T10:12:06.705+0000] {logging_mixin.py:190} INFO - [2026-05-28T10:12:06.704+0000] {dagbag.py:588} INFO - Filling up the DagBag from /home/airflow/.local/lib/python3.12/site-packages/airflow/example_dags/example_dataset_alias_with_no_taskflow.py
[2026-05-28T10:12:18.662+0000] {processor.py:925} INFO - DAG(s) 'dataset_s3_bucket_consumer_with_no_taskflow', 'dataset_alias_example_alias_producer_with_no_taskflow', 'dataset_alias_example_alias_consumer_with_no_taskflow', 'dataset_s3_bucket_producer_with_no_taskflow' retrieved from /home/airflow/.local/lib/python3.12/site-packages/airflow/example_dags/example_dataset_alias_with_no_taskflow.py
[2026-05-28T10:12:18.708+0000] {logging_mixin.py:190} INFO - [2026-05-28T10:12:18.707+0000] {dag.py:3239} INFO - Sync 4 DAGs
[2026-05-28T10:12:18.747+0000] {logging_mixin.py:190} INFO - [2026-05-28T10:12:18.746+0000] {dag.py:4180} INFO - Setting next_dagrun for dataset_alias_example_alias_consumer_with_no_taskflow to None, run_after=None
[2026-05-28T10:12:18.753+0000] {logging_mixin.py:190} INFO - [2026-05-28T10:12:18.752+0000] {dag.py:4180} INFO - Setting next_dagrun for dataset_alias_example_alias_producer_with_no_taskflow to None, run_after=None
[2026-05-28T10:12:18.756+0000] {logging_mixin.py:190} INFO - [2026-05-28T10:12:18.756+0000] {dag.py:4180} INFO - Setting next_dagrun for dataset_s3_bucket_consumer_with_no_taskflow to None, run_after=None
[2026-05-28T10:12:18.759+0000] {logging_mixin.py:190} INFO - [2026-05-28T10:12:18.759+0000] {dag.py:4180} INFO - Setting next_dagrun for dataset_s3_bucket_producer_with_no_taskflow to None, run_after=None
[2026-05-28T10:12:18.811+0000] {processor.py:208} INFO - Processing /home/airflow/.local/lib/python3.12/site-packages/airflow/example_dags/example_dataset_alias_with_no_taskflow.py took 12.132 seconds
[2026-05-28T10:12:49.198+0000] {processor.py:186} INFO - Started process (PID=1206) to work on /home/airflow/.local/lib/python3.12/site-packages/airflow/example_dags/example_dataset_alias_with_no_taskflow.py
[2026-05-28T10:12:49.201+0000] {processor.py:914} INFO - Processing file /home/airflow/.local/lib/python3.12/site-packages/airflow/example_dags/example_dataset_alias_with_no_taskflow.py for tasks to queue
[2026-05-28T10:12:49.207+0000] {logging_mixin.py:190} INFO - [2026-05-28T10:12:49.206+0000] {dagbag.py:588} INFO - Filling up the DagBag from /home/airflow/.local/lib/python3.12/site-packages/airflow/example_dags/example_dataset_alias_with_no_taskflow.py
[2026-05-28T10:13:02.037+0000] {processor.py:925} INFO - DAG(s) 'dataset_alias_example_alias_consumer_with_no_taskflow', 'dataset_alias_example_alias_producer_with_no_taskflow', 'dataset_s3_bucket_producer_with_no_taskflow', 'dataset_s3_bucket_consumer_with_no_taskflow' retrieved from /home/airflow/.local/lib/python3.12/site-packages/airflow/example_dags/example_dataset_alias_with_no_taskflow.py
[2026-05-28T10:13:02.085+0000] {logging_mixin.py:190} INFO - [2026-05-28T10:13:02.085+0000] {dag.py:3239} INFO - Sync 4 DAGs
[2026-05-28T10:13:02.127+0000] {logging_mixin.py:190} INFO - [2026-05-28T10:13:02.127+0000] {dag.py:4180} INFO - Setting next_dagrun for dataset_alias_example_alias_consumer_with_no_taskflow to None, run_after=None
[2026-05-28T10:13:02.134+0000] {logging_mixin.py:190} INFO - [2026-05-28T10:13:02.133+0000] {dag.py:4180} INFO - Setting next_dagrun for dataset_alias_example_alias_producer_with_no_taskflow to None, run_after=None
[2026-05-28T10:13:02.138+0000] {logging_mixin.py:190} INFO - [2026-05-28T10:13:02.137+0000] {dag.py:4180} INFO - Setting next_dagrun for dataset_s3_bucket_consumer_with_no_taskflow to None, run_after=None
[2026-05-28T10:13:02.142+0000] {logging_mixin.py:190} INFO - [2026-05-28T10:13:02.141+0000] {dag.py:4180} INFO - Setting next_dagrun for dataset_s3_bucket_producer_with_no_taskflow to None, run_after=None
[2026-05-28T10:13:02.190+0000] {processor.py:208} INFO - Processing /home/airflow/.local/lib/python3.12/site-packages/airflow/example_dags/example_dataset_alias_with_no_taskflow.py took 13.003 seconds
[2026-05-28T10:13:32.497+0000] {processor.py:186} INFO - Started process (PID=1290) to work on /home/airflow/.local/lib/python3.12/site-packages/airflow/example_dags/example_dataset_alias_with_no_taskflow.py
[2026-05-28T10:13:32.500+0000] {processor.py:914} INFO - Processing file /home/airflow/.local/lib/python3.12/site-packages/airflow/example_dags/example_dataset_alias_with_no_taskflow.py for tasks to queue
[2026-05-28T10:13:32.506+0000] {logging_mixin.py:190} INFO - [2026-05-28T10:13:32.506+0000] {dagbag.py:588} INFO - Filling up the DagBag from /home/airflow/.local/lib/python3.12/site-packages/airflow/example_dags/example_dataset_alias_with_no_taskflow.py
[2026-05-28T10:13:44.763+0000] {processor.py:925} INFO - DAG(s) 'dataset_alias_example_alias_producer_with_no_taskflow', 'dataset_alias_example_alias_consumer_with_no_taskflow', 'dataset_s3_bucket_consumer_with_no_taskflow', 'dataset_s3_bucket_producer_with_no_taskflow' retrieved from /home/airflow/.local/lib/python3.12/site-packages/airflow/example_dags/example_dataset_alias_with_no_taskflow.py
[2026-05-28T10:13:44.797+0000] {logging_mixin.py:190} INFO - [2026-05-28T10:13:44.796+0000] {dag.py:3239} INFO - Sync 4 DAGs
[2026-05-28T10:13:44.824+0000] {logging_mixin.py:190} INFO - [2026-05-28T10:13:44.823+0000] {dag.py:4180} INFO - Setting next_dagrun for dataset_alias_example_alias_consumer_with_no_taskflow to None, run_after=None
[2026-05-28T10:13:44.829+0000] {logging_mixin.py:190} INFO - [2026-05-28T10:13:44.828+0000] {dag.py:4180} INFO - Setting next_dagrun for dataset_alias_example_alias_producer_with_no_taskflow to None, run_after=None
[2026-05-28T10:13:44.832+0000] {logging_mixin.py:190} INFO - [2026-05-28T10:13:44.831+0000] {dag.py:4180} INFO - Setting next_dagrun for dataset_s3_bucket_consumer_with_no_taskflow to None, run_after=None
[2026-05-28T10:13:44.835+0000] {logging_mixin.py:190} INFO - [2026-05-28T10:13:44.835+0000] {dag.py:4180} INFO - Setting next_dagrun for dataset_s3_bucket_producer_with_no_taskflow to None, run_after=None
[2026-05-28T10:13:44.871+0000] {processor.py:208} INFO - Processing /home/airflow/.local/lib/python3.12/site-packages/airflow/example_dags/example_dataset_alias_with_no_taskflow.py took 12.387 seconds
[2026-05-28T10:14:15.659+0000] {processor.py:186} INFO - Started process (PID=1375) to work on /home/airflow/.local/lib/python3.12/site-packages/airflow/example_dags/example_dataset_alias_with_no_taskflow.py
[2026-05-28T10:14:15.663+0000] {processor.py:914} INFO - Processing file /home/airflow/.local/lib/python3.12/site-packages/airflow/example_dags/example_dataset_alias_with_no_taskflow.py for tasks to queue
[2026-05-28T10:14:15.669+0000] {logging_mixin.py:190} INFO - [2026-05-28T10:14:15.668+0000] {dagbag.py:588} INFO - Filling up the DagBag from /home/airflow/.local/lib/python3.12/site-packages/airflow/example_dags/example_dataset_alias_with_no_taskflow.py
[2026-05-28T10:14:29.884+0000] {processor.py:925} INFO - DAG(s) 'dataset_alias_example_alias_consumer_with_no_taskflow', 'dataset_s3_bucket_producer_with_no_taskflow', 'dataset_s3_bucket_consumer_with_no_taskflow', 'dataset_alias_example_alias_producer_with_no_taskflow' retrieved from /home/airflow/.local/lib/python3.12/site-packages/airflow/example_dags/example_dataset_alias_with_no_taskflow.py
[2026-05-28T10:14:29.977+0000] {logging_mixin.py:190} INFO - [2026-05-28T10:14:29.976+0000] {dag.py:3239} INFO - Sync 4 DAGs
[2026-05-28T10:14:30.045+0000] {logging_mixin.py:190} INFO - [2026-05-28T10:14:30.045+0000] {dag.py:4180} INFO - Setting next_dagrun for dataset_alias_example_alias_consumer_with_no_taskflow to None, run_after=None
[2026-05-28T10:14:30.052+0000] {logging_mixin.py:190} INFO - [2026-05-28T10:14:30.051+0000] {dag.py:4180} INFO - Setting next_dagrun for dataset_alias_example_alias_producer_with_no_taskflow to None, run_after=None
[2026-05-28T10:14:30.056+0000] {logging_mixin.py:190} INFO - [2026-05-28T10:14:30.056+0000] {dag.py:4180} INFO - Setting next_dagrun for dataset_s3_bucket_consumer_with_no_taskflow to None, run_after=None
[2026-05-28T10:14:30.060+0000] {logging_mixin.py:190} INFO - [2026-05-28T10:14:30.059+0000] {dag.py:4180} INFO - Setting next_dagrun for dataset_s3_bucket_producer_with_no_taskflow to None, run_after=None
[2026-05-28T10:14:30.111+0000] {processor.py:208} INFO - Processing /home/airflow/.local/lib/python3.12/site-packages/airflow/example_dags/example_dataset_alias_with_no_taskflow.py took 14.463 seconds
[2026-05-28T10:15:03.974+0000] {processor.py:186} INFO - Started process (PID=1461) to work on /home/airflow/.local/lib/python3.12/site-packages/airflow/example_dags/example_dataset_alias_with_no_taskflow.py
[2026-05-28T10:15:03.976+0000] {processor.py:914} INFO - Processing file /home/airflow/.local/lib/python3.12/site-packages/airflow/example_dags/example_dataset_alias_with_no_taskflow.py for tasks to queue
[2026-05-28T10:15:03.989+0000] {logging_mixin.py:190} INFO - [2026-05-28T10:15:03.988+0000] {dagbag.py:588} INFO - Filling up the DagBag from /home/airflow/.local/lib/python3.12/site-packages/airflow/example_dags/example_dataset_alias_with_no_taskflow.py
[2026-05-28T10:15:16.170+0000] {processor.py:925} INFO - DAG(s) 'dataset_alias_example_alias_producer_with_no_taskflow', 'dataset_s3_bucket_consumer_with_no_taskflow', 'dataset_s3_bucket_producer_with_no_taskflow', 'dataset_alias_example_alias_consumer_with_no_taskflow' retrieved from /home/airflow/.local/lib/python3.12/site-packages/airflow/example_dags/example_dataset_alias_with_no_taskflow.py
[2026-05-28T10:15:16.213+0000] {logging_mixin.py:190} INFO - [2026-05-28T10:15:16.212+0000] {dag.py:3239} INFO - Sync 4 DAGs
[2026-05-28T10:15:16.254+0000] {logging_mixin.py:190} INFO - [2026-05-28T10:15:16.254+0000] {dag.py:4180} INFO - Setting next_dagrun for dataset_alias_example_alias_consumer_with_no_taskflow to None, run_after=None
[2026-05-28T10:15:16.260+0000] {logging_mixin.py:190} INFO - [2026-05-28T10:15:16.259+0000] {dag.py:4180} INFO - Setting next_dagrun for dataset_alias_example_alias_producer_with_no_taskflow to None, run_after=None
[2026-05-28T10:15:16.265+0000] {logging_mixin.py:190} INFO - [2026-05-28T10:15:16.264+0000] {dag.py:4180} INFO - Setting next_dagrun for dataset_s3_bucket_consumer_with_no_taskflow to None, run_after=None
[2026-05-28T10:15:16.269+0000] {logging_mixin.py:190} INFO - [2026-05-28T10:15:16.269+0000] {dag.py:4180} INFO - Setting next_dagrun for dataset_s3_bucket_producer_with_no_taskflow to None, run_after=None
[2026-05-28T10:15:16.324+0000] {processor.py:208} INFO - Processing /home/airflow/.local/lib/python3.12/site-packages/airflow/example_dags/example_dataset_alias_with_no_taskflow.py took 12.367 seconds
[2026-05-28T10:15:47.469+0000] {processor.py:186} INFO - Started process (PID=1527) to work on /home/airflow/.local/lib/python3.12/site-packages/airflow/example_dags/example_dataset_alias_with_no_taskflow.py
[2026-05-28T10:15:47.471+0000] {processor.py:914} INFO - Processing file /home/airflow/.local/lib/python3.12/site-packages/airflow/example_dags/example_dataset_alias_with_no_taskflow.py for tasks to queue
[2026-05-28T10:15:47.477+0000] {logging_mixin.py:190} INFO - [2026-05-28T10:15:47.476+0000] {dagbag.py:588} INFO - Filling up the DagBag from /home/airflow/.local/lib/python3.12/site-packages/airflow/example_dags/example_dataset_alias_with_no_taskflow.py
[2026-05-28T10:15:59.436+0000] {processor.py:925} INFO - DAG(s) 'dataset_alias_example_alias_consumer_with_no_taskflow', 'dataset_s3_bucket_consumer_with_no_taskflow', 'dataset_alias_example_alias_producer_with_no_taskflow', 'dataset_s3_bucket_producer_with_no_taskflow' retrieved from /home/airflow/.local/lib/python3.12/site-packages/airflow/example_dags/example_dataset_alias_with_no_taskflow.py
[2026-05-28T10:15:59.475+0000] {logging_mixin.py:190} INFO - [2026-05-28T10:15:59.474+0000] {dag.py:3239} INFO - Sync 4 DAGs
[2026-05-28T10:15:59.510+0000] {logging_mixin.py:190} INFO - [2026-05-28T10:15:59.510+0000] {dag.py:4180} INFO - Setting next_dagrun for dataset_alias_example_alias_consumer_with_no_taskflow to None, run_after=None
[2026-05-28T10:15:59.516+0000] {logging_mixin.py:190} INFO - [2026-05-28T10:15:59.515+0000] {dag.py:4180} INFO - Setting next_dagrun for dataset_alias_example_alias_producer_with_no_taskflow to None, run_after=None
[2026-05-28T10:15:59.519+0000] {logging_mixin.py:190} INFO - [2026-05-28T10:15:59.519+0000] {dag.py:4180} INFO - Setting next_dagrun for dataset_s3_bucket_consumer_with_no_taskflow to None, run_after=None
[2026-05-28T10:15:59.523+0000] {logging_mixin.py:190} INFO - [2026-05-28T10:15:59.522+0000] {dag.py:4180} INFO - Setting next_dagrun for dataset_s3_bucket_producer_with_no_taskflow to None, run_after=None
[2026-05-28T10:15:59.572+0000] {processor.py:208} INFO - Processing /home/airflow/.local/lib/python3.12/site-packages/airflow/example_dags/example_dataset_alias_with_no_taskflow.py took 12.114 seconds
[2026-05-28T10:16:29.852+0000] {processor.py:186} INFO - Started process (PID=1618) to work on /home/airflow/.local/lib/python3.12/site-packages/airflow/example_dags/example_dataset_alias_with_no_taskflow.py
[2026-05-28T10:16:29.854+0000] {processor.py:914} INFO - Processing file /home/airflow/.local/lib/python3.12/site-packages/airflow/example_dags/example_dataset_alias_with_no_taskflow.py for tasks to queue
[2026-05-28T10:16:29.859+0000] {logging_mixin.py:190} INFO - [2026-05-28T10:16:29.858+0000] {dagbag.py:588} INFO - Filling up the DagBag from /home/airflow/.local/lib/python3.12/site-packages/airflow/example_dags/example_dataset_alias_with_no_taskflow.py
[2026-05-28T10:16:44.596+0000] {processor.py:925} INFO - DAG(s) 'dataset_alias_example_alias_consumer_with_no_taskflow', 'dataset_s3_bucket_consumer_with_no_taskflow', 'dataset_s3_bucket_producer_with_no_taskflow', 'dataset_alias_example_alias_producer_with_no_taskflow' retrieved from /home/airflow/.local/lib/python3.12/site-packages/airflow/example_dags/example_dataset_alias_with_no_taskflow.py
[2026-05-28T10:16:44.687+0000] {logging_mixin.py:190} INFO - [2026-05-28T10:16:44.685+0000] {dag.py:3239} INFO - Sync 4 DAGs
[2026-05-28T10:16:44.739+0000] {logging_mixin.py:190} INFO - [2026-05-28T10:16:44.738+0000] {dag.py:4180} INFO - Setting next_dagrun for dataset_alias_example_alias_consumer_with_no_taskflow to None, run_after=None
[2026-05-28T10:16:44.746+0000] {logging_mixin.py:190} INFO - [2026-05-28T10:16:44.746+0000] {dag.py:4180} INFO - Setting next_dagrun for dataset_alias_example_alias_producer_with_no_taskflow to None, run_after=None
[2026-05-28T10:16:44.751+0000] {logging_mixin.py:190} INFO - [2026-05-28T10:16:44.751+0000] {dag.py:4180} INFO - Setting next_dagrun for dataset_s3_bucket_consumer_with_no_taskflow to None, run_after=None
[2026-05-28T10:16:44.756+0000] {logging_mixin.py:190} INFO - [2026-05-28T10:16:44.755+0000] {dag.py:4180} INFO - Setting next_dagrun for dataset_s3_bucket_producer_with_no_taskflow to None, run_after=None
[2026-05-28T10:16:44.833+0000] {processor.py:208} INFO - Processing /home/airflow/.local/lib/python3.12/site-packages/airflow/example_dags/example_dataset_alias_with_no_taskflow.py took 14.996 seconds
[2026-05-28T10:17:19.681+0000] {processor.py:186} INFO - Started process (PID=1687) to work on /home/airflow/.local/lib/python3.12/site-packages/airflow/example_dags/example_dataset_alias_with_no_taskflow.py
[2026-05-28T10:17:19.683+0000] {processor.py:914} INFO - Processing file /home/airflow/.local/lib/python3.12/site-packages/airflow/example_dags/example_dataset_alias_with_no_taskflow.py for tasks to queue
[2026-05-28T10:17:19.690+0000] {logging_mixin.py:190} INFO - [2026-05-28T10:17:19.689+0000] {dagbag.py:588} INFO - Filling up the DagBag from /home/airflow/.local/lib/python3.12/site-packages/airflow/example_dags/example_dataset_alias_with_no_taskflow.py
[2026-05-28T10:17:32.849+0000] {processor.py:925} INFO - DAG(s) 'dataset_alias_example_alias_producer_with_no_taskflow', 'dataset_s3_bucket_producer_with_no_taskflow', 'dataset_alias_example_alias_consumer_with_no_taskflow', 'dataset_s3_bucket_consumer_with_no_taskflow' retrieved from /home/airflow/.local/lib/python3.12/site-packages/airflow/example_dags/example_dataset_alias_with_no_taskflow.py
[2026-05-28T10:17:32.892+0000] {logging_mixin.py:190} INFO - [2026-05-28T10:17:32.890+0000] {dag.py:3239} INFO - Sync 4 DAGs
[2026-05-28T10:17:32.934+0000] {logging_mixin.py:190} INFO - [2026-05-28T10:17:32.934+0000] {dag.py:4180} INFO - Setting next_dagrun for dataset_alias_example_alias_consumer_with_no_taskflow to None, run_after=None
[2026-05-28T10:17:32.943+0000] {logging_mixin.py:190} INFO - [2026-05-28T10:17:32.942+0000] {dag.py:4180} INFO - Setting next_dagrun for dataset_alias_example_alias_producer_with_no_taskflow to None, run_after=None
[2026-05-28T10:17:32.947+0000] {logging_mixin.py:190} INFO - [2026-05-28T10:17:32.946+0000] {dag.py:4180} INFO - Setting next_dagrun for dataset_s3_bucket_consumer_with_no_taskflow to None, run_after=None
[2026-05-28T10:17:32.951+0000] {logging_mixin.py:190} INFO - [2026-05-28T10:17:32.951+0000] {dag.py:4180} INFO - Setting next_dagrun for dataset_s3_bucket_producer_with_no_taskflow to None, run_after=None
[2026-05-28T10:17:32.999+0000] {processor.py:208} INFO - Processing /home/airflow/.local/lib/python3.12/site-packages/airflow/example_dags/example_dataset_alias_with_no_taskflow.py took 13.329 seconds
[2026-05-28T10:18:03.869+0000] {processor.py:186} INFO - Started process (PID=1768) to work on /home/airflow/.local/lib/python3.12/site-packages/airflow/example_dags/example_dataset_alias_with_no_taskflow.py
[2026-05-28T10:18:03.871+0000] {processor.py:914} INFO - Processing file /home/airflow/.local/lib/python3.12/site-packages/airflow/example_dags/example_dataset_alias_with_no_taskflow.py for tasks to queue
[2026-05-28T10:18:03.878+0000] {logging_mixin.py:190} INFO - [2026-05-28T10:18:03.877+0000] {dagbag.py:588} INFO - Filling up the DagBag from /home/airflow/.local/lib/python3.12/site-packages/airflow/example_dags/example_dataset_alias_with_no_taskflow.py
[2026-05-28T10:18:17.961+0000] {processor.py:925} INFO - DAG(s) 'dataset_alias_example_alias_consumer_with_no_taskflow', 'dataset_s3_bucket_producer_with_no_taskflow', 'dataset_s3_bucket_consumer_with_no_taskflow', 'dataset_alias_example_alias_producer_with_no_taskflow' retrieved from /home/airflow/.local/lib/python3.12/site-packages/airflow/example_dags/example_dataset_alias_with_no_taskflow.py
[2026-05-28T10:18:17.999+0000] {logging_mixin.py:190} INFO - [2026-05-28T10:18:17.998+0000] {dag.py:3239} INFO - Sync 4 DAGs
[2026-05-28T10:18:18.041+0000] {logging_mixin.py:190} INFO - [2026-05-28T10:18:18.041+0000] {dag.py:4180} INFO - Setting next_dagrun for dataset_alias_example_alias_consumer_with_no_taskflow to None, run_after=None
[2026-05-28T10:18:18.047+0000] {logging_mixin.py:190} INFO - [2026-05-28T10:18:18.047+0000] {dag.py:4180} INFO - Setting next_dagrun for dataset_alias_example_alias_producer_with_no_taskflow to None, run_after=None
[2026-05-28T10:18:18.052+0000] {logging_mixin.py:190} INFO - [2026-05-28T10:18:18.051+0000] {dag.py:4180} INFO - Setting next_dagrun for dataset_s3_bucket_consumer_with_no_taskflow to None, run_after=None
[2026-05-28T10:18:18.056+0000] {logging_mixin.py:190} INFO - [2026-05-28T10:18:18.055+0000] {dag.py:4180} INFO - Setting next_dagrun for dataset_s3_bucket_producer_with_no_taskflow to None, run_after=None
[2026-05-28T10:18:18.098+0000] {processor.py:208} INFO - Processing /home/airflow/.local/lib/python3.12/site-packages/airflow/example_dags/example_dataset_alias_with_no_taskflow.py took 14.244 seconds
[2026-05-28T10:18:48.314+0000] {processor.py:186} INFO - Started process (PID=1844) to work on /home/airflow/.local/lib/python3.12/site-packages/airflow/example_dags/example_dataset_alias_with_no_taskflow.py
[2026-05-28T10:18:48.317+0000] {processor.py:914} INFO - Processing file /home/airflow/.local/lib/python3.12/site-packages/airflow/example_dags/example_dataset_alias_with_no_taskflow.py for tasks to queue
[2026-05-28T10:18:48.321+0000] {logging_mixin.py:190} INFO - [2026-05-28T10:18:48.321+0000] {dagbag.py:588} INFO - Filling up the DagBag from /home/airflow/.local/lib/python3.12/site-packages/airflow/example_dags/example_dataset_alias_with_no_taskflow.py
[2026-05-28T10:19:00.040+0000] {processor.py:925} INFO - DAG(s) 'dataset_alias_example_alias_producer_with_no_taskflow', 'dataset_s3_bucket_producer_with_no_taskflow', 'dataset_s3_bucket_consumer_with_no_taskflow', 'dataset_alias_example_alias_consumer_with_no_taskflow' retrieved from /home/airflow/.local/lib/python3.12/site-packages/airflow/example_dags/example_dataset_alias_with_no_taskflow.py
[2026-05-28T10:19:00.084+0000] {logging_mixin.py:190} INFO - [2026-05-28T10:19:00.082+0000] {dag.py:3239} INFO - Sync 4 DAGs
[2026-05-28T10:19:00.117+0000] {logging_mixin.py:190} INFO - [2026-05-28T10:19:00.117+0000] {dag.py:4180} INFO - Setting next_dagrun for dataset_alias_example_alias_consumer_with_no_taskflow to None, run_after=None
[2026-05-28T10:19:00.122+0000] {logging_mixin.py:190} INFO - [2026-05-28T10:19:00.121+0000] {dag.py:4180} INFO - Setting next_dagrun for dataset_alias_example_alias_producer_with_no_taskflow to None, run_after=None
[2026-05-28T10:19:00.139+0000] {logging_mixin.py:190} INFO - [2026-05-28T10:19:00.139+0000] {dag.py:4180} INFO - Setting next_dagrun for dataset_s3_bucket_consumer_with_no_taskflow to None, run_after=None
[2026-05-28T10:19:00.142+0000] {logging_mixin.py:190} INFO - [2026-05-28T10:19:00.141+0000] {dag.py:4180} INFO - Setting next_dagrun for dataset_s3_bucket_producer_with_no_taskflow to None, run_after=None
[2026-05-28T10:19:00.177+0000] {processor.py:208} INFO - Processing /home/airflow/.local/lib/python3.12/site-packages/airflow/example_dags/example_dataset_alias_with_no_taskflow.py took 11.873 seconds
[2026-05-28T10:19:30.354+0000] {processor.py:186} INFO - Started process (PID=1920) to work on /home/airflow/.local/lib/python3.12/site-packages/airflow/example_dags/example_dataset_alias_with_no_taskflow.py
[2026-05-28T10:19:30.357+0000] {processor.py:914} INFO - Processing file /home/airflow/.local/lib/python3.12/site-packages/airflow/example_dags/example_dataset_alias_with_no_taskflow.py for tasks to queue
[2026-05-28T10:19:30.362+0000] {logging_mixin.py:190} INFO - [2026-05-28T10:19:30.361+0000] {dagbag.py:588} INFO - Filling up the DagBag from /home/airflow/.local/lib/python3.12/site-packages/airflow/example_dags/example_dataset_alias_with_no_taskflow.py
[2026-05-28T10:19:42.357+0000] {processor.py:925} INFO - DAG(s) 'dataset_alias_example_alias_producer_with_no_taskflow', 'dataset_s3_bucket_producer_with_no_taskflow', 'dataset_s3_bucket_consumer_with_no_taskflow', 'dataset_alias_example_alias_consumer_with_no_taskflow' retrieved from /home/airflow/.local/lib/python3.12/site-packages/airflow/example_dags/example_dataset_alias_with_no_taskflow.py
[2026-05-28T10:19:42.399+0000] {logging_mixin.py:190} INFO - [2026-05-28T10:19:42.398+0000] {dag.py:3239} INFO - Sync 4 DAGs
[2026-05-28T10:19:42.433+0000] {logging_mixin.py:190} INFO - [2026-05-28T10:19:42.433+0000] {dag.py:4180} INFO - Setting next_dagrun for dataset_alias_example_alias_consumer_with_no_taskflow to None, run_after=None
[2026-05-28T10:19:42.439+0000] {logging_mixin.py:190} INFO - [2026-05-28T10:19:42.438+0000] {dag.py:4180} INFO - Setting next_dagrun for dataset_alias_example_alias_producer_with_no_taskflow to None, run_after=None
[2026-05-28T10:19:42.442+0000] {logging_mixin.py:190} INFO - [2026-05-28T10:19:42.441+0000] {dag.py:4180} INFO - Setting next_dagrun for dataset_s3_bucket_consumer_with_no_taskflow to None, run_after=None
[2026-05-28T10:19:42.445+0000] {logging_mixin.py:190} INFO - [2026-05-28T10:19:42.444+0000] {dag.py:4180} INFO - Setting next_dagrun for dataset_s3_bucket_producer_with_no_taskflow to None, run_after=None
[2026-05-28T10:19:42.509+0000] {processor.py:208} INFO - Processing /home/airflow/.local/lib/python3.12/site-packages/airflow/example_dags/example_dataset_alias_with_no_taskflow.py took 12.168 seconds
[2026-05-28T10:20:13.007+0000] {processor.py:186} INFO - Started process (PID=2004) to work on /home/airflow/.local/lib/python3.12/site-packages/airflow/example_dags/example_dataset_alias_with_no_taskflow.py
[2026-05-28T10:20:13.009+0000] {processor.py:914} INFO - Processing file /home/airflow/.local/lib/python3.12/site-packages/airflow/example_dags/example_dataset_alias_with_no_taskflow.py for tasks to queue
[2026-05-28T10:20:13.014+0000] {logging_mixin.py:190} INFO - [2026-05-28T10:20:13.013+0000] {dagbag.py:588} INFO - Filling up the DagBag from /home/airflow/.local/lib/python3.12/site-packages/airflow/example_dags/example_dataset_alias_with_no_taskflow.py
[2026-05-28T10:20:25.050+0000] {processor.py:925} INFO - DAG(s) 'dataset_s3_bucket_consumer_with_no_taskflow', 'dataset_alias_example_alias_consumer_with_no_taskflow', 'dataset_s3_bucket_producer_with_no_taskflow', 'dataset_alias_example_alias_producer_with_no_taskflow' retrieved from /home/airflow/.local/lib/python3.12/site-packages/airflow/example_dags/example_dataset_alias_with_no_taskflow.py
[2026-05-28T10:20:25.104+0000] {logging_mixin.py:190} INFO - [2026-05-28T10:20:25.102+0000] {dag.py:3239} INFO - Sync 4 DAGs
[2026-05-28T10:20:25.149+0000] {logging_mixin.py:190} INFO - [2026-05-28T10:20:25.148+0000] {dag.py:4180} INFO - Setting next_dagrun for dataset_alias_example_alias_consumer_with_no_taskflow to None, run_after=None
[2026-05-28T10:20:25.156+0000] {logging_mixin.py:190} INFO - [2026-05-28T10:20:25.156+0000] {dag.py:4180} INFO - Setting next_dagrun for dataset_alias_example_alias_producer_with_no_taskflow to None, run_after=None
[2026-05-28T10:20:25.160+0000] {logging_mixin.py:190} INFO - [2026-05-28T10:20:25.160+0000] {dag.py:4180} INFO - Setting next_dagrun for dataset_s3_bucket_consumer_with_no_taskflow to None, run_after=None
[2026-05-28T10:20:25.164+0000] {logging_mixin.py:190} INFO - [2026-05-28T10:20:25.163+0000] {dag.py:4180} INFO - Setting next_dagrun for dataset_s3_bucket_producer_with_no_taskflow to None, run_after=None
[2026-05-28T10:20:25.221+0000] {processor.py:208} INFO - Processing /home/airflow/.local/lib/python3.12/site-packages/airflow/example_dags/example_dataset_alias_with_no_taskflow.py took 12.226 seconds
[2026-05-28T10:20:55.493+0000] {processor.py:186} INFO - Started process (PID=2079) to work on /home/airflow/.local/lib/python3.12/site-packages/airflow/example_dags/example_dataset_alias_with_no_taskflow.py
[2026-05-28T10:20:55.495+0000] {processor.py:914} INFO - Processing file /home/airflow/.local/lib/python3.12/site-packages/airflow/example_dags/example_dataset_alias_with_no_taskflow.py for tasks to queue
[2026-05-28T10:20:55.499+0000] {logging_mixin.py:190} INFO - [2026-05-28T10:20:55.499+0000] {dagbag.py:588} INFO - Filling up the DagBag from /home/airflow/.local/lib/python3.12/site-packages/airflow/example_dags/example_dataset_alias_with_no_taskflow.py
[2026-05-28T10:21:08.528+0000] {processor.py:925} INFO - DAG(s) 'dataset_s3_bucket_consumer_with_no_taskflow', 'dataset_alias_example_alias_producer_with_no_taskflow', 'dataset_alias_example_alias_consumer_with_no_taskflow', 'dataset_s3_bucket_producer_with_no_taskflow' retrieved from /home/airflow/.local/lib/python3.12/site-packages/airflow/example_dags/example_dataset_alias_with_no_taskflow.py
[2026-05-28T10:21:08.571+0000] {logging_mixin.py:190} INFO - [2026-05-28T10:21:08.570+0000] {dag.py:3239} INFO - Sync 4 DAGs
[2026-05-28T10:21:08.617+0000] {logging_mixin.py:190} INFO - [2026-05-28T10:21:08.616+0000] {dag.py:4180} INFO - Setting next_dagrun for dataset_alias_example_alias_consumer_with_no_taskflow to None, run_after=None
[2026-05-28T10:21:08.624+0000] {logging_mixin.py:190} INFO - [2026-05-28T10:21:08.623+0000] {dag.py:4180} INFO - Setting next_dagrun for dataset_alias_example_alias_producer_with_no_taskflow to None, run_after=None
[2026-05-28T10:21:08.628+0000] {logging_mixin.py:190} INFO - [2026-05-28T10:21:08.628+0000] {dag.py:4180} INFO - Setting next_dagrun for dataset_s3_bucket_consumer_with_no_taskflow to None, run_after=None
[2026-05-28T10:21:08.632+0000] {logging_mixin.py:190} INFO - [2026-05-28T10:21:08.632+0000] {dag.py:4180} INFO - Setting next_dagrun for dataset_s3_bucket_producer_with_no_taskflow to None, run_after=None
[2026-05-28T10:21:08.692+0000] {processor.py:208} INFO - Processing /home/airflow/.local/lib/python3.12/site-packages/airflow/example_dags/example_dataset_alias_with_no_taskflow.py took 13.213 seconds
[2026-05-28T10:21:38.965+0000] {processor.py:186} INFO - Started process (PID=2165) to work on /home/airflow/.local/lib/python3.12/site-packages/airflow/example_dags/example_dataset_alias_with_no_taskflow.py
[2026-05-28T10:21:38.967+0000] {processor.py:914} INFO - Processing file /home/airflow/.local/lib/python3.12/site-packages/airflow/example_dags/example_dataset_alias_with_no_taskflow.py for tasks to queue
[2026-05-28T10:21:38.972+0000] {logging_mixin.py:190} INFO - [2026-05-28T10:21:38.971+0000] {dagbag.py:588} INFO - Filling up the DagBag from /home/airflow/.local/lib/python3.12/site-packages/airflow/example_dags/example_dataset_alias_with_no_taskflow.py
[2026-05-28T10:21:49.832+0000] {processor.py:925} INFO - DAG(s) 'dataset_s3_bucket_consumer_with_no_taskflow', 'dataset_s3_bucket_producer_with_no_taskflow', 'dataset_alias_example_alias_producer_with_no_taskflow', 'dataset_alias_example_alias_consumer_with_no_taskflow' retrieved from /home/airflow/.local/lib/python3.12/site-packages/airflow/example_dags/example_dataset_alias_with_no_taskflow.py
[2026-05-28T10:21:49.879+0000] {logging_mixin.py:190} INFO - [2026-05-28T10:21:49.877+0000] {dag.py:3239} INFO - Sync 4 DAGs
[2026-05-28T10:21:49.917+0000] {logging_mixin.py:190} INFO - [2026-05-28T10:21:49.917+0000] {dag.py:4180} INFO - Setting next_dagrun for dataset_alias_example_alias_consumer_with_no_taskflow to None, run_after=None
[2026-05-28T10:21:49.923+0000] {logging_mixin.py:190} INFO - [2026-05-28T10:21:49.923+0000] {dag.py:4180} INFO - Setting next_dagrun for dataset_alias_example_alias_producer_with_no_taskflow to None, run_after=None
[2026-05-28T10:21:49.926+0000] {logging_mixin.py:190} INFO - [2026-05-28T10:21:49.926+0000] {dag.py:4180} INFO - Setting next_dagrun for dataset_s3_bucket_consumer_with_no_taskflow to None, run_after=None
[2026-05-28T10:21:49.929+0000] {logging_mixin.py:190} INFO - [2026-05-28T10:21:49.929+0000] {dag.py:4180} INFO - Setting next_dagrun for dataset_s3_bucket_producer_with_no_taskflow to None, run_after=None
[2026-05-28T10:21:49.972+0000] {processor.py:208} INFO - Processing /home/airflow/.local/lib/python3.12/site-packages/airflow/example_dags/example_dataset_alias_with_no_taskflow.py took 11.019 seconds
[2026-05-28T10:22:20.207+0000] {processor.py:186} INFO - Started process (PID=2240) to work on /home/airflow/.local/lib/python3.12/site-packages/airflow/example_dags/example_dataset_alias_with_no_taskflow.py
[2026-05-28T10:22:20.209+0000] {processor.py:914} INFO - Processing file /home/airflow/.local/lib/python3.12/site-packages/airflow/example_dags/example_dataset_alias_with_no_taskflow.py for tasks to queue
[2026-05-28T10:22:20.216+0000] {logging_mixin.py:190} INFO - [2026-05-28T10:22:20.215+0000] {dagbag.py:588} INFO - Filling up the DagBag from /home/airflow/.local/lib/python3.12/site-packages/airflow/example_dags/example_dataset_alias_with_no_taskflow.py
[2026-05-28T10:22:32.446+0000] {processor.py:925} INFO - DAG(s) 'dataset_s3_bucket_producer_with_no_taskflow', 'dataset_s3_bucket_consumer_with_no_taskflow', 'dataset_alias_example_alias_producer_with_no_taskflow', 'dataset_alias_example_alias_consumer_with_no_taskflow' retrieved from /home/airflow/.local/lib/python3.12/site-packages/airflow/example_dags/example_dataset_alias_with_no_taskflow.py
[2026-05-28T10:22:32.490+0000] {logging_mixin.py:190} INFO - [2026-05-28T10:22:32.488+0000] {dag.py:3239} INFO - Sync 4 DAGs
[2026-05-28T10:22:32.535+0000] {logging_mixin.py:190} INFO - [2026-05-28T10:22:32.535+0000] {dag.py:4180} INFO - Setting next_dagrun for dataset_alias_example_alias_consumer_with_no_taskflow to None, run_after=None
[2026-05-28T10:22:32.541+0000] {logging_mixin.py:190} INFO - [2026-05-28T10:22:32.541+0000] {dag.py:4180} INFO - Setting next_dagrun for dataset_alias_example_alias_producer_with_no_taskflow to None, run_after=None
[2026-05-28T10:22:32.545+0000] {logging_mixin.py:190} INFO - [2026-05-28T10:22:32.544+0000] {dag.py:4180} INFO - Setting next_dagrun for dataset_s3_bucket_consumer_with_no_taskflow to None, run_after=None
[2026-05-28T10:22:32.550+0000] {logging_mixin.py:190} INFO - [2026-05-28T10:22:32.549+0000] {dag.py:4180} INFO - Setting next_dagrun for dataset_s3_bucket_producer_with_no_taskflow to None, run_after=None
[2026-05-28T10:22:32.601+0000] {processor.py:208} INFO - Processing /home/airflow/.local/lib/python3.12/site-packages/airflow/example_dags/example_dataset_alias_with_no_taskflow.py took 12.405 seconds
[2026-05-28T10:23:02.940+0000] {processor.py:186} INFO - Started process (PID=2311) to work on /home/airflow/.local/lib/python3.12/site-packages/airflow/example_dags/example_dataset_alias_with_no_taskflow.py
[2026-05-28T10:23:02.943+0000] {processor.py:914} INFO - Processing file /home/airflow/.local/lib/python3.12/site-packages/airflow/example_dags/example_dataset_alias_with_no_taskflow.py for tasks to queue
[2026-05-28T10:23:02.949+0000] {logging_mixin.py:190} INFO - [2026-05-28T10:23:02.948+0000] {dagbag.py:588} INFO - Filling up the DagBag from /home/airflow/.local/lib/python3.12/site-packages/airflow/example_dags/example_dataset_alias_with_no_taskflow.py
[2026-05-28T10:23:15.902+0000] {processor.py:925} INFO - DAG(s) 'dataset_alias_example_alias_producer_with_no_taskflow', 'dataset_s3_bucket_consumer_with_no_taskflow', 'dataset_alias_example_alias_consumer_with_no_taskflow', 'dataset_s3_bucket_producer_with_no_taskflow' retrieved from /home/airflow/.local/lib/python3.12/site-packages/airflow/example_dags/example_dataset_alias_with_no_taskflow.py
[2026-05-28T10:23:15.946+0000] {logging_mixin.py:190} INFO - [2026-05-28T10:23:15.944+0000] {dag.py:3239} INFO - Sync 4 DAGs
[2026-05-28T10:23:15.986+0000] {logging_mixin.py:190} INFO - [2026-05-28T10:23:15.985+0000] {dag.py:4180} INFO - Setting next_dagrun for dataset_alias_example_alias_consumer_with_no_taskflow to None, run_after=None
[2026-05-28T10:23:15.991+0000] {logging_mixin.py:190} INFO - [2026-05-28T10:23:15.990+0000] {dag.py:4180} INFO - Setting next_dagrun for dataset_alias_example_alias_producer_with_no_taskflow to None, run_after=None
[2026-05-28T10:23:15.994+0000] {logging_mixin.py:190} INFO - [2026-05-28T10:23:15.993+0000] {dag.py:4180} INFO - Setting next_dagrun for dataset_s3_bucket_consumer_with_no_taskflow to None, run_after=None
[2026-05-28T10:23:15.996+0000] {logging_mixin.py:190} INFO - [2026-05-28T10:23:15.996+0000] {dag.py:4180} INFO - Setting next_dagrun for dataset_s3_bucket_producer_with_no_taskflow to None, run_after=None
[2026-05-28T10:23:16.034+0000] {processor.py:208} INFO - Processing /home/airflow/.local/lib/python3.12/site-packages/airflow/example_dags/example_dataset_alias_with_no_taskflow.py took 13.111 seconds
[2026-05-28T10:23:46.832+0000] {processor.py:186} INFO - Started process (PID=2393) to work on /home/airflow/.local/lib/python3.12/site-packages/airflow/example_dags/example_dataset_alias_with_no_taskflow.py
[2026-05-28T10:23:46.834+0000] {processor.py:914} INFO - Processing file /home/airflow/.local/lib/python3.12/site-packages/airflow/example_dags/example_dataset_alias_with_no_taskflow.py for tasks to queue
[2026-05-28T10:23:46.841+0000] {logging_mixin.py:190} INFO - [2026-05-28T10:23:46.841+0000] {dagbag.py:588} INFO - Filling up the DagBag from /home/airflow/.local/lib/python3.12/site-packages/airflow/example_dags/example_dataset_alias_with_no_taskflow.py
[2026-05-28T10:23:58.529+0000] {processor.py:925} INFO - DAG(s) 'dataset_s3_bucket_producer_with_no_taskflow', 'dataset_alias_example_alias_consumer_with_no_taskflow', 'dataset_alias_example_alias_producer_with_no_taskflow', 'dataset_s3_bucket_consumer_with_no_taskflow' retrieved from /home/airflow/.local/lib/python3.12/site-packages/airflow/example_dags/example_dataset_alias_with_no_taskflow.py
[2026-05-28T10:23:58.568+0000] {logging_mixin.py:190} INFO - [2026-05-28T10:23:58.567+0000] {dag.py:3239} INFO - Sync 4 DAGs
[2026-05-28T10:23:58.602+0000] {logging_mixin.py:190} INFO - [2026-05-28T10:23:58.602+0000] {dag.py:4180} INFO - Setting next_dagrun for dataset_alias_example_alias_consumer_with_no_taskflow to None, run_after=None
[2026-05-28T10:23:58.607+0000] {logging_mixin.py:190} INFO - [2026-05-28T10:23:58.607+0000] {dag.py:4180} INFO - Setting next_dagrun for dataset_alias_example_alias_producer_with_no_taskflow to None, run_after=None
[2026-05-28T10:23:58.610+0000] {logging_mixin.py:190} INFO - [2026-05-28T10:23:58.610+0000] {dag.py:4180} INFO - Setting next_dagrun for dataset_s3_bucket_consumer_with_no_taskflow to None, run_after=None
[2026-05-28T10:23:58.613+0000] {logging_mixin.py:190} INFO - [2026-05-28T10:23:58.613+0000] {dag.py:4180} INFO - Setting next_dagrun for dataset_s3_bucket_producer_with_no_taskflow to None, run_after=None
[2026-05-28T10:23:58.659+0000] {processor.py:208} INFO - Processing /home/airflow/.local/lib/python3.12/site-packages/airflow/example_dags/example_dataset_alias_with_no_taskflow.py took 11.837 seconds
[2026-05-28T10:24:29.277+0000] {processor.py:186} INFO - Started process (PID=2476) to work on /home/airflow/.local/lib/python3.12/site-packages/airflow/example_dags/example_dataset_alias_with_no_taskflow.py
[2026-05-28T10:24:29.279+0000] {processor.py:914} INFO - Processing file /home/airflow/.local/lib/python3.12/site-packages/airflow/example_dags/example_dataset_alias_with_no_taskflow.py for tasks to queue
[2026-05-28T10:24:29.285+0000] {logging_mixin.py:190} INFO - [2026-05-28T10:24:29.284+0000] {dagbag.py:588} INFO - Filling up the DagBag from /home/airflow/.local/lib/python3.12/site-packages/airflow/example_dags/example_dataset_alias_with_no_taskflow.py
[2026-05-28T10:24:42.762+0000] {processor.py:925} INFO - DAG(s) 'dataset_alias_example_alias_producer_with_no_taskflow', 'dataset_alias_example_alias_consumer_with_no_taskflow', 'dataset_s3_bucket_producer_with_no_taskflow', 'dataset_s3_bucket_consumer_with_no_taskflow' retrieved from /home/airflow/.local/lib/python3.12/site-packages/airflow/example_dags/example_dataset_alias_with_no_taskflow.py
[2026-05-28T10:24:42.811+0000] {logging_mixin.py:190} INFO - [2026-05-28T10:24:42.810+0000] {dag.py:3239} INFO - Sync 4 DAGs
[2026-05-28T10:24:42.851+0000] {logging_mixin.py:190} INFO - [2026-05-28T10:24:42.850+0000] {dag.py:4180} INFO - Setting next_dagrun for dataset_alias_example_alias_consumer_with_no_taskflow to None, run_after=None
[2026-05-28T10:24:42.858+0000] {logging_mixin.py:190} INFO - [2026-05-28T10:24:42.858+0000] {dag.py:4180} INFO - Setting next_dagrun for dataset_alias_example_alias_producer_with_no_taskflow to None, run_after=None
[2026-05-28T10:24:42.861+0000] {logging_mixin.py:190} INFO - [2026-05-28T10:24:42.861+0000] {dag.py:4180} INFO - Setting next_dagrun for dataset_s3_bucket_consumer_with_no_taskflow to None, run_after=None
[2026-05-28T10:24:42.865+0000] {logging_mixin.py:190} INFO - [2026-05-28T10:24:42.865+0000] {dag.py:4180} INFO - Setting next_dagrun for dataset_s3_bucket_producer_with_no_taskflow to None, run_after=None
[2026-05-28T10:24:42.910+0000] {processor.py:208} INFO - Processing /home/airflow/.local/lib/python3.12/site-packages/airflow/example_dags/example_dataset_alias_with_no_taskflow.py took 13.648 seconds
[2026-05-28T10:25:13.400+0000] {processor.py:186} INFO - Started process (PID=2557) to work on /home/airflow/.local/lib/python3.12/site-packages/airflow/example_dags/example_dataset_alias_with_no_taskflow.py
[2026-05-28T10:25:13.404+0000] {processor.py:914} INFO - Processing file /home/airflow/.local/lib/python3.12/site-packages/airflow/example_dags/example_dataset_alias_with_no_taskflow.py for tasks to queue
[2026-05-28T10:25:13.408+0000] {logging_mixin.py:190} INFO - [2026-05-28T10:25:13.408+0000] {dagbag.py:588} INFO - Filling up the DagBag from /home/airflow/.local/lib/python3.12/site-packages/airflow/example_dags/example_dataset_alias_with_no_taskflow.py
[2026-05-28T10:25:24.739+0000] {processor.py:925} INFO - DAG(s) 'dataset_s3_bucket_producer_with_no_taskflow', 'dataset_alias_example_alias_producer_with_no_taskflow', 'dataset_s3_bucket_consumer_with_no_taskflow', 'dataset_alias_example_alias_consumer_with_no_taskflow' retrieved from /home/airflow/.local/lib/python3.12/site-packages/airflow/example_dags/example_dataset_alias_with_no_taskflow.py
[2026-05-28T10:25:24.780+0000] {logging_mixin.py:190} INFO - [2026-05-28T10:25:24.778+0000] {dag.py:3239} INFO - Sync 4 DAGs
[2026-05-28T10:25:24.821+0000] {logging_mixin.py:190} INFO - [2026-05-28T10:25:24.821+0000] {dag.py:4180} INFO - Setting next_dagrun for dataset_alias_example_alias_consumer_with_no_taskflow to None, run_after=None
[2026-05-28T10:25:24.826+0000] {logging_mixin.py:190} INFO - [2026-05-28T10:25:24.826+0000] {dag.py:4180} INFO - Setting next_dagrun for dataset_alias_example_alias_producer_with_no_taskflow to None, run_after=None
[2026-05-28T10:25:24.829+0000] {logging_mixin.py:190} INFO - [2026-05-28T10:25:24.829+0000] {dag.py:4180} INFO - Setting next_dagrun for dataset_s3_bucket_consumer_with_no_taskflow to None, run_after=None
[2026-05-28T10:25:24.833+0000] {logging_mixin.py:190} INFO - [2026-05-28T10:25:24.832+0000] {dag.py:4180} INFO - Setting next_dagrun for dataset_s3_bucket_producer_with_no_taskflow to None, run_after=None
[2026-05-28T10:25:24.874+0000] {processor.py:208} INFO - Processing /home/airflow/.local/lib/python3.12/site-packages/airflow/example_dags/example_dataset_alias_with_no_taskflow.py took 11.483 seconds
[2026-05-28T10:25:55.603+0000] {processor.py:186} INFO - Started process (PID=2630) to work on /home/airflow/.local/lib/python3.12/site-packages/airflow/example_dags/example_dataset_alias_with_no_taskflow.py
[2026-05-28T10:25:55.605+0000] {processor.py:914} INFO - Processing file /home/airflow/.local/lib/python3.12/site-packages/airflow/example_dags/example_dataset_alias_with_no_taskflow.py for tasks to queue
[2026-05-28T10:25:55.612+0000] {logging_mixin.py:190} INFO - [2026-05-28T10:25:55.611+0000] {dagbag.py:588} INFO - Filling up the DagBag from /home/airflow/.local/lib/python3.12/site-packages/airflow/example_dags/example_dataset_alias_with_no_taskflow.py
[2026-05-28T10:26:08.039+0000] {processor.py:925} INFO - DAG(s) 'dataset_alias_example_alias_consumer_with_no_taskflow', 'dataset_alias_example_alias_producer_with_no_taskflow', 'dataset_s3_bucket_consumer_with_no_taskflow', 'dataset_s3_bucket_producer_with_no_taskflow' retrieved from /home/airflow/.local/lib/python3.12/site-packages/airflow/example_dags/example_dataset_alias_with_no_taskflow.py
[2026-05-28T10:26:08.089+0000] {logging_mixin.py:190} INFO - [2026-05-28T10:26:08.087+0000] {dag.py:3239} INFO - Sync 4 DAGs
[2026-05-28T10:26:08.137+0000] {logging_mixin.py:190} INFO - [2026-05-28T10:26:08.137+0000] {dag.py:4180} INFO - Setting next_dagrun for dataset_alias_example_alias_consumer_with_no_taskflow to None, run_after=None
[2026-05-28T10:26:08.145+0000] {logging_mixin.py:190} INFO - [2026-05-28T10:26:08.144+0000] {dag.py:4180} INFO - Setting next_dagrun for dataset_alias_example_alias_producer_with_no_taskflow to None, run_after=None
[2026-05-28T10:26:08.149+0000] {logging_mixin.py:190} INFO - [2026-05-28T10:26:08.148+0000] {dag.py:4180} INFO - Setting next_dagrun for dataset_s3_bucket_consumer_with_no_taskflow to None, run_after=None
[2026-05-28T10:26:08.153+0000] {logging_mixin.py:190} INFO - [2026-05-28T10:26:08.153+0000] {dag.py:4180} INFO - Setting next_dagrun for dataset_s3_bucket_producer_with_no_taskflow to None, run_after=None
[2026-05-28T10:26:08.195+0000] {processor.py:208} INFO - Processing /home/airflow/.local/lib/python3.12/site-packages/airflow/example_dags/example_dataset_alias_with_no_taskflow.py took 12.603 seconds
[2026-05-28T10:26:38.348+0000] {processor.py:186} INFO - Started process (PID=2709) to work on /home/airflow/.local/lib/python3.12/site-packages/airflow/example_dags/example_dataset_alias_with_no_taskflow.py
[2026-05-28T10:26:38.351+0000] {processor.py:914} INFO - Processing file /home/airflow/.local/lib/python3.12/site-packages/airflow/example_dags/example_dataset_alias_with_no_taskflow.py for tasks to queue
[2026-05-28T10:26:38.359+0000] {logging_mixin.py:190} INFO - [2026-05-28T10:26:38.358+0000] {dagbag.py:588} INFO - Filling up the DagBag from /home/airflow/.local/lib/python3.12/site-packages/airflow/example_dags/example_dataset_alias_with_no_taskflow.py
[2026-05-28T10:26:54.545+0000] {processor.py:925} INFO - DAG(s) 'dataset_s3_bucket_producer_with_no_taskflow', 'dataset_s3_bucket_consumer_with_no_taskflow', 'dataset_alias_example_alias_producer_with_no_taskflow', 'dataset_alias_example_alias_consumer_with_no_taskflow' retrieved from /home/airflow/.local/lib/python3.12/site-packages/airflow/example_dags/example_dataset_alias_with_no_taskflow.py
[2026-05-28T10:26:54.617+0000] {logging_mixin.py:190} INFO - [2026-05-28T10:26:54.615+0000] {dag.py:3239} INFO - Sync 4 DAGs
[2026-05-28T10:26:54.688+0000] {logging_mixin.py:190} INFO - [2026-05-28T10:26:54.688+0000] {dag.py:4180} INFO - Setting next_dagrun for dataset_alias_example_alias_consumer_with_no_taskflow to None, run_after=None
[2026-05-28T10:26:54.696+0000] {logging_mixin.py:190} INFO - [2026-05-28T10:26:54.696+0000] {dag.py:4180} INFO - Setting next_dagrun for dataset_alias_example_alias_producer_with_no_taskflow to None, run_after=None
[2026-05-28T10:26:54.704+0000] {logging_mixin.py:190} INFO - [2026-05-28T10:26:54.703+0000] {dag.py:4180} INFO - Setting next_dagrun for dataset_s3_bucket_consumer_with_no_taskflow to None, run_after=None
[2026-05-28T10:26:54.709+0000] {logging_mixin.py:190} INFO - [2026-05-28T10:26:54.708+0000] {dag.py:4180} INFO - Setting next_dagrun for dataset_s3_bucket_producer_with_no_taskflow to None, run_after=None
[2026-05-28T10:26:54.790+0000] {processor.py:208} INFO - Processing /home/airflow/.local/lib/python3.12/site-packages/airflow/example_dags/example_dataset_alias_with_no_taskflow.py took 16.454 seconds
[2026-05-28T10:27:25.080+0000] {processor.py:186} INFO - Started process (PID=2793) to work on /home/airflow/.local/lib/python3.12/site-packages/airflow/example_dags/example_dataset_alias_with_no_taskflow.py
[2026-05-28T10:27:25.082+0000] {processor.py:914} INFO - Processing file /home/airflow/.local/lib/python3.12/site-packages/airflow/example_dags/example_dataset_alias_with_no_taskflow.py for tasks to queue
[2026-05-28T10:27:25.087+0000] {logging_mixin.py:190} INFO - [2026-05-28T10:27:25.086+0000] {dagbag.py:588} INFO - Filling up the DagBag from /home/airflow/.local/lib/python3.12/site-packages/airflow/example_dags/example_dataset_alias_with_no_taskflow.py
[2026-05-28T10:27:37.053+0000] {processor.py:925} INFO - DAG(s) 'dataset_s3_bucket_producer_with_no_taskflow', 'dataset_s3_bucket_consumer_with_no_taskflow', 'dataset_alias_example_alias_producer_with_no_taskflow', 'dataset_alias_example_alias_consumer_with_no_taskflow' retrieved from /home/airflow/.local/lib/python3.12/site-packages/airflow/example_dags/example_dataset_alias_with_no_taskflow.py
[2026-05-28T10:27:37.104+0000] {logging_mixin.py:190} INFO - [2026-05-28T10:27:37.102+0000] {dag.py:3239} INFO - Sync 4 DAGs
[2026-05-28T10:27:37.149+0000] {logging_mixin.py:190} INFO - [2026-05-28T10:27:37.149+0000] {dag.py:4180} INFO - Setting next_dagrun for dataset_alias_example_alias_consumer_with_no_taskflow to None, run_after=None
[2026-05-28T10:27:37.156+0000] {logging_mixin.py:190} INFO - [2026-05-28T10:27:37.155+0000] {dag.py:4180} INFO - Setting next_dagrun for dataset_alias_example_alias_producer_with_no_taskflow to None, run_after=None
[2026-05-28T10:27:37.159+0000] {logging_mixin.py:190} INFO - [2026-05-28T10:27:37.159+0000] {dag.py:4180} INFO - Setting next_dagrun for dataset_s3_bucket_consumer_with_no_taskflow to None, run_after=None
[2026-05-28T10:27:37.162+0000] {logging_mixin.py:190} INFO - [2026-05-28T10:27:37.162+0000] {dag.py:4180} INFO - Setting next_dagrun for dataset_s3_bucket_producer_with_no_taskflow to None, run_after=None
[2026-05-28T10:27:37.208+0000] {processor.py:208} INFO - Processing /home/airflow/.local/lib/python3.12/site-packages/airflow/example_dags/example_dataset_alias_with_no_taskflow.py took 12.136 seconds
[2026-05-28T10:28:07.344+0000] {processor.py:186} INFO - Started process (PID=2873) to work on /home/airflow/.local/lib/python3.12/site-packages/airflow/example_dags/example_dataset_alias_with_no_taskflow.py
[2026-05-28T10:28:07.345+0000] {processor.py:914} INFO - Processing file /home/airflow/.local/lib/python3.12/site-packages/airflow/example_dags/example_dataset_alias_with_no_taskflow.py for tasks to queue
[2026-05-28T10:28:07.353+0000] {logging_mixin.py:190} INFO - [2026-05-28T10:28:07.352+0000] {dagbag.py:588} INFO - Filling up the DagBag from /home/airflow/.local/lib/python3.12/site-packages/airflow/example_dags/example_dataset_alias_with_no_taskflow.py
[2026-05-28T10:28:21.107+0000] {processor.py:925} INFO - DAG(s) 'dataset_s3_bucket_consumer_with_no_taskflow', 'dataset_alias_example_alias_consumer_with_no_taskflow', 'dataset_s3_bucket_producer_with_no_taskflow', 'dataset_alias_example_alias_producer_with_no_taskflow' retrieved from /home/airflow/.local/lib/python3.12/site-packages/airflow/example_dags/example_dataset_alias_with_no_taskflow.py
[2026-05-28T10:28:21.151+0000] {logging_mixin.py:190} INFO - [2026-05-28T10:28:21.150+0000] {dag.py:3239} INFO - Sync 4 DAGs
[2026-05-28T10:28:21.190+0000] {logging_mixin.py:190} INFO - [2026-05-28T10:28:21.190+0000] {dag.py:4180} INFO - Setting next_dagrun for dataset_alias_example_alias_consumer_with_no_taskflow to None, run_after=None
[2026-05-28T10:28:21.198+0000] {logging_mixin.py:190} INFO - [2026-05-28T10:28:21.197+0000] {dag.py:4180} INFO - Setting next_dagrun for dataset_alias_example_alias_producer_with_no_taskflow to None, run_after=None
[2026-05-28T10:28:21.200+0000] {logging_mixin.py:190} INFO - [2026-05-28T10:28:21.200+0000] {dag.py:4180} INFO - Setting next_dagrun for dataset_s3_bucket_consumer_with_no_taskflow to None, run_after=None
[2026-05-28T10:28:21.204+0000] {logging_mixin.py:190} INFO - [2026-05-28T10:28:21.203+0000] {dag.py:4180} INFO - Setting next_dagrun for dataset_s3_bucket_producer_with_no_taskflow to None, run_after=None
[2026-05-28T10:28:21.254+0000] {processor.py:208} INFO - Processing /home/airflow/.local/lib/python3.12/site-packages/airflow/example_dags/example_dataset_alias_with_no_taskflow.py took 13.927 seconds
[2026-05-28T10:28:51.481+0000] {processor.py:186} INFO - Started process (PID=2957) to work on /home/airflow/.local/lib/python3.12/site-packages/airflow/example_dags/example_dataset_alias_with_no_taskflow.py
[2026-05-28T10:28:51.484+0000] {processor.py:914} INFO - Processing file /home/airflow/.local/lib/python3.12/site-packages/airflow/example_dags/example_dataset_alias_with_no_taskflow.py for tasks to queue
[2026-05-28T10:28:51.492+0000] {logging_mixin.py:190} INFO - [2026-05-28T10:28:51.491+0000] {dagbag.py:588} INFO - Filling up the DagBag from /home/airflow/.local/lib/python3.12/site-packages/airflow/example_dags/example_dataset_alias_with_no_taskflow.py
[2026-05-28T10:29:07.272+0000] {processor.py:925} INFO - DAG(s) 'dataset_s3_bucket_producer_with_no_taskflow', 'dataset_alias_example_alias_consumer_with_no_taskflow', 'dataset_alias_example_alias_producer_with_no_taskflow', 'dataset_s3_bucket_consumer_with_no_taskflow' retrieved from /home/airflow/.local/lib/python3.12/site-packages/airflow/example_dags/example_dataset_alias_with_no_taskflow.py
[2026-05-28T10:29:07.355+0000] {logging_mixin.py:190} INFO - [2026-05-28T10:29:07.353+0000] {dag.py:3239} INFO - Sync 4 DAGs
[2026-05-28T10:29:07.426+0000] {logging_mixin.py:190} INFO - [2026-05-28T10:29:07.426+0000] {dag.py:4180} INFO - Setting next_dagrun for dataset_alias_example_alias_consumer_with_no_taskflow to None, run_after=None
[2026-05-28T10:29:07.434+0000] {logging_mixin.py:190} INFO - [2026-05-28T10:29:07.433+0000] {dag.py:4180} INFO - Setting next_dagrun for dataset_alias_example_alias_producer_with_no_taskflow to None, run_after=None
[2026-05-28T10:29:07.438+0000] {logging_mixin.py:190} INFO - [2026-05-28T10:29:07.437+0000] {dag.py:4180} INFO - Setting next_dagrun for dataset_s3_bucket_consumer_with_no_taskflow to None, run_after=None
[2026-05-28T10:29:07.442+0000] {logging_mixin.py:190} INFO - [2026-05-28T10:29:07.441+0000] {dag.py:4180} INFO - Setting next_dagrun for dataset_s3_bucket_producer_with_no_taskflow to None, run_after=None
[2026-05-28T10:29:07.495+0000] {processor.py:208} INFO - Processing /home/airflow/.local/lib/python3.12/site-packages/airflow/example_dags/example_dataset_alias_with_no_taskflow.py took 16.030 seconds
[2026-05-28T10:29:37.845+0000] {processor.py:186} INFO - Started process (PID=3036) to work on /home/airflow/.local/lib/python3.12/site-packages/airflow/example_dags/example_dataset_alias_with_no_taskflow.py
[2026-05-28T10:29:37.847+0000] {processor.py:914} INFO - Processing file /home/airflow/.local/lib/python3.12/site-packages/airflow/example_dags/example_dataset_alias_with_no_taskflow.py for tasks to queue
[2026-05-28T10:29:37.855+0000] {logging_mixin.py:190} INFO - [2026-05-28T10:29:37.854+0000] {dagbag.py:588} INFO - Filling up the DagBag from /home/airflow/.local/lib/python3.12/site-packages/airflow/example_dags/example_dataset_alias_with_no_taskflow.py
[2026-05-28T10:29:53.636+0000] {processor.py:925} INFO - DAG(s) 'dataset_s3_bucket_consumer_with_no_taskflow', 'dataset_s3_bucket_producer_with_no_taskflow', 'dataset_alias_example_alias_consumer_with_no_taskflow', 'dataset_alias_example_alias_producer_with_no_taskflow' retrieved from /home/airflow/.local/lib/python3.12/site-packages/airflow/example_dags/example_dataset_alias_with_no_taskflow.py
[2026-05-28T10:29:53.735+0000] {logging_mixin.py:190} INFO - [2026-05-28T10:29:53.733+0000] {dag.py:3239} INFO - Sync 4 DAGs
[2026-05-28T10:29:53.799+0000] {logging_mixin.py:190} INFO - [2026-05-28T10:29:53.798+0000] {dag.py:4180} INFO - Setting next_dagrun for dataset_alias_example_alias_consumer_with_no_taskflow to None, run_after=None
[2026-05-28T10:29:53.811+0000] {logging_mixin.py:190} INFO - [2026-05-28T10:29:53.810+0000] {dag.py:4180} INFO - Setting next_dagrun for dataset_alias_example_alias_producer_with_no_taskflow to None, run_after=None
[2026-05-28T10:29:53.815+0000] {logging_mixin.py:190} INFO - [2026-05-28T10:29:53.814+0000] {dag.py:4180} INFO - Setting next_dagrun for dataset_s3_bucket_consumer_with_no_taskflow to None, run_after=None
[2026-05-28T10:29:53.820+0000] {logging_mixin.py:190} INFO - [2026-05-28T10:29:53.819+0000] {dag.py:4180} INFO - Setting next_dagrun for dataset_s3_bucket_producer_with_no_taskflow to None, run_after=None
[2026-05-28T10:29:53.887+0000] {processor.py:208} INFO - Processing /home/airflow/.local/lib/python3.12/site-packages/airflow/example_dags/example_dataset_alias_with_no_taskflow.py took 16.063 seconds
[2026-05-28T10:30:27.615+0000] {processor.py:186} INFO - Started process (PID=3113) to work on /home/airflow/.local/lib/python3.12/site-packages/airflow/example_dags/example_dataset_alias_with_no_taskflow.py
[2026-05-28T10:30:27.617+0000] {processor.py:914} INFO - Processing file /home/airflow/.local/lib/python3.12/site-packages/airflow/example_dags/example_dataset_alias_with_no_taskflow.py for tasks to queue
[2026-05-28T10:30:27.622+0000] {logging_mixin.py:190} INFO - [2026-05-28T10:30:27.621+0000] {dagbag.py:588} INFO - Filling up the DagBag from /home/airflow/.local/lib/python3.12/site-packages/airflow/example_dags/example_dataset_alias_with_no_taskflow.py
[2026-05-28T10:30:41.718+0000] {processor.py:925} INFO - DAG(s) 'dataset_alias_example_alias_producer_with_no_taskflow', 'dataset_s3_bucket_producer_with_no_taskflow', 'dataset_s3_bucket_consumer_with_no_taskflow', 'dataset_alias_example_alias_consumer_with_no_taskflow' retrieved from /home/airflow/.local/lib/python3.12/site-packages/airflow/example_dags/example_dataset_alias_with_no_taskflow.py
[2026-05-28T10:30:41.765+0000] {logging_mixin.py:190} INFO - [2026-05-28T10:30:41.764+0000] {dag.py:3239} INFO - Sync 4 DAGs
[2026-05-28T10:30:41.808+0000] {logging_mixin.py:190} INFO - [2026-05-28T10:30:41.807+0000] {dag.py:4180} INFO - Setting next_dagrun for dataset_alias_example_alias_consumer_with_no_taskflow to None, run_after=None
[2026-05-28T10:30:41.814+0000] {logging_mixin.py:190} INFO - [2026-05-28T10:30:41.813+0000] {dag.py:4180} INFO - Setting next_dagrun for dataset_alias_example_alias_producer_with_no_taskflow to None, run_after=None
[2026-05-28T10:30:41.817+0000] {logging_mixin.py:190} INFO - [2026-05-28T10:30:41.816+0000] {dag.py:4180} INFO - Setting next_dagrun for dataset_s3_bucket_consumer_with_no_taskflow to None, run_after=None
[2026-05-28T10:30:41.820+0000] {logging_mixin.py:190} INFO - [2026-05-28T10:30:41.820+0000] {dag.py:4180} INFO - Setting next_dagrun for dataset_s3_bucket_producer_with_no_taskflow to None, run_after=None
[2026-05-28T10:30:41.862+0000] {processor.py:208} INFO - Processing /home/airflow/.local/lib/python3.12/site-packages/airflow/example_dags/example_dataset_alias_with_no_taskflow.py took 14.262 seconds
[2026-05-28T10:31:12.652+0000] {processor.py:186} INFO - Started process (PID=3196) to work on /home/airflow/.local/lib/python3.12/site-packages/airflow/example_dags/example_dataset_alias_with_no_taskflow.py
[2026-05-28T10:31:12.654+0000] {processor.py:914} INFO - Processing file /home/airflow/.local/lib/python3.12/site-packages/airflow/example_dags/example_dataset_alias_with_no_taskflow.py for tasks to queue
[2026-05-28T10:31:12.661+0000] {logging_mixin.py:190} INFO - [2026-05-28T10:31:12.660+0000] {dagbag.py:588} INFO - Filling up the DagBag from /home/airflow/.local/lib/python3.12/site-packages/airflow/example_dags/example_dataset_alias_with_no_taskflow.py
[2026-05-28T10:31:26.474+0000] {processor.py:925} INFO - DAG(s) 'dataset_s3_bucket_consumer_with_no_taskflow', 'dataset_s3_bucket_producer_with_no_taskflow', 'dataset_alias_example_alias_consumer_with_no_taskflow', 'dataset_alias_example_alias_producer_with_no_taskflow' retrieved from /home/airflow/.local/lib/python3.12/site-packages/airflow/example_dags/example_dataset_alias_with_no_taskflow.py
[2026-05-28T10:31:26.514+0000] {logging_mixin.py:190} INFO - [2026-05-28T10:31:26.513+0000] {dag.py:3239} INFO - Sync 4 DAGs
[2026-05-28T10:31:26.548+0000] {logging_mixin.py:190} INFO - [2026-05-28T10:31:26.547+0000] {dag.py:4180} INFO - Setting next_dagrun for dataset_alias_example_alias_consumer_with_no_taskflow to None, run_after=None
[2026-05-28T10:31:26.553+0000] {logging_mixin.py:190} INFO - [2026-05-28T10:31:26.553+0000] {dag.py:4180} INFO - Setting next_dagrun for dataset_alias_example_alias_producer_with_no_taskflow to None, run_after=None
[2026-05-28T10:31:26.556+0000] {logging_mixin.py:190} INFO - [2026-05-28T10:31:26.556+0000] {dag.py:4180} INFO - Setting next_dagrun for dataset_s3_bucket_consumer_with_no_taskflow to None, run_after=None
[2026-05-28T10:31:26.559+0000] {logging_mixin.py:190} INFO - [2026-05-28T10:31:26.559+0000] {dag.py:4180} INFO - Setting next_dagrun for dataset_s3_bucket_producer_with_no_taskflow to None, run_after=None
[2026-05-28T10:31:26.604+0000] {processor.py:208} INFO - Processing /home/airflow/.local/lib/python3.12/site-packages/airflow/example_dags/example_dataset_alias_with_no_taskflow.py took 13.972 seconds
[2026-05-28T10:31:56.888+0000] {processor.py:186} INFO - Started process (PID=3283) to work on /home/airflow/.local/lib/python3.12/site-packages/airflow/example_dags/example_dataset_alias_with_no_taskflow.py
[2026-05-28T10:31:56.890+0000] {processor.py:914} INFO - Processing file /home/airflow/.local/lib/python3.12/site-packages/airflow/example_dags/example_dataset_alias_with_no_taskflow.py for tasks to queue
[2026-05-28T10:31:56.898+0000] {logging_mixin.py:190} INFO - [2026-05-28T10:31:56.897+0000] {dagbag.py:588} INFO - Filling up the DagBag from /home/airflow/.local/lib/python3.12/site-packages/airflow/example_dags/example_dataset_alias_with_no_taskflow.py
[2026-05-28T10:32:10.597+0000] {processor.py:925} INFO - DAG(s) 'dataset_s3_bucket_consumer_with_no_taskflow', 'dataset_s3_bucket_producer_with_no_taskflow', 'dataset_alias_example_alias_consumer_with_no_taskflow', 'dataset_alias_example_alias_producer_with_no_taskflow' retrieved from /home/airflow/.local/lib/python3.12/site-packages/airflow/example_dags/example_dataset_alias_with_no_taskflow.py
[2026-05-28T10:32:10.672+0000] {logging_mixin.py:190} INFO - [2026-05-28T10:32:10.669+0000] {dag.py:3239} INFO - Sync 4 DAGs
[2026-05-28T10:32:10.724+0000] {logging_mixin.py:190} INFO - [2026-05-28T10:32:10.723+0000] {dag.py:4180} INFO - Setting next_dagrun for dataset_alias_example_alias_consumer_with_no_taskflow to None, run_after=None
[2026-05-28T10:32:10.732+0000] {logging_mixin.py:190} INFO - [2026-05-28T10:32:10.731+0000] {dag.py:4180} INFO - Setting next_dagrun for dataset_alias_example_alias_producer_with_no_taskflow to None, run_after=None
[2026-05-28T10:32:10.735+0000] {logging_mixin.py:190} INFO - [2026-05-28T10:32:10.735+0000] {dag.py:4180} INFO - Setting next_dagrun for dataset_s3_bucket_consumer_with_no_taskflow to None, run_after=None
[2026-05-28T10:32:10.739+0000] {logging_mixin.py:190} INFO - [2026-05-28T10:32:10.739+0000] {dag.py:4180} INFO - Setting next_dagrun for dataset_s3_bucket_producer_with_no_taskflow to None, run_after=None
[2026-05-28T10:32:10.805+0000] {processor.py:208} INFO - Processing /home/airflow/.local/lib/python3.12/site-packages/airflow/example_dags/example_dataset_alias_with_no_taskflow.py took 13.935 seconds
[2026-05-28T10:32:41.175+0000] {processor.py:186} INFO - Started process (PID=3360) to work on /home/airflow/.local/lib/python3.12/site-packages/airflow/example_dags/example_dataset_alias_with_no_taskflow.py
[2026-05-28T10:32:41.177+0000] {processor.py:914} INFO - Processing file /home/airflow/.local/lib/python3.12/site-packages/airflow/example_dags/example_dataset_alias_with_no_taskflow.py for tasks to queue
[2026-05-28T10:32:41.183+0000] {logging_mixin.py:190} INFO - [2026-05-28T10:32:41.182+0000] {dagbag.py:588} INFO - Filling up the DagBag from /home/airflow/.local/lib/python3.12/site-packages/airflow/example_dags/example_dataset_alias_with_no_taskflow.py
[2026-05-28T10:32:55.816+0000] {processor.py:925} INFO - DAG(s) 'dataset_alias_example_alias_producer_with_no_taskflow', 'dataset_alias_example_alias_consumer_with_no_taskflow', 'dataset_s3_bucket_consumer_with_no_taskflow', 'dataset_s3_bucket_producer_with_no_taskflow' retrieved from /home/airflow/.local/lib/python3.12/site-packages/airflow/example_dags/example_dataset_alias_with_no_taskflow.py
[2026-05-28T10:32:55.873+0000] {logging_mixin.py:190} INFO - [2026-05-28T10:32:55.872+0000] {dag.py:3239} INFO - Sync 4 DAGs
[2026-05-28T10:32:55.920+0000] {logging_mixin.py:190} INFO - [2026-05-28T10:32:55.920+0000] {dag.py:4180} INFO - Setting next_dagrun for dataset_alias_example_alias_consumer_with_no_taskflow to None, run_after=None
[2026-05-28T10:32:55.927+0000] {logging_mixin.py:190} INFO - [2026-05-28T10:32:55.926+0000] {dag.py:4180} INFO - Setting next_dagrun for dataset_alias_example_alias_producer_with_no_taskflow to None, run_after=None
[2026-05-28T10:32:55.933+0000] {logging_mixin.py:190} INFO - [2026-05-28T10:32:55.933+0000] {dag.py:4180} INFO - Setting next_dagrun for dataset_s3_bucket_consumer_with_no_taskflow to None, run_after=None
[2026-05-28T10:32:55.938+0000] {logging_mixin.py:190} INFO - [2026-05-28T10:32:55.938+0000] {dag.py:4180} INFO - Setting next_dagrun for dataset_s3_bucket_producer_with_no_taskflow to None, run_after=None
[2026-05-28T10:32:55.987+0000] {processor.py:208} INFO - Processing /home/airflow/.local/lib/python3.12/site-packages/airflow/example_dags/example_dataset_alias_with_no_taskflow.py took 14.824 seconds
[2026-05-28T10:33:30.677+0000] {processor.py:186} INFO - Started process (PID=3433) to work on /home/airflow/.local/lib/python3.12/site-packages/airflow/example_dags/example_dataset_alias_with_no_taskflow.py
[2026-05-28T10:33:30.679+0000] {processor.py:914} INFO - Processing file /home/airflow/.local/lib/python3.12/site-packages/airflow/example_dags/example_dataset_alias_with_no_taskflow.py for tasks to queue
[2026-05-28T10:33:30.687+0000] {logging_mixin.py:190} INFO - [2026-05-28T10:33:30.685+0000] {dagbag.py:588} INFO - Filling up the DagBag from /home/airflow/.local/lib/python3.12/site-packages/airflow/example_dags/example_dataset_alias_with_no_taskflow.py
[2026-05-28T10:33:56.166+0000] {processor.py:925} INFO - DAG(s) 'dataset_alias_example_alias_producer_with_no_taskflow', 'dataset_alias_example_alias_consumer_with_no_taskflow', 'dataset_s3_bucket_producer_with_no_taskflow', 'dataset_s3_bucket_consumer_with_no_taskflow' retrieved from /home/airflow/.local/lib/python3.12/site-packages/airflow/example_dags/example_dataset_alias_with_no_taskflow.py
[2026-05-28T10:33:56.237+0000] {logging_mixin.py:190} INFO - [2026-05-28T10:33:56.234+0000] {dag.py:3239} INFO - Sync 4 DAGs
[2026-05-28T10:33:56.312+0000] {logging_mixin.py:190} INFO - [2026-05-28T10:33:56.311+0000] {dag.py:4180} INFO - Setting next_dagrun for dataset_alias_example_alias_consumer_with_no_taskflow to None, run_after=None
[2026-05-28T10:33:56.319+0000] {logging_mixin.py:190} INFO - [2026-05-28T10:33:56.319+0000] {dag.py:4180} INFO - Setting next_dagrun for dataset_alias_example_alias_producer_with_no_taskflow to None, run_after=None
[2026-05-28T10:33:56.323+0000] {logging_mixin.py:190} INFO - [2026-05-28T10:33:56.323+0000] {dag.py:4180} INFO - Setting next_dagrun for dataset_s3_bucket_consumer_with_no_taskflow to None, run_after=None
[2026-05-28T10:33:56.327+0000] {logging_mixin.py:190} INFO - [2026-05-28T10:33:56.327+0000] {dag.py:4180} INFO - Setting next_dagrun for dataset_s3_bucket_producer_with_no_taskflow to None, run_after=None
[2026-05-28T10:33:56.382+0000] {processor.py:208} INFO - Processing /home/airflow/.local/lib/python3.12/site-packages/airflow/example_dags/example_dataset_alias_with_no_taskflow.py took 25.722 seconds
[2026-05-28T10:34:30.598+0000] {processor.py:186} INFO - Started process (PID=3523) to work on /home/airflow/.local/lib/python3.12/site-packages/airflow/example_dags/example_dataset_alias_with_no_taskflow.py
[2026-05-28T10:34:30.603+0000] {processor.py:914} INFO - Processing file /home/airflow/.local/lib/python3.12/site-packages/airflow/example_dags/example_dataset_alias_with_no_taskflow.py for tasks to queue
[2026-05-28T10:34:30.610+0000] {logging_mixin.py:190} INFO - [2026-05-28T10:34:30.609+0000] {dagbag.py:588} INFO - Filling up the DagBag from /home/airflow/.local/lib/python3.12/site-packages/airflow/example_dags/example_dataset_alias_with_no_taskflow.py
[2026-05-28T10:34:44.313+0000] {processor.py:925} INFO - DAG(s) 'dataset_alias_example_alias_consumer_with_no_taskflow', 'dataset_alias_example_alias_producer_with_no_taskflow', 'dataset_s3_bucket_consumer_with_no_taskflow', 'dataset_s3_bucket_producer_with_no_taskflow' retrieved from /home/airflow/.local/lib/python3.12/site-packages/airflow/example_dags/example_dataset_alias_with_no_taskflow.py
[2026-05-28T10:34:44.370+0000] {logging_mixin.py:190} INFO - [2026-05-28T10:34:44.369+0000] {dag.py:3239} INFO - Sync 4 DAGs
[2026-05-28T10:34:44.459+0000] {logging_mixin.py:190} INFO - [2026-05-28T10:34:44.458+0000] {dag.py:4180} INFO - Setting next_dagrun for dataset_alias_example_alias_consumer_with_no_taskflow to None, run_after=None
[2026-05-28T10:34:44.468+0000] {logging_mixin.py:190} INFO - [2026-05-28T10:34:44.467+0000] {dag.py:4180} INFO - Setting next_dagrun for dataset_alias_example_alias_producer_with_no_taskflow to None, run_after=None
[2026-05-28T10:34:44.471+0000] {logging_mixin.py:190} INFO - [2026-05-28T10:34:44.471+0000] {dag.py:4180} INFO - Setting next_dagrun for dataset_s3_bucket_consumer_with_no_taskflow to None, run_after=None
[2026-05-28T10:34:44.475+0000] {logging_mixin.py:190} INFO - [2026-05-28T10:34:44.475+0000] {dag.py:4180} INFO - Setting next_dagrun for dataset_s3_bucket_producer_with_no_taskflow to None, run_after=None
[2026-05-28T10:34:44.537+0000] {processor.py:208} INFO - Processing /home/airflow/.local/lib/python3.12/site-packages/airflow/example_dags/example_dataset_alias_with_no_taskflow.py took 13.953 seconds
[2026-05-28T10:35:19.583+0000] {processor.py:186} INFO - Started process (PID=3608) to work on /home/airflow/.local/lib/python3.12/site-packages/airflow/example_dags/example_dataset_alias_with_no_taskflow.py
[2026-05-28T10:35:19.585+0000] {processor.py:914} INFO - Processing file /home/airflow/.local/lib/python3.12/site-packages/airflow/example_dags/example_dataset_alias_with_no_taskflow.py for tasks to queue
[2026-05-28T10:35:19.591+0000] {logging_mixin.py:190} INFO - [2026-05-28T10:35:19.590+0000] {dagbag.py:588} INFO - Filling up the DagBag from /home/airflow/.local/lib/python3.12/site-packages/airflow/example_dags/example_dataset_alias_with_no_taskflow.py
[2026-05-28T10:35:31.883+0000] {processor.py:925} INFO - DAG(s) 'dataset_s3_bucket_consumer_with_no_taskflow', 'dataset_s3_bucket_producer_with_no_taskflow', 'dataset_alias_example_alias_consumer_with_no_taskflow', 'dataset_alias_example_alias_producer_with_no_taskflow' retrieved from /home/airflow/.local/lib/python3.12/site-packages/airflow/example_dags/example_dataset_alias_with_no_taskflow.py
[2026-05-28T10:35:31.930+0000] {logging_mixin.py:190} INFO - [2026-05-28T10:35:31.929+0000] {dag.py:3239} INFO - Sync 4 DAGs
[2026-05-28T10:35:31.969+0000] {logging_mixin.py:190} INFO - [2026-05-28T10:35:31.968+0000] {dag.py:4180} INFO - Setting next_dagrun for dataset_alias_example_alias_consumer_with_no_taskflow to None, run_after=None
[2026-05-28T10:35:31.977+0000] {logging_mixin.py:190} INFO - [2026-05-28T10:35:31.976+0000] {dag.py:4180} INFO - Setting next_dagrun for dataset_alias_example_alias_producer_with_no_taskflow to None, run_after=None
[2026-05-28T10:35:31.982+0000] {logging_mixin.py:190} INFO - [2026-05-28T10:35:31.982+0000] {dag.py:4180} INFO - Setting next_dagrun for dataset_s3_bucket_consumer_with_no_taskflow to None, run_after=None
[2026-05-28T10:35:31.985+0000] {logging_mixin.py:190} INFO - [2026-05-28T10:35:31.985+0000] {dag.py:4180} INFO - Setting next_dagrun for dataset_s3_bucket_producer_with_no_taskflow to None, run_after=None
[2026-05-28T10:35:32.037+0000] {processor.py:208} INFO - Processing /home/airflow/.local/lib/python3.12/site-packages/airflow/example_dags/example_dataset_alias_with_no_taskflow.py took 12.464 seconds
[2026-05-28T10:36:05.079+0000] {processor.py:186} INFO - Started process (PID=3673) to work on /home/airflow/.local/lib/python3.12/site-packages/airflow/example_dags/example_dataset_alias_with_no_taskflow.py
[2026-05-28T10:36:05.081+0000] {processor.py:914} INFO - Processing file /home/airflow/.local/lib/python3.12/site-packages/airflow/example_dags/example_dataset_alias_with_no_taskflow.py for tasks to queue
[2026-05-28T10:36:05.088+0000] {logging_mixin.py:190} INFO - [2026-05-28T10:36:05.088+0000] {dagbag.py:588} INFO - Filling up the DagBag from /home/airflow/.local/lib/python3.12/site-packages/airflow/example_dags/example_dataset_alias_with_no_taskflow.py
[2026-05-28T10:36:16.837+0000] {processor.py:925} INFO - DAG(s) 'dataset_alias_example_alias_producer_with_no_taskflow', 'dataset_s3_bucket_consumer_with_no_taskflow', 'dataset_alias_example_alias_consumer_with_no_taskflow', 'dataset_s3_bucket_producer_with_no_taskflow' retrieved from /home/airflow/.local/lib/python3.12/site-packages/airflow/example_dags/example_dataset_alias_with_no_taskflow.py
[2026-05-28T10:36:16.880+0000] {logging_mixin.py:190} INFO - [2026-05-28T10:36:16.879+0000] {dag.py:3239} INFO - Sync 4 DAGs
[2026-05-28T10:36:16.914+0000] {logging_mixin.py:190} INFO - [2026-05-28T10:36:16.913+0000] {dag.py:4180} INFO - Setting next_dagrun for dataset_alias_example_alias_consumer_with_no_taskflow to None, run_after=None
[2026-05-28T10:36:16.920+0000] {logging_mixin.py:190} INFO - [2026-05-28T10:36:16.919+0000] {dag.py:4180} INFO - Setting next_dagrun for dataset_alias_example_alias_producer_with_no_taskflow to None, run_after=None
[2026-05-28T10:36:16.925+0000] {logging_mixin.py:190} INFO - [2026-05-28T10:36:16.925+0000] {dag.py:4180} INFO - Setting next_dagrun for dataset_s3_bucket_consumer_with_no_taskflow to None, run_after=None
[2026-05-28T10:36:16.930+0000] {logging_mixin.py:190} INFO - [2026-05-28T10:36:16.929+0000] {dag.py:4180} INFO - Setting next_dagrun for dataset_s3_bucket_producer_with_no_taskflow to None, run_after=None
[2026-05-28T10:36:16.982+0000] {processor.py:208} INFO - Processing /home/airflow/.local/lib/python3.12/site-packages/airflow/example_dags/example_dataset_alias_with_no_taskflow.py took 11.917 seconds
[2026-05-28T10:39:27.311+0000] {processor.py:186} INFO - Started process (PID=108) to work on /home/airflow/.local/lib/python3.12/site-packages/airflow/example_dags/example_dataset_alias_with_no_taskflow.py
[2026-05-28T10:39:27.313+0000] {processor.py:914} INFO - Processing file /home/airflow/.local/lib/python3.12/site-packages/airflow/example_dags/example_dataset_alias_with_no_taskflow.py for tasks to queue
[2026-05-28T10:39:27.320+0000] {logging_mixin.py:190} INFO - [2026-05-28T10:39:27.319+0000] {dagbag.py:588} INFO - Filling up the DagBag from /home/airflow/.local/lib/python3.12/site-packages/airflow/example_dags/example_dataset_alias_with_no_taskflow.py
[2026-05-28T10:39:39.574+0000] {processor.py:925} INFO - DAG(s) 'dataset_s3_bucket_producer_with_no_taskflow', 'dataset_s3_bucket_consumer_with_no_taskflow', 'dataset_alias_example_alias_consumer_with_no_taskflow', 'dataset_alias_example_alias_producer_with_no_taskflow' retrieved from /home/airflow/.local/lib/python3.12/site-packages/airflow/example_dags/example_dataset_alias_with_no_taskflow.py
[2026-05-28T10:39:39.880+0000] {logging_mixin.py:190} INFO - [2026-05-28T10:39:39.879+0000] {dag.py:3239} INFO - Sync 4 DAGs
[2026-05-28T10:39:39.907+0000] {logging_mixin.py:190} INFO - [2026-05-28T10:39:39.907+0000] {dag.py:4180} INFO - Setting next_dagrun for dataset_alias_example_alias_consumer_with_no_taskflow to None, run_after=None
[2026-05-28T10:39:39.912+0000] {logging_mixin.py:190} INFO - [2026-05-28T10:39:39.911+0000] {dag.py:4180} INFO - Setting next_dagrun for dataset_alias_example_alias_producer_with_no_taskflow to None, run_after=None
[2026-05-28T10:39:39.915+0000] {logging_mixin.py:190} INFO - [2026-05-28T10:39:39.915+0000] {dag.py:4180} INFO - Setting next_dagrun for dataset_s3_bucket_consumer_with_no_taskflow to None, run_after=None
[2026-05-28T10:39:39.918+0000] {logging_mixin.py:190} INFO - [2026-05-28T10:39:39.918+0000] {dag.py:4180} INFO - Setting next_dagrun for dataset_s3_bucket_producer_with_no_taskflow to None, run_after=None
[2026-05-28T10:39:39.958+0000] {processor.py:208} INFO - Processing /home/airflow/.local/lib/python3.12/site-packages/airflow/example_dags/example_dataset_alias_with_no_taskflow.py took 12.665 seconds
[2026-05-28T10:40:10.398+0000] {processor.py:186} INFO - Started process (PID=179) to work on /home/airflow/.local/lib/python3.12/site-packages/airflow/example_dags/example_dataset_alias_with_no_taskflow.py
[2026-05-28T10:40:10.401+0000] {processor.py:914} INFO - Processing file /home/airflow/.local/lib/python3.12/site-packages/airflow/example_dags/example_dataset_alias_with_no_taskflow.py for tasks to queue
[2026-05-28T10:40:10.408+0000] {logging_mixin.py:190} INFO - [2026-05-28T10:40:10.406+0000] {dagbag.py:588} INFO - Filling up the DagBag from /home/airflow/.local/lib/python3.12/site-packages/airflow/example_dags/example_dataset_alias_with_no_taskflow.py
[2026-05-28T10:40:23.628+0000] {processor.py:925} INFO - DAG(s) 'dataset_alias_example_alias_producer_with_no_taskflow', 'dataset_alias_example_alias_consumer_with_no_taskflow', 'dataset_s3_bucket_producer_with_no_taskflow', 'dataset_s3_bucket_consumer_with_no_taskflow' retrieved from /home/airflow/.local/lib/python3.12/site-packages/airflow/example_dags/example_dataset_alias_with_no_taskflow.py
[2026-05-28T10:40:23.672+0000] {logging_mixin.py:190} INFO - [2026-05-28T10:40:23.671+0000] {dag.py:3239} INFO - Sync 4 DAGs
[2026-05-28T10:40:23.707+0000] {logging_mixin.py:190} INFO - [2026-05-28T10:40:23.706+0000] {dag.py:4180} INFO - Setting next_dagrun for dataset_alias_example_alias_consumer_with_no_taskflow to None, run_after=None
[2026-05-28T10:40:23.713+0000] {logging_mixin.py:190} INFO - [2026-05-28T10:40:23.713+0000] {dag.py:4180} INFO - Setting next_dagrun for dataset_alias_example_alias_producer_with_no_taskflow to None, run_after=None
[2026-05-28T10:40:23.717+0000] {logging_mixin.py:190} INFO - [2026-05-28T10:40:23.716+0000] {dag.py:4180} INFO - Setting next_dagrun for dataset_s3_bucket_consumer_with_no_taskflow to None, run_after=None
[2026-05-28T10:40:23.719+0000] {logging_mixin.py:190} INFO - [2026-05-28T10:40:23.719+0000] {dag.py:4180} INFO - Setting next_dagrun for dataset_s3_bucket_producer_with_no_taskflow to None, run_after=None
[2026-05-28T10:40:23.809+0000] {processor.py:208} INFO - Processing /home/airflow/.local/lib/python3.12/site-packages/airflow/example_dags/example_dataset_alias_with_no_taskflow.py took 13.424 seconds
[2026-05-28T10:40:54.974+0000] {processor.py:186} INFO - Started process (PID=249) to work on /home/airflow/.local/lib/python3.12/site-packages/airflow/example_dags/example_dataset_alias_with_no_taskflow.py
[2026-05-28T10:40:54.976+0000] {processor.py:914} INFO - Processing file /home/airflow/.local/lib/python3.12/site-packages/airflow/example_dags/example_dataset_alias_with_no_taskflow.py for tasks to queue
[2026-05-28T10:40:54.985+0000] {logging_mixin.py:190} INFO - [2026-05-28T10:40:54.984+0000] {dagbag.py:588} INFO - Filling up the DagBag from /home/airflow/.local/lib/python3.12/site-packages/airflow/example_dags/example_dataset_alias_with_no_taskflow.py
[2026-05-28T10:41:08.090+0000] {processor.py:925} INFO - DAG(s) 'dataset_s3_bucket_consumer_with_no_taskflow', 'dataset_alias_example_alias_producer_with_no_taskflow', 'dataset_alias_example_alias_consumer_with_no_taskflow', 'dataset_s3_bucket_producer_with_no_taskflow' retrieved from /home/airflow/.local/lib/python3.12/site-packages/airflow/example_dags/example_dataset_alias_with_no_taskflow.py
[2026-05-28T10:41:08.136+0000] {logging_mixin.py:190} INFO - [2026-05-28T10:41:08.135+0000] {dag.py:3239} INFO - Sync 4 DAGs
[2026-05-28T10:41:08.172+0000] {logging_mixin.py:190} INFO - [2026-05-28T10:41:08.171+0000] {dag.py:4180} INFO - Setting next_dagrun for dataset_alias_example_alias_consumer_with_no_taskflow to None, run_after=None
[2026-05-28T10:41:08.177+0000] {logging_mixin.py:190} INFO - [2026-05-28T10:41:08.177+0000] {dag.py:4180} INFO - Setting next_dagrun for dataset_alias_example_alias_producer_with_no_taskflow to None, run_after=None
[2026-05-28T10:41:08.184+0000] {logging_mixin.py:190} INFO - [2026-05-28T10:41:08.183+0000] {dag.py:4180} INFO - Setting next_dagrun for dataset_s3_bucket_consumer_with_no_taskflow to None, run_after=None
[2026-05-28T10:41:08.188+0000] {logging_mixin.py:190} INFO - [2026-05-28T10:41:08.187+0000] {dag.py:4180} INFO - Setting next_dagrun for dataset_s3_bucket_producer_with_no_taskflow to None, run_after=None
[2026-05-28T10:41:08.233+0000] {processor.py:208} INFO - Processing /home/airflow/.local/lib/python3.12/site-packages/airflow/example_dags/example_dataset_alias_with_no_taskflow.py took 13.279 seconds
[2026-05-28T10:41:40.751+0000] {processor.py:186} INFO - Started process (PID=339) to work on /home/airflow/.local/lib/python3.12/site-packages/airflow/example_dags/example_dataset_alias_with_no_taskflow.py
[2026-05-28T10:41:40.752+0000] {processor.py:914} INFO - Processing file /home/airflow/.local/lib/python3.12/site-packages/airflow/example_dags/example_dataset_alias_with_no_taskflow.py for tasks to queue
[2026-05-28T10:41:40.759+0000] {logging_mixin.py:190} INFO - [2026-05-28T10:41:40.759+0000] {dagbag.py:588} INFO - Filling up the DagBag from /home/airflow/.local/lib/python3.12/site-packages/airflow/example_dags/example_dataset_alias_with_no_taskflow.py
[2026-05-28T10:41:51.699+0000] {processor.py:925} INFO - DAG(s) 'dataset_s3_bucket_producer_with_no_taskflow', 'dataset_s3_bucket_consumer_with_no_taskflow', 'dataset_alias_example_alias_producer_with_no_taskflow', 'dataset_alias_example_alias_consumer_with_no_taskflow' retrieved from /home/airflow/.local/lib/python3.12/site-packages/airflow/example_dags/example_dataset_alias_with_no_taskflow.py
[2026-05-28T10:41:51.734+0000] {logging_mixin.py:190} INFO - [2026-05-28T10:41:51.733+0000] {dag.py:3239} INFO - Sync 4 DAGs
[2026-05-28T10:41:51.767+0000] {logging_mixin.py:190} INFO - [2026-05-28T10:41:51.767+0000] {dag.py:4180} INFO - Setting next_dagrun for dataset_alias_example_alias_consumer_with_no_taskflow to None, run_after=None
[2026-05-28T10:41:51.772+0000] {logging_mixin.py:190} INFO - [2026-05-28T10:41:51.772+0000] {dag.py:4180} INFO - Setting next_dagrun for dataset_alias_example_alias_producer_with_no_taskflow to None, run_after=None
[2026-05-28T10:41:51.779+0000] {logging_mixin.py:190} INFO - [2026-05-28T10:41:51.777+0000] {dag.py:4180} INFO - Setting next_dagrun for dataset_s3_bucket_consumer_with_no_taskflow to None, run_after=None
[2026-05-28T10:41:51.783+0000] {logging_mixin.py:190} INFO - [2026-05-28T10:41:51.783+0000] {dag.py:4180} INFO - Setting next_dagrun for dataset_s3_bucket_producer_with_no_taskflow to None, run_after=None
[2026-05-28T10:41:51.838+0000] {processor.py:208} INFO - Processing /home/airflow/.local/lib/python3.12/site-packages/airflow/example_dags/example_dataset_alias_with_no_taskflow.py took 11.096 seconds
[2026-05-28T10:42:22.455+0000] {processor.py:186} INFO - Started process (PID=427) to work on /home/airflow/.local/lib/python3.12/site-packages/airflow/example_dags/example_dataset_alias_with_no_taskflow.py
[2026-05-28T10:42:22.457+0000] {processor.py:914} INFO - Processing file /home/airflow/.local/lib/python3.12/site-packages/airflow/example_dags/example_dataset_alias_with_no_taskflow.py for tasks to queue
[2026-05-28T10:42:22.463+0000] {logging_mixin.py:190} INFO - [2026-05-28T10:42:22.463+0000] {dagbag.py:588} INFO - Filling up the DagBag from /home/airflow/.local/lib/python3.12/site-packages/airflow/example_dags/example_dataset_alias_with_no_taskflow.py
[2026-05-28T10:42:34.206+0000] {processor.py:925} INFO - DAG(s) 'dataset_s3_bucket_consumer_with_no_taskflow', 'dataset_alias_example_alias_producer_with_no_taskflow', 'dataset_alias_example_alias_consumer_with_no_taskflow', 'dataset_s3_bucket_producer_with_no_taskflow' retrieved from /home/airflow/.local/lib/python3.12/site-packages/airflow/example_dags/example_dataset_alias_with_no_taskflow.py
[2026-05-28T10:42:34.258+0000] {logging_mixin.py:190} INFO - [2026-05-28T10:42:34.257+0000] {dag.py:3239} INFO - Sync 4 DAGs
[2026-05-28T10:42:34.306+0000] {logging_mixin.py:190} INFO - [2026-05-28T10:42:34.306+0000] {dag.py:4180} INFO - Setting next_dagrun for dataset_alias_example_alias_consumer_with_no_taskflow to None, run_after=None
[2026-05-28T10:42:34.313+0000] {logging_mixin.py:190} INFO - [2026-05-28T10:42:34.312+0000] {dag.py:4180} INFO - Setting next_dagrun for dataset_alias_example_alias_producer_with_no_taskflow to None, run_after=None
[2026-05-28T10:42:34.317+0000] {logging_mixin.py:190} INFO - [2026-05-28T10:42:34.316+0000] {dag.py:4180} INFO - Setting next_dagrun for dataset_s3_bucket_consumer_with_no_taskflow to None, run_after=None
[2026-05-28T10:42:34.323+0000] {logging_mixin.py:190} INFO - [2026-05-28T10:42:34.322+0000] {dag.py:4180} INFO - Setting next_dagrun for dataset_s3_bucket_producer_with_no_taskflow to None, run_after=None
[2026-05-28T10:42:34.379+0000] {processor.py:208} INFO - Processing /home/airflow/.local/lib/python3.12/site-packages/airflow/example_dags/example_dataset_alias_with_no_taskflow.py took 11.933 seconds
[2026-05-28T10:43:04.948+0000] {processor.py:186} INFO - Started process (PID=495) to work on /home/airflow/.local/lib/python3.12/site-packages/airflow/example_dags/example_dataset_alias_with_no_taskflow.py
[2026-05-28T10:43:04.950+0000] {processor.py:914} INFO - Processing file /home/airflow/.local/lib/python3.12/site-packages/airflow/example_dags/example_dataset_alias_with_no_taskflow.py for tasks to queue
[2026-05-28T10:43:04.956+0000] {logging_mixin.py:190} INFO - [2026-05-28T10:43:04.955+0000] {dagbag.py:588} INFO - Filling up the DagBag from /home/airflow/.local/lib/python3.12/site-packages/airflow/example_dags/example_dataset_alias_with_no_taskflow.py
[2026-05-28T10:43:16.806+0000] {processor.py:925} INFO - DAG(s) 'dataset_alias_example_alias_consumer_with_no_taskflow', 'dataset_s3_bucket_consumer_with_no_taskflow', 'dataset_s3_bucket_producer_with_no_taskflow', 'dataset_alias_example_alias_producer_with_no_taskflow' retrieved from /home/airflow/.local/lib/python3.12/site-packages/airflow/example_dags/example_dataset_alias_with_no_taskflow.py
[2026-05-28T10:43:16.849+0000] {logging_mixin.py:190} INFO - [2026-05-28T10:43:16.847+0000] {dag.py:3239} INFO - Sync 4 DAGs
[2026-05-28T10:43:16.893+0000] {logging_mixin.py:190} INFO - [2026-05-28T10:43:16.893+0000] {dag.py:4180} INFO - Setting next_dagrun for dataset_alias_example_alias_consumer_with_no_taskflow to None, run_after=None
[2026-05-28T10:43:16.899+0000] {logging_mixin.py:190} INFO - [2026-05-28T10:43:16.898+0000] {dag.py:4180} INFO - Setting next_dagrun for dataset_alias_example_alias_producer_with_no_taskflow to None, run_after=None
[2026-05-28T10:43:16.907+0000] {logging_mixin.py:190} INFO - [2026-05-28T10:43:16.907+0000] {dag.py:4180} INFO - Setting next_dagrun for dataset_s3_bucket_consumer_with_no_taskflow to None, run_after=None
[2026-05-28T10:43:16.911+0000] {logging_mixin.py:190} INFO - [2026-05-28T10:43:16.910+0000] {dag.py:4180} INFO - Setting next_dagrun for dataset_s3_bucket_producer_with_no_taskflow to None, run_after=None
[2026-05-28T10:43:16.954+0000] {processor.py:208} INFO - Processing /home/airflow/.local/lib/python3.12/site-packages/airflow/example_dags/example_dataset_alias_with_no_taskflow.py took 12.022 seconds
[2026-05-28T10:43:47.176+0000] {processor.py:186} INFO - Started process (PID=561) to work on /home/airflow/.local/lib/python3.12/site-packages/airflow/example_dags/example_dataset_alias_with_no_taskflow.py
[2026-05-28T10:43:47.181+0000] {processor.py:914} INFO - Processing file /home/airflow/.local/lib/python3.12/site-packages/airflow/example_dags/example_dataset_alias_with_no_taskflow.py for tasks to queue
[2026-05-28T10:43:47.190+0000] {logging_mixin.py:190} INFO - [2026-05-28T10:43:47.189+0000] {dagbag.py:588} INFO - Filling up the DagBag from /home/airflow/.local/lib/python3.12/site-packages/airflow/example_dags/example_dataset_alias_with_no_taskflow.py
[2026-05-28T10:44:00.012+0000] {processor.py:925} INFO - DAG(s) 'dataset_s3_bucket_producer_with_no_taskflow', 'dataset_s3_bucket_consumer_with_no_taskflow', 'dataset_alias_example_alias_producer_with_no_taskflow', 'dataset_alias_example_alias_consumer_with_no_taskflow' retrieved from /home/airflow/.local/lib/python3.12/site-packages/airflow/example_dags/example_dataset_alias_with_no_taskflow.py
[2026-05-28T10:44:00.076+0000] {logging_mixin.py:190} INFO - [2026-05-28T10:44:00.075+0000] {dag.py:3239} INFO - Sync 4 DAGs
[2026-05-28T10:44:00.118+0000] {logging_mixin.py:190} INFO - [2026-05-28T10:44:00.117+0000] {dag.py:4180} INFO - Setting next_dagrun for dataset_alias_example_alias_consumer_with_no_taskflow to None, run_after=None
[2026-05-28T10:44:00.124+0000] {logging_mixin.py:190} INFO - [2026-05-28T10:44:00.124+0000] {dag.py:4180} INFO - Setting next_dagrun for dataset_alias_example_alias_producer_with_no_taskflow to None, run_after=None
[2026-05-28T10:44:00.129+0000] {logging_mixin.py:190} INFO - [2026-05-28T10:44:00.129+0000] {dag.py:4180} INFO - Setting next_dagrun for dataset_s3_bucket_consumer_with_no_taskflow to None, run_after=None
[2026-05-28T10:44:00.132+0000] {logging_mixin.py:190} INFO - [2026-05-28T10:44:00.132+0000] {dag.py:4180} INFO - Setting next_dagrun for dataset_s3_bucket_producer_with_no_taskflow to None, run_after=None
[2026-05-28T10:44:00.196+0000] {processor.py:208} INFO - Processing /home/airflow/.local/lib/python3.12/site-packages/airflow/example_dags/example_dataset_alias_with_no_taskflow.py took 13.036 seconds
[2026-05-28T10:44:30.786+0000] {processor.py:186} INFO - Started process (PID=651) to work on /home/airflow/.local/lib/python3.12/site-packages/airflow/example_dags/example_dataset_alias_with_no_taskflow.py
[2026-05-28T10:44:30.789+0000] {processor.py:914} INFO - Processing file /home/airflow/.local/lib/python3.12/site-packages/airflow/example_dags/example_dataset_alias_with_no_taskflow.py for tasks to queue
[2026-05-28T10:44:30.796+0000] {logging_mixin.py:190} INFO - [2026-05-28T10:44:30.795+0000] {dagbag.py:588} INFO - Filling up the DagBag from /home/airflow/.local/lib/python3.12/site-packages/airflow/example_dags/example_dataset_alias_with_no_taskflow.py
[2026-05-28T10:44:44.472+0000] {processor.py:925} INFO - DAG(s) 'dataset_alias_example_alias_producer_with_no_taskflow', 'dataset_s3_bucket_consumer_with_no_taskflow', 'dataset_alias_example_alias_consumer_with_no_taskflow', 'dataset_s3_bucket_producer_with_no_taskflow' retrieved from /home/airflow/.local/lib/python3.12/site-packages/airflow/example_dags/example_dataset_alias_with_no_taskflow.py
[2026-05-28T10:44:44.547+0000] {logging_mixin.py:190} INFO - [2026-05-28T10:44:44.546+0000] {dag.py:3239} INFO - Sync 4 DAGs
[2026-05-28T10:44:44.642+0000] {logging_mixin.py:190} INFO - [2026-05-28T10:44:44.642+0000] {dag.py:4180} INFO - Setting next_dagrun for dataset_alias_example_alias_consumer_with_no_taskflow to None, run_after=None
[2026-05-28T10:44:44.652+0000] {logging_mixin.py:190} INFO - [2026-05-28T10:44:44.652+0000] {dag.py:4180} INFO - Setting next_dagrun for dataset_alias_example_alias_producer_with_no_taskflow to None, run_after=None
[2026-05-28T10:44:44.656+0000] {logging_mixin.py:190} INFO - [2026-05-28T10:44:44.655+0000] {dag.py:4180} INFO - Setting next_dagrun for dataset_s3_bucket_consumer_with_no_taskflow to None, run_after=None
[2026-05-28T10:44:44.658+0000] {logging_mixin.py:190} INFO - [2026-05-28T10:44:44.658+0000] {dag.py:4180} INFO - Setting next_dagrun for dataset_s3_bucket_producer_with_no_taskflow to None, run_after=None
[2026-05-28T10:44:44.698+0000] {processor.py:208} INFO - Processing /home/airflow/.local/lib/python3.12/site-packages/airflow/example_dags/example_dataset_alias_with_no_taskflow.py took 13.929 seconds
[2026-05-28T10:45:15.258+0000] {processor.py:186} INFO - Started process (PID=734) to work on /home/airflow/.local/lib/python3.12/site-packages/airflow/example_dags/example_dataset_alias_with_no_taskflow.py
[2026-05-28T10:45:15.263+0000] {processor.py:914} INFO - Processing file /home/airflow/.local/lib/python3.12/site-packages/airflow/example_dags/example_dataset_alias_with_no_taskflow.py for tasks to queue
[2026-05-28T10:45:15.269+0000] {logging_mixin.py:190} INFO - [2026-05-28T10:45:15.268+0000] {dagbag.py:588} INFO - Filling up the DagBag from /home/airflow/.local/lib/python3.12/site-packages/airflow/example_dags/example_dataset_alias_with_no_taskflow.py
[2026-05-28T10:45:28.546+0000] {processor.py:925} INFO - DAG(s) 'dataset_s3_bucket_producer_with_no_taskflow', 'dataset_alias_example_alias_producer_with_no_taskflow', 'dataset_s3_bucket_consumer_with_no_taskflow', 'dataset_alias_example_alias_consumer_with_no_taskflow' retrieved from /home/airflow/.local/lib/python3.12/site-packages/airflow/example_dags/example_dataset_alias_with_no_taskflow.py
[2026-05-28T10:45:28.579+0000] {logging_mixin.py:190} INFO - [2026-05-28T10:45:28.579+0000] {dag.py:3239} INFO - Sync 4 DAGs
[2026-05-28T10:45:28.608+0000] {logging_mixin.py:190} INFO - [2026-05-28T10:45:28.608+0000] {dag.py:4180} INFO - Setting next_dagrun for dataset_alias_example_alias_consumer_with_no_taskflow to None, run_after=None
[2026-05-28T10:45:28.613+0000] {logging_mixin.py:190} INFO - [2026-05-28T10:45:28.613+0000] {dag.py:4180} INFO - Setting next_dagrun for dataset_alias_example_alias_producer_with_no_taskflow to None, run_after=None
[2026-05-28T10:45:28.617+0000] {logging_mixin.py:190} INFO - [2026-05-28T10:45:28.617+0000] {dag.py:4180} INFO - Setting next_dagrun for dataset_s3_bucket_consumer_with_no_taskflow to None, run_after=None
[2026-05-28T10:45:28.621+0000] {logging_mixin.py:190} INFO - [2026-05-28T10:45:28.621+0000] {dag.py:4180} INFO - Setting next_dagrun for dataset_s3_bucket_producer_with_no_taskflow to None, run_after=None
[2026-05-28T10:45:28.662+0000] {processor.py:208} INFO - Processing /home/airflow/.local/lib/python3.12/site-packages/airflow/example_dags/example_dataset_alias_with_no_taskflow.py took 13.415 seconds
[2026-05-28T10:45:58.760+0000] {processor.py:186} INFO - Started process (PID=821) to work on /home/airflow/.local/lib/python3.12/site-packages/airflow/example_dags/example_dataset_alias_with_no_taskflow.py
[2026-05-28T10:45:58.762+0000] {processor.py:914} INFO - Processing file /home/airflow/.local/lib/python3.12/site-packages/airflow/example_dags/example_dataset_alias_with_no_taskflow.py for tasks to queue
[2026-05-28T10:45:58.766+0000] {logging_mixin.py:190} INFO - [2026-05-28T10:45:58.766+0000] {dagbag.py:588} INFO - Filling up the DagBag from /home/airflow/.local/lib/python3.12/site-packages/airflow/example_dags/example_dataset_alias_with_no_taskflow.py
[2026-05-28T10:46:09.740+0000] {processor.py:925} INFO - DAG(s) 'dataset_alias_example_alias_producer_with_no_taskflow', 'dataset_alias_example_alias_consumer_with_no_taskflow', 'dataset_s3_bucket_producer_with_no_taskflow', 'dataset_s3_bucket_consumer_with_no_taskflow' retrieved from /home/airflow/.local/lib/python3.12/site-packages/airflow/example_dags/example_dataset_alias_with_no_taskflow.py
[2026-05-28T10:46:09.787+0000] {logging_mixin.py:190} INFO - [2026-05-28T10:46:09.785+0000] {dag.py:3239} INFO - Sync 4 DAGs
[2026-05-28T10:46:09.844+0000] {logging_mixin.py:190} INFO - [2026-05-28T10:46:09.844+0000] {dag.py:4180} INFO - Setting next_dagrun for dataset_alias_example_alias_consumer_with_no_taskflow to None, run_after=None
[2026-05-28T10:46:09.851+0000] {logging_mixin.py:190} INFO - [2026-05-28T10:46:09.851+0000] {dag.py:4180} INFO - Setting next_dagrun for dataset_alias_example_alias_producer_with_no_taskflow to None, run_after=None
[2026-05-28T10:46:09.855+0000] {logging_mixin.py:190} INFO - [2026-05-28T10:46:09.855+0000] {dag.py:4180} INFO - Setting next_dagrun for dataset_s3_bucket_consumer_with_no_taskflow to None, run_after=None
[2026-05-28T10:46:09.859+0000] {logging_mixin.py:190} INFO - [2026-05-28T10:46:09.859+0000] {dag.py:4180} INFO - Setting next_dagrun for dataset_s3_bucket_producer_with_no_taskflow to None, run_after=None
[2026-05-28T10:46:09.915+0000] {processor.py:208} INFO - Processing /home/airflow/.local/lib/python3.12/site-packages/airflow/example_dags/example_dataset_alias_with_no_taskflow.py took 11.165 seconds
[2026-05-28T10:46:40.632+0000] {processor.py:186} INFO - Started process (PID=892) to work on /home/airflow/.local/lib/python3.12/site-packages/airflow/example_dags/example_dataset_alias_with_no_taskflow.py
[2026-05-28T10:46:40.633+0000] {processor.py:914} INFO - Processing file /home/airflow/.local/lib/python3.12/site-packages/airflow/example_dags/example_dataset_alias_with_no_taskflow.py for tasks to queue
[2026-05-28T10:46:40.637+0000] {logging_mixin.py:190} INFO - [2026-05-28T10:46:40.637+0000] {dagbag.py:588} INFO - Filling up the DagBag from /home/airflow/.local/lib/python3.12/site-packages/airflow/example_dags/example_dataset_alias_with_no_taskflow.py
[2026-05-28T10:46:53.457+0000] {processor.py:925} INFO - DAG(s) 'dataset_alias_example_alias_producer_with_no_taskflow', 'dataset_s3_bucket_producer_with_no_taskflow', 'dataset_alias_example_alias_consumer_with_no_taskflow', 'dataset_s3_bucket_consumer_with_no_taskflow' retrieved from /home/airflow/.local/lib/python3.12/site-packages/airflow/example_dags/example_dataset_alias_with_no_taskflow.py
[2026-05-28T10:46:53.532+0000] {logging_mixin.py:190} INFO - [2026-05-28T10:46:53.530+0000] {dag.py:3239} INFO - Sync 4 DAGs
[2026-05-28T10:46:53.581+0000] {logging_mixin.py:190} INFO - [2026-05-28T10:46:53.580+0000] {dag.py:4180} INFO - Setting next_dagrun for dataset_alias_example_alias_consumer_with_no_taskflow to None, run_after=None
[2026-05-28T10:46:53.589+0000] {logging_mixin.py:190} INFO - [2026-05-28T10:46:53.588+0000] {dag.py:4180} INFO - Setting next_dagrun for dataset_alias_example_alias_producer_with_no_taskflow to None, run_after=None
[2026-05-28T10:46:53.592+0000] {logging_mixin.py:190} INFO - [2026-05-28T10:46:53.592+0000] {dag.py:4180} INFO - Setting next_dagrun for dataset_s3_bucket_consumer_with_no_taskflow to None, run_after=None
[2026-05-28T10:46:53.596+0000] {logging_mixin.py:190} INFO - [2026-05-28T10:46:53.595+0000] {dag.py:4180} INFO - Setting next_dagrun for dataset_s3_bucket_producer_with_no_taskflow to None, run_after=None
[2026-05-28T10:46:53.752+0000] {processor.py:208} INFO - Processing /home/airflow/.local/lib/python3.12/site-packages/airflow/example_dags/example_dataset_alias_with_no_taskflow.py took 13.129 seconds
[2026-05-28T10:47:27.711+0000] {processor.py:186} INFO - Started process (PID=980) to work on /home/airflow/.local/lib/python3.12/site-packages/airflow/example_dags/example_dataset_alias_with_no_taskflow.py
[2026-05-28T10:47:27.731+0000] {processor.py:914} INFO - Processing file /home/airflow/.local/lib/python3.12/site-packages/airflow/example_dags/example_dataset_alias_with_no_taskflow.py for tasks to queue
[2026-05-28T10:47:27.743+0000] {logging_mixin.py:190} INFO - [2026-05-28T10:47:27.741+0000] {dagbag.py:588} INFO - Filling up the DagBag from /home/airflow/.local/lib/python3.12/site-packages/airflow/example_dags/example_dataset_alias_with_no_taskflow.py
[2026-05-28T10:47:40.730+0000] {processor.py:925} INFO - DAG(s) 'dataset_alias_example_alias_consumer_with_no_taskflow', 'dataset_alias_example_alias_producer_with_no_taskflow', 'dataset_s3_bucket_consumer_with_no_taskflow', 'dataset_s3_bucket_producer_with_no_taskflow' retrieved from /home/airflow/.local/lib/python3.12/site-packages/airflow/example_dags/example_dataset_alias_with_no_taskflow.py
[2026-05-28T10:47:40.781+0000] {logging_mixin.py:190} INFO - [2026-05-28T10:47:40.780+0000] {dag.py:3239} INFO - Sync 4 DAGs
[2026-05-28T10:47:40.829+0000] {logging_mixin.py:190} INFO - [2026-05-28T10:47:40.828+0000] {dag.py:4180} INFO - Setting next_dagrun for dataset_alias_example_alias_consumer_with_no_taskflow to None, run_after=None
[2026-05-28T10:47:40.836+0000] {logging_mixin.py:190} INFO - [2026-05-28T10:47:40.836+0000] {dag.py:4180} INFO - Setting next_dagrun for dataset_alias_example_alias_producer_with_no_taskflow to None, run_after=None
[2026-05-28T10:47:40.840+0000] {logging_mixin.py:190} INFO - [2026-05-28T10:47:40.840+0000] {dag.py:4180} INFO - Setting next_dagrun for dataset_s3_bucket_consumer_with_no_taskflow to None, run_after=None
[2026-05-28T10:47:40.845+0000] {logging_mixin.py:190} INFO - [2026-05-28T10:47:40.845+0000] {dag.py:4180} INFO - Setting next_dagrun for dataset_s3_bucket_producer_with_no_taskflow to None, run_after=None
[2026-05-28T10:47:40.978+0000] {processor.py:208} INFO - Processing /home/airflow/.local/lib/python3.12/site-packages/airflow/example_dags/example_dataset_alias_with_no_taskflow.py took 13.283 seconds
[2026-05-28T10:48:19.032+0000] {processor.py:186} INFO - Started process (PID=1062) to work on /home/airflow/.local/lib/python3.12/site-packages/airflow/example_dags/example_dataset_alias_with_no_taskflow.py
[2026-05-28T10:48:19.035+0000] {processor.py:914} INFO - Processing file /home/airflow/.local/lib/python3.12/site-packages/airflow/example_dags/example_dataset_alias_with_no_taskflow.py for tasks to queue
[2026-05-28T10:48:19.040+0000] {logging_mixin.py:190} INFO - [2026-05-28T10:48:19.039+0000] {dagbag.py:588} INFO - Filling up the DagBag from /home/airflow/.local/lib/python3.12/site-packages/airflow/example_dags/example_dataset_alias_with_no_taskflow.py
[2026-05-28T10:48:31.456+0000] {processor.py:925} INFO - DAG(s) 'dataset_s3_bucket_producer_with_no_taskflow', 'dataset_alias_example_alias_consumer_with_no_taskflow', 'dataset_alias_example_alias_producer_with_no_taskflow', 'dataset_s3_bucket_consumer_with_no_taskflow' retrieved from /home/airflow/.local/lib/python3.12/site-packages/airflow/example_dags/example_dataset_alias_with_no_taskflow.py
[2026-05-28T10:48:31.494+0000] {logging_mixin.py:190} INFO - [2026-05-28T10:48:31.493+0000] {dag.py:3239} INFO - Sync 4 DAGs
[2026-05-28T10:48:31.523+0000] {logging_mixin.py:190} INFO - [2026-05-28T10:48:31.522+0000] {dag.py:4180} INFO - Setting next_dagrun for dataset_alias_example_alias_consumer_with_no_taskflow to None, run_after=None
[2026-05-28T10:48:31.528+0000] {logging_mixin.py:190} INFO - [2026-05-28T10:48:31.528+0000] {dag.py:4180} INFO - Setting next_dagrun for dataset_alias_example_alias_producer_with_no_taskflow to None, run_after=None
[2026-05-28T10:48:31.531+0000] {logging_mixin.py:190} INFO - [2026-05-28T10:48:31.531+0000] {dag.py:4180} INFO - Setting next_dagrun for dataset_s3_bucket_consumer_with_no_taskflow to None, run_after=None
[2026-05-28T10:48:31.534+0000] {logging_mixin.py:190} INFO - [2026-05-28T10:48:31.533+0000] {dag.py:4180} INFO - Setting next_dagrun for dataset_s3_bucket_producer_with_no_taskflow to None, run_after=None
[2026-05-28T10:48:31.591+0000] {processor.py:208} INFO - Processing /home/airflow/.local/lib/python3.12/site-packages/airflow/example_dags/example_dataset_alias_with_no_taskflow.py took 12.578 seconds
[2026-05-28T10:49:06.638+0000] {processor.py:186} INFO - Started process (PID=1145) to work on /home/airflow/.local/lib/python3.12/site-packages/airflow/example_dags/example_dataset_alias_with_no_taskflow.py
[2026-05-28T10:49:06.640+0000] {processor.py:914} INFO - Processing file /home/airflow/.local/lib/python3.12/site-packages/airflow/example_dags/example_dataset_alias_with_no_taskflow.py for tasks to queue
[2026-05-28T10:49:06.646+0000] {logging_mixin.py:190} INFO - [2026-05-28T10:49:06.645+0000] {dagbag.py:588} INFO - Filling up the DagBag from /home/airflow/.local/lib/python3.12/site-packages/airflow/example_dags/example_dataset_alias_with_no_taskflow.py
[2026-05-28T10:49:18.589+0000] {processor.py:925} INFO - DAG(s) 'dataset_alias_example_alias_consumer_with_no_taskflow', 'dataset_alias_example_alias_producer_with_no_taskflow', 'dataset_s3_bucket_consumer_with_no_taskflow', 'dataset_s3_bucket_producer_with_no_taskflow' retrieved from /home/airflow/.local/lib/python3.12/site-packages/airflow/example_dags/example_dataset_alias_with_no_taskflow.py
[2026-05-28T10:49:18.626+0000] {logging_mixin.py:190} INFO - [2026-05-28T10:49:18.625+0000] {dag.py:3239} INFO - Sync 4 DAGs
[2026-05-28T10:49:18.656+0000] {logging_mixin.py:190} INFO - [2026-05-28T10:49:18.656+0000] {dag.py:4180} INFO - Setting next_dagrun for dataset_alias_example_alias_consumer_with_no_taskflow to None, run_after=None
[2026-05-28T10:49:18.663+0000] {logging_mixin.py:190} INFO - [2026-05-28T10:49:18.662+0000] {dag.py:4180} INFO - Setting next_dagrun for dataset_alias_example_alias_producer_with_no_taskflow to None, run_after=None
[2026-05-28T10:49:18.665+0000] {logging_mixin.py:190} INFO - [2026-05-28T10:49:18.665+0000] {dag.py:4180} INFO - Setting next_dagrun for dataset_s3_bucket_consumer_with_no_taskflow to None, run_after=None
[2026-05-28T10:49:18.668+0000] {logging_mixin.py:190} INFO - [2026-05-28T10:49:18.668+0000] {dag.py:4180} INFO - Setting next_dagrun for dataset_s3_bucket_producer_with_no_taskflow to None, run_after=None
[2026-05-28T10:49:18.752+0000] {processor.py:208} INFO - Processing /home/airflow/.local/lib/python3.12/site-packages/airflow/example_dags/example_dataset_alias_with_no_taskflow.py took 12.131 seconds
[2026-05-28T10:49:49.155+0000] {processor.py:186} INFO - Started process (PID=1209) to work on /home/airflow/.local/lib/python3.12/site-packages/airflow/example_dags/example_dataset_alias_with_no_taskflow.py
[2026-05-28T10:49:49.158+0000] {processor.py:914} INFO - Processing file /home/airflow/.local/lib/python3.12/site-packages/airflow/example_dags/example_dataset_alias_with_no_taskflow.py for tasks to queue
[2026-05-28T10:49:49.164+0000] {logging_mixin.py:190} INFO - [2026-05-28T10:49:49.163+0000] {dagbag.py:588} INFO - Filling up the DagBag from /home/airflow/.local/lib/python3.12/site-packages/airflow/example_dags/example_dataset_alias_with_no_taskflow.py
[2026-05-28T10:50:00.541+0000] {processor.py:925} INFO - DAG(s) 'dataset_s3_bucket_producer_with_no_taskflow', 'dataset_alias_example_alias_producer_with_no_taskflow', 'dataset_s3_bucket_consumer_with_no_taskflow', 'dataset_alias_example_alias_consumer_with_no_taskflow' retrieved from /home/airflow/.local/lib/python3.12/site-packages/airflow/example_dags/example_dataset_alias_with_no_taskflow.py
[2026-05-28T10:50:00.586+0000] {logging_mixin.py:190} INFO - [2026-05-28T10:50:00.585+0000] {dag.py:3239} INFO - Sync 4 DAGs
[2026-05-28T10:50:00.621+0000] {logging_mixin.py:190} INFO - [2026-05-28T10:50:00.620+0000] {dag.py:4180} INFO - Setting next_dagrun for dataset_alias_example_alias_consumer_with_no_taskflow to None, run_after=None
[2026-05-28T10:50:00.625+0000] {logging_mixin.py:190} INFO - [2026-05-28T10:50:00.625+0000] {dag.py:4180} INFO - Setting next_dagrun for dataset_alias_example_alias_producer_with_no_taskflow to None, run_after=None
[2026-05-28T10:50:00.629+0000] {logging_mixin.py:190} INFO - [2026-05-28T10:50:00.628+0000] {dag.py:4180} INFO - Setting next_dagrun for dataset_s3_bucket_consumer_with_no_taskflow to None, run_after=None
[2026-05-28T10:50:00.631+0000] {logging_mixin.py:190} INFO - [2026-05-28T10:50:00.631+0000] {dag.py:4180} INFO - Setting next_dagrun for dataset_s3_bucket_producer_with_no_taskflow to None, run_after=None
[2026-05-28T10:50:00.706+0000] {processor.py:208} INFO - Processing /home/airflow/.local/lib/python3.12/site-packages/airflow/example_dags/example_dataset_alias_with_no_taskflow.py took 11.561 seconds
[2026-05-28T10:50:31.018+0000] {processor.py:186} INFO - Started process (PID=1279) to work on /home/airflow/.local/lib/python3.12/site-packages/airflow/example_dags/example_dataset_alias_with_no_taskflow.py
[2026-05-28T10:50:31.020+0000] {processor.py:914} INFO - Processing file /home/airflow/.local/lib/python3.12/site-packages/airflow/example_dags/example_dataset_alias_with_no_taskflow.py for tasks to queue
[2026-05-28T10:50:31.030+0000] {logging_mixin.py:190} INFO - [2026-05-28T10:50:31.028+0000] {dagbag.py:588} INFO - Filling up the DagBag from /home/airflow/.local/lib/python3.12/site-packages/airflow/example_dags/example_dataset_alias_with_no_taskflow.py
[2026-05-28T10:50:43.291+0000] {processor.py:925} INFO - DAG(s) 'dataset_s3_bucket_consumer_with_no_taskflow', 'dataset_alias_example_alias_consumer_with_no_taskflow', 'dataset_alias_example_alias_producer_with_no_taskflow', 'dataset_s3_bucket_producer_with_no_taskflow' retrieved from /home/airflow/.local/lib/python3.12/site-packages/airflow/example_dags/example_dataset_alias_with_no_taskflow.py
[2026-05-28T10:50:43.407+0000] {logging_mixin.py:190} INFO - [2026-05-28T10:50:43.405+0000] {dag.py:3239} INFO - Sync 4 DAGs
[2026-05-28T10:50:43.528+0000] {logging_mixin.py:190} INFO - [2026-05-28T10:50:43.527+0000] {dag.py:4180} INFO - Setting next_dagrun for dataset_alias_example_alias_consumer_with_no_taskflow to None, run_after=None
[2026-05-28T10:50:43.543+0000] {logging_mixin.py:190} INFO - [2026-05-28T10:50:43.543+0000] {dag.py:4180} INFO - Setting next_dagrun for dataset_alias_example_alias_producer_with_no_taskflow to None, run_after=None
[2026-05-28T10:50:43.547+0000] {logging_mixin.py:190} INFO - [2026-05-28T10:50:43.547+0000] {dag.py:4180} INFO - Setting next_dagrun for dataset_s3_bucket_consumer_with_no_taskflow to None, run_after=None
[2026-05-28T10:50:43.564+0000] {logging_mixin.py:190} INFO - [2026-05-28T10:50:43.563+0000] {dag.py:4180} INFO - Setting next_dagrun for dataset_s3_bucket_producer_with_no_taskflow to None, run_after=None
[2026-05-28T10:50:43.675+0000] {processor.py:208} INFO - Processing /home/airflow/.local/lib/python3.12/site-packages/airflow/example_dags/example_dataset_alias_with_no_taskflow.py took 12.673 seconds
[2026-05-28T10:51:21.514+0000] {processor.py:186} INFO - Started process (PID=1350) to work on /home/airflow/.local/lib/python3.12/site-packages/airflow/example_dags/example_dataset_alias_with_no_taskflow.py
[2026-05-28T10:51:21.516+0000] {processor.py:914} INFO - Processing file /home/airflow/.local/lib/python3.12/site-packages/airflow/example_dags/example_dataset_alias_with_no_taskflow.py for tasks to queue
[2026-05-28T10:51:21.522+0000] {logging_mixin.py:190} INFO - [2026-05-28T10:51:21.522+0000] {dagbag.py:588} INFO - Filling up the DagBag from /home/airflow/.local/lib/python3.12/site-packages/airflow/example_dags/example_dataset_alias_with_no_taskflow.py
[2026-05-28T10:51:37.435+0000] {processor.py:925} INFO - DAG(s) 'dataset_alias_example_alias_producer_with_no_taskflow', 'dataset_s3_bucket_producer_with_no_taskflow', 'dataset_alias_example_alias_consumer_with_no_taskflow', 'dataset_s3_bucket_consumer_with_no_taskflow' retrieved from /home/airflow/.local/lib/python3.12/site-packages/airflow/example_dags/example_dataset_alias_with_no_taskflow.py
[2026-05-28T10:51:37.566+0000] {logging_mixin.py:190} INFO - [2026-05-28T10:51:37.554+0000] {dag.py:3239} INFO - Sync 4 DAGs
[2026-05-28T10:51:37.646+0000] {logging_mixin.py:190} INFO - [2026-05-28T10:51:37.645+0000] {dag.py:4180} INFO - Setting next_dagrun for dataset_alias_example_alias_consumer_with_no_taskflow to None, run_after=None
[2026-05-28T10:51:37.660+0000] {logging_mixin.py:190} INFO - [2026-05-28T10:51:37.659+0000] {dag.py:4180} INFO - Setting next_dagrun for dataset_alias_example_alias_producer_with_no_taskflow to None, run_after=None
[2026-05-28T10:51:37.680+0000] {logging_mixin.py:190} INFO - [2026-05-28T10:51:37.679+0000] {dag.py:4180} INFO - Setting next_dagrun for dataset_s3_bucket_consumer_with_no_taskflow to None, run_after=None
[2026-05-28T10:51:37.691+0000] {logging_mixin.py:190} INFO - [2026-05-28T10:51:37.688+0000] {dag.py:4180} INFO - Setting next_dagrun for dataset_s3_bucket_producer_with_no_taskflow to None, run_after=None
[2026-05-28T10:51:37.853+0000] {processor.py:208} INFO - Processing /home/airflow/.local/lib/python3.12/site-packages/airflow/example_dags/example_dataset_alias_with_no_taskflow.py took 16.354 seconds
[2026-05-28T10:52:08.027+0000] {processor.py:186} INFO - Started process (PID=1420) to work on /home/airflow/.local/lib/python3.12/site-packages/airflow/example_dags/example_dataset_alias_with_no_taskflow.py
[2026-05-28T10:52:08.029+0000] {processor.py:914} INFO - Processing file /home/airflow/.local/lib/python3.12/site-packages/airflow/example_dags/example_dataset_alias_with_no_taskflow.py for tasks to queue
[2026-05-28T10:52:08.035+0000] {logging_mixin.py:190} INFO - [2026-05-28T10:52:08.034+0000] {dagbag.py:588} INFO - Filling up the DagBag from /home/airflow/.local/lib/python3.12/site-packages/airflow/example_dags/example_dataset_alias_with_no_taskflow.py
[2026-05-28T10:52:28.927+0000] {processor.py:925} INFO - DAG(s) 'dataset_alias_example_alias_producer_with_no_taskflow', 'dataset_alias_example_alias_consumer_with_no_taskflow', 'dataset_s3_bucket_consumer_with_no_taskflow', 'dataset_s3_bucket_producer_with_no_taskflow' retrieved from /home/airflow/.local/lib/python3.12/site-packages/airflow/example_dags/example_dataset_alias_with_no_taskflow.py
[2026-05-28T10:52:29.017+0000] {logging_mixin.py:190} INFO - [2026-05-28T10:52:29.015+0000] {dag.py:3239} INFO - Sync 4 DAGs
[2026-05-28T10:52:29.102+0000] {logging_mixin.py:190} INFO - [2026-05-28T10:52:29.102+0000] {dag.py:4180} INFO - Setting next_dagrun for dataset_alias_example_alias_consumer_with_no_taskflow to None, run_after=None
[2026-05-28T10:52:29.113+0000] {logging_mixin.py:190} INFO - [2026-05-28T10:52:29.113+0000] {dag.py:4180} INFO - Setting next_dagrun for dataset_alias_example_alias_producer_with_no_taskflow to None, run_after=None
[2026-05-28T10:52:29.121+0000] {logging_mixin.py:190} INFO - [2026-05-28T10:52:29.120+0000] {dag.py:4180} INFO - Setting next_dagrun for dataset_s3_bucket_consumer_with_no_taskflow to None, run_after=None
[2026-05-28T10:52:29.126+0000] {logging_mixin.py:190} INFO - [2026-05-28T10:52:29.126+0000] {dag.py:4180} INFO - Setting next_dagrun for dataset_s3_bucket_producer_with_no_taskflow to None, run_after=None
[2026-05-28T10:52:29.219+0000] {processor.py:208} INFO - Processing /home/airflow/.local/lib/python3.12/site-packages/airflow/example_dags/example_dataset_alias_with_no_taskflow.py took 21.205 seconds
[2026-05-28T10:52:59.822+0000] {processor.py:186} INFO - Started process (PID=1489) to work on /home/airflow/.local/lib/python3.12/site-packages/airflow/example_dags/example_dataset_alias_with_no_taskflow.py
[2026-05-28T10:52:59.825+0000] {processor.py:914} INFO - Processing file /home/airflow/.local/lib/python3.12/site-packages/airflow/example_dags/example_dataset_alias_with_no_taskflow.py for tasks to queue
[2026-05-28T10:52:59.831+0000] {logging_mixin.py:190} INFO - [2026-05-28T10:52:59.830+0000] {dagbag.py:588} INFO - Filling up the DagBag from /home/airflow/.local/lib/python3.12/site-packages/airflow/example_dags/example_dataset_alias_with_no_taskflow.py
[2026-05-28T10:53:13.173+0000] {processor.py:925} INFO - DAG(s) 'dataset_alias_example_alias_producer_with_no_taskflow', 'dataset_s3_bucket_producer_with_no_taskflow', 'dataset_alias_example_alias_consumer_with_no_taskflow', 'dataset_s3_bucket_consumer_with_no_taskflow' retrieved from /home/airflow/.local/lib/python3.12/site-packages/airflow/example_dags/example_dataset_alias_with_no_taskflow.py
[2026-05-28T10:53:13.216+0000] {logging_mixin.py:190} INFO - [2026-05-28T10:53:13.215+0000] {dag.py:3239} INFO - Sync 4 DAGs
[2026-05-28T10:53:13.259+0000] {logging_mixin.py:190} INFO - [2026-05-28T10:53:13.258+0000] {dag.py:4180} INFO - Setting next_dagrun for dataset_alias_example_alias_consumer_with_no_taskflow to None, run_after=None
[2026-05-28T10:53:13.268+0000] {logging_mixin.py:190} INFO - [2026-05-28T10:53:13.268+0000] {dag.py:4180} INFO - Setting next_dagrun for dataset_alias_example_alias_producer_with_no_taskflow to None, run_after=None
[2026-05-28T10:53:13.273+0000] {logging_mixin.py:190} INFO - [2026-05-28T10:53:13.272+0000] {dag.py:4180} INFO - Setting next_dagrun for dataset_s3_bucket_consumer_with_no_taskflow to None, run_after=None
[2026-05-28T10:53:13.278+0000] {logging_mixin.py:190} INFO - [2026-05-28T10:53:13.277+0000] {dag.py:4180} INFO - Setting next_dagrun for dataset_s3_bucket_producer_with_no_taskflow to None, run_after=None
[2026-05-28T10:53:13.319+0000] {processor.py:208} INFO - Processing /home/airflow/.local/lib/python3.12/site-packages/airflow/example_dags/example_dataset_alias_with_no_taskflow.py took 13.521 seconds
[2026-05-28T10:53:45.324+0000] {processor.py:186} INFO - Started process (PID=1576) to work on /home/airflow/.local/lib/python3.12/site-packages/airflow/example_dags/example_dataset_alias_with_no_taskflow.py
[2026-05-28T10:53:45.326+0000] {processor.py:914} INFO - Processing file /home/airflow/.local/lib/python3.12/site-packages/airflow/example_dags/example_dataset_alias_with_no_taskflow.py for tasks to queue
[2026-05-28T10:53:45.332+0000] {logging_mixin.py:190} INFO - [2026-05-28T10:53:45.331+0000] {dagbag.py:588} INFO - Filling up the DagBag from /home/airflow/.local/lib/python3.12/site-packages/airflow/example_dags/example_dataset_alias_with_no_taskflow.py
[2026-05-28T10:53:57.436+0000] {processor.py:925} INFO - DAG(s) 'dataset_alias_example_alias_consumer_with_no_taskflow', 'dataset_alias_example_alias_producer_with_no_taskflow', 'dataset_s3_bucket_producer_with_no_taskflow', 'dataset_s3_bucket_consumer_with_no_taskflow' retrieved from /home/airflow/.local/lib/python3.12/site-packages/airflow/example_dags/example_dataset_alias_with_no_taskflow.py
[2026-05-28T10:53:57.474+0000] {logging_mixin.py:190} INFO - [2026-05-28T10:53:57.473+0000] {dag.py:3239} INFO - Sync 4 DAGs
[2026-05-28T10:53:57.504+0000] {logging_mixin.py:190} INFO - [2026-05-28T10:53:57.503+0000] {dag.py:4180} INFO - Setting next_dagrun for dataset_alias_example_alias_consumer_with_no_taskflow to None, run_after=None
[2026-05-28T10:53:57.508+0000] {logging_mixin.py:190} INFO - [2026-05-28T10:53:57.508+0000] {dag.py:4180} INFO - Setting next_dagrun for dataset_alias_example_alias_producer_with_no_taskflow to None, run_after=None
[2026-05-28T10:53:57.511+0000] {logging_mixin.py:190} INFO - [2026-05-28T10:53:57.511+0000] {dag.py:4180} INFO - Setting next_dagrun for dataset_s3_bucket_consumer_with_no_taskflow to None, run_after=None
[2026-05-28T10:53:57.515+0000] {logging_mixin.py:190} INFO - [2026-05-28T10:53:57.514+0000] {dag.py:4180} INFO - Setting next_dagrun for dataset_s3_bucket_producer_with_no_taskflow to None, run_after=None
[2026-05-28T10:53:57.604+0000] {processor.py:208} INFO - Processing /home/airflow/.local/lib/python3.12/site-packages/airflow/example_dags/example_dataset_alias_with_no_taskflow.py took 12.294 seconds
[2026-05-28T10:54:28.211+0000] {processor.py:186} INFO - Started process (PID=1648) to work on /home/airflow/.local/lib/python3.12/site-packages/airflow/example_dags/example_dataset_alias_with_no_taskflow.py
[2026-05-28T10:54:28.213+0000] {processor.py:914} INFO - Processing file /home/airflow/.local/lib/python3.12/site-packages/airflow/example_dags/example_dataset_alias_with_no_taskflow.py for tasks to queue
[2026-05-28T10:54:28.217+0000] {logging_mixin.py:190} INFO - [2026-05-28T10:54:28.216+0000] {dagbag.py:588} INFO - Filling up the DagBag from /home/airflow/.local/lib/python3.12/site-packages/airflow/example_dags/example_dataset_alias_with_no_taskflow.py
[2026-05-28T10:54:49.899+0000] {processor.py:925} INFO - DAG(s) 'dataset_alias_example_alias_consumer_with_no_taskflow', 'dataset_alias_example_alias_producer_with_no_taskflow', 'dataset_s3_bucket_consumer_with_no_taskflow', 'dataset_s3_bucket_producer_with_no_taskflow' retrieved from /home/airflow/.local/lib/python3.12/site-packages/airflow/example_dags/example_dataset_alias_with_no_taskflow.py
[2026-05-28T10:54:49.993+0000] {logging_mixin.py:190} INFO - [2026-05-28T10:54:49.991+0000] {dag.py:3239} INFO - Sync 4 DAGs
[2026-05-28T10:54:50.075+0000] {logging_mixin.py:190} INFO - [2026-05-28T10:54:50.075+0000] {dag.py:4180} INFO - Setting next_dagrun for dataset_alias_example_alias_consumer_with_no_taskflow to None, run_after=None
[2026-05-28T10:54:50.083+0000] {logging_mixin.py:190} INFO - [2026-05-28T10:54:50.082+0000] {dag.py:4180} INFO - Setting next_dagrun for dataset_alias_example_alias_producer_with_no_taskflow to None, run_after=None
[2026-05-28T10:54:50.087+0000] {logging_mixin.py:190} INFO - [2026-05-28T10:54:50.087+0000] {dag.py:4180} INFO - Setting next_dagrun for dataset_s3_bucket_consumer_with_no_taskflow to None, run_after=None
[2026-05-28T10:54:50.092+0000] {logging_mixin.py:190} INFO - [2026-05-28T10:54:50.091+0000] {dag.py:4180} INFO - Setting next_dagrun for dataset_s3_bucket_producer_with_no_taskflow to None, run_after=None
[2026-05-28T10:54:50.202+0000] {processor.py:208} INFO - Processing /home/airflow/.local/lib/python3.12/site-packages/airflow/example_dags/example_dataset_alias_with_no_taskflow.py took 21.998 seconds
[2026-05-28T10:58:02.187+0000] {processor.py:186} INFO - Started process (PID=1764) to work on /home/airflow/.local/lib/python3.12/site-packages/airflow/example_dags/example_dataset_alias_with_no_taskflow.py
[2026-05-28T10:58:02.231+0000] {processor.py:914} INFO - Processing file /home/airflow/.local/lib/python3.12/site-packages/airflow/example_dags/example_dataset_alias_with_no_taskflow.py for tasks to queue
[2026-05-28T10:58:02.347+0000] {logging_mixin.py:190} INFO - [2026-05-28T10:58:02.301+0000] {dagbag.py:588} INFO - Filling up the DagBag from /home/airflow/.local/lib/python3.12/site-packages/airflow/example_dags/example_dataset_alias_with_no_taskflow.py
[2026-05-28T10:58:32.449+0000] {logging_mixin.py:190} INFO - [2026-05-28T10:58:32.445+0000] {timeout.py:68} ERROR - Process timed out, PID: 1764
[2026-05-28T10:58:32.523+0000] {logging_mixin.py:190} INFO - [2026-05-28T10:58:32.464+0000] {dagbag.py:387} ERROR - Failed to import: /home/airflow/.local/lib/python3.12/site-packages/airflow/example_dags/example_dataset_alias_with_no_taskflow.py
Traceback (most recent call last):
  File "/usr/local/lib/python3.12/pathlib.py", line 860, in exists
    self.stat(follow_symlinks=follow_symlinks)
  File "/usr/local/lib/python3.12/pathlib.py", line 840, in stat
    return os.stat(self, follow_symlinks=follow_symlinks)
           ^^^^^^^^^^^^^^^^^^^^^^^^^^^^^^^^^^^^^^^^^^^^^^
FileNotFoundError: [Errno 2] No such file or directory: '/home/airflow/.local/lib/python3.12/site-packages/airflow/providers/amazon/aws/log/__pycache__/cloudwatch_task_handler.cpython-312.pyc'

During handling of the above exception, another exception occurred:

Traceback (most recent call last):
  File "/home/airflow/.local/lib/python3.12/site-packages/airflow/models/dagbag.py", line 383, in parse
    loader.exec_module(new_module)
  File "<frozen importlib._bootstrap_external>", line 999, in exec_module
  File "<frozen importlib._bootstrap>", line 488, in _call_with_frames_removed
  File "/home/airflow/.local/lib/python3.12/site-packages/airflow/example_dags/example_dataset_alias_with_no_taskflow.py", line 55, in <module>
    outlets=[Dataset("s3://bucket/my-task-with-no-taskflow")],
             ^^^^^^^^^^^^^^^^^^^^^^^^^^^^^^^^^^^^^^^^^^^^^^^
  File "<attrs generated methods airflow.datasets.Dataset>", line 18, in __init__
    _setattr('uri', __attr_converter_uri(uri))
                    ^^^^^^^^^^^^^^^^^^^^^^^^^
  File "/home/airflow/.local/lib/python3.12/site-packages/airflow/datasets/__init__.py", line 108, in _sanitize_uri
    if (normalizer := _get_uri_normalizer(normalized_scheme)) is not None:
                      ^^^^^^^^^^^^^^^^^^^^^^^^^^^^^^^^^^^^^^
  File "/home/airflow/.local/lib/python3.12/site-packages/airflow/datasets/__init__.py", line 58, in _get_uri_normalizer
    return ProvidersManager().dataset_uri_handlers.get(scheme)
           ^^^^^^^^^^^^^^^^^^^^^^^^^^^^^^^^^^^^^^^
  File "/home/airflow/.local/lib/python3.12/site-packages/airflow/providers_manager.py", line 1328, in dataset_uri_handlers
    self.initialize_providers_dataset_uri_resources()
  File "/home/airflow/.local/lib/python3.12/site-packages/airflow/providers_manager.py", line 382, in wrapped_function
    func(*args, **kwargs)
  File "/home/airflow/.local/lib/python3.12/site-packages/airflow/providers_manager.py", line 527, in initialize_providers_dataset_uri_resources
    self._discover_dataset_uri_resources()
  File "/home/airflow/.local/lib/python3.12/site-packages/airflow/providers_manager.py", line 909, in _discover_dataset_uri_resources
    _safe_register_resource(
  File "/home/airflow/.local/lib/python3.12/site-packages/airflow/providers_manager.py", line 897, in _safe_register_resource
    _correctness_check(provider_package_name, resource_path, provider)
  File "/home/airflow/.local/lib/python3.12/site-packages/airflow/providers_manager.py", line 325, in _correctness_check
    imported_class = import_string(class_name)
                     ^^^^^^^^^^^^^^^^^^^^^^^^^
  File "/home/airflow/.local/lib/python3.12/site-packages/airflow/utils/module_loading.py", line 39, in import_string
    module = import_module(module_path)
             ^^^^^^^^^^^^^^^^^^^^^^^^^^
  File "/usr/local/lib/python3.12/importlib/__init__.py", line 90, in import_module
    return _bootstrap._gcd_import(name[level:], package, level)
           ^^^^^^^^^^^^^^^^^^^^^^^^^^^^^^^^^^^^^^^^^^^^^^^^^^^^
  File "<frozen importlib._bootstrap>", line 1387, in _gcd_import
  File "<frozen importlib._bootstrap>", line 1360, in _find_and_load
  File "<frozen importlib._bootstrap>", line 1331, in _find_and_load_unlocked
  File "<frozen importlib._bootstrap>", line 935, in _load_unlocked
  File "<frozen importlib._bootstrap_external>", line 999, in exec_module
  File "<frozen importlib._bootstrap>", line 488, in _call_with_frames_removed
  File "/home/airflow/.local/lib/python3.12/site-packages/airflow/providers/google/assets/gcs.py", line 22, in <module>
    from airflow.providers.google.cloud.hooks.gcs import _parse_gcs_url
  File "/home/airflow/.local/lib/python3.12/site-packages/airflow/providers/google/cloud/hooks/gcs.py", line 40, in <module>
    import google.cloud.storage as storage
  File "/home/airflow/.local/lib/python3.12/site-packages/google/cloud/storage/__init__.py", line 35, in <module>
    from google.cloud.storage.batch import Batch
  File "/home/airflow/.local/lib/python3.12/site-packages/google/cloud/storage/batch.py", line 43, in <module>
    from google.cloud import exceptions
  File "/home/airflow/.local/lib/python3.12/site-packages/google/cloud/exceptions/__init__.py", line 24, in <module>
    from google.api_core import exceptions
  File "/home/airflow/.local/lib/python3.12/site-packages/google/api_core/__init__.py", line 40, in <module>
    check_python_version(package="google.api_core")
  File "/home/airflow/.local/lib/python3.12/site-packages/google/api_core/_python_version_support.py", line 210, in check_python_version
    package_label, _ = _get_distribution_and_import_packages(package)
                       ^^^^^^^^^^^^^^^^^^^^^^^^^^^^^^^^^^^^^^^^^^^^^^
  File "/home/airflow/.local/lib/python3.12/site-packages/google/api_core/_python_version_support.py", line 189, in _get_distribution_and_import_packages
    distribution_package = _get_pypi_package_name(import_package)
                           ^^^^^^^^^^^^^^^^^^^^^^^^^^^^^^^^^^^^^^
  File "/home/airflow/.local/lib/python3.12/site-packages/google/api_core/_python_version_support.py", line 171, in _get_pypi_package_name
    module_to_distributions = metadata.packages_distributions()
                              ^^^^^^^^^^^^^^^^^^^^^^^^^^^^^^^^^
  File "/usr/local/lib/python3.12/importlib/metadata/__init__.py", line 947, in packages_distributions
    for pkg in _top_level_declared(dist) or _top_level_inferred(dist):
                                            ^^^^^^^^^^^^^^^^^^^^^^^^^
  File "/usr/local/lib/python3.12/importlib/metadata/__init__.py", line 959, in _top_level_inferred
    for f in always_iterable(dist.files)
                             ^^^^^^^^^^
  File "/usr/local/lib/python3.12/importlib/metadata/__init__.py", line 500, in files
    return skip_missing_files(
           ^^^^^^^^^^^^^^^^^^^
  File "/usr/local/lib/python3.12/importlib/metadata/_functools.py", line 102, in wrapper
    return func(param, *args, **kwargs)
           ^^^^^^^^^^^^^^^^^^^^^^^^^^^^
  File "/usr/local/lib/python3.12/importlib/metadata/__init__.py", line 498, in skip_missing_files
    return list(filter(lambda path: path.locate().exists(), package_paths))
           ^^^^^^^^^^^^^^^^^^^^^^^^^^^^^^^^^^^^^^^^^^^^^^^^^^^^^^^^^^^^^^^^
  File "/usr/local/lib/python3.12/importlib/metadata/__init__.py", line 498, in <lambda>
    return list(filter(lambda path: path.locate().exists(), package_paths))
                                    ^^^^^^^^^^^^^^^^^^^^^^
  File "/usr/local/lib/python3.12/pathlib.py", line 862, in exists
    if not _ignore_error(e):
           ^^^^^^^^^^^^^^^^
  File "/usr/local/lib/python3.12/pathlib.py", line 52, in _ignore_error
    def _ignore_error(exception):
    
  File "/home/airflow/.local/lib/python3.12/site-packages/airflow/utils/timeout.py", line 69, in handle_timeout
    raise AirflowTaskTimeout(self.error_message)
airflow.exceptions.AirflowTaskTimeout: DagBag import timeout for /home/airflow/.local/lib/python3.12/site-packages/airflow/example_dags/example_dataset_alias_with_no_taskflow.py after 30.0s.
Please take a look at these docs to improve your DAG import time:
* https://airflow.apache.org/docs/apache-airflow/2.11.2/best-practices.html#top-level-python-code
* https://airflow.apache.org/docs/apache-airflow/2.11.2/best-practices.html#reducing-dag-complexity, PID: 1764
[2026-05-28T10:58:32.533+0000] {processor.py:927} WARNING - No viable dags retrieved from /home/airflow/.local/lib/python3.12/site-packages/airflow/example_dags/example_dataset_alias_with_no_taskflow.py
[2026-05-28T10:58:32.731+0000] {processor.py:208} INFO - Processing /home/airflow/.local/lib/python3.12/site-packages/airflow/example_dags/example_dataset_alias_with_no_taskflow.py took 31.529 seconds
[2026-05-28T10:59:33.323+0000] {processor.py:186} INFO - Started process (PID=1861) to work on /home/airflow/.local/lib/python3.12/site-packages/airflow/example_dags/example_dataset_alias_with_no_taskflow.py
[2026-05-28T10:59:33.326+0000] {processor.py:914} INFO - Processing file /home/airflow/.local/lib/python3.12/site-packages/airflow/example_dags/example_dataset_alias_with_no_taskflow.py for tasks to queue
[2026-05-28T10:59:33.330+0000] {logging_mixin.py:190} INFO - [2026-05-28T10:59:33.329+0000] {dagbag.py:588} INFO - Filling up the DagBag from /home/airflow/.local/lib/python3.12/site-packages/airflow/example_dags/example_dataset_alias_with_no_taskflow.py
[2026-05-28T10:59:56.553+0000] {processor.py:925} INFO - DAG(s) 'dataset_s3_bucket_consumer_with_no_taskflow', 'dataset_alias_example_alias_producer_with_no_taskflow', 'dataset_alias_example_alias_consumer_with_no_taskflow', 'dataset_s3_bucket_producer_with_no_taskflow' retrieved from /home/airflow/.local/lib/python3.12/site-packages/airflow/example_dags/example_dataset_alias_with_no_taskflow.py
[2026-05-28T10:59:57.308+0000] {logging_mixin.py:190} INFO - [2026-05-28T10:59:57.306+0000] {dag.py:3239} INFO - Sync 4 DAGs
[2026-05-28T10:59:57.368+0000] {logging_mixin.py:190} INFO - [2026-05-28T10:59:57.367+0000] {dag.py:4180} INFO - Setting next_dagrun for dataset_alias_example_alias_consumer_with_no_taskflow to None, run_after=None
[2026-05-28T10:59:57.375+0000] {logging_mixin.py:190} INFO - [2026-05-28T10:59:57.375+0000] {dag.py:4180} INFO - Setting next_dagrun for dataset_alias_example_alias_producer_with_no_taskflow to None, run_after=None
[2026-05-28T10:59:57.380+0000] {logging_mixin.py:190} INFO - [2026-05-28T10:59:57.380+0000] {dag.py:4180} INFO - Setting next_dagrun for dataset_s3_bucket_consumer_with_no_taskflow to None, run_after=None
[2026-05-28T10:59:57.388+0000] {logging_mixin.py:190} INFO - [2026-05-28T10:59:57.386+0000] {dag.py:4180} INFO - Setting next_dagrun for dataset_s3_bucket_producer_with_no_taskflow to None, run_after=None
[2026-05-28T10:59:57.467+0000] {processor.py:208} INFO - Processing /home/airflow/.local/lib/python3.12/site-packages/airflow/example_dags/example_dataset_alias_with_no_taskflow.py took 24.170 seconds
[2026-05-28T11:00:34.976+0000] {processor.py:186} INFO - Started process (PID=1932) to work on /home/airflow/.local/lib/python3.12/site-packages/airflow/example_dags/example_dataset_alias_with_no_taskflow.py
[2026-05-28T11:00:34.978+0000] {processor.py:914} INFO - Processing file /home/airflow/.local/lib/python3.12/site-packages/airflow/example_dags/example_dataset_alias_with_no_taskflow.py for tasks to queue
[2026-05-28T11:00:34.982+0000] {logging_mixin.py:190} INFO - [2026-05-28T11:00:34.981+0000] {dagbag.py:588} INFO - Filling up the DagBag from /home/airflow/.local/lib/python3.12/site-packages/airflow/example_dags/example_dataset_alias_with_no_taskflow.py
[2026-05-28T11:01:04.104+0000] {processor.py:925} INFO - DAG(s) 'dataset_s3_bucket_producer_with_no_taskflow', 'dataset_s3_bucket_consumer_with_no_taskflow', 'dataset_alias_example_alias_consumer_with_no_taskflow', 'dataset_alias_example_alias_producer_with_no_taskflow' retrieved from /home/airflow/.local/lib/python3.12/site-packages/airflow/example_dags/example_dataset_alias_with_no_taskflow.py
[2026-05-28T11:01:04.216+0000] {logging_mixin.py:190} INFO - [2026-05-28T11:01:04.214+0000] {dag.py:3239} INFO - Sync 4 DAGs
[2026-05-28T11:01:04.402+0000] {logging_mixin.py:190} INFO - [2026-05-28T11:01:04.401+0000] {dag.py:4180} INFO - Setting next_dagrun for dataset_alias_example_alias_consumer_with_no_taskflow to None, run_after=None
[2026-05-28T11:01:04.431+0000] {logging_mixin.py:190} INFO - [2026-05-28T11:01:04.431+0000] {dag.py:4180} INFO - Setting next_dagrun for dataset_alias_example_alias_producer_with_no_taskflow to None, run_after=None
[2026-05-28T11:01:04.438+0000] {logging_mixin.py:190} INFO - [2026-05-28T11:01:04.438+0000] {dag.py:4180} INFO - Setting next_dagrun for dataset_s3_bucket_consumer_with_no_taskflow to None, run_after=None
[2026-05-28T11:01:04.449+0000] {logging_mixin.py:190} INFO - [2026-05-28T11:01:04.448+0000] {dag.py:4180} INFO - Setting next_dagrun for dataset_s3_bucket_producer_with_no_taskflow to None, run_after=None
[2026-05-28T11:01:04.595+0000] {processor.py:208} INFO - Processing /home/airflow/.local/lib/python3.12/site-packages/airflow/example_dags/example_dataset_alias_with_no_taskflow.py took 29.639 seconds
[2026-05-28T11:01:51.946+0000] {processor.py:186} INFO - Started process (PID=2026) to work on /home/airflow/.local/lib/python3.12/site-packages/airflow/example_dags/example_dataset_alias_with_no_taskflow.py
[2026-05-28T11:01:51.995+0000] {processor.py:914} INFO - Processing file /home/airflow/.local/lib/python3.12/site-packages/airflow/example_dags/example_dataset_alias_with_no_taskflow.py for tasks to queue
[2026-05-28T11:01:52.053+0000] {logging_mixin.py:190} INFO - [2026-05-28T11:01:52.052+0000] {dagbag.py:588} INFO - Filling up the DagBag from /home/airflow/.local/lib/python3.12/site-packages/airflow/example_dags/example_dataset_alias_with_no_taskflow.py
[2026-05-28T11:02:19.968+0000] {processor.py:925} INFO - DAG(s) 'dataset_s3_bucket_producer_with_no_taskflow', 'dataset_alias_example_alias_consumer_with_no_taskflow', 'dataset_s3_bucket_consumer_with_no_taskflow', 'dataset_alias_example_alias_producer_with_no_taskflow' retrieved from /home/airflow/.local/lib/python3.12/site-packages/airflow/example_dags/example_dataset_alias_with_no_taskflow.py
[2026-05-28T11:02:20.046+0000] {logging_mixin.py:190} INFO - [2026-05-28T11:02:20.044+0000] {dag.py:3239} INFO - Sync 4 DAGs
[2026-05-28T11:02:20.125+0000] {logging_mixin.py:190} INFO - [2026-05-28T11:02:20.124+0000] {dag.py:4180} INFO - Setting next_dagrun for dataset_alias_example_alias_consumer_with_no_taskflow to None, run_after=None
[2026-05-28T11:02:20.134+0000] {logging_mixin.py:190} INFO - [2026-05-28T11:02:20.133+0000] {dag.py:4180} INFO - Setting next_dagrun for dataset_alias_example_alias_producer_with_no_taskflow to None, run_after=None
[2026-05-28T11:02:20.140+0000] {logging_mixin.py:190} INFO - [2026-05-28T11:02:20.139+0000] {dag.py:4180} INFO - Setting next_dagrun for dataset_s3_bucket_consumer_with_no_taskflow to None, run_after=None
[2026-05-28T11:02:20.144+0000] {logging_mixin.py:190} INFO - [2026-05-28T11:02:20.144+0000] {dag.py:4180} INFO - Setting next_dagrun for dataset_s3_bucket_producer_with_no_taskflow to None, run_after=None
[2026-05-28T11:02:20.288+0000] {processor.py:208} INFO - Processing /home/airflow/.local/lib/python3.12/site-packages/airflow/example_dags/example_dataset_alias_with_no_taskflow.py took 28.371 seconds
[2026-05-28T11:03:10.128+0000] {processor.py:186} INFO - Started process (PID=2118) to work on /home/airflow/.local/lib/python3.12/site-packages/airflow/example_dags/example_dataset_alias_with_no_taskflow.py
[2026-05-28T11:03:10.130+0000] {processor.py:914} INFO - Processing file /home/airflow/.local/lib/python3.12/site-packages/airflow/example_dags/example_dataset_alias_with_no_taskflow.py for tasks to queue
[2026-05-28T11:03:10.133+0000] {logging_mixin.py:190} INFO - [2026-05-28T11:03:10.133+0000] {dagbag.py:588} INFO - Filling up the DagBag from /home/airflow/.local/lib/python3.12/site-packages/airflow/example_dags/example_dataset_alias_with_no_taskflow.py
[2026-05-28T11:03:31.347+0000] {processor.py:925} INFO - DAG(s) 'dataset_s3_bucket_consumer_with_no_taskflow', 'dataset_s3_bucket_producer_with_no_taskflow', 'dataset_alias_example_alias_producer_with_no_taskflow', 'dataset_alias_example_alias_consumer_with_no_taskflow' retrieved from /home/airflow/.local/lib/python3.12/site-packages/airflow/example_dags/example_dataset_alias_with_no_taskflow.py
[2026-05-28T11:03:31.407+0000] {logging_mixin.py:190} INFO - [2026-05-28T11:03:31.405+0000] {dag.py:3239} INFO - Sync 4 DAGs
[2026-05-28T11:03:31.462+0000] {logging_mixin.py:190} INFO - [2026-05-28T11:03:31.462+0000] {dag.py:4180} INFO - Setting next_dagrun for dataset_alias_example_alias_consumer_with_no_taskflow to None, run_after=None
[2026-05-28T11:03:31.469+0000] {logging_mixin.py:190} INFO - [2026-05-28T11:03:31.469+0000] {dag.py:4180} INFO - Setting next_dagrun for dataset_alias_example_alias_producer_with_no_taskflow to None, run_after=None
[2026-05-28T11:03:31.473+0000] {logging_mixin.py:190} INFO - [2026-05-28T11:03:31.473+0000] {dag.py:4180} INFO - Setting next_dagrun for dataset_s3_bucket_consumer_with_no_taskflow to None, run_after=None
[2026-05-28T11:03:31.477+0000] {logging_mixin.py:190} INFO - [2026-05-28T11:03:31.477+0000] {dag.py:4180} INFO - Setting next_dagrun for dataset_s3_bucket_producer_with_no_taskflow to None, run_after=None
[2026-05-28T11:03:31.548+0000] {processor.py:208} INFO - Processing /home/airflow/.local/lib/python3.12/site-packages/airflow/example_dags/example_dataset_alias_with_no_taskflow.py took 21.433 seconds
[2026-05-28T11:04:05.198+0000] {processor.py:186} INFO - Started process (PID=2193) to work on /home/airflow/.local/lib/python3.12/site-packages/airflow/example_dags/example_dataset_alias_with_no_taskflow.py
[2026-05-28T11:04:05.201+0000] {processor.py:914} INFO - Processing file /home/airflow/.local/lib/python3.12/site-packages/airflow/example_dags/example_dataset_alias_with_no_taskflow.py for tasks to queue
[2026-05-28T11:04:05.204+0000] {logging_mixin.py:190} INFO - [2026-05-28T11:04:05.204+0000] {dagbag.py:588} INFO - Filling up the DagBag from /home/airflow/.local/lib/python3.12/site-packages/airflow/example_dags/example_dataset_alias_with_no_taskflow.py
[2026-05-28T11:04:29.209+0000] {processor.py:925} INFO - DAG(s) 'dataset_s3_bucket_consumer_with_no_taskflow', 'dataset_alias_example_alias_producer_with_no_taskflow', 'dataset_s3_bucket_producer_with_no_taskflow', 'dataset_alias_example_alias_consumer_with_no_taskflow' retrieved from /home/airflow/.local/lib/python3.12/site-packages/airflow/example_dags/example_dataset_alias_with_no_taskflow.py
[2026-05-28T11:04:29.309+0000] {logging_mixin.py:190} INFO - [2026-05-28T11:04:29.308+0000] {dag.py:3239} INFO - Sync 4 DAGs
[2026-05-28T11:04:29.376+0000] {logging_mixin.py:190} INFO - [2026-05-28T11:04:29.376+0000] {dag.py:4180} INFO - Setting next_dagrun for dataset_alias_example_alias_consumer_with_no_taskflow to None, run_after=None
[2026-05-28T11:04:29.386+0000] {logging_mixin.py:190} INFO - [2026-05-28T11:04:29.385+0000] {dag.py:4180} INFO - Setting next_dagrun for dataset_alias_example_alias_producer_with_no_taskflow to None, run_after=None
[2026-05-28T11:04:29.392+0000] {logging_mixin.py:190} INFO - [2026-05-28T11:04:29.391+0000] {dag.py:4180} INFO - Setting next_dagrun for dataset_s3_bucket_consumer_with_no_taskflow to None, run_after=None
[2026-05-28T11:04:29.397+0000] {logging_mixin.py:190} INFO - [2026-05-28T11:04:29.396+0000] {dag.py:4180} INFO - Setting next_dagrun for dataset_s3_bucket_producer_with_no_taskflow to None, run_after=None
[2026-05-28T11:04:29.463+0000] {processor.py:208} INFO - Processing /home/airflow/.local/lib/python3.12/site-packages/airflow/example_dags/example_dataset_alias_with_no_taskflow.py took 24.282 seconds
[2026-05-28T11:05:12.368+0000] {processor.py:186} INFO - Started process (PID=2264) to work on /home/airflow/.local/lib/python3.12/site-packages/airflow/example_dags/example_dataset_alias_with_no_taskflow.py
[2026-05-28T11:05:12.371+0000] {processor.py:914} INFO - Processing file /home/airflow/.local/lib/python3.12/site-packages/airflow/example_dags/example_dataset_alias_with_no_taskflow.py for tasks to queue
[2026-05-28T11:05:12.375+0000] {logging_mixin.py:190} INFO - [2026-05-28T11:05:12.374+0000] {dagbag.py:588} INFO - Filling up the DagBag from /home/airflow/.local/lib/python3.12/site-packages/airflow/example_dags/example_dataset_alias_with_no_taskflow.py
[2026-05-28T11:05:33.747+0000] {processor.py:925} INFO - DAG(s) 'dataset_alias_example_alias_producer_with_no_taskflow', 'dataset_s3_bucket_consumer_with_no_taskflow', 'dataset_alias_example_alias_consumer_with_no_taskflow', 'dataset_s3_bucket_producer_with_no_taskflow' retrieved from /home/airflow/.local/lib/python3.12/site-packages/airflow/example_dags/example_dataset_alias_with_no_taskflow.py
[2026-05-28T11:05:33.810+0000] {logging_mixin.py:190} INFO - [2026-05-28T11:05:33.809+0000] {dag.py:3239} INFO - Sync 4 DAGs
[2026-05-28T11:05:33.874+0000] {logging_mixin.py:190} INFO - [2026-05-28T11:05:33.873+0000] {dag.py:4180} INFO - Setting next_dagrun for dataset_alias_example_alias_consumer_with_no_taskflow to None, run_after=None
[2026-05-28T11:05:33.884+0000] {logging_mixin.py:190} INFO - [2026-05-28T11:05:33.883+0000] {dag.py:4180} INFO - Setting next_dagrun for dataset_alias_example_alias_producer_with_no_taskflow to None, run_after=None
[2026-05-28T11:05:33.889+0000] {logging_mixin.py:190} INFO - [2026-05-28T11:05:33.888+0000] {dag.py:4180} INFO - Setting next_dagrun for dataset_s3_bucket_consumer_with_no_taskflow to None, run_after=None
[2026-05-28T11:05:33.894+0000] {logging_mixin.py:190} INFO - [2026-05-28T11:05:33.893+0000] {dag.py:4180} INFO - Setting next_dagrun for dataset_s3_bucket_producer_with_no_taskflow to None, run_after=None
[2026-05-28T11:05:33.986+0000] {processor.py:208} INFO - Processing /home/airflow/.local/lib/python3.12/site-packages/airflow/example_dags/example_dataset_alias_with_no_taskflow.py took 21.634 seconds
[2026-05-28T11:06:15.294+0000] {processor.py:186} INFO - Started process (PID=2353) to work on /home/airflow/.local/lib/python3.12/site-packages/airflow/example_dags/example_dataset_alias_with_no_taskflow.py
[2026-05-28T11:06:15.298+0000] {processor.py:914} INFO - Processing file /home/airflow/.local/lib/python3.12/site-packages/airflow/example_dags/example_dataset_alias_with_no_taskflow.py for tasks to queue
[2026-05-28T11:06:15.303+0000] {logging_mixin.py:190} INFO - [2026-05-28T11:06:15.302+0000] {dagbag.py:588} INFO - Filling up the DagBag from /home/airflow/.local/lib/python3.12/site-packages/airflow/example_dags/example_dataset_alias_with_no_taskflow.py
[2026-05-28T11:06:40.361+0000] {processor.py:925} INFO - DAG(s) 'dataset_s3_bucket_producer_with_no_taskflow', 'dataset_alias_example_alias_consumer_with_no_taskflow', 'dataset_alias_example_alias_producer_with_no_taskflow', 'dataset_s3_bucket_consumer_with_no_taskflow' retrieved from /home/airflow/.local/lib/python3.12/site-packages/airflow/example_dags/example_dataset_alias_with_no_taskflow.py
[2026-05-28T11:06:40.474+0000] {logging_mixin.py:190} INFO - [2026-05-28T11:06:40.473+0000] {dag.py:3239} INFO - Sync 4 DAGs
[2026-05-28T11:06:40.559+0000] {logging_mixin.py:190} INFO - [2026-05-28T11:06:40.558+0000] {dag.py:4180} INFO - Setting next_dagrun for dataset_alias_example_alias_consumer_with_no_taskflow to None, run_after=None
[2026-05-28T11:06:40.569+0000] {logging_mixin.py:190} INFO - [2026-05-28T11:06:40.568+0000] {dag.py:4180} INFO - Setting next_dagrun for dataset_alias_example_alias_producer_with_no_taskflow to None, run_after=None
[2026-05-28T11:06:40.573+0000] {logging_mixin.py:190} INFO - [2026-05-28T11:06:40.572+0000] {dag.py:4180} INFO - Setting next_dagrun for dataset_s3_bucket_consumer_with_no_taskflow to None, run_after=None
[2026-05-28T11:06:40.579+0000] {logging_mixin.py:190} INFO - [2026-05-28T11:06:40.579+0000] {dag.py:4180} INFO - Setting next_dagrun for dataset_s3_bucket_producer_with_no_taskflow to None, run_after=None
[2026-05-28T11:06:40.709+0000] {processor.py:208} INFO - Processing /home/airflow/.local/lib/python3.12/site-packages/airflow/example_dags/example_dataset_alias_with_no_taskflow.py took 25.439 seconds
[2026-05-28T11:07:33.438+0000] {processor.py:186} INFO - Started process (PID=2446) to work on /home/airflow/.local/lib/python3.12/site-packages/airflow/example_dags/example_dataset_alias_with_no_taskflow.py
[2026-05-28T11:07:33.441+0000] {processor.py:914} INFO - Processing file /home/airflow/.local/lib/python3.12/site-packages/airflow/example_dags/example_dataset_alias_with_no_taskflow.py for tasks to queue
[2026-05-28T11:07:33.445+0000] {logging_mixin.py:190} INFO - [2026-05-28T11:07:33.444+0000] {dagbag.py:588} INFO - Filling up the DagBag from /home/airflow/.local/lib/python3.12/site-packages/airflow/example_dags/example_dataset_alias_with_no_taskflow.py
[2026-05-28T11:08:00.532+0000] {processor.py:925} INFO - DAG(s) 'dataset_alias_example_alias_producer_with_no_taskflow', 'dataset_alias_example_alias_consumer_with_no_taskflow', 'dataset_s3_bucket_consumer_with_no_taskflow', 'dataset_s3_bucket_producer_with_no_taskflow' retrieved from /home/airflow/.local/lib/python3.12/site-packages/airflow/example_dags/example_dataset_alias_with_no_taskflow.py
[2026-05-28T11:08:00.591+0000] {logging_mixin.py:190} INFO - [2026-05-28T11:08:00.590+0000] {dag.py:3239} INFO - Sync 4 DAGs
[2026-05-28T11:08:00.654+0000] {logging_mixin.py:190} INFO - [2026-05-28T11:08:00.654+0000] {dag.py:4180} INFO - Setting next_dagrun for dataset_alias_example_alias_consumer_with_no_taskflow to None, run_after=None
[2026-05-28T11:08:00.661+0000] {logging_mixin.py:190} INFO - [2026-05-28T11:08:00.661+0000] {dag.py:4180} INFO - Setting next_dagrun for dataset_alias_example_alias_producer_with_no_taskflow to None, run_after=None
[2026-05-28T11:08:00.666+0000] {logging_mixin.py:190} INFO - [2026-05-28T11:08:00.665+0000] {dag.py:4180} INFO - Setting next_dagrun for dataset_s3_bucket_consumer_with_no_taskflow to None, run_after=None
[2026-05-28T11:08:00.670+0000] {logging_mixin.py:190} INFO - [2026-05-28T11:08:00.670+0000] {dag.py:4180} INFO - Setting next_dagrun for dataset_s3_bucket_producer_with_no_taskflow to None, run_after=None
[2026-05-28T11:08:00.742+0000] {processor.py:208} INFO - Processing /home/airflow/.local/lib/python3.12/site-packages/airflow/example_dags/example_dataset_alias_with_no_taskflow.py took 27.326 seconds
[2026-05-28T11:08:44.525+0000] {processor.py:186} INFO - Started process (PID=2537) to work on /home/airflow/.local/lib/python3.12/site-packages/airflow/example_dags/example_dataset_alias_with_no_taskflow.py
[2026-05-28T11:08:44.528+0000] {processor.py:914} INFO - Processing file /home/airflow/.local/lib/python3.12/site-packages/airflow/example_dags/example_dataset_alias_with_no_taskflow.py for tasks to queue
[2026-05-28T11:08:44.532+0000] {logging_mixin.py:190} INFO - [2026-05-28T11:08:44.531+0000] {dagbag.py:588} INFO - Filling up the DagBag from /home/airflow/.local/lib/python3.12/site-packages/airflow/example_dags/example_dataset_alias_with_no_taskflow.py
[2026-05-28T11:09:07.018+0000] {processor.py:925} INFO - DAG(s) 'dataset_alias_example_alias_producer_with_no_taskflow', 'dataset_s3_bucket_producer_with_no_taskflow', 'dataset_s3_bucket_consumer_with_no_taskflow', 'dataset_alias_example_alias_consumer_with_no_taskflow' retrieved from /home/airflow/.local/lib/python3.12/site-packages/airflow/example_dags/example_dataset_alias_with_no_taskflow.py
[2026-05-28T11:09:07.105+0000] {logging_mixin.py:190} INFO - [2026-05-28T11:09:07.103+0000] {dag.py:3239} INFO - Sync 4 DAGs
[2026-05-28T11:09:07.180+0000] {logging_mixin.py:190} INFO - [2026-05-28T11:09:07.179+0000] {dag.py:4180} INFO - Setting next_dagrun for dataset_alias_example_alias_consumer_with_no_taskflow to None, run_after=None
[2026-05-28T11:09:07.192+0000] {logging_mixin.py:190} INFO - [2026-05-28T11:09:07.190+0000] {dag.py:4180} INFO - Setting next_dagrun for dataset_alias_example_alias_producer_with_no_taskflow to None, run_after=None
[2026-05-28T11:09:07.198+0000] {logging_mixin.py:190} INFO - [2026-05-28T11:09:07.198+0000] {dag.py:4180} INFO - Setting next_dagrun for dataset_s3_bucket_consumer_with_no_taskflow to None, run_after=None
[2026-05-28T11:09:07.204+0000] {logging_mixin.py:190} INFO - [2026-05-28T11:09:07.203+0000] {dag.py:4180} INFO - Setting next_dagrun for dataset_s3_bucket_producer_with_no_taskflow to None, run_after=None
[2026-05-28T11:09:07.268+0000] {processor.py:208} INFO - Processing /home/airflow/.local/lib/python3.12/site-packages/airflow/example_dags/example_dataset_alias_with_no_taskflow.py took 22.759 seconds
[2026-05-28T11:09:37.939+0000] {processor.py:186} INFO - Started process (PID=2609) to work on /home/airflow/.local/lib/python3.12/site-packages/airflow/example_dags/example_dataset_alias_with_no_taskflow.py
[2026-05-28T11:09:37.942+0000] {processor.py:914} INFO - Processing file /home/airflow/.local/lib/python3.12/site-packages/airflow/example_dags/example_dataset_alias_with_no_taskflow.py for tasks to queue
[2026-05-28T11:09:37.949+0000] {logging_mixin.py:190} INFO - [2026-05-28T11:09:37.948+0000] {dagbag.py:588} INFO - Filling up the DagBag from /home/airflow/.local/lib/python3.12/site-packages/airflow/example_dags/example_dataset_alias_with_no_taskflow.py
[2026-05-28T11:10:01.990+0000] {processor.py:925} INFO - DAG(s) 'dataset_s3_bucket_producer_with_no_taskflow', 'dataset_alias_example_alias_consumer_with_no_taskflow', 'dataset_alias_example_alias_producer_with_no_taskflow', 'dataset_s3_bucket_consumer_with_no_taskflow' retrieved from /home/airflow/.local/lib/python3.12/site-packages/airflow/example_dags/example_dataset_alias_with_no_taskflow.py
[2026-05-28T11:10:02.089+0000] {logging_mixin.py:190} INFO - [2026-05-28T11:10:02.087+0000] {dag.py:3239} INFO - Sync 4 DAGs
[2026-05-28T11:10:02.154+0000] {logging_mixin.py:190} INFO - [2026-05-28T11:10:02.153+0000] {dag.py:4180} INFO - Setting next_dagrun for dataset_alias_example_alias_consumer_with_no_taskflow to None, run_after=None
[2026-05-28T11:10:02.161+0000] {logging_mixin.py:190} INFO - [2026-05-28T11:10:02.160+0000] {dag.py:4180} INFO - Setting next_dagrun for dataset_alias_example_alias_producer_with_no_taskflow to None, run_after=None
[2026-05-28T11:10:02.165+0000] {logging_mixin.py:190} INFO - [2026-05-28T11:10:02.164+0000] {dag.py:4180} INFO - Setting next_dagrun for dataset_s3_bucket_consumer_with_no_taskflow to None, run_after=None
[2026-05-28T11:10:02.169+0000] {logging_mixin.py:190} INFO - [2026-05-28T11:10:02.168+0000] {dag.py:4180} INFO - Setting next_dagrun for dataset_s3_bucket_producer_with_no_taskflow to None, run_after=None
[2026-05-28T11:10:02.237+0000] {processor.py:208} INFO - Processing /home/airflow/.local/lib/python3.12/site-packages/airflow/example_dags/example_dataset_alias_with_no_taskflow.py took 24.322 seconds
[2026-05-28T11:10:55.377+0000] {processor.py:186} INFO - Started process (PID=2696) to work on /home/airflow/.local/lib/python3.12/site-packages/airflow/example_dags/example_dataset_alias_with_no_taskflow.py
[2026-05-28T11:10:55.380+0000] {processor.py:914} INFO - Processing file /home/airflow/.local/lib/python3.12/site-packages/airflow/example_dags/example_dataset_alias_with_no_taskflow.py for tasks to queue
[2026-05-28T11:10:55.384+0000] {logging_mixin.py:190} INFO - [2026-05-28T11:10:55.383+0000] {dagbag.py:588} INFO - Filling up the DagBag from /home/airflow/.local/lib/python3.12/site-packages/airflow/example_dags/example_dataset_alias_with_no_taskflow.py
[2026-05-28T11:11:19.581+0000] {processor.py:925} INFO - DAG(s) 'dataset_s3_bucket_consumer_with_no_taskflow', 'dataset_s3_bucket_producer_with_no_taskflow', 'dataset_alias_example_alias_consumer_with_no_taskflow', 'dataset_alias_example_alias_producer_with_no_taskflow' retrieved from /home/airflow/.local/lib/python3.12/site-packages/airflow/example_dags/example_dataset_alias_with_no_taskflow.py
[2026-05-28T11:11:19.633+0000] {logging_mixin.py:190} INFO - [2026-05-28T11:11:19.632+0000] {dag.py:3239} INFO - Sync 4 DAGs
[2026-05-28T11:11:19.676+0000] {logging_mixin.py:190} INFO - [2026-05-28T11:11:19.675+0000] {dag.py:4180} INFO - Setting next_dagrun for dataset_alias_example_alias_consumer_with_no_taskflow to None, run_after=None
[2026-05-28T11:11:19.682+0000] {logging_mixin.py:190} INFO - [2026-05-28T11:11:19.682+0000] {dag.py:4180} INFO - Setting next_dagrun for dataset_alias_example_alias_producer_with_no_taskflow to None, run_after=None
[2026-05-28T11:11:19.687+0000] {logging_mixin.py:190} INFO - [2026-05-28T11:11:19.686+0000] {dag.py:4180} INFO - Setting next_dagrun for dataset_s3_bucket_consumer_with_no_taskflow to None, run_after=None
[2026-05-28T11:11:19.692+0000] {logging_mixin.py:190} INFO - [2026-05-28T11:11:19.692+0000] {dag.py:4180} INFO - Setting next_dagrun for dataset_s3_bucket_producer_with_no_taskflow to None, run_after=None
[2026-05-28T11:11:19.742+0000] {processor.py:208} INFO - Processing /home/airflow/.local/lib/python3.12/site-packages/airflow/example_dags/example_dataset_alias_with_no_taskflow.py took 24.385 seconds
[2026-05-28T11:11:57.412+0000] {processor.py:186} INFO - Started process (PID=2777) to work on /home/airflow/.local/lib/python3.12/site-packages/airflow/example_dags/example_dataset_alias_with_no_taskflow.py
[2026-05-28T11:11:57.416+0000] {processor.py:914} INFO - Processing file /home/airflow/.local/lib/python3.12/site-packages/airflow/example_dags/example_dataset_alias_with_no_taskflow.py for tasks to queue
[2026-05-28T11:11:57.421+0000] {logging_mixin.py:190} INFO - [2026-05-28T11:11:57.420+0000] {dagbag.py:588} INFO - Filling up the DagBag from /home/airflow/.local/lib/python3.12/site-packages/airflow/example_dags/example_dataset_alias_with_no_taskflow.py
[2026-05-28T11:12:17.038+0000] {processor.py:925} INFO - DAG(s) 'dataset_s3_bucket_consumer_with_no_taskflow', 'dataset_alias_example_alias_producer_with_no_taskflow', 'dataset_s3_bucket_producer_with_no_taskflow', 'dataset_alias_example_alias_consumer_with_no_taskflow' retrieved from /home/airflow/.local/lib/python3.12/site-packages/airflow/example_dags/example_dataset_alias_with_no_taskflow.py
[2026-05-28T11:12:17.113+0000] {logging_mixin.py:190} INFO - [2026-05-28T11:12:17.111+0000] {dag.py:3239} INFO - Sync 4 DAGs
[2026-05-28T11:12:17.173+0000] {logging_mixin.py:190} INFO - [2026-05-28T11:12:17.172+0000] {dag.py:4180} INFO - Setting next_dagrun for dataset_alias_example_alias_consumer_with_no_taskflow to None, run_after=None
[2026-05-28T11:12:17.191+0000] {logging_mixin.py:190} INFO - [2026-05-28T11:12:17.190+0000] {dag.py:4180} INFO - Setting next_dagrun for dataset_alias_example_alias_producer_with_no_taskflow to None, run_after=None
[2026-05-28T11:12:17.206+0000] {logging_mixin.py:190} INFO - [2026-05-28T11:12:17.205+0000] {dag.py:4180} INFO - Setting next_dagrun for dataset_s3_bucket_consumer_with_no_taskflow to None, run_after=None
[2026-05-28T11:12:17.213+0000] {logging_mixin.py:190} INFO - [2026-05-28T11:12:17.212+0000] {dag.py:4180} INFO - Setting next_dagrun for dataset_s3_bucket_producer_with_no_taskflow to None, run_after=None
[2026-05-28T11:12:17.296+0000] {processor.py:208} INFO - Processing /home/airflow/.local/lib/python3.12/site-packages/airflow/example_dags/example_dataset_alias_with_no_taskflow.py took 19.910 seconds
[2026-05-28T11:12:55.726+0000] {processor.py:186} INFO - Started process (PID=2853) to work on /home/airflow/.local/lib/python3.12/site-packages/airflow/example_dags/example_dataset_alias_with_no_taskflow.py
[2026-05-28T11:12:55.729+0000] {processor.py:914} INFO - Processing file /home/airflow/.local/lib/python3.12/site-packages/airflow/example_dags/example_dataset_alias_with_no_taskflow.py for tasks to queue
[2026-05-28T11:12:55.732+0000] {logging_mixin.py:190} INFO - [2026-05-28T11:12:55.731+0000] {dagbag.py:588} INFO - Filling up the DagBag from /home/airflow/.local/lib/python3.12/site-packages/airflow/example_dags/example_dataset_alias_with_no_taskflow.py
[2026-05-28T11:13:22.786+0000] {processor.py:925} INFO - DAG(s) 'dataset_s3_bucket_producer_with_no_taskflow', 'dataset_alias_example_alias_producer_with_no_taskflow', 'dataset_alias_example_alias_consumer_with_no_taskflow', 'dataset_s3_bucket_consumer_with_no_taskflow' retrieved from /home/airflow/.local/lib/python3.12/site-packages/airflow/example_dags/example_dataset_alias_with_no_taskflow.py
[2026-05-28T11:13:22.942+0000] {logging_mixin.py:190} INFO - [2026-05-28T11:13:22.940+0000] {dag.py:3239} INFO - Sync 4 DAGs
[2026-05-28T11:13:23.053+0000] {logging_mixin.py:190} INFO - [2026-05-28T11:13:23.051+0000] {dag.py:4180} INFO - Setting next_dagrun for dataset_alias_example_alias_consumer_with_no_taskflow to None, run_after=None
[2026-05-28T11:13:23.068+0000] {logging_mixin.py:190} INFO - [2026-05-28T11:13:23.067+0000] {dag.py:4180} INFO - Setting next_dagrun for dataset_alias_example_alias_producer_with_no_taskflow to None, run_after=None
[2026-05-28T11:13:23.073+0000] {logging_mixin.py:190} INFO - [2026-05-28T11:13:23.072+0000] {dag.py:4180} INFO - Setting next_dagrun for dataset_s3_bucket_consumer_with_no_taskflow to None, run_after=None
[2026-05-28T11:13:23.078+0000] {logging_mixin.py:190} INFO - [2026-05-28T11:13:23.077+0000] {dag.py:4180} INFO - Setting next_dagrun for dataset_s3_bucket_producer_with_no_taskflow to None, run_after=None
[2026-05-28T11:13:23.160+0000] {processor.py:208} INFO - Processing /home/airflow/.local/lib/python3.12/site-packages/airflow/example_dags/example_dataset_alias_with_no_taskflow.py took 27.452 seconds
[2026-05-28T14:16:28.565+0000] {processor.py:186} INFO - Started process (PID=2951) to work on /home/airflow/.local/lib/python3.12/site-packages/airflow/example_dags/example_dataset_alias_with_no_taskflow.py
[2026-05-28T14:16:28.571+0000] {processor.py:914} INFO - Processing file /home/airflow/.local/lib/python3.12/site-packages/airflow/example_dags/example_dataset_alias_with_no_taskflow.py for tasks to queue
[2026-05-28T14:16:28.574+0000] {logging_mixin.py:190} INFO - [2026-05-28T14:16:28.573+0000] {dagbag.py:588} INFO - Filling up the DagBag from /home/airflow/.local/lib/python3.12/site-packages/airflow/example_dags/example_dataset_alias_with_no_taskflow.py
[2026-05-28T14:16:42.231+0000] {processor.py:925} INFO - DAG(s) 'dataset_s3_bucket_producer_with_no_taskflow', 'dataset_alias_example_alias_producer_with_no_taskflow', 'dataset_s3_bucket_consumer_with_no_taskflow', 'dataset_alias_example_alias_consumer_with_no_taskflow' retrieved from /home/airflow/.local/lib/python3.12/site-packages/airflow/example_dags/example_dataset_alias_with_no_taskflow.py
[2026-05-28T14:16:42.275+0000] {logging_mixin.py:190} INFO - [2026-05-28T14:16:42.273+0000] {dag.py:3239} INFO - Sync 4 DAGs
[2026-05-28T14:16:42.318+0000] {logging_mixin.py:190} INFO - [2026-05-28T14:16:42.318+0000] {dag.py:4180} INFO - Setting next_dagrun for dataset_alias_example_alias_consumer_with_no_taskflow to None, run_after=None
[2026-05-28T14:16:42.325+0000] {logging_mixin.py:190} INFO - [2026-05-28T14:16:42.324+0000] {dag.py:4180} INFO - Setting next_dagrun for dataset_alias_example_alias_producer_with_no_taskflow to None, run_after=None
[2026-05-28T14:16:42.328+0000] {logging_mixin.py:190} INFO - [2026-05-28T14:16:42.328+0000] {dag.py:4180} INFO - Setting next_dagrun for dataset_s3_bucket_consumer_with_no_taskflow to None, run_after=None
[2026-05-28T14:16:42.331+0000] {logging_mixin.py:190} INFO - [2026-05-28T14:16:42.331+0000] {dag.py:4180} INFO - Setting next_dagrun for dataset_s3_bucket_producer_with_no_taskflow to None, run_after=None
[2026-05-28T14:16:42.447+0000] {processor.py:208} INFO - Processing /home/airflow/.local/lib/python3.12/site-packages/airflow/example_dags/example_dataset_alias_with_no_taskflow.py took 13.893 seconds
[2026-05-28T14:17:12.693+0000] {processor.py:186} INFO - Started process (PID=3026) to work on /home/airflow/.local/lib/python3.12/site-packages/airflow/example_dags/example_dataset_alias_with_no_taskflow.py
[2026-05-28T14:17:12.696+0000] {processor.py:914} INFO - Processing file /home/airflow/.local/lib/python3.12/site-packages/airflow/example_dags/example_dataset_alias_with_no_taskflow.py for tasks to queue
[2026-05-28T14:17:12.698+0000] {logging_mixin.py:190} INFO - [2026-05-28T14:17:12.697+0000] {dagbag.py:588} INFO - Filling up the DagBag from /home/airflow/.local/lib/python3.12/site-packages/airflow/example_dags/example_dataset_alias_with_no_taskflow.py
[2026-05-28T14:17:22.763+0000] {processor.py:925} INFO - DAG(s) 'dataset_alias_example_alias_producer_with_no_taskflow', 'dataset_s3_bucket_producer_with_no_taskflow', 'dataset_alias_example_alias_consumer_with_no_taskflow', 'dataset_s3_bucket_consumer_with_no_taskflow' retrieved from /home/airflow/.local/lib/python3.12/site-packages/airflow/example_dags/example_dataset_alias_with_no_taskflow.py
[2026-05-28T14:17:22.811+0000] {logging_mixin.py:190} INFO - [2026-05-28T14:17:22.810+0000] {dag.py:3239} INFO - Sync 4 DAGs
[2026-05-28T14:17:22.858+0000] {logging_mixin.py:190} INFO - [2026-05-28T14:17:22.858+0000] {dag.py:4180} INFO - Setting next_dagrun for dataset_alias_example_alias_consumer_with_no_taskflow to None, run_after=None
[2026-05-28T14:17:22.865+0000] {logging_mixin.py:190} INFO - [2026-05-28T14:17:22.865+0000] {dag.py:4180} INFO - Setting next_dagrun for dataset_alias_example_alias_producer_with_no_taskflow to None, run_after=None
[2026-05-28T14:17:22.869+0000] {logging_mixin.py:190} INFO - [2026-05-28T14:17:22.869+0000] {dag.py:4180} INFO - Setting next_dagrun for dataset_s3_bucket_consumer_with_no_taskflow to None, run_after=None
[2026-05-28T14:17:22.874+0000] {logging_mixin.py:190} INFO - [2026-05-28T14:17:22.873+0000] {dag.py:4180} INFO - Setting next_dagrun for dataset_s3_bucket_producer_with_no_taskflow to None, run_after=None
[2026-05-28T14:17:22.920+0000] {processor.py:208} INFO - Processing /home/airflow/.local/lib/python3.12/site-packages/airflow/example_dags/example_dataset_alias_with_no_taskflow.py took 10.238 seconds
[2026-05-28T14:17:53.182+0000] {processor.py:186} INFO - Started process (PID=3098) to work on /home/airflow/.local/lib/python3.12/site-packages/airflow/example_dags/example_dataset_alias_with_no_taskflow.py
[2026-05-28T14:17:53.184+0000] {processor.py:914} INFO - Processing file /home/airflow/.local/lib/python3.12/site-packages/airflow/example_dags/example_dataset_alias_with_no_taskflow.py for tasks to queue
[2026-05-28T14:17:53.188+0000] {logging_mixin.py:190} INFO - [2026-05-28T14:17:53.187+0000] {dagbag.py:588} INFO - Filling up the DagBag from /home/airflow/.local/lib/python3.12/site-packages/airflow/example_dags/example_dataset_alias_with_no_taskflow.py
[2026-05-28T14:18:04.192+0000] {processor.py:925} INFO - DAG(s) 'dataset_s3_bucket_producer_with_no_taskflow', 'dataset_alias_example_alias_consumer_with_no_taskflow', 'dataset_alias_example_alias_producer_with_no_taskflow', 'dataset_s3_bucket_consumer_with_no_taskflow' retrieved from /home/airflow/.local/lib/python3.12/site-packages/airflow/example_dags/example_dataset_alias_with_no_taskflow.py
[2026-05-28T14:18:04.235+0000] {logging_mixin.py:190} INFO - [2026-05-28T14:18:04.234+0000] {dag.py:3239} INFO - Sync 4 DAGs
[2026-05-28T14:18:04.275+0000] {logging_mixin.py:190} INFO - [2026-05-28T14:18:04.275+0000] {dag.py:4180} INFO - Setting next_dagrun for dataset_alias_example_alias_consumer_with_no_taskflow to None, run_after=None
[2026-05-28T14:18:04.281+0000] {logging_mixin.py:190} INFO - [2026-05-28T14:18:04.281+0000] {dag.py:4180} INFO - Setting next_dagrun for dataset_alias_example_alias_producer_with_no_taskflow to None, run_after=None
[2026-05-28T14:18:04.284+0000] {logging_mixin.py:190} INFO - [2026-05-28T14:18:04.284+0000] {dag.py:4180} INFO - Setting next_dagrun for dataset_s3_bucket_consumer_with_no_taskflow to None, run_after=None
[2026-05-28T14:18:04.287+0000] {logging_mixin.py:190} INFO - [2026-05-28T14:18:04.286+0000] {dag.py:4180} INFO - Setting next_dagrun for dataset_s3_bucket_producer_with_no_taskflow to None, run_after=None
[2026-05-28T14:18:04.334+0000] {processor.py:208} INFO - Processing /home/airflow/.local/lib/python3.12/site-packages/airflow/example_dags/example_dataset_alias_with_no_taskflow.py took 11.163 seconds
[2026-05-28T14:18:34.945+0000] {processor.py:186} INFO - Started process (PID=3178) to work on /home/airflow/.local/lib/python3.12/site-packages/airflow/example_dags/example_dataset_alias_with_no_taskflow.py
[2026-05-28T14:18:34.947+0000] {processor.py:914} INFO - Processing file /home/airflow/.local/lib/python3.12/site-packages/airflow/example_dags/example_dataset_alias_with_no_taskflow.py for tasks to queue
[2026-05-28T14:18:34.950+0000] {logging_mixin.py:190} INFO - [2026-05-28T14:18:34.949+0000] {dagbag.py:588} INFO - Filling up the DagBag from /home/airflow/.local/lib/python3.12/site-packages/airflow/example_dags/example_dataset_alias_with_no_taskflow.py
[2026-05-28T14:18:45.546+0000] {processor.py:925} INFO - DAG(s) 'dataset_s3_bucket_producer_with_no_taskflow', 'dataset_alias_example_alias_consumer_with_no_taskflow', 'dataset_alias_example_alias_producer_with_no_taskflow', 'dataset_s3_bucket_consumer_with_no_taskflow' retrieved from /home/airflow/.local/lib/python3.12/site-packages/airflow/example_dags/example_dataset_alias_with_no_taskflow.py
[2026-05-28T14:18:45.583+0000] {logging_mixin.py:190} INFO - [2026-05-28T14:18:45.582+0000] {dag.py:3239} INFO - Sync 4 DAGs
[2026-05-28T14:18:45.621+0000] {logging_mixin.py:190} INFO - [2026-05-28T14:18:45.621+0000] {dag.py:4180} INFO - Setting next_dagrun for dataset_alias_example_alias_consumer_with_no_taskflow to None, run_after=None
[2026-05-28T14:18:45.631+0000] {logging_mixin.py:190} INFO - [2026-05-28T14:18:45.631+0000] {dag.py:4180} INFO - Setting next_dagrun for dataset_alias_example_alias_producer_with_no_taskflow to None, run_after=None
[2026-05-28T14:18:45.635+0000] {logging_mixin.py:190} INFO - [2026-05-28T14:18:45.634+0000] {dag.py:4180} INFO - Setting next_dagrun for dataset_s3_bucket_consumer_with_no_taskflow to None, run_after=None
[2026-05-28T14:18:45.639+0000] {logging_mixin.py:190} INFO - [2026-05-28T14:18:45.638+0000] {dag.py:4180} INFO - Setting next_dagrun for dataset_s3_bucket_producer_with_no_taskflow to None, run_after=None
[2026-05-28T14:18:45.682+0000] {processor.py:208} INFO - Processing /home/airflow/.local/lib/python3.12/site-packages/airflow/example_dags/example_dataset_alias_with_no_taskflow.py took 10.749 seconds
[2026-05-28T14:19:16.479+0000] {processor.py:186} INFO - Started process (PID=3271) to work on /home/airflow/.local/lib/python3.12/site-packages/airflow/example_dags/example_dataset_alias_with_no_taskflow.py
[2026-05-28T14:19:16.481+0000] {processor.py:914} INFO - Processing file /home/airflow/.local/lib/python3.12/site-packages/airflow/example_dags/example_dataset_alias_with_no_taskflow.py for tasks to queue
[2026-05-28T14:19:16.484+0000] {logging_mixin.py:190} INFO - [2026-05-28T14:19:16.484+0000] {dagbag.py:588} INFO - Filling up the DagBag from /home/airflow/.local/lib/python3.12/site-packages/airflow/example_dags/example_dataset_alias_with_no_taskflow.py
[2026-05-28T14:19:26.480+0000] {processor.py:925} INFO - DAG(s) 'dataset_s3_bucket_consumer_with_no_taskflow', 'dataset_alias_example_alias_producer_with_no_taskflow', 'dataset_s3_bucket_producer_with_no_taskflow', 'dataset_alias_example_alias_consumer_with_no_taskflow' retrieved from /home/airflow/.local/lib/python3.12/site-packages/airflow/example_dags/example_dataset_alias_with_no_taskflow.py
[2026-05-28T14:19:26.548+0000] {logging_mixin.py:190} INFO - [2026-05-28T14:19:26.545+0000] {dag.py:3239} INFO - Sync 4 DAGs
[2026-05-28T14:19:26.626+0000] {logging_mixin.py:190} INFO - [2026-05-28T14:19:26.626+0000] {dag.py:4180} INFO - Setting next_dagrun for dataset_alias_example_alias_consumer_with_no_taskflow to None, run_after=None
[2026-05-28T14:19:26.637+0000] {logging_mixin.py:190} INFO - [2026-05-28T14:19:26.636+0000] {dag.py:4180} INFO - Setting next_dagrun for dataset_alias_example_alias_producer_with_no_taskflow to None, run_after=None
[2026-05-28T14:19:26.649+0000] {logging_mixin.py:190} INFO - [2026-05-28T14:19:26.648+0000] {dag.py:4180} INFO - Setting next_dagrun for dataset_s3_bucket_consumer_with_no_taskflow to None, run_after=None
[2026-05-28T14:19:26.655+0000] {logging_mixin.py:190} INFO - [2026-05-28T14:19:26.654+0000] {dag.py:4180} INFO - Setting next_dagrun for dataset_s3_bucket_producer_with_no_taskflow to None, run_after=None
[2026-05-28T14:19:26.743+0000] {processor.py:208} INFO - Processing /home/airflow/.local/lib/python3.12/site-packages/airflow/example_dags/example_dataset_alias_with_no_taskflow.py took 10.281 seconds
[2026-05-28T14:19:57.018+0000] {processor.py:186} INFO - Started process (PID=3336) to work on /home/airflow/.local/lib/python3.12/site-packages/airflow/example_dags/example_dataset_alias_with_no_taskflow.py
[2026-05-28T14:19:57.025+0000] {processor.py:914} INFO - Processing file /home/airflow/.local/lib/python3.12/site-packages/airflow/example_dags/example_dataset_alias_with_no_taskflow.py for tasks to queue
[2026-05-28T14:19:57.030+0000] {logging_mixin.py:190} INFO - [2026-05-28T14:19:57.029+0000] {dagbag.py:588} INFO - Filling up the DagBag from /home/airflow/.local/lib/python3.12/site-packages/airflow/example_dags/example_dataset_alias_with_no_taskflow.py
[2026-05-28T14:20:07.555+0000] {processor.py:925} INFO - DAG(s) 'dataset_s3_bucket_producer_with_no_taskflow', 'dataset_s3_bucket_consumer_with_no_taskflow', 'dataset_alias_example_alias_producer_with_no_taskflow', 'dataset_alias_example_alias_consumer_with_no_taskflow' retrieved from /home/airflow/.local/lib/python3.12/site-packages/airflow/example_dags/example_dataset_alias_with_no_taskflow.py
[2026-05-28T14:20:07.594+0000] {logging_mixin.py:190} INFO - [2026-05-28T14:20:07.593+0000] {dag.py:3239} INFO - Sync 4 DAGs
[2026-05-28T14:20:07.627+0000] {logging_mixin.py:190} INFO - [2026-05-28T14:20:07.627+0000] {dag.py:4180} INFO - Setting next_dagrun for dataset_alias_example_alias_consumer_with_no_taskflow to None, run_after=None
[2026-05-28T14:20:07.632+0000] {logging_mixin.py:190} INFO - [2026-05-28T14:20:07.631+0000] {dag.py:4180} INFO - Setting next_dagrun for dataset_alias_example_alias_producer_with_no_taskflow to None, run_after=None
[2026-05-28T14:20:07.639+0000] {logging_mixin.py:190} INFO - [2026-05-28T14:20:07.639+0000] {dag.py:4180} INFO - Setting next_dagrun for dataset_s3_bucket_consumer_with_no_taskflow to None, run_after=None
[2026-05-28T14:20:07.642+0000] {logging_mixin.py:190} INFO - [2026-05-28T14:20:07.642+0000] {dag.py:4180} INFO - Setting next_dagrun for dataset_s3_bucket_producer_with_no_taskflow to None, run_after=None
[2026-05-28T14:20:07.690+0000] {processor.py:208} INFO - Processing /home/airflow/.local/lib/python3.12/site-packages/airflow/example_dags/example_dataset_alias_with_no_taskflow.py took 10.692 seconds
[2026-05-28T14:20:38.033+0000] {processor.py:186} INFO - Started process (PID=3413) to work on /home/airflow/.local/lib/python3.12/site-packages/airflow/example_dags/example_dataset_alias_with_no_taskflow.py
[2026-05-28T14:20:38.035+0000] {processor.py:914} INFO - Processing file /home/airflow/.local/lib/python3.12/site-packages/airflow/example_dags/example_dataset_alias_with_no_taskflow.py for tasks to queue
[2026-05-28T14:20:38.037+0000] {logging_mixin.py:190} INFO - [2026-05-28T14:20:38.037+0000] {dagbag.py:588} INFO - Filling up the DagBag from /home/airflow/.local/lib/python3.12/site-packages/airflow/example_dags/example_dataset_alias_with_no_taskflow.py
[2026-05-28T14:20:48.890+0000] {processor.py:925} INFO - DAG(s) 'dataset_s3_bucket_producer_with_no_taskflow', 'dataset_alias_example_alias_producer_with_no_taskflow', 'dataset_alias_example_alias_consumer_with_no_taskflow', 'dataset_s3_bucket_consumer_with_no_taskflow' retrieved from /home/airflow/.local/lib/python3.12/site-packages/airflow/example_dags/example_dataset_alias_with_no_taskflow.py
[2026-05-28T14:20:48.954+0000] {logging_mixin.py:190} INFO - [2026-05-28T14:20:48.953+0000] {dag.py:3239} INFO - Sync 4 DAGs
[2026-05-28T14:20:49.004+0000] {logging_mixin.py:190} INFO - [2026-05-28T14:20:49.004+0000] {dag.py:4180} INFO - Setting next_dagrun for dataset_alias_example_alias_consumer_with_no_taskflow to None, run_after=None
[2026-05-28T14:20:49.012+0000] {logging_mixin.py:190} INFO - [2026-05-28T14:20:49.012+0000] {dag.py:4180} INFO - Setting next_dagrun for dataset_alias_example_alias_producer_with_no_taskflow to None, run_after=None
[2026-05-28T14:20:49.017+0000] {logging_mixin.py:190} INFO - [2026-05-28T14:20:49.016+0000] {dag.py:4180} INFO - Setting next_dagrun for dataset_s3_bucket_consumer_with_no_taskflow to None, run_after=None
[2026-05-28T14:20:49.021+0000] {logging_mixin.py:190} INFO - [2026-05-28T14:20:49.020+0000] {dag.py:4180} INFO - Setting next_dagrun for dataset_s3_bucket_producer_with_no_taskflow to None, run_after=None
[2026-05-28T14:20:49.075+0000] {processor.py:208} INFO - Processing /home/airflow/.local/lib/python3.12/site-packages/airflow/example_dags/example_dataset_alias_with_no_taskflow.py took 11.052 seconds
[2026-05-28T14:21:19.712+0000] {processor.py:186} INFO - Started process (PID=3496) to work on /home/airflow/.local/lib/python3.12/site-packages/airflow/example_dags/example_dataset_alias_with_no_taskflow.py
[2026-05-28T14:21:19.715+0000] {processor.py:914} INFO - Processing file /home/airflow/.local/lib/python3.12/site-packages/airflow/example_dags/example_dataset_alias_with_no_taskflow.py for tasks to queue
[2026-05-28T14:21:19.717+0000] {logging_mixin.py:190} INFO - [2026-05-28T14:21:19.716+0000] {dagbag.py:588} INFO - Filling up the DagBag from /home/airflow/.local/lib/python3.12/site-packages/airflow/example_dags/example_dataset_alias_with_no_taskflow.py
[2026-05-28T14:21:29.866+0000] {processor.py:925} INFO - DAG(s) 'dataset_s3_bucket_consumer_with_no_taskflow', 'dataset_alias_example_alias_consumer_with_no_taskflow', 'dataset_s3_bucket_producer_with_no_taskflow', 'dataset_alias_example_alias_producer_with_no_taskflow' retrieved from /home/airflow/.local/lib/python3.12/site-packages/airflow/example_dags/example_dataset_alias_with_no_taskflow.py
[2026-05-28T14:21:29.897+0000] {logging_mixin.py:190} INFO - [2026-05-28T14:21:29.896+0000] {dag.py:3239} INFO - Sync 4 DAGs
[2026-05-28T14:21:29.922+0000] {logging_mixin.py:190} INFO - [2026-05-28T14:21:29.922+0000] {dag.py:4180} INFO - Setting next_dagrun for dataset_alias_example_alias_consumer_with_no_taskflow to None, run_after=None
[2026-05-28T14:21:29.926+0000] {logging_mixin.py:190} INFO - [2026-05-28T14:21:29.926+0000] {dag.py:4180} INFO - Setting next_dagrun for dataset_alias_example_alias_producer_with_no_taskflow to None, run_after=None
[2026-05-28T14:21:29.929+0000] {logging_mixin.py:190} INFO - [2026-05-28T14:21:29.929+0000] {dag.py:4180} INFO - Setting next_dagrun for dataset_s3_bucket_consumer_with_no_taskflow to None, run_after=None
[2026-05-28T14:21:29.931+0000] {logging_mixin.py:190} INFO - [2026-05-28T14:21:29.931+0000] {dag.py:4180} INFO - Setting next_dagrun for dataset_s3_bucket_producer_with_no_taskflow to None, run_after=None
[2026-05-28T14:21:29.971+0000] {processor.py:208} INFO - Processing /home/airflow/.local/lib/python3.12/site-packages/airflow/example_dags/example_dataset_alias_with_no_taskflow.py took 10.271 seconds
[2026-05-28T14:22:00.610+0000] {processor.py:186} INFO - Started process (PID=3577) to work on /home/airflow/.local/lib/python3.12/site-packages/airflow/example_dags/example_dataset_alias_with_no_taskflow.py
[2026-05-28T14:22:00.612+0000] {processor.py:914} INFO - Processing file /home/airflow/.local/lib/python3.12/site-packages/airflow/example_dags/example_dataset_alias_with_no_taskflow.py for tasks to queue
[2026-05-28T14:22:00.615+0000] {logging_mixin.py:190} INFO - [2026-05-28T14:22:00.614+0000] {dagbag.py:588} INFO - Filling up the DagBag from /home/airflow/.local/lib/python3.12/site-packages/airflow/example_dags/example_dataset_alias_with_no_taskflow.py
[2026-05-28T14:22:10.956+0000] {processor.py:925} INFO - DAG(s) 'dataset_s3_bucket_producer_with_no_taskflow', 'dataset_alias_example_alias_producer_with_no_taskflow', 'dataset_alias_example_alias_consumer_with_no_taskflow', 'dataset_s3_bucket_consumer_with_no_taskflow' retrieved from /home/airflow/.local/lib/python3.12/site-packages/airflow/example_dags/example_dataset_alias_with_no_taskflow.py
[2026-05-28T14:22:10.988+0000] {logging_mixin.py:190} INFO - [2026-05-28T14:22:10.987+0000] {dag.py:3239} INFO - Sync 4 DAGs
[2026-05-28T14:22:11.020+0000] {logging_mixin.py:190} INFO - [2026-05-28T14:22:11.019+0000] {dag.py:4180} INFO - Setting next_dagrun for dataset_alias_example_alias_consumer_with_no_taskflow to None, run_after=None
[2026-05-28T14:22:11.024+0000] {logging_mixin.py:190} INFO - [2026-05-28T14:22:11.024+0000] {dag.py:4180} INFO - Setting next_dagrun for dataset_alias_example_alias_producer_with_no_taskflow to None, run_after=None
[2026-05-28T14:22:11.027+0000] {logging_mixin.py:190} INFO - [2026-05-28T14:22:11.027+0000] {dag.py:4180} INFO - Setting next_dagrun for dataset_s3_bucket_consumer_with_no_taskflow to None, run_after=None
[2026-05-28T14:22:11.030+0000] {logging_mixin.py:190} INFO - [2026-05-28T14:22:11.030+0000] {dag.py:4180} INFO - Setting next_dagrun for dataset_s3_bucket_producer_with_no_taskflow to None, run_after=None
[2026-05-28T14:22:11.066+0000] {processor.py:208} INFO - Processing /home/airflow/.local/lib/python3.12/site-packages/airflow/example_dags/example_dataset_alias_with_no_taskflow.py took 10.464 seconds
[2026-05-28T14:22:41.342+0000] {processor.py:186} INFO - Started process (PID=3655) to work on /home/airflow/.local/lib/python3.12/site-packages/airflow/example_dags/example_dataset_alias_with_no_taskflow.py
[2026-05-28T14:22:41.344+0000] {processor.py:914} INFO - Processing file /home/airflow/.local/lib/python3.12/site-packages/airflow/example_dags/example_dataset_alias_with_no_taskflow.py for tasks to queue
[2026-05-28T14:22:41.346+0000] {logging_mixin.py:190} INFO - [2026-05-28T14:22:41.345+0000] {dagbag.py:588} INFO - Filling up the DagBag from /home/airflow/.local/lib/python3.12/site-packages/airflow/example_dags/example_dataset_alias_with_no_taskflow.py
[2026-05-28T14:22:51.147+0000] {processor.py:925} INFO - DAG(s) 'dataset_s3_bucket_consumer_with_no_taskflow', 'dataset_s3_bucket_producer_with_no_taskflow', 'dataset_alias_example_alias_producer_with_no_taskflow', 'dataset_alias_example_alias_consumer_with_no_taskflow' retrieved from /home/airflow/.local/lib/python3.12/site-packages/airflow/example_dags/example_dataset_alias_with_no_taskflow.py
[2026-05-28T14:22:51.209+0000] {logging_mixin.py:190} INFO - [2026-05-28T14:22:51.207+0000] {dag.py:3239} INFO - Sync 4 DAGs
[2026-05-28T14:22:51.258+0000] {logging_mixin.py:190} INFO - [2026-05-28T14:22:51.257+0000] {dag.py:4180} INFO - Setting next_dagrun for dataset_alias_example_alias_consumer_with_no_taskflow to None, run_after=None
[2026-05-28T14:22:51.265+0000] {logging_mixin.py:190} INFO - [2026-05-28T14:22:51.265+0000] {dag.py:4180} INFO - Setting next_dagrun for dataset_alias_example_alias_producer_with_no_taskflow to None, run_after=None
[2026-05-28T14:22:51.271+0000] {logging_mixin.py:190} INFO - [2026-05-28T14:22:51.270+0000] {dag.py:4180} INFO - Setting next_dagrun for dataset_s3_bucket_consumer_with_no_taskflow to None, run_after=None
[2026-05-28T14:22:51.275+0000] {logging_mixin.py:190} INFO - [2026-05-28T14:22:51.275+0000] {dag.py:4180} INFO - Setting next_dagrun for dataset_s3_bucket_producer_with_no_taskflow to None, run_after=None
[2026-05-28T14:22:51.335+0000] {processor.py:208} INFO - Processing /home/airflow/.local/lib/python3.12/site-packages/airflow/example_dags/example_dataset_alias_with_no_taskflow.py took 10.005 seconds
[2026-05-28T14:23:21.531+0000] {processor.py:186} INFO - Started process (PID=3738) to work on /home/airflow/.local/lib/python3.12/site-packages/airflow/example_dags/example_dataset_alias_with_no_taskflow.py
[2026-05-28T14:23:21.532+0000] {processor.py:914} INFO - Processing file /home/airflow/.local/lib/python3.12/site-packages/airflow/example_dags/example_dataset_alias_with_no_taskflow.py for tasks to queue
[2026-05-28T14:23:21.535+0000] {logging_mixin.py:190} INFO - [2026-05-28T14:23:21.534+0000] {dagbag.py:588} INFO - Filling up the DagBag from /home/airflow/.local/lib/python3.12/site-packages/airflow/example_dags/example_dataset_alias_with_no_taskflow.py
[2026-05-28T14:23:32.044+0000] {processor.py:925} INFO - DAG(s) 'dataset_alias_example_alias_producer_with_no_taskflow', 'dataset_alias_example_alias_consumer_with_no_taskflow', 'dataset_s3_bucket_consumer_with_no_taskflow', 'dataset_s3_bucket_producer_with_no_taskflow' retrieved from /home/airflow/.local/lib/python3.12/site-packages/airflow/example_dags/example_dataset_alias_with_no_taskflow.py
[2026-05-28T14:23:32.086+0000] {logging_mixin.py:190} INFO - [2026-05-28T14:23:32.085+0000] {dag.py:3239} INFO - Sync 4 DAGs
[2026-05-28T14:23:32.128+0000] {logging_mixin.py:190} INFO - [2026-05-28T14:23:32.127+0000] {dag.py:4180} INFO - Setting next_dagrun for dataset_alias_example_alias_consumer_with_no_taskflow to None, run_after=None
[2026-05-28T14:23:32.133+0000] {logging_mixin.py:190} INFO - [2026-05-28T14:23:32.133+0000] {dag.py:4180} INFO - Setting next_dagrun for dataset_alias_example_alias_producer_with_no_taskflow to None, run_after=None
[2026-05-28T14:23:32.140+0000] {logging_mixin.py:190} INFO - [2026-05-28T14:23:32.139+0000] {dag.py:4180} INFO - Setting next_dagrun for dataset_s3_bucket_consumer_with_no_taskflow to None, run_after=None
[2026-05-28T14:23:32.143+0000] {logging_mixin.py:190} INFO - [2026-05-28T14:23:32.143+0000] {dag.py:4180} INFO - Setting next_dagrun for dataset_s3_bucket_producer_with_no_taskflow to None, run_after=None
[2026-05-28T14:23:32.194+0000] {processor.py:208} INFO - Processing /home/airflow/.local/lib/python3.12/site-packages/airflow/example_dags/example_dataset_alias_with_no_taskflow.py took 10.672 seconds
[2026-05-28T14:24:02.285+0000] {processor.py:186} INFO - Started process (PID=3813) to work on /home/airflow/.local/lib/python3.12/site-packages/airflow/example_dags/example_dataset_alias_with_no_taskflow.py
[2026-05-28T14:24:02.287+0000] {processor.py:914} INFO - Processing file /home/airflow/.local/lib/python3.12/site-packages/airflow/example_dags/example_dataset_alias_with_no_taskflow.py for tasks to queue
[2026-05-28T14:24:02.289+0000] {logging_mixin.py:190} INFO - [2026-05-28T14:24:02.289+0000] {dagbag.py:588} INFO - Filling up the DagBag from /home/airflow/.local/lib/python3.12/site-packages/airflow/example_dags/example_dataset_alias_with_no_taskflow.py
[2026-05-28T14:24:12.781+0000] {processor.py:925} INFO - DAG(s) 'dataset_alias_example_alias_producer_with_no_taskflow', 'dataset_s3_bucket_consumer_with_no_taskflow', 'dataset_alias_example_alias_consumer_with_no_taskflow', 'dataset_s3_bucket_producer_with_no_taskflow' retrieved from /home/airflow/.local/lib/python3.12/site-packages/airflow/example_dags/example_dataset_alias_with_no_taskflow.py
[2026-05-28T14:24:12.817+0000] {logging_mixin.py:190} INFO - [2026-05-28T14:24:12.816+0000] {dag.py:3239} INFO - Sync 4 DAGs
[2026-05-28T14:24:12.850+0000] {logging_mixin.py:190} INFO - [2026-05-28T14:24:12.849+0000] {dag.py:4180} INFO - Setting next_dagrun for dataset_alias_example_alias_consumer_with_no_taskflow to None, run_after=None
[2026-05-28T14:24:12.856+0000] {logging_mixin.py:190} INFO - [2026-05-28T14:24:12.856+0000] {dag.py:4180} INFO - Setting next_dagrun for dataset_alias_example_alias_producer_with_no_taskflow to None, run_after=None
[2026-05-28T14:24:12.859+0000] {logging_mixin.py:190} INFO - [2026-05-28T14:24:12.859+0000] {dag.py:4180} INFO - Setting next_dagrun for dataset_s3_bucket_consumer_with_no_taskflow to None, run_after=None
[2026-05-28T14:24:12.862+0000] {logging_mixin.py:190} INFO - [2026-05-28T14:24:12.862+0000] {dag.py:4180} INFO - Setting next_dagrun for dataset_s3_bucket_producer_with_no_taskflow to None, run_after=None
[2026-05-28T14:24:12.897+0000] {processor.py:208} INFO - Processing /home/airflow/.local/lib/python3.12/site-packages/airflow/example_dags/example_dataset_alias_with_no_taskflow.py took 10.620 seconds
[2026-05-28T14:24:43.466+0000] {processor.py:186} INFO - Started process (PID=3894) to work on /home/airflow/.local/lib/python3.12/site-packages/airflow/example_dags/example_dataset_alias_with_no_taskflow.py
[2026-05-28T14:24:43.468+0000] {processor.py:914} INFO - Processing file /home/airflow/.local/lib/python3.12/site-packages/airflow/example_dags/example_dataset_alias_with_no_taskflow.py for tasks to queue
[2026-05-28T14:24:43.471+0000] {logging_mixin.py:190} INFO - [2026-05-28T14:24:43.470+0000] {dagbag.py:588} INFO - Filling up the DagBag from /home/airflow/.local/lib/python3.12/site-packages/airflow/example_dags/example_dataset_alias_with_no_taskflow.py
[2026-05-28T14:24:53.912+0000] {processor.py:925} INFO - DAG(s) 'dataset_s3_bucket_consumer_with_no_taskflow', 'dataset_alias_example_alias_consumer_with_no_taskflow', 'dataset_s3_bucket_producer_with_no_taskflow', 'dataset_alias_example_alias_producer_with_no_taskflow' retrieved from /home/airflow/.local/lib/python3.12/site-packages/airflow/example_dags/example_dataset_alias_with_no_taskflow.py
[2026-05-28T14:24:53.951+0000] {logging_mixin.py:190} INFO - [2026-05-28T14:24:53.950+0000] {dag.py:3239} INFO - Sync 4 DAGs
[2026-05-28T14:24:53.987+0000] {logging_mixin.py:190} INFO - [2026-05-28T14:24:53.986+0000] {dag.py:4180} INFO - Setting next_dagrun for dataset_alias_example_alias_consumer_with_no_taskflow to None, run_after=None
[2026-05-28T14:24:53.992+0000] {logging_mixin.py:190} INFO - [2026-05-28T14:24:53.992+0000] {dag.py:4180} INFO - Setting next_dagrun for dataset_alias_example_alias_producer_with_no_taskflow to None, run_after=None
[2026-05-28T14:24:53.996+0000] {logging_mixin.py:190} INFO - [2026-05-28T14:24:53.996+0000] {dag.py:4180} INFO - Setting next_dagrun for dataset_s3_bucket_consumer_with_no_taskflow to None, run_after=None
[2026-05-28T14:24:54.000+0000] {logging_mixin.py:190} INFO - [2026-05-28T14:24:53.999+0000] {dag.py:4180} INFO - Setting next_dagrun for dataset_s3_bucket_producer_with_no_taskflow to None, run_after=None
[2026-05-28T14:24:54.047+0000] {processor.py:208} INFO - Processing /home/airflow/.local/lib/python3.12/site-packages/airflow/example_dags/example_dataset_alias_with_no_taskflow.py took 10.595 seconds
[2026-05-28T14:25:24.708+0000] {processor.py:186} INFO - Started process (PID=3964) to work on /home/airflow/.local/lib/python3.12/site-packages/airflow/example_dags/example_dataset_alias_with_no_taskflow.py
[2026-05-28T14:25:24.710+0000] {processor.py:914} INFO - Processing file /home/airflow/.local/lib/python3.12/site-packages/airflow/example_dags/example_dataset_alias_with_no_taskflow.py for tasks to queue
[2026-05-28T14:25:24.713+0000] {logging_mixin.py:190} INFO - [2026-05-28T14:25:24.712+0000] {dagbag.py:588} INFO - Filling up the DagBag from /home/airflow/.local/lib/python3.12/site-packages/airflow/example_dags/example_dataset_alias_with_no_taskflow.py
[2026-05-28T14:25:34.601+0000] {processor.py:925} INFO - DAG(s) 'dataset_alias_example_alias_producer_with_no_taskflow', 'dataset_s3_bucket_producer_with_no_taskflow', 'dataset_alias_example_alias_consumer_with_no_taskflow', 'dataset_s3_bucket_consumer_with_no_taskflow' retrieved from /home/airflow/.local/lib/python3.12/site-packages/airflow/example_dags/example_dataset_alias_with_no_taskflow.py
[2026-05-28T14:25:34.636+0000] {logging_mixin.py:190} INFO - [2026-05-28T14:25:34.635+0000] {dag.py:3239} INFO - Sync 4 DAGs
[2026-05-28T14:25:34.664+0000] {logging_mixin.py:190} INFO - [2026-05-28T14:25:34.663+0000] {dag.py:4180} INFO - Setting next_dagrun for dataset_alias_example_alias_consumer_with_no_taskflow to None, run_after=None
[2026-05-28T14:25:34.668+0000] {logging_mixin.py:190} INFO - [2026-05-28T14:25:34.668+0000] {dag.py:4180} INFO - Setting next_dagrun for dataset_alias_example_alias_producer_with_no_taskflow to None, run_after=None
[2026-05-28T14:25:34.671+0000] {logging_mixin.py:190} INFO - [2026-05-28T14:25:34.670+0000] {dag.py:4180} INFO - Setting next_dagrun for dataset_s3_bucket_consumer_with_no_taskflow to None, run_after=None
[2026-05-28T14:25:34.673+0000] {logging_mixin.py:190} INFO - [2026-05-28T14:25:34.673+0000] {dag.py:4180} INFO - Setting next_dagrun for dataset_s3_bucket_producer_with_no_taskflow to None, run_after=None
[2026-05-28T14:25:34.708+0000] {processor.py:208} INFO - Processing /home/airflow/.local/lib/python3.12/site-packages/airflow/example_dags/example_dataset_alias_with_no_taskflow.py took 10.008 seconds
[2026-05-28T14:26:05.431+0000] {processor.py:186} INFO - Started process (PID=4039) to work on /home/airflow/.local/lib/python3.12/site-packages/airflow/example_dags/example_dataset_alias_with_no_taskflow.py
[2026-05-28T14:26:05.433+0000] {processor.py:914} INFO - Processing file /home/airflow/.local/lib/python3.12/site-packages/airflow/example_dags/example_dataset_alias_with_no_taskflow.py for tasks to queue
[2026-05-28T14:26:05.436+0000] {logging_mixin.py:190} INFO - [2026-05-28T14:26:05.435+0000] {dagbag.py:588} INFO - Filling up the DagBag from /home/airflow/.local/lib/python3.12/site-packages/airflow/example_dags/example_dataset_alias_with_no_taskflow.py
[2026-05-28T14:26:15.930+0000] {processor.py:925} INFO - DAG(s) 'dataset_alias_example_alias_producer_with_no_taskflow', 'dataset_s3_bucket_consumer_with_no_taskflow', 'dataset_s3_bucket_producer_with_no_taskflow', 'dataset_alias_example_alias_consumer_with_no_taskflow' retrieved from /home/airflow/.local/lib/python3.12/site-packages/airflow/example_dags/example_dataset_alias_with_no_taskflow.py
[2026-05-28T14:26:15.974+0000] {logging_mixin.py:190} INFO - [2026-05-28T14:26:15.973+0000] {dag.py:3239} INFO - Sync 4 DAGs
[2026-05-28T14:26:16.007+0000] {logging_mixin.py:190} INFO - [2026-05-28T14:26:16.007+0000] {dag.py:4180} INFO - Setting next_dagrun for dataset_alias_example_alias_consumer_with_no_taskflow to None, run_after=None
[2026-05-28T14:26:16.013+0000] {logging_mixin.py:190} INFO - [2026-05-28T14:26:16.012+0000] {dag.py:4180} INFO - Setting next_dagrun for dataset_alias_example_alias_producer_with_no_taskflow to None, run_after=None
[2026-05-28T14:26:16.016+0000] {logging_mixin.py:190} INFO - [2026-05-28T14:26:16.015+0000] {dag.py:4180} INFO - Setting next_dagrun for dataset_s3_bucket_consumer_with_no_taskflow to None, run_after=None
[2026-05-28T14:26:16.023+0000] {logging_mixin.py:190} INFO - [2026-05-28T14:26:16.023+0000] {dag.py:4180} INFO - Setting next_dagrun for dataset_s3_bucket_producer_with_no_taskflow to None, run_after=None
[2026-05-28T14:26:16.075+0000] {processor.py:208} INFO - Processing /home/airflow/.local/lib/python3.12/site-packages/airflow/example_dags/example_dataset_alias_with_no_taskflow.py took 10.653 seconds
[2026-05-28T14:26:46.358+0000] {processor.py:186} INFO - Started process (PID=4125) to work on /home/airflow/.local/lib/python3.12/site-packages/airflow/example_dags/example_dataset_alias_with_no_taskflow.py
[2026-05-28T14:26:46.360+0000] {processor.py:914} INFO - Processing file /home/airflow/.local/lib/python3.12/site-packages/airflow/example_dags/example_dataset_alias_with_no_taskflow.py for tasks to queue
[2026-05-28T14:26:46.363+0000] {logging_mixin.py:190} INFO - [2026-05-28T14:26:46.362+0000] {dagbag.py:588} INFO - Filling up the DagBag from /home/airflow/.local/lib/python3.12/site-packages/airflow/example_dags/example_dataset_alias_with_no_taskflow.py
[2026-05-28T14:26:57.251+0000] {processor.py:925} INFO - DAG(s) 'dataset_s3_bucket_producer_with_no_taskflow', 'dataset_s3_bucket_consumer_with_no_taskflow', 'dataset_alias_example_alias_consumer_with_no_taskflow', 'dataset_alias_example_alias_producer_with_no_taskflow' retrieved from /home/airflow/.local/lib/python3.12/site-packages/airflow/example_dags/example_dataset_alias_with_no_taskflow.py
[2026-05-28T14:26:57.309+0000] {logging_mixin.py:190} INFO - [2026-05-28T14:26:57.308+0000] {dag.py:3239} INFO - Sync 4 DAGs
[2026-05-28T14:26:57.351+0000] {logging_mixin.py:190} INFO - [2026-05-28T14:26:57.350+0000] {dag.py:4180} INFO - Setting next_dagrun for dataset_alias_example_alias_consumer_with_no_taskflow to None, run_after=None
[2026-05-28T14:26:57.355+0000] {logging_mixin.py:190} INFO - [2026-05-28T14:26:57.355+0000] {dag.py:4180} INFO - Setting next_dagrun for dataset_alias_example_alias_producer_with_no_taskflow to None, run_after=None
[2026-05-28T14:26:57.362+0000] {logging_mixin.py:190} INFO - [2026-05-28T14:26:57.362+0000] {dag.py:4180} INFO - Setting next_dagrun for dataset_s3_bucket_consumer_with_no_taskflow to None, run_after=None
[2026-05-28T14:26:57.365+0000] {logging_mixin.py:190} INFO - [2026-05-28T14:26:57.365+0000] {dag.py:4180} INFO - Setting next_dagrun for dataset_s3_bucket_producer_with_no_taskflow to None, run_after=None
[2026-05-28T14:26:57.414+0000] {processor.py:208} INFO - Processing /home/airflow/.local/lib/python3.12/site-packages/airflow/example_dags/example_dataset_alias_with_no_taskflow.py took 11.066 seconds
[2026-05-28T14:27:28.232+0000] {processor.py:186} INFO - Started process (PID=4201) to work on /home/airflow/.local/lib/python3.12/site-packages/airflow/example_dags/example_dataset_alias_with_no_taskflow.py
[2026-05-28T14:27:28.234+0000] {processor.py:914} INFO - Processing file /home/airflow/.local/lib/python3.12/site-packages/airflow/example_dags/example_dataset_alias_with_no_taskflow.py for tasks to queue
[2026-05-28T14:27:28.238+0000] {logging_mixin.py:190} INFO - [2026-05-28T14:27:28.237+0000] {dagbag.py:588} INFO - Filling up the DagBag from /home/airflow/.local/lib/python3.12/site-packages/airflow/example_dags/example_dataset_alias_with_no_taskflow.py
[2026-05-28T14:27:38.334+0000] {processor.py:925} INFO - DAG(s) 'dataset_alias_example_alias_producer_with_no_taskflow', 'dataset_s3_bucket_consumer_with_no_taskflow', 'dataset_alias_example_alias_consumer_with_no_taskflow', 'dataset_s3_bucket_producer_with_no_taskflow' retrieved from /home/airflow/.local/lib/python3.12/site-packages/airflow/example_dags/example_dataset_alias_with_no_taskflow.py
[2026-05-28T14:27:38.368+0000] {logging_mixin.py:190} INFO - [2026-05-28T14:27:38.367+0000] {dag.py:3239} INFO - Sync 4 DAGs
[2026-05-28T14:27:38.396+0000] {logging_mixin.py:190} INFO - [2026-05-28T14:27:38.396+0000] {dag.py:4180} INFO - Setting next_dagrun for dataset_alias_example_alias_consumer_with_no_taskflow to None, run_after=None
[2026-05-28T14:27:38.401+0000] {logging_mixin.py:190} INFO - [2026-05-28T14:27:38.401+0000] {dag.py:4180} INFO - Setting next_dagrun for dataset_alias_example_alias_producer_with_no_taskflow to None, run_after=None
[2026-05-28T14:27:38.404+0000] {logging_mixin.py:190} INFO - [2026-05-28T14:27:38.404+0000] {dag.py:4180} INFO - Setting next_dagrun for dataset_s3_bucket_consumer_with_no_taskflow to None, run_after=None
[2026-05-28T14:27:38.407+0000] {logging_mixin.py:190} INFO - [2026-05-28T14:27:38.407+0000] {dag.py:4180} INFO - Setting next_dagrun for dataset_s3_bucket_producer_with_no_taskflow to None, run_after=None
[2026-05-28T14:27:38.447+0000] {processor.py:208} INFO - Processing /home/airflow/.local/lib/python3.12/site-packages/airflow/example_dags/example_dataset_alias_with_no_taskflow.py took 10.224 seconds
[2026-05-28T14:28:09.359+0000] {processor.py:186} INFO - Started process (PID=4275) to work on /home/airflow/.local/lib/python3.12/site-packages/airflow/example_dags/example_dataset_alias_with_no_taskflow.py
[2026-05-28T14:28:09.361+0000] {processor.py:914} INFO - Processing file /home/airflow/.local/lib/python3.12/site-packages/airflow/example_dags/example_dataset_alias_with_no_taskflow.py for tasks to queue
[2026-05-28T14:28:09.363+0000] {logging_mixin.py:190} INFO - [2026-05-28T14:28:09.362+0000] {dagbag.py:588} INFO - Filling up the DagBag from /home/airflow/.local/lib/python3.12/site-packages/airflow/example_dags/example_dataset_alias_with_no_taskflow.py
[2026-05-28T14:28:19.873+0000] {processor.py:925} INFO - DAG(s) 'dataset_alias_example_alias_consumer_with_no_taskflow', 'dataset_s3_bucket_consumer_with_no_taskflow', 'dataset_s3_bucket_producer_with_no_taskflow', 'dataset_alias_example_alias_producer_with_no_taskflow' retrieved from /home/airflow/.local/lib/python3.12/site-packages/airflow/example_dags/example_dataset_alias_with_no_taskflow.py
[2026-05-28T14:28:19.919+0000] {logging_mixin.py:190} INFO - [2026-05-28T14:28:19.918+0000] {dag.py:3239} INFO - Sync 4 DAGs
[2026-05-28T14:28:19.962+0000] {logging_mixin.py:190} INFO - [2026-05-28T14:28:19.961+0000] {dag.py:4180} INFO - Setting next_dagrun for dataset_alias_example_alias_consumer_with_no_taskflow to None, run_after=None
[2026-05-28T14:28:19.969+0000] {logging_mixin.py:190} INFO - [2026-05-28T14:28:19.968+0000] {dag.py:4180} INFO - Setting next_dagrun for dataset_alias_example_alias_producer_with_no_taskflow to None, run_after=None
[2026-05-28T14:28:19.977+0000] {logging_mixin.py:190} INFO - [2026-05-28T14:28:19.976+0000] {dag.py:4180} INFO - Setting next_dagrun for dataset_s3_bucket_consumer_with_no_taskflow to None, run_after=None
[2026-05-28T14:28:19.981+0000] {logging_mixin.py:190} INFO - [2026-05-28T14:28:19.980+0000] {dag.py:4180} INFO - Setting next_dagrun for dataset_s3_bucket_producer_with_no_taskflow to None, run_after=None
[2026-05-28T14:28:20.037+0000] {processor.py:208} INFO - Processing /home/airflow/.local/lib/python3.12/site-packages/airflow/example_dags/example_dataset_alias_with_no_taskflow.py took 10.686 seconds
[2026-05-28T14:28:50.203+0000] {processor.py:186} INFO - Started process (PID=4349) to work on /home/airflow/.local/lib/python3.12/site-packages/airflow/example_dags/example_dataset_alias_with_no_taskflow.py
[2026-05-28T14:28:50.205+0000] {processor.py:914} INFO - Processing file /home/airflow/.local/lib/python3.12/site-packages/airflow/example_dags/example_dataset_alias_with_no_taskflow.py for tasks to queue
[2026-05-28T14:28:50.208+0000] {logging_mixin.py:190} INFO - [2026-05-28T14:28:50.207+0000] {dagbag.py:588} INFO - Filling up the DagBag from /home/airflow/.local/lib/python3.12/site-packages/airflow/example_dags/example_dataset_alias_with_no_taskflow.py
[2026-05-28T14:29:01.107+0000] {processor.py:925} INFO - DAG(s) 'dataset_alias_example_alias_producer_with_no_taskflow', 'dataset_alias_example_alias_consumer_with_no_taskflow', 'dataset_s3_bucket_consumer_with_no_taskflow', 'dataset_s3_bucket_producer_with_no_taskflow' retrieved from /home/airflow/.local/lib/python3.12/site-packages/airflow/example_dags/example_dataset_alias_with_no_taskflow.py
[2026-05-28T14:29:01.149+0000] {logging_mixin.py:190} INFO - [2026-05-28T14:29:01.148+0000] {dag.py:3239} INFO - Sync 4 DAGs
[2026-05-28T14:29:01.177+0000] {logging_mixin.py:190} INFO - [2026-05-28T14:29:01.177+0000] {dag.py:4180} INFO - Setting next_dagrun for dataset_alias_example_alias_consumer_with_no_taskflow to None, run_after=None
[2026-05-28T14:29:01.183+0000] {logging_mixin.py:190} INFO - [2026-05-28T14:29:01.182+0000] {dag.py:4180} INFO - Setting next_dagrun for dataset_alias_example_alias_producer_with_no_taskflow to None, run_after=None
[2026-05-28T14:29:01.186+0000] {logging_mixin.py:190} INFO - [2026-05-28T14:29:01.186+0000] {dag.py:4180} INFO - Setting next_dagrun for dataset_s3_bucket_consumer_with_no_taskflow to None, run_after=None
[2026-05-28T14:29:01.189+0000] {logging_mixin.py:190} INFO - [2026-05-28T14:29:01.189+0000] {dag.py:4180} INFO - Setting next_dagrun for dataset_s3_bucket_producer_with_no_taskflow to None, run_after=None
[2026-05-28T14:29:01.236+0000] {processor.py:208} INFO - Processing /home/airflow/.local/lib/python3.12/site-packages/airflow/example_dags/example_dataset_alias_with_no_taskflow.py took 11.043 seconds
[2026-05-28T14:29:32.411+0000] {processor.py:186} INFO - Started process (PID=4424) to work on /home/airflow/.local/lib/python3.12/site-packages/airflow/example_dags/example_dataset_alias_with_no_taskflow.py
[2026-05-28T14:29:32.413+0000] {processor.py:914} INFO - Processing file /home/airflow/.local/lib/python3.12/site-packages/airflow/example_dags/example_dataset_alias_with_no_taskflow.py for tasks to queue
[2026-05-28T14:29:32.416+0000] {logging_mixin.py:190} INFO - [2026-05-28T14:29:32.415+0000] {dagbag.py:588} INFO - Filling up the DagBag from /home/airflow/.local/lib/python3.12/site-packages/airflow/example_dags/example_dataset_alias_with_no_taskflow.py
[2026-05-28T14:29:43.105+0000] {processor.py:925} INFO - DAG(s) 'dataset_s3_bucket_consumer_with_no_taskflow', 'dataset_alias_example_alias_consumer_with_no_taskflow', 'dataset_s3_bucket_producer_with_no_taskflow', 'dataset_alias_example_alias_producer_with_no_taskflow' retrieved from /home/airflow/.local/lib/python3.12/site-packages/airflow/example_dags/example_dataset_alias_with_no_taskflow.py
[2026-05-28T14:29:43.142+0000] {logging_mixin.py:190} INFO - [2026-05-28T14:29:43.141+0000] {dag.py:3239} INFO - Sync 4 DAGs
[2026-05-28T14:29:43.169+0000] {logging_mixin.py:190} INFO - [2026-05-28T14:29:43.168+0000] {dag.py:4180} INFO - Setting next_dagrun for dataset_alias_example_alias_consumer_with_no_taskflow to None, run_after=None
[2026-05-28T14:29:43.173+0000] {logging_mixin.py:190} INFO - [2026-05-28T14:29:43.173+0000] {dag.py:4180} INFO - Setting next_dagrun for dataset_alias_example_alias_producer_with_no_taskflow to None, run_after=None
[2026-05-28T14:29:43.176+0000] {logging_mixin.py:190} INFO - [2026-05-28T14:29:43.175+0000] {dag.py:4180} INFO - Setting next_dagrun for dataset_s3_bucket_consumer_with_no_taskflow to None, run_after=None
[2026-05-28T14:29:43.178+0000] {logging_mixin.py:190} INFO - [2026-05-28T14:29:43.178+0000] {dag.py:4180} INFO - Setting next_dagrun for dataset_s3_bucket_producer_with_no_taskflow to None, run_after=None
[2026-05-28T14:29:43.209+0000] {processor.py:208} INFO - Processing /home/airflow/.local/lib/python3.12/site-packages/airflow/example_dags/example_dataset_alias_with_no_taskflow.py took 10.809 seconds
[2026-05-28T14:30:14.253+0000] {processor.py:186} INFO - Started process (PID=4513) to work on /home/airflow/.local/lib/python3.12/site-packages/airflow/example_dags/example_dataset_alias_with_no_taskflow.py
[2026-05-28T14:30:14.255+0000] {processor.py:914} INFO - Processing file /home/airflow/.local/lib/python3.12/site-packages/airflow/example_dags/example_dataset_alias_with_no_taskflow.py for tasks to queue
[2026-05-28T14:30:14.257+0000] {logging_mixin.py:190} INFO - [2026-05-28T14:30:14.257+0000] {dagbag.py:588} INFO - Filling up the DagBag from /home/airflow/.local/lib/python3.12/site-packages/airflow/example_dags/example_dataset_alias_with_no_taskflow.py
[2026-05-28T14:30:24.134+0000] {processor.py:925} INFO - DAG(s) 'dataset_s3_bucket_producer_with_no_taskflow', 'dataset_alias_example_alias_producer_with_no_taskflow', 'dataset_alias_example_alias_consumer_with_no_taskflow', 'dataset_s3_bucket_consumer_with_no_taskflow' retrieved from /home/airflow/.local/lib/python3.12/site-packages/airflow/example_dags/example_dataset_alias_with_no_taskflow.py
[2026-05-28T14:30:24.167+0000] {logging_mixin.py:190} INFO - [2026-05-28T14:30:24.167+0000] {dag.py:3239} INFO - Sync 4 DAGs
[2026-05-28T14:30:24.194+0000] {logging_mixin.py:190} INFO - [2026-05-28T14:30:24.194+0000] {dag.py:4180} INFO - Setting next_dagrun for dataset_alias_example_alias_consumer_with_no_taskflow to None, run_after=None
[2026-05-28T14:30:24.199+0000] {logging_mixin.py:190} INFO - [2026-05-28T14:30:24.198+0000] {dag.py:4180} INFO - Setting next_dagrun for dataset_alias_example_alias_producer_with_no_taskflow to None, run_after=None
[2026-05-28T14:30:24.201+0000] {logging_mixin.py:190} INFO - [2026-05-28T14:30:24.201+0000] {dag.py:4180} INFO - Setting next_dagrun for dataset_s3_bucket_consumer_with_no_taskflow to None, run_after=None
[2026-05-28T14:30:24.204+0000] {logging_mixin.py:190} INFO - [2026-05-28T14:30:24.204+0000] {dag.py:4180} INFO - Setting next_dagrun for dataset_s3_bucket_producer_with_no_taskflow to None, run_after=None
[2026-05-28T14:30:24.245+0000] {processor.py:208} INFO - Processing /home/airflow/.local/lib/python3.12/site-packages/airflow/example_dags/example_dataset_alias_with_no_taskflow.py took 10.002 seconds
[2026-05-28T14:30:54.923+0000] {processor.py:186} INFO - Started process (PID=4596) to work on /home/airflow/.local/lib/python3.12/site-packages/airflow/example_dags/example_dataset_alias_with_no_taskflow.py
[2026-05-28T14:30:54.924+0000] {processor.py:914} INFO - Processing file /home/airflow/.local/lib/python3.12/site-packages/airflow/example_dags/example_dataset_alias_with_no_taskflow.py for tasks to queue
[2026-05-28T14:30:54.927+0000] {logging_mixin.py:190} INFO - [2026-05-28T14:30:54.926+0000] {dagbag.py:588} INFO - Filling up the DagBag from /home/airflow/.local/lib/python3.12/site-packages/airflow/example_dags/example_dataset_alias_with_no_taskflow.py
[2026-05-28T14:31:04.975+0000] {processor.py:925} INFO - DAG(s) 'dataset_s3_bucket_producer_with_no_taskflow', 'dataset_alias_example_alias_producer_with_no_taskflow', 'dataset_alias_example_alias_consumer_with_no_taskflow', 'dataset_s3_bucket_consumer_with_no_taskflow' retrieved from /home/airflow/.local/lib/python3.12/site-packages/airflow/example_dags/example_dataset_alias_with_no_taskflow.py
[2026-05-28T14:31:05.012+0000] {logging_mixin.py:190} INFO - [2026-05-28T14:31:05.011+0000] {dag.py:3239} INFO - Sync 4 DAGs
[2026-05-28T14:31:05.038+0000] {logging_mixin.py:190} INFO - [2026-05-28T14:31:05.037+0000] {dag.py:4180} INFO - Setting next_dagrun for dataset_alias_example_alias_consumer_with_no_taskflow to None, run_after=None
[2026-05-28T14:31:05.043+0000] {logging_mixin.py:190} INFO - [2026-05-28T14:31:05.043+0000] {dag.py:4180} INFO - Setting next_dagrun for dataset_alias_example_alias_producer_with_no_taskflow to None, run_after=None
[2026-05-28T14:31:05.046+0000] {logging_mixin.py:190} INFO - [2026-05-28T14:31:05.046+0000] {dag.py:4180} INFO - Setting next_dagrun for dataset_s3_bucket_consumer_with_no_taskflow to None, run_after=None
[2026-05-28T14:31:05.050+0000] {logging_mixin.py:190} INFO - [2026-05-28T14:31:05.049+0000] {dag.py:4180} INFO - Setting next_dagrun for dataset_s3_bucket_producer_with_no_taskflow to None, run_after=None
[2026-05-28T14:31:05.097+0000] {processor.py:208} INFO - Processing /home/airflow/.local/lib/python3.12/site-packages/airflow/example_dags/example_dataset_alias_with_no_taskflow.py took 10.182 seconds
[2026-05-28T14:31:36.238+0000] {processor.py:186} INFO - Started process (PID=4671) to work on /home/airflow/.local/lib/python3.12/site-packages/airflow/example_dags/example_dataset_alias_with_no_taskflow.py
[2026-05-28T14:31:36.240+0000] {processor.py:914} INFO - Processing file /home/airflow/.local/lib/python3.12/site-packages/airflow/example_dags/example_dataset_alias_with_no_taskflow.py for tasks to queue
[2026-05-28T14:31:36.242+0000] {logging_mixin.py:190} INFO - [2026-05-28T14:31:36.242+0000] {dagbag.py:588} INFO - Filling up the DagBag from /home/airflow/.local/lib/python3.12/site-packages/airflow/example_dags/example_dataset_alias_with_no_taskflow.py
[2026-05-28T14:31:46.142+0000] {processor.py:925} INFO - DAG(s) 'dataset_s3_bucket_consumer_with_no_taskflow', 'dataset_alias_example_alias_producer_with_no_taskflow', 'dataset_alias_example_alias_consumer_with_no_taskflow', 'dataset_s3_bucket_producer_with_no_taskflow' retrieved from /home/airflow/.local/lib/python3.12/site-packages/airflow/example_dags/example_dataset_alias_with_no_taskflow.py
[2026-05-28T14:31:46.180+0000] {logging_mixin.py:190} INFO - [2026-05-28T14:31:46.179+0000] {dag.py:3239} INFO - Sync 4 DAGs
[2026-05-28T14:31:46.211+0000] {logging_mixin.py:190} INFO - [2026-05-28T14:31:46.211+0000] {dag.py:4180} INFO - Setting next_dagrun for dataset_alias_example_alias_consumer_with_no_taskflow to None, run_after=None
[2026-05-28T14:31:46.216+0000] {logging_mixin.py:190} INFO - [2026-05-28T14:31:46.216+0000] {dag.py:4180} INFO - Setting next_dagrun for dataset_alias_example_alias_producer_with_no_taskflow to None, run_after=None
[2026-05-28T14:31:46.220+0000] {logging_mixin.py:190} INFO - [2026-05-28T14:31:46.219+0000] {dag.py:4180} INFO - Setting next_dagrun for dataset_s3_bucket_consumer_with_no_taskflow to None, run_after=None
[2026-05-28T14:31:46.223+0000] {logging_mixin.py:190} INFO - [2026-05-28T14:31:46.223+0000] {dag.py:4180} INFO - Setting next_dagrun for dataset_s3_bucket_producer_with_no_taskflow to None, run_after=None
[2026-05-28T14:31:46.260+0000] {processor.py:208} INFO - Processing /home/airflow/.local/lib/python3.12/site-packages/airflow/example_dags/example_dataset_alias_with_no_taskflow.py took 10.030 seconds
[2026-05-28T14:32:16.553+0000] {processor.py:186} INFO - Started process (PID=4746) to work on /home/airflow/.local/lib/python3.12/site-packages/airflow/example_dags/example_dataset_alias_with_no_taskflow.py
[2026-05-28T14:32:16.558+0000] {processor.py:914} INFO - Processing file /home/airflow/.local/lib/python3.12/site-packages/airflow/example_dags/example_dataset_alias_with_no_taskflow.py for tasks to queue
[2026-05-28T14:32:16.561+0000] {logging_mixin.py:190} INFO - [2026-05-28T14:32:16.560+0000] {dagbag.py:588} INFO - Filling up the DagBag from /home/airflow/.local/lib/python3.12/site-packages/airflow/example_dags/example_dataset_alias_with_no_taskflow.py
[2026-05-28T14:32:26.908+0000] {processor.py:925} INFO - DAG(s) 'dataset_s3_bucket_consumer_with_no_taskflow', 'dataset_alias_example_alias_producer_with_no_taskflow', 'dataset_s3_bucket_producer_with_no_taskflow', 'dataset_alias_example_alias_consumer_with_no_taskflow' retrieved from /home/airflow/.local/lib/python3.12/site-packages/airflow/example_dags/example_dataset_alias_with_no_taskflow.py
[2026-05-28T14:32:26.942+0000] {logging_mixin.py:190} INFO - [2026-05-28T14:32:26.941+0000] {dag.py:3239} INFO - Sync 4 DAGs
[2026-05-28T14:32:26.973+0000] {logging_mixin.py:190} INFO - [2026-05-28T14:32:26.973+0000] {dag.py:4180} INFO - Setting next_dagrun for dataset_alias_example_alias_consumer_with_no_taskflow to None, run_after=None
[2026-05-28T14:32:26.980+0000] {logging_mixin.py:190} INFO - [2026-05-28T14:32:26.979+0000] {dag.py:4180} INFO - Setting next_dagrun for dataset_alias_example_alias_producer_with_no_taskflow to None, run_after=None
[2026-05-28T14:32:26.983+0000] {logging_mixin.py:190} INFO - [2026-05-28T14:32:26.983+0000] {dag.py:4180} INFO - Setting next_dagrun for dataset_s3_bucket_consumer_with_no_taskflow to None, run_after=None
[2026-05-28T14:32:26.987+0000] {logging_mixin.py:190} INFO - [2026-05-28T14:32:26.986+0000] {dag.py:4180} INFO - Setting next_dagrun for dataset_s3_bucket_producer_with_no_taskflow to None, run_after=None
[2026-05-28T14:32:27.031+0000] {processor.py:208} INFO - Processing /home/airflow/.local/lib/python3.12/site-packages/airflow/example_dags/example_dataset_alias_with_no_taskflow.py took 10.491 seconds
[2026-05-28T14:32:57.482+0000] {processor.py:186} INFO - Started process (PID=4831) to work on /home/airflow/.local/lib/python3.12/site-packages/airflow/example_dags/example_dataset_alias_with_no_taskflow.py
[2026-05-28T14:32:57.484+0000] {processor.py:914} INFO - Processing file /home/airflow/.local/lib/python3.12/site-packages/airflow/example_dags/example_dataset_alias_with_no_taskflow.py for tasks to queue
[2026-05-28T14:32:57.486+0000] {logging_mixin.py:190} INFO - [2026-05-28T14:32:57.486+0000] {dagbag.py:588} INFO - Filling up the DagBag from /home/airflow/.local/lib/python3.12/site-packages/airflow/example_dags/example_dataset_alias_with_no_taskflow.py
[2026-05-28T14:33:07.895+0000] {processor.py:925} INFO - DAG(s) 'dataset_s3_bucket_producer_with_no_taskflow', 'dataset_alias_example_alias_consumer_with_no_taskflow', 'dataset_s3_bucket_consumer_with_no_taskflow', 'dataset_alias_example_alias_producer_with_no_taskflow' retrieved from /home/airflow/.local/lib/python3.12/site-packages/airflow/example_dags/example_dataset_alias_with_no_taskflow.py
[2026-05-28T14:33:07.931+0000] {logging_mixin.py:190} INFO - [2026-05-28T14:33:07.930+0000] {dag.py:3239} INFO - Sync 4 DAGs
[2026-05-28T14:33:07.966+0000] {logging_mixin.py:190} INFO - [2026-05-28T14:33:07.966+0000] {dag.py:4180} INFO - Setting next_dagrun for dataset_alias_example_alias_consumer_with_no_taskflow to None, run_after=None
[2026-05-28T14:33:07.972+0000] {logging_mixin.py:190} INFO - [2026-05-28T14:33:07.971+0000] {dag.py:4180} INFO - Setting next_dagrun for dataset_alias_example_alias_producer_with_no_taskflow to None, run_after=None
[2026-05-28T14:33:07.975+0000] {logging_mixin.py:190} INFO - [2026-05-28T14:33:07.974+0000] {dag.py:4180} INFO - Setting next_dagrun for dataset_s3_bucket_consumer_with_no_taskflow to None, run_after=None
[2026-05-28T14:33:07.978+0000] {logging_mixin.py:190} INFO - [2026-05-28T14:33:07.978+0000] {dag.py:4180} INFO - Setting next_dagrun for dataset_s3_bucket_producer_with_no_taskflow to None, run_after=None
[2026-05-28T14:33:08.014+0000] {processor.py:208} INFO - Processing /home/airflow/.local/lib/python3.12/site-packages/airflow/example_dags/example_dataset_alias_with_no_taskflow.py took 10.544 seconds
[2026-05-28T14:33:38.689+0000] {processor.py:186} INFO - Started process (PID=4908) to work on /home/airflow/.local/lib/python3.12/site-packages/airflow/example_dags/example_dataset_alias_with_no_taskflow.py
[2026-05-28T14:33:38.692+0000] {processor.py:914} INFO - Processing file /home/airflow/.local/lib/python3.12/site-packages/airflow/example_dags/example_dataset_alias_with_no_taskflow.py for tasks to queue
[2026-05-28T14:33:38.694+0000] {logging_mixin.py:190} INFO - [2026-05-28T14:33:38.694+0000] {dagbag.py:588} INFO - Filling up the DagBag from /home/airflow/.local/lib/python3.12/site-packages/airflow/example_dags/example_dataset_alias_with_no_taskflow.py
[2026-05-28T14:33:49.361+0000] {processor.py:925} INFO - DAG(s) 'dataset_alias_example_alias_consumer_with_no_taskflow', 'dataset_s3_bucket_producer_with_no_taskflow', 'dataset_alias_example_alias_producer_with_no_taskflow', 'dataset_s3_bucket_consumer_with_no_taskflow' retrieved from /home/airflow/.local/lib/python3.12/site-packages/airflow/example_dags/example_dataset_alias_with_no_taskflow.py
[2026-05-28T14:33:49.399+0000] {logging_mixin.py:190} INFO - [2026-05-28T14:33:49.399+0000] {dag.py:3239} INFO - Sync 4 DAGs
[2026-05-28T14:33:49.443+0000] {logging_mixin.py:190} INFO - [2026-05-28T14:33:49.442+0000] {dag.py:4180} INFO - Setting next_dagrun for dataset_alias_example_alias_consumer_with_no_taskflow to None, run_after=None
[2026-05-28T14:33:49.450+0000] {logging_mixin.py:190} INFO - [2026-05-28T14:33:49.450+0000] {dag.py:4180} INFO - Setting next_dagrun for dataset_alias_example_alias_producer_with_no_taskflow to None, run_after=None
[2026-05-28T14:33:49.454+0000] {logging_mixin.py:190} INFO - [2026-05-28T14:33:49.453+0000] {dag.py:4180} INFO - Setting next_dagrun for dataset_s3_bucket_consumer_with_no_taskflow to None, run_after=None
[2026-05-28T14:33:49.457+0000] {logging_mixin.py:190} INFO - [2026-05-28T14:33:49.457+0000] {dag.py:4180} INFO - Setting next_dagrun for dataset_s3_bucket_producer_with_no_taskflow to None, run_after=None
[2026-05-28T14:33:49.497+0000] {processor.py:208} INFO - Processing /home/airflow/.local/lib/python3.12/site-packages/airflow/example_dags/example_dataset_alias_with_no_taskflow.py took 10.818 seconds
[2026-05-28T14:34:20.722+0000] {processor.py:186} INFO - Started process (PID=4991) to work on /home/airflow/.local/lib/python3.12/site-packages/airflow/example_dags/example_dataset_alias_with_no_taskflow.py
[2026-05-28T14:34:20.724+0000] {processor.py:914} INFO - Processing file /home/airflow/.local/lib/python3.12/site-packages/airflow/example_dags/example_dataset_alias_with_no_taskflow.py for tasks to queue
[2026-05-28T14:34:20.727+0000] {logging_mixin.py:190} INFO - [2026-05-28T14:34:20.726+0000] {dagbag.py:588} INFO - Filling up the DagBag from /home/airflow/.local/lib/python3.12/site-packages/airflow/example_dags/example_dataset_alias_with_no_taskflow.py
[2026-05-28T14:34:31.274+0000] {processor.py:925} INFO - DAG(s) 'dataset_alias_example_alias_producer_with_no_taskflow', 'dataset_alias_example_alias_consumer_with_no_taskflow', 'dataset_s3_bucket_producer_with_no_taskflow', 'dataset_s3_bucket_consumer_with_no_taskflow' retrieved from /home/airflow/.local/lib/python3.12/site-packages/airflow/example_dags/example_dataset_alias_with_no_taskflow.py
[2026-05-28T14:34:31.309+0000] {logging_mixin.py:190} INFO - [2026-05-28T14:34:31.308+0000] {dag.py:3239} INFO - Sync 4 DAGs
[2026-05-28T14:34:31.338+0000] {logging_mixin.py:190} INFO - [2026-05-28T14:34:31.337+0000] {dag.py:4180} INFO - Setting next_dagrun for dataset_alias_example_alias_consumer_with_no_taskflow to None, run_after=None
[2026-05-28T14:34:31.344+0000] {logging_mixin.py:190} INFO - [2026-05-28T14:34:31.343+0000] {dag.py:4180} INFO - Setting next_dagrun for dataset_alias_example_alias_producer_with_no_taskflow to None, run_after=None
[2026-05-28T14:34:31.346+0000] {logging_mixin.py:190} INFO - [2026-05-28T14:34:31.346+0000] {dag.py:4180} INFO - Setting next_dagrun for dataset_s3_bucket_consumer_with_no_taskflow to None, run_after=None
[2026-05-28T14:34:31.349+0000] {logging_mixin.py:190} INFO - [2026-05-28T14:34:31.349+0000] {dag.py:4180} INFO - Setting next_dagrun for dataset_s3_bucket_producer_with_no_taskflow to None, run_after=None
[2026-05-28T14:34:31.382+0000] {processor.py:208} INFO - Processing /home/airflow/.local/lib/python3.12/site-packages/airflow/example_dags/example_dataset_alias_with_no_taskflow.py took 10.673 seconds
[2026-05-28T14:35:02.641+0000] {processor.py:186} INFO - Started process (PID=5063) to work on /home/airflow/.local/lib/python3.12/site-packages/airflow/example_dags/example_dataset_alias_with_no_taskflow.py
[2026-05-28T14:35:02.644+0000] {processor.py:914} INFO - Processing file /home/airflow/.local/lib/python3.12/site-packages/airflow/example_dags/example_dataset_alias_with_no_taskflow.py for tasks to queue
[2026-05-28T14:35:02.646+0000] {logging_mixin.py:190} INFO - [2026-05-28T14:35:02.646+0000] {dagbag.py:588} INFO - Filling up the DagBag from /home/airflow/.local/lib/python3.12/site-packages/airflow/example_dags/example_dataset_alias_with_no_taskflow.py
[2026-05-28T14:35:12.700+0000] {processor.py:925} INFO - DAG(s) 'dataset_alias_example_alias_producer_with_no_taskflow', 'dataset_alias_example_alias_consumer_with_no_taskflow', 'dataset_s3_bucket_producer_with_no_taskflow', 'dataset_s3_bucket_consumer_with_no_taskflow' retrieved from /home/airflow/.local/lib/python3.12/site-packages/airflow/example_dags/example_dataset_alias_with_no_taskflow.py
[2026-05-28T14:35:12.732+0000] {logging_mixin.py:190} INFO - [2026-05-28T14:35:12.731+0000] {dag.py:3239} INFO - Sync 4 DAGs
[2026-05-28T14:35:12.759+0000] {logging_mixin.py:190} INFO - [2026-05-28T14:35:12.758+0000] {dag.py:4180} INFO - Setting next_dagrun for dataset_alias_example_alias_consumer_with_no_taskflow to None, run_after=None
[2026-05-28T14:35:12.764+0000] {logging_mixin.py:190} INFO - [2026-05-28T14:35:12.763+0000] {dag.py:4180} INFO - Setting next_dagrun for dataset_alias_example_alias_producer_with_no_taskflow to None, run_after=None
[2026-05-28T14:35:12.766+0000] {logging_mixin.py:190} INFO - [2026-05-28T14:35:12.766+0000] {dag.py:4180} INFO - Setting next_dagrun for dataset_s3_bucket_consumer_with_no_taskflow to None, run_after=None
[2026-05-28T14:35:12.769+0000] {logging_mixin.py:190} INFO - [2026-05-28T14:35:12.769+0000] {dag.py:4180} INFO - Setting next_dagrun for dataset_s3_bucket_producer_with_no_taskflow to None, run_after=None
[2026-05-28T14:35:12.819+0000] {processor.py:208} INFO - Processing /home/airflow/.local/lib/python3.12/site-packages/airflow/example_dags/example_dataset_alias_with_no_taskflow.py took 10.185 seconds
[2026-05-28T14:35:43.485+0000] {processor.py:186} INFO - Started process (PID=5135) to work on /home/airflow/.local/lib/python3.12/site-packages/airflow/example_dags/example_dataset_alias_with_no_taskflow.py
[2026-05-28T14:35:43.487+0000] {processor.py:914} INFO - Processing file /home/airflow/.local/lib/python3.12/site-packages/airflow/example_dags/example_dataset_alias_with_no_taskflow.py for tasks to queue
[2026-05-28T14:35:43.489+0000] {logging_mixin.py:190} INFO - [2026-05-28T14:35:43.489+0000] {dagbag.py:588} INFO - Filling up the DagBag from /home/airflow/.local/lib/python3.12/site-packages/airflow/example_dags/example_dataset_alias_with_no_taskflow.py
[2026-05-28T14:35:53.761+0000] {processor.py:925} INFO - DAG(s) 'dataset_alias_example_alias_consumer_with_no_taskflow', 'dataset_s3_bucket_producer_with_no_taskflow', 'dataset_alias_example_alias_producer_with_no_taskflow', 'dataset_s3_bucket_consumer_with_no_taskflow' retrieved from /home/airflow/.local/lib/python3.12/site-packages/airflow/example_dags/example_dataset_alias_with_no_taskflow.py
[2026-05-28T14:35:53.798+0000] {logging_mixin.py:190} INFO - [2026-05-28T14:35:53.797+0000] {dag.py:3239} INFO - Sync 4 DAGs
[2026-05-28T14:35:53.829+0000] {logging_mixin.py:190} INFO - [2026-05-28T14:35:53.829+0000] {dag.py:4180} INFO - Setting next_dagrun for dataset_alias_example_alias_consumer_with_no_taskflow to None, run_after=None
[2026-05-28T14:35:53.834+0000] {logging_mixin.py:190} INFO - [2026-05-28T14:35:53.834+0000] {dag.py:4180} INFO - Setting next_dagrun for dataset_alias_example_alias_producer_with_no_taskflow to None, run_after=None
[2026-05-28T14:35:53.838+0000] {logging_mixin.py:190} INFO - [2026-05-28T14:35:53.837+0000] {dag.py:4180} INFO - Setting next_dagrun for dataset_s3_bucket_consumer_with_no_taskflow to None, run_after=None
[2026-05-28T14:35:53.841+0000] {logging_mixin.py:190} INFO - [2026-05-28T14:35:53.840+0000] {dag.py:4180} INFO - Setting next_dagrun for dataset_s3_bucket_producer_with_no_taskflow to None, run_after=None
[2026-05-28T14:35:53.876+0000] {processor.py:208} INFO - Processing /home/airflow/.local/lib/python3.12/site-packages/airflow/example_dags/example_dataset_alias_with_no_taskflow.py took 10.403 seconds
[2026-05-28T14:36:24.034+0000] {processor.py:186} INFO - Started process (PID=5209) to work on /home/airflow/.local/lib/python3.12/site-packages/airflow/example_dags/example_dataset_alias_with_no_taskflow.py
[2026-05-28T14:36:24.036+0000] {processor.py:914} INFO - Processing file /home/airflow/.local/lib/python3.12/site-packages/airflow/example_dags/example_dataset_alias_with_no_taskflow.py for tasks to queue
[2026-05-28T14:36:24.038+0000] {logging_mixin.py:190} INFO - [2026-05-28T14:36:24.037+0000] {dagbag.py:588} INFO - Filling up the DagBag from /home/airflow/.local/lib/python3.12/site-packages/airflow/example_dags/example_dataset_alias_with_no_taskflow.py
[2026-05-28T14:36:34.560+0000] {processor.py:925} INFO - DAG(s) 'dataset_alias_example_alias_producer_with_no_taskflow', 'dataset_s3_bucket_consumer_with_no_taskflow', 'dataset_s3_bucket_producer_with_no_taskflow', 'dataset_alias_example_alias_consumer_with_no_taskflow' retrieved from /home/airflow/.local/lib/python3.12/site-packages/airflow/example_dags/example_dataset_alias_with_no_taskflow.py
[2026-05-28T14:36:34.600+0000] {logging_mixin.py:190} INFO - [2026-05-28T14:36:34.598+0000] {dag.py:3239} INFO - Sync 4 DAGs
[2026-05-28T14:36:34.649+0000] {logging_mixin.py:190} INFO - [2026-05-28T14:36:34.648+0000] {dag.py:4180} INFO - Setting next_dagrun for dataset_alias_example_alias_consumer_with_no_taskflow to None, run_after=None
[2026-05-28T14:36:34.655+0000] {logging_mixin.py:190} INFO - [2026-05-28T14:36:34.654+0000] {dag.py:4180} INFO - Setting next_dagrun for dataset_alias_example_alias_producer_with_no_taskflow to None, run_after=None
[2026-05-28T14:36:34.659+0000] {logging_mixin.py:190} INFO - [2026-05-28T14:36:34.658+0000] {dag.py:4180} INFO - Setting next_dagrun for dataset_s3_bucket_consumer_with_no_taskflow to None, run_after=None
[2026-05-28T14:36:34.663+0000] {logging_mixin.py:190} INFO - [2026-05-28T14:36:34.662+0000] {dag.py:4180} INFO - Setting next_dagrun for dataset_s3_bucket_producer_with_no_taskflow to None, run_after=None
[2026-05-28T14:36:34.700+0000] {processor.py:208} INFO - Processing /home/airflow/.local/lib/python3.12/site-packages/airflow/example_dags/example_dataset_alias_with_no_taskflow.py took 10.675 seconds
[2026-05-28T14:37:08.440+0000] {processor.py:186} INFO - Started process (PID=5292) to work on /home/airflow/.local/lib/python3.12/site-packages/airflow/example_dags/example_dataset_alias_with_no_taskflow.py
[2026-05-28T14:37:08.443+0000] {processor.py:914} INFO - Processing file /home/airflow/.local/lib/python3.12/site-packages/airflow/example_dags/example_dataset_alias_with_no_taskflow.py for tasks to queue
[2026-05-28T14:37:08.446+0000] {logging_mixin.py:190} INFO - [2026-05-28T14:37:08.445+0000] {dagbag.py:588} INFO - Filling up the DagBag from /home/airflow/.local/lib/python3.12/site-packages/airflow/example_dags/example_dataset_alias_with_no_taskflow.py
[2026-05-28T14:37:19.855+0000] {processor.py:925} INFO - DAG(s) 'dataset_alias_example_alias_producer_with_no_taskflow', 'dataset_s3_bucket_producer_with_no_taskflow', 'dataset_alias_example_alias_consumer_with_no_taskflow', 'dataset_s3_bucket_consumer_with_no_taskflow' retrieved from /home/airflow/.local/lib/python3.12/site-packages/airflow/example_dags/example_dataset_alias_with_no_taskflow.py
[2026-05-28T14:37:19.897+0000] {logging_mixin.py:190} INFO - [2026-05-28T14:37:19.896+0000] {dag.py:3239} INFO - Sync 4 DAGs
[2026-05-28T14:37:19.927+0000] {logging_mixin.py:190} INFO - [2026-05-28T14:37:19.927+0000] {dag.py:4180} INFO - Setting next_dagrun for dataset_alias_example_alias_consumer_with_no_taskflow to None, run_after=None
[2026-05-28T14:37:19.934+0000] {logging_mixin.py:190} INFO - [2026-05-28T14:37:19.934+0000] {dag.py:4180} INFO - Setting next_dagrun for dataset_alias_example_alias_producer_with_no_taskflow to None, run_after=None
[2026-05-28T14:37:19.938+0000] {logging_mixin.py:190} INFO - [2026-05-28T14:37:19.938+0000] {dag.py:4180} INFO - Setting next_dagrun for dataset_s3_bucket_consumer_with_no_taskflow to None, run_after=None
[2026-05-28T14:37:19.942+0000] {logging_mixin.py:190} INFO - [2026-05-28T14:37:19.941+0000] {dag.py:4180} INFO - Setting next_dagrun for dataset_s3_bucket_producer_with_no_taskflow to None, run_after=None
[2026-05-28T14:37:19.990+0000] {processor.py:208} INFO - Processing /home/airflow/.local/lib/python3.12/site-packages/airflow/example_dags/example_dataset_alias_with_no_taskflow.py took 11.560 seconds
[2026-05-28T14:37:53.159+0000] {processor.py:186} INFO - Started process (PID=5369) to work on /home/airflow/.local/lib/python3.12/site-packages/airflow/example_dags/example_dataset_alias_with_no_taskflow.py
[2026-05-28T14:37:53.162+0000] {processor.py:914} INFO - Processing file /home/airflow/.local/lib/python3.12/site-packages/airflow/example_dags/example_dataset_alias_with_no_taskflow.py for tasks to queue
[2026-05-28T14:37:53.167+0000] {logging_mixin.py:190} INFO - [2026-05-28T14:37:53.165+0000] {dagbag.py:588} INFO - Filling up the DagBag from /home/airflow/.local/lib/python3.12/site-packages/airflow/example_dags/example_dataset_alias_with_no_taskflow.py
[2026-05-28T14:38:06.935+0000] {processor.py:925} INFO - DAG(s) 'dataset_alias_example_alias_consumer_with_no_taskflow', 'dataset_s3_bucket_producer_with_no_taskflow', 'dataset_s3_bucket_consumer_with_no_taskflow', 'dataset_alias_example_alias_producer_with_no_taskflow' retrieved from /home/airflow/.local/lib/python3.12/site-packages/airflow/example_dags/example_dataset_alias_with_no_taskflow.py
[2026-05-28T14:38:06.972+0000] {logging_mixin.py:190} INFO - [2026-05-28T14:38:06.971+0000] {dag.py:3239} INFO - Sync 4 DAGs
[2026-05-28T14:38:07.000+0000] {logging_mixin.py:190} INFO - [2026-05-28T14:38:07.000+0000] {dag.py:4180} INFO - Setting next_dagrun for dataset_alias_example_alias_consumer_with_no_taskflow to None, run_after=None
[2026-05-28T14:38:07.006+0000] {logging_mixin.py:190} INFO - [2026-05-28T14:38:07.006+0000] {dag.py:4180} INFO - Setting next_dagrun for dataset_alias_example_alias_producer_with_no_taskflow to None, run_after=None
[2026-05-28T14:38:07.010+0000] {logging_mixin.py:190} INFO - [2026-05-28T14:38:07.010+0000] {dag.py:4180} INFO - Setting next_dagrun for dataset_s3_bucket_consumer_with_no_taskflow to None, run_after=None
[2026-05-28T14:38:07.013+0000] {logging_mixin.py:190} INFO - [2026-05-28T14:38:07.012+0000] {dag.py:4180} INFO - Setting next_dagrun for dataset_s3_bucket_producer_with_no_taskflow to None, run_after=None
[2026-05-28T14:38:07.141+0000] {processor.py:208} INFO - Processing /home/airflow/.local/lib/python3.12/site-packages/airflow/example_dags/example_dataset_alias_with_no_taskflow.py took 13.993 seconds
[2026-05-28T14:38:39.858+0000] {processor.py:186} INFO - Started process (PID=5453) to work on /home/airflow/.local/lib/python3.12/site-packages/airflow/example_dags/example_dataset_alias_with_no_taskflow.py
[2026-05-28T14:38:39.861+0000] {processor.py:914} INFO - Processing file /home/airflow/.local/lib/python3.12/site-packages/airflow/example_dags/example_dataset_alias_with_no_taskflow.py for tasks to queue
[2026-05-28T14:38:39.864+0000] {logging_mixin.py:190} INFO - [2026-05-28T14:38:39.863+0000] {dagbag.py:588} INFO - Filling up the DagBag from /home/airflow/.local/lib/python3.12/site-packages/airflow/example_dags/example_dataset_alias_with_no_taskflow.py
[2026-05-28T14:38:51.085+0000] {processor.py:925} INFO - DAG(s) 'dataset_s3_bucket_producer_with_no_taskflow', 'dataset_alias_example_alias_consumer_with_no_taskflow', 'dataset_s3_bucket_consumer_with_no_taskflow', 'dataset_alias_example_alias_producer_with_no_taskflow' retrieved from /home/airflow/.local/lib/python3.12/site-packages/airflow/example_dags/example_dataset_alias_with_no_taskflow.py
[2026-05-28T14:38:51.135+0000] {logging_mixin.py:190} INFO - [2026-05-28T14:38:51.134+0000] {dag.py:3239} INFO - Sync 4 DAGs
[2026-05-28T14:38:51.176+0000] {logging_mixin.py:190} INFO - [2026-05-28T14:38:51.176+0000] {dag.py:4180} INFO - Setting next_dagrun for dataset_alias_example_alias_consumer_with_no_taskflow to None, run_after=None
[2026-05-28T14:38:51.182+0000] {logging_mixin.py:190} INFO - [2026-05-28T14:38:51.182+0000] {dag.py:4180} INFO - Setting next_dagrun for dataset_alias_example_alias_producer_with_no_taskflow to None, run_after=None
[2026-05-28T14:38:51.186+0000] {logging_mixin.py:190} INFO - [2026-05-28T14:38:51.185+0000] {dag.py:4180} INFO - Setting next_dagrun for dataset_s3_bucket_consumer_with_no_taskflow to None, run_after=None
[2026-05-28T14:38:51.190+0000] {logging_mixin.py:190} INFO - [2026-05-28T14:38:51.190+0000] {dag.py:4180} INFO - Setting next_dagrun for dataset_s3_bucket_producer_with_no_taskflow to None, run_after=None
[2026-05-28T14:38:51.234+0000] {processor.py:208} INFO - Processing /home/airflow/.local/lib/python3.12/site-packages/airflow/example_dags/example_dataset_alias_with_no_taskflow.py took 11.389 seconds
[2026-05-28T14:39:21.653+0000] {processor.py:186} INFO - Started process (PID=5551) to work on /home/airflow/.local/lib/python3.12/site-packages/airflow/example_dags/example_dataset_alias_with_no_taskflow.py
[2026-05-28T14:39:21.656+0000] {processor.py:914} INFO - Processing file /home/airflow/.local/lib/python3.12/site-packages/airflow/example_dags/example_dataset_alias_with_no_taskflow.py for tasks to queue
[2026-05-28T14:39:21.659+0000] {logging_mixin.py:190} INFO - [2026-05-28T14:39:21.658+0000] {dagbag.py:588} INFO - Filling up the DagBag from /home/airflow/.local/lib/python3.12/site-packages/airflow/example_dags/example_dataset_alias_with_no_taskflow.py
[2026-05-28T14:39:30.614+0000] {processor.py:925} INFO - DAG(s) 'dataset_alias_example_alias_producer_with_no_taskflow', 'dataset_alias_example_alias_consumer_with_no_taskflow', 'dataset_s3_bucket_producer_with_no_taskflow', 'dataset_s3_bucket_consumer_with_no_taskflow' retrieved from /home/airflow/.local/lib/python3.12/site-packages/airflow/example_dags/example_dataset_alias_with_no_taskflow.py
[2026-05-28T14:39:30.644+0000] {logging_mixin.py:190} INFO - [2026-05-28T14:39:30.643+0000] {dag.py:3239} INFO - Sync 4 DAGs
[2026-05-28T14:39:30.667+0000] {logging_mixin.py:190} INFO - [2026-05-28T14:39:30.667+0000] {dag.py:4180} INFO - Setting next_dagrun for dataset_alias_example_alias_consumer_with_no_taskflow to None, run_after=None
[2026-05-28T14:39:30.683+0000] {logging_mixin.py:190} INFO - [2026-05-28T14:39:30.683+0000] {dag.py:4180} INFO - Setting next_dagrun for dataset_alias_example_alias_producer_with_no_taskflow to None, run_after=None
[2026-05-28T14:39:30.687+0000] {logging_mixin.py:190} INFO - [2026-05-28T14:39:30.686+0000] {dag.py:4180} INFO - Setting next_dagrun for dataset_s3_bucket_consumer_with_no_taskflow to None, run_after=None
[2026-05-28T14:39:30.691+0000] {logging_mixin.py:190} INFO - [2026-05-28T14:39:30.690+0000] {dag.py:4180} INFO - Setting next_dagrun for dataset_s3_bucket_producer_with_no_taskflow to None, run_after=None
[2026-05-28T14:39:30.733+0000] {processor.py:208} INFO - Processing /home/airflow/.local/lib/python3.12/site-packages/airflow/example_dags/example_dataset_alias_with_no_taskflow.py took 9.091 seconds
[2026-05-28T14:40:02.373+0000] {processor.py:186} INFO - Started process (PID=5619) to work on /home/airflow/.local/lib/python3.12/site-packages/airflow/example_dags/example_dataset_alias_with_no_taskflow.py
[2026-05-28T14:40:02.374+0000] {processor.py:914} INFO - Processing file /home/airflow/.local/lib/python3.12/site-packages/airflow/example_dags/example_dataset_alias_with_no_taskflow.py for tasks to queue
[2026-05-28T14:40:02.377+0000] {logging_mixin.py:190} INFO - [2026-05-28T14:40:02.376+0000] {dagbag.py:588} INFO - Filling up the DagBag from /home/airflow/.local/lib/python3.12/site-packages/airflow/example_dags/example_dataset_alias_with_no_taskflow.py
[2026-05-28T14:40:10.870+0000] {processor.py:925} INFO - DAG(s) 'dataset_alias_example_alias_consumer_with_no_taskflow', 'dataset_alias_example_alias_producer_with_no_taskflow', 'dataset_s3_bucket_producer_with_no_taskflow', 'dataset_s3_bucket_consumer_with_no_taskflow' retrieved from /home/airflow/.local/lib/python3.12/site-packages/airflow/example_dags/example_dataset_alias_with_no_taskflow.py
[2026-05-28T14:40:10.902+0000] {logging_mixin.py:190} INFO - [2026-05-28T14:40:10.901+0000] {dag.py:3239} INFO - Sync 4 DAGs
[2026-05-28T14:40:10.927+0000] {logging_mixin.py:190} INFO - [2026-05-28T14:40:10.926+0000] {dag.py:4180} INFO - Setting next_dagrun for dataset_alias_example_alias_consumer_with_no_taskflow to None, run_after=None
[2026-05-28T14:40:10.931+0000] {logging_mixin.py:190} INFO - [2026-05-28T14:40:10.930+0000] {dag.py:4180} INFO - Setting next_dagrun for dataset_alias_example_alias_producer_with_no_taskflow to None, run_after=None
[2026-05-28T14:40:10.933+0000] {logging_mixin.py:190} INFO - [2026-05-28T14:40:10.933+0000] {dag.py:4180} INFO - Setting next_dagrun for dataset_s3_bucket_consumer_with_no_taskflow to None, run_after=None
[2026-05-28T14:40:10.936+0000] {logging_mixin.py:190} INFO - [2026-05-28T14:40:10.936+0000] {dag.py:4180} INFO - Setting next_dagrun for dataset_s3_bucket_producer_with_no_taskflow to None, run_after=None
[2026-05-28T14:40:11.039+0000] {processor.py:208} INFO - Processing /home/airflow/.local/lib/python3.12/site-packages/airflow/example_dags/example_dataset_alias_with_no_taskflow.py took 8.673 seconds
[2026-05-28T14:40:41.563+0000] {processor.py:186} INFO - Started process (PID=5685) to work on /home/airflow/.local/lib/python3.12/site-packages/airflow/example_dags/example_dataset_alias_with_no_taskflow.py
[2026-05-28T14:40:41.565+0000] {processor.py:914} INFO - Processing file /home/airflow/.local/lib/python3.12/site-packages/airflow/example_dags/example_dataset_alias_with_no_taskflow.py for tasks to queue
[2026-05-28T14:40:41.568+0000] {logging_mixin.py:190} INFO - [2026-05-28T14:40:41.567+0000] {dagbag.py:588} INFO - Filling up the DagBag from /home/airflow/.local/lib/python3.12/site-packages/airflow/example_dags/example_dataset_alias_with_no_taskflow.py
[2026-05-28T14:40:49.790+0000] {processor.py:925} INFO - DAG(s) 'dataset_s3_bucket_consumer_with_no_taskflow', 'dataset_alias_example_alias_consumer_with_no_taskflow', 'dataset_alias_example_alias_producer_with_no_taskflow', 'dataset_s3_bucket_producer_with_no_taskflow' retrieved from /home/airflow/.local/lib/python3.12/site-packages/airflow/example_dags/example_dataset_alias_with_no_taskflow.py
[2026-05-28T14:40:49.823+0000] {logging_mixin.py:190} INFO - [2026-05-28T14:40:49.823+0000] {dag.py:3239} INFO - Sync 4 DAGs
[2026-05-28T14:40:49.855+0000] {logging_mixin.py:190} INFO - [2026-05-28T14:40:49.855+0000] {dag.py:4180} INFO - Setting next_dagrun for dataset_alias_example_alias_consumer_with_no_taskflow to None, run_after=None
[2026-05-28T14:40:49.860+0000] {logging_mixin.py:190} INFO - [2026-05-28T14:40:49.860+0000] {dag.py:4180} INFO - Setting next_dagrun for dataset_alias_example_alias_producer_with_no_taskflow to None, run_after=None
[2026-05-28T14:40:49.863+0000] {logging_mixin.py:190} INFO - [2026-05-28T14:40:49.863+0000] {dag.py:4180} INFO - Setting next_dagrun for dataset_s3_bucket_consumer_with_no_taskflow to None, run_after=None
[2026-05-28T14:40:49.866+0000] {logging_mixin.py:190} INFO - [2026-05-28T14:40:49.866+0000] {dag.py:4180} INFO - Setting next_dagrun for dataset_s3_bucket_producer_with_no_taskflow to None, run_after=None
[2026-05-28T14:40:49.898+0000] {processor.py:208} INFO - Processing /home/airflow/.local/lib/python3.12/site-packages/airflow/example_dags/example_dataset_alias_with_no_taskflow.py took 8.346 seconds
[2026-05-28T14:41:20.157+0000] {processor.py:186} INFO - Started process (PID=5763) to work on /home/airflow/.local/lib/python3.12/site-packages/airflow/example_dags/example_dataset_alias_with_no_taskflow.py
[2026-05-28T14:41:20.159+0000] {processor.py:914} INFO - Processing file /home/airflow/.local/lib/python3.12/site-packages/airflow/example_dags/example_dataset_alias_with_no_taskflow.py for tasks to queue
[2026-05-28T14:41:20.163+0000] {logging_mixin.py:190} INFO - [2026-05-28T14:41:20.162+0000] {dagbag.py:588} INFO - Filling up the DagBag from /home/airflow/.local/lib/python3.12/site-packages/airflow/example_dags/example_dataset_alias_with_no_taskflow.py
[2026-05-28T14:41:28.231+0000] {processor.py:925} INFO - DAG(s) 'dataset_alias_example_alias_consumer_with_no_taskflow', 'dataset_s3_bucket_producer_with_no_taskflow', 'dataset_alias_example_alias_producer_with_no_taskflow', 'dataset_s3_bucket_consumer_with_no_taskflow' retrieved from /home/airflow/.local/lib/python3.12/site-packages/airflow/example_dags/example_dataset_alias_with_no_taskflow.py
[2026-05-28T14:41:28.264+0000] {logging_mixin.py:190} INFO - [2026-05-28T14:41:28.263+0000] {dag.py:3239} INFO - Sync 4 DAGs
[2026-05-28T14:41:28.292+0000] {logging_mixin.py:190} INFO - [2026-05-28T14:41:28.292+0000] {dag.py:4180} INFO - Setting next_dagrun for dataset_alias_example_alias_consumer_with_no_taskflow to None, run_after=None
[2026-05-28T14:41:28.297+0000] {logging_mixin.py:190} INFO - [2026-05-28T14:41:28.297+0000] {dag.py:4180} INFO - Setting next_dagrun for dataset_alias_example_alias_producer_with_no_taskflow to None, run_after=None
[2026-05-28T14:41:28.299+0000] {logging_mixin.py:190} INFO - [2026-05-28T14:41:28.299+0000] {dag.py:4180} INFO - Setting next_dagrun for dataset_s3_bucket_consumer_with_no_taskflow to None, run_after=None
[2026-05-28T14:41:28.303+0000] {logging_mixin.py:190} INFO - [2026-05-28T14:41:28.303+0000] {dag.py:4180} INFO - Setting next_dagrun for dataset_s3_bucket_producer_with_no_taskflow to None, run_after=None
[2026-05-28T14:41:28.334+0000] {processor.py:208} INFO - Processing /home/airflow/.local/lib/python3.12/site-packages/airflow/example_dags/example_dataset_alias_with_no_taskflow.py took 8.190 seconds
[2026-05-28T14:41:59.381+0000] {processor.py:186} INFO - Started process (PID=5833) to work on /home/airflow/.local/lib/python3.12/site-packages/airflow/example_dags/example_dataset_alias_with_no_taskflow.py
[2026-05-28T14:41:59.384+0000] {processor.py:914} INFO - Processing file /home/airflow/.local/lib/python3.12/site-packages/airflow/example_dags/example_dataset_alias_with_no_taskflow.py for tasks to queue
[2026-05-28T14:41:59.387+0000] {logging_mixin.py:190} INFO - [2026-05-28T14:41:59.387+0000] {dagbag.py:588} INFO - Filling up the DagBag from /home/airflow/.local/lib/python3.12/site-packages/airflow/example_dags/example_dataset_alias_with_no_taskflow.py
[2026-05-28T14:42:08.935+0000] {processor.py:925} INFO - DAG(s) 'dataset_alias_example_alias_producer_with_no_taskflow', 'dataset_alias_example_alias_consumer_with_no_taskflow', 'dataset_s3_bucket_consumer_with_no_taskflow', 'dataset_s3_bucket_producer_with_no_taskflow' retrieved from /home/airflow/.local/lib/python3.12/site-packages/airflow/example_dags/example_dataset_alias_with_no_taskflow.py
[2026-05-28T14:42:09.016+0000] {logging_mixin.py:190} INFO - [2026-05-28T14:42:09.015+0000] {dag.py:3239} INFO - Sync 4 DAGs
[2026-05-28T14:42:09.049+0000] {logging_mixin.py:190} INFO - [2026-05-28T14:42:09.048+0000] {dag.py:4180} INFO - Setting next_dagrun for dataset_alias_example_alias_consumer_with_no_taskflow to None, run_after=None
[2026-05-28T14:42:09.053+0000] {logging_mixin.py:190} INFO - [2026-05-28T14:42:09.053+0000] {dag.py:4180} INFO - Setting next_dagrun for dataset_alias_example_alias_producer_with_no_taskflow to None, run_after=None
[2026-05-28T14:42:09.056+0000] {logging_mixin.py:190} INFO - [2026-05-28T14:42:09.056+0000] {dag.py:4180} INFO - Setting next_dagrun for dataset_s3_bucket_consumer_with_no_taskflow to None, run_after=None
[2026-05-28T14:42:09.059+0000] {logging_mixin.py:190} INFO - [2026-05-28T14:42:09.058+0000] {dag.py:4180} INFO - Setting next_dagrun for dataset_s3_bucket_producer_with_no_taskflow to None, run_after=None
[2026-05-28T14:42:09.097+0000] {processor.py:208} INFO - Processing /home/airflow/.local/lib/python3.12/site-packages/airflow/example_dags/example_dataset_alias_with_no_taskflow.py took 9.726 seconds
[2026-05-28T14:42:39.617+0000] {processor.py:186} INFO - Started process (PID=5900) to work on /home/airflow/.local/lib/python3.12/site-packages/airflow/example_dags/example_dataset_alias_with_no_taskflow.py
[2026-05-28T14:42:39.620+0000] {processor.py:914} INFO - Processing file /home/airflow/.local/lib/python3.12/site-packages/airflow/example_dags/example_dataset_alias_with_no_taskflow.py for tasks to queue
[2026-05-28T14:42:39.624+0000] {logging_mixin.py:190} INFO - [2026-05-28T14:42:39.623+0000] {dagbag.py:588} INFO - Filling up the DagBag from /home/airflow/.local/lib/python3.12/site-packages/airflow/example_dags/example_dataset_alias_with_no_taskflow.py
[2026-05-28T14:42:48.370+0000] {processor.py:925} INFO - DAG(s) 'dataset_alias_example_alias_consumer_with_no_taskflow', 'dataset_s3_bucket_consumer_with_no_taskflow', 'dataset_alias_example_alias_producer_with_no_taskflow', 'dataset_s3_bucket_producer_with_no_taskflow' retrieved from /home/airflow/.local/lib/python3.12/site-packages/airflow/example_dags/example_dataset_alias_with_no_taskflow.py
[2026-05-28T14:42:48.404+0000] {logging_mixin.py:190} INFO - [2026-05-28T14:42:48.403+0000] {dag.py:3239} INFO - Sync 4 DAGs
[2026-05-28T14:42:48.431+0000] {logging_mixin.py:190} INFO - [2026-05-28T14:42:48.430+0000] {dag.py:4180} INFO - Setting next_dagrun for dataset_alias_example_alias_consumer_with_no_taskflow to None, run_after=None
[2026-05-28T14:42:48.436+0000] {logging_mixin.py:190} INFO - [2026-05-28T14:42:48.436+0000] {dag.py:4180} INFO - Setting next_dagrun for dataset_alias_example_alias_producer_with_no_taskflow to None, run_after=None
[2026-05-28T14:42:48.439+0000] {logging_mixin.py:190} INFO - [2026-05-28T14:42:48.439+0000] {dag.py:4180} INFO - Setting next_dagrun for dataset_s3_bucket_consumer_with_no_taskflow to None, run_after=None
[2026-05-28T14:42:48.442+0000] {logging_mixin.py:190} INFO - [2026-05-28T14:42:48.442+0000] {dag.py:4180} INFO - Setting next_dagrun for dataset_s3_bucket_producer_with_no_taskflow to None, run_after=None
[2026-05-28T14:42:48.476+0000] {processor.py:208} INFO - Processing /home/airflow/.local/lib/python3.12/site-packages/airflow/example_dags/example_dataset_alias_with_no_taskflow.py took 8.892 seconds
[2026-05-28T14:43:19.000+0000] {processor.py:186} INFO - Started process (PID=5980) to work on /home/airflow/.local/lib/python3.12/site-packages/airflow/example_dags/example_dataset_alias_with_no_taskflow.py
[2026-05-28T14:43:19.003+0000] {processor.py:914} INFO - Processing file /home/airflow/.local/lib/python3.12/site-packages/airflow/example_dags/example_dataset_alias_with_no_taskflow.py for tasks to queue
[2026-05-28T14:43:19.008+0000] {logging_mixin.py:190} INFO - [2026-05-28T14:43:19.006+0000] {dagbag.py:588} INFO - Filling up the DagBag from /home/airflow/.local/lib/python3.12/site-packages/airflow/example_dags/example_dataset_alias_with_no_taskflow.py
[2026-05-28T14:43:28.674+0000] {processor.py:925} INFO - DAG(s) 'dataset_alias_example_alias_consumer_with_no_taskflow', 'dataset_s3_bucket_producer_with_no_taskflow', 'dataset_alias_example_alias_producer_with_no_taskflow', 'dataset_s3_bucket_consumer_with_no_taskflow' retrieved from /home/airflow/.local/lib/python3.12/site-packages/airflow/example_dags/example_dataset_alias_with_no_taskflow.py
[2026-05-28T14:43:28.711+0000] {logging_mixin.py:190} INFO - [2026-05-28T14:43:28.710+0000] {dag.py:3239} INFO - Sync 4 DAGs
[2026-05-28T14:43:28.740+0000] {logging_mixin.py:190} INFO - [2026-05-28T14:43:28.739+0000] {dag.py:4180} INFO - Setting next_dagrun for dataset_alias_example_alias_consumer_with_no_taskflow to None, run_after=None
[2026-05-28T14:43:28.745+0000] {logging_mixin.py:190} INFO - [2026-05-28T14:43:28.745+0000] {dag.py:4180} INFO - Setting next_dagrun for dataset_alias_example_alias_producer_with_no_taskflow to None, run_after=None
[2026-05-28T14:43:28.749+0000] {logging_mixin.py:190} INFO - [2026-05-28T14:43:28.748+0000] {dag.py:4180} INFO - Setting next_dagrun for dataset_s3_bucket_consumer_with_no_taskflow to None, run_after=None
[2026-05-28T14:43:28.752+0000] {logging_mixin.py:190} INFO - [2026-05-28T14:43:28.752+0000] {dag.py:4180} INFO - Setting next_dagrun for dataset_s3_bucket_producer_with_no_taskflow to None, run_after=None
[2026-05-28T14:43:28.790+0000] {processor.py:208} INFO - Processing /home/airflow/.local/lib/python3.12/site-packages/airflow/example_dags/example_dataset_alias_with_no_taskflow.py took 9.802 seconds
[2026-05-28T14:44:00.228+0000] {processor.py:186} INFO - Started process (PID=6054) to work on /home/airflow/.local/lib/python3.12/site-packages/airflow/example_dags/example_dataset_alias_with_no_taskflow.py
[2026-05-28T14:44:00.230+0000] {processor.py:914} INFO - Processing file /home/airflow/.local/lib/python3.12/site-packages/airflow/example_dags/example_dataset_alias_with_no_taskflow.py for tasks to queue
[2026-05-28T14:44:00.232+0000] {logging_mixin.py:190} INFO - [2026-05-28T14:44:00.232+0000] {dagbag.py:588} INFO - Filling up the DagBag from /home/airflow/.local/lib/python3.12/site-packages/airflow/example_dags/example_dataset_alias_with_no_taskflow.py
[2026-05-28T14:44:10.068+0000] {processor.py:925} INFO - DAG(s) 'dataset_s3_bucket_consumer_with_no_taskflow', 'dataset_alias_example_alias_producer_with_no_taskflow', 'dataset_alias_example_alias_consumer_with_no_taskflow', 'dataset_s3_bucket_producer_with_no_taskflow' retrieved from /home/airflow/.local/lib/python3.12/site-packages/airflow/example_dags/example_dataset_alias_with_no_taskflow.py
[2026-05-28T14:44:10.107+0000] {logging_mixin.py:190} INFO - [2026-05-28T14:44:10.107+0000] {dag.py:3239} INFO - Sync 4 DAGs
[2026-05-28T14:44:10.138+0000] {logging_mixin.py:190} INFO - [2026-05-28T14:44:10.138+0000] {dag.py:4180} INFO - Setting next_dagrun for dataset_alias_example_alias_consumer_with_no_taskflow to None, run_after=None
[2026-05-28T14:44:10.153+0000] {logging_mixin.py:190} INFO - [2026-05-28T14:44:10.153+0000] {dag.py:4180} INFO - Setting next_dagrun for dataset_alias_example_alias_producer_with_no_taskflow to None, run_after=None
[2026-05-28T14:44:10.156+0000] {logging_mixin.py:190} INFO - [2026-05-28T14:44:10.156+0000] {dag.py:4180} INFO - Setting next_dagrun for dataset_s3_bucket_consumer_with_no_taskflow to None, run_after=None
[2026-05-28T14:44:10.159+0000] {logging_mixin.py:190} INFO - [2026-05-28T14:44:10.158+0000] {dag.py:4180} INFO - Setting next_dagrun for dataset_s3_bucket_producer_with_no_taskflow to None, run_after=None
[2026-05-28T14:44:10.199+0000] {processor.py:208} INFO - Processing /home/airflow/.local/lib/python3.12/site-packages/airflow/example_dags/example_dataset_alias_with_no_taskflow.py took 9.983 seconds
[2026-05-28T14:44:40.643+0000] {processor.py:186} INFO - Started process (PID=6127) to work on /home/airflow/.local/lib/python3.12/site-packages/airflow/example_dags/example_dataset_alias_with_no_taskflow.py
[2026-05-28T14:44:40.645+0000] {processor.py:914} INFO - Processing file /home/airflow/.local/lib/python3.12/site-packages/airflow/example_dags/example_dataset_alias_with_no_taskflow.py for tasks to queue
[2026-05-28T14:44:40.648+0000] {logging_mixin.py:190} INFO - [2026-05-28T14:44:40.648+0000] {dagbag.py:588} INFO - Filling up the DagBag from /home/airflow/.local/lib/python3.12/site-packages/airflow/example_dags/example_dataset_alias_with_no_taskflow.py
[2026-05-28T14:44:49.674+0000] {processor.py:925} INFO - DAG(s) 'dataset_alias_example_alias_producer_with_no_taskflow', 'dataset_s3_bucket_producer_with_no_taskflow', 'dataset_s3_bucket_consumer_with_no_taskflow', 'dataset_alias_example_alias_consumer_with_no_taskflow' retrieved from /home/airflow/.local/lib/python3.12/site-packages/airflow/example_dags/example_dataset_alias_with_no_taskflow.py
[2026-05-28T14:44:49.771+0000] {logging_mixin.py:190} INFO - [2026-05-28T14:44:49.766+0000] {dag.py:3239} INFO - Sync 4 DAGs
[2026-05-28T14:44:49.849+0000] {logging_mixin.py:190} INFO - [2026-05-28T14:44:49.848+0000] {dag.py:4180} INFO - Setting next_dagrun for dataset_alias_example_alias_consumer_with_no_taskflow to None, run_after=None
[2026-05-28T14:44:49.865+0000] {logging_mixin.py:190} INFO - [2026-05-28T14:44:49.864+0000] {dag.py:4180} INFO - Setting next_dagrun for dataset_alias_example_alias_producer_with_no_taskflow to None, run_after=None
[2026-05-28T14:44:49.870+0000] {logging_mixin.py:190} INFO - [2026-05-28T14:44:49.869+0000] {dag.py:4180} INFO - Setting next_dagrun for dataset_s3_bucket_consumer_with_no_taskflow to None, run_after=None
[2026-05-28T14:44:49.883+0000] {logging_mixin.py:190} INFO - [2026-05-28T14:44:49.883+0000] {dag.py:4180} INFO - Setting next_dagrun for dataset_s3_bucket_producer_with_no_taskflow to None, run_after=None
[2026-05-28T14:44:49.945+0000] {processor.py:208} INFO - Processing /home/airflow/.local/lib/python3.12/site-packages/airflow/example_dags/example_dataset_alias_with_no_taskflow.py took 9.313 seconds
[2026-05-28T14:45:20.793+0000] {processor.py:186} INFO - Started process (PID=6206) to work on /home/airflow/.local/lib/python3.12/site-packages/airflow/example_dags/example_dataset_alias_with_no_taskflow.py
[2026-05-28T14:45:20.795+0000] {processor.py:914} INFO - Processing file /home/airflow/.local/lib/python3.12/site-packages/airflow/example_dags/example_dataset_alias_with_no_taskflow.py for tasks to queue
[2026-05-28T14:45:20.798+0000] {logging_mixin.py:190} INFO - [2026-05-28T14:45:20.797+0000] {dagbag.py:588} INFO - Filling up the DagBag from /home/airflow/.local/lib/python3.12/site-packages/airflow/example_dags/example_dataset_alias_with_no_taskflow.py
[2026-05-28T14:45:29.427+0000] {processor.py:925} INFO - DAG(s) 'dataset_alias_example_alias_consumer_with_no_taskflow', 'dataset_s3_bucket_producer_with_no_taskflow', 'dataset_s3_bucket_consumer_with_no_taskflow', 'dataset_alias_example_alias_producer_with_no_taskflow' retrieved from /home/airflow/.local/lib/python3.12/site-packages/airflow/example_dags/example_dataset_alias_with_no_taskflow.py
[2026-05-28T14:45:29.458+0000] {logging_mixin.py:190} INFO - [2026-05-28T14:45:29.457+0000] {dag.py:3239} INFO - Sync 4 DAGs
[2026-05-28T14:45:29.486+0000] {logging_mixin.py:190} INFO - [2026-05-28T14:45:29.485+0000] {dag.py:4180} INFO - Setting next_dagrun for dataset_alias_example_alias_consumer_with_no_taskflow to None, run_after=None
[2026-05-28T14:45:29.491+0000] {logging_mixin.py:190} INFO - [2026-05-28T14:45:29.491+0000] {dag.py:4180} INFO - Setting next_dagrun for dataset_alias_example_alias_producer_with_no_taskflow to None, run_after=None
[2026-05-28T14:45:29.494+0000] {logging_mixin.py:190} INFO - [2026-05-28T14:45:29.494+0000] {dag.py:4180} INFO - Setting next_dagrun for dataset_s3_bucket_consumer_with_no_taskflow to None, run_after=None
[2026-05-28T14:45:29.496+0000] {logging_mixin.py:190} INFO - [2026-05-28T14:45:29.496+0000] {dag.py:4180} INFO - Setting next_dagrun for dataset_s3_bucket_producer_with_no_taskflow to None, run_after=None
[2026-05-28T14:45:29.836+0000] {processor.py:208} INFO - Processing /home/airflow/.local/lib/python3.12/site-packages/airflow/example_dags/example_dataset_alias_with_no_taskflow.py took 9.054 seconds
[2026-05-28T14:46:00.006+0000] {processor.py:186} INFO - Started process (PID=6283) to work on /home/airflow/.local/lib/python3.12/site-packages/airflow/example_dags/example_dataset_alias_with_no_taskflow.py
[2026-05-28T14:46:00.008+0000] {processor.py:914} INFO - Processing file /home/airflow/.local/lib/python3.12/site-packages/airflow/example_dags/example_dataset_alias_with_no_taskflow.py for tasks to queue
[2026-05-28T14:46:00.012+0000] {logging_mixin.py:190} INFO - [2026-05-28T14:46:00.011+0000] {dagbag.py:588} INFO - Filling up the DagBag from /home/airflow/.local/lib/python3.12/site-packages/airflow/example_dags/example_dataset_alias_with_no_taskflow.py
[2026-05-28T14:46:08.169+0000] {processor.py:925} INFO - DAG(s) 'dataset_alias_example_alias_consumer_with_no_taskflow', 'dataset_alias_example_alias_producer_with_no_taskflow', 'dataset_s3_bucket_consumer_with_no_taskflow', 'dataset_s3_bucket_producer_with_no_taskflow' retrieved from /home/airflow/.local/lib/python3.12/site-packages/airflow/example_dags/example_dataset_alias_with_no_taskflow.py
[2026-05-28T14:46:08.202+0000] {logging_mixin.py:190} INFO - [2026-05-28T14:46:08.202+0000] {dag.py:3239} INFO - Sync 4 DAGs
[2026-05-28T14:46:08.232+0000] {logging_mixin.py:190} INFO - [2026-05-28T14:46:08.232+0000] {dag.py:4180} INFO - Setting next_dagrun for dataset_alias_example_alias_consumer_with_no_taskflow to None, run_after=None
[2026-05-28T14:46:08.239+0000] {logging_mixin.py:190} INFO - [2026-05-28T14:46:08.238+0000] {dag.py:4180} INFO - Setting next_dagrun for dataset_alias_example_alias_producer_with_no_taskflow to None, run_after=None
[2026-05-28T14:46:08.242+0000] {logging_mixin.py:190} INFO - [2026-05-28T14:46:08.242+0000] {dag.py:4180} INFO - Setting next_dagrun for dataset_s3_bucket_consumer_with_no_taskflow to None, run_after=None
[2026-05-28T14:46:08.245+0000] {logging_mixin.py:190} INFO - [2026-05-28T14:46:08.245+0000] {dag.py:4180} INFO - Setting next_dagrun for dataset_s3_bucket_producer_with_no_taskflow to None, run_after=None
[2026-05-28T14:46:08.560+0000] {processor.py:208} INFO - Processing /home/airflow/.local/lib/python3.12/site-packages/airflow/example_dags/example_dataset_alias_with_no_taskflow.py took 8.567 seconds
[2026-05-28T14:46:41.034+0000] {processor.py:186} INFO - Started process (PID=6370) to work on /home/airflow/.local/lib/python3.12/site-packages/airflow/example_dags/example_dataset_alias_with_no_taskflow.py
[2026-05-28T14:46:41.036+0000] {processor.py:914} INFO - Processing file /home/airflow/.local/lib/python3.12/site-packages/airflow/example_dags/example_dataset_alias_with_no_taskflow.py for tasks to queue
[2026-05-28T14:46:41.039+0000] {logging_mixin.py:190} INFO - [2026-05-28T14:46:41.038+0000] {dagbag.py:588} INFO - Filling up the DagBag from /home/airflow/.local/lib/python3.12/site-packages/airflow/example_dags/example_dataset_alias_with_no_taskflow.py
[2026-05-28T14:46:49.410+0000] {processor.py:925} INFO - DAG(s) 'dataset_s3_bucket_consumer_with_no_taskflow', 'dataset_alias_example_alias_producer_with_no_taskflow', 'dataset_alias_example_alias_consumer_with_no_taskflow', 'dataset_s3_bucket_producer_with_no_taskflow' retrieved from /home/airflow/.local/lib/python3.12/site-packages/airflow/example_dags/example_dataset_alias_with_no_taskflow.py
[2026-05-28T14:46:49.440+0000] {logging_mixin.py:190} INFO - [2026-05-28T14:46:49.439+0000] {dag.py:3239} INFO - Sync 4 DAGs
[2026-05-28T14:46:49.469+0000] {logging_mixin.py:190} INFO - [2026-05-28T14:46:49.468+0000] {dag.py:4180} INFO - Setting next_dagrun for dataset_alias_example_alias_consumer_with_no_taskflow to None, run_after=None
[2026-05-28T14:46:49.473+0000] {logging_mixin.py:190} INFO - [2026-05-28T14:46:49.472+0000] {dag.py:4180} INFO - Setting next_dagrun for dataset_alias_example_alias_producer_with_no_taskflow to None, run_after=None
[2026-05-28T14:46:49.475+0000] {logging_mixin.py:190} INFO - [2026-05-28T14:46:49.475+0000] {dag.py:4180} INFO - Setting next_dagrun for dataset_s3_bucket_consumer_with_no_taskflow to None, run_after=None
[2026-05-28T14:46:49.478+0000] {logging_mixin.py:190} INFO - [2026-05-28T14:46:49.478+0000] {dag.py:4180} INFO - Setting next_dagrun for dataset_s3_bucket_producer_with_no_taskflow to None, run_after=None
[2026-05-28T14:46:49.513+0000] {processor.py:208} INFO - Processing /home/airflow/.local/lib/python3.12/site-packages/airflow/example_dags/example_dataset_alias_with_no_taskflow.py took 8.489 seconds
[2026-05-28T14:47:20.101+0000] {processor.py:186} INFO - Started process (PID=6448) to work on /home/airflow/.local/lib/python3.12/site-packages/airflow/example_dags/example_dataset_alias_with_no_taskflow.py
[2026-05-28T14:47:20.105+0000] {processor.py:914} INFO - Processing file /home/airflow/.local/lib/python3.12/site-packages/airflow/example_dags/example_dataset_alias_with_no_taskflow.py for tasks to queue
[2026-05-28T14:47:20.110+0000] {logging_mixin.py:190} INFO - [2026-05-28T14:47:20.109+0000] {dagbag.py:588} INFO - Filling up the DagBag from /home/airflow/.local/lib/python3.12/site-packages/airflow/example_dags/example_dataset_alias_with_no_taskflow.py
[2026-05-28T14:47:29.681+0000] {processor.py:925} INFO - DAG(s) 'dataset_s3_bucket_consumer_with_no_taskflow', 'dataset_alias_example_alias_producer_with_no_taskflow', 'dataset_alias_example_alias_consumer_with_no_taskflow', 'dataset_s3_bucket_producer_with_no_taskflow' retrieved from /home/airflow/.local/lib/python3.12/site-packages/airflow/example_dags/example_dataset_alias_with_no_taskflow.py
[2026-05-28T14:47:29.726+0000] {logging_mixin.py:190} INFO - [2026-05-28T14:47:29.724+0000] {dag.py:3239} INFO - Sync 4 DAGs
[2026-05-28T14:47:29.766+0000] {logging_mixin.py:190} INFO - [2026-05-28T14:47:29.765+0000] {dag.py:4180} INFO - Setting next_dagrun for dataset_alias_example_alias_consumer_with_no_taskflow to None, run_after=None
[2026-05-28T14:47:29.772+0000] {logging_mixin.py:190} INFO - [2026-05-28T14:47:29.771+0000] {dag.py:4180} INFO - Setting next_dagrun for dataset_alias_example_alias_producer_with_no_taskflow to None, run_after=None
[2026-05-28T14:47:29.779+0000] {logging_mixin.py:190} INFO - [2026-05-28T14:47:29.777+0000] {dag.py:4180} INFO - Setting next_dagrun for dataset_s3_bucket_consumer_with_no_taskflow to None, run_after=None
[2026-05-28T14:47:29.784+0000] {logging_mixin.py:190} INFO - [2026-05-28T14:47:29.783+0000] {dag.py:4180} INFO - Setting next_dagrun for dataset_s3_bucket_producer_with_no_taskflow to None, run_after=None
[2026-05-28T14:47:29.835+0000] {processor.py:208} INFO - Processing /home/airflow/.local/lib/python3.12/site-packages/airflow/example_dags/example_dataset_alias_with_no_taskflow.py took 9.752 seconds
[2026-05-28T14:48:00.407+0000] {processor.py:186} INFO - Started process (PID=6522) to work on /home/airflow/.local/lib/python3.12/site-packages/airflow/example_dags/example_dataset_alias_with_no_taskflow.py
[2026-05-28T14:48:00.409+0000] {processor.py:914} INFO - Processing file /home/airflow/.local/lib/python3.12/site-packages/airflow/example_dags/example_dataset_alias_with_no_taskflow.py for tasks to queue
[2026-05-28T14:48:00.412+0000] {logging_mixin.py:190} INFO - [2026-05-28T14:48:00.411+0000] {dagbag.py:588} INFO - Filling up the DagBag from /home/airflow/.local/lib/python3.12/site-packages/airflow/example_dags/example_dataset_alias_with_no_taskflow.py
[2026-05-28T14:48:10.499+0000] {processor.py:925} INFO - DAG(s) 'dataset_alias_example_alias_consumer_with_no_taskflow', 'dataset_s3_bucket_producer_with_no_taskflow', 'dataset_alias_example_alias_producer_with_no_taskflow', 'dataset_s3_bucket_consumer_with_no_taskflow' retrieved from /home/airflow/.local/lib/python3.12/site-packages/airflow/example_dags/example_dataset_alias_with_no_taskflow.py
[2026-05-28T14:48:10.539+0000] {logging_mixin.py:190} INFO - [2026-05-28T14:48:10.536+0000] {dag.py:3239} INFO - Sync 4 DAGs
[2026-05-28T14:48:10.602+0000] {logging_mixin.py:190} INFO - [2026-05-28T14:48:10.601+0000] {dag.py:4180} INFO - Setting next_dagrun for dataset_alias_example_alias_consumer_with_no_taskflow to None, run_after=None
[2026-05-28T14:48:10.606+0000] {logging_mixin.py:190} INFO - [2026-05-28T14:48:10.606+0000] {dag.py:4180} INFO - Setting next_dagrun for dataset_alias_example_alias_producer_with_no_taskflow to None, run_after=None
[2026-05-28T14:48:10.609+0000] {logging_mixin.py:190} INFO - [2026-05-28T14:48:10.609+0000] {dag.py:4180} INFO - Setting next_dagrun for dataset_s3_bucket_consumer_with_no_taskflow to None, run_after=None
[2026-05-28T14:48:10.612+0000] {logging_mixin.py:190} INFO - [2026-05-28T14:48:10.612+0000] {dag.py:4180} INFO - Setting next_dagrun for dataset_s3_bucket_producer_with_no_taskflow to None, run_after=None
[2026-05-28T14:48:10.657+0000] {processor.py:208} INFO - Processing /home/airflow/.local/lib/python3.12/site-packages/airflow/example_dags/example_dataset_alias_with_no_taskflow.py took 10.270 seconds
[2026-05-28T14:48:40.905+0000] {processor.py:186} INFO - Started process (PID=6594) to work on /home/airflow/.local/lib/python3.12/site-packages/airflow/example_dags/example_dataset_alias_with_no_taskflow.py
[2026-05-28T14:48:40.907+0000] {processor.py:914} INFO - Processing file /home/airflow/.local/lib/python3.12/site-packages/airflow/example_dags/example_dataset_alias_with_no_taskflow.py for tasks to queue
[2026-05-28T14:48:40.910+0000] {logging_mixin.py:190} INFO - [2026-05-28T14:48:40.909+0000] {dagbag.py:588} INFO - Filling up the DagBag from /home/airflow/.local/lib/python3.12/site-packages/airflow/example_dags/example_dataset_alias_with_no_taskflow.py
[2026-05-28T14:48:50.317+0000] {processor.py:925} INFO - DAG(s) 'dataset_alias_example_alias_consumer_with_no_taskflow', 'dataset_s3_bucket_producer_with_no_taskflow', 'dataset_alias_example_alias_producer_with_no_taskflow', 'dataset_s3_bucket_consumer_with_no_taskflow' retrieved from /home/airflow/.local/lib/python3.12/site-packages/airflow/example_dags/example_dataset_alias_with_no_taskflow.py
[2026-05-28T14:48:50.351+0000] {logging_mixin.py:190} INFO - [2026-05-28T14:48:50.350+0000] {dag.py:3239} INFO - Sync 4 DAGs
[2026-05-28T14:48:50.380+0000] {logging_mixin.py:190} INFO - [2026-05-28T14:48:50.380+0000] {dag.py:4180} INFO - Setting next_dagrun for dataset_alias_example_alias_consumer_with_no_taskflow to None, run_after=None
[2026-05-28T14:48:50.387+0000] {logging_mixin.py:190} INFO - [2026-05-28T14:48:50.387+0000] {dag.py:4180} INFO - Setting next_dagrun for dataset_alias_example_alias_producer_with_no_taskflow to None, run_after=None
[2026-05-28T14:48:50.391+0000] {logging_mixin.py:190} INFO - [2026-05-28T14:48:50.390+0000] {dag.py:4180} INFO - Setting next_dagrun for dataset_s3_bucket_consumer_with_no_taskflow to None, run_after=None
[2026-05-28T14:48:50.394+0000] {logging_mixin.py:190} INFO - [2026-05-28T14:48:50.394+0000] {dag.py:4180} INFO - Setting next_dagrun for dataset_s3_bucket_producer_with_no_taskflow to None, run_after=None
[2026-05-28T14:48:50.446+0000] {processor.py:208} INFO - Processing /home/airflow/.local/lib/python3.12/site-packages/airflow/example_dags/example_dataset_alias_with_no_taskflow.py took 9.549 seconds
[2026-05-28T14:49:21.879+0000] {processor.py:186} INFO - Started process (PID=6675) to work on /home/airflow/.local/lib/python3.12/site-packages/airflow/example_dags/example_dataset_alias_with_no_taskflow.py
[2026-05-28T14:49:21.881+0000] {processor.py:914} INFO - Processing file /home/airflow/.local/lib/python3.12/site-packages/airflow/example_dags/example_dataset_alias_with_no_taskflow.py for tasks to queue
[2026-05-28T14:49:21.885+0000] {logging_mixin.py:190} INFO - [2026-05-28T14:49:21.883+0000] {dagbag.py:588} INFO - Filling up the DagBag from /home/airflow/.local/lib/python3.12/site-packages/airflow/example_dags/example_dataset_alias_with_no_taskflow.py
[2026-05-28T14:49:31.255+0000] {processor.py:925} INFO - DAG(s) 'dataset_s3_bucket_producer_with_no_taskflow', 'dataset_alias_example_alias_consumer_with_no_taskflow', 'dataset_alias_example_alias_producer_with_no_taskflow', 'dataset_s3_bucket_consumer_with_no_taskflow' retrieved from /home/airflow/.local/lib/python3.12/site-packages/airflow/example_dags/example_dataset_alias_with_no_taskflow.py
[2026-05-28T14:49:31.288+0000] {logging_mixin.py:190} INFO - [2026-05-28T14:49:31.287+0000] {dag.py:3239} INFO - Sync 4 DAGs
[2026-05-28T14:49:31.636+0000] {logging_mixin.py:190} INFO - [2026-05-28T14:49:31.635+0000] {dag.py:4180} INFO - Setting next_dagrun for dataset_alias_example_alias_consumer_with_no_taskflow to None, run_after=None
[2026-05-28T14:49:31.640+0000] {logging_mixin.py:190} INFO - [2026-05-28T14:49:31.640+0000] {dag.py:4180} INFO - Setting next_dagrun for dataset_alias_example_alias_producer_with_no_taskflow to None, run_after=None
[2026-05-28T14:49:31.644+0000] {logging_mixin.py:190} INFO - [2026-05-28T14:49:31.643+0000] {dag.py:4180} INFO - Setting next_dagrun for dataset_s3_bucket_consumer_with_no_taskflow to None, run_after=None
[2026-05-28T14:49:31.647+0000] {logging_mixin.py:190} INFO - [2026-05-28T14:49:31.647+0000] {dag.py:4180} INFO - Setting next_dagrun for dataset_s3_bucket_producer_with_no_taskflow to None, run_after=None
[2026-05-28T14:49:31.688+0000] {processor.py:208} INFO - Processing /home/airflow/.local/lib/python3.12/site-packages/airflow/example_dags/example_dataset_alias_with_no_taskflow.py took 9.821 seconds
[2026-05-28T14:50:02.302+0000] {processor.py:186} INFO - Started process (PID=6749) to work on /home/airflow/.local/lib/python3.12/site-packages/airflow/example_dags/example_dataset_alias_with_no_taskflow.py
[2026-05-28T14:50:02.304+0000] {processor.py:914} INFO - Processing file /home/airflow/.local/lib/python3.12/site-packages/airflow/example_dags/example_dataset_alias_with_no_taskflow.py for tasks to queue
[2026-05-28T14:50:02.307+0000] {logging_mixin.py:190} INFO - [2026-05-28T14:50:02.306+0000] {dagbag.py:588} INFO - Filling up the DagBag from /home/airflow/.local/lib/python3.12/site-packages/airflow/example_dags/example_dataset_alias_with_no_taskflow.py
[2026-05-28T14:50:11.645+0000] {processor.py:925} INFO - DAG(s) 'dataset_s3_bucket_consumer_with_no_taskflow', 'dataset_s3_bucket_producer_with_no_taskflow', 'dataset_alias_example_alias_consumer_with_no_taskflow', 'dataset_alias_example_alias_producer_with_no_taskflow' retrieved from /home/airflow/.local/lib/python3.12/site-packages/airflow/example_dags/example_dataset_alias_with_no_taskflow.py
[2026-05-28T14:50:11.685+0000] {logging_mixin.py:190} INFO - [2026-05-28T14:50:11.684+0000] {dag.py:3239} INFO - Sync 4 DAGs
[2026-05-28T14:50:11.722+0000] {logging_mixin.py:190} INFO - [2026-05-28T14:50:11.721+0000] {dag.py:4180} INFO - Setting next_dagrun for dataset_alias_example_alias_consumer_with_no_taskflow to None, run_after=None
[2026-05-28T14:50:11.727+0000] {logging_mixin.py:190} INFO - [2026-05-28T14:50:11.727+0000] {dag.py:4180} INFO - Setting next_dagrun for dataset_alias_example_alias_producer_with_no_taskflow to None, run_after=None
[2026-05-28T14:50:11.730+0000] {logging_mixin.py:190} INFO - [2026-05-28T14:50:11.730+0000] {dag.py:4180} INFO - Setting next_dagrun for dataset_s3_bucket_consumer_with_no_taskflow to None, run_after=None
[2026-05-28T14:50:11.734+0000] {logging_mixin.py:190} INFO - [2026-05-28T14:50:11.734+0000] {dag.py:4180} INFO - Setting next_dagrun for dataset_s3_bucket_producer_with_no_taskflow to None, run_after=None
[2026-05-28T14:50:11.769+0000] {processor.py:208} INFO - Processing /home/airflow/.local/lib/python3.12/site-packages/airflow/example_dags/example_dataset_alias_with_no_taskflow.py took 9.475 seconds
[2026-05-28T14:50:42.648+0000] {processor.py:186} INFO - Started process (PID=6826) to work on /home/airflow/.local/lib/python3.12/site-packages/airflow/example_dags/example_dataset_alias_with_no_taskflow.py
[2026-05-28T14:50:42.650+0000] {processor.py:914} INFO - Processing file /home/airflow/.local/lib/python3.12/site-packages/airflow/example_dags/example_dataset_alias_with_no_taskflow.py for tasks to queue
[2026-05-28T14:50:42.652+0000] {logging_mixin.py:190} INFO - [2026-05-28T14:50:42.652+0000] {dagbag.py:588} INFO - Filling up the DagBag from /home/airflow/.local/lib/python3.12/site-packages/airflow/example_dags/example_dataset_alias_with_no_taskflow.py
[2026-05-28T14:50:52.845+0000] {processor.py:925} INFO - DAG(s) 'dataset_s3_bucket_consumer_with_no_taskflow', 'dataset_alias_example_alias_consumer_with_no_taskflow', 'dataset_alias_example_alias_producer_with_no_taskflow', 'dataset_s3_bucket_producer_with_no_taskflow' retrieved from /home/airflow/.local/lib/python3.12/site-packages/airflow/example_dags/example_dataset_alias_with_no_taskflow.py
[2026-05-28T14:50:52.874+0000] {logging_mixin.py:190} INFO - [2026-05-28T14:50:52.873+0000] {dag.py:3239} INFO - Sync 4 DAGs
[2026-05-28T14:50:52.896+0000] {logging_mixin.py:190} INFO - [2026-05-28T14:50:52.895+0000] {dag.py:4180} INFO - Setting next_dagrun for dataset_alias_example_alias_consumer_with_no_taskflow to None, run_after=None
[2026-05-28T14:50:52.900+0000] {logging_mixin.py:190} INFO - [2026-05-28T14:50:52.900+0000] {dag.py:4180} INFO - Setting next_dagrun for dataset_alias_example_alias_producer_with_no_taskflow to None, run_after=None
[2026-05-28T14:50:52.903+0000] {logging_mixin.py:190} INFO - [2026-05-28T14:50:52.902+0000] {dag.py:4180} INFO - Setting next_dagrun for dataset_s3_bucket_consumer_with_no_taskflow to None, run_after=None
[2026-05-28T14:50:52.905+0000] {logging_mixin.py:190} INFO - [2026-05-28T14:50:52.905+0000] {dag.py:4180} INFO - Setting next_dagrun for dataset_s3_bucket_producer_with_no_taskflow to None, run_after=None
[2026-05-28T14:50:52.943+0000] {processor.py:208} INFO - Processing /home/airflow/.local/lib/python3.12/site-packages/airflow/example_dags/example_dataset_alias_with_no_taskflow.py took 10.305 seconds
[2026-05-28T14:51:23.200+0000] {processor.py:186} INFO - Started process (PID=6908) to work on /home/airflow/.local/lib/python3.12/site-packages/airflow/example_dags/example_dataset_alias_with_no_taskflow.py
[2026-05-28T14:51:23.202+0000] {processor.py:914} INFO - Processing file /home/airflow/.local/lib/python3.12/site-packages/airflow/example_dags/example_dataset_alias_with_no_taskflow.py for tasks to queue
[2026-05-28T14:51:23.204+0000] {logging_mixin.py:190} INFO - [2026-05-28T14:51:23.204+0000] {dagbag.py:588} INFO - Filling up the DagBag from /home/airflow/.local/lib/python3.12/site-packages/airflow/example_dags/example_dataset_alias_with_no_taskflow.py
[2026-05-28T14:51:34.154+0000] {processor.py:925} INFO - DAG(s) 'dataset_alias_example_alias_consumer_with_no_taskflow', 'dataset_s3_bucket_consumer_with_no_taskflow', 'dataset_alias_example_alias_producer_with_no_taskflow', 'dataset_s3_bucket_producer_with_no_taskflow' retrieved from /home/airflow/.local/lib/python3.12/site-packages/airflow/example_dags/example_dataset_alias_with_no_taskflow.py
[2026-05-28T14:51:34.196+0000] {logging_mixin.py:190} INFO - [2026-05-28T14:51:34.195+0000] {dag.py:3239} INFO - Sync 4 DAGs
[2026-05-28T14:51:34.232+0000] {logging_mixin.py:190} INFO - [2026-05-28T14:51:34.231+0000] {dag.py:4180} INFO - Setting next_dagrun for dataset_alias_example_alias_consumer_with_no_taskflow to None, run_after=None
[2026-05-28T14:51:34.239+0000] {logging_mixin.py:190} INFO - [2026-05-28T14:51:34.238+0000] {dag.py:4180} INFO - Setting next_dagrun for dataset_alias_example_alias_producer_with_no_taskflow to None, run_after=None
[2026-05-28T14:51:34.243+0000] {logging_mixin.py:190} INFO - [2026-05-28T14:51:34.242+0000] {dag.py:4180} INFO - Setting next_dagrun for dataset_s3_bucket_consumer_with_no_taskflow to None, run_after=None
[2026-05-28T14:51:34.247+0000] {logging_mixin.py:190} INFO - [2026-05-28T14:51:34.246+0000] {dag.py:4180} INFO - Setting next_dagrun for dataset_s3_bucket_producer_with_no_taskflow to None, run_after=None
[2026-05-28T14:51:34.286+0000] {processor.py:208} INFO - Processing /home/airflow/.local/lib/python3.12/site-packages/airflow/example_dags/example_dataset_alias_with_no_taskflow.py took 11.094 seconds
[2026-05-28T14:52:04.520+0000] {processor.py:186} INFO - Started process (PID=6992) to work on /home/airflow/.local/lib/python3.12/site-packages/airflow/example_dags/example_dataset_alias_with_no_taskflow.py
[2026-05-28T14:52:04.522+0000] {processor.py:914} INFO - Processing file /home/airflow/.local/lib/python3.12/site-packages/airflow/example_dags/example_dataset_alias_with_no_taskflow.py for tasks to queue
[2026-05-28T14:52:04.524+0000] {logging_mixin.py:190} INFO - [2026-05-28T14:52:04.524+0000] {dagbag.py:588} INFO - Filling up the DagBag from /home/airflow/.local/lib/python3.12/site-packages/airflow/example_dags/example_dataset_alias_with_no_taskflow.py
[2026-05-28T14:52:13.390+0000] {processor.py:925} INFO - DAG(s) 'dataset_alias_example_alias_producer_with_no_taskflow', 'dataset_s3_bucket_consumer_with_no_taskflow', 'dataset_s3_bucket_producer_with_no_taskflow', 'dataset_alias_example_alias_consumer_with_no_taskflow' retrieved from /home/airflow/.local/lib/python3.12/site-packages/airflow/example_dags/example_dataset_alias_with_no_taskflow.py
[2026-05-28T14:52:13.421+0000] {logging_mixin.py:190} INFO - [2026-05-28T14:52:13.420+0000] {dag.py:3239} INFO - Sync 4 DAGs
[2026-05-28T14:52:13.447+0000] {logging_mixin.py:190} INFO - [2026-05-28T14:52:13.446+0000] {dag.py:4180} INFO - Setting next_dagrun for dataset_alias_example_alias_consumer_with_no_taskflow to None, run_after=None
[2026-05-28T14:52:13.451+0000] {logging_mixin.py:190} INFO - [2026-05-28T14:52:13.451+0000] {dag.py:4180} INFO - Setting next_dagrun for dataset_alias_example_alias_producer_with_no_taskflow to None, run_after=None
[2026-05-28T14:52:13.454+0000] {logging_mixin.py:190} INFO - [2026-05-28T14:52:13.454+0000] {dag.py:4180} INFO - Setting next_dagrun for dataset_s3_bucket_consumer_with_no_taskflow to None, run_after=None
[2026-05-28T14:52:13.457+0000] {logging_mixin.py:190} INFO - [2026-05-28T14:52:13.457+0000] {dag.py:4180} INFO - Setting next_dagrun for dataset_s3_bucket_producer_with_no_taskflow to None, run_after=None
[2026-05-28T14:52:13.488+0000] {processor.py:208} INFO - Processing /home/airflow/.local/lib/python3.12/site-packages/airflow/example_dags/example_dataset_alias_with_no_taskflow.py took 8.975 seconds
[2026-05-28T14:52:43.588+0000] {processor.py:186} INFO - Started process (PID=7065) to work on /home/airflow/.local/lib/python3.12/site-packages/airflow/example_dags/example_dataset_alias_with_no_taskflow.py
[2026-05-28T14:52:43.594+0000] {processor.py:914} INFO - Processing file /home/airflow/.local/lib/python3.12/site-packages/airflow/example_dags/example_dataset_alias_with_no_taskflow.py for tasks to queue
[2026-05-28T14:52:43.600+0000] {logging_mixin.py:190} INFO - [2026-05-28T14:52:43.599+0000] {dagbag.py:588} INFO - Filling up the DagBag from /home/airflow/.local/lib/python3.12/site-packages/airflow/example_dags/example_dataset_alias_with_no_taskflow.py
[2026-05-28T14:52:52.248+0000] {processor.py:925} INFO - DAG(s) 'dataset_s3_bucket_producer_with_no_taskflow', 'dataset_alias_example_alias_producer_with_no_taskflow', 'dataset_s3_bucket_consumer_with_no_taskflow', 'dataset_alias_example_alias_consumer_with_no_taskflow' retrieved from /home/airflow/.local/lib/python3.12/site-packages/airflow/example_dags/example_dataset_alias_with_no_taskflow.py
[2026-05-28T14:52:52.279+0000] {logging_mixin.py:190} INFO - [2026-05-28T14:52:52.278+0000] {dag.py:3239} INFO - Sync 4 DAGs
[2026-05-28T14:52:52.303+0000] {logging_mixin.py:190} INFO - [2026-05-28T14:52:52.303+0000] {dag.py:4180} INFO - Setting next_dagrun for dataset_alias_example_alias_consumer_with_no_taskflow to None, run_after=None
[2026-05-28T14:52:52.309+0000] {logging_mixin.py:190} INFO - [2026-05-28T14:52:52.308+0000] {dag.py:4180} INFO - Setting next_dagrun for dataset_alias_example_alias_producer_with_no_taskflow to None, run_after=None
[2026-05-28T14:52:52.311+0000] {logging_mixin.py:190} INFO - [2026-05-28T14:52:52.311+0000] {dag.py:4180} INFO - Setting next_dagrun for dataset_s3_bucket_consumer_with_no_taskflow to None, run_after=None
[2026-05-28T14:52:52.314+0000] {logging_mixin.py:190} INFO - [2026-05-28T14:52:52.314+0000] {dag.py:4180} INFO - Setting next_dagrun for dataset_s3_bucket_producer_with_no_taskflow to None, run_after=None
[2026-05-28T14:52:52.355+0000] {processor.py:208} INFO - Processing /home/airflow/.local/lib/python3.12/site-packages/airflow/example_dags/example_dataset_alias_with_no_taskflow.py took 8.781 seconds
[2026-05-28T14:53:22.917+0000] {processor.py:186} INFO - Started process (PID=7142) to work on /home/airflow/.local/lib/python3.12/site-packages/airflow/example_dags/example_dataset_alias_with_no_taskflow.py
[2026-05-28T14:53:22.919+0000] {processor.py:914} INFO - Processing file /home/airflow/.local/lib/python3.12/site-packages/airflow/example_dags/example_dataset_alias_with_no_taskflow.py for tasks to queue
[2026-05-28T14:53:22.922+0000] {logging_mixin.py:190} INFO - [2026-05-28T14:53:22.921+0000] {dagbag.py:588} INFO - Filling up the DagBag from /home/airflow/.local/lib/python3.12/site-packages/airflow/example_dags/example_dataset_alias_with_no_taskflow.py
[2026-05-28T14:53:31.575+0000] {processor.py:925} INFO - DAG(s) 'dataset_s3_bucket_consumer_with_no_taskflow', 'dataset_s3_bucket_producer_with_no_taskflow', 'dataset_alias_example_alias_consumer_with_no_taskflow', 'dataset_alias_example_alias_producer_with_no_taskflow' retrieved from /home/airflow/.local/lib/python3.12/site-packages/airflow/example_dags/example_dataset_alias_with_no_taskflow.py
[2026-05-28T14:53:31.615+0000] {logging_mixin.py:190} INFO - [2026-05-28T14:53:31.615+0000] {dag.py:3239} INFO - Sync 4 DAGs
[2026-05-28T14:53:31.644+0000] {logging_mixin.py:190} INFO - [2026-05-28T14:53:31.643+0000] {dag.py:4180} INFO - Setting next_dagrun for dataset_alias_example_alias_consumer_with_no_taskflow to None, run_after=None
[2026-05-28T14:53:31.649+0000] {logging_mixin.py:190} INFO - [2026-05-28T14:53:31.648+0000] {dag.py:4180} INFO - Setting next_dagrun for dataset_alias_example_alias_producer_with_no_taskflow to None, run_after=None
[2026-05-28T14:53:31.652+0000] {logging_mixin.py:190} INFO - [2026-05-28T14:53:31.651+0000] {dag.py:4180} INFO - Setting next_dagrun for dataset_s3_bucket_consumer_with_no_taskflow to None, run_after=None
[2026-05-28T14:53:31.655+0000] {logging_mixin.py:190} INFO - [2026-05-28T14:53:31.655+0000] {dag.py:4180} INFO - Setting next_dagrun for dataset_s3_bucket_producer_with_no_taskflow to None, run_after=None
[2026-05-28T14:53:31.701+0000] {processor.py:208} INFO - Processing /home/airflow/.local/lib/python3.12/site-packages/airflow/example_dags/example_dataset_alias_with_no_taskflow.py took 8.795 seconds
[2026-05-28T14:54:02.359+0000] {processor.py:186} INFO - Started process (PID=7209) to work on /home/airflow/.local/lib/python3.12/site-packages/airflow/example_dags/example_dataset_alias_with_no_taskflow.py
[2026-05-28T14:54:02.362+0000] {processor.py:914} INFO - Processing file /home/airflow/.local/lib/python3.12/site-packages/airflow/example_dags/example_dataset_alias_with_no_taskflow.py for tasks to queue
[2026-05-28T14:54:02.365+0000] {logging_mixin.py:190} INFO - [2026-05-28T14:54:02.364+0000] {dagbag.py:588} INFO - Filling up the DagBag from /home/airflow/.local/lib/python3.12/site-packages/airflow/example_dags/example_dataset_alias_with_no_taskflow.py
[2026-05-28T14:54:12.365+0000] {processor.py:925} INFO - DAG(s) 'dataset_alias_example_alias_consumer_with_no_taskflow', 'dataset_alias_example_alias_producer_with_no_taskflow', 'dataset_s3_bucket_producer_with_no_taskflow', 'dataset_s3_bucket_consumer_with_no_taskflow' retrieved from /home/airflow/.local/lib/python3.12/site-packages/airflow/example_dags/example_dataset_alias_with_no_taskflow.py
[2026-05-28T14:54:12.406+0000] {logging_mixin.py:190} INFO - [2026-05-28T14:54:12.405+0000] {dag.py:3239} INFO - Sync 4 DAGs
[2026-05-28T14:54:12.438+0000] {logging_mixin.py:190} INFO - [2026-05-28T14:54:12.438+0000] {dag.py:4180} INFO - Setting next_dagrun for dataset_alias_example_alias_consumer_with_no_taskflow to None, run_after=None
[2026-05-28T14:54:12.444+0000] {logging_mixin.py:190} INFO - [2026-05-28T14:54:12.444+0000] {dag.py:4180} INFO - Setting next_dagrun for dataset_alias_example_alias_producer_with_no_taskflow to None, run_after=None
[2026-05-28T14:54:12.448+0000] {logging_mixin.py:190} INFO - [2026-05-28T14:54:12.447+0000] {dag.py:4180} INFO - Setting next_dagrun for dataset_s3_bucket_consumer_with_no_taskflow to None, run_after=None
[2026-05-28T14:54:12.450+0000] {logging_mixin.py:190} INFO - [2026-05-28T14:54:12.450+0000] {dag.py:4180} INFO - Setting next_dagrun for dataset_s3_bucket_producer_with_no_taskflow to None, run_after=None
[2026-05-28T14:54:12.505+0000] {processor.py:208} INFO - Processing /home/airflow/.local/lib/python3.12/site-packages/airflow/example_dags/example_dataset_alias_with_no_taskflow.py took 10.157 seconds
[2026-05-28T14:54:42.870+0000] {processor.py:186} INFO - Started process (PID=7279) to work on /home/airflow/.local/lib/python3.12/site-packages/airflow/example_dags/example_dataset_alias_with_no_taskflow.py
[2026-05-28T14:54:42.873+0000] {processor.py:914} INFO - Processing file /home/airflow/.local/lib/python3.12/site-packages/airflow/example_dags/example_dataset_alias_with_no_taskflow.py for tasks to queue
[2026-05-28T14:54:42.875+0000] {logging_mixin.py:190} INFO - [2026-05-28T14:54:42.874+0000] {dagbag.py:588} INFO - Filling up the DagBag from /home/airflow/.local/lib/python3.12/site-packages/airflow/example_dags/example_dataset_alias_with_no_taskflow.py
[2026-05-28T14:54:51.831+0000] {processor.py:925} INFO - DAG(s) 'dataset_alias_example_alias_producer_with_no_taskflow', 'dataset_alias_example_alias_consumer_with_no_taskflow', 'dataset_s3_bucket_consumer_with_no_taskflow', 'dataset_s3_bucket_producer_with_no_taskflow' retrieved from /home/airflow/.local/lib/python3.12/site-packages/airflow/example_dags/example_dataset_alias_with_no_taskflow.py
[2026-05-28T14:54:51.875+0000] {logging_mixin.py:190} INFO - [2026-05-28T14:54:51.874+0000] {dag.py:3239} INFO - Sync 4 DAGs
[2026-05-28T14:54:51.920+0000] {logging_mixin.py:190} INFO - [2026-05-28T14:54:51.919+0000] {dag.py:4180} INFO - Setting next_dagrun for dataset_alias_example_alias_consumer_with_no_taskflow to None, run_after=None
[2026-05-28T14:54:51.930+0000] {logging_mixin.py:190} INFO - [2026-05-28T14:54:51.929+0000] {dag.py:4180} INFO - Setting next_dagrun for dataset_alias_example_alias_producer_with_no_taskflow to None, run_after=None
[2026-05-28T14:54:51.934+0000] {logging_mixin.py:190} INFO - [2026-05-28T14:54:51.934+0000] {dag.py:4180} INFO - Setting next_dagrun for dataset_s3_bucket_consumer_with_no_taskflow to None, run_after=None
[2026-05-28T14:54:51.938+0000] {logging_mixin.py:190} INFO - [2026-05-28T14:54:51.938+0000] {dag.py:4180} INFO - Setting next_dagrun for dataset_s3_bucket_producer_with_no_taskflow to None, run_after=None
[2026-05-28T14:54:52.007+0000] {processor.py:208} INFO - Processing /home/airflow/.local/lib/python3.12/site-packages/airflow/example_dags/example_dataset_alias_with_no_taskflow.py took 9.150 seconds
[2026-05-28T14:55:22.608+0000] {processor.py:186} INFO - Started process (PID=7367) to work on /home/airflow/.local/lib/python3.12/site-packages/airflow/example_dags/example_dataset_alias_with_no_taskflow.py
[2026-05-28T14:55:22.610+0000] {processor.py:914} INFO - Processing file /home/airflow/.local/lib/python3.12/site-packages/airflow/example_dags/example_dataset_alias_with_no_taskflow.py for tasks to queue
[2026-05-28T14:55:22.612+0000] {logging_mixin.py:190} INFO - [2026-05-28T14:55:22.612+0000] {dagbag.py:588} INFO - Filling up the DagBag from /home/airflow/.local/lib/python3.12/site-packages/airflow/example_dags/example_dataset_alias_with_no_taskflow.py
[2026-05-28T14:55:31.885+0000] {processor.py:925} INFO - DAG(s) 'dataset_alias_example_alias_consumer_with_no_taskflow', 'dataset_s3_bucket_consumer_with_no_taskflow', 'dataset_s3_bucket_producer_with_no_taskflow', 'dataset_alias_example_alias_producer_with_no_taskflow' retrieved from /home/airflow/.local/lib/python3.12/site-packages/airflow/example_dags/example_dataset_alias_with_no_taskflow.py
[2026-05-28T14:55:31.914+0000] {logging_mixin.py:190} INFO - [2026-05-28T14:55:31.913+0000] {dag.py:3239} INFO - Sync 4 DAGs
[2026-05-28T14:55:31.939+0000] {logging_mixin.py:190} INFO - [2026-05-28T14:55:31.939+0000] {dag.py:4180} INFO - Setting next_dagrun for dataset_alias_example_alias_consumer_with_no_taskflow to None, run_after=None
[2026-05-28T14:55:31.944+0000] {logging_mixin.py:190} INFO - [2026-05-28T14:55:31.943+0000] {dag.py:4180} INFO - Setting next_dagrun for dataset_alias_example_alias_producer_with_no_taskflow to None, run_after=None
[2026-05-28T14:55:31.946+0000] {logging_mixin.py:190} INFO - [2026-05-28T14:55:31.946+0000] {dag.py:4180} INFO - Setting next_dagrun for dataset_s3_bucket_consumer_with_no_taskflow to None, run_after=None
[2026-05-28T14:55:31.950+0000] {logging_mixin.py:190} INFO - [2026-05-28T14:55:31.949+0000] {dag.py:4180} INFO - Setting next_dagrun for dataset_s3_bucket_producer_with_no_taskflow to None, run_after=None
[2026-05-28T14:55:31.980+0000] {processor.py:208} INFO - Processing /home/airflow/.local/lib/python3.12/site-packages/airflow/example_dags/example_dataset_alias_with_no_taskflow.py took 9.380 seconds
[2026-05-28T14:56:02.835+0000] {processor.py:186} INFO - Started process (PID=7454) to work on /home/airflow/.local/lib/python3.12/site-packages/airflow/example_dags/example_dataset_alias_with_no_taskflow.py
[2026-05-28T14:56:02.837+0000] {processor.py:914} INFO - Processing file /home/airflow/.local/lib/python3.12/site-packages/airflow/example_dags/example_dataset_alias_with_no_taskflow.py for tasks to queue
[2026-05-28T14:56:02.839+0000] {logging_mixin.py:190} INFO - [2026-05-28T14:56:02.838+0000] {dagbag.py:588} INFO - Filling up the DagBag from /home/airflow/.local/lib/python3.12/site-packages/airflow/example_dags/example_dataset_alias_with_no_taskflow.py
[2026-05-28T14:56:11.860+0000] {processor.py:925} INFO - DAG(s) 'dataset_alias_example_alias_producer_with_no_taskflow', 'dataset_alias_example_alias_consumer_with_no_taskflow', 'dataset_s3_bucket_producer_with_no_taskflow', 'dataset_s3_bucket_consumer_with_no_taskflow' retrieved from /home/airflow/.local/lib/python3.12/site-packages/airflow/example_dags/example_dataset_alias_with_no_taskflow.py
[2026-05-28T14:56:11.900+0000] {logging_mixin.py:190} INFO - [2026-05-28T14:56:11.899+0000] {dag.py:3239} INFO - Sync 4 DAGs
[2026-05-28T14:56:11.933+0000] {logging_mixin.py:190} INFO - [2026-05-28T14:56:11.932+0000] {dag.py:4180} INFO - Setting next_dagrun for dataset_alias_example_alias_consumer_with_no_taskflow to None, run_after=None
[2026-05-28T14:56:11.938+0000] {logging_mixin.py:190} INFO - [2026-05-28T14:56:11.938+0000] {dag.py:4180} INFO - Setting next_dagrun for dataset_alias_example_alias_producer_with_no_taskflow to None, run_after=None
[2026-05-28T14:56:11.941+0000] {logging_mixin.py:190} INFO - [2026-05-28T14:56:11.941+0000] {dag.py:4180} INFO - Setting next_dagrun for dataset_s3_bucket_consumer_with_no_taskflow to None, run_after=None
[2026-05-28T14:56:11.944+0000] {logging_mixin.py:190} INFO - [2026-05-28T14:56:11.944+0000] {dag.py:4180} INFO - Setting next_dagrun for dataset_s3_bucket_producer_with_no_taskflow to None, run_after=None
[2026-05-28T14:56:11.992+0000] {processor.py:208} INFO - Processing /home/airflow/.local/lib/python3.12/site-packages/airflow/example_dags/example_dataset_alias_with_no_taskflow.py took 9.167 seconds
[2026-05-28T14:56:42.965+0000] {processor.py:186} INFO - Started process (PID=7520) to work on /home/airflow/.local/lib/python3.12/site-packages/airflow/example_dags/example_dataset_alias_with_no_taskflow.py
[2026-05-28T14:56:42.967+0000] {processor.py:914} INFO - Processing file /home/airflow/.local/lib/python3.12/site-packages/airflow/example_dags/example_dataset_alias_with_no_taskflow.py for tasks to queue
[2026-05-28T14:56:42.969+0000] {logging_mixin.py:190} INFO - [2026-05-28T14:56:42.969+0000] {dagbag.py:588} INFO - Filling up the DagBag from /home/airflow/.local/lib/python3.12/site-packages/airflow/example_dags/example_dataset_alias_with_no_taskflow.py
[2026-05-28T14:56:51.946+0000] {processor.py:925} INFO - DAG(s) 'dataset_s3_bucket_consumer_with_no_taskflow', 'dataset_alias_example_alias_producer_with_no_taskflow', 'dataset_alias_example_alias_consumer_with_no_taskflow', 'dataset_s3_bucket_producer_with_no_taskflow' retrieved from /home/airflow/.local/lib/python3.12/site-packages/airflow/example_dags/example_dataset_alias_with_no_taskflow.py
[2026-05-28T14:56:51.976+0000] {logging_mixin.py:190} INFO - [2026-05-28T14:56:51.975+0000] {dag.py:3239} INFO - Sync 4 DAGs
[2026-05-28T14:56:52.002+0000] {logging_mixin.py:190} INFO - [2026-05-28T14:56:52.001+0000] {dag.py:4180} INFO - Setting next_dagrun for dataset_alias_example_alias_consumer_with_no_taskflow to None, run_after=None
[2026-05-28T14:56:52.006+0000] {logging_mixin.py:190} INFO - [2026-05-28T14:56:52.006+0000] {dag.py:4180} INFO - Setting next_dagrun for dataset_alias_example_alias_producer_with_no_taskflow to None, run_after=None
[2026-05-28T14:56:52.009+0000] {logging_mixin.py:190} INFO - [2026-05-28T14:56:52.009+0000] {dag.py:4180} INFO - Setting next_dagrun for dataset_s3_bucket_consumer_with_no_taskflow to None, run_after=None
[2026-05-28T14:56:52.012+0000] {logging_mixin.py:190} INFO - [2026-05-28T14:56:52.012+0000] {dag.py:4180} INFO - Setting next_dagrun for dataset_s3_bucket_producer_with_no_taskflow to None, run_after=None
[2026-05-28T14:56:52.056+0000] {processor.py:208} INFO - Processing /home/airflow/.local/lib/python3.12/site-packages/airflow/example_dags/example_dataset_alias_with_no_taskflow.py took 9.104 seconds
[2026-05-28T14:57:22.134+0000] {processor.py:186} INFO - Started process (PID=7598) to work on /home/airflow/.local/lib/python3.12/site-packages/airflow/example_dags/example_dataset_alias_with_no_taskflow.py
[2026-05-28T14:57:22.136+0000] {processor.py:914} INFO - Processing file /home/airflow/.local/lib/python3.12/site-packages/airflow/example_dags/example_dataset_alias_with_no_taskflow.py for tasks to queue
[2026-05-28T14:57:22.138+0000] {logging_mixin.py:190} INFO - [2026-05-28T14:57:22.137+0000] {dagbag.py:588} INFO - Filling up the DagBag from /home/airflow/.local/lib/python3.12/site-packages/airflow/example_dags/example_dataset_alias_with_no_taskflow.py
[2026-05-28T14:57:32.267+0000] {processor.py:925} INFO - DAG(s) 'dataset_alias_example_alias_consumer_with_no_taskflow', 'dataset_alias_example_alias_producer_with_no_taskflow', 'dataset_s3_bucket_consumer_with_no_taskflow', 'dataset_s3_bucket_producer_with_no_taskflow' retrieved from /home/airflow/.local/lib/python3.12/site-packages/airflow/example_dags/example_dataset_alias_with_no_taskflow.py
[2026-05-28T14:57:32.311+0000] {logging_mixin.py:190} INFO - [2026-05-28T14:57:32.310+0000] {dag.py:3239} INFO - Sync 4 DAGs
[2026-05-28T14:57:32.344+0000] {logging_mixin.py:190} INFO - [2026-05-28T14:57:32.344+0000] {dag.py:4180} INFO - Setting next_dagrun for dataset_alias_example_alias_consumer_with_no_taskflow to None, run_after=None
[2026-05-28T14:57:32.349+0000] {logging_mixin.py:190} INFO - [2026-05-28T14:57:32.349+0000] {dag.py:4180} INFO - Setting next_dagrun for dataset_alias_example_alias_producer_with_no_taskflow to None, run_after=None
[2026-05-28T14:57:32.353+0000] {logging_mixin.py:190} INFO - [2026-05-28T14:57:32.353+0000] {dag.py:4180} INFO - Setting next_dagrun for dataset_s3_bucket_consumer_with_no_taskflow to None, run_after=None
[2026-05-28T14:57:32.356+0000] {logging_mixin.py:190} INFO - [2026-05-28T14:57:32.356+0000] {dag.py:4180} INFO - Setting next_dagrun for dataset_s3_bucket_producer_with_no_taskflow to None, run_after=None
[2026-05-28T14:57:32.397+0000] {processor.py:208} INFO - Processing /home/airflow/.local/lib/python3.12/site-packages/airflow/example_dags/example_dataset_alias_with_no_taskflow.py took 10.273 seconds
[2026-05-28T14:58:02.989+0000] {processor.py:186} INFO - Started process (PID=7680) to work on /home/airflow/.local/lib/python3.12/site-packages/airflow/example_dags/example_dataset_alias_with_no_taskflow.py
[2026-05-28T14:58:02.991+0000] {processor.py:914} INFO - Processing file /home/airflow/.local/lib/python3.12/site-packages/airflow/example_dags/example_dataset_alias_with_no_taskflow.py for tasks to queue
[2026-05-28T14:58:02.993+0000] {logging_mixin.py:190} INFO - [2026-05-28T14:58:02.993+0000] {dagbag.py:588} INFO - Filling up the DagBag from /home/airflow/.local/lib/python3.12/site-packages/airflow/example_dags/example_dataset_alias_with_no_taskflow.py
[2026-05-28T14:58:13.533+0000] {processor.py:925} INFO - DAG(s) 'dataset_s3_bucket_consumer_with_no_taskflow', 'dataset_s3_bucket_producer_with_no_taskflow', 'dataset_alias_example_alias_producer_with_no_taskflow', 'dataset_alias_example_alias_consumer_with_no_taskflow' retrieved from /home/airflow/.local/lib/python3.12/site-packages/airflow/example_dags/example_dataset_alias_with_no_taskflow.py
[2026-05-28T14:58:13.575+0000] {logging_mixin.py:190} INFO - [2026-05-28T14:58:13.574+0000] {dag.py:3239} INFO - Sync 4 DAGs
[2026-05-28T14:58:13.607+0000] {logging_mixin.py:190} INFO - [2026-05-28T14:58:13.607+0000] {dag.py:4180} INFO - Setting next_dagrun for dataset_alias_example_alias_consumer_with_no_taskflow to None, run_after=None
[2026-05-28T14:58:13.615+0000] {logging_mixin.py:190} INFO - [2026-05-28T14:58:13.615+0000] {dag.py:4180} INFO - Setting next_dagrun for dataset_alias_example_alias_producer_with_no_taskflow to None, run_after=None
[2026-05-28T14:58:13.626+0000] {logging_mixin.py:190} INFO - [2026-05-28T14:58:13.623+0000] {dag.py:4180} INFO - Setting next_dagrun for dataset_s3_bucket_consumer_with_no_taskflow to None, run_after=None
[2026-05-28T14:58:13.630+0000] {logging_mixin.py:190} INFO - [2026-05-28T14:58:13.630+0000] {dag.py:4180} INFO - Setting next_dagrun for dataset_s3_bucket_producer_with_no_taskflow to None, run_after=None
[2026-05-28T14:58:13.696+0000] {processor.py:208} INFO - Processing /home/airflow/.local/lib/python3.12/site-packages/airflow/example_dags/example_dataset_alias_with_no_taskflow.py took 10.715 seconds
[2026-05-28T14:58:43.936+0000] {processor.py:186} INFO - Started process (PID=7762) to work on /home/airflow/.local/lib/python3.12/site-packages/airflow/example_dags/example_dataset_alias_with_no_taskflow.py
[2026-05-28T14:58:43.938+0000] {processor.py:914} INFO - Processing file /home/airflow/.local/lib/python3.12/site-packages/airflow/example_dags/example_dataset_alias_with_no_taskflow.py for tasks to queue
[2026-05-28T14:58:43.940+0000] {logging_mixin.py:190} INFO - [2026-05-28T14:58:43.939+0000] {dagbag.py:588} INFO - Filling up the DagBag from /home/airflow/.local/lib/python3.12/site-packages/airflow/example_dags/example_dataset_alias_with_no_taskflow.py
[2026-05-28T14:58:53.505+0000] {processor.py:925} INFO - DAG(s) 'dataset_s3_bucket_producer_with_no_taskflow', 'dataset_alias_example_alias_producer_with_no_taskflow', 'dataset_s3_bucket_consumer_with_no_taskflow', 'dataset_alias_example_alias_consumer_with_no_taskflow' retrieved from /home/airflow/.local/lib/python3.12/site-packages/airflow/example_dags/example_dataset_alias_with_no_taskflow.py
[2026-05-28T14:58:53.541+0000] {logging_mixin.py:190} INFO - [2026-05-28T14:58:53.540+0000] {dag.py:3239} INFO - Sync 4 DAGs
[2026-05-28T14:58:53.573+0000] {logging_mixin.py:190} INFO - [2026-05-28T14:58:53.573+0000] {dag.py:4180} INFO - Setting next_dagrun for dataset_alias_example_alias_consumer_with_no_taskflow to None, run_after=None
[2026-05-28T14:58:53.579+0000] {logging_mixin.py:190} INFO - [2026-05-28T14:58:53.578+0000] {dag.py:4180} INFO - Setting next_dagrun for dataset_alias_example_alias_producer_with_no_taskflow to None, run_after=None
[2026-05-28T14:58:53.582+0000] {logging_mixin.py:190} INFO - [2026-05-28T14:58:53.581+0000] {dag.py:4180} INFO - Setting next_dagrun for dataset_s3_bucket_consumer_with_no_taskflow to None, run_after=None
[2026-05-28T14:58:53.585+0000] {logging_mixin.py:190} INFO - [2026-05-28T14:58:53.585+0000] {dag.py:4180} INFO - Setting next_dagrun for dataset_s3_bucket_producer_with_no_taskflow to None, run_after=None
[2026-05-28T14:58:53.634+0000] {processor.py:208} INFO - Processing /home/airflow/.local/lib/python3.12/site-packages/airflow/example_dags/example_dataset_alias_with_no_taskflow.py took 9.707 seconds
[2026-05-28T14:59:24.813+0000] {processor.py:186} INFO - Started process (PID=7846) to work on /home/airflow/.local/lib/python3.12/site-packages/airflow/example_dags/example_dataset_alias_with_no_taskflow.py
[2026-05-28T14:59:24.815+0000] {processor.py:914} INFO - Processing file /home/airflow/.local/lib/python3.12/site-packages/airflow/example_dags/example_dataset_alias_with_no_taskflow.py for tasks to queue
[2026-05-28T14:59:24.818+0000] {logging_mixin.py:190} INFO - [2026-05-28T14:59:24.817+0000] {dagbag.py:588} INFO - Filling up the DagBag from /home/airflow/.local/lib/python3.12/site-packages/airflow/example_dags/example_dataset_alias_with_no_taskflow.py
[2026-05-28T14:59:34.746+0000] {processor.py:925} INFO - DAG(s) 'dataset_alias_example_alias_producer_with_no_taskflow', 'dataset_s3_bucket_producer_with_no_taskflow', 'dataset_alias_example_alias_consumer_with_no_taskflow', 'dataset_s3_bucket_consumer_with_no_taskflow' retrieved from /home/airflow/.local/lib/python3.12/site-packages/airflow/example_dags/example_dataset_alias_with_no_taskflow.py
[2026-05-28T14:59:34.781+0000] {logging_mixin.py:190} INFO - [2026-05-28T14:59:34.780+0000] {dag.py:3239} INFO - Sync 4 DAGs
[2026-05-28T14:59:34.810+0000] {logging_mixin.py:190} INFO - [2026-05-28T14:59:34.810+0000] {dag.py:4180} INFO - Setting next_dagrun for dataset_alias_example_alias_consumer_with_no_taskflow to None, run_after=None
[2026-05-28T14:59:34.814+0000] {logging_mixin.py:190} INFO - [2026-05-28T14:59:34.814+0000] {dag.py:4180} INFO - Setting next_dagrun for dataset_alias_example_alias_producer_with_no_taskflow to None, run_after=None
[2026-05-28T14:59:34.817+0000] {logging_mixin.py:190} INFO - [2026-05-28T14:59:34.817+0000] {dag.py:4180} INFO - Setting next_dagrun for dataset_s3_bucket_consumer_with_no_taskflow to None, run_after=None
[2026-05-28T14:59:34.820+0000] {logging_mixin.py:190} INFO - [2026-05-28T14:59:34.820+0000] {dag.py:4180} INFO - Setting next_dagrun for dataset_s3_bucket_producer_with_no_taskflow to None, run_after=None
[2026-05-28T14:59:34.854+0000] {processor.py:208} INFO - Processing /home/airflow/.local/lib/python3.12/site-packages/airflow/example_dags/example_dataset_alias_with_no_taskflow.py took 10.049 seconds
[2026-05-28T15:00:05.000+0000] {processor.py:186} INFO - Started process (PID=7914) to work on /home/airflow/.local/lib/python3.12/site-packages/airflow/example_dags/example_dataset_alias_with_no_taskflow.py
[2026-05-28T15:00:05.001+0000] {processor.py:914} INFO - Processing file /home/airflow/.local/lib/python3.12/site-packages/airflow/example_dags/example_dataset_alias_with_no_taskflow.py for tasks to queue
[2026-05-28T15:00:05.005+0000] {logging_mixin.py:190} INFO - [2026-05-28T15:00:05.004+0000] {dagbag.py:588} INFO - Filling up the DagBag from /home/airflow/.local/lib/python3.12/site-packages/airflow/example_dags/example_dataset_alias_with_no_taskflow.py
[2026-05-28T15:00:14.996+0000] {processor.py:925} INFO - DAG(s) 'dataset_alias_example_alias_producer_with_no_taskflow', 'dataset_alias_example_alias_consumer_with_no_taskflow', 'dataset_s3_bucket_producer_with_no_taskflow', 'dataset_s3_bucket_consumer_with_no_taskflow' retrieved from /home/airflow/.local/lib/python3.12/site-packages/airflow/example_dags/example_dataset_alias_with_no_taskflow.py
[2026-05-28T15:00:15.031+0000] {logging_mixin.py:190} INFO - [2026-05-28T15:00:15.030+0000] {dag.py:3239} INFO - Sync 4 DAGs
[2026-05-28T15:00:15.064+0000] {logging_mixin.py:190} INFO - [2026-05-28T15:00:15.063+0000] {dag.py:4180} INFO - Setting next_dagrun for dataset_alias_example_alias_consumer_with_no_taskflow to None, run_after=None
[2026-05-28T15:00:15.069+0000] {logging_mixin.py:190} INFO - [2026-05-28T15:00:15.068+0000] {dag.py:4180} INFO - Setting next_dagrun for dataset_alias_example_alias_producer_with_no_taskflow to None, run_after=None
[2026-05-28T15:00:15.072+0000] {logging_mixin.py:190} INFO - [2026-05-28T15:00:15.071+0000] {dag.py:4180} INFO - Setting next_dagrun for dataset_s3_bucket_consumer_with_no_taskflow to None, run_after=None
[2026-05-28T15:00:15.074+0000] {logging_mixin.py:190} INFO - [2026-05-28T15:00:15.074+0000] {dag.py:4180} INFO - Setting next_dagrun for dataset_s3_bucket_producer_with_no_taskflow to None, run_after=None
[2026-05-28T15:00:15.119+0000] {processor.py:208} INFO - Processing /home/airflow/.local/lib/python3.12/site-packages/airflow/example_dags/example_dataset_alias_with_no_taskflow.py took 10.128 seconds
[2026-05-28T15:00:46.120+0000] {processor.py:186} INFO - Started process (PID=7988) to work on /home/airflow/.local/lib/python3.12/site-packages/airflow/example_dags/example_dataset_alias_with_no_taskflow.py
[2026-05-28T15:00:46.122+0000] {processor.py:914} INFO - Processing file /home/airflow/.local/lib/python3.12/site-packages/airflow/example_dags/example_dataset_alias_with_no_taskflow.py for tasks to queue
[2026-05-28T15:00:46.124+0000] {logging_mixin.py:190} INFO - [2026-05-28T15:00:46.124+0000] {dagbag.py:588} INFO - Filling up the DagBag from /home/airflow/.local/lib/python3.12/site-packages/airflow/example_dags/example_dataset_alias_with_no_taskflow.py
[2026-05-28T15:00:55.880+0000] {processor.py:925} INFO - DAG(s) 'dataset_s3_bucket_consumer_with_no_taskflow', 'dataset_alias_example_alias_consumer_with_no_taskflow', 'dataset_alias_example_alias_producer_with_no_taskflow', 'dataset_s3_bucket_producer_with_no_taskflow' retrieved from /home/airflow/.local/lib/python3.12/site-packages/airflow/example_dags/example_dataset_alias_with_no_taskflow.py
[2026-05-28T15:00:55.914+0000] {logging_mixin.py:190} INFO - [2026-05-28T15:00:55.913+0000] {dag.py:3239} INFO - Sync 4 DAGs
[2026-05-28T15:00:55.940+0000] {logging_mixin.py:190} INFO - [2026-05-28T15:00:55.940+0000] {dag.py:4180} INFO - Setting next_dagrun for dataset_alias_example_alias_consumer_with_no_taskflow to None, run_after=None
[2026-05-28T15:00:55.944+0000] {logging_mixin.py:190} INFO - [2026-05-28T15:00:55.944+0000] {dag.py:4180} INFO - Setting next_dagrun for dataset_alias_example_alias_producer_with_no_taskflow to None, run_after=None
[2026-05-28T15:00:55.947+0000] {logging_mixin.py:190} INFO - [2026-05-28T15:00:55.947+0000] {dag.py:4180} INFO - Setting next_dagrun for dataset_s3_bucket_consumer_with_no_taskflow to None, run_after=None
[2026-05-28T15:00:55.949+0000] {logging_mixin.py:190} INFO - [2026-05-28T15:00:55.949+0000] {dag.py:4180} INFO - Setting next_dagrun for dataset_s3_bucket_producer_with_no_taskflow to None, run_after=None
[2026-05-28T15:00:55.990+0000] {processor.py:208} INFO - Processing /home/airflow/.local/lib/python3.12/site-packages/airflow/example_dags/example_dataset_alias_with_no_taskflow.py took 9.881 seconds
[2026-05-28T15:01:26.246+0000] {processor.py:186} INFO - Started process (PID=8070) to work on /home/airflow/.local/lib/python3.12/site-packages/airflow/example_dags/example_dataset_alias_with_no_taskflow.py
[2026-05-28T15:01:26.248+0000] {processor.py:914} INFO - Processing file /home/airflow/.local/lib/python3.12/site-packages/airflow/example_dags/example_dataset_alias_with_no_taskflow.py for tasks to queue
[2026-05-28T15:01:26.250+0000] {logging_mixin.py:190} INFO - [2026-05-28T15:01:26.250+0000] {dagbag.py:588} INFO - Filling up the DagBag from /home/airflow/.local/lib/python3.12/site-packages/airflow/example_dags/example_dataset_alias_with_no_taskflow.py
[2026-05-28T15:01:35.401+0000] {processor.py:925} INFO - DAG(s) 'dataset_alias_example_alias_consumer_with_no_taskflow', 'dataset_s3_bucket_consumer_with_no_taskflow', 'dataset_alias_example_alias_producer_with_no_taskflow', 'dataset_s3_bucket_producer_with_no_taskflow' retrieved from /home/airflow/.local/lib/python3.12/site-packages/airflow/example_dags/example_dataset_alias_with_no_taskflow.py
[2026-05-28T15:01:35.439+0000] {logging_mixin.py:190} INFO - [2026-05-28T15:01:35.437+0000] {dag.py:3239} INFO - Sync 4 DAGs
[2026-05-28T15:01:35.475+0000] {logging_mixin.py:190} INFO - [2026-05-28T15:01:35.475+0000] {dag.py:4180} INFO - Setting next_dagrun for dataset_alias_example_alias_consumer_with_no_taskflow to None, run_after=None
[2026-05-28T15:01:35.482+0000] {logging_mixin.py:190} INFO - [2026-05-28T15:01:35.482+0000] {dag.py:4180} INFO - Setting next_dagrun for dataset_alias_example_alias_producer_with_no_taskflow to None, run_after=None
[2026-05-28T15:01:35.486+0000] {logging_mixin.py:190} INFO - [2026-05-28T15:01:35.485+0000] {dag.py:4180} INFO - Setting next_dagrun for dataset_s3_bucket_consumer_with_no_taskflow to None, run_after=None
[2026-05-28T15:01:35.489+0000] {logging_mixin.py:190} INFO - [2026-05-28T15:01:35.488+0000] {dag.py:4180} INFO - Setting next_dagrun for dataset_s3_bucket_producer_with_no_taskflow to None, run_after=None
[2026-05-28T15:01:35.536+0000] {processor.py:208} INFO - Processing /home/airflow/.local/lib/python3.12/site-packages/airflow/example_dags/example_dataset_alias_with_no_taskflow.py took 9.297 seconds
[2026-05-28T15:02:06.101+0000] {processor.py:186} INFO - Started process (PID=8155) to work on /home/airflow/.local/lib/python3.12/site-packages/airflow/example_dags/example_dataset_alias_with_no_taskflow.py
[2026-05-28T15:02:06.102+0000] {processor.py:914} INFO - Processing file /home/airflow/.local/lib/python3.12/site-packages/airflow/example_dags/example_dataset_alias_with_no_taskflow.py for tasks to queue
[2026-05-28T15:02:06.105+0000] {logging_mixin.py:190} INFO - [2026-05-28T15:02:06.104+0000] {dagbag.py:588} INFO - Filling up the DagBag from /home/airflow/.local/lib/python3.12/site-packages/airflow/example_dags/example_dataset_alias_with_no_taskflow.py
[2026-05-28T15:02:15.481+0000] {processor.py:925} INFO - DAG(s) 'dataset_alias_example_alias_consumer_with_no_taskflow', 'dataset_s3_bucket_producer_with_no_taskflow', 'dataset_s3_bucket_consumer_with_no_taskflow', 'dataset_alias_example_alias_producer_with_no_taskflow' retrieved from /home/airflow/.local/lib/python3.12/site-packages/airflow/example_dags/example_dataset_alias_with_no_taskflow.py
[2026-05-28T15:02:15.523+0000] {logging_mixin.py:190} INFO - [2026-05-28T15:02:15.522+0000] {dag.py:3239} INFO - Sync 4 DAGs
[2026-05-28T15:02:15.553+0000] {logging_mixin.py:190} INFO - [2026-05-28T15:02:15.553+0000] {dag.py:4180} INFO - Setting next_dagrun for dataset_alias_example_alias_consumer_with_no_taskflow to None, run_after=None
[2026-05-28T15:02:15.558+0000] {logging_mixin.py:190} INFO - [2026-05-28T15:02:15.558+0000] {dag.py:4180} INFO - Setting next_dagrun for dataset_alias_example_alias_producer_with_no_taskflow to None, run_after=None
[2026-05-28T15:02:15.562+0000] {logging_mixin.py:190} INFO - [2026-05-28T15:02:15.561+0000] {dag.py:4180} INFO - Setting next_dagrun for dataset_s3_bucket_consumer_with_no_taskflow to None, run_after=None
[2026-05-28T15:02:15.565+0000] {logging_mixin.py:190} INFO - [2026-05-28T15:02:15.564+0000] {dag.py:4180} INFO - Setting next_dagrun for dataset_s3_bucket_producer_with_no_taskflow to None, run_after=None
[2026-05-28T15:02:15.600+0000] {processor.py:208} INFO - Processing /home/airflow/.local/lib/python3.12/site-packages/airflow/example_dags/example_dataset_alias_with_no_taskflow.py took 9.507 seconds
[2026-05-28T15:02:46.230+0000] {processor.py:186} INFO - Started process (PID=8231) to work on /home/airflow/.local/lib/python3.12/site-packages/airflow/example_dags/example_dataset_alias_with_no_taskflow.py
[2026-05-28T15:02:46.232+0000] {processor.py:914} INFO - Processing file /home/airflow/.local/lib/python3.12/site-packages/airflow/example_dags/example_dataset_alias_with_no_taskflow.py for tasks to queue
[2026-05-28T15:02:46.234+0000] {logging_mixin.py:190} INFO - [2026-05-28T15:02:46.234+0000] {dagbag.py:588} INFO - Filling up the DagBag from /home/airflow/.local/lib/python3.12/site-packages/airflow/example_dags/example_dataset_alias_with_no_taskflow.py
[2026-05-28T15:02:55.434+0000] {processor.py:925} INFO - DAG(s) 'dataset_s3_bucket_consumer_with_no_taskflow', 'dataset_alias_example_alias_consumer_with_no_taskflow', 'dataset_alias_example_alias_producer_with_no_taskflow', 'dataset_s3_bucket_producer_with_no_taskflow' retrieved from /home/airflow/.local/lib/python3.12/site-packages/airflow/example_dags/example_dataset_alias_with_no_taskflow.py
[2026-05-28T15:02:55.484+0000] {logging_mixin.py:190} INFO - [2026-05-28T15:02:55.483+0000] {dag.py:3239} INFO - Sync 4 DAGs
[2026-05-28T15:02:55.510+0000] {logging_mixin.py:190} INFO - [2026-05-28T15:02:55.510+0000] {dag.py:4180} INFO - Setting next_dagrun for dataset_alias_example_alias_consumer_with_no_taskflow to None, run_after=None
[2026-05-28T15:02:55.515+0000] {logging_mixin.py:190} INFO - [2026-05-28T15:02:55.515+0000] {dag.py:4180} INFO - Setting next_dagrun for dataset_alias_example_alias_producer_with_no_taskflow to None, run_after=None
[2026-05-28T15:02:55.520+0000] {logging_mixin.py:190} INFO - [2026-05-28T15:02:55.519+0000] {dag.py:4180} INFO - Setting next_dagrun for dataset_s3_bucket_consumer_with_no_taskflow to None, run_after=None
[2026-05-28T15:02:55.522+0000] {logging_mixin.py:190} INFO - [2026-05-28T15:02:55.522+0000] {dag.py:4180} INFO - Setting next_dagrun for dataset_s3_bucket_producer_with_no_taskflow to None, run_after=None
[2026-05-28T15:02:55.555+0000] {processor.py:208} INFO - Processing /home/airflow/.local/lib/python3.12/site-packages/airflow/example_dags/example_dataset_alias_with_no_taskflow.py took 9.334 seconds
[2026-05-28T15:03:26.280+0000] {processor.py:186} INFO - Started process (PID=8311) to work on /home/airflow/.local/lib/python3.12/site-packages/airflow/example_dags/example_dataset_alias_with_no_taskflow.py
[2026-05-28T15:03:26.282+0000] {processor.py:914} INFO - Processing file /home/airflow/.local/lib/python3.12/site-packages/airflow/example_dags/example_dataset_alias_with_no_taskflow.py for tasks to queue
[2026-05-28T15:03:26.285+0000] {logging_mixin.py:190} INFO - [2026-05-28T15:03:26.284+0000] {dagbag.py:588} INFO - Filling up the DagBag from /home/airflow/.local/lib/python3.12/site-packages/airflow/example_dags/example_dataset_alias_with_no_taskflow.py
[2026-05-28T15:03:35.732+0000] {processor.py:925} INFO - DAG(s) 'dataset_alias_example_alias_producer_with_no_taskflow', 'dataset_alias_example_alias_consumer_with_no_taskflow', 'dataset_s3_bucket_producer_with_no_taskflow', 'dataset_s3_bucket_consumer_with_no_taskflow' retrieved from /home/airflow/.local/lib/python3.12/site-packages/airflow/example_dags/example_dataset_alias_with_no_taskflow.py
[2026-05-28T15:03:35.768+0000] {logging_mixin.py:190} INFO - [2026-05-28T15:03:35.767+0000] {dag.py:3239} INFO - Sync 4 DAGs
[2026-05-28T15:03:35.800+0000] {logging_mixin.py:190} INFO - [2026-05-28T15:03:35.799+0000] {dag.py:4180} INFO - Setting next_dagrun for dataset_alias_example_alias_consumer_with_no_taskflow to None, run_after=None
[2026-05-28T15:03:35.804+0000] {logging_mixin.py:190} INFO - [2026-05-28T15:03:35.804+0000] {dag.py:4180} INFO - Setting next_dagrun for dataset_alias_example_alias_producer_with_no_taskflow to None, run_after=None
[2026-05-28T15:03:35.807+0000] {logging_mixin.py:190} INFO - [2026-05-28T15:03:35.807+0000] {dag.py:4180} INFO - Setting next_dagrun for dataset_s3_bucket_consumer_with_no_taskflow to None, run_after=None
[2026-05-28T15:03:35.810+0000] {logging_mixin.py:190} INFO - [2026-05-28T15:03:35.810+0000] {dag.py:4180} INFO - Setting next_dagrun for dataset_s3_bucket_producer_with_no_taskflow to None, run_after=None
[2026-05-28T15:03:35.855+0000] {processor.py:208} INFO - Processing /home/airflow/.local/lib/python3.12/site-packages/airflow/example_dags/example_dataset_alias_with_no_taskflow.py took 9.586 seconds
[2026-05-28T15:04:06.830+0000] {processor.py:186} INFO - Started process (PID=8388) to work on /home/airflow/.local/lib/python3.12/site-packages/airflow/example_dags/example_dataset_alias_with_no_taskflow.py
[2026-05-28T15:04:06.832+0000] {processor.py:914} INFO - Processing file /home/airflow/.local/lib/python3.12/site-packages/airflow/example_dags/example_dataset_alias_with_no_taskflow.py for tasks to queue
[2026-05-28T15:04:06.834+0000] {logging_mixin.py:190} INFO - [2026-05-28T15:04:06.834+0000] {dagbag.py:588} INFO - Filling up the DagBag from /home/airflow/.local/lib/python3.12/site-packages/airflow/example_dags/example_dataset_alias_with_no_taskflow.py
[2026-05-28T15:04:17.135+0000] {processor.py:925} INFO - DAG(s) 'dataset_s3_bucket_producer_with_no_taskflow', 'dataset_alias_example_alias_consumer_with_no_taskflow', 'dataset_s3_bucket_consumer_with_no_taskflow', 'dataset_alias_example_alias_producer_with_no_taskflow' retrieved from /home/airflow/.local/lib/python3.12/site-packages/airflow/example_dags/example_dataset_alias_with_no_taskflow.py
[2026-05-28T15:04:17.165+0000] {logging_mixin.py:190} INFO - [2026-05-28T15:04:17.165+0000] {dag.py:3239} INFO - Sync 4 DAGs
[2026-05-28T15:04:17.191+0000] {logging_mixin.py:190} INFO - [2026-05-28T15:04:17.190+0000] {dag.py:4180} INFO - Setting next_dagrun for dataset_alias_example_alias_consumer_with_no_taskflow to None, run_after=None
[2026-05-28T15:04:17.195+0000] {logging_mixin.py:190} INFO - [2026-05-28T15:04:17.194+0000] {dag.py:4180} INFO - Setting next_dagrun for dataset_alias_example_alias_producer_with_no_taskflow to None, run_after=None
[2026-05-28T15:04:17.197+0000] {logging_mixin.py:190} INFO - [2026-05-28T15:04:17.197+0000] {dag.py:4180} INFO - Setting next_dagrun for dataset_s3_bucket_consumer_with_no_taskflow to None, run_after=None
[2026-05-28T15:04:17.200+0000] {logging_mixin.py:190} INFO - [2026-05-28T15:04:17.200+0000] {dag.py:4180} INFO - Setting next_dagrun for dataset_s3_bucket_producer_with_no_taskflow to None, run_after=None
[2026-05-28T15:04:17.241+0000] {processor.py:208} INFO - Processing /home/airflow/.local/lib/python3.12/site-packages/airflow/example_dags/example_dataset_alias_with_no_taskflow.py took 10.419 seconds
[2026-05-28T15:04:47.644+0000] {processor.py:186} INFO - Started process (PID=8462) to work on /home/airflow/.local/lib/python3.12/site-packages/airflow/example_dags/example_dataset_alias_with_no_taskflow.py
[2026-05-28T15:04:47.646+0000] {processor.py:914} INFO - Processing file /home/airflow/.local/lib/python3.12/site-packages/airflow/example_dags/example_dataset_alias_with_no_taskflow.py for tasks to queue
[2026-05-28T15:04:47.649+0000] {logging_mixin.py:190} INFO - [2026-05-28T15:04:47.648+0000] {dagbag.py:588} INFO - Filling up the DagBag from /home/airflow/.local/lib/python3.12/site-packages/airflow/example_dags/example_dataset_alias_with_no_taskflow.py
[2026-05-28T15:04:57.314+0000] {processor.py:925} INFO - DAG(s) 'dataset_alias_example_alias_consumer_with_no_taskflow', 'dataset_alias_example_alias_producer_with_no_taskflow', 'dataset_s3_bucket_producer_with_no_taskflow', 'dataset_s3_bucket_consumer_with_no_taskflow' retrieved from /home/airflow/.local/lib/python3.12/site-packages/airflow/example_dags/example_dataset_alias_with_no_taskflow.py
[2026-05-28T15:04:57.345+0000] {logging_mixin.py:190} INFO - [2026-05-28T15:04:57.344+0000] {dag.py:3239} INFO - Sync 4 DAGs
[2026-05-28T15:04:57.369+0000] {logging_mixin.py:190} INFO - [2026-05-28T15:04:57.369+0000] {dag.py:4180} INFO - Setting next_dagrun for dataset_alias_example_alias_consumer_with_no_taskflow to None, run_after=None
[2026-05-28T15:04:57.374+0000] {logging_mixin.py:190} INFO - [2026-05-28T15:04:57.373+0000] {dag.py:4180} INFO - Setting next_dagrun for dataset_alias_example_alias_producer_with_no_taskflow to None, run_after=None
[2026-05-28T15:04:57.376+0000] {logging_mixin.py:190} INFO - [2026-05-28T15:04:57.376+0000] {dag.py:4180} INFO - Setting next_dagrun for dataset_s3_bucket_consumer_with_no_taskflow to None, run_after=None
[2026-05-28T15:04:57.379+0000] {logging_mixin.py:190} INFO - [2026-05-28T15:04:57.379+0000] {dag.py:4180} INFO - Setting next_dagrun for dataset_s3_bucket_producer_with_no_taskflow to None, run_after=None
[2026-05-28T15:04:57.424+0000] {processor.py:208} INFO - Processing /home/airflow/.local/lib/python3.12/site-packages/airflow/example_dags/example_dataset_alias_with_no_taskflow.py took 9.795 seconds
[2026-05-28T15:05:28.652+0000] {processor.py:186} INFO - Started process (PID=8540) to work on /home/airflow/.local/lib/python3.12/site-packages/airflow/example_dags/example_dataset_alias_with_no_taskflow.py
[2026-05-28T15:05:28.654+0000] {processor.py:914} INFO - Processing file /home/airflow/.local/lib/python3.12/site-packages/airflow/example_dags/example_dataset_alias_with_no_taskflow.py for tasks to queue
[2026-05-28T15:05:28.657+0000] {logging_mixin.py:190} INFO - [2026-05-28T15:05:28.656+0000] {dagbag.py:588} INFO - Filling up the DagBag from /home/airflow/.local/lib/python3.12/site-packages/airflow/example_dags/example_dataset_alias_with_no_taskflow.py
[2026-05-28T15:05:38.179+0000] {processor.py:925} INFO - DAG(s) 'dataset_s3_bucket_producer_with_no_taskflow', 'dataset_alias_example_alias_consumer_with_no_taskflow', 'dataset_alias_example_alias_producer_with_no_taskflow', 'dataset_s3_bucket_consumer_with_no_taskflow' retrieved from /home/airflow/.local/lib/python3.12/site-packages/airflow/example_dags/example_dataset_alias_with_no_taskflow.py
[2026-05-28T15:05:38.208+0000] {logging_mixin.py:190} INFO - [2026-05-28T15:05:38.207+0000] {dag.py:3239} INFO - Sync 4 DAGs
[2026-05-28T15:05:38.234+0000] {logging_mixin.py:190} INFO - [2026-05-28T15:05:38.234+0000] {dag.py:4180} INFO - Setting next_dagrun for dataset_alias_example_alias_consumer_with_no_taskflow to None, run_after=None
[2026-05-28T15:05:38.238+0000] {logging_mixin.py:190} INFO - [2026-05-28T15:05:38.238+0000] {dag.py:4180} INFO - Setting next_dagrun for dataset_alias_example_alias_producer_with_no_taskflow to None, run_after=None
[2026-05-28T15:05:38.241+0000] {logging_mixin.py:190} INFO - [2026-05-28T15:05:38.240+0000] {dag.py:4180} INFO - Setting next_dagrun for dataset_s3_bucket_consumer_with_no_taskflow to None, run_after=None
[2026-05-28T15:05:38.243+0000] {logging_mixin.py:190} INFO - [2026-05-28T15:05:38.243+0000] {dag.py:4180} INFO - Setting next_dagrun for dataset_s3_bucket_producer_with_no_taskflow to None, run_after=None
[2026-05-28T15:05:38.275+0000] {processor.py:208} INFO - Processing /home/airflow/.local/lib/python3.12/site-packages/airflow/example_dags/example_dataset_alias_with_no_taskflow.py took 9.633 seconds
[2026-05-28T15:06:08.954+0000] {processor.py:186} INFO - Started process (PID=8617) to work on /home/airflow/.local/lib/python3.12/site-packages/airflow/example_dags/example_dataset_alias_with_no_taskflow.py
[2026-05-28T15:06:08.956+0000] {processor.py:914} INFO - Processing file /home/airflow/.local/lib/python3.12/site-packages/airflow/example_dags/example_dataset_alias_with_no_taskflow.py for tasks to queue
[2026-05-28T15:06:08.959+0000] {logging_mixin.py:190} INFO - [2026-05-28T15:06:08.958+0000] {dagbag.py:588} INFO - Filling up the DagBag from /home/airflow/.local/lib/python3.12/site-packages/airflow/example_dags/example_dataset_alias_with_no_taskflow.py
[2026-05-28T15:06:19.158+0000] {processor.py:925} INFO - DAG(s) 'dataset_s3_bucket_consumer_with_no_taskflow', 'dataset_alias_example_alias_producer_with_no_taskflow', 'dataset_alias_example_alias_consumer_with_no_taskflow', 'dataset_s3_bucket_producer_with_no_taskflow' retrieved from /home/airflow/.local/lib/python3.12/site-packages/airflow/example_dags/example_dataset_alias_with_no_taskflow.py
[2026-05-28T15:06:19.192+0000] {logging_mixin.py:190} INFO - [2026-05-28T15:06:19.191+0000] {dag.py:3239} INFO - Sync 4 DAGs
[2026-05-28T15:06:19.220+0000] {logging_mixin.py:190} INFO - [2026-05-28T15:06:19.220+0000] {dag.py:4180} INFO - Setting next_dagrun for dataset_alias_example_alias_consumer_with_no_taskflow to None, run_after=None
[2026-05-28T15:06:19.225+0000] {logging_mixin.py:190} INFO - [2026-05-28T15:06:19.224+0000] {dag.py:4180} INFO - Setting next_dagrun for dataset_alias_example_alias_producer_with_no_taskflow to None, run_after=None
[2026-05-28T15:06:19.228+0000] {logging_mixin.py:190} INFO - [2026-05-28T15:06:19.227+0000] {dag.py:4180} INFO - Setting next_dagrun for dataset_s3_bucket_consumer_with_no_taskflow to None, run_after=None
[2026-05-28T15:06:19.230+0000] {logging_mixin.py:190} INFO - [2026-05-28T15:06:19.230+0000] {dag.py:4180} INFO - Setting next_dagrun for dataset_s3_bucket_producer_with_no_taskflow to None, run_after=None
[2026-05-28T15:06:19.266+0000] {processor.py:208} INFO - Processing /home/airflow/.local/lib/python3.12/site-packages/airflow/example_dags/example_dataset_alias_with_no_taskflow.py took 10.319 seconds
[2026-05-28T15:06:49.501+0000] {processor.py:186} INFO - Started process (PID=8701) to work on /home/airflow/.local/lib/python3.12/site-packages/airflow/example_dags/example_dataset_alias_with_no_taskflow.py
[2026-05-28T15:06:49.503+0000] {processor.py:914} INFO - Processing file /home/airflow/.local/lib/python3.12/site-packages/airflow/example_dags/example_dataset_alias_with_no_taskflow.py for tasks to queue
[2026-05-28T15:06:49.505+0000] {logging_mixin.py:190} INFO - [2026-05-28T15:06:49.505+0000] {dagbag.py:588} INFO - Filling up the DagBag from /home/airflow/.local/lib/python3.12/site-packages/airflow/example_dags/example_dataset_alias_with_no_taskflow.py
[2026-05-28T15:06:58.748+0000] {processor.py:925} INFO - DAG(s) 'dataset_s3_bucket_consumer_with_no_taskflow', 'dataset_s3_bucket_producer_with_no_taskflow', 'dataset_alias_example_alias_consumer_with_no_taskflow', 'dataset_alias_example_alias_producer_with_no_taskflow' retrieved from /home/airflow/.local/lib/python3.12/site-packages/airflow/example_dags/example_dataset_alias_with_no_taskflow.py
[2026-05-28T15:06:58.789+0000] {logging_mixin.py:190} INFO - [2026-05-28T15:06:58.789+0000] {dag.py:3239} INFO - Sync 4 DAGs
[2026-05-28T15:06:58.815+0000] {logging_mixin.py:190} INFO - [2026-05-28T15:06:58.814+0000] {dag.py:4180} INFO - Setting next_dagrun for dataset_alias_example_alias_consumer_with_no_taskflow to None, run_after=None
[2026-05-28T15:06:58.821+0000] {logging_mixin.py:190} INFO - [2026-05-28T15:06:58.821+0000] {dag.py:4180} INFO - Setting next_dagrun for dataset_alias_example_alias_producer_with_no_taskflow to None, run_after=None
[2026-05-28T15:06:58.824+0000] {logging_mixin.py:190} INFO - [2026-05-28T15:06:58.823+0000] {dag.py:4180} INFO - Setting next_dagrun for dataset_s3_bucket_consumer_with_no_taskflow to None, run_after=None
[2026-05-28T15:06:58.826+0000] {logging_mixin.py:190} INFO - [2026-05-28T15:06:58.826+0000] {dag.py:4180} INFO - Setting next_dagrun for dataset_s3_bucket_producer_with_no_taskflow to None, run_after=None
[2026-05-28T15:06:58.862+0000] {processor.py:208} INFO - Processing /home/airflow/.local/lib/python3.12/site-packages/airflow/example_dags/example_dataset_alias_with_no_taskflow.py took 9.370 seconds
[2026-05-28T15:07:29.639+0000] {processor.py:186} INFO - Started process (PID=8788) to work on /home/airflow/.local/lib/python3.12/site-packages/airflow/example_dags/example_dataset_alias_with_no_taskflow.py
[2026-05-28T15:07:29.641+0000] {processor.py:914} INFO - Processing file /home/airflow/.local/lib/python3.12/site-packages/airflow/example_dags/example_dataset_alias_with_no_taskflow.py for tasks to queue
[2026-05-28T15:07:29.644+0000] {logging_mixin.py:190} INFO - [2026-05-28T15:07:29.644+0000] {dagbag.py:588} INFO - Filling up the DagBag from /home/airflow/.local/lib/python3.12/site-packages/airflow/example_dags/example_dataset_alias_with_no_taskflow.py
[2026-05-28T15:07:38.313+0000] {processor.py:925} INFO - DAG(s) 'dataset_alias_example_alias_producer_with_no_taskflow', 'dataset_alias_example_alias_consumer_with_no_taskflow', 'dataset_s3_bucket_producer_with_no_taskflow', 'dataset_s3_bucket_consumer_with_no_taskflow' retrieved from /home/airflow/.local/lib/python3.12/site-packages/airflow/example_dags/example_dataset_alias_with_no_taskflow.py
[2026-05-28T15:07:38.345+0000] {logging_mixin.py:190} INFO - [2026-05-28T15:07:38.345+0000] {dag.py:3239} INFO - Sync 4 DAGs
[2026-05-28T15:07:38.371+0000] {logging_mixin.py:190} INFO - [2026-05-28T15:07:38.370+0000] {dag.py:4180} INFO - Setting next_dagrun for dataset_alias_example_alias_consumer_with_no_taskflow to None, run_after=None
[2026-05-28T15:07:38.375+0000] {logging_mixin.py:190} INFO - [2026-05-28T15:07:38.374+0000] {dag.py:4180} INFO - Setting next_dagrun for dataset_alias_example_alias_producer_with_no_taskflow to None, run_after=None
[2026-05-28T15:07:38.377+0000] {logging_mixin.py:190} INFO - [2026-05-28T15:07:38.377+0000] {dag.py:4180} INFO - Setting next_dagrun for dataset_s3_bucket_consumer_with_no_taskflow to None, run_after=None
[2026-05-28T15:07:38.379+0000] {logging_mixin.py:190} INFO - [2026-05-28T15:07:38.379+0000] {dag.py:4180} INFO - Setting next_dagrun for dataset_s3_bucket_producer_with_no_taskflow to None, run_after=None
[2026-05-28T15:07:38.418+0000] {processor.py:208} INFO - Processing /home/airflow/.local/lib/python3.12/site-packages/airflow/example_dags/example_dataset_alias_with_no_taskflow.py took 8.786 seconds
[2026-05-28T15:08:09.007+0000] {processor.py:186} INFO - Started process (PID=8853) to work on /home/airflow/.local/lib/python3.12/site-packages/airflow/example_dags/example_dataset_alias_with_no_taskflow.py
[2026-05-28T15:08:09.009+0000] {processor.py:914} INFO - Processing file /home/airflow/.local/lib/python3.12/site-packages/airflow/example_dags/example_dataset_alias_with_no_taskflow.py for tasks to queue
[2026-05-28T15:08:09.011+0000] {logging_mixin.py:190} INFO - [2026-05-28T15:08:09.011+0000] {dagbag.py:588} INFO - Filling up the DagBag from /home/airflow/.local/lib/python3.12/site-packages/airflow/example_dags/example_dataset_alias_with_no_taskflow.py
[2026-05-28T15:08:18.543+0000] {processor.py:925} INFO - DAG(s) 'dataset_s3_bucket_consumer_with_no_taskflow', 'dataset_alias_example_alias_producer_with_no_taskflow', 'dataset_alias_example_alias_consumer_with_no_taskflow', 'dataset_s3_bucket_producer_with_no_taskflow' retrieved from /home/airflow/.local/lib/python3.12/site-packages/airflow/example_dags/example_dataset_alias_with_no_taskflow.py
[2026-05-28T15:08:18.577+0000] {logging_mixin.py:190} INFO - [2026-05-28T15:08:18.576+0000] {dag.py:3239} INFO - Sync 4 DAGs
[2026-05-28T15:08:18.614+0000] {logging_mixin.py:190} INFO - [2026-05-28T15:08:18.613+0000] {dag.py:4180} INFO - Setting next_dagrun for dataset_alias_example_alias_consumer_with_no_taskflow to None, run_after=None
[2026-05-28T15:08:18.620+0000] {logging_mixin.py:190} INFO - [2026-05-28T15:08:18.620+0000] {dag.py:4180} INFO - Setting next_dagrun for dataset_alias_example_alias_producer_with_no_taskflow to None, run_after=None
[2026-05-28T15:08:18.624+0000] {logging_mixin.py:190} INFO - [2026-05-28T15:08:18.623+0000] {dag.py:4180} INFO - Setting next_dagrun for dataset_s3_bucket_consumer_with_no_taskflow to None, run_after=None
[2026-05-28T15:08:18.627+0000] {logging_mixin.py:190} INFO - [2026-05-28T15:08:18.627+0000] {dag.py:4180} INFO - Setting next_dagrun for dataset_s3_bucket_producer_with_no_taskflow to None, run_after=None
[2026-05-28T15:08:18.669+0000] {processor.py:208} INFO - Processing /home/airflow/.local/lib/python3.12/site-packages/airflow/example_dags/example_dataset_alias_with_no_taskflow.py took 9.671 seconds
[2026-05-28T15:08:48.931+0000] {processor.py:186} INFO - Started process (PID=8929) to work on /home/airflow/.local/lib/python3.12/site-packages/airflow/example_dags/example_dataset_alias_with_no_taskflow.py
[2026-05-28T15:08:48.933+0000] {processor.py:914} INFO - Processing file /home/airflow/.local/lib/python3.12/site-packages/airflow/example_dags/example_dataset_alias_with_no_taskflow.py for tasks to queue
[2026-05-28T15:08:48.935+0000] {logging_mixin.py:190} INFO - [2026-05-28T15:08:48.935+0000] {dagbag.py:588} INFO - Filling up the DagBag from /home/airflow/.local/lib/python3.12/site-packages/airflow/example_dags/example_dataset_alias_with_no_taskflow.py
[2026-05-28T15:08:59.102+0000] {processor.py:925} INFO - DAG(s) 'dataset_s3_bucket_producer_with_no_taskflow', 'dataset_alias_example_alias_producer_with_no_taskflow', 'dataset_alias_example_alias_consumer_with_no_taskflow', 'dataset_s3_bucket_consumer_with_no_taskflow' retrieved from /home/airflow/.local/lib/python3.12/site-packages/airflow/example_dags/example_dataset_alias_with_no_taskflow.py
[2026-05-28T15:08:59.139+0000] {logging_mixin.py:190} INFO - [2026-05-28T15:08:59.137+0000] {dag.py:3239} INFO - Sync 4 DAGs
[2026-05-28T15:08:59.167+0000] {logging_mixin.py:190} INFO - [2026-05-28T15:08:59.166+0000] {dag.py:4180} INFO - Setting next_dagrun for dataset_alias_example_alias_consumer_with_no_taskflow to None, run_after=None
[2026-05-28T15:08:59.172+0000] {logging_mixin.py:190} INFO - [2026-05-28T15:08:59.172+0000] {dag.py:4180} INFO - Setting next_dagrun for dataset_alias_example_alias_producer_with_no_taskflow to None, run_after=None
[2026-05-28T15:08:59.175+0000] {logging_mixin.py:190} INFO - [2026-05-28T15:08:59.174+0000] {dag.py:4180} INFO - Setting next_dagrun for dataset_s3_bucket_consumer_with_no_taskflow to None, run_after=None
[2026-05-28T15:08:59.178+0000] {logging_mixin.py:190} INFO - [2026-05-28T15:08:59.178+0000] {dag.py:4180} INFO - Setting next_dagrun for dataset_s3_bucket_producer_with_no_taskflow to None, run_after=None
[2026-05-28T15:08:59.211+0000] {processor.py:208} INFO - Processing /home/airflow/.local/lib/python3.12/site-packages/airflow/example_dags/example_dataset_alias_with_no_taskflow.py took 10.291 seconds
[2026-05-28T15:09:29.423+0000] {processor.py:186} INFO - Started process (PID=9026) to work on /home/airflow/.local/lib/python3.12/site-packages/airflow/example_dags/example_dataset_alias_with_no_taskflow.py
[2026-05-28T15:09:29.425+0000] {processor.py:914} INFO - Processing file /home/airflow/.local/lib/python3.12/site-packages/airflow/example_dags/example_dataset_alias_with_no_taskflow.py for tasks to queue
[2026-05-28T15:09:29.428+0000] {logging_mixin.py:190} INFO - [2026-05-28T15:09:29.427+0000] {dagbag.py:588} INFO - Filling up the DagBag from /home/airflow/.local/lib/python3.12/site-packages/airflow/example_dags/example_dataset_alias_with_no_taskflow.py
[2026-05-28T15:09:39.701+0000] {processor.py:925} INFO - DAG(s) 'dataset_alias_example_alias_producer_with_no_taskflow', 'dataset_alias_example_alias_consumer_with_no_taskflow', 'dataset_s3_bucket_consumer_with_no_taskflow', 'dataset_s3_bucket_producer_with_no_taskflow' retrieved from /home/airflow/.local/lib/python3.12/site-packages/airflow/example_dags/example_dataset_alias_with_no_taskflow.py
[2026-05-28T15:09:39.744+0000] {logging_mixin.py:190} INFO - [2026-05-28T15:09:39.743+0000] {dag.py:3239} INFO - Sync 4 DAGs
[2026-05-28T15:09:39.777+0000] {logging_mixin.py:190} INFO - [2026-05-28T15:09:39.777+0000] {dag.py:4180} INFO - Setting next_dagrun for dataset_alias_example_alias_consumer_with_no_taskflow to None, run_after=None
[2026-05-28T15:09:39.782+0000] {logging_mixin.py:190} INFO - [2026-05-28T15:09:39.782+0000] {dag.py:4180} INFO - Setting next_dagrun for dataset_alias_example_alias_producer_with_no_taskflow to None, run_after=None
[2026-05-28T15:09:39.786+0000] {logging_mixin.py:190} INFO - [2026-05-28T15:09:39.785+0000] {dag.py:4180} INFO - Setting next_dagrun for dataset_s3_bucket_consumer_with_no_taskflow to None, run_after=None
[2026-05-28T15:09:39.788+0000] {logging_mixin.py:190} INFO - [2026-05-28T15:09:39.788+0000] {dag.py:4180} INFO - Setting next_dagrun for dataset_s3_bucket_producer_with_no_taskflow to None, run_after=None
[2026-05-28T15:09:39.837+0000] {processor.py:208} INFO - Processing /home/airflow/.local/lib/python3.12/site-packages/airflow/example_dags/example_dataset_alias_with_no_taskflow.py took 10.424 seconds
[2026-05-28T15:10:09.983+0000] {processor.py:186} INFO - Started process (PID=9104) to work on /home/airflow/.local/lib/python3.12/site-packages/airflow/example_dags/example_dataset_alias_with_no_taskflow.py
[2026-05-28T15:10:09.985+0000] {processor.py:914} INFO - Processing file /home/airflow/.local/lib/python3.12/site-packages/airflow/example_dags/example_dataset_alias_with_no_taskflow.py for tasks to queue
[2026-05-28T15:10:09.987+0000] {logging_mixin.py:190} INFO - [2026-05-28T15:10:09.987+0000] {dagbag.py:588} INFO - Filling up the DagBag from /home/airflow/.local/lib/python3.12/site-packages/airflow/example_dags/example_dataset_alias_with_no_taskflow.py
[2026-05-28T15:10:19.140+0000] {processor.py:925} INFO - DAG(s) 'dataset_alias_example_alias_producer_with_no_taskflow', 'dataset_s3_bucket_consumer_with_no_taskflow', 'dataset_alias_example_alias_consumer_with_no_taskflow', 'dataset_s3_bucket_producer_with_no_taskflow' retrieved from /home/airflow/.local/lib/python3.12/site-packages/airflow/example_dags/example_dataset_alias_with_no_taskflow.py
[2026-05-28T15:10:19.179+0000] {logging_mixin.py:190} INFO - [2026-05-28T15:10:19.177+0000] {dag.py:3239} INFO - Sync 4 DAGs
[2026-05-28T15:10:19.207+0000] {logging_mixin.py:190} INFO - [2026-05-28T15:10:19.207+0000] {dag.py:4180} INFO - Setting next_dagrun for dataset_alias_example_alias_consumer_with_no_taskflow to None, run_after=None
[2026-05-28T15:10:19.215+0000] {logging_mixin.py:190} INFO - [2026-05-28T15:10:19.214+0000] {dag.py:4180} INFO - Setting next_dagrun for dataset_alias_example_alias_producer_with_no_taskflow to None, run_after=None
[2026-05-28T15:10:19.218+0000] {logging_mixin.py:190} INFO - [2026-05-28T15:10:19.217+0000] {dag.py:4180} INFO - Setting next_dagrun for dataset_s3_bucket_consumer_with_no_taskflow to None, run_after=None
[2026-05-28T15:10:19.220+0000] {logging_mixin.py:190} INFO - [2026-05-28T15:10:19.220+0000] {dag.py:4180} INFO - Setting next_dagrun for dataset_s3_bucket_producer_with_no_taskflow to None, run_after=None
[2026-05-28T15:10:19.255+0000] {processor.py:208} INFO - Processing /home/airflow/.local/lib/python3.12/site-packages/airflow/example_dags/example_dataset_alias_with_no_taskflow.py took 9.279 seconds
[2026-05-28T15:10:49.935+0000] {processor.py:186} INFO - Started process (PID=9168) to work on /home/airflow/.local/lib/python3.12/site-packages/airflow/example_dags/example_dataset_alias_with_no_taskflow.py
[2026-05-28T15:10:49.938+0000] {processor.py:914} INFO - Processing file /home/airflow/.local/lib/python3.12/site-packages/airflow/example_dags/example_dataset_alias_with_no_taskflow.py for tasks to queue
[2026-05-28T15:10:49.941+0000] {logging_mixin.py:190} INFO - [2026-05-28T15:10:49.941+0000] {dagbag.py:588} INFO - Filling up the DagBag from /home/airflow/.local/lib/python3.12/site-packages/airflow/example_dags/example_dataset_alias_with_no_taskflow.py
[2026-05-28T15:10:59.486+0000] {processor.py:925} INFO - DAG(s) 'dataset_alias_example_alias_consumer_with_no_taskflow', 'dataset_s3_bucket_consumer_with_no_taskflow', 'dataset_s3_bucket_producer_with_no_taskflow', 'dataset_alias_example_alias_producer_with_no_taskflow' retrieved from /home/airflow/.local/lib/python3.12/site-packages/airflow/example_dags/example_dataset_alias_with_no_taskflow.py
[2026-05-28T15:10:59.520+0000] {logging_mixin.py:190} INFO - [2026-05-28T15:10:59.519+0000] {dag.py:3239} INFO - Sync 4 DAGs
[2026-05-28T15:10:59.551+0000] {logging_mixin.py:190} INFO - [2026-05-28T15:10:59.550+0000] {dag.py:4180} INFO - Setting next_dagrun for dataset_alias_example_alias_consumer_with_no_taskflow to None, run_after=None
[2026-05-28T15:10:59.557+0000] {logging_mixin.py:190} INFO - [2026-05-28T15:10:59.557+0000] {dag.py:4180} INFO - Setting next_dagrun for dataset_alias_example_alias_producer_with_no_taskflow to None, run_after=None
[2026-05-28T15:10:59.561+0000] {logging_mixin.py:190} INFO - [2026-05-28T15:10:59.561+0000] {dag.py:4180} INFO - Setting next_dagrun for dataset_s3_bucket_consumer_with_no_taskflow to None, run_after=None
[2026-05-28T15:10:59.565+0000] {logging_mixin.py:190} INFO - [2026-05-28T15:10:59.564+0000] {dag.py:4180} INFO - Setting next_dagrun for dataset_s3_bucket_producer_with_no_taskflow to None, run_after=None
[2026-05-28T15:10:59.605+0000] {processor.py:208} INFO - Processing /home/airflow/.local/lib/python3.12/site-packages/airflow/example_dags/example_dataset_alias_with_no_taskflow.py took 9.684 seconds
[2026-05-28T15:11:30.264+0000] {processor.py:186} INFO - Started process (PID=9251) to work on /home/airflow/.local/lib/python3.12/site-packages/airflow/example_dags/example_dataset_alias_with_no_taskflow.py
[2026-05-28T15:11:30.266+0000] {processor.py:914} INFO - Processing file /home/airflow/.local/lib/python3.12/site-packages/airflow/example_dags/example_dataset_alias_with_no_taskflow.py for tasks to queue
[2026-05-28T15:11:30.270+0000] {logging_mixin.py:190} INFO - [2026-05-28T15:11:30.269+0000] {dagbag.py:588} INFO - Filling up the DagBag from /home/airflow/.local/lib/python3.12/site-packages/airflow/example_dags/example_dataset_alias_with_no_taskflow.py
[2026-05-28T15:11:39.301+0000] {processor.py:925} INFO - DAG(s) 'dataset_s3_bucket_producer_with_no_taskflow', 'dataset_s3_bucket_consumer_with_no_taskflow', 'dataset_alias_example_alias_consumer_with_no_taskflow', 'dataset_alias_example_alias_producer_with_no_taskflow' retrieved from /home/airflow/.local/lib/python3.12/site-packages/airflow/example_dags/example_dataset_alias_with_no_taskflow.py
[2026-05-28T15:11:39.331+0000] {logging_mixin.py:190} INFO - [2026-05-28T15:11:39.330+0000] {dag.py:3239} INFO - Sync 4 DAGs
[2026-05-28T15:11:39.370+0000] {logging_mixin.py:190} INFO - [2026-05-28T15:11:39.369+0000] {dag.py:4180} INFO - Setting next_dagrun for dataset_alias_example_alias_consumer_with_no_taskflow to None, run_after=None
[2026-05-28T15:11:39.376+0000] {logging_mixin.py:190} INFO - [2026-05-28T15:11:39.376+0000] {dag.py:4180} INFO - Setting next_dagrun for dataset_alias_example_alias_producer_with_no_taskflow to None, run_after=None
[2026-05-28T15:11:39.380+0000] {logging_mixin.py:190} INFO - [2026-05-28T15:11:39.379+0000] {dag.py:4180} INFO - Setting next_dagrun for dataset_s3_bucket_consumer_with_no_taskflow to None, run_after=None
[2026-05-28T15:11:39.384+0000] {logging_mixin.py:190} INFO - [2026-05-28T15:11:39.383+0000] {dag.py:4180} INFO - Setting next_dagrun for dataset_s3_bucket_producer_with_no_taskflow to None, run_after=None
[2026-05-28T15:11:39.425+0000] {processor.py:208} INFO - Processing /home/airflow/.local/lib/python3.12/site-packages/airflow/example_dags/example_dataset_alias_with_no_taskflow.py took 9.171 seconds
[2026-05-28T15:12:09.696+0000] {processor.py:186} INFO - Started process (PID=9330) to work on /home/airflow/.local/lib/python3.12/site-packages/airflow/example_dags/example_dataset_alias_with_no_taskflow.py
[2026-05-28T15:12:09.698+0000] {processor.py:914} INFO - Processing file /home/airflow/.local/lib/python3.12/site-packages/airflow/example_dags/example_dataset_alias_with_no_taskflow.py for tasks to queue
[2026-05-28T15:12:09.701+0000] {logging_mixin.py:190} INFO - [2026-05-28T15:12:09.700+0000] {dagbag.py:588} INFO - Filling up the DagBag from /home/airflow/.local/lib/python3.12/site-packages/airflow/example_dags/example_dataset_alias_with_no_taskflow.py
[2026-05-28T15:12:18.455+0000] {processor.py:925} INFO - DAG(s) 'dataset_alias_example_alias_producer_with_no_taskflow', 'dataset_s3_bucket_consumer_with_no_taskflow', 'dataset_s3_bucket_producer_with_no_taskflow', 'dataset_alias_example_alias_consumer_with_no_taskflow' retrieved from /home/airflow/.local/lib/python3.12/site-packages/airflow/example_dags/example_dataset_alias_with_no_taskflow.py
[2026-05-28T15:12:18.486+0000] {logging_mixin.py:190} INFO - [2026-05-28T15:12:18.486+0000] {dag.py:3239} INFO - Sync 4 DAGs
[2026-05-28T15:12:18.514+0000] {logging_mixin.py:190} INFO - [2026-05-28T15:12:18.513+0000] {dag.py:4180} INFO - Setting next_dagrun for dataset_alias_example_alias_consumer_with_no_taskflow to None, run_after=None
[2026-05-28T15:12:18.522+0000] {logging_mixin.py:190} INFO - [2026-05-28T15:12:18.522+0000] {dag.py:4180} INFO - Setting next_dagrun for dataset_alias_example_alias_producer_with_no_taskflow to None, run_after=None
[2026-05-28T15:12:18.524+0000] {logging_mixin.py:190} INFO - [2026-05-28T15:12:18.524+0000] {dag.py:4180} INFO - Setting next_dagrun for dataset_s3_bucket_consumer_with_no_taskflow to None, run_after=None
[2026-05-28T15:12:18.527+0000] {logging_mixin.py:190} INFO - [2026-05-28T15:12:18.526+0000] {dag.py:4180} INFO - Setting next_dagrun for dataset_s3_bucket_producer_with_no_taskflow to None, run_after=None
[2026-05-28T15:12:18.564+0000] {processor.py:208} INFO - Processing /home/airflow/.local/lib/python3.12/site-packages/airflow/example_dags/example_dataset_alias_with_no_taskflow.py took 8.878 seconds
[2026-05-28T15:12:49.238+0000] {processor.py:186} INFO - Started process (PID=9401) to work on /home/airflow/.local/lib/python3.12/site-packages/airflow/example_dags/example_dataset_alias_with_no_taskflow.py
[2026-05-28T15:12:49.240+0000] {processor.py:914} INFO - Processing file /home/airflow/.local/lib/python3.12/site-packages/airflow/example_dags/example_dataset_alias_with_no_taskflow.py for tasks to queue
[2026-05-28T15:12:49.244+0000] {logging_mixin.py:190} INFO - [2026-05-28T15:12:49.243+0000] {dagbag.py:588} INFO - Filling up the DagBag from /home/airflow/.local/lib/python3.12/site-packages/airflow/example_dags/example_dataset_alias_with_no_taskflow.py
[2026-05-28T15:12:58.611+0000] {processor.py:925} INFO - DAG(s) 'dataset_alias_example_alias_producer_with_no_taskflow', 'dataset_s3_bucket_producer_with_no_taskflow', 'dataset_s3_bucket_consumer_with_no_taskflow', 'dataset_alias_example_alias_consumer_with_no_taskflow' retrieved from /home/airflow/.local/lib/python3.12/site-packages/airflow/example_dags/example_dataset_alias_with_no_taskflow.py
[2026-05-28T15:12:58.646+0000] {logging_mixin.py:190} INFO - [2026-05-28T15:12:58.645+0000] {dag.py:3239} INFO - Sync 4 DAGs
[2026-05-28T15:12:58.675+0000] {logging_mixin.py:190} INFO - [2026-05-28T15:12:58.675+0000] {dag.py:4180} INFO - Setting next_dagrun for dataset_alias_example_alias_consumer_with_no_taskflow to None, run_after=None
[2026-05-28T15:12:58.680+0000] {logging_mixin.py:190} INFO - [2026-05-28T15:12:58.680+0000] {dag.py:4180} INFO - Setting next_dagrun for dataset_alias_example_alias_producer_with_no_taskflow to None, run_after=None
[2026-05-28T15:12:58.684+0000] {logging_mixin.py:190} INFO - [2026-05-28T15:12:58.684+0000] {dag.py:4180} INFO - Setting next_dagrun for dataset_s3_bucket_consumer_with_no_taskflow to None, run_after=None
[2026-05-28T15:12:58.688+0000] {logging_mixin.py:190} INFO - [2026-05-28T15:12:58.687+0000] {dag.py:4180} INFO - Setting next_dagrun for dataset_s3_bucket_producer_with_no_taskflow to None, run_after=None
[2026-05-28T15:12:58.729+0000] {processor.py:208} INFO - Processing /home/airflow/.local/lib/python3.12/site-packages/airflow/example_dags/example_dataset_alias_with_no_taskflow.py took 9.500 seconds
[2026-05-28T15:13:29.115+0000] {processor.py:186} INFO - Started process (PID=9475) to work on /home/airflow/.local/lib/python3.12/site-packages/airflow/example_dags/example_dataset_alias_with_no_taskflow.py
[2026-05-28T15:13:29.118+0000] {processor.py:914} INFO - Processing file /home/airflow/.local/lib/python3.12/site-packages/airflow/example_dags/example_dataset_alias_with_no_taskflow.py for tasks to queue
[2026-05-28T15:13:29.120+0000] {logging_mixin.py:190} INFO - [2026-05-28T15:13:29.120+0000] {dagbag.py:588} INFO - Filling up the DagBag from /home/airflow/.local/lib/python3.12/site-packages/airflow/example_dags/example_dataset_alias_with_no_taskflow.py
[2026-05-28T15:13:38.138+0000] {processor.py:925} INFO - DAG(s) 'dataset_s3_bucket_producer_with_no_taskflow', 'dataset_alias_example_alias_consumer_with_no_taskflow', 'dataset_alias_example_alias_producer_with_no_taskflow', 'dataset_s3_bucket_consumer_with_no_taskflow' retrieved from /home/airflow/.local/lib/python3.12/site-packages/airflow/example_dags/example_dataset_alias_with_no_taskflow.py
[2026-05-28T15:13:38.167+0000] {logging_mixin.py:190} INFO - [2026-05-28T15:13:38.166+0000] {dag.py:3239} INFO - Sync 4 DAGs
[2026-05-28T15:13:38.192+0000] {logging_mixin.py:190} INFO - [2026-05-28T15:13:38.192+0000] {dag.py:4180} INFO - Setting next_dagrun for dataset_alias_example_alias_consumer_with_no_taskflow to None, run_after=None
[2026-05-28T15:13:38.196+0000] {logging_mixin.py:190} INFO - [2026-05-28T15:13:38.196+0000] {dag.py:4180} INFO - Setting next_dagrun for dataset_alias_example_alias_producer_with_no_taskflow to None, run_after=None
[2026-05-28T15:13:38.199+0000] {logging_mixin.py:190} INFO - [2026-05-28T15:13:38.199+0000] {dag.py:4180} INFO - Setting next_dagrun for dataset_s3_bucket_consumer_with_no_taskflow to None, run_after=None
[2026-05-28T15:13:38.202+0000] {logging_mixin.py:190} INFO - [2026-05-28T15:13:38.201+0000] {dag.py:4180} INFO - Setting next_dagrun for dataset_s3_bucket_producer_with_no_taskflow to None, run_after=None
[2026-05-28T15:13:38.243+0000] {processor.py:208} INFO - Processing /home/airflow/.local/lib/python3.12/site-packages/airflow/example_dags/example_dataset_alias_with_no_taskflow.py took 9.135 seconds
[2026-05-28T15:14:08.756+0000] {processor.py:186} INFO - Started process (PID=9547) to work on /home/airflow/.local/lib/python3.12/site-packages/airflow/example_dags/example_dataset_alias_with_no_taskflow.py
[2026-05-28T15:14:08.758+0000] {processor.py:914} INFO - Processing file /home/airflow/.local/lib/python3.12/site-packages/airflow/example_dags/example_dataset_alias_with_no_taskflow.py for tasks to queue
[2026-05-28T15:14:08.760+0000] {logging_mixin.py:190} INFO - [2026-05-28T15:14:08.760+0000] {dagbag.py:588} INFO - Filling up the DagBag from /home/airflow/.local/lib/python3.12/site-packages/airflow/example_dags/example_dataset_alias_with_no_taskflow.py
[2026-05-28T15:14:18.101+0000] {processor.py:925} INFO - DAG(s) 'dataset_alias_example_alias_producer_with_no_taskflow', 'dataset_alias_example_alias_consumer_with_no_taskflow', 'dataset_s3_bucket_consumer_with_no_taskflow', 'dataset_s3_bucket_producer_with_no_taskflow' retrieved from /home/airflow/.local/lib/python3.12/site-packages/airflow/example_dags/example_dataset_alias_with_no_taskflow.py
[2026-05-28T15:14:18.138+0000] {logging_mixin.py:190} INFO - [2026-05-28T15:14:18.136+0000] {dag.py:3239} INFO - Sync 4 DAGs
[2026-05-28T15:14:18.170+0000] {logging_mixin.py:190} INFO - [2026-05-28T15:14:18.169+0000] {dag.py:4180} INFO - Setting next_dagrun for dataset_alias_example_alias_consumer_with_no_taskflow to None, run_after=None
[2026-05-28T15:14:18.175+0000] {logging_mixin.py:190} INFO - [2026-05-28T15:14:18.175+0000] {dag.py:4180} INFO - Setting next_dagrun for dataset_alias_example_alias_producer_with_no_taskflow to None, run_after=None
[2026-05-28T15:14:18.178+0000] {logging_mixin.py:190} INFO - [2026-05-28T15:14:18.177+0000] {dag.py:4180} INFO - Setting next_dagrun for dataset_s3_bucket_consumer_with_no_taskflow to None, run_after=None
[2026-05-28T15:14:18.181+0000] {logging_mixin.py:190} INFO - [2026-05-28T15:14:18.180+0000] {dag.py:4180} INFO - Setting next_dagrun for dataset_s3_bucket_producer_with_no_taskflow to None, run_after=None
[2026-05-28T15:14:18.213+0000] {processor.py:208} INFO - Processing /home/airflow/.local/lib/python3.12/site-packages/airflow/example_dags/example_dataset_alias_with_no_taskflow.py took 9.464 seconds
[2026-05-28T15:14:48.367+0000] {processor.py:186} INFO - Started process (PID=9615) to work on /home/airflow/.local/lib/python3.12/site-packages/airflow/example_dags/example_dataset_alias_with_no_taskflow.py
[2026-05-28T15:14:48.369+0000] {processor.py:914} INFO - Processing file /home/airflow/.local/lib/python3.12/site-packages/airflow/example_dags/example_dataset_alias_with_no_taskflow.py for tasks to queue
[2026-05-28T15:14:48.372+0000] {logging_mixin.py:190} INFO - [2026-05-28T15:14:48.371+0000] {dagbag.py:588} INFO - Filling up the DagBag from /home/airflow/.local/lib/python3.12/site-packages/airflow/example_dags/example_dataset_alias_with_no_taskflow.py
[2026-05-28T15:15:00.144+0000] {processor.py:925} INFO - DAG(s) 'dataset_s3_bucket_producer_with_no_taskflow', 'dataset_s3_bucket_consumer_with_no_taskflow', 'dataset_alias_example_alias_consumer_with_no_taskflow', 'dataset_alias_example_alias_producer_with_no_taskflow' retrieved from /home/airflow/.local/lib/python3.12/site-packages/airflow/example_dags/example_dataset_alias_with_no_taskflow.py
[2026-05-28T15:15:00.180+0000] {logging_mixin.py:190} INFO - [2026-05-28T15:15:00.179+0000] {dag.py:3239} INFO - Sync 4 DAGs
[2026-05-28T15:15:00.216+0000] {logging_mixin.py:190} INFO - [2026-05-28T15:15:00.215+0000] {dag.py:4180} INFO - Setting next_dagrun for dataset_alias_example_alias_consumer_with_no_taskflow to None, run_after=None
[2026-05-28T15:15:00.221+0000] {logging_mixin.py:190} INFO - [2026-05-28T15:15:00.221+0000] {dag.py:4180} INFO - Setting next_dagrun for dataset_alias_example_alias_producer_with_no_taskflow to None, run_after=None
[2026-05-28T15:15:00.225+0000] {logging_mixin.py:190} INFO - [2026-05-28T15:15:00.224+0000] {dag.py:4180} INFO - Setting next_dagrun for dataset_s3_bucket_consumer_with_no_taskflow to None, run_after=None
[2026-05-28T15:15:00.228+0000] {logging_mixin.py:190} INFO - [2026-05-28T15:15:00.227+0000] {dag.py:4180} INFO - Setting next_dagrun for dataset_s3_bucket_producer_with_no_taskflow to None, run_after=None
[2026-05-28T15:15:00.276+0000] {processor.py:208} INFO - Processing /home/airflow/.local/lib/python3.12/site-packages/airflow/example_dags/example_dataset_alias_with_no_taskflow.py took 11.920 seconds
[2026-05-28T15:15:31.324+0000] {processor.py:186} INFO - Started process (PID=9705) to work on /home/airflow/.local/lib/python3.12/site-packages/airflow/example_dags/example_dataset_alias_with_no_taskflow.py
[2026-05-28T15:15:31.325+0000] {processor.py:914} INFO - Processing file /home/airflow/.local/lib/python3.12/site-packages/airflow/example_dags/example_dataset_alias_with_no_taskflow.py for tasks to queue
[2026-05-28T15:15:31.328+0000] {logging_mixin.py:190} INFO - [2026-05-28T15:15:31.327+0000] {dagbag.py:588} INFO - Filling up the DagBag from /home/airflow/.local/lib/python3.12/site-packages/airflow/example_dags/example_dataset_alias_with_no_taskflow.py
[2026-05-28T15:15:43.418+0000] {processor.py:925} INFO - DAG(s) 'dataset_s3_bucket_consumer_with_no_taskflow', 'dataset_s3_bucket_producer_with_no_taskflow', 'dataset_alias_example_alias_producer_with_no_taskflow', 'dataset_alias_example_alias_consumer_with_no_taskflow' retrieved from /home/airflow/.local/lib/python3.12/site-packages/airflow/example_dags/example_dataset_alias_with_no_taskflow.py
[2026-05-28T15:15:43.460+0000] {logging_mixin.py:190} INFO - [2026-05-28T15:15:43.459+0000] {dag.py:3239} INFO - Sync 4 DAGs
[2026-05-28T15:15:43.490+0000] {logging_mixin.py:190} INFO - [2026-05-28T15:15:43.490+0000] {dag.py:4180} INFO - Setting next_dagrun for dataset_alias_example_alias_consumer_with_no_taskflow to None, run_after=None
[2026-05-28T15:15:43.495+0000] {logging_mixin.py:190} INFO - [2026-05-28T15:15:43.494+0000] {dag.py:4180} INFO - Setting next_dagrun for dataset_alias_example_alias_producer_with_no_taskflow to None, run_after=None
[2026-05-28T15:15:43.500+0000] {logging_mixin.py:190} INFO - [2026-05-28T15:15:43.499+0000] {dag.py:4180} INFO - Setting next_dagrun for dataset_s3_bucket_consumer_with_no_taskflow to None, run_after=None
[2026-05-28T15:15:43.505+0000] {logging_mixin.py:190} INFO - [2026-05-28T15:15:43.504+0000] {dag.py:4180} INFO - Setting next_dagrun for dataset_s3_bucket_producer_with_no_taskflow to None, run_after=None
[2026-05-28T15:15:43.549+0000] {processor.py:208} INFO - Processing /home/airflow/.local/lib/python3.12/site-packages/airflow/example_dags/example_dataset_alias_with_no_taskflow.py took 12.233 seconds
[2026-05-28T15:16:13.686+0000] {processor.py:186} INFO - Started process (PID=9786) to work on /home/airflow/.local/lib/python3.12/site-packages/airflow/example_dags/example_dataset_alias_with_no_taskflow.py
[2026-05-28T15:16:13.687+0000] {processor.py:914} INFO - Processing file /home/airflow/.local/lib/python3.12/site-packages/airflow/example_dags/example_dataset_alias_with_no_taskflow.py for tasks to queue
[2026-05-28T15:16:13.690+0000] {logging_mixin.py:190} INFO - [2026-05-28T15:16:13.690+0000] {dagbag.py:588} INFO - Filling up the DagBag from /home/airflow/.local/lib/python3.12/site-packages/airflow/example_dags/example_dataset_alias_with_no_taskflow.py
[2026-05-28T15:16:23.185+0000] {processor.py:925} INFO - DAG(s) 'dataset_s3_bucket_producer_with_no_taskflow', 'dataset_alias_example_alias_consumer_with_no_taskflow', 'dataset_alias_example_alias_producer_with_no_taskflow', 'dataset_s3_bucket_consumer_with_no_taskflow' retrieved from /home/airflow/.local/lib/python3.12/site-packages/airflow/example_dags/example_dataset_alias_with_no_taskflow.py
[2026-05-28T15:16:23.215+0000] {logging_mixin.py:190} INFO - [2026-05-28T15:16:23.215+0000] {dag.py:3239} INFO - Sync 4 DAGs
[2026-05-28T15:16:23.241+0000] {logging_mixin.py:190} INFO - [2026-05-28T15:16:23.241+0000] {dag.py:4180} INFO - Setting next_dagrun for dataset_alias_example_alias_consumer_with_no_taskflow to None, run_after=None
[2026-05-28T15:16:23.245+0000] {logging_mixin.py:190} INFO - [2026-05-28T15:16:23.245+0000] {dag.py:4180} INFO - Setting next_dagrun for dataset_alias_example_alias_producer_with_no_taskflow to None, run_after=None
[2026-05-28T15:16:23.249+0000] {logging_mixin.py:190} INFO - [2026-05-28T15:16:23.248+0000] {dag.py:4180} INFO - Setting next_dagrun for dataset_s3_bucket_consumer_with_no_taskflow to None, run_after=None
[2026-05-28T15:16:23.253+0000] {logging_mixin.py:190} INFO - [2026-05-28T15:16:23.252+0000] {dag.py:4180} INFO - Setting next_dagrun for dataset_s3_bucket_producer_with_no_taskflow to None, run_after=None
[2026-05-28T15:16:23.544+0000] {processor.py:208} INFO - Processing /home/airflow/.local/lib/python3.12/site-packages/airflow/example_dags/example_dataset_alias_with_no_taskflow.py took 9.870 seconds
[2026-05-28T15:16:53.891+0000] {processor.py:186} INFO - Started process (PID=9864) to work on /home/airflow/.local/lib/python3.12/site-packages/airflow/example_dags/example_dataset_alias_with_no_taskflow.py
[2026-05-28T15:16:53.894+0000] {processor.py:914} INFO - Processing file /home/airflow/.local/lib/python3.12/site-packages/airflow/example_dags/example_dataset_alias_with_no_taskflow.py for tasks to queue
[2026-05-28T15:16:53.897+0000] {logging_mixin.py:190} INFO - [2026-05-28T15:16:53.896+0000] {dagbag.py:588} INFO - Filling up the DagBag from /home/airflow/.local/lib/python3.12/site-packages/airflow/example_dags/example_dataset_alias_with_no_taskflow.py
[2026-05-28T15:17:04.349+0000] {processor.py:925} INFO - DAG(s) 'dataset_alias_example_alias_producer_with_no_taskflow', 'dataset_alias_example_alias_consumer_with_no_taskflow', 'dataset_s3_bucket_consumer_with_no_taskflow', 'dataset_s3_bucket_producer_with_no_taskflow' retrieved from /home/airflow/.local/lib/python3.12/site-packages/airflow/example_dags/example_dataset_alias_with_no_taskflow.py
[2026-05-28T15:17:04.381+0000] {logging_mixin.py:190} INFO - [2026-05-28T15:17:04.380+0000] {dag.py:3239} INFO - Sync 4 DAGs
[2026-05-28T15:17:04.411+0000] {logging_mixin.py:190} INFO - [2026-05-28T15:17:04.410+0000] {dag.py:4180} INFO - Setting next_dagrun for dataset_alias_example_alias_consumer_with_no_taskflow to None, run_after=None
[2026-05-28T15:17:04.415+0000] {logging_mixin.py:190} INFO - [2026-05-28T15:17:04.415+0000] {dag.py:4180} INFO - Setting next_dagrun for dataset_alias_example_alias_producer_with_no_taskflow to None, run_after=None
[2026-05-28T15:17:04.418+0000] {logging_mixin.py:190} INFO - [2026-05-28T15:17:04.417+0000] {dag.py:4180} INFO - Setting next_dagrun for dataset_s3_bucket_consumer_with_no_taskflow to None, run_after=None
[2026-05-28T15:17:04.420+0000] {logging_mixin.py:190} INFO - [2026-05-28T15:17:04.420+0000] {dag.py:4180} INFO - Setting next_dagrun for dataset_s3_bucket_producer_with_no_taskflow to None, run_after=None
[2026-05-28T15:17:04.451+0000] {processor.py:208} INFO - Processing /home/airflow/.local/lib/python3.12/site-packages/airflow/example_dags/example_dataset_alias_with_no_taskflow.py took 10.567 seconds
[2026-05-28T15:17:34.691+0000] {processor.py:186} INFO - Started process (PID=9936) to work on /home/airflow/.local/lib/python3.12/site-packages/airflow/example_dags/example_dataset_alias_with_no_taskflow.py
[2026-05-28T15:17:34.693+0000] {processor.py:914} INFO - Processing file /home/airflow/.local/lib/python3.12/site-packages/airflow/example_dags/example_dataset_alias_with_no_taskflow.py for tasks to queue
[2026-05-28T15:17:34.695+0000] {logging_mixin.py:190} INFO - [2026-05-28T15:17:34.695+0000] {dagbag.py:588} INFO - Filling up the DagBag from /home/airflow/.local/lib/python3.12/site-packages/airflow/example_dags/example_dataset_alias_with_no_taskflow.py
[2026-05-28T15:17:46.180+0000] {processor.py:925} INFO - DAG(s) 'dataset_s3_bucket_consumer_with_no_taskflow', 'dataset_alias_example_alias_producer_with_no_taskflow', 'dataset_alias_example_alias_consumer_with_no_taskflow', 'dataset_s3_bucket_producer_with_no_taskflow' retrieved from /home/airflow/.local/lib/python3.12/site-packages/airflow/example_dags/example_dataset_alias_with_no_taskflow.py
[2026-05-28T15:17:46.228+0000] {logging_mixin.py:190} INFO - [2026-05-28T15:17:46.227+0000] {dag.py:3239} INFO - Sync 4 DAGs
[2026-05-28T15:17:46.259+0000] {logging_mixin.py:190} INFO - [2026-05-28T15:17:46.259+0000] {dag.py:4180} INFO - Setting next_dagrun for dataset_alias_example_alias_consumer_with_no_taskflow to None, run_after=None
[2026-05-28T15:17:46.264+0000] {logging_mixin.py:190} INFO - [2026-05-28T15:17:46.263+0000] {dag.py:4180} INFO - Setting next_dagrun for dataset_alias_example_alias_producer_with_no_taskflow to None, run_after=None
[2026-05-28T15:17:46.267+0000] {logging_mixin.py:190} INFO - [2026-05-28T15:17:46.267+0000] {dag.py:4180} INFO - Setting next_dagrun for dataset_s3_bucket_consumer_with_no_taskflow to None, run_after=None
[2026-05-28T15:17:46.270+0000] {logging_mixin.py:190} INFO - [2026-05-28T15:17:46.270+0000] {dag.py:4180} INFO - Setting next_dagrun for dataset_s3_bucket_producer_with_no_taskflow to None, run_after=None
[2026-05-28T15:17:46.315+0000] {processor.py:208} INFO - Processing /home/airflow/.local/lib/python3.12/site-packages/airflow/example_dags/example_dataset_alias_with_no_taskflow.py took 11.637 seconds
[2026-05-28T15:18:16.443+0000] {processor.py:186} INFO - Started process (PID=10014) to work on /home/airflow/.local/lib/python3.12/site-packages/airflow/example_dags/example_dataset_alias_with_no_taskflow.py
[2026-05-28T15:18:16.445+0000] {processor.py:914} INFO - Processing file /home/airflow/.local/lib/python3.12/site-packages/airflow/example_dags/example_dataset_alias_with_no_taskflow.py for tasks to queue
[2026-05-28T15:18:16.447+0000] {logging_mixin.py:190} INFO - [2026-05-28T15:18:16.447+0000] {dagbag.py:588} INFO - Filling up the DagBag from /home/airflow/.local/lib/python3.12/site-packages/airflow/example_dags/example_dataset_alias_with_no_taskflow.py
[2026-05-28T15:18:25.675+0000] {processor.py:925} INFO - DAG(s) 'dataset_s3_bucket_producer_with_no_taskflow', 'dataset_alias_example_alias_producer_with_no_taskflow', 'dataset_alias_example_alias_consumer_with_no_taskflow', 'dataset_s3_bucket_consumer_with_no_taskflow' retrieved from /home/airflow/.local/lib/python3.12/site-packages/airflow/example_dags/example_dataset_alias_with_no_taskflow.py
[2026-05-28T15:18:25.724+0000] {logging_mixin.py:190} INFO - [2026-05-28T15:18:25.723+0000] {dag.py:3239} INFO - Sync 4 DAGs
[2026-05-28T15:18:25.762+0000] {logging_mixin.py:190} INFO - [2026-05-28T15:18:25.761+0000] {dag.py:4180} INFO - Setting next_dagrun for dataset_alias_example_alias_consumer_with_no_taskflow to None, run_after=None
[2026-05-28T15:18:25.767+0000] {logging_mixin.py:190} INFO - [2026-05-28T15:18:25.767+0000] {dag.py:4180} INFO - Setting next_dagrun for dataset_alias_example_alias_producer_with_no_taskflow to None, run_after=None
[2026-05-28T15:18:25.770+0000] {logging_mixin.py:190} INFO - [2026-05-28T15:18:25.770+0000] {dag.py:4180} INFO - Setting next_dagrun for dataset_s3_bucket_consumer_with_no_taskflow to None, run_after=None
[2026-05-28T15:18:25.773+0000] {logging_mixin.py:190} INFO - [2026-05-28T15:18:25.772+0000] {dag.py:4180} INFO - Setting next_dagrun for dataset_s3_bucket_producer_with_no_taskflow to None, run_after=None
[2026-05-28T15:18:25.821+0000] {processor.py:208} INFO - Processing /home/airflow/.local/lib/python3.12/site-packages/airflow/example_dags/example_dataset_alias_with_no_taskflow.py took 9.388 seconds
[2026-05-28T15:18:55.912+0000] {processor.py:186} INFO - Started process (PID=10101) to work on /home/airflow/.local/lib/python3.12/site-packages/airflow/example_dags/example_dataset_alias_with_no_taskflow.py
[2026-05-28T15:18:55.914+0000] {processor.py:914} INFO - Processing file /home/airflow/.local/lib/python3.12/site-packages/airflow/example_dags/example_dataset_alias_with_no_taskflow.py for tasks to queue
[2026-05-28T15:18:55.916+0000] {logging_mixin.py:190} INFO - [2026-05-28T15:18:55.916+0000] {dagbag.py:588} INFO - Filling up the DagBag from /home/airflow/.local/lib/python3.12/site-packages/airflow/example_dags/example_dataset_alias_with_no_taskflow.py
[2026-05-28T15:19:05.856+0000] {processor.py:925} INFO - DAG(s) 'dataset_alias_example_alias_consumer_with_no_taskflow', 'dataset_s3_bucket_consumer_with_no_taskflow', 'dataset_alias_example_alias_producer_with_no_taskflow', 'dataset_s3_bucket_producer_with_no_taskflow' retrieved from /home/airflow/.local/lib/python3.12/site-packages/airflow/example_dags/example_dataset_alias_with_no_taskflow.py
[2026-05-28T15:19:05.893+0000] {logging_mixin.py:190} INFO - [2026-05-28T15:19:05.892+0000] {dag.py:3239} INFO - Sync 4 DAGs
[2026-05-28T15:19:05.923+0000] {logging_mixin.py:190} INFO - [2026-05-28T15:19:05.923+0000] {dag.py:4180} INFO - Setting next_dagrun for dataset_alias_example_alias_consumer_with_no_taskflow to None, run_after=None
[2026-05-28T15:19:05.929+0000] {logging_mixin.py:190} INFO - [2026-05-28T15:19:05.928+0000] {dag.py:4180} INFO - Setting next_dagrun for dataset_alias_example_alias_producer_with_no_taskflow to None, run_after=None
[2026-05-28T15:19:05.931+0000] {logging_mixin.py:190} INFO - [2026-05-28T15:19:05.931+0000] {dag.py:4180} INFO - Setting next_dagrun for dataset_s3_bucket_consumer_with_no_taskflow to None, run_after=None
[2026-05-28T15:19:05.934+0000] {logging_mixin.py:190} INFO - [2026-05-28T15:19:05.934+0000] {dag.py:4180} INFO - Setting next_dagrun for dataset_s3_bucket_producer_with_no_taskflow to None, run_after=None
[2026-05-28T15:19:05.980+0000] {processor.py:208} INFO - Processing /home/airflow/.local/lib/python3.12/site-packages/airflow/example_dags/example_dataset_alias_with_no_taskflow.py took 10.076 seconds
[2026-05-28T15:19:36.234+0000] {processor.py:186} INFO - Started process (PID=10181) to work on /home/airflow/.local/lib/python3.12/site-packages/airflow/example_dags/example_dataset_alias_with_no_taskflow.py
[2026-05-28T15:19:36.236+0000] {processor.py:914} INFO - Processing file /home/airflow/.local/lib/python3.12/site-packages/airflow/example_dags/example_dataset_alias_with_no_taskflow.py for tasks to queue
[2026-05-28T15:19:36.238+0000] {logging_mixin.py:190} INFO - [2026-05-28T15:19:36.238+0000] {dagbag.py:588} INFO - Filling up the DagBag from /home/airflow/.local/lib/python3.12/site-packages/airflow/example_dags/example_dataset_alias_with_no_taskflow.py
[2026-05-28T15:19:45.542+0000] {processor.py:925} INFO - DAG(s) 'dataset_s3_bucket_producer_with_no_taskflow', 'dataset_s3_bucket_consumer_with_no_taskflow', 'dataset_alias_example_alias_consumer_with_no_taskflow', 'dataset_alias_example_alias_producer_with_no_taskflow' retrieved from /home/airflow/.local/lib/python3.12/site-packages/airflow/example_dags/example_dataset_alias_with_no_taskflow.py
[2026-05-28T15:19:45.578+0000] {logging_mixin.py:190} INFO - [2026-05-28T15:19:45.577+0000] {dag.py:3239} INFO - Sync 4 DAGs
[2026-05-28T15:19:45.609+0000] {logging_mixin.py:190} INFO - [2026-05-28T15:19:45.608+0000] {dag.py:4180} INFO - Setting next_dagrun for dataset_alias_example_alias_consumer_with_no_taskflow to None, run_after=None
[2026-05-28T15:19:45.614+0000] {logging_mixin.py:190} INFO - [2026-05-28T15:19:45.614+0000] {dag.py:4180} INFO - Setting next_dagrun for dataset_alias_example_alias_producer_with_no_taskflow to None, run_after=None
[2026-05-28T15:19:45.617+0000] {logging_mixin.py:190} INFO - [2026-05-28T15:19:45.617+0000] {dag.py:4180} INFO - Setting next_dagrun for dataset_s3_bucket_consumer_with_no_taskflow to None, run_after=None
[2026-05-28T15:19:45.620+0000] {logging_mixin.py:190} INFO - [2026-05-28T15:19:45.620+0000] {dag.py:4180} INFO - Setting next_dagrun for dataset_s3_bucket_producer_with_no_taskflow to None, run_after=None
[2026-05-28T15:19:45.656+0000] {processor.py:208} INFO - Processing /home/airflow/.local/lib/python3.12/site-packages/airflow/example_dags/example_dataset_alias_with_no_taskflow.py took 9.430 seconds
[2026-05-28T15:20:16.957+0000] {processor.py:186} INFO - Started process (PID=10255) to work on /home/airflow/.local/lib/python3.12/site-packages/airflow/example_dags/example_dataset_alias_with_no_taskflow.py
[2026-05-28T15:20:16.959+0000] {processor.py:914} INFO - Processing file /home/airflow/.local/lib/python3.12/site-packages/airflow/example_dags/example_dataset_alias_with_no_taskflow.py for tasks to queue
[2026-05-28T15:20:16.961+0000] {logging_mixin.py:190} INFO - [2026-05-28T15:20:16.961+0000] {dagbag.py:588} INFO - Filling up the DagBag from /home/airflow/.local/lib/python3.12/site-packages/airflow/example_dags/example_dataset_alias_with_no_taskflow.py
[2026-05-28T15:20:26.368+0000] {processor.py:925} INFO - DAG(s) 'dataset_alias_example_alias_producer_with_no_taskflow', 'dataset_s3_bucket_consumer_with_no_taskflow', 'dataset_s3_bucket_producer_with_no_taskflow', 'dataset_alias_example_alias_consumer_with_no_taskflow' retrieved from /home/airflow/.local/lib/python3.12/site-packages/airflow/example_dags/example_dataset_alias_with_no_taskflow.py
[2026-05-28T15:20:26.400+0000] {logging_mixin.py:190} INFO - [2026-05-28T15:20:26.399+0000] {dag.py:3239} INFO - Sync 4 DAGs
[2026-05-28T15:20:26.425+0000] {logging_mixin.py:190} INFO - [2026-05-28T15:20:26.425+0000] {dag.py:4180} INFO - Setting next_dagrun for dataset_alias_example_alias_consumer_with_no_taskflow to None, run_after=None
[2026-05-28T15:20:26.431+0000] {logging_mixin.py:190} INFO - [2026-05-28T15:20:26.431+0000] {dag.py:4180} INFO - Setting next_dagrun for dataset_alias_example_alias_producer_with_no_taskflow to None, run_after=None
[2026-05-28T15:20:26.437+0000] {logging_mixin.py:190} INFO - [2026-05-28T15:20:26.437+0000] {dag.py:4180} INFO - Setting next_dagrun for dataset_s3_bucket_consumer_with_no_taskflow to None, run_after=None
[2026-05-28T15:20:26.440+0000] {logging_mixin.py:190} INFO - [2026-05-28T15:20:26.439+0000] {dag.py:4180} INFO - Setting next_dagrun for dataset_s3_bucket_producer_with_no_taskflow to None, run_after=None
[2026-05-28T15:20:26.481+0000] {processor.py:208} INFO - Processing /home/airflow/.local/lib/python3.12/site-packages/airflow/example_dags/example_dataset_alias_with_no_taskflow.py took 9.534 seconds
[2026-05-28T15:20:58.558+0000] {processor.py:186} INFO - Started process (PID=10331) to work on /home/airflow/.local/lib/python3.12/site-packages/airflow/example_dags/example_dataset_alias_with_no_taskflow.py
[2026-05-28T15:20:58.562+0000] {processor.py:914} INFO - Processing file /home/airflow/.local/lib/python3.12/site-packages/airflow/example_dags/example_dataset_alias_with_no_taskflow.py for tasks to queue
[2026-05-28T15:20:58.566+0000] {logging_mixin.py:190} INFO - [2026-05-28T15:20:58.565+0000] {dagbag.py:588} INFO - Filling up the DagBag from /home/airflow/.local/lib/python3.12/site-packages/airflow/example_dags/example_dataset_alias_with_no_taskflow.py
[2026-05-28T15:21:07.926+0000] {processor.py:925} INFO - DAG(s) 'dataset_alias_example_alias_producer_with_no_taskflow', 'dataset_s3_bucket_producer_with_no_taskflow', 'dataset_alias_example_alias_consumer_with_no_taskflow', 'dataset_s3_bucket_consumer_with_no_taskflow' retrieved from /home/airflow/.local/lib/python3.12/site-packages/airflow/example_dags/example_dataset_alias_with_no_taskflow.py
[2026-05-28T15:21:07.961+0000] {logging_mixin.py:190} INFO - [2026-05-28T15:21:07.960+0000] {dag.py:3239} INFO - Sync 4 DAGs
[2026-05-28T15:21:07.992+0000] {logging_mixin.py:190} INFO - [2026-05-28T15:21:07.992+0000] {dag.py:4180} INFO - Setting next_dagrun for dataset_alias_example_alias_consumer_with_no_taskflow to None, run_after=None
[2026-05-28T15:21:07.997+0000] {logging_mixin.py:190} INFO - [2026-05-28T15:21:07.996+0000] {dag.py:4180} INFO - Setting next_dagrun for dataset_alias_example_alias_producer_with_no_taskflow to None, run_after=None
[2026-05-28T15:21:08.003+0000] {logging_mixin.py:190} INFO - [2026-05-28T15:21:08.003+0000] {dag.py:4180} INFO - Setting next_dagrun for dataset_s3_bucket_consumer_with_no_taskflow to None, run_after=None
[2026-05-28T15:21:08.006+0000] {logging_mixin.py:190} INFO - [2026-05-28T15:21:08.005+0000] {dag.py:4180} INFO - Setting next_dagrun for dataset_s3_bucket_producer_with_no_taskflow to None, run_after=None
[2026-05-28T15:21:08.049+0000] {processor.py:208} INFO - Processing /home/airflow/.local/lib/python3.12/site-packages/airflow/example_dags/example_dataset_alias_with_no_taskflow.py took 9.502 seconds
[2026-05-28T15:21:38.950+0000] {processor.py:186} INFO - Started process (PID=10397) to work on /home/airflow/.local/lib/python3.12/site-packages/airflow/example_dags/example_dataset_alias_with_no_taskflow.py
[2026-05-28T15:21:38.952+0000] {processor.py:914} INFO - Processing file /home/airflow/.local/lib/python3.12/site-packages/airflow/example_dags/example_dataset_alias_with_no_taskflow.py for tasks to queue
[2026-05-28T15:21:38.955+0000] {logging_mixin.py:190} INFO - [2026-05-28T15:21:38.954+0000] {dagbag.py:588} INFO - Filling up the DagBag from /home/airflow/.local/lib/python3.12/site-packages/airflow/example_dags/example_dataset_alias_with_no_taskflow.py
[2026-05-28T15:21:47.970+0000] {processor.py:925} INFO - DAG(s) 'dataset_s3_bucket_producer_with_no_taskflow', 'dataset_alias_example_alias_consumer_with_no_taskflow', 'dataset_alias_example_alias_producer_with_no_taskflow', 'dataset_s3_bucket_consumer_with_no_taskflow' retrieved from /home/airflow/.local/lib/python3.12/site-packages/airflow/example_dags/example_dataset_alias_with_no_taskflow.py
[2026-05-28T15:21:48.004+0000] {logging_mixin.py:190} INFO - [2026-05-28T15:21:48.003+0000] {dag.py:3239} INFO - Sync 4 DAGs
[2026-05-28T15:21:48.033+0000] {logging_mixin.py:190} INFO - [2026-05-28T15:21:48.032+0000] {dag.py:4180} INFO - Setting next_dagrun for dataset_alias_example_alias_consumer_with_no_taskflow to None, run_after=None
[2026-05-28T15:21:48.038+0000] {logging_mixin.py:190} INFO - [2026-05-28T15:21:48.038+0000] {dag.py:4180} INFO - Setting next_dagrun for dataset_alias_example_alias_producer_with_no_taskflow to None, run_after=None
[2026-05-28T15:21:48.042+0000] {logging_mixin.py:190} INFO - [2026-05-28T15:21:48.042+0000] {dag.py:4180} INFO - Setting next_dagrun for dataset_s3_bucket_consumer_with_no_taskflow to None, run_after=None
[2026-05-28T15:21:48.046+0000] {logging_mixin.py:190} INFO - [2026-05-28T15:21:48.045+0000] {dag.py:4180} INFO - Setting next_dagrun for dataset_s3_bucket_producer_with_no_taskflow to None, run_after=None
[2026-05-28T15:21:48.078+0000] {processor.py:208} INFO - Processing /home/airflow/.local/lib/python3.12/site-packages/airflow/example_dags/example_dataset_alias_with_no_taskflow.py took 9.136 seconds
[2026-05-28T15:22:19.505+0000] {processor.py:186} INFO - Started process (PID=10469) to work on /home/airflow/.local/lib/python3.12/site-packages/airflow/example_dags/example_dataset_alias_with_no_taskflow.py
[2026-05-28T15:22:19.508+0000] {processor.py:914} INFO - Processing file /home/airflow/.local/lib/python3.12/site-packages/airflow/example_dags/example_dataset_alias_with_no_taskflow.py for tasks to queue
[2026-05-28T15:22:19.511+0000] {logging_mixin.py:190} INFO - [2026-05-28T15:22:19.510+0000] {dagbag.py:588} INFO - Filling up the DagBag from /home/airflow/.local/lib/python3.12/site-packages/airflow/example_dags/example_dataset_alias_with_no_taskflow.py
[2026-05-28T15:22:28.787+0000] {processor.py:925} INFO - DAG(s) 'dataset_alias_example_alias_producer_with_no_taskflow', 'dataset_s3_bucket_producer_with_no_taskflow', 'dataset_s3_bucket_consumer_with_no_taskflow', 'dataset_alias_example_alias_consumer_with_no_taskflow' retrieved from /home/airflow/.local/lib/python3.12/site-packages/airflow/example_dags/example_dataset_alias_with_no_taskflow.py
[2026-05-28T15:22:28.817+0000] {logging_mixin.py:190} INFO - [2026-05-28T15:22:28.816+0000] {dag.py:3239} INFO - Sync 4 DAGs
[2026-05-28T15:22:28.844+0000] {logging_mixin.py:190} INFO - [2026-05-28T15:22:28.843+0000] {dag.py:4180} INFO - Setting next_dagrun for dataset_alias_example_alias_consumer_with_no_taskflow to None, run_after=None
[2026-05-28T15:22:28.848+0000] {logging_mixin.py:190} INFO - [2026-05-28T15:22:28.848+0000] {dag.py:4180} INFO - Setting next_dagrun for dataset_alias_example_alias_producer_with_no_taskflow to None, run_after=None
[2026-05-28T15:22:28.851+0000] {logging_mixin.py:190} INFO - [2026-05-28T15:22:28.851+0000] {dag.py:4180} INFO - Setting next_dagrun for dataset_s3_bucket_consumer_with_no_taskflow to None, run_after=None
[2026-05-28T15:22:28.854+0000] {logging_mixin.py:190} INFO - [2026-05-28T15:22:28.854+0000] {dag.py:4180} INFO - Setting next_dagrun for dataset_s3_bucket_producer_with_no_taskflow to None, run_after=None
[2026-05-28T15:22:28.888+0000] {processor.py:208} INFO - Processing /home/airflow/.local/lib/python3.12/site-packages/airflow/example_dags/example_dataset_alias_with_no_taskflow.py took 9.393 seconds
[2026-05-28T15:22:59.200+0000] {processor.py:186} INFO - Started process (PID=10561) to work on /home/airflow/.local/lib/python3.12/site-packages/airflow/example_dags/example_dataset_alias_with_no_taskflow.py
[2026-05-28T15:22:59.204+0000] {processor.py:914} INFO - Processing file /home/airflow/.local/lib/python3.12/site-packages/airflow/example_dags/example_dataset_alias_with_no_taskflow.py for tasks to queue
[2026-05-28T15:22:59.208+0000] {logging_mixin.py:190} INFO - [2026-05-28T15:22:59.207+0000] {dagbag.py:588} INFO - Filling up the DagBag from /home/airflow/.local/lib/python3.12/site-packages/airflow/example_dags/example_dataset_alias_with_no_taskflow.py
[2026-05-28T15:23:09.715+0000] {processor.py:925} INFO - DAG(s) 'dataset_alias_example_alias_producer_with_no_taskflow', 'dataset_s3_bucket_producer_with_no_taskflow', 'dataset_s3_bucket_consumer_with_no_taskflow', 'dataset_alias_example_alias_consumer_with_no_taskflow' retrieved from /home/airflow/.local/lib/python3.12/site-packages/airflow/example_dags/example_dataset_alias_with_no_taskflow.py
[2026-05-28T15:23:09.755+0000] {logging_mixin.py:190} INFO - [2026-05-28T15:23:09.754+0000] {dag.py:3239} INFO - Sync 4 DAGs
[2026-05-28T15:23:09.790+0000] {logging_mixin.py:190} INFO - [2026-05-28T15:23:09.790+0000] {dag.py:4180} INFO - Setting next_dagrun for dataset_alias_example_alias_consumer_with_no_taskflow to None, run_after=None
[2026-05-28T15:23:09.797+0000] {logging_mixin.py:190} INFO - [2026-05-28T15:23:09.797+0000] {dag.py:4180} INFO - Setting next_dagrun for dataset_alias_example_alias_producer_with_no_taskflow to None, run_after=None
[2026-05-28T15:23:09.800+0000] {logging_mixin.py:190} INFO - [2026-05-28T15:23:09.800+0000] {dag.py:4180} INFO - Setting next_dagrun for dataset_s3_bucket_consumer_with_no_taskflow to None, run_after=None
[2026-05-28T15:23:09.804+0000] {logging_mixin.py:190} INFO - [2026-05-28T15:23:09.803+0000] {dag.py:4180} INFO - Setting next_dagrun for dataset_s3_bucket_producer_with_no_taskflow to None, run_after=None
[2026-05-28T15:23:09.843+0000] {processor.py:208} INFO - Processing /home/airflow/.local/lib/python3.12/site-packages/airflow/example_dags/example_dataset_alias_with_no_taskflow.py took 10.657 seconds
[2026-05-28T15:23:40.193+0000] {processor.py:186} INFO - Started process (PID=10646) to work on /home/airflow/.local/lib/python3.12/site-packages/airflow/example_dags/example_dataset_alias_with_no_taskflow.py
[2026-05-28T15:23:40.195+0000] {processor.py:914} INFO - Processing file /home/airflow/.local/lib/python3.12/site-packages/airflow/example_dags/example_dataset_alias_with_no_taskflow.py for tasks to queue
[2026-05-28T15:23:40.197+0000] {logging_mixin.py:190} INFO - [2026-05-28T15:23:40.197+0000] {dagbag.py:588} INFO - Filling up the DagBag from /home/airflow/.local/lib/python3.12/site-packages/airflow/example_dags/example_dataset_alias_with_no_taskflow.py
[2026-05-28T15:23:50.332+0000] {processor.py:925} INFO - DAG(s) 'dataset_alias_example_alias_producer_with_no_taskflow', 'dataset_s3_bucket_consumer_with_no_taskflow', 'dataset_s3_bucket_producer_with_no_taskflow', 'dataset_alias_example_alias_consumer_with_no_taskflow' retrieved from /home/airflow/.local/lib/python3.12/site-packages/airflow/example_dags/example_dataset_alias_with_no_taskflow.py
[2026-05-28T15:23:50.415+0000] {logging_mixin.py:190} INFO - [2026-05-28T15:23:50.415+0000] {dag.py:3239} INFO - Sync 4 DAGs
[2026-05-28T15:23:50.451+0000] {logging_mixin.py:190} INFO - [2026-05-28T15:23:50.450+0000] {dag.py:4180} INFO - Setting next_dagrun for dataset_alias_example_alias_consumer_with_no_taskflow to None, run_after=None
[2026-05-28T15:23:50.457+0000] {logging_mixin.py:190} INFO - [2026-05-28T15:23:50.456+0000] {dag.py:4180} INFO - Setting next_dagrun for dataset_alias_example_alias_producer_with_no_taskflow to None, run_after=None
[2026-05-28T15:23:50.460+0000] {logging_mixin.py:190} INFO - [2026-05-28T15:23:50.459+0000] {dag.py:4180} INFO - Setting next_dagrun for dataset_s3_bucket_consumer_with_no_taskflow to None, run_after=None
[2026-05-28T15:23:50.463+0000] {logging_mixin.py:190} INFO - [2026-05-28T15:23:50.462+0000] {dag.py:4180} INFO - Setting next_dagrun for dataset_s3_bucket_producer_with_no_taskflow to None, run_after=None
[2026-05-28T15:23:50.508+0000] {processor.py:208} INFO - Processing /home/airflow/.local/lib/python3.12/site-packages/airflow/example_dags/example_dataset_alias_with_no_taskflow.py took 10.326 seconds
[2026-05-28T15:24:20.814+0000] {processor.py:186} INFO - Started process (PID=10712) to work on /home/airflow/.local/lib/python3.12/site-packages/airflow/example_dags/example_dataset_alias_with_no_taskflow.py
[2026-05-28T15:24:20.816+0000] {processor.py:914} INFO - Processing file /home/airflow/.local/lib/python3.12/site-packages/airflow/example_dags/example_dataset_alias_with_no_taskflow.py for tasks to queue
[2026-05-28T15:24:20.819+0000] {logging_mixin.py:190} INFO - [2026-05-28T15:24:20.819+0000] {dagbag.py:588} INFO - Filling up the DagBag from /home/airflow/.local/lib/python3.12/site-packages/airflow/example_dags/example_dataset_alias_with_no_taskflow.py
[2026-05-28T15:24:31.343+0000] {processor.py:925} INFO - DAG(s) 'dataset_alias_example_alias_producer_with_no_taskflow', 'dataset_s3_bucket_consumer_with_no_taskflow', 'dataset_alias_example_alias_consumer_with_no_taskflow', 'dataset_s3_bucket_producer_with_no_taskflow' retrieved from /home/airflow/.local/lib/python3.12/site-packages/airflow/example_dags/example_dataset_alias_with_no_taskflow.py
[2026-05-28T15:24:31.388+0000] {logging_mixin.py:190} INFO - [2026-05-28T15:24:31.386+0000] {dag.py:3239} INFO - Sync 4 DAGs
[2026-05-28T15:24:31.449+0000] {logging_mixin.py:190} INFO - [2026-05-28T15:24:31.448+0000] {dag.py:4180} INFO - Setting next_dagrun for dataset_alias_example_alias_consumer_with_no_taskflow to None, run_after=None
[2026-05-28T15:24:31.457+0000] {logging_mixin.py:190} INFO - [2026-05-28T15:24:31.456+0000] {dag.py:4180} INFO - Setting next_dagrun for dataset_alias_example_alias_producer_with_no_taskflow to None, run_after=None
[2026-05-28T15:24:31.460+0000] {logging_mixin.py:190} INFO - [2026-05-28T15:24:31.460+0000] {dag.py:4180} INFO - Setting next_dagrun for dataset_s3_bucket_consumer_with_no_taskflow to None, run_after=None
[2026-05-28T15:24:31.464+0000] {logging_mixin.py:190} INFO - [2026-05-28T15:24:31.464+0000] {dag.py:4180} INFO - Setting next_dagrun for dataset_s3_bucket_producer_with_no_taskflow to None, run_after=None
[2026-05-28T15:24:31.504+0000] {processor.py:208} INFO - Processing /home/airflow/.local/lib/python3.12/site-packages/airflow/example_dags/example_dataset_alias_with_no_taskflow.py took 10.701 seconds
[2026-05-28T15:25:02.121+0000] {processor.py:186} INFO - Started process (PID=10790) to work on /home/airflow/.local/lib/python3.12/site-packages/airflow/example_dags/example_dataset_alias_with_no_taskflow.py
[2026-05-28T15:25:02.122+0000] {processor.py:914} INFO - Processing file /home/airflow/.local/lib/python3.12/site-packages/airflow/example_dags/example_dataset_alias_with_no_taskflow.py for tasks to queue
[2026-05-28T15:25:02.124+0000] {logging_mixin.py:190} INFO - [2026-05-28T15:25:02.124+0000] {dagbag.py:588} INFO - Filling up the DagBag from /home/airflow/.local/lib/python3.12/site-packages/airflow/example_dags/example_dataset_alias_with_no_taskflow.py
[2026-05-28T15:25:12.237+0000] {processor.py:925} INFO - DAG(s) 'dataset_alias_example_alias_consumer_with_no_taskflow', 'dataset_alias_example_alias_producer_with_no_taskflow', 'dataset_s3_bucket_consumer_with_no_taskflow', 'dataset_s3_bucket_producer_with_no_taskflow' retrieved from /home/airflow/.local/lib/python3.12/site-packages/airflow/example_dags/example_dataset_alias_with_no_taskflow.py
[2026-05-28T15:25:12.267+0000] {logging_mixin.py:190} INFO - [2026-05-28T15:25:12.266+0000] {dag.py:3239} INFO - Sync 4 DAGs
[2026-05-28T15:25:12.292+0000] {logging_mixin.py:190} INFO - [2026-05-28T15:25:12.292+0000] {dag.py:4180} INFO - Setting next_dagrun for dataset_alias_example_alias_consumer_with_no_taskflow to None, run_after=None
[2026-05-28T15:25:12.296+0000] {logging_mixin.py:190} INFO - [2026-05-28T15:25:12.296+0000] {dag.py:4180} INFO - Setting next_dagrun for dataset_alias_example_alias_producer_with_no_taskflow to None, run_after=None
[2026-05-28T15:25:12.298+0000] {logging_mixin.py:190} INFO - [2026-05-28T15:25:12.298+0000] {dag.py:4180} INFO - Setting next_dagrun for dataset_s3_bucket_consumer_with_no_taskflow to None, run_after=None
[2026-05-28T15:25:12.301+0000] {logging_mixin.py:190} INFO - [2026-05-28T15:25:12.301+0000] {dag.py:4180} INFO - Setting next_dagrun for dataset_s3_bucket_producer_with_no_taskflow to None, run_after=None
[2026-05-28T15:25:12.332+0000] {processor.py:208} INFO - Processing /home/airflow/.local/lib/python3.12/site-packages/airflow/example_dags/example_dataset_alias_with_no_taskflow.py took 10.222 seconds
[2026-05-28T15:25:42.472+0000] {processor.py:186} INFO - Started process (PID=10865) to work on /home/airflow/.local/lib/python3.12/site-packages/airflow/example_dags/example_dataset_alias_with_no_taskflow.py
[2026-05-28T15:25:42.474+0000] {processor.py:914} INFO - Processing file /home/airflow/.local/lib/python3.12/site-packages/airflow/example_dags/example_dataset_alias_with_no_taskflow.py for tasks to queue
[2026-05-28T15:25:42.477+0000] {logging_mixin.py:190} INFO - [2026-05-28T15:25:42.476+0000] {dagbag.py:588} INFO - Filling up the DagBag from /home/airflow/.local/lib/python3.12/site-packages/airflow/example_dags/example_dataset_alias_with_no_taskflow.py
[2026-05-28T15:25:54.712+0000] {processor.py:925} INFO - DAG(s) 'dataset_alias_example_alias_producer_with_no_taskflow', 'dataset_alias_example_alias_consumer_with_no_taskflow', 'dataset_s3_bucket_consumer_with_no_taskflow', 'dataset_s3_bucket_producer_with_no_taskflow' retrieved from /home/airflow/.local/lib/python3.12/site-packages/airflow/example_dags/example_dataset_alias_with_no_taskflow.py
[2026-05-28T15:25:54.756+0000] {logging_mixin.py:190} INFO - [2026-05-28T15:25:54.754+0000] {dag.py:3239} INFO - Sync 4 DAGs
[2026-05-28T15:25:54.807+0000] {logging_mixin.py:190} INFO - [2026-05-28T15:25:54.806+0000] {dag.py:4180} INFO - Setting next_dagrun for dataset_alias_example_alias_consumer_with_no_taskflow to None, run_after=None
[2026-05-28T15:25:54.812+0000] {logging_mixin.py:190} INFO - [2026-05-28T15:25:54.812+0000] {dag.py:4180} INFO - Setting next_dagrun for dataset_alias_example_alias_producer_with_no_taskflow to None, run_after=None
[2026-05-28T15:25:54.816+0000] {logging_mixin.py:190} INFO - [2026-05-28T15:25:54.815+0000] {dag.py:4180} INFO - Setting next_dagrun for dataset_s3_bucket_consumer_with_no_taskflow to None, run_after=None
[2026-05-28T15:25:54.820+0000] {logging_mixin.py:190} INFO - [2026-05-28T15:25:54.820+0000] {dag.py:4180} INFO - Setting next_dagrun for dataset_s3_bucket_producer_with_no_taskflow to None, run_after=None
[2026-05-28T15:25:54.867+0000] {processor.py:208} INFO - Processing /home/airflow/.local/lib/python3.12/site-packages/airflow/example_dags/example_dataset_alias_with_no_taskflow.py took 12.413 seconds
[2026-05-28T15:26:25.920+0000] {processor.py:186} INFO - Started process (PID=10945) to work on /home/airflow/.local/lib/python3.12/site-packages/airflow/example_dags/example_dataset_alias_with_no_taskflow.py
[2026-05-28T15:26:25.922+0000] {processor.py:914} INFO - Processing file /home/airflow/.local/lib/python3.12/site-packages/airflow/example_dags/example_dataset_alias_with_no_taskflow.py for tasks to queue
[2026-05-28T15:26:25.925+0000] {logging_mixin.py:190} INFO - [2026-05-28T15:26:25.924+0000] {dagbag.py:588} INFO - Filling up the DagBag from /home/airflow/.local/lib/python3.12/site-packages/airflow/example_dags/example_dataset_alias_with_no_taskflow.py
[2026-05-28T15:26:35.378+0000] {processor.py:925} INFO - DAG(s) 'dataset_alias_example_alias_consumer_with_no_taskflow', 'dataset_alias_example_alias_producer_with_no_taskflow', 'dataset_s3_bucket_consumer_with_no_taskflow', 'dataset_s3_bucket_producer_with_no_taskflow' retrieved from /home/airflow/.local/lib/python3.12/site-packages/airflow/example_dags/example_dataset_alias_with_no_taskflow.py
[2026-05-28T15:26:35.414+0000] {logging_mixin.py:190} INFO - [2026-05-28T15:26:35.413+0000] {dag.py:3239} INFO - Sync 4 DAGs
[2026-05-28T15:26:35.452+0000] {logging_mixin.py:190} INFO - [2026-05-28T15:26:35.451+0000] {dag.py:4180} INFO - Setting next_dagrun for dataset_alias_example_alias_consumer_with_no_taskflow to None, run_after=None
[2026-05-28T15:26:35.458+0000] {logging_mixin.py:190} INFO - [2026-05-28T15:26:35.458+0000] {dag.py:4180} INFO - Setting next_dagrun for dataset_alias_example_alias_producer_with_no_taskflow to None, run_after=None
[2026-05-28T15:26:35.461+0000] {logging_mixin.py:190} INFO - [2026-05-28T15:26:35.461+0000] {dag.py:4180} INFO - Setting next_dagrun for dataset_s3_bucket_consumer_with_no_taskflow to None, run_after=None
[2026-05-28T15:26:35.464+0000] {logging_mixin.py:190} INFO - [2026-05-28T15:26:35.464+0000] {dag.py:4180} INFO - Setting next_dagrun for dataset_s3_bucket_producer_with_no_taskflow to None, run_after=None
[2026-05-28T15:26:35.499+0000] {processor.py:208} INFO - Processing /home/airflow/.local/lib/python3.12/site-packages/airflow/example_dags/example_dataset_alias_with_no_taskflow.py took 9.591 seconds
[2026-05-28T15:27:05.650+0000] {processor.py:186} INFO - Started process (PID=11028) to work on /home/airflow/.local/lib/python3.12/site-packages/airflow/example_dags/example_dataset_alias_with_no_taskflow.py
[2026-05-28T15:27:05.652+0000] {processor.py:914} INFO - Processing file /home/airflow/.local/lib/python3.12/site-packages/airflow/example_dags/example_dataset_alias_with_no_taskflow.py for tasks to queue
[2026-05-28T15:27:05.655+0000] {logging_mixin.py:190} INFO - [2026-05-28T15:27:05.655+0000] {dagbag.py:588} INFO - Filling up the DagBag from /home/airflow/.local/lib/python3.12/site-packages/airflow/example_dags/example_dataset_alias_with_no_taskflow.py
[2026-05-28T15:27:14.596+0000] {processor.py:925} INFO - DAG(s) 'dataset_alias_example_alias_consumer_with_no_taskflow', 'dataset_alias_example_alias_producer_with_no_taskflow', 'dataset_s3_bucket_producer_with_no_taskflow', 'dataset_s3_bucket_consumer_with_no_taskflow' retrieved from /home/airflow/.local/lib/python3.12/site-packages/airflow/example_dags/example_dataset_alias_with_no_taskflow.py
[2026-05-28T15:27:14.629+0000] {logging_mixin.py:190} INFO - [2026-05-28T15:27:14.628+0000] {dag.py:3239} INFO - Sync 4 DAGs
[2026-05-28T15:27:14.656+0000] {logging_mixin.py:190} INFO - [2026-05-28T15:27:14.656+0000] {dag.py:4180} INFO - Setting next_dagrun for dataset_alias_example_alias_consumer_with_no_taskflow to None, run_after=None
[2026-05-28T15:27:14.663+0000] {logging_mixin.py:190} INFO - [2026-05-28T15:27:14.662+0000] {dag.py:4180} INFO - Setting next_dagrun for dataset_alias_example_alias_producer_with_no_taskflow to None, run_after=None
[2026-05-28T15:27:14.666+0000] {logging_mixin.py:190} INFO - [2026-05-28T15:27:14.666+0000] {dag.py:4180} INFO - Setting next_dagrun for dataset_s3_bucket_consumer_with_no_taskflow to None, run_after=None
[2026-05-28T15:27:14.669+0000] {logging_mixin.py:190} INFO - [2026-05-28T15:27:14.669+0000] {dag.py:4180} INFO - Setting next_dagrun for dataset_s3_bucket_producer_with_no_taskflow to None, run_after=None
[2026-05-28T15:27:14.715+0000] {processor.py:208} INFO - Processing /home/airflow/.local/lib/python3.12/site-packages/airflow/example_dags/example_dataset_alias_with_no_taskflow.py took 9.075 seconds
[2026-05-28T15:27:44.913+0000] {processor.py:186} INFO - Started process (PID=11100) to work on /home/airflow/.local/lib/python3.12/site-packages/airflow/example_dags/example_dataset_alias_with_no_taskflow.py
[2026-05-28T15:27:44.915+0000] {processor.py:914} INFO - Processing file /home/airflow/.local/lib/python3.12/site-packages/airflow/example_dags/example_dataset_alias_with_no_taskflow.py for tasks to queue
[2026-05-28T15:27:44.918+0000] {logging_mixin.py:190} INFO - [2026-05-28T15:27:44.917+0000] {dagbag.py:588} INFO - Filling up the DagBag from /home/airflow/.local/lib/python3.12/site-packages/airflow/example_dags/example_dataset_alias_with_no_taskflow.py
[2026-05-28T15:27:54.881+0000] {processor.py:925} INFO - DAG(s) 'dataset_s3_bucket_consumer_with_no_taskflow', 'dataset_s3_bucket_producer_with_no_taskflow', 'dataset_alias_example_alias_producer_with_no_taskflow', 'dataset_alias_example_alias_consumer_with_no_taskflow' retrieved from /home/airflow/.local/lib/python3.12/site-packages/airflow/example_dags/example_dataset_alias_with_no_taskflow.py
[2026-05-28T15:27:54.914+0000] {logging_mixin.py:190} INFO - [2026-05-28T15:27:54.914+0000] {dag.py:3239} INFO - Sync 4 DAGs
[2026-05-28T15:27:54.944+0000] {logging_mixin.py:190} INFO - [2026-05-28T15:27:54.944+0000] {dag.py:4180} INFO - Setting next_dagrun for dataset_alias_example_alias_consumer_with_no_taskflow to None, run_after=None
[2026-05-28T15:27:54.948+0000] {logging_mixin.py:190} INFO - [2026-05-28T15:27:54.948+0000] {dag.py:4180} INFO - Setting next_dagrun for dataset_alias_example_alias_producer_with_no_taskflow to None, run_after=None
[2026-05-28T15:27:54.951+0000] {logging_mixin.py:190} INFO - [2026-05-28T15:27:54.950+0000] {dag.py:4180} INFO - Setting next_dagrun for dataset_s3_bucket_consumer_with_no_taskflow to None, run_after=None
[2026-05-28T15:27:54.953+0000] {logging_mixin.py:190} INFO - [2026-05-28T15:27:54.953+0000] {dag.py:4180} INFO - Setting next_dagrun for dataset_s3_bucket_producer_with_no_taskflow to None, run_after=None
[2026-05-28T15:27:54.998+0000] {processor.py:208} INFO - Processing /home/airflow/.local/lib/python3.12/site-packages/airflow/example_dags/example_dataset_alias_with_no_taskflow.py took 10.095 seconds
[2026-05-28T15:28:25.870+0000] {processor.py:186} INFO - Started process (PID=11179) to work on /home/airflow/.local/lib/python3.12/site-packages/airflow/example_dags/example_dataset_alias_with_no_taskflow.py
[2026-05-28T15:28:25.871+0000] {processor.py:914} INFO - Processing file /home/airflow/.local/lib/python3.12/site-packages/airflow/example_dags/example_dataset_alias_with_no_taskflow.py for tasks to queue
[2026-05-28T15:28:25.874+0000] {logging_mixin.py:190} INFO - [2026-05-28T15:28:25.874+0000] {dagbag.py:588} INFO - Filling up the DagBag from /home/airflow/.local/lib/python3.12/site-packages/airflow/example_dags/example_dataset_alias_with_no_taskflow.py
[2026-05-28T15:28:34.764+0000] {processor.py:925} INFO - DAG(s) 'dataset_s3_bucket_consumer_with_no_taskflow', 'dataset_alias_example_alias_producer_with_no_taskflow', 'dataset_s3_bucket_producer_with_no_taskflow', 'dataset_alias_example_alias_consumer_with_no_taskflow' retrieved from /home/airflow/.local/lib/python3.12/site-packages/airflow/example_dags/example_dataset_alias_with_no_taskflow.py
[2026-05-28T15:28:34.794+0000] {logging_mixin.py:190} INFO - [2026-05-28T15:28:34.793+0000] {dag.py:3239} INFO - Sync 4 DAGs
[2026-05-28T15:28:34.822+0000] {logging_mixin.py:190} INFO - [2026-05-28T15:28:34.822+0000] {dag.py:4180} INFO - Setting next_dagrun for dataset_alias_example_alias_consumer_with_no_taskflow to None, run_after=None
[2026-05-28T15:28:34.831+0000] {logging_mixin.py:190} INFO - [2026-05-28T15:28:34.830+0000] {dag.py:4180} INFO - Setting next_dagrun for dataset_alias_example_alias_producer_with_no_taskflow to None, run_after=None
[2026-05-28T15:28:34.834+0000] {logging_mixin.py:190} INFO - [2026-05-28T15:28:34.833+0000] {dag.py:4180} INFO - Setting next_dagrun for dataset_s3_bucket_consumer_with_no_taskflow to None, run_after=None
[2026-05-28T15:28:34.836+0000] {logging_mixin.py:190} INFO - [2026-05-28T15:28:34.836+0000] {dag.py:4180} INFO - Setting next_dagrun for dataset_s3_bucket_producer_with_no_taskflow to None, run_after=None
[2026-05-28T15:28:34.868+0000] {processor.py:208} INFO - Processing /home/airflow/.local/lib/python3.12/site-packages/airflow/example_dags/example_dataset_alias_with_no_taskflow.py took 9.007 seconds
[2026-05-28T15:29:05.264+0000] {processor.py:186} INFO - Started process (PID=11258) to work on /home/airflow/.local/lib/python3.12/site-packages/airflow/example_dags/example_dataset_alias_with_no_taskflow.py
[2026-05-28T15:29:05.265+0000] {processor.py:914} INFO - Processing file /home/airflow/.local/lib/python3.12/site-packages/airflow/example_dags/example_dataset_alias_with_no_taskflow.py for tasks to queue
[2026-05-28T15:29:05.267+0000] {logging_mixin.py:190} INFO - [2026-05-28T15:29:05.267+0000] {dagbag.py:588} INFO - Filling up the DagBag from /home/airflow/.local/lib/python3.12/site-packages/airflow/example_dags/example_dataset_alias_with_no_taskflow.py
[2026-05-28T15:29:14.491+0000] {processor.py:925} INFO - DAG(s) 'dataset_s3_bucket_consumer_with_no_taskflow', 'dataset_alias_example_alias_producer_with_no_taskflow', 'dataset_s3_bucket_producer_with_no_taskflow', 'dataset_alias_example_alias_consumer_with_no_taskflow' retrieved from /home/airflow/.local/lib/python3.12/site-packages/airflow/example_dags/example_dataset_alias_with_no_taskflow.py
[2026-05-28T15:29:14.525+0000] {logging_mixin.py:190} INFO - [2026-05-28T15:29:14.524+0000] {dag.py:3239} INFO - Sync 4 DAGs
[2026-05-28T15:29:14.555+0000] {logging_mixin.py:190} INFO - [2026-05-28T15:29:14.555+0000] {dag.py:4180} INFO - Setting next_dagrun for dataset_alias_example_alias_consumer_with_no_taskflow to None, run_after=None
[2026-05-28T15:29:14.559+0000] {logging_mixin.py:190} INFO - [2026-05-28T15:29:14.559+0000] {dag.py:4180} INFO - Setting next_dagrun for dataset_alias_example_alias_producer_with_no_taskflow to None, run_after=None
[2026-05-28T15:29:14.562+0000] {logging_mixin.py:190} INFO - [2026-05-28T15:29:14.562+0000] {dag.py:4180} INFO - Setting next_dagrun for dataset_s3_bucket_consumer_with_no_taskflow to None, run_after=None
[2026-05-28T15:29:14.565+0000] {logging_mixin.py:190} INFO - [2026-05-28T15:29:14.565+0000] {dag.py:4180} INFO - Setting next_dagrun for dataset_s3_bucket_producer_with_no_taskflow to None, run_after=None
[2026-05-28T15:29:14.607+0000] {processor.py:208} INFO - Processing /home/airflow/.local/lib/python3.12/site-packages/airflow/example_dags/example_dataset_alias_with_no_taskflow.py took 9.351 seconds
[2026-05-28T15:29:44.898+0000] {processor.py:186} INFO - Started process (PID=11328) to work on /home/airflow/.local/lib/python3.12/site-packages/airflow/example_dags/example_dataset_alias_with_no_taskflow.py
[2026-05-28T15:29:44.900+0000] {processor.py:914} INFO - Processing file /home/airflow/.local/lib/python3.12/site-packages/airflow/example_dags/example_dataset_alias_with_no_taskflow.py for tasks to queue
[2026-05-28T15:29:44.903+0000] {logging_mixin.py:190} INFO - [2026-05-28T15:29:44.902+0000] {dagbag.py:588} INFO - Filling up the DagBag from /home/airflow/.local/lib/python3.12/site-packages/airflow/example_dags/example_dataset_alias_with_no_taskflow.py
[2026-05-28T15:29:55.358+0000] {processor.py:925} INFO - DAG(s) 'dataset_alias_example_alias_producer_with_no_taskflow', 'dataset_alias_example_alias_consumer_with_no_taskflow', 'dataset_s3_bucket_producer_with_no_taskflow', 'dataset_s3_bucket_consumer_with_no_taskflow' retrieved from /home/airflow/.local/lib/python3.12/site-packages/airflow/example_dags/example_dataset_alias_with_no_taskflow.py
[2026-05-28T15:29:55.400+0000] {logging_mixin.py:190} INFO - [2026-05-28T15:29:55.399+0000] {dag.py:3239} INFO - Sync 4 DAGs
[2026-05-28T15:29:55.441+0000] {logging_mixin.py:190} INFO - [2026-05-28T15:29:55.440+0000] {dag.py:4180} INFO - Setting next_dagrun for dataset_alias_example_alias_consumer_with_no_taskflow to None, run_after=None
[2026-05-28T15:29:55.446+0000] {logging_mixin.py:190} INFO - [2026-05-28T15:29:55.445+0000] {dag.py:4180} INFO - Setting next_dagrun for dataset_alias_example_alias_producer_with_no_taskflow to None, run_after=None
[2026-05-28T15:29:55.449+0000] {logging_mixin.py:190} INFO - [2026-05-28T15:29:55.449+0000] {dag.py:4180} INFO - Setting next_dagrun for dataset_s3_bucket_consumer_with_no_taskflow to None, run_after=None
[2026-05-28T15:29:55.451+0000] {logging_mixin.py:190} INFO - [2026-05-28T15:29:55.451+0000] {dag.py:4180} INFO - Setting next_dagrun for dataset_s3_bucket_producer_with_no_taskflow to None, run_after=None
[2026-05-28T15:29:55.487+0000] {processor.py:208} INFO - Processing /home/airflow/.local/lib/python3.12/site-packages/airflow/example_dags/example_dataset_alias_with_no_taskflow.py took 10.598 seconds
[2026-05-28T15:30:27.041+0000] {processor.py:186} INFO - Started process (PID=11406) to work on /home/airflow/.local/lib/python3.12/site-packages/airflow/example_dags/example_dataset_alias_with_no_taskflow.py
[2026-05-28T15:30:27.044+0000] {processor.py:914} INFO - Processing file /home/airflow/.local/lib/python3.12/site-packages/airflow/example_dags/example_dataset_alias_with_no_taskflow.py for tasks to queue
[2026-05-28T15:30:27.047+0000] {logging_mixin.py:190} INFO - [2026-05-28T15:30:27.046+0000] {dagbag.py:588} INFO - Filling up the DagBag from /home/airflow/.local/lib/python3.12/site-packages/airflow/example_dags/example_dataset_alias_with_no_taskflow.py
[2026-05-28T15:30:37.133+0000] {processor.py:925} INFO - DAG(s) 'dataset_alias_example_alias_consumer_with_no_taskflow', 'dataset_alias_example_alias_producer_with_no_taskflow', 'dataset_s3_bucket_consumer_with_no_taskflow', 'dataset_s3_bucket_producer_with_no_taskflow' retrieved from /home/airflow/.local/lib/python3.12/site-packages/airflow/example_dags/example_dataset_alias_with_no_taskflow.py
[2026-05-28T15:30:37.185+0000] {logging_mixin.py:190} INFO - [2026-05-28T15:30:37.183+0000] {dag.py:3239} INFO - Sync 4 DAGs
[2026-05-28T15:30:37.228+0000] {logging_mixin.py:190} INFO - [2026-05-28T15:30:37.227+0000] {dag.py:4180} INFO - Setting next_dagrun for dataset_alias_example_alias_consumer_with_no_taskflow to None, run_after=None
[2026-05-28T15:30:37.236+0000] {logging_mixin.py:190} INFO - [2026-05-28T15:30:37.236+0000] {dag.py:4180} INFO - Setting next_dagrun for dataset_alias_example_alias_producer_with_no_taskflow to None, run_after=None
[2026-05-28T15:30:37.240+0000] {logging_mixin.py:190} INFO - [2026-05-28T15:30:37.239+0000] {dag.py:4180} INFO - Setting next_dagrun for dataset_s3_bucket_consumer_with_no_taskflow to None, run_after=None
[2026-05-28T15:30:37.244+0000] {logging_mixin.py:190} INFO - [2026-05-28T15:30:37.244+0000] {dag.py:4180} INFO - Setting next_dagrun for dataset_s3_bucket_producer_with_no_taskflow to None, run_after=None
[2026-05-28T15:30:37.296+0000] {processor.py:208} INFO - Processing /home/airflow/.local/lib/python3.12/site-packages/airflow/example_dags/example_dataset_alias_with_no_taskflow.py took 10.265 seconds
[2026-05-28T15:31:07.901+0000] {processor.py:186} INFO - Started process (PID=11495) to work on /home/airflow/.local/lib/python3.12/site-packages/airflow/example_dags/example_dataset_alias_with_no_taskflow.py
[2026-05-28T15:31:07.902+0000] {processor.py:914} INFO - Processing file /home/airflow/.local/lib/python3.12/site-packages/airflow/example_dags/example_dataset_alias_with_no_taskflow.py for tasks to queue
[2026-05-28T15:31:07.905+0000] {logging_mixin.py:190} INFO - [2026-05-28T15:31:07.905+0000] {dagbag.py:588} INFO - Filling up the DagBag from /home/airflow/.local/lib/python3.12/site-packages/airflow/example_dags/example_dataset_alias_with_no_taskflow.py
[2026-05-28T15:31:17.090+0000] {processor.py:925} INFO - DAG(s) 'dataset_alias_example_alias_producer_with_no_taskflow', 'dataset_alias_example_alias_consumer_with_no_taskflow', 'dataset_s3_bucket_consumer_with_no_taskflow', 'dataset_s3_bucket_producer_with_no_taskflow' retrieved from /home/airflow/.local/lib/python3.12/site-packages/airflow/example_dags/example_dataset_alias_with_no_taskflow.py
[2026-05-28T15:31:17.124+0000] {logging_mixin.py:190} INFO - [2026-05-28T15:31:17.123+0000] {dag.py:3239} INFO - Sync 4 DAGs
[2026-05-28T15:31:17.151+0000] {logging_mixin.py:190} INFO - [2026-05-28T15:31:17.150+0000] {dag.py:4180} INFO - Setting next_dagrun for dataset_alias_example_alias_consumer_with_no_taskflow to None, run_after=None
[2026-05-28T15:31:17.155+0000] {logging_mixin.py:190} INFO - [2026-05-28T15:31:17.154+0000] {dag.py:4180} INFO - Setting next_dagrun for dataset_alias_example_alias_producer_with_no_taskflow to None, run_after=None
[2026-05-28T15:31:17.157+0000] {logging_mixin.py:190} INFO - [2026-05-28T15:31:17.157+0000] {dag.py:4180} INFO - Setting next_dagrun for dataset_s3_bucket_consumer_with_no_taskflow to None, run_after=None
[2026-05-28T15:31:17.160+0000] {logging_mixin.py:190} INFO - [2026-05-28T15:31:17.160+0000] {dag.py:4180} INFO - Setting next_dagrun for dataset_s3_bucket_producer_with_no_taskflow to None, run_after=None
[2026-05-28T15:31:17.200+0000] {processor.py:208} INFO - Processing /home/airflow/.local/lib/python3.12/site-packages/airflow/example_dags/example_dataset_alias_with_no_taskflow.py took 9.308 seconds
[2026-05-28T15:31:48.164+0000] {processor.py:186} INFO - Started process (PID=11579) to work on /home/airflow/.local/lib/python3.12/site-packages/airflow/example_dags/example_dataset_alias_with_no_taskflow.py
[2026-05-28T15:31:48.166+0000] {processor.py:914} INFO - Processing file /home/airflow/.local/lib/python3.12/site-packages/airflow/example_dags/example_dataset_alias_with_no_taskflow.py for tasks to queue
[2026-05-28T15:31:48.168+0000] {logging_mixin.py:190} INFO - [2026-05-28T15:31:48.168+0000] {dagbag.py:588} INFO - Filling up the DagBag from /home/airflow/.local/lib/python3.12/site-packages/airflow/example_dags/example_dataset_alias_with_no_taskflow.py
[2026-05-28T15:31:56.972+0000] {processor.py:925} INFO - DAG(s) 'dataset_s3_bucket_consumer_with_no_taskflow', 'dataset_alias_example_alias_producer_with_no_taskflow', 'dataset_s3_bucket_producer_with_no_taskflow', 'dataset_alias_example_alias_consumer_with_no_taskflow' retrieved from /home/airflow/.local/lib/python3.12/site-packages/airflow/example_dags/example_dataset_alias_with_no_taskflow.py
[2026-05-28T15:31:57.019+0000] {logging_mixin.py:190} INFO - [2026-05-28T15:31:57.017+0000] {dag.py:3239} INFO - Sync 4 DAGs
[2026-05-28T15:31:57.060+0000] {logging_mixin.py:190} INFO - [2026-05-28T15:31:57.060+0000] {dag.py:4180} INFO - Setting next_dagrun for dataset_alias_example_alias_consumer_with_no_taskflow to None, run_after=None
[2026-05-28T15:31:57.067+0000] {logging_mixin.py:190} INFO - [2026-05-28T15:31:57.066+0000] {dag.py:4180} INFO - Setting next_dagrun for dataset_alias_example_alias_producer_with_no_taskflow to None, run_after=None
[2026-05-28T15:31:57.070+0000] {logging_mixin.py:190} INFO - [2026-05-28T15:31:57.070+0000] {dag.py:4180} INFO - Setting next_dagrun for dataset_s3_bucket_consumer_with_no_taskflow to None, run_after=None
[2026-05-28T15:31:57.073+0000] {logging_mixin.py:190} INFO - [2026-05-28T15:31:57.072+0000] {dag.py:4180} INFO - Setting next_dagrun for dataset_s3_bucket_producer_with_no_taskflow to None, run_after=None
[2026-05-28T15:31:57.110+0000] {processor.py:208} INFO - Processing /home/airflow/.local/lib/python3.12/site-packages/airflow/example_dags/example_dataset_alias_with_no_taskflow.py took 8.957 seconds
[2026-05-28T15:32:28.123+0000] {processor.py:186} INFO - Started process (PID=11646) to work on /home/airflow/.local/lib/python3.12/site-packages/airflow/example_dags/example_dataset_alias_with_no_taskflow.py
[2026-05-28T15:32:28.125+0000] {processor.py:914} INFO - Processing file /home/airflow/.local/lib/python3.12/site-packages/airflow/example_dags/example_dataset_alias_with_no_taskflow.py for tasks to queue
[2026-05-28T15:32:28.127+0000] {logging_mixin.py:190} INFO - [2026-05-28T15:32:28.126+0000] {dagbag.py:588} INFO - Filling up the DagBag from /home/airflow/.local/lib/python3.12/site-packages/airflow/example_dags/example_dataset_alias_with_no_taskflow.py
[2026-05-28T15:32:37.768+0000] {processor.py:925} INFO - DAG(s) 'dataset_s3_bucket_producer_with_no_taskflow', 'dataset_alias_example_alias_producer_with_no_taskflow', 'dataset_alias_example_alias_consumer_with_no_taskflow', 'dataset_s3_bucket_consumer_with_no_taskflow' retrieved from /home/airflow/.local/lib/python3.12/site-packages/airflow/example_dags/example_dataset_alias_with_no_taskflow.py
[2026-05-28T15:32:37.804+0000] {logging_mixin.py:190} INFO - [2026-05-28T15:32:37.803+0000] {dag.py:3239} INFO - Sync 4 DAGs
[2026-05-28T15:32:37.834+0000] {logging_mixin.py:190} INFO - [2026-05-28T15:32:37.833+0000] {dag.py:4180} INFO - Setting next_dagrun for dataset_alias_example_alias_consumer_with_no_taskflow to None, run_after=None
[2026-05-28T15:32:37.838+0000] {logging_mixin.py:190} INFO - [2026-05-28T15:32:37.838+0000] {dag.py:4180} INFO - Setting next_dagrun for dataset_alias_example_alias_producer_with_no_taskflow to None, run_after=None
[2026-05-28T15:32:37.841+0000] {logging_mixin.py:190} INFO - [2026-05-28T15:32:37.841+0000] {dag.py:4180} INFO - Setting next_dagrun for dataset_s3_bucket_consumer_with_no_taskflow to None, run_after=None
[2026-05-28T15:32:37.843+0000] {logging_mixin.py:190} INFO - [2026-05-28T15:32:37.843+0000] {dag.py:4180} INFO - Setting next_dagrun for dataset_s3_bucket_producer_with_no_taskflow to None, run_after=None
[2026-05-28T15:32:37.872+0000] {processor.py:208} INFO - Processing /home/airflow/.local/lib/python3.12/site-packages/airflow/example_dags/example_dataset_alias_with_no_taskflow.py took 9.757 seconds
[2026-05-28T15:33:10.187+0000] {processor.py:186} INFO - Started process (PID=11734) to work on /home/airflow/.local/lib/python3.12/site-packages/airflow/example_dags/example_dataset_alias_with_no_taskflow.py
[2026-05-28T15:33:10.189+0000] {processor.py:914} INFO - Processing file /home/airflow/.local/lib/python3.12/site-packages/airflow/example_dags/example_dataset_alias_with_no_taskflow.py for tasks to queue
[2026-05-28T15:33:10.191+0000] {logging_mixin.py:190} INFO - [2026-05-28T15:33:10.190+0000] {dagbag.py:588} INFO - Filling up the DagBag from /home/airflow/.local/lib/python3.12/site-packages/airflow/example_dags/example_dataset_alias_with_no_taskflow.py
[2026-05-28T15:33:18.872+0000] {processor.py:925} INFO - DAG(s) 'dataset_s3_bucket_consumer_with_no_taskflow', 'dataset_s3_bucket_producer_with_no_taskflow', 'dataset_alias_example_alias_producer_with_no_taskflow', 'dataset_alias_example_alias_consumer_with_no_taskflow' retrieved from /home/airflow/.local/lib/python3.12/site-packages/airflow/example_dags/example_dataset_alias_with_no_taskflow.py
[2026-05-28T15:33:18.905+0000] {logging_mixin.py:190} INFO - [2026-05-28T15:33:18.904+0000] {dag.py:3239} INFO - Sync 4 DAGs
[2026-05-28T15:33:18.933+0000] {logging_mixin.py:190} INFO - [2026-05-28T15:33:18.933+0000] {dag.py:4180} INFO - Setting next_dagrun for dataset_alias_example_alias_consumer_with_no_taskflow to None, run_after=None
[2026-05-28T15:33:18.941+0000] {logging_mixin.py:190} INFO - [2026-05-28T15:33:18.941+0000] {dag.py:4180} INFO - Setting next_dagrun for dataset_alias_example_alias_producer_with_no_taskflow to None, run_after=None
[2026-05-28T15:33:18.944+0000] {logging_mixin.py:190} INFO - [2026-05-28T15:33:18.944+0000] {dag.py:4180} INFO - Setting next_dagrun for dataset_s3_bucket_consumer_with_no_taskflow to None, run_after=None
[2026-05-28T15:33:18.947+0000] {logging_mixin.py:190} INFO - [2026-05-28T15:33:18.946+0000] {dag.py:4180} INFO - Setting next_dagrun for dataset_s3_bucket_producer_with_no_taskflow to None, run_after=None
[2026-05-28T15:33:18.981+0000] {processor.py:208} INFO - Processing /home/airflow/.local/lib/python3.12/site-packages/airflow/example_dags/example_dataset_alias_with_no_taskflow.py took 8.802 seconds
[2026-05-28T15:33:52.850+0000] {processor.py:186} INFO - Started process (PID=11811) to work on /home/airflow/.local/lib/python3.12/site-packages/airflow/example_dags/example_dataset_alias_with_no_taskflow.py
[2026-05-28T15:33:52.853+0000] {processor.py:914} INFO - Processing file /home/airflow/.local/lib/python3.12/site-packages/airflow/example_dags/example_dataset_alias_with_no_taskflow.py for tasks to queue
[2026-05-28T15:33:52.855+0000] {logging_mixin.py:190} INFO - [2026-05-28T15:33:52.855+0000] {dagbag.py:588} INFO - Filling up the DagBag from /home/airflow/.local/lib/python3.12/site-packages/airflow/example_dags/example_dataset_alias_with_no_taskflow.py
[2026-05-28T15:34:01.311+0000] {processor.py:925} INFO - DAG(s) 'dataset_s3_bucket_consumer_with_no_taskflow', 'dataset_s3_bucket_producer_with_no_taskflow', 'dataset_alias_example_alias_producer_with_no_taskflow', 'dataset_alias_example_alias_consumer_with_no_taskflow' retrieved from /home/airflow/.local/lib/python3.12/site-packages/airflow/example_dags/example_dataset_alias_with_no_taskflow.py
[2026-05-28T15:34:01.341+0000] {logging_mixin.py:190} INFO - [2026-05-28T15:34:01.341+0000] {dag.py:3239} INFO - Sync 4 DAGs
[2026-05-28T15:34:01.368+0000] {logging_mixin.py:190} INFO - [2026-05-28T15:34:01.368+0000] {dag.py:4180} INFO - Setting next_dagrun for dataset_alias_example_alias_consumer_with_no_taskflow to None, run_after=None
[2026-05-28T15:34:01.372+0000] {logging_mixin.py:190} INFO - [2026-05-28T15:34:01.372+0000] {dag.py:4180} INFO - Setting next_dagrun for dataset_alias_example_alias_producer_with_no_taskflow to None, run_after=None
[2026-05-28T15:34:01.375+0000] {logging_mixin.py:190} INFO - [2026-05-28T15:34:01.375+0000] {dag.py:4180} INFO - Setting next_dagrun for dataset_s3_bucket_consumer_with_no_taskflow to None, run_after=None
[2026-05-28T15:34:01.379+0000] {logging_mixin.py:190} INFO - [2026-05-28T15:34:01.378+0000] {dag.py:4180} INFO - Setting next_dagrun for dataset_s3_bucket_producer_with_no_taskflow to None, run_after=None
[2026-05-28T15:34:01.430+0000] {processor.py:208} INFO - Processing /home/airflow/.local/lib/python3.12/site-packages/airflow/example_dags/example_dataset_alias_with_no_taskflow.py took 8.588 seconds
[2026-05-28T15:34:35.084+0000] {processor.py:186} INFO - Started process (PID=11898) to work on /home/airflow/.local/lib/python3.12/site-packages/airflow/example_dags/example_dataset_alias_with_no_taskflow.py
[2026-05-28T15:34:35.086+0000] {processor.py:914} INFO - Processing file /home/airflow/.local/lib/python3.12/site-packages/airflow/example_dags/example_dataset_alias_with_no_taskflow.py for tasks to queue
[2026-05-28T15:34:35.089+0000] {logging_mixin.py:190} INFO - [2026-05-28T15:34:35.088+0000] {dagbag.py:588} INFO - Filling up the DagBag from /home/airflow/.local/lib/python3.12/site-packages/airflow/example_dags/example_dataset_alias_with_no_taskflow.py
[2026-05-28T15:34:43.487+0000] {processor.py:925} INFO - DAG(s) 'dataset_s3_bucket_producer_with_no_taskflow', 'dataset_alias_example_alias_consumer_with_no_taskflow', 'dataset_s3_bucket_consumer_with_no_taskflow', 'dataset_alias_example_alias_producer_with_no_taskflow' retrieved from /home/airflow/.local/lib/python3.12/site-packages/airflow/example_dags/example_dataset_alias_with_no_taskflow.py
[2026-05-28T15:34:43.521+0000] {logging_mixin.py:190} INFO - [2026-05-28T15:34:43.520+0000] {dag.py:3239} INFO - Sync 4 DAGs
[2026-05-28T15:34:43.552+0000] {logging_mixin.py:190} INFO - [2026-05-28T15:34:43.551+0000] {dag.py:4180} INFO - Setting next_dagrun for dataset_alias_example_alias_consumer_with_no_taskflow to None, run_after=None
[2026-05-28T15:34:43.556+0000] {logging_mixin.py:190} INFO - [2026-05-28T15:34:43.556+0000] {dag.py:4180} INFO - Setting next_dagrun for dataset_alias_example_alias_producer_with_no_taskflow to None, run_after=None
[2026-05-28T15:34:43.560+0000] {logging_mixin.py:190} INFO - [2026-05-28T15:34:43.559+0000] {dag.py:4180} INFO - Setting next_dagrun for dataset_s3_bucket_consumer_with_no_taskflow to None, run_after=None
[2026-05-28T15:34:43.563+0000] {logging_mixin.py:190} INFO - [2026-05-28T15:34:43.562+0000] {dag.py:4180} INFO - Setting next_dagrun for dataset_s3_bucket_producer_with_no_taskflow to None, run_after=None
[2026-05-28T15:34:43.607+0000] {processor.py:208} INFO - Processing /home/airflow/.local/lib/python3.12/site-packages/airflow/example_dags/example_dataset_alias_with_no_taskflow.py took 8.531 seconds
[2026-05-28T15:35:14.035+0000] {processor.py:186} INFO - Started process (PID=11963) to work on /home/airflow/.local/lib/python3.12/site-packages/airflow/example_dags/example_dataset_alias_with_no_taskflow.py
[2026-05-28T15:35:14.037+0000] {processor.py:914} INFO - Processing file /home/airflow/.local/lib/python3.12/site-packages/airflow/example_dags/example_dataset_alias_with_no_taskflow.py for tasks to queue
[2026-05-28T15:35:14.040+0000] {logging_mixin.py:190} INFO - [2026-05-28T15:35:14.039+0000] {dagbag.py:588} INFO - Filling up the DagBag from /home/airflow/.local/lib/python3.12/site-packages/airflow/example_dags/example_dataset_alias_with_no_taskflow.py
[2026-05-28T15:35:23.511+0000] {processor.py:925} INFO - DAG(s) 'dataset_s3_bucket_producer_with_no_taskflow', 'dataset_alias_example_alias_consumer_with_no_taskflow', 'dataset_alias_example_alias_producer_with_no_taskflow', 'dataset_s3_bucket_consumer_with_no_taskflow' retrieved from /home/airflow/.local/lib/python3.12/site-packages/airflow/example_dags/example_dataset_alias_with_no_taskflow.py
[2026-05-28T15:35:23.542+0000] {logging_mixin.py:190} INFO - [2026-05-28T15:35:23.541+0000] {dag.py:3239} INFO - Sync 4 DAGs
[2026-05-28T15:35:23.572+0000] {logging_mixin.py:190} INFO - [2026-05-28T15:35:23.572+0000] {dag.py:4180} INFO - Setting next_dagrun for dataset_alias_example_alias_consumer_with_no_taskflow to None, run_after=None
[2026-05-28T15:35:23.578+0000] {logging_mixin.py:190} INFO - [2026-05-28T15:35:23.578+0000] {dag.py:4180} INFO - Setting next_dagrun for dataset_alias_example_alias_producer_with_no_taskflow to None, run_after=None
[2026-05-28T15:35:23.581+0000] {logging_mixin.py:190} INFO - [2026-05-28T15:35:23.580+0000] {dag.py:4180} INFO - Setting next_dagrun for dataset_s3_bucket_consumer_with_no_taskflow to None, run_after=None
[2026-05-28T15:35:23.583+0000] {logging_mixin.py:190} INFO - [2026-05-28T15:35:23.583+0000] {dag.py:4180} INFO - Setting next_dagrun for dataset_s3_bucket_producer_with_no_taskflow to None, run_after=None
[2026-05-28T15:35:23.626+0000] {processor.py:208} INFO - Processing /home/airflow/.local/lib/python3.12/site-packages/airflow/example_dags/example_dataset_alias_with_no_taskflow.py took 9.602 seconds
[2026-05-28T15:35:54.541+0000] {processor.py:186} INFO - Started process (PID=12038) to work on /home/airflow/.local/lib/python3.12/site-packages/airflow/example_dags/example_dataset_alias_with_no_taskflow.py
[2026-05-28T15:35:54.543+0000] {processor.py:914} INFO - Processing file /home/airflow/.local/lib/python3.12/site-packages/airflow/example_dags/example_dataset_alias_with_no_taskflow.py for tasks to queue
[2026-05-28T15:35:54.546+0000] {logging_mixin.py:190} INFO - [2026-05-28T15:35:54.545+0000] {dagbag.py:588} INFO - Filling up the DagBag from /home/airflow/.local/lib/python3.12/site-packages/airflow/example_dags/example_dataset_alias_with_no_taskflow.py
[2026-05-28T15:36:03.250+0000] {processor.py:925} INFO - DAG(s) 'dataset_alias_example_alias_producer_with_no_taskflow', 'dataset_s3_bucket_consumer_with_no_taskflow', 'dataset_alias_example_alias_consumer_with_no_taskflow', 'dataset_s3_bucket_producer_with_no_taskflow' retrieved from /home/airflow/.local/lib/python3.12/site-packages/airflow/example_dags/example_dataset_alias_with_no_taskflow.py
[2026-05-28T15:36:03.284+0000] {logging_mixin.py:190} INFO - [2026-05-28T15:36:03.283+0000] {dag.py:3239} INFO - Sync 4 DAGs
[2026-05-28T15:36:03.317+0000] {logging_mixin.py:190} INFO - [2026-05-28T15:36:03.317+0000] {dag.py:4180} INFO - Setting next_dagrun for dataset_alias_example_alias_consumer_with_no_taskflow to None, run_after=None
[2026-05-28T15:36:03.324+0000] {logging_mixin.py:190} INFO - [2026-05-28T15:36:03.324+0000] {dag.py:4180} INFO - Setting next_dagrun for dataset_alias_example_alias_producer_with_no_taskflow to None, run_after=None
[2026-05-28T15:36:03.327+0000] {logging_mixin.py:190} INFO - [2026-05-28T15:36:03.327+0000] {dag.py:4180} INFO - Setting next_dagrun for dataset_s3_bucket_consumer_with_no_taskflow to None, run_after=None
[2026-05-28T15:36:03.330+0000] {logging_mixin.py:190} INFO - [2026-05-28T15:36:03.329+0000] {dag.py:4180} INFO - Setting next_dagrun for dataset_s3_bucket_producer_with_no_taskflow to None, run_after=None
[2026-05-28T15:36:03.419+0000] {processor.py:208} INFO - Processing /home/airflow/.local/lib/python3.12/site-packages/airflow/example_dags/example_dataset_alias_with_no_taskflow.py took 8.886 seconds
[2026-05-28T15:36:35.624+0000] {processor.py:186} INFO - Started process (PID=12127) to work on /home/airflow/.local/lib/python3.12/site-packages/airflow/example_dags/example_dataset_alias_with_no_taskflow.py
[2026-05-28T15:36:35.626+0000] {processor.py:914} INFO - Processing file /home/airflow/.local/lib/python3.12/site-packages/airflow/example_dags/example_dataset_alias_with_no_taskflow.py for tasks to queue
[2026-05-28T15:36:35.629+0000] {logging_mixin.py:190} INFO - [2026-05-28T15:36:35.628+0000] {dagbag.py:588} INFO - Filling up the DagBag from /home/airflow/.local/lib/python3.12/site-packages/airflow/example_dags/example_dataset_alias_with_no_taskflow.py
[2026-05-28T15:36:44.813+0000] {processor.py:925} INFO - DAG(s) 'dataset_s3_bucket_consumer_with_no_taskflow', 'dataset_alias_example_alias_consumer_with_no_taskflow', 'dataset_alias_example_alias_producer_with_no_taskflow', 'dataset_s3_bucket_producer_with_no_taskflow' retrieved from /home/airflow/.local/lib/python3.12/site-packages/airflow/example_dags/example_dataset_alias_with_no_taskflow.py
[2026-05-28T15:36:44.850+0000] {logging_mixin.py:190} INFO - [2026-05-28T15:36:44.849+0000] {dag.py:3239} INFO - Sync 4 DAGs
[2026-05-28T15:36:44.895+0000] {logging_mixin.py:190} INFO - [2026-05-28T15:36:44.895+0000] {dag.py:4180} INFO - Setting next_dagrun for dataset_alias_example_alias_consumer_with_no_taskflow to None, run_after=None
[2026-05-28T15:36:44.900+0000] {logging_mixin.py:190} INFO - [2026-05-28T15:36:44.900+0000] {dag.py:4180} INFO - Setting next_dagrun for dataset_alias_example_alias_producer_with_no_taskflow to None, run_after=None
[2026-05-28T15:36:44.903+0000] {logging_mixin.py:190} INFO - [2026-05-28T15:36:44.903+0000] {dag.py:4180} INFO - Setting next_dagrun for dataset_s3_bucket_consumer_with_no_taskflow to None, run_after=None
[2026-05-28T15:36:44.906+0000] {logging_mixin.py:190} INFO - [2026-05-28T15:36:44.905+0000] {dag.py:4180} INFO - Setting next_dagrun for dataset_s3_bucket_producer_with_no_taskflow to None, run_after=None
[2026-05-28T15:36:44.941+0000] {processor.py:208} INFO - Processing /home/airflow/.local/lib/python3.12/site-packages/airflow/example_dags/example_dataset_alias_with_no_taskflow.py took 9.327 seconds
[2026-05-28T15:37:18.853+0000] {processor.py:186} INFO - Started process (PID=12211) to work on /home/airflow/.local/lib/python3.12/site-packages/airflow/example_dags/example_dataset_alias_with_no_taskflow.py
[2026-05-28T15:37:18.855+0000] {processor.py:914} INFO - Processing file /home/airflow/.local/lib/python3.12/site-packages/airflow/example_dags/example_dataset_alias_with_no_taskflow.py for tasks to queue
[2026-05-28T15:37:18.858+0000] {logging_mixin.py:190} INFO - [2026-05-28T15:37:18.857+0000] {dagbag.py:588} INFO - Filling up the DagBag from /home/airflow/.local/lib/python3.12/site-packages/airflow/example_dags/example_dataset_alias_with_no_taskflow.py
[2026-05-28T15:37:25.082+0000] {logging_mixin.py:190} INFO - [2026-05-28T15:37:25.082+0000] {process_utils.py:266} INFO - Waiting up to 5 seconds for processes to exit...
