[2026-05-28T06:10:08.429+0000] {processor.py:161} INFO - Started process (PID=109) to work on /home/airflow/.local/lib/python3.12/site-packages/airflow/example_dags/tutorial.py
[2026-05-28T06:10:08.431+0000] {processor.py:830} INFO - Processing file /home/airflow/.local/lib/python3.12/site-packages/airflow/example_dags/tutorial.py for tasks to queue
[2026-05-28T06:10:08.436+0000] {logging_mixin.py:188} INFO - [2026-05-28T06:10:08.435+0000] {dagbag.py:545} INFO - Filling up the DagBag from /home/airflow/.local/lib/python3.12/site-packages/airflow/example_dags/tutorial.py
[2026-05-28T06:10:08.448+0000] {processor.py:840} INFO - DAG(s) 'tutorial' retrieved from /home/airflow/.local/lib/python3.12/site-packages/airflow/example_dags/tutorial.py
[2026-05-28T06:10:08.640+0000] {logging_mixin.py:188} INFO - [2026-05-28T06:10:08.639+0000] {dag.py:3089} INFO - Sync 1 DAGs
[2026-05-28T06:10:08.679+0000] {logging_mixin.py:188} INFO - [2026-05-28T06:10:08.679+0000] {dag.py:3947} INFO - Setting next_dagrun for tutorial to 2026-05-27 00:00:00+00:00, run_after=2026-05-28 00:00:00+00:00
[2026-05-28T06:10:08.719+0000] {processor.py:183} INFO - Processing /home/airflow/.local/lib/python3.12/site-packages/airflow/example_dags/tutorial.py took 0.298 seconds
[2026-05-28T06:10:38.865+0000] {processor.py:161} INFO - Started process (PID=167) to work on /home/airflow/.local/lib/python3.12/site-packages/airflow/example_dags/tutorial.py
[2026-05-28T06:10:38.867+0000] {processor.py:830} INFO - Processing file /home/airflow/.local/lib/python3.12/site-packages/airflow/example_dags/tutorial.py for tasks to queue
[2026-05-28T06:10:38.870+0000] {logging_mixin.py:188} INFO - [2026-05-28T06:10:38.869+0000] {dagbag.py:545} INFO - Filling up the DagBag from /home/airflow/.local/lib/python3.12/site-packages/airflow/example_dags/tutorial.py
[2026-05-28T06:10:38.880+0000] {processor.py:840} INFO - DAG(s) 'tutorial' retrieved from /home/airflow/.local/lib/python3.12/site-packages/airflow/example_dags/tutorial.py
[2026-05-28T06:10:38.922+0000] {logging_mixin.py:188} INFO - [2026-05-28T06:10:38.922+0000] {dag.py:3089} INFO - Sync 1 DAGs
[2026-05-28T06:10:38.964+0000] {logging_mixin.py:188} INFO - [2026-05-28T06:10:38.963+0000] {dag.py:3947} INFO - Setting next_dagrun for tutorial to 2026-05-27 00:00:00+00:00, run_after=2026-05-28 00:00:00+00:00
[2026-05-28T06:10:39.004+0000] {processor.py:183} INFO - Processing /home/airflow/.local/lib/python3.12/site-packages/airflow/example_dags/tutorial.py took 0.151 seconds
[2026-05-28T06:11:09.363+0000] {processor.py:161} INFO - Started process (PID=225) to work on /home/airflow/.local/lib/python3.12/site-packages/airflow/example_dags/tutorial.py
[2026-05-28T06:11:09.365+0000] {processor.py:830} INFO - Processing file /home/airflow/.local/lib/python3.12/site-packages/airflow/example_dags/tutorial.py for tasks to queue
[2026-05-28T06:11:09.369+0000] {logging_mixin.py:188} INFO - [2026-05-28T06:11:09.368+0000] {dagbag.py:545} INFO - Filling up the DagBag from /home/airflow/.local/lib/python3.12/site-packages/airflow/example_dags/tutorial.py
[2026-05-28T06:11:09.379+0000] {processor.py:840} INFO - DAG(s) 'tutorial' retrieved from /home/airflow/.local/lib/python3.12/site-packages/airflow/example_dags/tutorial.py
[2026-05-28T06:11:09.416+0000] {logging_mixin.py:188} INFO - [2026-05-28T06:11:09.416+0000] {dag.py:3089} INFO - Sync 1 DAGs
[2026-05-28T06:11:09.449+0000] {logging_mixin.py:188} INFO - [2026-05-28T06:11:09.449+0000] {dag.py:3947} INFO - Setting next_dagrun for tutorial to 2026-05-27 00:00:00+00:00, run_after=2026-05-28 00:00:00+00:00
[2026-05-28T06:11:09.480+0000] {processor.py:183} INFO - Processing /home/airflow/.local/lib/python3.12/site-packages/airflow/example_dags/tutorial.py took 0.126 seconds
[2026-05-28T06:11:39.920+0000] {processor.py:161} INFO - Started process (PID=283) to work on /home/airflow/.local/lib/python3.12/site-packages/airflow/example_dags/tutorial.py
[2026-05-28T06:11:39.921+0000] {processor.py:830} INFO - Processing file /home/airflow/.local/lib/python3.12/site-packages/airflow/example_dags/tutorial.py for tasks to queue
[2026-05-28T06:11:39.924+0000] {logging_mixin.py:188} INFO - [2026-05-28T06:11:39.924+0000] {dagbag.py:545} INFO - Filling up the DagBag from /home/airflow/.local/lib/python3.12/site-packages/airflow/example_dags/tutorial.py
[2026-05-28T06:11:39.934+0000] {processor.py:840} INFO - DAG(s) 'tutorial' retrieved from /home/airflow/.local/lib/python3.12/site-packages/airflow/example_dags/tutorial.py
[2026-05-28T06:11:39.969+0000] {logging_mixin.py:188} INFO - [2026-05-28T06:11:39.969+0000] {dag.py:3089} INFO - Sync 1 DAGs
[2026-05-28T06:11:40.005+0000] {logging_mixin.py:188} INFO - [2026-05-28T06:11:40.004+0000] {dag.py:3947} INFO - Setting next_dagrun for tutorial to 2026-05-27 00:00:00+00:00, run_after=2026-05-28 00:00:00+00:00
[2026-05-28T06:11:40.036+0000] {processor.py:183} INFO - Processing /home/airflow/.local/lib/python3.12/site-packages/airflow/example_dags/tutorial.py took 0.124 seconds
[2026-05-28T06:12:10.376+0000] {processor.py:161} INFO - Started process (PID=340) to work on /home/airflow/.local/lib/python3.12/site-packages/airflow/example_dags/tutorial.py
[2026-05-28T06:12:10.378+0000] {processor.py:830} INFO - Processing file /home/airflow/.local/lib/python3.12/site-packages/airflow/example_dags/tutorial.py for tasks to queue
[2026-05-28T06:12:10.380+0000] {logging_mixin.py:188} INFO - [2026-05-28T06:12:10.380+0000] {dagbag.py:545} INFO - Filling up the DagBag from /home/airflow/.local/lib/python3.12/site-packages/airflow/example_dags/tutorial.py
[2026-05-28T06:12:10.387+0000] {processor.py:840} INFO - DAG(s) 'tutorial' retrieved from /home/airflow/.local/lib/python3.12/site-packages/airflow/example_dags/tutorial.py
[2026-05-28T06:12:10.414+0000] {logging_mixin.py:188} INFO - [2026-05-28T06:12:10.413+0000] {dag.py:3089} INFO - Sync 1 DAGs
[2026-05-28T06:12:10.440+0000] {logging_mixin.py:188} INFO - [2026-05-28T06:12:10.439+0000] {dag.py:3947} INFO - Setting next_dagrun for tutorial to 2026-05-27 00:00:00+00:00, run_after=2026-05-28 00:00:00+00:00
[2026-05-28T06:12:10.469+0000] {processor.py:183} INFO - Processing /home/airflow/.local/lib/python3.12/site-packages/airflow/example_dags/tutorial.py took 0.101 seconds
[2026-05-28T06:12:42.060+0000] {processor.py:161} INFO - Started process (PID=397) to work on /home/airflow/.local/lib/python3.12/site-packages/airflow/example_dags/tutorial.py
[2026-05-28T06:12:42.062+0000] {processor.py:830} INFO - Processing file /home/airflow/.local/lib/python3.12/site-packages/airflow/example_dags/tutorial.py for tasks to queue
[2026-05-28T06:12:42.065+0000] {logging_mixin.py:188} INFO - [2026-05-28T06:12:42.065+0000] {dagbag.py:545} INFO - Filling up the DagBag from /home/airflow/.local/lib/python3.12/site-packages/airflow/example_dags/tutorial.py
[2026-05-28T06:12:42.074+0000] {processor.py:840} INFO - DAG(s) 'tutorial' retrieved from /home/airflow/.local/lib/python3.12/site-packages/airflow/example_dags/tutorial.py
[2026-05-28T06:12:42.107+0000] {logging_mixin.py:188} INFO - [2026-05-28T06:12:42.107+0000] {dag.py:3089} INFO - Sync 1 DAGs
[2026-05-28T06:12:42.138+0000] {logging_mixin.py:188} INFO - [2026-05-28T06:12:42.138+0000] {dag.py:3947} INFO - Setting next_dagrun for tutorial to 2026-05-27 00:00:00+00:00, run_after=2026-05-28 00:00:00+00:00
[2026-05-28T06:12:42.172+0000] {processor.py:183} INFO - Processing /home/airflow/.local/lib/python3.12/site-packages/airflow/example_dags/tutorial.py took 0.121 seconds
[2026-05-28T06:13:12.792+0000] {processor.py:161} INFO - Started process (PID=456) to work on /home/airflow/.local/lib/python3.12/site-packages/airflow/example_dags/tutorial.py
[2026-05-28T06:13:12.795+0000] {processor.py:830} INFO - Processing file /home/airflow/.local/lib/python3.12/site-packages/airflow/example_dags/tutorial.py for tasks to queue
[2026-05-28T06:13:12.798+0000] {logging_mixin.py:188} INFO - [2026-05-28T06:13:12.798+0000] {dagbag.py:545} INFO - Filling up the DagBag from /home/airflow/.local/lib/python3.12/site-packages/airflow/example_dags/tutorial.py
[2026-05-28T06:13:12.810+0000] {processor.py:840} INFO - DAG(s) 'tutorial' retrieved from /home/airflow/.local/lib/python3.12/site-packages/airflow/example_dags/tutorial.py
[2026-05-28T06:13:12.852+0000] {logging_mixin.py:188} INFO - [2026-05-28T06:13:12.851+0000] {dag.py:3089} INFO - Sync 1 DAGs
[2026-05-28T06:13:12.901+0000] {logging_mixin.py:188} INFO - [2026-05-28T06:13:12.900+0000] {dag.py:3947} INFO - Setting next_dagrun for tutorial to 2026-05-27 00:00:00+00:00, run_after=2026-05-28 00:00:00+00:00
[2026-05-28T06:13:12.949+0000] {processor.py:183} INFO - Processing /home/airflow/.local/lib/python3.12/site-packages/airflow/example_dags/tutorial.py took 0.168 seconds
[2026-05-28T06:13:43.446+0000] {processor.py:161} INFO - Started process (PID=513) to work on /home/airflow/.local/lib/python3.12/site-packages/airflow/example_dags/tutorial.py
[2026-05-28T06:13:43.448+0000] {processor.py:830} INFO - Processing file /home/airflow/.local/lib/python3.12/site-packages/airflow/example_dags/tutorial.py for tasks to queue
[2026-05-28T06:13:43.453+0000] {logging_mixin.py:188} INFO - [2026-05-28T06:13:43.452+0000] {dagbag.py:545} INFO - Filling up the DagBag from /home/airflow/.local/lib/python3.12/site-packages/airflow/example_dags/tutorial.py
[2026-05-28T06:13:43.464+0000] {processor.py:840} INFO - DAG(s) 'tutorial' retrieved from /home/airflow/.local/lib/python3.12/site-packages/airflow/example_dags/tutorial.py
[2026-05-28T06:13:43.502+0000] {logging_mixin.py:188} INFO - [2026-05-28T06:13:43.502+0000] {dag.py:3089} INFO - Sync 1 DAGs
[2026-05-28T06:13:43.537+0000] {logging_mixin.py:188} INFO - [2026-05-28T06:13:43.536+0000] {dag.py:3947} INFO - Setting next_dagrun for tutorial to 2026-05-27 00:00:00+00:00, run_after=2026-05-28 00:00:00+00:00
[2026-05-28T06:13:43.578+0000] {processor.py:183} INFO - Processing /home/airflow/.local/lib/python3.12/site-packages/airflow/example_dags/tutorial.py took 0.141 seconds
[2026-05-28T06:14:14.015+0000] {processor.py:161} INFO - Started process (PID=571) to work on /home/airflow/.local/lib/python3.12/site-packages/airflow/example_dags/tutorial.py
[2026-05-28T06:14:14.017+0000] {processor.py:830} INFO - Processing file /home/airflow/.local/lib/python3.12/site-packages/airflow/example_dags/tutorial.py for tasks to queue
[2026-05-28T06:14:14.020+0000] {logging_mixin.py:188} INFO - [2026-05-28T06:14:14.020+0000] {dagbag.py:545} INFO - Filling up the DagBag from /home/airflow/.local/lib/python3.12/site-packages/airflow/example_dags/tutorial.py
[2026-05-28T06:14:14.029+0000] {processor.py:840} INFO - DAG(s) 'tutorial' retrieved from /home/airflow/.local/lib/python3.12/site-packages/airflow/example_dags/tutorial.py
[2026-05-28T06:14:14.062+0000] {logging_mixin.py:188} INFO - [2026-05-28T06:14:14.062+0000] {dag.py:3089} INFO - Sync 1 DAGs
[2026-05-28T06:14:14.100+0000] {logging_mixin.py:188} INFO - [2026-05-28T06:14:14.100+0000] {dag.py:3947} INFO - Setting next_dagrun for tutorial to 2026-05-27 00:00:00+00:00, run_after=2026-05-28 00:00:00+00:00
[2026-05-28T06:14:14.134+0000] {processor.py:183} INFO - Processing /home/airflow/.local/lib/python3.12/site-packages/airflow/example_dags/tutorial.py took 0.129 seconds
[2026-05-28T06:14:44.655+0000] {processor.py:161} INFO - Started process (PID=630) to work on /home/airflow/.local/lib/python3.12/site-packages/airflow/example_dags/tutorial.py
[2026-05-28T06:14:44.657+0000] {processor.py:830} INFO - Processing file /home/airflow/.local/lib/python3.12/site-packages/airflow/example_dags/tutorial.py for tasks to queue
[2026-05-28T06:14:44.660+0000] {logging_mixin.py:188} INFO - [2026-05-28T06:14:44.660+0000] {dagbag.py:545} INFO - Filling up the DagBag from /home/airflow/.local/lib/python3.12/site-packages/airflow/example_dags/tutorial.py
[2026-05-28T06:14:44.669+0000] {processor.py:840} INFO - DAG(s) 'tutorial' retrieved from /home/airflow/.local/lib/python3.12/site-packages/airflow/example_dags/tutorial.py
[2026-05-28T06:14:44.705+0000] {logging_mixin.py:188} INFO - [2026-05-28T06:14:44.704+0000] {dag.py:3089} INFO - Sync 1 DAGs
[2026-05-28T06:14:44.737+0000] {logging_mixin.py:188} INFO - [2026-05-28T06:14:44.736+0000] {dag.py:3947} INFO - Setting next_dagrun for tutorial to 2026-05-27 00:00:00+00:00, run_after=2026-05-28 00:00:00+00:00
[2026-05-28T06:14:44.772+0000] {processor.py:183} INFO - Processing /home/airflow/.local/lib/python3.12/site-packages/airflow/example_dags/tutorial.py took 0.126 seconds
[2026-05-28T06:15:15.466+0000] {processor.py:161} INFO - Started process (PID=688) to work on /home/airflow/.local/lib/python3.12/site-packages/airflow/example_dags/tutorial.py
[2026-05-28T06:15:15.467+0000] {processor.py:830} INFO - Processing file /home/airflow/.local/lib/python3.12/site-packages/airflow/example_dags/tutorial.py for tasks to queue
[2026-05-28T06:15:15.470+0000] {logging_mixin.py:188} INFO - [2026-05-28T06:15:15.470+0000] {dagbag.py:545} INFO - Filling up the DagBag from /home/airflow/.local/lib/python3.12/site-packages/airflow/example_dags/tutorial.py
[2026-05-28T06:15:15.479+0000] {processor.py:840} INFO - DAG(s) 'tutorial' retrieved from /home/airflow/.local/lib/python3.12/site-packages/airflow/example_dags/tutorial.py
[2026-05-28T06:15:15.515+0000] {logging_mixin.py:188} INFO - [2026-05-28T06:15:15.514+0000] {dag.py:3089} INFO - Sync 1 DAGs
[2026-05-28T06:15:15.549+0000] {logging_mixin.py:188} INFO - [2026-05-28T06:15:15.549+0000] {dag.py:3947} INFO - Setting next_dagrun for tutorial to 2026-05-27 00:00:00+00:00, run_after=2026-05-28 00:00:00+00:00
[2026-05-28T06:15:15.582+0000] {processor.py:183} INFO - Processing /home/airflow/.local/lib/python3.12/site-packages/airflow/example_dags/tutorial.py took 0.125 seconds
[2026-05-28T06:15:46.898+0000] {processor.py:161} INFO - Started process (PID=746) to work on /home/airflow/.local/lib/python3.12/site-packages/airflow/example_dags/tutorial.py
[2026-05-28T06:15:46.901+0000] {processor.py:830} INFO - Processing file /home/airflow/.local/lib/python3.12/site-packages/airflow/example_dags/tutorial.py for tasks to queue
[2026-05-28T06:15:46.906+0000] {logging_mixin.py:188} INFO - [2026-05-28T06:15:46.905+0000] {dagbag.py:545} INFO - Filling up the DagBag from /home/airflow/.local/lib/python3.12/site-packages/airflow/example_dags/tutorial.py
[2026-05-28T06:15:46.915+0000] {processor.py:840} INFO - DAG(s) 'tutorial' retrieved from /home/airflow/.local/lib/python3.12/site-packages/airflow/example_dags/tutorial.py
[2026-05-28T06:15:46.950+0000] {logging_mixin.py:188} INFO - [2026-05-28T06:15:46.949+0000] {dag.py:3089} INFO - Sync 1 DAGs
[2026-05-28T06:15:46.995+0000] {logging_mixin.py:188} INFO - [2026-05-28T06:15:46.995+0000] {dag.py:3947} INFO - Setting next_dagrun for tutorial to 2026-05-27 00:00:00+00:00, run_after=2026-05-28 00:00:00+00:00
[2026-05-28T06:15:47.043+0000] {processor.py:183} INFO - Processing /home/airflow/.local/lib/python3.12/site-packages/airflow/example_dags/tutorial.py took 0.153 seconds
[2026-05-28T06:16:18.072+0000] {processor.py:161} INFO - Started process (PID=804) to work on /home/airflow/.local/lib/python3.12/site-packages/airflow/example_dags/tutorial.py
[2026-05-28T06:16:18.073+0000] {processor.py:830} INFO - Processing file /home/airflow/.local/lib/python3.12/site-packages/airflow/example_dags/tutorial.py for tasks to queue
[2026-05-28T06:16:18.078+0000] {logging_mixin.py:188} INFO - [2026-05-28T06:16:18.077+0000] {dagbag.py:545} INFO - Filling up the DagBag from /home/airflow/.local/lib/python3.12/site-packages/airflow/example_dags/tutorial.py
[2026-05-28T06:16:18.090+0000] {processor.py:840} INFO - DAG(s) 'tutorial' retrieved from /home/airflow/.local/lib/python3.12/site-packages/airflow/example_dags/tutorial.py
[2026-05-28T06:16:18.146+0000] {logging_mixin.py:188} INFO - [2026-05-28T06:16:18.145+0000] {dag.py:3089} INFO - Sync 1 DAGs
[2026-05-28T06:16:18.200+0000] {logging_mixin.py:188} INFO - [2026-05-28T06:16:18.199+0000] {dag.py:3947} INFO - Setting next_dagrun for tutorial to 2026-05-27 00:00:00+00:00, run_after=2026-05-28 00:00:00+00:00
[2026-05-28T06:16:18.246+0000] {processor.py:183} INFO - Processing /home/airflow/.local/lib/python3.12/site-packages/airflow/example_dags/tutorial.py took 0.184 seconds
[2026-05-28T06:16:48.491+0000] {processor.py:161} INFO - Started process (PID=862) to work on /home/airflow/.local/lib/python3.12/site-packages/airflow/example_dags/tutorial.py
[2026-05-28T06:16:48.493+0000] {processor.py:830} INFO - Processing file /home/airflow/.local/lib/python3.12/site-packages/airflow/example_dags/tutorial.py for tasks to queue
[2026-05-28T06:16:48.497+0000] {logging_mixin.py:188} INFO - [2026-05-28T06:16:48.497+0000] {dagbag.py:545} INFO - Filling up the DagBag from /home/airflow/.local/lib/python3.12/site-packages/airflow/example_dags/tutorial.py
[2026-05-28T06:16:48.507+0000] {processor.py:840} INFO - DAG(s) 'tutorial' retrieved from /home/airflow/.local/lib/python3.12/site-packages/airflow/example_dags/tutorial.py
[2026-05-28T06:16:48.551+0000] {logging_mixin.py:188} INFO - [2026-05-28T06:16:48.551+0000] {dag.py:3089} INFO - Sync 1 DAGs
[2026-05-28T06:16:48.610+0000] {logging_mixin.py:188} INFO - [2026-05-28T06:16:48.610+0000] {dag.py:3947} INFO - Setting next_dagrun for tutorial to 2026-05-27 00:00:00+00:00, run_after=2026-05-28 00:00:00+00:00
[2026-05-28T06:16:48.691+0000] {processor.py:183} INFO - Processing /home/airflow/.local/lib/python3.12/site-packages/airflow/example_dags/tutorial.py took 0.214 seconds
[2026-05-28T06:17:19.436+0000] {processor.py:161} INFO - Started process (PID=920) to work on /home/airflow/.local/lib/python3.12/site-packages/airflow/example_dags/tutorial.py
[2026-05-28T06:17:19.438+0000] {processor.py:830} INFO - Processing file /home/airflow/.local/lib/python3.12/site-packages/airflow/example_dags/tutorial.py for tasks to queue
[2026-05-28T06:17:19.442+0000] {logging_mixin.py:188} INFO - [2026-05-28T06:17:19.441+0000] {dagbag.py:545} INFO - Filling up the DagBag from /home/airflow/.local/lib/python3.12/site-packages/airflow/example_dags/tutorial.py
[2026-05-28T06:17:19.451+0000] {processor.py:840} INFO - DAG(s) 'tutorial' retrieved from /home/airflow/.local/lib/python3.12/site-packages/airflow/example_dags/tutorial.py
[2026-05-28T06:17:19.484+0000] {logging_mixin.py:188} INFO - [2026-05-28T06:17:19.484+0000] {dag.py:3089} INFO - Sync 1 DAGs
[2026-05-28T06:17:19.522+0000] {logging_mixin.py:188} INFO - [2026-05-28T06:17:19.522+0000] {dag.py:3947} INFO - Setting next_dagrun for tutorial to 2026-05-27 00:00:00+00:00, run_after=2026-05-28 00:00:00+00:00
[2026-05-28T06:17:19.562+0000] {processor.py:183} INFO - Processing /home/airflow/.local/lib/python3.12/site-packages/airflow/example_dags/tutorial.py took 0.135 seconds
[2026-05-28T06:17:49.823+0000] {processor.py:161} INFO - Started process (PID=979) to work on /home/airflow/.local/lib/python3.12/site-packages/airflow/example_dags/tutorial.py
[2026-05-28T06:17:49.825+0000] {processor.py:830} INFO - Processing file /home/airflow/.local/lib/python3.12/site-packages/airflow/example_dags/tutorial.py for tasks to queue
[2026-05-28T06:17:49.829+0000] {logging_mixin.py:188} INFO - [2026-05-28T06:17:49.828+0000] {dagbag.py:545} INFO - Filling up the DagBag from /home/airflow/.local/lib/python3.12/site-packages/airflow/example_dags/tutorial.py
[2026-05-28T06:17:49.839+0000] {processor.py:840} INFO - DAG(s) 'tutorial' retrieved from /home/airflow/.local/lib/python3.12/site-packages/airflow/example_dags/tutorial.py
[2026-05-28T06:17:49.877+0000] {logging_mixin.py:188} INFO - [2026-05-28T06:17:49.876+0000] {dag.py:3089} INFO - Sync 1 DAGs
[2026-05-28T06:17:49.912+0000] {logging_mixin.py:188} INFO - [2026-05-28T06:17:49.912+0000] {dag.py:3947} INFO - Setting next_dagrun for tutorial to 2026-05-27 00:00:00+00:00, run_after=2026-05-28 00:00:00+00:00
[2026-05-28T06:17:49.950+0000] {processor.py:183} INFO - Processing /home/airflow/.local/lib/python3.12/site-packages/airflow/example_dags/tutorial.py took 0.140 seconds
[2026-05-28T06:18:20.505+0000] {processor.py:161} INFO - Started process (PID=1038) to work on /home/airflow/.local/lib/python3.12/site-packages/airflow/example_dags/tutorial.py
[2026-05-28T06:18:20.506+0000] {processor.py:830} INFO - Processing file /home/airflow/.local/lib/python3.12/site-packages/airflow/example_dags/tutorial.py for tasks to queue
[2026-05-28T06:18:20.510+0000] {logging_mixin.py:188} INFO - [2026-05-28T06:18:20.509+0000] {dagbag.py:545} INFO - Filling up the DagBag from /home/airflow/.local/lib/python3.12/site-packages/airflow/example_dags/tutorial.py
[2026-05-28T06:18:20.520+0000] {processor.py:840} INFO - DAG(s) 'tutorial' retrieved from /home/airflow/.local/lib/python3.12/site-packages/airflow/example_dags/tutorial.py
[2026-05-28T06:18:20.554+0000] {logging_mixin.py:188} INFO - [2026-05-28T06:18:20.554+0000] {dag.py:3089} INFO - Sync 1 DAGs
[2026-05-28T06:18:20.590+0000] {logging_mixin.py:188} INFO - [2026-05-28T06:18:20.589+0000] {dag.py:3947} INFO - Setting next_dagrun for tutorial to 2026-05-27 00:00:00+00:00, run_after=2026-05-28 00:00:00+00:00
[2026-05-28T06:18:20.626+0000] {processor.py:183} INFO - Processing /home/airflow/.local/lib/python3.12/site-packages/airflow/example_dags/tutorial.py took 0.130 seconds
[2026-05-28T06:18:51.021+0000] {processor.py:161} INFO - Started process (PID=1096) to work on /home/airflow/.local/lib/python3.12/site-packages/airflow/example_dags/tutorial.py
[2026-05-28T06:18:51.023+0000] {processor.py:830} INFO - Processing file /home/airflow/.local/lib/python3.12/site-packages/airflow/example_dags/tutorial.py for tasks to queue
[2026-05-28T06:18:51.026+0000] {logging_mixin.py:188} INFO - [2026-05-28T06:18:51.025+0000] {dagbag.py:545} INFO - Filling up the DagBag from /home/airflow/.local/lib/python3.12/site-packages/airflow/example_dags/tutorial.py
[2026-05-28T06:18:51.035+0000] {processor.py:840} INFO - DAG(s) 'tutorial' retrieved from /home/airflow/.local/lib/python3.12/site-packages/airflow/example_dags/tutorial.py
[2026-05-28T06:18:51.069+0000] {logging_mixin.py:188} INFO - [2026-05-28T06:18:51.069+0000] {dag.py:3089} INFO - Sync 1 DAGs
[2026-05-28T06:18:51.103+0000] {logging_mixin.py:188} INFO - [2026-05-28T06:18:51.102+0000] {dag.py:3947} INFO - Setting next_dagrun for tutorial to 2026-05-27 00:00:00+00:00, run_after=2026-05-28 00:00:00+00:00
[2026-05-28T06:18:51.140+0000] {processor.py:183} INFO - Processing /home/airflow/.local/lib/python3.12/site-packages/airflow/example_dags/tutorial.py took 0.129 seconds
[2026-05-28T06:19:22.164+0000] {processor.py:161} INFO - Started process (PID=1154) to work on /home/airflow/.local/lib/python3.12/site-packages/airflow/example_dags/tutorial.py
[2026-05-28T06:19:22.166+0000] {processor.py:830} INFO - Processing file /home/airflow/.local/lib/python3.12/site-packages/airflow/example_dags/tutorial.py for tasks to queue
[2026-05-28T06:19:22.169+0000] {logging_mixin.py:188} INFO - [2026-05-28T06:19:22.169+0000] {dagbag.py:545} INFO - Filling up the DagBag from /home/airflow/.local/lib/python3.12/site-packages/airflow/example_dags/tutorial.py
[2026-05-28T06:19:22.177+0000] {processor.py:840} INFO - DAG(s) 'tutorial' retrieved from /home/airflow/.local/lib/python3.12/site-packages/airflow/example_dags/tutorial.py
[2026-05-28T06:19:22.205+0000] {logging_mixin.py:188} INFO - [2026-05-28T06:19:22.204+0000] {dag.py:3089} INFO - Sync 1 DAGs
[2026-05-28T06:19:22.237+0000] {logging_mixin.py:188} INFO - [2026-05-28T06:19:22.236+0000] {dag.py:3947} INFO - Setting next_dagrun for tutorial to 2026-05-27 00:00:00+00:00, run_after=2026-05-28 00:00:00+00:00
[2026-05-28T06:19:22.274+0000] {processor.py:183} INFO - Processing /home/airflow/.local/lib/python3.12/site-packages/airflow/example_dags/tutorial.py took 0.121 seconds
[2026-05-28T06:19:52.666+0000] {processor.py:161} INFO - Started process (PID=1212) to work on /home/airflow/.local/lib/python3.12/site-packages/airflow/example_dags/tutorial.py
[2026-05-28T06:19:52.669+0000] {processor.py:830} INFO - Processing file /home/airflow/.local/lib/python3.12/site-packages/airflow/example_dags/tutorial.py for tasks to queue
[2026-05-28T06:19:52.672+0000] {logging_mixin.py:188} INFO - [2026-05-28T06:19:52.672+0000] {dagbag.py:545} INFO - Filling up the DagBag from /home/airflow/.local/lib/python3.12/site-packages/airflow/example_dags/tutorial.py
[2026-05-28T06:19:52.683+0000] {processor.py:840} INFO - DAG(s) 'tutorial' retrieved from /home/airflow/.local/lib/python3.12/site-packages/airflow/example_dags/tutorial.py
[2026-05-28T06:19:52.723+0000] {logging_mixin.py:188} INFO - [2026-05-28T06:19:52.723+0000] {dag.py:3089} INFO - Sync 1 DAGs
[2026-05-28T06:19:52.768+0000] {logging_mixin.py:188} INFO - [2026-05-28T06:19:52.768+0000] {dag.py:3947} INFO - Setting next_dagrun for tutorial to 2026-05-27 00:00:00+00:00, run_after=2026-05-28 00:00:00+00:00
[2026-05-28T06:19:52.813+0000] {processor.py:183} INFO - Processing /home/airflow/.local/lib/python3.12/site-packages/airflow/example_dags/tutorial.py took 0.155 seconds
[2026-05-28T06:20:22.882+0000] {processor.py:161} INFO - Started process (PID=1271) to work on /home/airflow/.local/lib/python3.12/site-packages/airflow/example_dags/tutorial.py
[2026-05-28T06:20:22.884+0000] {processor.py:830} INFO - Processing file /home/airflow/.local/lib/python3.12/site-packages/airflow/example_dags/tutorial.py for tasks to queue
[2026-05-28T06:20:22.888+0000] {logging_mixin.py:188} INFO - [2026-05-28T06:20:22.887+0000] {dagbag.py:545} INFO - Filling up the DagBag from /home/airflow/.local/lib/python3.12/site-packages/airflow/example_dags/tutorial.py
[2026-05-28T06:20:22.896+0000] {processor.py:840} INFO - DAG(s) 'tutorial' retrieved from /home/airflow/.local/lib/python3.12/site-packages/airflow/example_dags/tutorial.py
[2026-05-28T06:20:22.924+0000] {logging_mixin.py:188} INFO - [2026-05-28T06:20:22.923+0000] {dag.py:3089} INFO - Sync 1 DAGs
[2026-05-28T06:20:22.956+0000] {logging_mixin.py:188} INFO - [2026-05-28T06:20:22.955+0000] {dag.py:3947} INFO - Setting next_dagrun for tutorial to 2026-05-27 00:00:00+00:00, run_after=2026-05-28 00:00:00+00:00
[2026-05-28T06:20:22.986+0000] {processor.py:183} INFO - Processing /home/airflow/.local/lib/python3.12/site-packages/airflow/example_dags/tutorial.py took 0.113 seconds
[2026-05-28T06:20:53.149+0000] {processor.py:161} INFO - Started process (PID=1329) to work on /home/airflow/.local/lib/python3.12/site-packages/airflow/example_dags/tutorial.py
[2026-05-28T06:20:53.152+0000] {processor.py:830} INFO - Processing file /home/airflow/.local/lib/python3.12/site-packages/airflow/example_dags/tutorial.py for tasks to queue
[2026-05-28T06:20:53.156+0000] {logging_mixin.py:188} INFO - [2026-05-28T06:20:53.156+0000] {dagbag.py:545} INFO - Filling up the DagBag from /home/airflow/.local/lib/python3.12/site-packages/airflow/example_dags/tutorial.py
[2026-05-28T06:20:53.184+0000] {processor.py:840} INFO - DAG(s) 'tutorial' retrieved from /home/airflow/.local/lib/python3.12/site-packages/airflow/example_dags/tutorial.py
[2026-05-28T06:20:53.277+0000] {logging_mixin.py:188} INFO - [2026-05-28T06:20:53.277+0000] {dag.py:3089} INFO - Sync 1 DAGs
[2026-05-28T06:20:53.405+0000] {logging_mixin.py:188} INFO - [2026-05-28T06:20:53.405+0000] {dag.py:3947} INFO - Setting next_dagrun for tutorial to 2026-05-27 00:00:00+00:00, run_after=2026-05-28 00:00:00+00:00
[2026-05-28T06:20:53.508+0000] {processor.py:183} INFO - Processing /home/airflow/.local/lib/python3.12/site-packages/airflow/example_dags/tutorial.py took 0.389 seconds
[2026-05-28T06:21:23.975+0000] {processor.py:161} INFO - Started process (PID=1387) to work on /home/airflow/.local/lib/python3.12/site-packages/airflow/example_dags/tutorial.py
[2026-05-28T06:21:23.977+0000] {processor.py:830} INFO - Processing file /home/airflow/.local/lib/python3.12/site-packages/airflow/example_dags/tutorial.py for tasks to queue
[2026-05-28T06:21:23.981+0000] {logging_mixin.py:188} INFO - [2026-05-28T06:21:23.980+0000] {dagbag.py:545} INFO - Filling up the DagBag from /home/airflow/.local/lib/python3.12/site-packages/airflow/example_dags/tutorial.py
[2026-05-28T06:21:23.989+0000] {processor.py:840} INFO - DAG(s) 'tutorial' retrieved from /home/airflow/.local/lib/python3.12/site-packages/airflow/example_dags/tutorial.py
[2026-05-28T06:21:24.021+0000] {logging_mixin.py:188} INFO - [2026-05-28T06:21:24.021+0000] {dag.py:3089} INFO - Sync 1 DAGs
[2026-05-28T06:21:24.090+0000] {logging_mixin.py:188} INFO - [2026-05-28T06:21:24.089+0000] {dag.py:3947} INFO - Setting next_dagrun for tutorial to 2026-05-27 00:00:00+00:00, run_after=2026-05-28 00:00:00+00:00
[2026-05-28T06:21:24.134+0000] {processor.py:183} INFO - Processing /home/airflow/.local/lib/python3.12/site-packages/airflow/example_dags/tutorial.py took 0.167 seconds
[2026-05-28T06:21:56.051+0000] {processor.py:161} INFO - Started process (PID=1451) to work on /home/airflow/.local/lib/python3.12/site-packages/airflow/example_dags/tutorial.py
[2026-05-28T06:21:56.053+0000] {processor.py:830} INFO - Processing file /home/airflow/.local/lib/python3.12/site-packages/airflow/example_dags/tutorial.py for tasks to queue
[2026-05-28T06:21:56.058+0000] {logging_mixin.py:188} INFO - [2026-05-28T06:21:56.057+0000] {dagbag.py:545} INFO - Filling up the DagBag from /home/airflow/.local/lib/python3.12/site-packages/airflow/example_dags/tutorial.py
[2026-05-28T06:21:56.071+0000] {processor.py:840} INFO - DAG(s) 'tutorial' retrieved from /home/airflow/.local/lib/python3.12/site-packages/airflow/example_dags/tutorial.py
[2026-05-28T06:21:56.108+0000] {logging_mixin.py:188} INFO - [2026-05-28T06:21:56.107+0000] {dag.py:3089} INFO - Sync 1 DAGs
[2026-05-28T06:21:56.141+0000] {logging_mixin.py:188} INFO - [2026-05-28T06:21:56.140+0000] {dag.py:3947} INFO - Setting next_dagrun for tutorial to 2026-05-27 00:00:00+00:00, run_after=2026-05-28 00:00:00+00:00
[2026-05-28T06:21:56.246+0000] {processor.py:183} INFO - Processing /home/airflow/.local/lib/python3.12/site-packages/airflow/example_dags/tutorial.py took 0.211 seconds
[2026-05-28T06:22:26.508+0000] {processor.py:161} INFO - Started process (PID=1509) to work on /home/airflow/.local/lib/python3.12/site-packages/airflow/example_dags/tutorial.py
[2026-05-28T06:22:26.510+0000] {processor.py:830} INFO - Processing file /home/airflow/.local/lib/python3.12/site-packages/airflow/example_dags/tutorial.py for tasks to queue
[2026-05-28T06:22:26.515+0000] {logging_mixin.py:188} INFO - [2026-05-28T06:22:26.514+0000] {dagbag.py:545} INFO - Filling up the DagBag from /home/airflow/.local/lib/python3.12/site-packages/airflow/example_dags/tutorial.py
[2026-05-28T06:22:26.530+0000] {processor.py:840} INFO - DAG(s) 'tutorial' retrieved from /home/airflow/.local/lib/python3.12/site-packages/airflow/example_dags/tutorial.py
[2026-05-28T06:22:26.570+0000] {logging_mixin.py:188} INFO - [2026-05-28T06:22:26.569+0000] {dag.py:3089} INFO - Sync 1 DAGs
[2026-05-28T06:22:26.611+0000] {logging_mixin.py:188} INFO - [2026-05-28T06:22:26.610+0000] {dag.py:3947} INFO - Setting next_dagrun for tutorial to 2026-05-27 00:00:00+00:00, run_after=2026-05-28 00:00:00+00:00
[2026-05-28T06:22:26.643+0000] {processor.py:183} INFO - Processing /home/airflow/.local/lib/python3.12/site-packages/airflow/example_dags/tutorial.py took 0.147 seconds
[2026-05-28T06:22:57.711+0000] {processor.py:161} INFO - Started process (PID=1567) to work on /home/airflow/.local/lib/python3.12/site-packages/airflow/example_dags/tutorial.py
[2026-05-28T06:22:57.714+0000] {processor.py:830} INFO - Processing file /home/airflow/.local/lib/python3.12/site-packages/airflow/example_dags/tutorial.py for tasks to queue
[2026-05-28T06:22:57.718+0000] {logging_mixin.py:188} INFO - [2026-05-28T06:22:57.717+0000] {dagbag.py:545} INFO - Filling up the DagBag from /home/airflow/.local/lib/python3.12/site-packages/airflow/example_dags/tutorial.py
[2026-05-28T06:22:57.732+0000] {processor.py:840} INFO - DAG(s) 'tutorial' retrieved from /home/airflow/.local/lib/python3.12/site-packages/airflow/example_dags/tutorial.py
[2026-05-28T06:22:57.776+0000] {logging_mixin.py:188} INFO - [2026-05-28T06:22:57.775+0000] {dag.py:3089} INFO - Sync 1 DAGs
[2026-05-28T06:22:57.823+0000] {logging_mixin.py:188} INFO - [2026-05-28T06:22:57.822+0000] {dag.py:3947} INFO - Setting next_dagrun for tutorial to 2026-05-27 00:00:00+00:00, run_after=2026-05-28 00:00:00+00:00
[2026-05-28T06:22:57.865+0000] {processor.py:183} INFO - Processing /home/airflow/.local/lib/python3.12/site-packages/airflow/example_dags/tutorial.py took 0.170 seconds
[2026-05-28T06:23:28.104+0000] {processor.py:161} INFO - Started process (PID=1625) to work on /home/airflow/.local/lib/python3.12/site-packages/airflow/example_dags/tutorial.py
[2026-05-28T06:23:28.107+0000] {processor.py:830} INFO - Processing file /home/airflow/.local/lib/python3.12/site-packages/airflow/example_dags/tutorial.py for tasks to queue
[2026-05-28T06:23:28.111+0000] {logging_mixin.py:188} INFO - [2026-05-28T06:23:28.110+0000] {dagbag.py:545} INFO - Filling up the DagBag from /home/airflow/.local/lib/python3.12/site-packages/airflow/example_dags/tutorial.py
[2026-05-28T06:23:28.126+0000] {processor.py:840} INFO - DAG(s) 'tutorial' retrieved from /home/airflow/.local/lib/python3.12/site-packages/airflow/example_dags/tutorial.py
[2026-05-28T06:23:28.179+0000] {logging_mixin.py:188} INFO - [2026-05-28T06:23:28.178+0000] {dag.py:3089} INFO - Sync 1 DAGs
[2026-05-28T06:23:28.236+0000] {logging_mixin.py:188} INFO - [2026-05-28T06:23:28.236+0000] {dag.py:3947} INFO - Setting next_dagrun for tutorial to 2026-05-27 00:00:00+00:00, run_after=2026-05-28 00:00:00+00:00
[2026-05-28T06:23:28.284+0000] {processor.py:183} INFO - Processing /home/airflow/.local/lib/python3.12/site-packages/airflow/example_dags/tutorial.py took 0.193 seconds
[2026-05-28T06:23:58.585+0000] {processor.py:161} INFO - Started process (PID=1682) to work on /home/airflow/.local/lib/python3.12/site-packages/airflow/example_dags/tutorial.py
[2026-05-28T06:23:58.586+0000] {processor.py:830} INFO - Processing file /home/airflow/.local/lib/python3.12/site-packages/airflow/example_dags/tutorial.py for tasks to queue
[2026-05-28T06:23:58.589+0000] {logging_mixin.py:188} INFO - [2026-05-28T06:23:58.588+0000] {dagbag.py:545} INFO - Filling up the DagBag from /home/airflow/.local/lib/python3.12/site-packages/airflow/example_dags/tutorial.py
[2026-05-28T06:23:58.599+0000] {processor.py:840} INFO - DAG(s) 'tutorial' retrieved from /home/airflow/.local/lib/python3.12/site-packages/airflow/example_dags/tutorial.py
[2026-05-28T06:23:58.629+0000] {logging_mixin.py:188} INFO - [2026-05-28T06:23:58.629+0000] {dag.py:3089} INFO - Sync 1 DAGs
[2026-05-28T06:23:58.659+0000] {logging_mixin.py:188} INFO - [2026-05-28T06:23:58.659+0000] {dag.py:3947} INFO - Setting next_dagrun for tutorial to 2026-05-27 00:00:00+00:00, run_after=2026-05-28 00:00:00+00:00
[2026-05-28T06:23:58.693+0000] {processor.py:183} INFO - Processing /home/airflow/.local/lib/python3.12/site-packages/airflow/example_dags/tutorial.py took 0.116 seconds
[2026-05-28T06:24:28.840+0000] {processor.py:161} INFO - Started process (PID=1740) to work on /home/airflow/.local/lib/python3.12/site-packages/airflow/example_dags/tutorial.py
[2026-05-28T06:24:28.842+0000] {processor.py:830} INFO - Processing file /home/airflow/.local/lib/python3.12/site-packages/airflow/example_dags/tutorial.py for tasks to queue
[2026-05-28T06:24:28.845+0000] {logging_mixin.py:188} INFO - [2026-05-28T06:24:28.845+0000] {dagbag.py:545} INFO - Filling up the DagBag from /home/airflow/.local/lib/python3.12/site-packages/airflow/example_dags/tutorial.py
[2026-05-28T06:24:28.854+0000] {processor.py:840} INFO - DAG(s) 'tutorial' retrieved from /home/airflow/.local/lib/python3.12/site-packages/airflow/example_dags/tutorial.py
[2026-05-28T06:24:28.884+0000] {logging_mixin.py:188} INFO - [2026-05-28T06:24:28.884+0000] {dag.py:3089} INFO - Sync 1 DAGs
[2026-05-28T06:24:28.919+0000] {logging_mixin.py:188} INFO - [2026-05-28T06:24:28.919+0000] {dag.py:3947} INFO - Setting next_dagrun for tutorial to 2026-05-27 00:00:00+00:00, run_after=2026-05-28 00:00:00+00:00
[2026-05-28T06:24:28.954+0000] {processor.py:183} INFO - Processing /home/airflow/.local/lib/python3.12/site-packages/airflow/example_dags/tutorial.py took 0.123 seconds
[2026-05-28T06:24:59.355+0000] {processor.py:161} INFO - Started process (PID=1798) to work on /home/airflow/.local/lib/python3.12/site-packages/airflow/example_dags/tutorial.py
[2026-05-28T06:24:59.357+0000] {processor.py:830} INFO - Processing file /home/airflow/.local/lib/python3.12/site-packages/airflow/example_dags/tutorial.py for tasks to queue
[2026-05-28T06:24:59.360+0000] {logging_mixin.py:188} INFO - [2026-05-28T06:24:59.359+0000] {dagbag.py:545} INFO - Filling up the DagBag from /home/airflow/.local/lib/python3.12/site-packages/airflow/example_dags/tutorial.py
[2026-05-28T06:24:59.369+0000] {processor.py:840} INFO - DAG(s) 'tutorial' retrieved from /home/airflow/.local/lib/python3.12/site-packages/airflow/example_dags/tutorial.py
[2026-05-28T06:24:59.399+0000] {logging_mixin.py:188} INFO - [2026-05-28T06:24:59.399+0000] {dag.py:3089} INFO - Sync 1 DAGs
[2026-05-28T06:24:59.435+0000] {logging_mixin.py:188} INFO - [2026-05-28T06:24:59.435+0000] {dag.py:3947} INFO - Setting next_dagrun for tutorial to 2026-05-27 00:00:00+00:00, run_after=2026-05-28 00:00:00+00:00
[2026-05-28T06:24:59.477+0000] {processor.py:183} INFO - Processing /home/airflow/.local/lib/python3.12/site-packages/airflow/example_dags/tutorial.py took 0.130 seconds
[2026-05-28T06:25:29.897+0000] {processor.py:161} INFO - Started process (PID=1856) to work on /home/airflow/.local/lib/python3.12/site-packages/airflow/example_dags/tutorial.py
[2026-05-28T06:25:29.899+0000] {processor.py:830} INFO - Processing file /home/airflow/.local/lib/python3.12/site-packages/airflow/example_dags/tutorial.py for tasks to queue
[2026-05-28T06:25:29.902+0000] {logging_mixin.py:188} INFO - [2026-05-28T06:25:29.901+0000] {dagbag.py:545} INFO - Filling up the DagBag from /home/airflow/.local/lib/python3.12/site-packages/airflow/example_dags/tutorial.py
[2026-05-28T06:25:29.911+0000] {processor.py:840} INFO - DAG(s) 'tutorial' retrieved from /home/airflow/.local/lib/python3.12/site-packages/airflow/example_dags/tutorial.py
[2026-05-28T06:25:29.944+0000] {logging_mixin.py:188} INFO - [2026-05-28T06:25:29.944+0000] {dag.py:3089} INFO - Sync 1 DAGs
[2026-05-28T06:25:29.976+0000] {logging_mixin.py:188} INFO - [2026-05-28T06:25:29.975+0000] {dag.py:3947} INFO - Setting next_dagrun for tutorial to 2026-05-27 00:00:00+00:00, run_after=2026-05-28 00:00:00+00:00
[2026-05-28T06:25:30.011+0000] {processor.py:183} INFO - Processing /home/airflow/.local/lib/python3.12/site-packages/airflow/example_dags/tutorial.py took 0.122 seconds
[2026-05-28T06:26:00.878+0000] {processor.py:161} INFO - Started process (PID=1914) to work on /home/airflow/.local/lib/python3.12/site-packages/airflow/example_dags/tutorial.py
[2026-05-28T06:26:00.880+0000] {processor.py:830} INFO - Processing file /home/airflow/.local/lib/python3.12/site-packages/airflow/example_dags/tutorial.py for tasks to queue
[2026-05-28T06:26:00.886+0000] {logging_mixin.py:188} INFO - [2026-05-28T06:26:00.884+0000] {dagbag.py:545} INFO - Filling up the DagBag from /home/airflow/.local/lib/python3.12/site-packages/airflow/example_dags/tutorial.py
[2026-05-28T06:26:00.897+0000] {processor.py:840} INFO - DAG(s) 'tutorial' retrieved from /home/airflow/.local/lib/python3.12/site-packages/airflow/example_dags/tutorial.py
[2026-05-28T06:26:00.933+0000] {logging_mixin.py:188} INFO - [2026-05-28T06:26:00.932+0000] {dag.py:3089} INFO - Sync 1 DAGs
[2026-05-28T06:26:00.978+0000] {logging_mixin.py:188} INFO - [2026-05-28T06:26:00.977+0000] {dag.py:3947} INFO - Setting next_dagrun for tutorial to 2026-05-27 00:00:00+00:00, run_after=2026-05-28 00:00:00+00:00
[2026-05-28T06:26:01.020+0000] {processor.py:183} INFO - Processing /home/airflow/.local/lib/python3.12/site-packages/airflow/example_dags/tutorial.py took 0.153 seconds
[2026-05-28T06:26:32.739+0000] {processor.py:161} INFO - Started process (PID=1972) to work on /home/airflow/.local/lib/python3.12/site-packages/airflow/example_dags/tutorial.py
[2026-05-28T06:26:32.741+0000] {processor.py:830} INFO - Processing file /home/airflow/.local/lib/python3.12/site-packages/airflow/example_dags/tutorial.py for tasks to queue
[2026-05-28T06:26:32.744+0000] {logging_mixin.py:188} INFO - [2026-05-28T06:26:32.743+0000] {dagbag.py:545} INFO - Filling up the DagBag from /home/airflow/.local/lib/python3.12/site-packages/airflow/example_dags/tutorial.py
[2026-05-28T06:26:32.752+0000] {processor.py:840} INFO - DAG(s) 'tutorial' retrieved from /home/airflow/.local/lib/python3.12/site-packages/airflow/example_dags/tutorial.py
[2026-05-28T06:26:33.034+0000] {logging_mixin.py:188} INFO - [2026-05-28T06:26:33.033+0000] {dag.py:3089} INFO - Sync 1 DAGs
[2026-05-28T06:26:33.069+0000] {logging_mixin.py:188} INFO - [2026-05-28T06:26:33.069+0000] {dag.py:3947} INFO - Setting next_dagrun for tutorial to 2026-05-27 00:00:00+00:00, run_after=2026-05-28 00:00:00+00:00
[2026-05-28T06:26:33.107+0000] {processor.py:183} INFO - Processing /home/airflow/.local/lib/python3.12/site-packages/airflow/example_dags/tutorial.py took 0.375 seconds
[2026-05-28T06:27:03.519+0000] {processor.py:161} INFO - Started process (PID=2030) to work on /home/airflow/.local/lib/python3.12/site-packages/airflow/example_dags/tutorial.py
[2026-05-28T06:27:03.521+0000] {processor.py:830} INFO - Processing file /home/airflow/.local/lib/python3.12/site-packages/airflow/example_dags/tutorial.py for tasks to queue
[2026-05-28T06:27:03.524+0000] {logging_mixin.py:188} INFO - [2026-05-28T06:27:03.524+0000] {dagbag.py:545} INFO - Filling up the DagBag from /home/airflow/.local/lib/python3.12/site-packages/airflow/example_dags/tutorial.py
[2026-05-28T06:27:03.533+0000] {processor.py:840} INFO - DAG(s) 'tutorial' retrieved from /home/airflow/.local/lib/python3.12/site-packages/airflow/example_dags/tutorial.py
[2026-05-28T06:27:03.565+0000] {logging_mixin.py:188} INFO - [2026-05-28T06:27:03.565+0000] {dag.py:3089} INFO - Sync 1 DAGs
[2026-05-28T06:27:03.824+0000] {logging_mixin.py:188} INFO - [2026-05-28T06:27:03.824+0000] {dag.py:3947} INFO - Setting next_dagrun for tutorial to 2026-05-27 00:00:00+00:00, run_after=2026-05-28 00:00:00+00:00
[2026-05-28T06:27:03.854+0000] {processor.py:183} INFO - Processing /home/airflow/.local/lib/python3.12/site-packages/airflow/example_dags/tutorial.py took 0.343 seconds
[2026-05-28T06:27:34.189+0000] {processor.py:161} INFO - Started process (PID=2088) to work on /home/airflow/.local/lib/python3.12/site-packages/airflow/example_dags/tutorial.py
[2026-05-28T06:27:34.191+0000] {processor.py:830} INFO - Processing file /home/airflow/.local/lib/python3.12/site-packages/airflow/example_dags/tutorial.py for tasks to queue
[2026-05-28T06:27:34.196+0000] {logging_mixin.py:188} INFO - [2026-05-28T06:27:34.195+0000] {dagbag.py:545} INFO - Filling up the DagBag from /home/airflow/.local/lib/python3.12/site-packages/airflow/example_dags/tutorial.py
[2026-05-28T06:27:34.207+0000] {processor.py:840} INFO - DAG(s) 'tutorial' retrieved from /home/airflow/.local/lib/python3.12/site-packages/airflow/example_dags/tutorial.py
[2026-05-28T06:27:34.282+0000] {logging_mixin.py:188} INFO - [2026-05-28T06:27:34.281+0000] {dag.py:3089} INFO - Sync 1 DAGs
[2026-05-28T06:27:34.332+0000] {logging_mixin.py:188} INFO - [2026-05-28T06:27:34.331+0000] {dag.py:3947} INFO - Setting next_dagrun for tutorial to 2026-05-27 00:00:00+00:00, run_after=2026-05-28 00:00:00+00:00
[2026-05-28T06:27:34.370+0000] {processor.py:183} INFO - Processing /home/airflow/.local/lib/python3.12/site-packages/airflow/example_dags/tutorial.py took 0.192 seconds
[2026-05-28T06:28:04.898+0000] {processor.py:161} INFO - Started process (PID=2146) to work on /home/airflow/.local/lib/python3.12/site-packages/airflow/example_dags/tutorial.py
[2026-05-28T06:28:04.900+0000] {processor.py:830} INFO - Processing file /home/airflow/.local/lib/python3.12/site-packages/airflow/example_dags/tutorial.py for tasks to queue
[2026-05-28T06:28:04.904+0000] {logging_mixin.py:188} INFO - [2026-05-28T06:28:04.904+0000] {dagbag.py:545} INFO - Filling up the DagBag from /home/airflow/.local/lib/python3.12/site-packages/airflow/example_dags/tutorial.py
[2026-05-28T06:28:04.917+0000] {processor.py:840} INFO - DAG(s) 'tutorial' retrieved from /home/airflow/.local/lib/python3.12/site-packages/airflow/example_dags/tutorial.py
[2026-05-28T06:28:04.959+0000] {logging_mixin.py:188} INFO - [2026-05-28T06:28:04.958+0000] {dag.py:3089} INFO - Sync 1 DAGs
[2026-05-28T06:28:05.023+0000] {logging_mixin.py:188} INFO - [2026-05-28T06:28:05.022+0000] {dag.py:3947} INFO - Setting next_dagrun for tutorial to 2026-05-27 00:00:00+00:00, run_after=2026-05-28 00:00:00+00:00
[2026-05-28T06:28:05.382+0000] {processor.py:183} INFO - Processing /home/airflow/.local/lib/python3.12/site-packages/airflow/example_dags/tutorial.py took 0.492 seconds
[2026-05-28T06:30:07.173+0000] {processor.py:161} INFO - Started process (PID=2217) to work on /home/airflow/.local/lib/python3.12/site-packages/airflow/example_dags/tutorial.py
[2026-05-28T06:30:07.254+0000] {processor.py:830} INFO - Processing file /home/airflow/.local/lib/python3.12/site-packages/airflow/example_dags/tutorial.py for tasks to queue
[2026-05-28T06:30:07.452+0000] {logging_mixin.py:188} INFO - [2026-05-28T06:30:07.435+0000] {dagbag.py:545} INFO - Filling up the DagBag from /home/airflow/.local/lib/python3.12/site-packages/airflow/example_dags/tutorial.py
[2026-05-28T06:30:08.229+0000] {processor.py:840} INFO - DAG(s) 'tutorial' retrieved from /home/airflow/.local/lib/python3.12/site-packages/airflow/example_dags/tutorial.py
[2026-05-28T06:30:10.251+0000] {logging_mixin.py:188} INFO - [2026-05-28T06:30:10.244+0000] {dag.py:3089} INFO - Sync 1 DAGs
[2026-05-28T06:30:12.993+0000] {logging_mixin.py:188} INFO - [2026-05-28T06:30:12.990+0000] {dag.py:3947} INFO - Setting next_dagrun for tutorial to 2026-05-27 00:00:00+00:00, run_after=2026-05-28 00:00:00+00:00
[2026-05-28T06:30:13.685+0000] {processor.py:183} INFO - Processing /home/airflow/.local/lib/python3.12/site-packages/airflow/example_dags/tutorial.py took 7.684 seconds
[2026-05-28T06:30:57.112+0000] {processor.py:161} INFO - Started process (PID=2281) to work on /home/airflow/.local/lib/python3.12/site-packages/airflow/example_dags/tutorial.py
[2026-05-28T06:30:57.118+0000] {processor.py:830} INFO - Processing file /home/airflow/.local/lib/python3.12/site-packages/airflow/example_dags/tutorial.py for tasks to queue
[2026-05-28T06:30:57.125+0000] {logging_mixin.py:188} INFO - [2026-05-28T06:30:57.124+0000] {dagbag.py:545} INFO - Filling up the DagBag from /home/airflow/.local/lib/python3.12/site-packages/airflow/example_dags/tutorial.py
[2026-05-28T06:30:57.152+0000] {processor.py:840} INFO - DAG(s) 'tutorial' retrieved from /home/airflow/.local/lib/python3.12/site-packages/airflow/example_dags/tutorial.py
[2026-05-28T06:30:57.236+0000] {logging_mixin.py:188} INFO - [2026-05-28T06:30:57.236+0000] {dag.py:3089} INFO - Sync 1 DAGs
[2026-05-28T06:30:57.312+0000] {logging_mixin.py:188} INFO - [2026-05-28T06:30:57.311+0000] {dag.py:3947} INFO - Setting next_dagrun for tutorial to 2026-05-27 00:00:00+00:00, run_after=2026-05-28 00:00:00+00:00
[2026-05-28T06:30:57.381+0000] {processor.py:183} INFO - Processing /home/airflow/.local/lib/python3.12/site-packages/airflow/example_dags/tutorial.py took 0.310 seconds
[2026-05-28T06:31:28.475+0000] {processor.py:161} INFO - Started process (PID=2339) to work on /home/airflow/.local/lib/python3.12/site-packages/airflow/example_dags/tutorial.py
[2026-05-28T06:31:28.479+0000] {processor.py:830} INFO - Processing file /home/airflow/.local/lib/python3.12/site-packages/airflow/example_dags/tutorial.py for tasks to queue
[2026-05-28T06:31:28.486+0000] {logging_mixin.py:188} INFO - [2026-05-28T06:31:28.485+0000] {dagbag.py:545} INFO - Filling up the DagBag from /home/airflow/.local/lib/python3.12/site-packages/airflow/example_dags/tutorial.py
[2026-05-28T06:31:28.516+0000] {processor.py:840} INFO - DAG(s) 'tutorial' retrieved from /home/airflow/.local/lib/python3.12/site-packages/airflow/example_dags/tutorial.py
[2026-05-28T06:31:28.631+0000] {logging_mixin.py:188} INFO - [2026-05-28T06:31:28.630+0000] {dag.py:3089} INFO - Sync 1 DAGs
[2026-05-28T06:31:28.765+0000] {logging_mixin.py:188} INFO - [2026-05-28T06:31:28.765+0000] {dag.py:3947} INFO - Setting next_dagrun for tutorial to 2026-05-27 00:00:00+00:00, run_after=2026-05-28 00:00:00+00:00
[2026-05-28T06:31:28.868+0000] {processor.py:183} INFO - Processing /home/airflow/.local/lib/python3.12/site-packages/airflow/example_dags/tutorial.py took 0.426 seconds
[2026-05-28T06:32:00.065+0000] {processor.py:161} INFO - Started process (PID=2397) to work on /home/airflow/.local/lib/python3.12/site-packages/airflow/example_dags/tutorial.py
[2026-05-28T06:32:00.069+0000] {processor.py:830} INFO - Processing file /home/airflow/.local/lib/python3.12/site-packages/airflow/example_dags/tutorial.py for tasks to queue
[2026-05-28T06:32:00.077+0000] {logging_mixin.py:188} INFO - [2026-05-28T06:32:00.075+0000] {dagbag.py:545} INFO - Filling up the DagBag from /home/airflow/.local/lib/python3.12/site-packages/airflow/example_dags/tutorial.py
[2026-05-28T06:32:00.104+0000] {processor.py:840} INFO - DAG(s) 'tutorial' retrieved from /home/airflow/.local/lib/python3.12/site-packages/airflow/example_dags/tutorial.py
[2026-05-28T06:32:00.202+0000] {logging_mixin.py:188} INFO - [2026-05-28T06:32:00.200+0000] {dag.py:3089} INFO - Sync 1 DAGs
[2026-05-28T06:32:00.371+0000] {logging_mixin.py:188} INFO - [2026-05-28T06:32:00.370+0000] {dag.py:3947} INFO - Setting next_dagrun for tutorial to 2026-05-27 00:00:00+00:00, run_after=2026-05-28 00:00:00+00:00
[2026-05-28T06:32:00.486+0000] {processor.py:183} INFO - Processing /home/airflow/.local/lib/python3.12/site-packages/airflow/example_dags/tutorial.py took 0.459 seconds
[2026-05-28T06:32:30.863+0000] {processor.py:161} INFO - Started process (PID=2453) to work on /home/airflow/.local/lib/python3.12/site-packages/airflow/example_dags/tutorial.py
[2026-05-28T06:32:30.868+0000] {processor.py:830} INFO - Processing file /home/airflow/.local/lib/python3.12/site-packages/airflow/example_dags/tutorial.py for tasks to queue
[2026-05-28T06:32:30.881+0000] {logging_mixin.py:188} INFO - [2026-05-28T06:32:30.880+0000] {dagbag.py:545} INFO - Filling up the DagBag from /home/airflow/.local/lib/python3.12/site-packages/airflow/example_dags/tutorial.py
[2026-05-28T06:32:30.911+0000] {processor.py:840} INFO - DAG(s) 'tutorial' retrieved from /home/airflow/.local/lib/python3.12/site-packages/airflow/example_dags/tutorial.py
[2026-05-28T06:32:31.029+0000] {logging_mixin.py:188} INFO - [2026-05-28T06:32:31.028+0000] {dag.py:3089} INFO - Sync 1 DAGs
[2026-05-28T06:32:31.164+0000] {logging_mixin.py:188} INFO - [2026-05-28T06:32:31.162+0000] {dag.py:3947} INFO - Setting next_dagrun for tutorial to 2026-05-27 00:00:00+00:00, run_after=2026-05-28 00:00:00+00:00
[2026-05-28T06:32:31.305+0000] {processor.py:183} INFO - Processing /home/airflow/.local/lib/python3.12/site-packages/airflow/example_dags/tutorial.py took 0.497 seconds
[2026-05-28T06:33:01.643+0000] {processor.py:161} INFO - Started process (PID=2511) to work on /home/airflow/.local/lib/python3.12/site-packages/airflow/example_dags/tutorial.py
[2026-05-28T06:33:01.646+0000] {processor.py:830} INFO - Processing file /home/airflow/.local/lib/python3.12/site-packages/airflow/example_dags/tutorial.py for tasks to queue
[2026-05-28T06:33:01.653+0000] {logging_mixin.py:188} INFO - [2026-05-28T06:33:01.651+0000] {dagbag.py:545} INFO - Filling up the DagBag from /home/airflow/.local/lib/python3.12/site-packages/airflow/example_dags/tutorial.py
[2026-05-28T06:33:01.671+0000] {processor.py:840} INFO - DAG(s) 'tutorial' retrieved from /home/airflow/.local/lib/python3.12/site-packages/airflow/example_dags/tutorial.py
[2026-05-28T06:33:01.733+0000] {logging_mixin.py:188} INFO - [2026-05-28T06:33:01.731+0000] {dag.py:3089} INFO - Sync 1 DAGs
[2026-05-28T06:33:01.816+0000] {logging_mixin.py:188} INFO - [2026-05-28T06:33:01.815+0000] {dag.py:3947} INFO - Setting next_dagrun for tutorial to 2026-05-27 00:00:00+00:00, run_after=2026-05-28 00:00:00+00:00
[2026-05-28T06:33:01.889+0000] {processor.py:183} INFO - Processing /home/airflow/.local/lib/python3.12/site-packages/airflow/example_dags/tutorial.py took 0.265 seconds
[2026-05-28T06:33:32.236+0000] {processor.py:161} INFO - Started process (PID=2569) to work on /home/airflow/.local/lib/python3.12/site-packages/airflow/example_dags/tutorial.py
[2026-05-28T06:33:32.239+0000] {processor.py:830} INFO - Processing file /home/airflow/.local/lib/python3.12/site-packages/airflow/example_dags/tutorial.py for tasks to queue
[2026-05-28T06:33:32.244+0000] {logging_mixin.py:188} INFO - [2026-05-28T06:33:32.243+0000] {dagbag.py:545} INFO - Filling up the DagBag from /home/airflow/.local/lib/python3.12/site-packages/airflow/example_dags/tutorial.py
[2026-05-28T06:33:32.262+0000] {processor.py:840} INFO - DAG(s) 'tutorial' retrieved from /home/airflow/.local/lib/python3.12/site-packages/airflow/example_dags/tutorial.py
[2026-05-28T06:33:32.317+0000] {logging_mixin.py:188} INFO - [2026-05-28T06:33:32.316+0000] {dag.py:3089} INFO - Sync 1 DAGs
[2026-05-28T06:33:32.366+0000] {logging_mixin.py:188} INFO - [2026-05-28T06:33:32.365+0000] {dag.py:3947} INFO - Setting next_dagrun for tutorial to 2026-05-27 00:00:00+00:00, run_after=2026-05-28 00:00:00+00:00
[2026-05-28T06:33:32.432+0000] {processor.py:183} INFO - Processing /home/airflow/.local/lib/python3.12/site-packages/airflow/example_dags/tutorial.py took 0.210 seconds
[2026-05-28T06:34:02.658+0000] {processor.py:161} INFO - Started process (PID=2627) to work on /home/airflow/.local/lib/python3.12/site-packages/airflow/example_dags/tutorial.py
[2026-05-28T06:34:02.661+0000] {processor.py:830} INFO - Processing file /home/airflow/.local/lib/python3.12/site-packages/airflow/example_dags/tutorial.py for tasks to queue
[2026-05-28T06:34:02.669+0000] {logging_mixin.py:188} INFO - [2026-05-28T06:34:02.668+0000] {dagbag.py:545} INFO - Filling up the DagBag from /home/airflow/.local/lib/python3.12/site-packages/airflow/example_dags/tutorial.py
[2026-05-28T06:34:02.694+0000] {processor.py:840} INFO - DAG(s) 'tutorial' retrieved from /home/airflow/.local/lib/python3.12/site-packages/airflow/example_dags/tutorial.py
[2026-05-28T06:34:02.777+0000] {logging_mixin.py:188} INFO - [2026-05-28T06:34:02.776+0000] {dag.py:3089} INFO - Sync 1 DAGs
[2026-05-28T06:34:02.865+0000] {logging_mixin.py:188} INFO - [2026-05-28T06:34:02.864+0000] {dag.py:3947} INFO - Setting next_dagrun for tutorial to 2026-05-27 00:00:00+00:00, run_after=2026-05-28 00:00:00+00:00
[2026-05-28T06:34:02.990+0000] {processor.py:183} INFO - Processing /home/airflow/.local/lib/python3.12/site-packages/airflow/example_dags/tutorial.py took 0.360 seconds
[2026-05-28T06:34:33.705+0000] {processor.py:161} INFO - Started process (PID=2685) to work on /home/airflow/.local/lib/python3.12/site-packages/airflow/example_dags/tutorial.py
[2026-05-28T06:34:33.708+0000] {processor.py:830} INFO - Processing file /home/airflow/.local/lib/python3.12/site-packages/airflow/example_dags/tutorial.py for tasks to queue
[2026-05-28T06:34:33.717+0000] {logging_mixin.py:188} INFO - [2026-05-28T06:34:33.716+0000] {dagbag.py:545} INFO - Filling up the DagBag from /home/airflow/.local/lib/python3.12/site-packages/airflow/example_dags/tutorial.py
[2026-05-28T06:34:33.734+0000] {processor.py:840} INFO - DAG(s) 'tutorial' retrieved from /home/airflow/.local/lib/python3.12/site-packages/airflow/example_dags/tutorial.py
[2026-05-28T06:34:33.799+0000] {logging_mixin.py:188} INFO - [2026-05-28T06:34:33.798+0000] {dag.py:3089} INFO - Sync 1 DAGs
[2026-05-28T06:34:33.893+0000] {logging_mixin.py:188} INFO - [2026-05-28T06:34:33.892+0000] {dag.py:3947} INFO - Setting next_dagrun for tutorial to 2026-05-27 00:00:00+00:00, run_after=2026-05-28 00:00:00+00:00
[2026-05-28T06:34:33.974+0000] {processor.py:183} INFO - Processing /home/airflow/.local/lib/python3.12/site-packages/airflow/example_dags/tutorial.py took 0.289 seconds
[2026-05-28T06:35:04.650+0000] {processor.py:161} INFO - Started process (PID=2743) to work on /home/airflow/.local/lib/python3.12/site-packages/airflow/example_dags/tutorial.py
[2026-05-28T06:35:04.653+0000] {processor.py:830} INFO - Processing file /home/airflow/.local/lib/python3.12/site-packages/airflow/example_dags/tutorial.py for tasks to queue
[2026-05-28T06:35:04.659+0000] {logging_mixin.py:188} INFO - [2026-05-28T06:35:04.658+0000] {dagbag.py:545} INFO - Filling up the DagBag from /home/airflow/.local/lib/python3.12/site-packages/airflow/example_dags/tutorial.py
[2026-05-28T06:35:04.678+0000] {processor.py:840} INFO - DAG(s) 'tutorial' retrieved from /home/airflow/.local/lib/python3.12/site-packages/airflow/example_dags/tutorial.py
[2026-05-28T06:35:04.747+0000] {logging_mixin.py:188} INFO - [2026-05-28T06:35:04.746+0000] {dag.py:3089} INFO - Sync 1 DAGs
[2026-05-28T06:35:04.800+0000] {logging_mixin.py:188} INFO - [2026-05-28T06:35:04.800+0000] {dag.py:3947} INFO - Setting next_dagrun for tutorial to 2026-05-27 00:00:00+00:00, run_after=2026-05-28 00:00:00+00:00
[2026-05-28T06:35:04.852+0000] {processor.py:183} INFO - Processing /home/airflow/.local/lib/python3.12/site-packages/airflow/example_dags/tutorial.py took 0.215 seconds
[2026-05-28T06:35:35.211+0000] {processor.py:161} INFO - Started process (PID=2801) to work on /home/airflow/.local/lib/python3.12/site-packages/airflow/example_dags/tutorial.py
[2026-05-28T06:35:35.214+0000] {processor.py:830} INFO - Processing file /home/airflow/.local/lib/python3.12/site-packages/airflow/example_dags/tutorial.py for tasks to queue
[2026-05-28T06:35:35.218+0000] {logging_mixin.py:188} INFO - [2026-05-28T06:35:35.218+0000] {dagbag.py:545} INFO - Filling up the DagBag from /home/airflow/.local/lib/python3.12/site-packages/airflow/example_dags/tutorial.py
[2026-05-28T06:35:35.232+0000] {processor.py:840} INFO - DAG(s) 'tutorial' retrieved from /home/airflow/.local/lib/python3.12/site-packages/airflow/example_dags/tutorial.py
[2026-05-28T06:35:35.280+0000] {logging_mixin.py:188} INFO - [2026-05-28T06:35:35.279+0000] {dag.py:3089} INFO - Sync 1 DAGs
[2026-05-28T06:35:35.335+0000] {logging_mixin.py:188} INFO - [2026-05-28T06:35:35.335+0000] {dag.py:3947} INFO - Setting next_dagrun for tutorial to 2026-05-27 00:00:00+00:00, run_after=2026-05-28 00:00:00+00:00
[2026-05-28T06:35:35.396+0000] {processor.py:183} INFO - Processing /home/airflow/.local/lib/python3.12/site-packages/airflow/example_dags/tutorial.py took 0.199 seconds
[2026-05-28T06:36:06.179+0000] {processor.py:161} INFO - Started process (PID=2859) to work on /home/airflow/.local/lib/python3.12/site-packages/airflow/example_dags/tutorial.py
[2026-05-28T06:36:06.182+0000] {processor.py:830} INFO - Processing file /home/airflow/.local/lib/python3.12/site-packages/airflow/example_dags/tutorial.py for tasks to queue
[2026-05-28T06:36:06.187+0000] {logging_mixin.py:188} INFO - [2026-05-28T06:36:06.186+0000] {dagbag.py:545} INFO - Filling up the DagBag from /home/airflow/.local/lib/python3.12/site-packages/airflow/example_dags/tutorial.py
[2026-05-28T06:36:06.201+0000] {processor.py:840} INFO - DAG(s) 'tutorial' retrieved from /home/airflow/.local/lib/python3.12/site-packages/airflow/example_dags/tutorial.py
[2026-05-28T06:36:06.253+0000] {logging_mixin.py:188} INFO - [2026-05-28T06:36:06.252+0000] {dag.py:3089} INFO - Sync 1 DAGs
[2026-05-28T06:36:06.307+0000] {logging_mixin.py:188} INFO - [2026-05-28T06:36:06.307+0000] {dag.py:3947} INFO - Setting next_dagrun for tutorial to 2026-05-27 00:00:00+00:00, run_after=2026-05-28 00:00:00+00:00
[2026-05-28T06:36:06.358+0000] {processor.py:183} INFO - Processing /home/airflow/.local/lib/python3.12/site-packages/airflow/example_dags/tutorial.py took 0.194 seconds
[2026-05-28T06:36:36.584+0000] {processor.py:161} INFO - Started process (PID=2917) to work on /home/airflow/.local/lib/python3.12/site-packages/airflow/example_dags/tutorial.py
[2026-05-28T06:36:36.586+0000] {processor.py:830} INFO - Processing file /home/airflow/.local/lib/python3.12/site-packages/airflow/example_dags/tutorial.py for tasks to queue
[2026-05-28T06:36:36.592+0000] {logging_mixin.py:188} INFO - [2026-05-28T06:36:36.591+0000] {dagbag.py:545} INFO - Filling up the DagBag from /home/airflow/.local/lib/python3.12/site-packages/airflow/example_dags/tutorial.py
[2026-05-28T06:36:36.609+0000] {processor.py:840} INFO - DAG(s) 'tutorial' retrieved from /home/airflow/.local/lib/python3.12/site-packages/airflow/example_dags/tutorial.py
[2026-05-28T06:36:36.663+0000] {logging_mixin.py:188} INFO - [2026-05-28T06:36:36.662+0000] {dag.py:3089} INFO - Sync 1 DAGs
[2026-05-28T06:36:36.718+0000] {logging_mixin.py:188} INFO - [2026-05-28T06:36:36.718+0000] {dag.py:3947} INFO - Setting next_dagrun for tutorial to 2026-05-27 00:00:00+00:00, run_after=2026-05-28 00:00:00+00:00
[2026-05-28T06:36:36.781+0000] {processor.py:183} INFO - Processing /home/airflow/.local/lib/python3.12/site-packages/airflow/example_dags/tutorial.py took 0.212 seconds
[2026-05-28T06:37:07.156+0000] {processor.py:161} INFO - Started process (PID=2975) to work on /home/airflow/.local/lib/python3.12/site-packages/airflow/example_dags/tutorial.py
[2026-05-28T06:37:07.159+0000] {processor.py:830} INFO - Processing file /home/airflow/.local/lib/python3.12/site-packages/airflow/example_dags/tutorial.py for tasks to queue
[2026-05-28T06:37:07.165+0000] {logging_mixin.py:188} INFO - [2026-05-28T06:37:07.164+0000] {dagbag.py:545} INFO - Filling up the DagBag from /home/airflow/.local/lib/python3.12/site-packages/airflow/example_dags/tutorial.py
[2026-05-28T06:37:07.184+0000] {processor.py:840} INFO - DAG(s) 'tutorial' retrieved from /home/airflow/.local/lib/python3.12/site-packages/airflow/example_dags/tutorial.py
[2026-05-28T06:37:07.251+0000] {logging_mixin.py:188} INFO - [2026-05-28T06:37:07.250+0000] {dag.py:3089} INFO - Sync 1 DAGs
[2026-05-28T06:37:07.316+0000] {logging_mixin.py:188} INFO - [2026-05-28T06:37:07.315+0000] {dag.py:3947} INFO - Setting next_dagrun for tutorial to 2026-05-27 00:00:00+00:00, run_after=2026-05-28 00:00:00+00:00
[2026-05-28T06:37:07.374+0000] {processor.py:183} INFO - Processing /home/airflow/.local/lib/python3.12/site-packages/airflow/example_dags/tutorial.py took 0.237 seconds
[2026-05-28T06:37:37.940+0000] {processor.py:161} INFO - Started process (PID=3034) to work on /home/airflow/.local/lib/python3.12/site-packages/airflow/example_dags/tutorial.py
[2026-05-28T06:37:37.942+0000] {processor.py:830} INFO - Processing file /home/airflow/.local/lib/python3.12/site-packages/airflow/example_dags/tutorial.py for tasks to queue
[2026-05-28T06:37:37.948+0000] {logging_mixin.py:188} INFO - [2026-05-28T06:37:37.947+0000] {dagbag.py:545} INFO - Filling up the DagBag from /home/airflow/.local/lib/python3.12/site-packages/airflow/example_dags/tutorial.py
[2026-05-28T06:37:37.967+0000] {processor.py:840} INFO - DAG(s) 'tutorial' retrieved from /home/airflow/.local/lib/python3.12/site-packages/airflow/example_dags/tutorial.py
[2026-05-28T06:37:38.035+0000] {logging_mixin.py:188} INFO - [2026-05-28T06:37:38.034+0000] {dag.py:3089} INFO - Sync 1 DAGs
[2026-05-28T06:37:38.100+0000] {logging_mixin.py:188} INFO - [2026-05-28T06:37:38.099+0000] {dag.py:3947} INFO - Setting next_dagrun for tutorial to 2026-05-27 00:00:00+00:00, run_after=2026-05-28 00:00:00+00:00
[2026-05-28T06:37:38.158+0000] {processor.py:183} INFO - Processing /home/airflow/.local/lib/python3.12/site-packages/airflow/example_dags/tutorial.py took 0.237 seconds
[2026-05-28T06:38:09.092+0000] {processor.py:161} INFO - Started process (PID=3092) to work on /home/airflow/.local/lib/python3.12/site-packages/airflow/example_dags/tutorial.py
[2026-05-28T06:38:09.095+0000] {processor.py:830} INFO - Processing file /home/airflow/.local/lib/python3.12/site-packages/airflow/example_dags/tutorial.py for tasks to queue
[2026-05-28T06:38:09.099+0000] {logging_mixin.py:188} INFO - [2026-05-28T06:38:09.099+0000] {dagbag.py:545} INFO - Filling up the DagBag from /home/airflow/.local/lib/python3.12/site-packages/airflow/example_dags/tutorial.py
[2026-05-28T06:38:09.113+0000] {processor.py:840} INFO - DAG(s) 'tutorial' retrieved from /home/airflow/.local/lib/python3.12/site-packages/airflow/example_dags/tutorial.py
[2026-05-28T06:38:09.171+0000] {logging_mixin.py:188} INFO - [2026-05-28T06:38:09.170+0000] {dag.py:3089} INFO - Sync 1 DAGs
[2026-05-28T06:38:09.228+0000] {logging_mixin.py:188} INFO - [2026-05-28T06:38:09.228+0000] {dag.py:3947} INFO - Setting next_dagrun for tutorial to 2026-05-27 00:00:00+00:00, run_after=2026-05-28 00:00:00+00:00
[2026-05-28T06:38:09.292+0000] {processor.py:183} INFO - Processing /home/airflow/.local/lib/python3.12/site-packages/airflow/example_dags/tutorial.py took 0.213 seconds
[2026-05-28T06:38:39.655+0000] {processor.py:161} INFO - Started process (PID=3150) to work on /home/airflow/.local/lib/python3.12/site-packages/airflow/example_dags/tutorial.py
[2026-05-28T06:38:39.659+0000] {processor.py:830} INFO - Processing file /home/airflow/.local/lib/python3.12/site-packages/airflow/example_dags/tutorial.py for tasks to queue
[2026-05-28T06:38:39.665+0000] {logging_mixin.py:188} INFO - [2026-05-28T06:38:39.664+0000] {dagbag.py:545} INFO - Filling up the DagBag from /home/airflow/.local/lib/python3.12/site-packages/airflow/example_dags/tutorial.py
[2026-05-28T06:38:39.683+0000] {processor.py:840} INFO - DAG(s) 'tutorial' retrieved from /home/airflow/.local/lib/python3.12/site-packages/airflow/example_dags/tutorial.py
[2026-05-28T06:38:39.742+0000] {logging_mixin.py:188} INFO - [2026-05-28T06:38:39.741+0000] {dag.py:3089} INFO - Sync 1 DAGs
[2026-05-28T06:38:39.806+0000] {logging_mixin.py:188} INFO - [2026-05-28T06:38:39.805+0000] {dag.py:3947} INFO - Setting next_dagrun for tutorial to 2026-05-27 00:00:00+00:00, run_after=2026-05-28 00:00:00+00:00
[2026-05-28T06:38:39.860+0000] {processor.py:183} INFO - Processing /home/airflow/.local/lib/python3.12/site-packages/airflow/example_dags/tutorial.py took 0.219 seconds
[2026-05-28T06:39:10.878+0000] {processor.py:161} INFO - Started process (PID=3208) to work on /home/airflow/.local/lib/python3.12/site-packages/airflow/example_dags/tutorial.py
[2026-05-28T06:39:10.881+0000] {processor.py:830} INFO - Processing file /home/airflow/.local/lib/python3.12/site-packages/airflow/example_dags/tutorial.py for tasks to queue
[2026-05-28T06:39:10.888+0000] {logging_mixin.py:188} INFO - [2026-05-28T06:39:10.887+0000] {dagbag.py:545} INFO - Filling up the DagBag from /home/airflow/.local/lib/python3.12/site-packages/airflow/example_dags/tutorial.py
[2026-05-28T06:39:10.909+0000] {processor.py:840} INFO - DAG(s) 'tutorial' retrieved from /home/airflow/.local/lib/python3.12/site-packages/airflow/example_dags/tutorial.py
[2026-05-28T06:39:10.973+0000] {logging_mixin.py:188} INFO - [2026-05-28T06:39:10.972+0000] {dag.py:3089} INFO - Sync 1 DAGs
[2026-05-28T06:39:11.085+0000] {logging_mixin.py:188} INFO - [2026-05-28T06:39:11.084+0000] {dag.py:3947} INFO - Setting next_dagrun for tutorial to 2026-05-27 00:00:00+00:00, run_after=2026-05-28 00:00:00+00:00
[2026-05-28T06:39:11.185+0000] {processor.py:183} INFO - Processing /home/airflow/.local/lib/python3.12/site-packages/airflow/example_dags/tutorial.py took 0.328 seconds
[2026-05-28T06:39:42.329+0000] {processor.py:161} INFO - Started process (PID=3266) to work on /home/airflow/.local/lib/python3.12/site-packages/airflow/example_dags/tutorial.py
[2026-05-28T06:39:42.333+0000] {processor.py:830} INFO - Processing file /home/airflow/.local/lib/python3.12/site-packages/airflow/example_dags/tutorial.py for tasks to queue
[2026-05-28T06:39:42.340+0000] {logging_mixin.py:188} INFO - [2026-05-28T06:39:42.339+0000] {dagbag.py:545} INFO - Filling up the DagBag from /home/airflow/.local/lib/python3.12/site-packages/airflow/example_dags/tutorial.py
[2026-05-28T06:39:42.366+0000] {processor.py:840} INFO - DAG(s) 'tutorial' retrieved from /home/airflow/.local/lib/python3.12/site-packages/airflow/example_dags/tutorial.py
[2026-05-28T06:39:42.480+0000] {logging_mixin.py:188} INFO - [2026-05-28T06:39:42.479+0000] {dag.py:3089} INFO - Sync 1 DAGs
[2026-05-28T06:39:42.569+0000] {logging_mixin.py:188} INFO - [2026-05-28T06:39:42.568+0000] {dag.py:3947} INFO - Setting next_dagrun for tutorial to 2026-05-27 00:00:00+00:00, run_after=2026-05-28 00:00:00+00:00
[2026-05-28T06:39:42.646+0000] {processor.py:183} INFO - Processing /home/airflow/.local/lib/python3.12/site-packages/airflow/example_dags/tutorial.py took 0.339 seconds
[2026-05-28T06:40:13.969+0000] {processor.py:161} INFO - Started process (PID=3326) to work on /home/airflow/.local/lib/python3.12/site-packages/airflow/example_dags/tutorial.py
[2026-05-28T06:40:13.972+0000] {processor.py:830} INFO - Processing file /home/airflow/.local/lib/python3.12/site-packages/airflow/example_dags/tutorial.py for tasks to queue
[2026-05-28T06:40:13.980+0000] {logging_mixin.py:188} INFO - [2026-05-28T06:40:13.979+0000] {dagbag.py:545} INFO - Filling up the DagBag from /home/airflow/.local/lib/python3.12/site-packages/airflow/example_dags/tutorial.py
[2026-05-28T06:40:13.999+0000] {processor.py:840} INFO - DAG(s) 'tutorial' retrieved from /home/airflow/.local/lib/python3.12/site-packages/airflow/example_dags/tutorial.py
[2026-05-28T06:40:14.066+0000] {logging_mixin.py:188} INFO - [2026-05-28T06:40:14.066+0000] {dag.py:3089} INFO - Sync 1 DAGs
[2026-05-28T06:40:14.138+0000] {logging_mixin.py:188} INFO - [2026-05-28T06:40:14.137+0000] {dag.py:3947} INFO - Setting next_dagrun for tutorial to 2026-05-27 00:00:00+00:00, run_after=2026-05-28 00:00:00+00:00
[2026-05-28T06:40:14.203+0000] {processor.py:183} INFO - Processing /home/airflow/.local/lib/python3.12/site-packages/airflow/example_dags/tutorial.py took 0.255 seconds
[2026-05-28T06:40:45.719+0000] {processor.py:161} INFO - Started process (PID=3384) to work on /home/airflow/.local/lib/python3.12/site-packages/airflow/example_dags/tutorial.py
[2026-05-28T06:40:45.722+0000] {processor.py:830} INFO - Processing file /home/airflow/.local/lib/python3.12/site-packages/airflow/example_dags/tutorial.py for tasks to queue
[2026-05-28T06:40:45.729+0000] {logging_mixin.py:188} INFO - [2026-05-28T06:40:45.727+0000] {dagbag.py:545} INFO - Filling up the DagBag from /home/airflow/.local/lib/python3.12/site-packages/airflow/example_dags/tutorial.py
[2026-05-28T06:40:45.749+0000] {processor.py:840} INFO - DAG(s) 'tutorial' retrieved from /home/airflow/.local/lib/python3.12/site-packages/airflow/example_dags/tutorial.py
[2026-05-28T06:40:45.823+0000] {logging_mixin.py:188} INFO - [2026-05-28T06:40:45.822+0000] {dag.py:3089} INFO - Sync 1 DAGs
[2026-05-28T06:40:45.894+0000] {logging_mixin.py:188} INFO - [2026-05-28T06:40:45.893+0000] {dag.py:3947} INFO - Setting next_dagrun for tutorial to 2026-05-27 00:00:00+00:00, run_after=2026-05-28 00:00:00+00:00
[2026-05-28T06:40:45.963+0000] {processor.py:183} INFO - Processing /home/airflow/.local/lib/python3.12/site-packages/airflow/example_dags/tutorial.py took 0.262 seconds
[2026-05-28T06:41:17.169+0000] {processor.py:161} INFO - Started process (PID=3448) to work on /home/airflow/.local/lib/python3.12/site-packages/airflow/example_dags/tutorial.py
[2026-05-28T06:41:17.185+0000] {processor.py:830} INFO - Processing file /home/airflow/.local/lib/python3.12/site-packages/airflow/example_dags/tutorial.py for tasks to queue
[2026-05-28T06:41:17.194+0000] {logging_mixin.py:188} INFO - [2026-05-28T06:41:17.192+0000] {dagbag.py:545} INFO - Filling up the DagBag from /home/airflow/.local/lib/python3.12/site-packages/airflow/example_dags/tutorial.py
[2026-05-28T06:41:17.246+0000] {processor.py:840} INFO - DAG(s) 'tutorial' retrieved from /home/airflow/.local/lib/python3.12/site-packages/airflow/example_dags/tutorial.py
[2026-05-28T06:41:17.351+0000] {logging_mixin.py:188} INFO - [2026-05-28T06:41:17.350+0000] {dag.py:3089} INFO - Sync 1 DAGs
[2026-05-28T06:41:17.443+0000] {logging_mixin.py:188} INFO - [2026-05-28T06:41:17.442+0000] {dag.py:3947} INFO - Setting next_dagrun for tutorial to 2026-05-27 00:00:00+00:00, run_after=2026-05-28 00:00:00+00:00
[2026-05-28T06:41:17.515+0000] {processor.py:183} INFO - Processing /home/airflow/.local/lib/python3.12/site-packages/airflow/example_dags/tutorial.py took 0.375 seconds
[2026-05-28T06:41:48.100+0000] {processor.py:161} INFO - Started process (PID=3506) to work on /home/airflow/.local/lib/python3.12/site-packages/airflow/example_dags/tutorial.py
[2026-05-28T06:41:48.103+0000] {processor.py:830} INFO - Processing file /home/airflow/.local/lib/python3.12/site-packages/airflow/example_dags/tutorial.py for tasks to queue
[2026-05-28T06:41:48.109+0000] {logging_mixin.py:188} INFO - [2026-05-28T06:41:48.108+0000] {dagbag.py:545} INFO - Filling up the DagBag from /home/airflow/.local/lib/python3.12/site-packages/airflow/example_dags/tutorial.py
[2026-05-28T06:41:48.124+0000] {processor.py:840} INFO - DAG(s) 'tutorial' retrieved from /home/airflow/.local/lib/python3.12/site-packages/airflow/example_dags/tutorial.py
[2026-05-28T06:41:48.179+0000] {logging_mixin.py:188} INFO - [2026-05-28T06:41:48.179+0000] {dag.py:3089} INFO - Sync 1 DAGs
[2026-05-28T06:41:48.257+0000] {logging_mixin.py:188} INFO - [2026-05-28T06:41:48.257+0000] {dag.py:3947} INFO - Setting next_dagrun for tutorial to 2026-05-27 00:00:00+00:00, run_after=2026-05-28 00:00:00+00:00
[2026-05-28T06:41:48.326+0000] {processor.py:183} INFO - Processing /home/airflow/.local/lib/python3.12/site-packages/airflow/example_dags/tutorial.py took 0.241 seconds
[2026-05-28T06:42:19.235+0000] {processor.py:161} INFO - Started process (PID=3564) to work on /home/airflow/.local/lib/python3.12/site-packages/airflow/example_dags/tutorial.py
[2026-05-28T06:42:19.237+0000] {processor.py:830} INFO - Processing file /home/airflow/.local/lib/python3.12/site-packages/airflow/example_dags/tutorial.py for tasks to queue
[2026-05-28T06:42:19.247+0000] {logging_mixin.py:188} INFO - [2026-05-28T06:42:19.243+0000] {dagbag.py:545} INFO - Filling up the DagBag from /home/airflow/.local/lib/python3.12/site-packages/airflow/example_dags/tutorial.py
[2026-05-28T06:42:19.264+0000] {processor.py:840} INFO - DAG(s) 'tutorial' retrieved from /home/airflow/.local/lib/python3.12/site-packages/airflow/example_dags/tutorial.py
[2026-05-28T06:42:19.315+0000] {logging_mixin.py:188} INFO - [2026-05-28T06:42:19.315+0000] {dag.py:3089} INFO - Sync 1 DAGs
[2026-05-28T06:42:19.381+0000] {logging_mixin.py:188} INFO - [2026-05-28T06:42:19.381+0000] {dag.py:3947} INFO - Setting next_dagrun for tutorial to 2026-05-27 00:00:00+00:00, run_after=2026-05-28 00:00:00+00:00
[2026-05-28T06:42:19.432+0000] {processor.py:183} INFO - Processing /home/airflow/.local/lib/python3.12/site-packages/airflow/example_dags/tutorial.py took 0.213 seconds
[2026-05-28T06:42:50.131+0000] {processor.py:161} INFO - Started process (PID=3622) to work on /home/airflow/.local/lib/python3.12/site-packages/airflow/example_dags/tutorial.py
[2026-05-28T06:42:50.133+0000] {processor.py:830} INFO - Processing file /home/airflow/.local/lib/python3.12/site-packages/airflow/example_dags/tutorial.py for tasks to queue
[2026-05-28T06:42:50.138+0000] {logging_mixin.py:188} INFO - [2026-05-28T06:42:50.137+0000] {dagbag.py:545} INFO - Filling up the DagBag from /home/airflow/.local/lib/python3.12/site-packages/airflow/example_dags/tutorial.py
[2026-05-28T06:42:50.151+0000] {processor.py:840} INFO - DAG(s) 'tutorial' retrieved from /home/airflow/.local/lib/python3.12/site-packages/airflow/example_dags/tutorial.py
[2026-05-28T06:42:50.205+0000] {logging_mixin.py:188} INFO - [2026-05-28T06:42:50.204+0000] {dag.py:3089} INFO - Sync 1 DAGs
[2026-05-28T06:42:50.261+0000] {logging_mixin.py:188} INFO - [2026-05-28T06:42:50.261+0000] {dag.py:3947} INFO - Setting next_dagrun for tutorial to 2026-05-27 00:00:00+00:00, run_after=2026-05-28 00:00:00+00:00
[2026-05-28T06:42:50.494+0000] {processor.py:183} INFO - Processing /home/airflow/.local/lib/python3.12/site-packages/airflow/example_dags/tutorial.py took 0.376 seconds
[2026-05-28T06:57:34.589+0000] {processor.py:186} INFO - Started process (PID=132) to work on /home/airflow/.local/lib/python3.12/site-packages/airflow/example_dags/tutorial.py
[2026-05-28T06:57:34.593+0000] {processor.py:914} INFO - Processing file /home/airflow/.local/lib/python3.12/site-packages/airflow/example_dags/tutorial.py for tasks to queue
[2026-05-28T06:57:34.600+0000] {logging_mixin.py:190} INFO - [2026-05-28T06:57:34.599+0000] {dagbag.py:588} INFO - Filling up the DagBag from /home/airflow/.local/lib/python3.12/site-packages/airflow/example_dags/tutorial.py
[2026-05-28T06:57:34.624+0000] {processor.py:925} INFO - DAG(s) 'tutorial' retrieved from /home/airflow/.local/lib/python3.12/site-packages/airflow/example_dags/tutorial.py
[2026-05-28T06:57:34.829+0000] {logging_mixin.py:190} INFO - [2026-05-28T06:57:34.828+0000] {override.py:1932} INFO - Created Permission View: can delete on DAG:tutorial
[2026-05-28T06:57:34.851+0000] {logging_mixin.py:190} INFO - [2026-05-28T06:57:34.850+0000] {override.py:1932} INFO - Created Permission View: can edit on DAG:tutorial
[2026-05-28T06:57:34.866+0000] {logging_mixin.py:190} INFO - [2026-05-28T06:57:34.866+0000] {override.py:1932} INFO - Created Permission View: can read on DAG:tutorial
[2026-05-28T06:57:34.885+0000] {logging_mixin.py:190} INFO - [2026-05-28T06:57:34.884+0000] {override.py:1932} INFO - Created Permission View: can delete on DAG Run:tutorial
[2026-05-28T06:57:34.900+0000] {logging_mixin.py:190} INFO - [2026-05-28T06:57:34.900+0000] {override.py:1932} INFO - Created Permission View: menu access on DAG Run:tutorial
[2026-05-28T06:57:34.916+0000] {logging_mixin.py:190} INFO - [2026-05-28T06:57:34.916+0000] {override.py:1932} INFO - Created Permission View: can create on DAG Run:tutorial
[2026-05-28T06:57:34.932+0000] {logging_mixin.py:190} INFO - [2026-05-28T06:57:34.931+0000] {override.py:1932} INFO - Created Permission View: can read on DAG Run:tutorial
[2026-05-28T06:57:34.933+0000] {logging_mixin.py:190} INFO - [2026-05-28T06:57:34.933+0000] {dag.py:3239} INFO - Sync 1 DAGs
[2026-05-28T06:57:34.959+0000] {logging_mixin.py:190} INFO - [2026-05-28T06:57:34.958+0000] {dag.py:3262} INFO - Creating ORM DAG for tutorial
[2026-05-28T06:57:34.979+0000] {logging_mixin.py:190} INFO - [2026-05-28T06:57:34.979+0000] {dag.py:4180} INFO - Setting next_dagrun for tutorial to 2026-05-27 00:00:00+00:00, run_after=2026-05-28 00:00:00+00:00
[2026-05-28T06:57:35.012+0000] {processor.py:208} INFO - Processing /home/airflow/.local/lib/python3.12/site-packages/airflow/example_dags/tutorial.py took 0.434 seconds
[2026-05-28T06:58:09.306+0000] {processor.py:186} INFO - Started process (PID=196) to work on /home/airflow/.local/lib/python3.12/site-packages/airflow/example_dags/tutorial.py
[2026-05-28T06:58:09.310+0000] {processor.py:914} INFO - Processing file /home/airflow/.local/lib/python3.12/site-packages/airflow/example_dags/tutorial.py for tasks to queue
[2026-05-28T06:58:09.315+0000] {logging_mixin.py:190} INFO - [2026-05-28T06:58:09.314+0000] {dagbag.py:588} INFO - Filling up the DagBag from /home/airflow/.local/lib/python3.12/site-packages/airflow/example_dags/tutorial.py
[2026-05-28T06:58:09.329+0000] {processor.py:925} INFO - DAG(s) 'tutorial' retrieved from /home/airflow/.local/lib/python3.12/site-packages/airflow/example_dags/tutorial.py
[2026-05-28T06:58:09.367+0000] {logging_mixin.py:190} INFO - [2026-05-28T06:58:09.366+0000] {dag.py:3239} INFO - Sync 1 DAGs
[2026-05-28T06:58:09.406+0000] {logging_mixin.py:190} INFO - [2026-05-28T06:58:09.406+0000] {dag.py:4180} INFO - Setting next_dagrun for tutorial to 2026-05-27 00:00:00+00:00, run_after=2026-05-28 00:00:00+00:00
[2026-05-28T06:58:09.443+0000] {processor.py:208} INFO - Processing /home/airflow/.local/lib/python3.12/site-packages/airflow/example_dags/tutorial.py took 0.147 seconds
[2026-05-28T06:58:55.415+0000] {processor.py:186} INFO - Started process (PID=288) to work on /home/airflow/.local/lib/python3.12/site-packages/airflow/example_dags/tutorial.py
[2026-05-28T06:58:55.417+0000] {processor.py:914} INFO - Processing file /home/airflow/.local/lib/python3.12/site-packages/airflow/example_dags/tutorial.py for tasks to queue
[2026-05-28T06:58:55.421+0000] {logging_mixin.py:190} INFO - [2026-05-28T06:58:55.421+0000] {dagbag.py:588} INFO - Filling up the DagBag from /home/airflow/.local/lib/python3.12/site-packages/airflow/example_dags/tutorial.py
[2026-05-28T06:58:55.436+0000] {processor.py:925} INFO - DAG(s) 'tutorial' retrieved from /home/airflow/.local/lib/python3.12/site-packages/airflow/example_dags/tutorial.py
[2026-05-28T06:58:55.478+0000] {logging_mixin.py:190} INFO - [2026-05-28T06:58:55.478+0000] {dag.py:3239} INFO - Sync 1 DAGs
[2026-05-28T06:58:55.516+0000] {logging_mixin.py:190} INFO - [2026-05-28T06:58:55.515+0000] {dag.py:4180} INFO - Setting next_dagrun for tutorial to 2026-05-27 00:00:00+00:00, run_after=2026-05-28 00:00:00+00:00
[2026-05-28T06:58:55.549+0000] {processor.py:208} INFO - Processing /home/airflow/.local/lib/python3.12/site-packages/airflow/example_dags/tutorial.py took 0.142 seconds
[2026-05-28T06:59:34.190+0000] {processor.py:186} INFO - Started process (PID=354) to work on /home/airflow/.local/lib/python3.12/site-packages/airflow/example_dags/tutorial.py
[2026-05-28T06:59:34.192+0000] {processor.py:914} INFO - Processing file /home/airflow/.local/lib/python3.12/site-packages/airflow/example_dags/tutorial.py for tasks to queue
[2026-05-28T06:59:34.197+0000] {logging_mixin.py:190} INFO - [2026-05-28T06:59:34.197+0000] {dagbag.py:588} INFO - Filling up the DagBag from /home/airflow/.local/lib/python3.12/site-packages/airflow/example_dags/tutorial.py
[2026-05-28T06:59:34.218+0000] {processor.py:925} INFO - DAG(s) 'tutorial' retrieved from /home/airflow/.local/lib/python3.12/site-packages/airflow/example_dags/tutorial.py
[2026-05-28T06:59:34.263+0000] {logging_mixin.py:190} INFO - [2026-05-28T06:59:34.263+0000] {dag.py:3239} INFO - Sync 1 DAGs
[2026-05-28T06:59:34.301+0000] {logging_mixin.py:190} INFO - [2026-05-28T06:59:34.301+0000] {dag.py:4180} INFO - Setting next_dagrun for tutorial to 2026-05-27 00:00:00+00:00, run_after=2026-05-28 00:00:00+00:00
[2026-05-28T06:59:34.332+0000] {processor.py:208} INFO - Processing /home/airflow/.local/lib/python3.12/site-packages/airflow/example_dags/tutorial.py took 0.152 seconds
[2026-05-28T07:00:14.817+0000] {processor.py:186} INFO - Started process (PID=423) to work on /home/airflow/.local/lib/python3.12/site-packages/airflow/example_dags/tutorial.py
[2026-05-28T07:00:14.820+0000] {processor.py:914} INFO - Processing file /home/airflow/.local/lib/python3.12/site-packages/airflow/example_dags/tutorial.py for tasks to queue
[2026-05-28T07:00:14.832+0000] {logging_mixin.py:190} INFO - [2026-05-28T07:00:14.831+0000] {dagbag.py:588} INFO - Filling up the DagBag from /home/airflow/.local/lib/python3.12/site-packages/airflow/example_dags/tutorial.py
[2026-05-28T07:00:14.852+0000] {processor.py:925} INFO - DAG(s) 'tutorial' retrieved from /home/airflow/.local/lib/python3.12/site-packages/airflow/example_dags/tutorial.py
[2026-05-28T07:00:14.912+0000] {logging_mixin.py:190} INFO - [2026-05-28T07:00:14.911+0000] {dag.py:3239} INFO - Sync 1 DAGs
[2026-05-28T07:00:14.971+0000] {logging_mixin.py:190} INFO - [2026-05-28T07:00:14.971+0000] {dag.py:4180} INFO - Setting next_dagrun for tutorial to 2026-05-27 00:00:00+00:00, run_after=2026-05-28 00:00:00+00:00
[2026-05-28T07:00:15.029+0000] {processor.py:208} INFO - Processing /home/airflow/.local/lib/python3.12/site-packages/airflow/example_dags/tutorial.py took 0.232 seconds
[2026-05-28T07:00:55.647+0000] {processor.py:186} INFO - Started process (PID=487) to work on /home/airflow/.local/lib/python3.12/site-packages/airflow/example_dags/tutorial.py
[2026-05-28T07:00:55.649+0000] {processor.py:914} INFO - Processing file /home/airflow/.local/lib/python3.12/site-packages/airflow/example_dags/tutorial.py for tasks to queue
[2026-05-28T07:00:55.654+0000] {logging_mixin.py:190} INFO - [2026-05-28T07:00:55.653+0000] {dagbag.py:588} INFO - Filling up the DagBag from /home/airflow/.local/lib/python3.12/site-packages/airflow/example_dags/tutorial.py
[2026-05-28T07:00:55.671+0000] {processor.py:925} INFO - DAG(s) 'tutorial' retrieved from /home/airflow/.local/lib/python3.12/site-packages/airflow/example_dags/tutorial.py
[2026-05-28T07:00:55.738+0000] {logging_mixin.py:190} INFO - [2026-05-28T07:00:55.737+0000] {dag.py:3239} INFO - Sync 1 DAGs
[2026-05-28T07:00:55.802+0000] {logging_mixin.py:190} INFO - [2026-05-28T07:00:55.800+0000] {dag.py:4180} INFO - Setting next_dagrun for tutorial to 2026-05-27 00:00:00+00:00, run_after=2026-05-28 00:00:00+00:00
[2026-05-28T07:00:55.872+0000] {processor.py:208} INFO - Processing /home/airflow/.local/lib/python3.12/site-packages/airflow/example_dags/tutorial.py took 0.238 seconds
[2026-05-28T07:01:40.387+0000] {processor.py:186} INFO - Started process (PID=569) to work on /home/airflow/.local/lib/python3.12/site-packages/airflow/example_dags/tutorial.py
[2026-05-28T07:01:40.389+0000] {processor.py:914} INFO - Processing file /home/airflow/.local/lib/python3.12/site-packages/airflow/example_dags/tutorial.py for tasks to queue
[2026-05-28T07:01:40.394+0000] {logging_mixin.py:190} INFO - [2026-05-28T07:01:40.393+0000] {dagbag.py:588} INFO - Filling up the DagBag from /home/airflow/.local/lib/python3.12/site-packages/airflow/example_dags/tutorial.py
[2026-05-28T07:01:40.409+0000] {processor.py:925} INFO - DAG(s) 'tutorial' retrieved from /home/airflow/.local/lib/python3.12/site-packages/airflow/example_dags/tutorial.py
[2026-05-28T07:01:40.453+0000] {logging_mixin.py:190} INFO - [2026-05-28T07:01:40.452+0000] {dag.py:3239} INFO - Sync 1 DAGs
[2026-05-28T07:01:40.492+0000] {logging_mixin.py:190} INFO - [2026-05-28T07:01:40.492+0000] {dag.py:4180} INFO - Setting next_dagrun for tutorial to 2026-05-27 00:00:00+00:00, run_after=2026-05-28 00:00:00+00:00
[2026-05-28T07:01:40.530+0000] {processor.py:208} INFO - Processing /home/airflow/.local/lib/python3.12/site-packages/airflow/example_dags/tutorial.py took 0.152 seconds
[2026-05-28T07:02:18.130+0000] {processor.py:186} INFO - Started process (PID=639) to work on /home/airflow/.local/lib/python3.12/site-packages/airflow/example_dags/tutorial.py
[2026-05-28T07:02:18.132+0000] {processor.py:914} INFO - Processing file /home/airflow/.local/lib/python3.12/site-packages/airflow/example_dags/tutorial.py for tasks to queue
[2026-05-28T07:02:18.138+0000] {logging_mixin.py:190} INFO - [2026-05-28T07:02:18.137+0000] {dagbag.py:588} INFO - Filling up the DagBag from /home/airflow/.local/lib/python3.12/site-packages/airflow/example_dags/tutorial.py
[2026-05-28T07:02:18.157+0000] {processor.py:925} INFO - DAG(s) 'tutorial' retrieved from /home/airflow/.local/lib/python3.12/site-packages/airflow/example_dags/tutorial.py
[2026-05-28T07:02:18.215+0000] {logging_mixin.py:190} INFO - [2026-05-28T07:02:18.215+0000] {dag.py:3239} INFO - Sync 1 DAGs
[2026-05-28T07:02:18.268+0000] {logging_mixin.py:190} INFO - [2026-05-28T07:02:18.267+0000] {dag.py:4180} INFO - Setting next_dagrun for tutorial to 2026-05-27 00:00:00+00:00, run_after=2026-05-28 00:00:00+00:00
[2026-05-28T07:02:18.308+0000] {processor.py:208} INFO - Processing /home/airflow/.local/lib/python3.12/site-packages/airflow/example_dags/tutorial.py took 0.187 seconds
[2026-05-28T07:02:49.075+0000] {processor.py:186} INFO - Started process (PID=701) to work on /home/airflow/.local/lib/python3.12/site-packages/airflow/example_dags/tutorial.py
[2026-05-28T07:02:49.076+0000] {processor.py:914} INFO - Processing file /home/airflow/.local/lib/python3.12/site-packages/airflow/example_dags/tutorial.py for tasks to queue
[2026-05-28T07:02:49.081+0000] {logging_mixin.py:190} INFO - [2026-05-28T07:02:49.080+0000] {dagbag.py:588} INFO - Filling up the DagBag from /home/airflow/.local/lib/python3.12/site-packages/airflow/example_dags/tutorial.py
[2026-05-28T07:02:49.098+0000] {processor.py:925} INFO - DAG(s) 'tutorial' retrieved from /home/airflow/.local/lib/python3.12/site-packages/airflow/example_dags/tutorial.py
[2026-05-28T07:02:49.153+0000] {logging_mixin.py:190} INFO - [2026-05-28T07:02:49.152+0000] {dag.py:3239} INFO - Sync 1 DAGs
[2026-05-28T07:02:49.217+0000] {logging_mixin.py:190} INFO - [2026-05-28T07:02:49.216+0000] {dag.py:4180} INFO - Setting next_dagrun for tutorial to 2026-05-27 00:00:00+00:00, run_after=2026-05-28 00:00:00+00:00
[2026-05-28T07:02:49.272+0000] {processor.py:208} INFO - Processing /home/airflow/.local/lib/python3.12/site-packages/airflow/example_dags/tutorial.py took 0.207 seconds
[2026-05-28T07:03:24.412+0000] {processor.py:186} INFO - Started process (PID=763) to work on /home/airflow/.local/lib/python3.12/site-packages/airflow/example_dags/tutorial.py
[2026-05-28T07:03:24.415+0000] {processor.py:914} INFO - Processing file /home/airflow/.local/lib/python3.12/site-packages/airflow/example_dags/tutorial.py for tasks to queue
[2026-05-28T07:03:24.420+0000] {logging_mixin.py:190} INFO - [2026-05-28T07:03:24.419+0000] {dagbag.py:588} INFO - Filling up the DagBag from /home/airflow/.local/lib/python3.12/site-packages/airflow/example_dags/tutorial.py
[2026-05-28T07:03:24.435+0000] {processor.py:925} INFO - DAG(s) 'tutorial' retrieved from /home/airflow/.local/lib/python3.12/site-packages/airflow/example_dags/tutorial.py
[2026-05-28T07:03:24.491+0000] {logging_mixin.py:190} INFO - [2026-05-28T07:03:24.490+0000] {dag.py:3239} INFO - Sync 1 DAGs
[2026-05-28T07:03:24.529+0000] {logging_mixin.py:190} INFO - [2026-05-28T07:03:24.529+0000] {dag.py:4180} INFO - Setting next_dagrun for tutorial to 2026-05-27 00:00:00+00:00, run_after=2026-05-28 00:00:00+00:00
[2026-05-28T07:03:24.588+0000] {processor.py:208} INFO - Processing /home/airflow/.local/lib/python3.12/site-packages/airflow/example_dags/tutorial.py took 0.186 seconds
[2026-05-28T07:04:04.607+0000] {processor.py:186} INFO - Started process (PID=825) to work on /home/airflow/.local/lib/python3.12/site-packages/airflow/example_dags/tutorial.py
[2026-05-28T07:04:04.608+0000] {processor.py:914} INFO - Processing file /home/airflow/.local/lib/python3.12/site-packages/airflow/example_dags/tutorial.py for tasks to queue
[2026-05-28T07:04:04.614+0000] {logging_mixin.py:190} INFO - [2026-05-28T07:04:04.613+0000] {dagbag.py:588} INFO - Filling up the DagBag from /home/airflow/.local/lib/python3.12/site-packages/airflow/example_dags/tutorial.py
[2026-05-28T07:04:04.630+0000] {processor.py:925} INFO - DAG(s) 'tutorial' retrieved from /home/airflow/.local/lib/python3.12/site-packages/airflow/example_dags/tutorial.py
[2026-05-28T07:04:04.671+0000] {logging_mixin.py:190} INFO - [2026-05-28T07:04:04.670+0000] {dag.py:3239} INFO - Sync 1 DAGs
[2026-05-28T07:04:04.708+0000] {logging_mixin.py:190} INFO - [2026-05-28T07:04:04.708+0000] {dag.py:4180} INFO - Setting next_dagrun for tutorial to 2026-05-27 00:00:00+00:00, run_after=2026-05-28 00:00:00+00:00
[2026-05-28T07:04:04.750+0000] {processor.py:208} INFO - Processing /home/airflow/.local/lib/python3.12/site-packages/airflow/example_dags/tutorial.py took 0.155 seconds
[2026-05-28T07:04:42.661+0000] {processor.py:186} INFO - Started process (PID=894) to work on /home/airflow/.local/lib/python3.12/site-packages/airflow/example_dags/tutorial.py
[2026-05-28T07:04:42.663+0000] {processor.py:914} INFO - Processing file /home/airflow/.local/lib/python3.12/site-packages/airflow/example_dags/tutorial.py for tasks to queue
[2026-05-28T07:04:42.668+0000] {logging_mixin.py:190} INFO - [2026-05-28T07:04:42.667+0000] {dagbag.py:588} INFO - Filling up the DagBag from /home/airflow/.local/lib/python3.12/site-packages/airflow/example_dags/tutorial.py
[2026-05-28T07:04:42.685+0000] {processor.py:925} INFO - DAG(s) 'tutorial' retrieved from /home/airflow/.local/lib/python3.12/site-packages/airflow/example_dags/tutorial.py
[2026-05-28T07:04:42.731+0000] {logging_mixin.py:190} INFO - [2026-05-28T07:04:42.731+0000] {dag.py:3239} INFO - Sync 1 DAGs
[2026-05-28T07:04:42.768+0000] {logging_mixin.py:190} INFO - [2026-05-28T07:04:42.767+0000] {dag.py:4180} INFO - Setting next_dagrun for tutorial to 2026-05-27 00:00:00+00:00, run_after=2026-05-28 00:00:00+00:00
[2026-05-28T07:04:42.801+0000] {processor.py:208} INFO - Processing /home/airflow/.local/lib/python3.12/site-packages/airflow/example_dags/tutorial.py took 0.148 seconds
[2026-05-28T07:05:19.615+0000] {processor.py:186} INFO - Started process (PID=960) to work on /home/airflow/.local/lib/python3.12/site-packages/airflow/example_dags/tutorial.py
[2026-05-28T07:05:19.616+0000] {processor.py:914} INFO - Processing file /home/airflow/.local/lib/python3.12/site-packages/airflow/example_dags/tutorial.py for tasks to queue
[2026-05-28T07:05:19.620+0000] {logging_mixin.py:190} INFO - [2026-05-28T07:05:19.620+0000] {dagbag.py:588} INFO - Filling up the DagBag from /home/airflow/.local/lib/python3.12/site-packages/airflow/example_dags/tutorial.py
[2026-05-28T07:05:19.631+0000] {processor.py:925} INFO - DAG(s) 'tutorial' retrieved from /home/airflow/.local/lib/python3.12/site-packages/airflow/example_dags/tutorial.py
[2026-05-28T07:05:19.665+0000] {logging_mixin.py:190} INFO - [2026-05-28T07:05:19.665+0000] {dag.py:3239} INFO - Sync 1 DAGs
[2026-05-28T07:05:19.696+0000] {logging_mixin.py:190} INFO - [2026-05-28T07:05:19.696+0000] {dag.py:4180} INFO - Setting next_dagrun for tutorial to 2026-05-27 00:00:00+00:00, run_after=2026-05-28 00:00:00+00:00
[2026-05-28T07:05:19.736+0000] {processor.py:208} INFO - Processing /home/airflow/.local/lib/python3.12/site-packages/airflow/example_dags/tutorial.py took 0.129 seconds
[2026-05-28T07:05:52.125+0000] {processor.py:186} INFO - Started process (PID=1023) to work on /home/airflow/.local/lib/python3.12/site-packages/airflow/example_dags/tutorial.py
[2026-05-28T07:05:52.126+0000] {processor.py:914} INFO - Processing file /home/airflow/.local/lib/python3.12/site-packages/airflow/example_dags/tutorial.py for tasks to queue
[2026-05-28T07:05:52.131+0000] {logging_mixin.py:190} INFO - [2026-05-28T07:05:52.130+0000] {dagbag.py:588} INFO - Filling up the DagBag from /home/airflow/.local/lib/python3.12/site-packages/airflow/example_dags/tutorial.py
[2026-05-28T07:05:52.145+0000] {processor.py:925} INFO - DAG(s) 'tutorial' retrieved from /home/airflow/.local/lib/python3.12/site-packages/airflow/example_dags/tutorial.py
[2026-05-28T07:05:52.187+0000] {logging_mixin.py:190} INFO - [2026-05-28T07:05:52.187+0000] {dag.py:3239} INFO - Sync 1 DAGs
[2026-05-28T07:05:52.230+0000] {logging_mixin.py:190} INFO - [2026-05-28T07:05:52.229+0000] {dag.py:4180} INFO - Setting next_dagrun for tutorial to 2026-05-27 00:00:00+00:00, run_after=2026-05-28 00:00:00+00:00
[2026-05-28T07:05:52.265+0000] {processor.py:208} INFO - Processing /home/airflow/.local/lib/python3.12/site-packages/airflow/example_dags/tutorial.py took 0.149 seconds
[2026-05-28T07:06:22.594+0000] {processor.py:186} INFO - Started process (PID=1085) to work on /home/airflow/.local/lib/python3.12/site-packages/airflow/example_dags/tutorial.py
[2026-05-28T07:06:22.596+0000] {processor.py:914} INFO - Processing file /home/airflow/.local/lib/python3.12/site-packages/airflow/example_dags/tutorial.py for tasks to queue
[2026-05-28T07:06:22.603+0000] {logging_mixin.py:190} INFO - [2026-05-28T07:06:22.603+0000] {dagbag.py:588} INFO - Filling up the DagBag from /home/airflow/.local/lib/python3.12/site-packages/airflow/example_dags/tutorial.py
[2026-05-28T07:06:22.621+0000] {processor.py:925} INFO - DAG(s) 'tutorial' retrieved from /home/airflow/.local/lib/python3.12/site-packages/airflow/example_dags/tutorial.py
[2026-05-28T07:06:22.688+0000] {logging_mixin.py:190} INFO - [2026-05-28T07:06:22.687+0000] {dag.py:3239} INFO - Sync 1 DAGs
[2026-05-28T07:06:22.803+0000] {logging_mixin.py:190} INFO - [2026-05-28T07:06:22.802+0000] {dag.py:4180} INFO - Setting next_dagrun for tutorial to 2026-05-27 00:00:00+00:00, run_after=2026-05-28 00:00:00+00:00
[2026-05-28T07:06:22.853+0000] {processor.py:208} INFO - Processing /home/airflow/.local/lib/python3.12/site-packages/airflow/example_dags/tutorial.py took 0.271 seconds
[2026-05-28T07:07:04.100+0000] {processor.py:186} INFO - Started process (PID=1157) to work on /home/airflow/.local/lib/python3.12/site-packages/airflow/example_dags/tutorial.py
[2026-05-28T07:07:04.102+0000] {processor.py:914} INFO - Processing file /home/airflow/.local/lib/python3.12/site-packages/airflow/example_dags/tutorial.py for tasks to queue
[2026-05-28T07:07:04.107+0000] {logging_mixin.py:190} INFO - [2026-05-28T07:07:04.106+0000] {dagbag.py:588} INFO - Filling up the DagBag from /home/airflow/.local/lib/python3.12/site-packages/airflow/example_dags/tutorial.py
[2026-05-28T07:07:04.125+0000] {processor.py:925} INFO - DAG(s) 'tutorial' retrieved from /home/airflow/.local/lib/python3.12/site-packages/airflow/example_dags/tutorial.py
[2026-05-28T07:07:04.167+0000] {logging_mixin.py:190} INFO - [2026-05-28T07:07:04.167+0000] {dag.py:3239} INFO - Sync 1 DAGs
[2026-05-28T07:07:04.213+0000] {logging_mixin.py:190} INFO - [2026-05-28T07:07:04.212+0000] {dag.py:4180} INFO - Setting next_dagrun for tutorial to 2026-05-27 00:00:00+00:00, run_after=2026-05-28 00:00:00+00:00
[2026-05-28T07:07:04.264+0000] {processor.py:208} INFO - Processing /home/airflow/.local/lib/python3.12/site-packages/airflow/example_dags/tutorial.py took 0.174 seconds
[2026-05-28T07:07:42.229+0000] {processor.py:186} INFO - Started process (PID=1220) to work on /home/airflow/.local/lib/python3.12/site-packages/airflow/example_dags/tutorial.py
[2026-05-28T07:07:42.231+0000] {processor.py:914} INFO - Processing file /home/airflow/.local/lib/python3.12/site-packages/airflow/example_dags/tutorial.py for tasks to queue
[2026-05-28T07:07:42.236+0000] {logging_mixin.py:190} INFO - [2026-05-28T07:07:42.235+0000] {dagbag.py:588} INFO - Filling up the DagBag from /home/airflow/.local/lib/python3.12/site-packages/airflow/example_dags/tutorial.py
[2026-05-28T07:07:42.256+0000] {processor.py:925} INFO - DAG(s) 'tutorial' retrieved from /home/airflow/.local/lib/python3.12/site-packages/airflow/example_dags/tutorial.py
[2026-05-28T07:07:42.307+0000] {logging_mixin.py:190} INFO - [2026-05-28T07:07:42.307+0000] {dag.py:3239} INFO - Sync 1 DAGs
[2026-05-28T07:07:42.360+0000] {logging_mixin.py:190} INFO - [2026-05-28T07:07:42.359+0000] {dag.py:4180} INFO - Setting next_dagrun for tutorial to 2026-05-27 00:00:00+00:00, run_after=2026-05-28 00:00:00+00:00
[2026-05-28T07:07:42.413+0000] {processor.py:208} INFO - Processing /home/airflow/.local/lib/python3.12/site-packages/airflow/example_dags/tutorial.py took 0.195 seconds
[2026-05-28T07:08:24.246+0000] {processor.py:186} INFO - Started process (PID=1292) to work on /home/airflow/.local/lib/python3.12/site-packages/airflow/example_dags/tutorial.py
[2026-05-28T07:08:24.249+0000] {processor.py:914} INFO - Processing file /home/airflow/.local/lib/python3.12/site-packages/airflow/example_dags/tutorial.py for tasks to queue
[2026-05-28T07:08:24.263+0000] {logging_mixin.py:190} INFO - [2026-05-28T07:08:24.262+0000] {dagbag.py:588} INFO - Filling up the DagBag from /home/airflow/.local/lib/python3.12/site-packages/airflow/example_dags/tutorial.py
[2026-05-28T07:08:24.289+0000] {processor.py:925} INFO - DAG(s) 'tutorial' retrieved from /home/airflow/.local/lib/python3.12/site-packages/airflow/example_dags/tutorial.py
[2026-05-28T07:08:24.360+0000] {logging_mixin.py:190} INFO - [2026-05-28T07:08:24.359+0000] {dag.py:3239} INFO - Sync 1 DAGs
[2026-05-28T07:08:24.431+0000] {logging_mixin.py:190} INFO - [2026-05-28T07:08:24.430+0000] {dag.py:4180} INFO - Setting next_dagrun for tutorial to 2026-05-27 00:00:00+00:00, run_after=2026-05-28 00:00:00+00:00
[2026-05-28T07:08:24.488+0000] {processor.py:208} INFO - Processing /home/airflow/.local/lib/python3.12/site-packages/airflow/example_dags/tutorial.py took 0.260 seconds
[2026-05-28T07:09:04.444+0000] {processor.py:186} INFO - Started process (PID=1358) to work on /home/airflow/.local/lib/python3.12/site-packages/airflow/example_dags/tutorial.py
[2026-05-28T07:09:04.447+0000] {processor.py:914} INFO - Processing file /home/airflow/.local/lib/python3.12/site-packages/airflow/example_dags/tutorial.py for tasks to queue
[2026-05-28T07:09:04.454+0000] {logging_mixin.py:190} INFO - [2026-05-28T07:09:04.453+0000] {dagbag.py:588} INFO - Filling up the DagBag from /home/airflow/.local/lib/python3.12/site-packages/airflow/example_dags/tutorial.py
[2026-05-28T07:09:04.467+0000] {processor.py:925} INFO - DAG(s) 'tutorial' retrieved from /home/airflow/.local/lib/python3.12/site-packages/airflow/example_dags/tutorial.py
[2026-05-28T07:09:04.500+0000] {logging_mixin.py:190} INFO - [2026-05-28T07:09:04.500+0000] {dag.py:3239} INFO - Sync 1 DAGs
[2026-05-28T07:09:04.528+0000] {logging_mixin.py:190} INFO - [2026-05-28T07:09:04.528+0000] {dag.py:4180} INFO - Setting next_dagrun for tutorial to 2026-05-27 00:00:00+00:00, run_after=2026-05-28 00:00:00+00:00
[2026-05-28T07:09:04.558+0000] {processor.py:208} INFO - Processing /home/airflow/.local/lib/python3.12/site-packages/airflow/example_dags/tutorial.py took 0.128 seconds
[2026-05-28T07:09:43.775+0000] {processor.py:186} INFO - Started process (PID=1420) to work on /home/airflow/.local/lib/python3.12/site-packages/airflow/example_dags/tutorial.py
[2026-05-28T07:09:43.777+0000] {processor.py:914} INFO - Processing file /home/airflow/.local/lib/python3.12/site-packages/airflow/example_dags/tutorial.py for tasks to queue
[2026-05-28T07:09:43.782+0000] {logging_mixin.py:190} INFO - [2026-05-28T07:09:43.781+0000] {dagbag.py:588} INFO - Filling up the DagBag from /home/airflow/.local/lib/python3.12/site-packages/airflow/example_dags/tutorial.py
[2026-05-28T07:09:43.797+0000] {processor.py:925} INFO - DAG(s) 'tutorial' retrieved from /home/airflow/.local/lib/python3.12/site-packages/airflow/example_dags/tutorial.py
[2026-05-28T07:09:43.847+0000] {logging_mixin.py:190} INFO - [2026-05-28T07:09:43.846+0000] {dag.py:3239} INFO - Sync 1 DAGs
[2026-05-28T07:09:43.898+0000] {logging_mixin.py:190} INFO - [2026-05-28T07:09:43.898+0000] {dag.py:4180} INFO - Setting next_dagrun for tutorial to 2026-05-27 00:00:00+00:00, run_after=2026-05-28 00:00:00+00:00
[2026-05-28T07:09:43.948+0000] {processor.py:208} INFO - Processing /home/airflow/.local/lib/python3.12/site-packages/airflow/example_dags/tutorial.py took 0.183 seconds
[2026-05-28T07:10:14.087+0000] {processor.py:186} INFO - Started process (PID=1482) to work on /home/airflow/.local/lib/python3.12/site-packages/airflow/example_dags/tutorial.py
[2026-05-28T07:10:14.089+0000] {processor.py:914} INFO - Processing file /home/airflow/.local/lib/python3.12/site-packages/airflow/example_dags/tutorial.py for tasks to queue
[2026-05-28T07:10:14.095+0000] {logging_mixin.py:190} INFO - [2026-05-28T07:10:14.094+0000] {dagbag.py:588} INFO - Filling up the DagBag from /home/airflow/.local/lib/python3.12/site-packages/airflow/example_dags/tutorial.py
[2026-05-28T07:10:14.112+0000] {processor.py:925} INFO - DAG(s) 'tutorial' retrieved from /home/airflow/.local/lib/python3.12/site-packages/airflow/example_dags/tutorial.py
[2026-05-28T07:10:14.167+0000] {logging_mixin.py:190} INFO - [2026-05-28T07:10:14.166+0000] {dag.py:3239} INFO - Sync 1 DAGs
[2026-05-28T07:10:14.212+0000] {logging_mixin.py:190} INFO - [2026-05-28T07:10:14.212+0000] {dag.py:4180} INFO - Setting next_dagrun for tutorial to 2026-05-27 00:00:00+00:00, run_after=2026-05-28 00:00:00+00:00
[2026-05-28T07:10:14.250+0000] {processor.py:208} INFO - Processing /home/airflow/.local/lib/python3.12/site-packages/airflow/example_dags/tutorial.py took 0.172 seconds
[2026-05-28T07:10:44.673+0000] {processor.py:186} INFO - Started process (PID=1544) to work on /home/airflow/.local/lib/python3.12/site-packages/airflow/example_dags/tutorial.py
[2026-05-28T07:10:44.676+0000] {processor.py:914} INFO - Processing file /home/airflow/.local/lib/python3.12/site-packages/airflow/example_dags/tutorial.py for tasks to queue
[2026-05-28T07:10:44.680+0000] {logging_mixin.py:190} INFO - [2026-05-28T07:10:44.679+0000] {dagbag.py:588} INFO - Filling up the DagBag from /home/airflow/.local/lib/python3.12/site-packages/airflow/example_dags/tutorial.py
[2026-05-28T07:10:44.693+0000] {processor.py:925} INFO - DAG(s) 'tutorial' retrieved from /home/airflow/.local/lib/python3.12/site-packages/airflow/example_dags/tutorial.py
[2026-05-28T07:10:44.730+0000] {logging_mixin.py:190} INFO - [2026-05-28T07:10:44.729+0000] {dag.py:3239} INFO - Sync 1 DAGs
[2026-05-28T07:10:44.777+0000] {logging_mixin.py:190} INFO - [2026-05-28T07:10:44.776+0000] {dag.py:4180} INFO - Setting next_dagrun for tutorial to 2026-05-27 00:00:00+00:00, run_after=2026-05-28 00:00:00+00:00
[2026-05-28T07:10:44.817+0000] {processor.py:208} INFO - Processing /home/airflow/.local/lib/python3.12/site-packages/airflow/example_dags/tutorial.py took 0.155 seconds
[2026-05-28T07:11:25.285+0000] {processor.py:186} INFO - Started process (PID=1612) to work on /home/airflow/.local/lib/python3.12/site-packages/airflow/example_dags/tutorial.py
[2026-05-28T07:11:25.288+0000] {processor.py:914} INFO - Processing file /home/airflow/.local/lib/python3.12/site-packages/airflow/example_dags/tutorial.py for tasks to queue
[2026-05-28T07:11:25.297+0000] {logging_mixin.py:190} INFO - [2026-05-28T07:11:25.296+0000] {dagbag.py:588} INFO - Filling up the DagBag from /home/airflow/.local/lib/python3.12/site-packages/airflow/example_dags/tutorial.py
[2026-05-28T07:11:25.324+0000] {processor.py:925} INFO - DAG(s) 'tutorial' retrieved from /home/airflow/.local/lib/python3.12/site-packages/airflow/example_dags/tutorial.py
[2026-05-28T07:11:25.384+0000] {logging_mixin.py:190} INFO - [2026-05-28T07:11:25.383+0000] {dag.py:3239} INFO - Sync 1 DAGs
[2026-05-28T07:11:25.439+0000] {logging_mixin.py:190} INFO - [2026-05-28T07:11:25.439+0000] {dag.py:4180} INFO - Setting next_dagrun for tutorial to 2026-05-27 00:00:00+00:00, run_after=2026-05-28 00:00:00+00:00
[2026-05-28T07:11:25.506+0000] {processor.py:208} INFO - Processing /home/airflow/.local/lib/python3.12/site-packages/airflow/example_dags/tutorial.py took 0.242 seconds
[2026-05-28T07:12:07.083+0000] {processor.py:186} INFO - Started process (PID=1678) to work on /home/airflow/.local/lib/python3.12/site-packages/airflow/example_dags/tutorial.py
[2026-05-28T07:12:07.087+0000] {processor.py:914} INFO - Processing file /home/airflow/.local/lib/python3.12/site-packages/airflow/example_dags/tutorial.py for tasks to queue
[2026-05-28T07:12:07.096+0000] {logging_mixin.py:190} INFO - [2026-05-28T07:12:07.095+0000] {dagbag.py:588} INFO - Filling up the DagBag from /home/airflow/.local/lib/python3.12/site-packages/airflow/example_dags/tutorial.py
[2026-05-28T07:12:07.121+0000] {processor.py:925} INFO - DAG(s) 'tutorial' retrieved from /home/airflow/.local/lib/python3.12/site-packages/airflow/example_dags/tutorial.py
[2026-05-28T07:12:07.189+0000] {logging_mixin.py:190} INFO - [2026-05-28T07:12:07.188+0000] {dag.py:3239} INFO - Sync 1 DAGs
[2026-05-28T07:12:07.237+0000] {logging_mixin.py:190} INFO - [2026-05-28T07:12:07.236+0000] {dag.py:4180} INFO - Setting next_dagrun for tutorial to 2026-05-27 00:00:00+00:00, run_after=2026-05-28 00:00:00+00:00
[2026-05-28T07:12:07.291+0000] {processor.py:208} INFO - Processing /home/airflow/.local/lib/python3.12/site-packages/airflow/example_dags/tutorial.py took 0.242 seconds
[2026-05-28T07:12:41.314+0000] {processor.py:186} INFO - Started process (PID=1740) to work on /home/airflow/.local/lib/python3.12/site-packages/airflow/example_dags/tutorial.py
[2026-05-28T07:12:41.317+0000] {processor.py:914} INFO - Processing file /home/airflow/.local/lib/python3.12/site-packages/airflow/example_dags/tutorial.py for tasks to queue
[2026-05-28T07:12:41.327+0000] {logging_mixin.py:190} INFO - [2026-05-28T07:12:41.327+0000] {dagbag.py:588} INFO - Filling up the DagBag from /home/airflow/.local/lib/python3.12/site-packages/airflow/example_dags/tutorial.py
[2026-05-28T07:12:41.350+0000] {processor.py:925} INFO - DAG(s) 'tutorial' retrieved from /home/airflow/.local/lib/python3.12/site-packages/airflow/example_dags/tutorial.py
[2026-05-28T07:12:41.406+0000] {logging_mixin.py:190} INFO - [2026-05-28T07:12:41.405+0000] {dag.py:3239} INFO - Sync 1 DAGs
[2026-05-28T07:12:41.450+0000] {logging_mixin.py:190} INFO - [2026-05-28T07:12:41.450+0000] {dag.py:4180} INFO - Setting next_dagrun for tutorial to 2026-05-27 00:00:00+00:00, run_after=2026-05-28 00:00:00+00:00
[2026-05-28T07:12:41.492+0000] {processor.py:208} INFO - Processing /home/airflow/.local/lib/python3.12/site-packages/airflow/example_dags/tutorial.py took 0.197 seconds
[2026-05-28T07:13:12.173+0000] {processor.py:186} INFO - Started process (PID=1802) to work on /home/airflow/.local/lib/python3.12/site-packages/airflow/example_dags/tutorial.py
[2026-05-28T07:13:12.175+0000] {processor.py:914} INFO - Processing file /home/airflow/.local/lib/python3.12/site-packages/airflow/example_dags/tutorial.py for tasks to queue
[2026-05-28T07:13:12.179+0000] {logging_mixin.py:190} INFO - [2026-05-28T07:13:12.179+0000] {dagbag.py:588} INFO - Filling up the DagBag from /home/airflow/.local/lib/python3.12/site-packages/airflow/example_dags/tutorial.py
[2026-05-28T07:13:12.192+0000] {processor.py:925} INFO - DAG(s) 'tutorial' retrieved from /home/airflow/.local/lib/python3.12/site-packages/airflow/example_dags/tutorial.py
[2026-05-28T07:13:12.228+0000] {logging_mixin.py:190} INFO - [2026-05-28T07:13:12.227+0000] {dag.py:3239} INFO - Sync 1 DAGs
[2026-05-28T07:13:12.260+0000] {logging_mixin.py:190} INFO - [2026-05-28T07:13:12.259+0000] {dag.py:4180} INFO - Setting next_dagrun for tutorial to 2026-05-27 00:00:00+00:00, run_after=2026-05-28 00:00:00+00:00
[2026-05-28T07:13:12.290+0000] {processor.py:208} INFO - Processing /home/airflow/.local/lib/python3.12/site-packages/airflow/example_dags/tutorial.py took 0.125 seconds
[2026-05-28T07:23:28.952+0000] {processor.py:186} INFO - Started process (PID=126) to work on /home/airflow/.local/lib/python3.12/site-packages/airflow/example_dags/tutorial.py
[2026-05-28T07:23:28.954+0000] {processor.py:914} INFO - Processing file /home/airflow/.local/lib/python3.12/site-packages/airflow/example_dags/tutorial.py for tasks to queue
[2026-05-28T07:23:28.960+0000] {logging_mixin.py:190} INFO - [2026-05-28T07:23:28.959+0000] {dagbag.py:588} INFO - Filling up the DagBag from /home/airflow/.local/lib/python3.12/site-packages/airflow/example_dags/tutorial.py
[2026-05-28T07:23:28.978+0000] {processor.py:925} INFO - DAG(s) 'tutorial' retrieved from /home/airflow/.local/lib/python3.12/site-packages/airflow/example_dags/tutorial.py
[2026-05-28T07:23:29.141+0000] {logging_mixin.py:190} INFO - [2026-05-28T07:23:29.139+0000] {override.py:1932} INFO - Created Permission View: can delete on DAG:tutorial
[2026-05-28T07:23:29.165+0000] {logging_mixin.py:190} INFO - [2026-05-28T07:23:29.165+0000] {override.py:1932} INFO - Created Permission View: can read on DAG:tutorial
[2026-05-28T07:23:29.181+0000] {logging_mixin.py:190} INFO - [2026-05-28T07:23:29.181+0000] {override.py:1932} INFO - Created Permission View: can edit on DAG:tutorial
[2026-05-28T07:23:29.201+0000] {logging_mixin.py:190} INFO - [2026-05-28T07:23:29.201+0000] {override.py:1932} INFO - Created Permission View: can create on DAG Run:tutorial
[2026-05-28T07:23:29.217+0000] {logging_mixin.py:190} INFO - [2026-05-28T07:23:29.216+0000] {override.py:1932} INFO - Created Permission View: can read on DAG Run:tutorial
[2026-05-28T07:23:29.230+0000] {logging_mixin.py:190} INFO - [2026-05-28T07:23:29.230+0000] {override.py:1932} INFO - Created Permission View: can delete on DAG Run:tutorial
[2026-05-28T07:23:29.244+0000] {logging_mixin.py:190} INFO - [2026-05-28T07:23:29.244+0000] {override.py:1932} INFO - Created Permission View: menu access on DAG Run:tutorial
[2026-05-28T07:23:29.245+0000] {logging_mixin.py:190} INFO - [2026-05-28T07:23:29.245+0000] {dag.py:3239} INFO - Sync 1 DAGs
[2026-05-28T07:23:29.266+0000] {logging_mixin.py:190} INFO - [2026-05-28T07:23:29.266+0000] {dag.py:3262} INFO - Creating ORM DAG for tutorial
[2026-05-28T07:23:29.289+0000] {logging_mixin.py:190} INFO - [2026-05-28T07:23:29.288+0000] {dag.py:4180} INFO - Setting next_dagrun for tutorial to 2026-05-27 00:00:00+00:00, run_after=2026-05-28 00:00:00+00:00
[2026-05-28T07:23:29.324+0000] {processor.py:208} INFO - Processing /home/airflow/.local/lib/python3.12/site-packages/airflow/example_dags/tutorial.py took 0.381 seconds
[2026-05-28T07:24:07.639+0000] {processor.py:186} INFO - Started process (PID=210) to work on /home/airflow/.local/lib/python3.12/site-packages/airflow/example_dags/tutorial.py
[2026-05-28T07:24:07.641+0000] {processor.py:914} INFO - Processing file /home/airflow/.local/lib/python3.12/site-packages/airflow/example_dags/tutorial.py for tasks to queue
[2026-05-28T07:24:07.645+0000] {logging_mixin.py:190} INFO - [2026-05-28T07:24:07.645+0000] {dagbag.py:588} INFO - Filling up the DagBag from /home/airflow/.local/lib/python3.12/site-packages/airflow/example_dags/tutorial.py
[2026-05-28T07:24:07.658+0000] {processor.py:925} INFO - DAG(s) 'tutorial' retrieved from /home/airflow/.local/lib/python3.12/site-packages/airflow/example_dags/tutorial.py
[2026-05-28T07:24:07.704+0000] {logging_mixin.py:190} INFO - [2026-05-28T07:24:07.704+0000] {dag.py:3239} INFO - Sync 1 DAGs
[2026-05-28T07:24:07.745+0000] {logging_mixin.py:190} INFO - [2026-05-28T07:24:07.745+0000] {dag.py:4180} INFO - Setting next_dagrun for tutorial to 2026-05-27 00:00:00+00:00, run_after=2026-05-28 00:00:00+00:00
[2026-05-28T07:24:07.788+0000] {processor.py:208} INFO - Processing /home/airflow/.local/lib/python3.12/site-packages/airflow/example_dags/tutorial.py took 0.157 seconds
[2026-05-28T07:24:47.194+0000] {processor.py:186} INFO - Started process (PID=281) to work on /home/airflow/.local/lib/python3.12/site-packages/airflow/example_dags/tutorial.py
[2026-05-28T07:24:47.196+0000] {processor.py:914} INFO - Processing file /home/airflow/.local/lib/python3.12/site-packages/airflow/example_dags/tutorial.py for tasks to queue
[2026-05-28T07:24:47.200+0000] {logging_mixin.py:190} INFO - [2026-05-28T07:24:47.199+0000] {dagbag.py:588} INFO - Filling up the DagBag from /home/airflow/.local/lib/python3.12/site-packages/airflow/example_dags/tutorial.py
[2026-05-28T07:24:47.212+0000] {processor.py:925} INFO - DAG(s) 'tutorial' retrieved from /home/airflow/.local/lib/python3.12/site-packages/airflow/example_dags/tutorial.py
[2026-05-28T07:24:47.245+0000] {logging_mixin.py:190} INFO - [2026-05-28T07:24:47.244+0000] {dag.py:3239} INFO - Sync 1 DAGs
[2026-05-28T07:24:47.282+0000] {logging_mixin.py:190} INFO - [2026-05-28T07:24:47.282+0000] {dag.py:4180} INFO - Setting next_dagrun for tutorial to 2026-05-27 00:00:00+00:00, run_after=2026-05-28 00:00:00+00:00
[2026-05-28T07:24:47.320+0000] {processor.py:208} INFO - Processing /home/airflow/.local/lib/python3.12/site-packages/airflow/example_dags/tutorial.py took 0.134 seconds
[2026-05-28T07:25:18.359+0000] {processor.py:186} INFO - Started process (PID=343) to work on /home/airflow/.local/lib/python3.12/site-packages/airflow/example_dags/tutorial.py
[2026-05-28T07:25:18.364+0000] {processor.py:914} INFO - Processing file /home/airflow/.local/lib/python3.12/site-packages/airflow/example_dags/tutorial.py for tasks to queue
[2026-05-28T07:25:18.369+0000] {logging_mixin.py:190} INFO - [2026-05-28T07:25:18.369+0000] {dagbag.py:588} INFO - Filling up the DagBag from /home/airflow/.local/lib/python3.12/site-packages/airflow/example_dags/tutorial.py
[2026-05-28T07:25:18.386+0000] {processor.py:925} INFO - DAG(s) 'tutorial' retrieved from /home/airflow/.local/lib/python3.12/site-packages/airflow/example_dags/tutorial.py
[2026-05-28T07:25:18.445+0000] {logging_mixin.py:190} INFO - [2026-05-28T07:25:18.444+0000] {dag.py:3239} INFO - Sync 1 DAGs
[2026-05-28T07:25:18.484+0000] {logging_mixin.py:190} INFO - [2026-05-28T07:25:18.484+0000] {dag.py:4180} INFO - Setting next_dagrun for tutorial to 2026-05-27 00:00:00+00:00, run_after=2026-05-28 00:00:00+00:00
[2026-05-28T07:25:18.517+0000] {processor.py:208} INFO - Processing /home/airflow/.local/lib/python3.12/site-packages/airflow/example_dags/tutorial.py took 0.170 seconds
[2026-05-28T07:25:51.600+0000] {processor.py:186} INFO - Started process (PID=405) to work on /home/airflow/.local/lib/python3.12/site-packages/airflow/example_dags/tutorial.py
[2026-05-28T07:25:51.602+0000] {processor.py:914} INFO - Processing file /home/airflow/.local/lib/python3.12/site-packages/airflow/example_dags/tutorial.py for tasks to queue
[2026-05-28T07:25:51.606+0000] {logging_mixin.py:190} INFO - [2026-05-28T07:25:51.605+0000] {dagbag.py:588} INFO - Filling up the DagBag from /home/airflow/.local/lib/python3.12/site-packages/airflow/example_dags/tutorial.py
[2026-05-28T07:25:51.617+0000] {processor.py:925} INFO - DAG(s) 'tutorial' retrieved from /home/airflow/.local/lib/python3.12/site-packages/airflow/example_dags/tutorial.py
[2026-05-28T07:25:51.654+0000] {logging_mixin.py:190} INFO - [2026-05-28T07:25:51.653+0000] {dag.py:3239} INFO - Sync 1 DAGs
[2026-05-28T07:25:51.704+0000] {logging_mixin.py:190} INFO - [2026-05-28T07:25:51.704+0000] {dag.py:4180} INFO - Setting next_dagrun for tutorial to 2026-05-27 00:00:00+00:00, run_after=2026-05-28 00:00:00+00:00
[2026-05-28T07:25:51.774+0000] {processor.py:208} INFO - Processing /home/airflow/.local/lib/python3.12/site-packages/airflow/example_dags/tutorial.py took 0.181 seconds
[2026-05-28T07:26:26.431+0000] {processor.py:186} INFO - Started process (PID=468) to work on /home/airflow/.local/lib/python3.12/site-packages/airflow/example_dags/tutorial.py
[2026-05-28T07:26:26.433+0000] {processor.py:914} INFO - Processing file /home/airflow/.local/lib/python3.12/site-packages/airflow/example_dags/tutorial.py for tasks to queue
[2026-05-28T07:26:26.443+0000] {logging_mixin.py:190} INFO - [2026-05-28T07:26:26.442+0000] {dagbag.py:588} INFO - Filling up the DagBag from /home/airflow/.local/lib/python3.12/site-packages/airflow/example_dags/tutorial.py
[2026-05-28T07:26:26.458+0000] {processor.py:925} INFO - DAG(s) 'tutorial' retrieved from /home/airflow/.local/lib/python3.12/site-packages/airflow/example_dags/tutorial.py
[2026-05-28T07:26:26.495+0000] {logging_mixin.py:190} INFO - [2026-05-28T07:26:26.494+0000] {dag.py:3239} INFO - Sync 1 DAGs
[2026-05-28T07:26:26.535+0000] {logging_mixin.py:190} INFO - [2026-05-28T07:26:26.535+0000] {dag.py:4180} INFO - Setting next_dagrun for tutorial to 2026-05-27 00:00:00+00:00, run_after=2026-05-28 00:00:00+00:00
[2026-05-28T07:26:26.569+0000] {processor.py:208} INFO - Processing /home/airflow/.local/lib/python3.12/site-packages/airflow/example_dags/tutorial.py took 0.145 seconds
[2026-05-28T07:26:57.752+0000] {processor.py:186} INFO - Started process (PID=529) to work on /home/airflow/.local/lib/python3.12/site-packages/airflow/example_dags/tutorial.py
[2026-05-28T07:26:57.754+0000] {processor.py:914} INFO - Processing file /home/airflow/.local/lib/python3.12/site-packages/airflow/example_dags/tutorial.py for tasks to queue
[2026-05-28T07:26:57.760+0000] {logging_mixin.py:190} INFO - [2026-05-28T07:26:57.759+0000] {dagbag.py:588} INFO - Filling up the DagBag from /home/airflow/.local/lib/python3.12/site-packages/airflow/example_dags/tutorial.py
[2026-05-28T07:26:57.772+0000] {processor.py:925} INFO - DAG(s) 'tutorial' retrieved from /home/airflow/.local/lib/python3.12/site-packages/airflow/example_dags/tutorial.py
[2026-05-28T07:26:57.810+0000] {logging_mixin.py:190} INFO - [2026-05-28T07:26:57.809+0000] {dag.py:3239} INFO - Sync 1 DAGs
[2026-05-28T07:26:57.843+0000] {logging_mixin.py:190} INFO - [2026-05-28T07:26:57.843+0000] {dag.py:4180} INFO - Setting next_dagrun for tutorial to 2026-05-27 00:00:00+00:00, run_after=2026-05-28 00:00:00+00:00
[2026-05-28T07:26:57.886+0000] {processor.py:208} INFO - Processing /home/airflow/.local/lib/python3.12/site-packages/airflow/example_dags/tutorial.py took 0.144 seconds
[2026-05-28T07:27:30.689+0000] {processor.py:186} INFO - Started process (PID=592) to work on /home/airflow/.local/lib/python3.12/site-packages/airflow/example_dags/tutorial.py
[2026-05-28T07:27:30.691+0000] {processor.py:914} INFO - Processing file /home/airflow/.local/lib/python3.12/site-packages/airflow/example_dags/tutorial.py for tasks to queue
[2026-05-28T07:27:30.697+0000] {logging_mixin.py:190} INFO - [2026-05-28T07:27:30.696+0000] {dagbag.py:588} INFO - Filling up the DagBag from /home/airflow/.local/lib/python3.12/site-packages/airflow/example_dags/tutorial.py
[2026-05-28T07:27:30.714+0000] {processor.py:925} INFO - DAG(s) 'tutorial' retrieved from /home/airflow/.local/lib/python3.12/site-packages/airflow/example_dags/tutorial.py
[2026-05-28T07:27:30.763+0000] {logging_mixin.py:190} INFO - [2026-05-28T07:27:30.762+0000] {dag.py:3239} INFO - Sync 1 DAGs
[2026-05-28T07:27:30.817+0000] {logging_mixin.py:190} INFO - [2026-05-28T07:27:30.817+0000] {dag.py:4180} INFO - Setting next_dagrun for tutorial to 2026-05-27 00:00:00+00:00, run_after=2026-05-28 00:00:00+00:00
[2026-05-28T07:27:30.867+0000] {processor.py:208} INFO - Processing /home/airflow/.local/lib/python3.12/site-packages/airflow/example_dags/tutorial.py took 0.188 seconds
[2026-05-28T07:28:12.801+0000] {processor.py:186} INFO - Started process (PID=659) to work on /home/airflow/.local/lib/python3.12/site-packages/airflow/example_dags/tutorial.py
[2026-05-28T07:28:12.803+0000] {processor.py:914} INFO - Processing file /home/airflow/.local/lib/python3.12/site-packages/airflow/example_dags/tutorial.py for tasks to queue
[2026-05-28T07:28:12.806+0000] {logging_mixin.py:190} INFO - [2026-05-28T07:28:12.806+0000] {dagbag.py:588} INFO - Filling up the DagBag from /home/airflow/.local/lib/python3.12/site-packages/airflow/example_dags/tutorial.py
[2026-05-28T07:28:12.823+0000] {processor.py:925} INFO - DAG(s) 'tutorial' retrieved from /home/airflow/.local/lib/python3.12/site-packages/airflow/example_dags/tutorial.py
[2026-05-28T07:28:12.868+0000] {logging_mixin.py:190} INFO - [2026-05-28T07:28:12.868+0000] {dag.py:3239} INFO - Sync 1 DAGs
[2026-05-28T07:28:12.908+0000] {logging_mixin.py:190} INFO - [2026-05-28T07:28:12.908+0000] {dag.py:4180} INFO - Setting next_dagrun for tutorial to 2026-05-27 00:00:00+00:00, run_after=2026-05-28 00:00:00+00:00
[2026-05-28T07:28:12.947+0000] {processor.py:208} INFO - Processing /home/airflow/.local/lib/python3.12/site-packages/airflow/example_dags/tutorial.py took 0.155 seconds
[2026-05-28T07:28:43.828+0000] {processor.py:186} INFO - Started process (PID=722) to work on /home/airflow/.local/lib/python3.12/site-packages/airflow/example_dags/tutorial.py
[2026-05-28T07:28:43.831+0000] {processor.py:914} INFO - Processing file /home/airflow/.local/lib/python3.12/site-packages/airflow/example_dags/tutorial.py for tasks to queue
[2026-05-28T07:28:43.836+0000] {logging_mixin.py:190} INFO - [2026-05-28T07:28:43.835+0000] {dagbag.py:588} INFO - Filling up the DagBag from /home/airflow/.local/lib/python3.12/site-packages/airflow/example_dags/tutorial.py
[2026-05-28T07:28:43.863+0000] {processor.py:925} INFO - DAG(s) 'tutorial' retrieved from /home/airflow/.local/lib/python3.12/site-packages/airflow/example_dags/tutorial.py
[2026-05-28T07:28:43.924+0000] {logging_mixin.py:190} INFO - [2026-05-28T07:28:43.924+0000] {dag.py:3239} INFO - Sync 1 DAGs
[2026-05-28T07:28:43.988+0000] {logging_mixin.py:190} INFO - [2026-05-28T07:28:43.987+0000] {dag.py:4180} INFO - Setting next_dagrun for tutorial to 2026-05-27 00:00:00+00:00, run_after=2026-05-28 00:00:00+00:00
[2026-05-28T07:28:44.027+0000] {processor.py:208} INFO - Processing /home/airflow/.local/lib/python3.12/site-packages/airflow/example_dags/tutorial.py took 0.209 seconds
[2026-05-28T07:29:14.440+0000] {processor.py:186} INFO - Started process (PID=784) to work on /home/airflow/.local/lib/python3.12/site-packages/airflow/example_dags/tutorial.py
[2026-05-28T07:29:14.442+0000] {processor.py:914} INFO - Processing file /home/airflow/.local/lib/python3.12/site-packages/airflow/example_dags/tutorial.py for tasks to queue
[2026-05-28T07:29:14.446+0000] {logging_mixin.py:190} INFO - [2026-05-28T07:29:14.445+0000] {dagbag.py:588} INFO - Filling up the DagBag from /home/airflow/.local/lib/python3.12/site-packages/airflow/example_dags/tutorial.py
[2026-05-28T07:29:14.460+0000] {processor.py:925} INFO - DAG(s) 'tutorial' retrieved from /home/airflow/.local/lib/python3.12/site-packages/airflow/example_dags/tutorial.py
[2026-05-28T07:29:14.511+0000] {logging_mixin.py:190} INFO - [2026-05-28T07:29:14.511+0000] {dag.py:3239} INFO - Sync 1 DAGs
[2026-05-28T07:29:14.550+0000] {logging_mixin.py:190} INFO - [2026-05-28T07:29:14.549+0000] {dag.py:4180} INFO - Setting next_dagrun for tutorial to 2026-05-27 00:00:00+00:00, run_after=2026-05-28 00:00:00+00:00
[2026-05-28T07:29:14.582+0000] {processor.py:208} INFO - Processing /home/airflow/.local/lib/python3.12/site-packages/airflow/example_dags/tutorial.py took 0.150 seconds
[2026-05-28T07:29:54.265+0000] {processor.py:186} INFO - Started process (PID=848) to work on /home/airflow/.local/lib/python3.12/site-packages/airflow/example_dags/tutorial.py
[2026-05-28T07:29:54.267+0000] {processor.py:914} INFO - Processing file /home/airflow/.local/lib/python3.12/site-packages/airflow/example_dags/tutorial.py for tasks to queue
[2026-05-28T07:29:54.272+0000] {logging_mixin.py:190} INFO - [2026-05-28T07:29:54.272+0000] {dagbag.py:588} INFO - Filling up the DagBag from /home/airflow/.local/lib/python3.12/site-packages/airflow/example_dags/tutorial.py
[2026-05-28T07:29:54.286+0000] {processor.py:925} INFO - DAG(s) 'tutorial' retrieved from /home/airflow/.local/lib/python3.12/site-packages/airflow/example_dags/tutorial.py
[2026-05-28T07:29:54.333+0000] {logging_mixin.py:190} INFO - [2026-05-28T07:29:54.331+0000] {dag.py:3239} INFO - Sync 1 DAGs
[2026-05-28T07:29:54.394+0000] {logging_mixin.py:190} INFO - [2026-05-28T07:29:54.393+0000] {dag.py:4180} INFO - Setting next_dagrun for tutorial to 2026-05-27 00:00:00+00:00, run_after=2026-05-28 00:00:00+00:00
[2026-05-28T07:29:54.439+0000] {processor.py:208} INFO - Processing /home/airflow/.local/lib/python3.12/site-packages/airflow/example_dags/tutorial.py took 0.182 seconds
[2026-05-28T07:30:31.882+0000] {processor.py:186} INFO - Started process (PID=914) to work on /home/airflow/.local/lib/python3.12/site-packages/airflow/example_dags/tutorial.py
[2026-05-28T07:30:31.884+0000] {processor.py:914} INFO - Processing file /home/airflow/.local/lib/python3.12/site-packages/airflow/example_dags/tutorial.py for tasks to queue
[2026-05-28T07:30:31.889+0000] {logging_mixin.py:190} INFO - [2026-05-28T07:30:31.889+0000] {dagbag.py:588} INFO - Filling up the DagBag from /home/airflow/.local/lib/python3.12/site-packages/airflow/example_dags/tutorial.py
[2026-05-28T07:30:31.902+0000] {processor.py:925} INFO - DAG(s) 'tutorial' retrieved from /home/airflow/.local/lib/python3.12/site-packages/airflow/example_dags/tutorial.py
[2026-05-28T07:30:31.950+0000] {logging_mixin.py:190} INFO - [2026-05-28T07:30:31.949+0000] {dag.py:3239} INFO - Sync 1 DAGs
[2026-05-28T07:30:31.995+0000] {logging_mixin.py:190} INFO - [2026-05-28T07:30:31.994+0000] {dag.py:4180} INFO - Setting next_dagrun for tutorial to 2026-05-27 00:00:00+00:00, run_after=2026-05-28 00:00:00+00:00
[2026-05-28T07:30:32.046+0000] {processor.py:208} INFO - Processing /home/airflow/.local/lib/python3.12/site-packages/airflow/example_dags/tutorial.py took 0.172 seconds
[2026-05-28T07:31:09.490+0000] {processor.py:186} INFO - Started process (PID=983) to work on /home/airflow/.local/lib/python3.12/site-packages/airflow/example_dags/tutorial.py
[2026-05-28T07:31:09.491+0000] {processor.py:914} INFO - Processing file /home/airflow/.local/lib/python3.12/site-packages/airflow/example_dags/tutorial.py for tasks to queue
[2026-05-28T07:31:09.496+0000] {logging_mixin.py:190} INFO - [2026-05-28T07:31:09.495+0000] {dagbag.py:588} INFO - Filling up the DagBag from /home/airflow/.local/lib/python3.12/site-packages/airflow/example_dags/tutorial.py
[2026-05-28T07:31:09.511+0000] {processor.py:925} INFO - DAG(s) 'tutorial' retrieved from /home/airflow/.local/lib/python3.12/site-packages/airflow/example_dags/tutorial.py
[2026-05-28T07:31:09.561+0000] {logging_mixin.py:190} INFO - [2026-05-28T07:31:09.561+0000] {dag.py:3239} INFO - Sync 1 DAGs
[2026-05-28T07:31:09.606+0000] {logging_mixin.py:190} INFO - [2026-05-28T07:31:09.605+0000] {dag.py:4180} INFO - Setting next_dagrun for tutorial to 2026-05-27 00:00:00+00:00, run_after=2026-05-28 00:00:00+00:00
[2026-05-28T07:31:09.652+0000] {processor.py:208} INFO - Processing /home/airflow/.local/lib/python3.12/site-packages/airflow/example_dags/tutorial.py took 0.171 seconds
[2026-05-28T07:31:52.493+0000] {processor.py:186} INFO - Started process (PID=1071) to work on /home/airflow/.local/lib/python3.12/site-packages/airflow/example_dags/tutorial.py
[2026-05-28T07:31:52.497+0000] {processor.py:914} INFO - Processing file /home/airflow/.local/lib/python3.12/site-packages/airflow/example_dags/tutorial.py for tasks to queue
[2026-05-28T07:31:52.502+0000] {logging_mixin.py:190} INFO - [2026-05-28T07:31:52.502+0000] {dagbag.py:588} INFO - Filling up the DagBag from /home/airflow/.local/lib/python3.12/site-packages/airflow/example_dags/tutorial.py
[2026-05-28T07:31:52.525+0000] {processor.py:925} INFO - DAG(s) 'tutorial' retrieved from /home/airflow/.local/lib/python3.12/site-packages/airflow/example_dags/tutorial.py
[2026-05-28T07:31:52.582+0000] {logging_mixin.py:190} INFO - [2026-05-28T07:31:52.582+0000] {dag.py:3239} INFO - Sync 1 DAGs
[2026-05-28T07:31:52.630+0000] {logging_mixin.py:190} INFO - [2026-05-28T07:31:52.630+0000] {dag.py:4180} INFO - Setting next_dagrun for tutorial to 2026-05-27 00:00:00+00:00, run_after=2026-05-28 00:00:00+00:00
[2026-05-28T07:31:52.663+0000] {processor.py:208} INFO - Processing /home/airflow/.local/lib/python3.12/site-packages/airflow/example_dags/tutorial.py took 0.184 seconds
[2026-05-28T07:36:19.033+0000] {processor.py:186} INFO - Started process (PID=133) to work on /home/airflow/.local/lib/python3.12/site-packages/airflow/example_dags/tutorial.py
[2026-05-28T07:36:19.035+0000] {processor.py:914} INFO - Processing file /home/airflow/.local/lib/python3.12/site-packages/airflow/example_dags/tutorial.py for tasks to queue
[2026-05-28T07:36:19.043+0000] {logging_mixin.py:190} INFO - [2026-05-28T07:36:19.043+0000] {dagbag.py:588} INFO - Filling up the DagBag from /home/airflow/.local/lib/python3.12/site-packages/airflow/example_dags/tutorial.py
[2026-05-28T07:36:19.057+0000] {processor.py:925} INFO - DAG(s) 'tutorial' retrieved from /home/airflow/.local/lib/python3.12/site-packages/airflow/example_dags/tutorial.py
[2026-05-28T07:36:19.227+0000] {logging_mixin.py:190} INFO - [2026-05-28T07:36:19.226+0000] {override.py:1932} INFO - Created Permission View: can delete on DAG:tutorial
[2026-05-28T07:36:19.244+0000] {logging_mixin.py:190} INFO - [2026-05-28T07:36:19.244+0000] {override.py:1932} INFO - Created Permission View: can read on DAG:tutorial
[2026-05-28T07:36:19.257+0000] {logging_mixin.py:190} INFO - [2026-05-28T07:36:19.257+0000] {override.py:1932} INFO - Created Permission View: can edit on DAG:tutorial
[2026-05-28T07:36:19.271+0000] {logging_mixin.py:190} INFO - [2026-05-28T07:36:19.271+0000] {override.py:1932} INFO - Created Permission View: can delete on DAG Run:tutorial
[2026-05-28T07:36:19.284+0000] {logging_mixin.py:190} INFO - [2026-05-28T07:36:19.284+0000] {override.py:1932} INFO - Created Permission View: can read on DAG Run:tutorial
[2026-05-28T07:36:19.297+0000] {logging_mixin.py:190} INFO - [2026-05-28T07:36:19.297+0000] {override.py:1932} INFO - Created Permission View: menu access on DAG Run:tutorial
[2026-05-28T07:36:19.309+0000] {logging_mixin.py:190} INFO - [2026-05-28T07:36:19.309+0000] {override.py:1932} INFO - Created Permission View: can create on DAG Run:tutorial
[2026-05-28T07:36:19.310+0000] {logging_mixin.py:190} INFO - [2026-05-28T07:36:19.310+0000] {dag.py:3239} INFO - Sync 1 DAGs
[2026-05-28T07:36:19.329+0000] {logging_mixin.py:190} INFO - [2026-05-28T07:36:19.328+0000] {dag.py:3262} INFO - Creating ORM DAG for tutorial
[2026-05-28T07:36:19.346+0000] {logging_mixin.py:190} INFO - [2026-05-28T07:36:19.345+0000] {dag.py:4180} INFO - Setting next_dagrun for tutorial to 2026-05-27 00:00:00+00:00, run_after=2026-05-28 00:00:00+00:00
[2026-05-28T07:36:19.374+0000] {processor.py:208} INFO - Processing /home/airflow/.local/lib/python3.12/site-packages/airflow/example_dags/tutorial.py took 0.348 seconds
[2026-05-28T07:36:59.653+0000] {processor.py:186} INFO - Started process (PID=212) to work on /home/airflow/.local/lib/python3.12/site-packages/airflow/example_dags/tutorial.py
[2026-05-28T07:36:59.659+0000] {processor.py:914} INFO - Processing file /home/airflow/.local/lib/python3.12/site-packages/airflow/example_dags/tutorial.py for tasks to queue
[2026-05-28T07:36:59.669+0000] {logging_mixin.py:190} INFO - [2026-05-28T07:36:59.668+0000] {dagbag.py:588} INFO - Filling up the DagBag from /home/airflow/.local/lib/python3.12/site-packages/airflow/example_dags/tutorial.py
[2026-05-28T07:36:59.689+0000] {processor.py:925} INFO - DAG(s) 'tutorial' retrieved from /home/airflow/.local/lib/python3.12/site-packages/airflow/example_dags/tutorial.py
[2026-05-28T07:36:59.745+0000] {logging_mixin.py:190} INFO - [2026-05-28T07:36:59.744+0000] {dag.py:3239} INFO - Sync 1 DAGs
[2026-05-28T07:36:59.813+0000] {logging_mixin.py:190} INFO - [2026-05-28T07:36:59.812+0000] {dag.py:4180} INFO - Setting next_dagrun for tutorial to 2026-05-27 00:00:00+00:00, run_after=2026-05-28 00:00:00+00:00
[2026-05-28T07:36:59.875+0000] {processor.py:208} INFO - Processing /home/airflow/.local/lib/python3.12/site-packages/airflow/example_dags/tutorial.py took 0.235 seconds
[2026-05-28T07:37:37.003+0000] {processor.py:186} INFO - Started process (PID=283) to work on /home/airflow/.local/lib/python3.12/site-packages/airflow/example_dags/tutorial.py
[2026-05-28T07:37:37.005+0000] {processor.py:914} INFO - Processing file /home/airflow/.local/lib/python3.12/site-packages/airflow/example_dags/tutorial.py for tasks to queue
[2026-05-28T07:37:37.009+0000] {logging_mixin.py:190} INFO - [2026-05-28T07:37:37.009+0000] {dagbag.py:588} INFO - Filling up the DagBag from /home/airflow/.local/lib/python3.12/site-packages/airflow/example_dags/tutorial.py
[2026-05-28T07:37:37.025+0000] {processor.py:925} INFO - DAG(s) 'tutorial' retrieved from /home/airflow/.local/lib/python3.12/site-packages/airflow/example_dags/tutorial.py
[2026-05-28T07:37:37.074+0000] {logging_mixin.py:190} INFO - [2026-05-28T07:37:37.074+0000] {dag.py:3239} INFO - Sync 1 DAGs
[2026-05-28T07:37:37.118+0000] {logging_mixin.py:190} INFO - [2026-05-28T07:37:37.118+0000] {dag.py:4180} INFO - Setting next_dagrun for tutorial to 2026-05-27 00:00:00+00:00, run_after=2026-05-28 00:00:00+00:00
[2026-05-28T07:37:37.162+0000] {processor.py:208} INFO - Processing /home/airflow/.local/lib/python3.12/site-packages/airflow/example_dags/tutorial.py took 0.168 seconds
[2026-05-28T07:38:08.131+0000] {processor.py:186} INFO - Started process (PID=346) to work on /home/airflow/.local/lib/python3.12/site-packages/airflow/example_dags/tutorial.py
[2026-05-28T07:38:08.133+0000] {processor.py:914} INFO - Processing file /home/airflow/.local/lib/python3.12/site-packages/airflow/example_dags/tutorial.py for tasks to queue
[2026-05-28T07:38:08.137+0000] {logging_mixin.py:190} INFO - [2026-05-28T07:38:08.137+0000] {dagbag.py:588} INFO - Filling up the DagBag from /home/airflow/.local/lib/python3.12/site-packages/airflow/example_dags/tutorial.py
[2026-05-28T07:38:08.154+0000] {processor.py:925} INFO - DAG(s) 'tutorial' retrieved from /home/airflow/.local/lib/python3.12/site-packages/airflow/example_dags/tutorial.py
[2026-05-28T07:38:08.207+0000] {logging_mixin.py:190} INFO - [2026-05-28T07:38:08.207+0000] {dag.py:3239} INFO - Sync 1 DAGs
[2026-05-28T07:38:08.263+0000] {logging_mixin.py:190} INFO - [2026-05-28T07:38:08.262+0000] {dag.py:4180} INFO - Setting next_dagrun for tutorial to 2026-05-27 00:00:00+00:00, run_after=2026-05-28 00:00:00+00:00
[2026-05-28T07:38:08.304+0000] {processor.py:208} INFO - Processing /home/airflow/.local/lib/python3.12/site-packages/airflow/example_dags/tutorial.py took 0.184 seconds
[2026-05-28T07:38:43.198+0000] {processor.py:186} INFO - Started process (PID=408) to work on /home/airflow/.local/lib/python3.12/site-packages/airflow/example_dags/tutorial.py
[2026-05-28T07:38:43.200+0000] {processor.py:914} INFO - Processing file /home/airflow/.local/lib/python3.12/site-packages/airflow/example_dags/tutorial.py for tasks to queue
[2026-05-28T07:38:43.205+0000] {logging_mixin.py:190} INFO - [2026-05-28T07:38:43.204+0000] {dagbag.py:588} INFO - Filling up the DagBag from /home/airflow/.local/lib/python3.12/site-packages/airflow/example_dags/tutorial.py
[2026-05-28T07:38:43.223+0000] {processor.py:925} INFO - DAG(s) 'tutorial' retrieved from /home/airflow/.local/lib/python3.12/site-packages/airflow/example_dags/tutorial.py
[2026-05-28T07:38:43.269+0000] {logging_mixin.py:190} INFO - [2026-05-28T07:38:43.269+0000] {dag.py:3239} INFO - Sync 1 DAGs
[2026-05-28T07:38:43.323+0000] {logging_mixin.py:190} INFO - [2026-05-28T07:38:43.322+0000] {dag.py:4180} INFO - Setting next_dagrun for tutorial to 2026-05-27 00:00:00+00:00, run_after=2026-05-28 00:00:00+00:00
[2026-05-28T07:38:43.363+0000] {processor.py:208} INFO - Processing /home/airflow/.local/lib/python3.12/site-packages/airflow/example_dags/tutorial.py took 0.175 seconds
[2026-05-28T07:39:19.612+0000] {processor.py:186} INFO - Started process (PID=479) to work on /home/airflow/.local/lib/python3.12/site-packages/airflow/example_dags/tutorial.py
[2026-05-28T07:39:19.613+0000] {processor.py:914} INFO - Processing file /home/airflow/.local/lib/python3.12/site-packages/airflow/example_dags/tutorial.py for tasks to queue
[2026-05-28T07:39:19.619+0000] {logging_mixin.py:190} INFO - [2026-05-28T07:39:19.618+0000] {dagbag.py:588} INFO - Filling up the DagBag from /home/airflow/.local/lib/python3.12/site-packages/airflow/example_dags/tutorial.py
[2026-05-28T07:39:19.634+0000] {processor.py:925} INFO - DAG(s) 'tutorial' retrieved from /home/airflow/.local/lib/python3.12/site-packages/airflow/example_dags/tutorial.py
[2026-05-28T07:39:19.677+0000] {logging_mixin.py:190} INFO - [2026-05-28T07:39:19.676+0000] {dag.py:3239} INFO - Sync 1 DAGs
[2026-05-28T07:39:19.717+0000] {logging_mixin.py:190} INFO - [2026-05-28T07:39:19.717+0000] {dag.py:4180} INFO - Setting next_dagrun for tutorial to 2026-05-27 00:00:00+00:00, run_after=2026-05-28 00:00:00+00:00
[2026-05-28T07:39:19.762+0000] {processor.py:208} INFO - Processing /home/airflow/.local/lib/python3.12/site-packages/airflow/example_dags/tutorial.py took 0.160 seconds
[2026-05-28T07:39:52.193+0000] {processor.py:186} INFO - Started process (PID=540) to work on /home/airflow/.local/lib/python3.12/site-packages/airflow/example_dags/tutorial.py
[2026-05-28T07:39:52.195+0000] {processor.py:914} INFO - Processing file /home/airflow/.local/lib/python3.12/site-packages/airflow/example_dags/tutorial.py for tasks to queue
[2026-05-28T07:39:52.200+0000] {logging_mixin.py:190} INFO - [2026-05-28T07:39:52.200+0000] {dagbag.py:588} INFO - Filling up the DagBag from /home/airflow/.local/lib/python3.12/site-packages/airflow/example_dags/tutorial.py
[2026-05-28T07:39:52.214+0000] {processor.py:925} INFO - DAG(s) 'tutorial' retrieved from /home/airflow/.local/lib/python3.12/site-packages/airflow/example_dags/tutorial.py
[2026-05-28T07:39:52.255+0000] {logging_mixin.py:190} INFO - [2026-05-28T07:39:52.254+0000] {dag.py:3239} INFO - Sync 1 DAGs
[2026-05-28T07:39:52.287+0000] {logging_mixin.py:190} INFO - [2026-05-28T07:39:52.287+0000] {dag.py:4180} INFO - Setting next_dagrun for tutorial to 2026-05-27 00:00:00+00:00, run_after=2026-05-28 00:00:00+00:00
[2026-05-28T07:39:52.321+0000] {processor.py:208} INFO - Processing /home/airflow/.local/lib/python3.12/site-packages/airflow/example_dags/tutorial.py took 0.141 seconds
[2026-05-28T07:40:33.333+0000] {processor.py:186} INFO - Started process (PID=605) to work on /home/airflow/.local/lib/python3.12/site-packages/airflow/example_dags/tutorial.py
[2026-05-28T07:40:33.336+0000] {processor.py:914} INFO - Processing file /home/airflow/.local/lib/python3.12/site-packages/airflow/example_dags/tutorial.py for tasks to queue
[2026-05-28T07:40:33.342+0000] {logging_mixin.py:190} INFO - [2026-05-28T07:40:33.341+0000] {dagbag.py:588} INFO - Filling up the DagBag from /home/airflow/.local/lib/python3.12/site-packages/airflow/example_dags/tutorial.py
[2026-05-28T07:40:33.360+0000] {processor.py:925} INFO - DAG(s) 'tutorial' retrieved from /home/airflow/.local/lib/python3.12/site-packages/airflow/example_dags/tutorial.py
[2026-05-28T07:40:33.417+0000] {logging_mixin.py:190} INFO - [2026-05-28T07:40:33.416+0000] {dag.py:3239} INFO - Sync 1 DAGs
[2026-05-28T07:40:33.459+0000] {logging_mixin.py:190} INFO - [2026-05-28T07:40:33.458+0000] {dag.py:4180} INFO - Setting next_dagrun for tutorial to 2026-05-27 00:00:00+00:00, run_after=2026-05-28 00:00:00+00:00
[2026-05-28T07:40:33.511+0000] {processor.py:208} INFO - Processing /home/airflow/.local/lib/python3.12/site-packages/airflow/example_dags/tutorial.py took 0.188 seconds
[2026-05-28T07:41:09.813+0000] {processor.py:186} INFO - Started process (PID=668) to work on /home/airflow/.local/lib/python3.12/site-packages/airflow/example_dags/tutorial.py
[2026-05-28T07:41:09.815+0000] {processor.py:914} INFO - Processing file /home/airflow/.local/lib/python3.12/site-packages/airflow/example_dags/tutorial.py for tasks to queue
[2026-05-28T07:41:09.820+0000] {logging_mixin.py:190} INFO - [2026-05-28T07:41:09.820+0000] {dagbag.py:588} INFO - Filling up the DagBag from /home/airflow/.local/lib/python3.12/site-packages/airflow/example_dags/tutorial.py
[2026-05-28T07:41:09.833+0000] {processor.py:925} INFO - DAG(s) 'tutorial' retrieved from /home/airflow/.local/lib/python3.12/site-packages/airflow/example_dags/tutorial.py
[2026-05-28T07:41:09.887+0000] {logging_mixin.py:190} INFO - [2026-05-28T07:41:09.887+0000] {dag.py:3239} INFO - Sync 1 DAGs
[2026-05-28T07:41:09.951+0000] {logging_mixin.py:190} INFO - [2026-05-28T07:41:09.950+0000] {dag.py:4180} INFO - Setting next_dagrun for tutorial to 2026-05-27 00:00:00+00:00, run_after=2026-05-28 00:00:00+00:00
[2026-05-28T07:41:10.012+0000] {processor.py:208} INFO - Processing /home/airflow/.local/lib/python3.12/site-packages/airflow/example_dags/tutorial.py took 0.206 seconds
[2026-05-28T07:41:52.530+0000] {processor.py:186} INFO - Started process (PID=750) to work on /home/airflow/.local/lib/python3.12/site-packages/airflow/example_dags/tutorial.py
[2026-05-28T07:41:52.532+0000] {processor.py:914} INFO - Processing file /home/airflow/.local/lib/python3.12/site-packages/airflow/example_dags/tutorial.py for tasks to queue
[2026-05-28T07:41:52.537+0000] {logging_mixin.py:190} INFO - [2026-05-28T07:41:52.536+0000] {dagbag.py:588} INFO - Filling up the DagBag from /home/airflow/.local/lib/python3.12/site-packages/airflow/example_dags/tutorial.py
[2026-05-28T07:41:52.555+0000] {processor.py:925} INFO - DAG(s) 'tutorial' retrieved from /home/airflow/.local/lib/python3.12/site-packages/airflow/example_dags/tutorial.py
[2026-05-28T07:41:52.603+0000] {logging_mixin.py:190} INFO - [2026-05-28T07:41:52.602+0000] {dag.py:3239} INFO - Sync 1 DAGs
[2026-05-28T07:41:52.644+0000] {logging_mixin.py:190} INFO - [2026-05-28T07:41:52.644+0000] {dag.py:4180} INFO - Setting next_dagrun for tutorial to 2026-05-27 00:00:00+00:00, run_after=2026-05-28 00:00:00+00:00
[2026-05-28T07:41:52.692+0000] {processor.py:208} INFO - Processing /home/airflow/.local/lib/python3.12/site-packages/airflow/example_dags/tutorial.py took 0.172 seconds
[2026-05-28T07:42:35.240+0000] {processor.py:186} INFO - Started process (PID=825) to work on /home/airflow/.local/lib/python3.12/site-packages/airflow/example_dags/tutorial.py
[2026-05-28T07:42:35.242+0000] {processor.py:914} INFO - Processing file /home/airflow/.local/lib/python3.12/site-packages/airflow/example_dags/tutorial.py for tasks to queue
[2026-05-28T07:42:35.246+0000] {logging_mixin.py:190} INFO - [2026-05-28T07:42:35.246+0000] {dagbag.py:588} INFO - Filling up the DagBag from /home/airflow/.local/lib/python3.12/site-packages/airflow/example_dags/tutorial.py
[2026-05-28T07:42:35.260+0000] {processor.py:925} INFO - DAG(s) 'tutorial' retrieved from /home/airflow/.local/lib/python3.12/site-packages/airflow/example_dags/tutorial.py
[2026-05-28T07:42:35.295+0000] {logging_mixin.py:190} INFO - [2026-05-28T07:42:35.295+0000] {dag.py:3239} INFO - Sync 1 DAGs
[2026-05-28T07:42:35.334+0000] {logging_mixin.py:190} INFO - [2026-05-28T07:42:35.333+0000] {dag.py:4180} INFO - Setting next_dagrun for tutorial to 2026-05-27 00:00:00+00:00, run_after=2026-05-28 00:00:00+00:00
[2026-05-28T07:42:35.371+0000] {processor.py:208} INFO - Processing /home/airflow/.local/lib/python3.12/site-packages/airflow/example_dags/tutorial.py took 0.144 seconds
[2026-05-28T07:43:15.116+0000] {processor.py:186} INFO - Started process (PID=893) to work on /home/airflow/.local/lib/python3.12/site-packages/airflow/example_dags/tutorial.py
[2026-05-28T07:43:15.120+0000] {processor.py:914} INFO - Processing file /home/airflow/.local/lib/python3.12/site-packages/airflow/example_dags/tutorial.py for tasks to queue
[2026-05-28T07:43:15.126+0000] {logging_mixin.py:190} INFO - [2026-05-28T07:43:15.125+0000] {dagbag.py:588} INFO - Filling up the DagBag from /home/airflow/.local/lib/python3.12/site-packages/airflow/example_dags/tutorial.py
[2026-05-28T07:43:15.147+0000] {processor.py:925} INFO - DAG(s) 'tutorial' retrieved from /home/airflow/.local/lib/python3.12/site-packages/airflow/example_dags/tutorial.py
[2026-05-28T07:43:15.224+0000] {logging_mixin.py:190} INFO - [2026-05-28T07:43:15.224+0000] {dag.py:3239} INFO - Sync 1 DAGs
[2026-05-28T07:43:15.295+0000] {logging_mixin.py:190} INFO - [2026-05-28T07:43:15.295+0000] {dag.py:4180} INFO - Setting next_dagrun for tutorial to 2026-05-27 00:00:00+00:00, run_after=2026-05-28 00:00:00+00:00
[2026-05-28T07:43:15.372+0000] {processor.py:208} INFO - Processing /home/airflow/.local/lib/python3.12/site-packages/airflow/example_dags/tutorial.py took 0.268 seconds
[2026-05-28T07:43:47.799+0000] {processor.py:186} INFO - Started process (PID=962) to work on /home/airflow/.local/lib/python3.12/site-packages/airflow/example_dags/tutorial.py
[2026-05-28T07:43:47.801+0000] {processor.py:914} INFO - Processing file /home/airflow/.local/lib/python3.12/site-packages/airflow/example_dags/tutorial.py for tasks to queue
[2026-05-28T07:43:47.808+0000] {logging_mixin.py:190} INFO - [2026-05-28T07:43:47.808+0000] {dagbag.py:588} INFO - Filling up the DagBag from /home/airflow/.local/lib/python3.12/site-packages/airflow/example_dags/tutorial.py
[2026-05-28T07:43:47.827+0000] {processor.py:925} INFO - DAG(s) 'tutorial' retrieved from /home/airflow/.local/lib/python3.12/site-packages/airflow/example_dags/tutorial.py
[2026-05-28T07:43:47.884+0000] {logging_mixin.py:190} INFO - [2026-05-28T07:43:47.883+0000] {dag.py:3239} INFO - Sync 1 DAGs
[2026-05-28T07:43:47.940+0000] {logging_mixin.py:190} INFO - [2026-05-28T07:43:47.940+0000] {dag.py:4180} INFO - Setting next_dagrun for tutorial to 2026-05-27 00:00:00+00:00, run_after=2026-05-28 00:00:00+00:00
[2026-05-28T07:43:47.990+0000] {processor.py:208} INFO - Processing /home/airflow/.local/lib/python3.12/site-packages/airflow/example_dags/tutorial.py took 0.204 seconds
[2026-05-28T07:44:20.261+0000] {processor.py:186} INFO - Started process (PID=1024) to work on /home/airflow/.local/lib/python3.12/site-packages/airflow/example_dags/tutorial.py
[2026-05-28T07:44:20.263+0000] {processor.py:914} INFO - Processing file /home/airflow/.local/lib/python3.12/site-packages/airflow/example_dags/tutorial.py for tasks to queue
[2026-05-28T07:44:20.273+0000] {logging_mixin.py:190} INFO - [2026-05-28T07:44:20.273+0000] {dagbag.py:588} INFO - Filling up the DagBag from /home/airflow/.local/lib/python3.12/site-packages/airflow/example_dags/tutorial.py
[2026-05-28T07:44:20.298+0000] {processor.py:925} INFO - DAG(s) 'tutorial' retrieved from /home/airflow/.local/lib/python3.12/site-packages/airflow/example_dags/tutorial.py
[2026-05-28T07:44:20.364+0000] {logging_mixin.py:190} INFO - [2026-05-28T07:44:20.364+0000] {dag.py:3239} INFO - Sync 1 DAGs
[2026-05-28T07:44:20.435+0000] {logging_mixin.py:190} INFO - [2026-05-28T07:44:20.434+0000] {dag.py:4180} INFO - Setting next_dagrun for tutorial to 2026-05-27 00:00:00+00:00, run_after=2026-05-28 00:00:00+00:00
[2026-05-28T07:44:20.532+0000] {processor.py:208} INFO - Processing /home/airflow/.local/lib/python3.12/site-packages/airflow/example_dags/tutorial.py took 0.286 seconds
[2026-05-28T07:44:55.238+0000] {processor.py:186} INFO - Started process (PID=1085) to work on /home/airflow/.local/lib/python3.12/site-packages/airflow/example_dags/tutorial.py
[2026-05-28T07:44:55.242+0000] {processor.py:914} INFO - Processing file /home/airflow/.local/lib/python3.12/site-packages/airflow/example_dags/tutorial.py for tasks to queue
[2026-05-28T07:44:55.254+0000] {logging_mixin.py:190} INFO - [2026-05-28T07:44:55.253+0000] {dagbag.py:588} INFO - Filling up the DagBag from /home/airflow/.local/lib/python3.12/site-packages/airflow/example_dags/tutorial.py
[2026-05-28T07:44:55.275+0000] {processor.py:925} INFO - DAG(s) 'tutorial' retrieved from /home/airflow/.local/lib/python3.12/site-packages/airflow/example_dags/tutorial.py
[2026-05-28T07:44:55.329+0000] {logging_mixin.py:190} INFO - [2026-05-28T07:44:55.328+0000] {dag.py:3239} INFO - Sync 1 DAGs
[2026-05-28T07:44:55.373+0000] {logging_mixin.py:190} INFO - [2026-05-28T07:44:55.373+0000] {dag.py:4180} INFO - Setting next_dagrun for tutorial to 2026-05-27 00:00:00+00:00, run_after=2026-05-28 00:00:00+00:00
[2026-05-28T07:44:55.406+0000] {processor.py:208} INFO - Processing /home/airflow/.local/lib/python3.12/site-packages/airflow/example_dags/tutorial.py took 0.181 seconds
[2026-05-28T07:45:32.286+0000] {processor.py:186} INFO - Started process (PID=1148) to work on /home/airflow/.local/lib/python3.12/site-packages/airflow/example_dags/tutorial.py
[2026-05-28T07:45:32.288+0000] {processor.py:914} INFO - Processing file /home/airflow/.local/lib/python3.12/site-packages/airflow/example_dags/tutorial.py for tasks to queue
[2026-05-28T07:45:32.294+0000] {logging_mixin.py:190} INFO - [2026-05-28T07:45:32.293+0000] {dagbag.py:588} INFO - Filling up the DagBag from /home/airflow/.local/lib/python3.12/site-packages/airflow/example_dags/tutorial.py
[2026-05-28T07:45:32.312+0000] {processor.py:925} INFO - DAG(s) 'tutorial' retrieved from /home/airflow/.local/lib/python3.12/site-packages/airflow/example_dags/tutorial.py
[2026-05-28T07:45:32.359+0000] {logging_mixin.py:190} INFO - [2026-05-28T07:45:32.358+0000] {dag.py:3239} INFO - Sync 1 DAGs
[2026-05-28T07:45:32.400+0000] {logging_mixin.py:190} INFO - [2026-05-28T07:45:32.400+0000] {dag.py:4180} INFO - Setting next_dagrun for tutorial to 2026-05-27 00:00:00+00:00, run_after=2026-05-28 00:00:00+00:00
[2026-05-28T07:45:32.446+0000] {processor.py:208} INFO - Processing /home/airflow/.local/lib/python3.12/site-packages/airflow/example_dags/tutorial.py took 0.172 seconds
[2026-05-28T07:46:12.037+0000] {processor.py:186} INFO - Started process (PID=1214) to work on /home/airflow/.local/lib/python3.12/site-packages/airflow/example_dags/tutorial.py
[2026-05-28T07:46:12.039+0000] {processor.py:914} INFO - Processing file /home/airflow/.local/lib/python3.12/site-packages/airflow/example_dags/tutorial.py for tasks to queue
[2026-05-28T07:46:12.046+0000] {logging_mixin.py:190} INFO - [2026-05-28T07:46:12.045+0000] {dagbag.py:588} INFO - Filling up the DagBag from /home/airflow/.local/lib/python3.12/site-packages/airflow/example_dags/tutorial.py
[2026-05-28T07:46:12.061+0000] {processor.py:925} INFO - DAG(s) 'tutorial' retrieved from /home/airflow/.local/lib/python3.12/site-packages/airflow/example_dags/tutorial.py
[2026-05-28T07:46:12.109+0000] {logging_mixin.py:190} INFO - [2026-05-28T07:46:12.109+0000] {dag.py:3239} INFO - Sync 1 DAGs
[2026-05-28T07:46:12.153+0000] {logging_mixin.py:190} INFO - [2026-05-28T07:46:12.152+0000] {dag.py:4180} INFO - Setting next_dagrun for tutorial to 2026-05-27 00:00:00+00:00, run_after=2026-05-28 00:00:00+00:00
[2026-05-28T07:46:12.191+0000] {processor.py:208} INFO - Processing /home/airflow/.local/lib/python3.12/site-packages/airflow/example_dags/tutorial.py took 0.166 seconds
[2026-05-28T07:46:52.043+0000] {processor.py:186} INFO - Started process (PID=1284) to work on /home/airflow/.local/lib/python3.12/site-packages/airflow/example_dags/tutorial.py
[2026-05-28T07:46:52.045+0000] {processor.py:914} INFO - Processing file /home/airflow/.local/lib/python3.12/site-packages/airflow/example_dags/tutorial.py for tasks to queue
[2026-05-28T07:46:52.049+0000] {logging_mixin.py:190} INFO - [2026-05-28T07:46:52.048+0000] {dagbag.py:588} INFO - Filling up the DagBag from /home/airflow/.local/lib/python3.12/site-packages/airflow/example_dags/tutorial.py
[2026-05-28T07:46:52.065+0000] {processor.py:925} INFO - DAG(s) 'tutorial' retrieved from /home/airflow/.local/lib/python3.12/site-packages/airflow/example_dags/tutorial.py
[2026-05-28T07:46:52.116+0000] {logging_mixin.py:190} INFO - [2026-05-28T07:46:52.116+0000] {dag.py:3239} INFO - Sync 1 DAGs
[2026-05-28T07:46:52.150+0000] {logging_mixin.py:190} INFO - [2026-05-28T07:46:52.150+0000] {dag.py:4180} INFO - Setting next_dagrun for tutorial to 2026-05-27 00:00:00+00:00, run_after=2026-05-28 00:00:00+00:00
[2026-05-28T07:46:52.182+0000] {processor.py:208} INFO - Processing /home/airflow/.local/lib/python3.12/site-packages/airflow/example_dags/tutorial.py took 0.151 seconds
[2026-05-28T07:47:23.013+0000] {processor.py:186} INFO - Started process (PID=1346) to work on /home/airflow/.local/lib/python3.12/site-packages/airflow/example_dags/tutorial.py
[2026-05-28T07:47:23.015+0000] {processor.py:914} INFO - Processing file /home/airflow/.local/lib/python3.12/site-packages/airflow/example_dags/tutorial.py for tasks to queue
[2026-05-28T07:47:23.020+0000] {logging_mixin.py:190} INFO - [2026-05-28T07:47:23.019+0000] {dagbag.py:588} INFO - Filling up the DagBag from /home/airflow/.local/lib/python3.12/site-packages/airflow/example_dags/tutorial.py
[2026-05-28T07:47:23.034+0000] {processor.py:925} INFO - DAG(s) 'tutorial' retrieved from /home/airflow/.local/lib/python3.12/site-packages/airflow/example_dags/tutorial.py
[2026-05-28T07:47:23.076+0000] {logging_mixin.py:190} INFO - [2026-05-28T07:47:23.075+0000] {dag.py:3239} INFO - Sync 1 DAGs
[2026-05-28T07:47:23.108+0000] {logging_mixin.py:190} INFO - [2026-05-28T07:47:23.108+0000] {dag.py:4180} INFO - Setting next_dagrun for tutorial to 2026-05-27 00:00:00+00:00, run_after=2026-05-28 00:00:00+00:00
[2026-05-28T07:47:23.149+0000] {processor.py:208} INFO - Processing /home/airflow/.local/lib/python3.12/site-packages/airflow/example_dags/tutorial.py took 0.145 seconds
[2026-05-28T07:47:59.545+0000] {processor.py:186} INFO - Started process (PID=1410) to work on /home/airflow/.local/lib/python3.12/site-packages/airflow/example_dags/tutorial.py
[2026-05-28T07:47:59.547+0000] {processor.py:914} INFO - Processing file /home/airflow/.local/lib/python3.12/site-packages/airflow/example_dags/tutorial.py for tasks to queue
[2026-05-28T07:47:59.552+0000] {logging_mixin.py:190} INFO - [2026-05-28T07:47:59.551+0000] {dagbag.py:588} INFO - Filling up the DagBag from /home/airflow/.local/lib/python3.12/site-packages/airflow/example_dags/tutorial.py
[2026-05-28T07:47:59.568+0000] {processor.py:925} INFO - DAG(s) 'tutorial' retrieved from /home/airflow/.local/lib/python3.12/site-packages/airflow/example_dags/tutorial.py
[2026-05-28T07:47:59.612+0000] {logging_mixin.py:190} INFO - [2026-05-28T07:47:59.612+0000] {dag.py:3239} INFO - Sync 1 DAGs
[2026-05-28T07:47:59.680+0000] {logging_mixin.py:190} INFO - [2026-05-28T07:47:59.680+0000] {dag.py:4180} INFO - Setting next_dagrun for tutorial to 2026-05-27 00:00:00+00:00, run_after=2026-05-28 00:00:00+00:00
[2026-05-28T07:47:59.710+0000] {processor.py:208} INFO - Processing /home/airflow/.local/lib/python3.12/site-packages/airflow/example_dags/tutorial.py took 0.176 seconds
[2026-05-28T07:48:32.367+0000] {processor.py:186} INFO - Started process (PID=1472) to work on /home/airflow/.local/lib/python3.12/site-packages/airflow/example_dags/tutorial.py
[2026-05-28T07:48:32.369+0000] {processor.py:914} INFO - Processing file /home/airflow/.local/lib/python3.12/site-packages/airflow/example_dags/tutorial.py for tasks to queue
[2026-05-28T07:48:32.375+0000] {logging_mixin.py:190} INFO - [2026-05-28T07:48:32.374+0000] {dagbag.py:588} INFO - Filling up the DagBag from /home/airflow/.local/lib/python3.12/site-packages/airflow/example_dags/tutorial.py
[2026-05-28T07:48:32.393+0000] {processor.py:925} INFO - DAG(s) 'tutorial' retrieved from /home/airflow/.local/lib/python3.12/site-packages/airflow/example_dags/tutorial.py
[2026-05-28T07:48:32.431+0000] {logging_mixin.py:190} INFO - [2026-05-28T07:48:32.431+0000] {dag.py:3239} INFO - Sync 1 DAGs
[2026-05-28T07:48:32.463+0000] {logging_mixin.py:190} INFO - [2026-05-28T07:48:32.463+0000] {dag.py:4180} INFO - Setting next_dagrun for tutorial to 2026-05-27 00:00:00+00:00, run_after=2026-05-28 00:00:00+00:00
[2026-05-28T07:48:32.493+0000] {processor.py:208} INFO - Processing /home/airflow/.local/lib/python3.12/site-packages/airflow/example_dags/tutorial.py took 0.142 seconds
[2026-05-28T07:49:03.232+0000] {processor.py:186} INFO - Started process (PID=1534) to work on /home/airflow/.local/lib/python3.12/site-packages/airflow/example_dags/tutorial.py
[2026-05-28T07:49:03.235+0000] {processor.py:914} INFO - Processing file /home/airflow/.local/lib/python3.12/site-packages/airflow/example_dags/tutorial.py for tasks to queue
[2026-05-28T07:49:03.240+0000] {logging_mixin.py:190} INFO - [2026-05-28T07:49:03.240+0000] {dagbag.py:588} INFO - Filling up the DagBag from /home/airflow/.local/lib/python3.12/site-packages/airflow/example_dags/tutorial.py
[2026-05-28T07:49:03.259+0000] {processor.py:925} INFO - DAG(s) 'tutorial' retrieved from /home/airflow/.local/lib/python3.12/site-packages/airflow/example_dags/tutorial.py
[2026-05-28T07:49:03.310+0000] {logging_mixin.py:190} INFO - [2026-05-28T07:49:03.309+0000] {dag.py:3239} INFO - Sync 1 DAGs
[2026-05-28T07:49:03.355+0000] {logging_mixin.py:190} INFO - [2026-05-28T07:49:03.354+0000] {dag.py:4180} INFO - Setting next_dagrun for tutorial to 2026-05-27 00:00:00+00:00, run_after=2026-05-28 00:00:00+00:00
[2026-05-28T07:49:03.400+0000] {processor.py:208} INFO - Processing /home/airflow/.local/lib/python3.12/site-packages/airflow/example_dags/tutorial.py took 0.180 seconds
[2026-05-28T07:49:34.392+0000] {processor.py:186} INFO - Started process (PID=1597) to work on /home/airflow/.local/lib/python3.12/site-packages/airflow/example_dags/tutorial.py
[2026-05-28T07:49:34.394+0000] {processor.py:914} INFO - Processing file /home/airflow/.local/lib/python3.12/site-packages/airflow/example_dags/tutorial.py for tasks to queue
[2026-05-28T07:49:34.402+0000] {logging_mixin.py:190} INFO - [2026-05-28T07:49:34.402+0000] {dagbag.py:588} INFO - Filling up the DagBag from /home/airflow/.local/lib/python3.12/site-packages/airflow/example_dags/tutorial.py
[2026-05-28T07:49:34.419+0000] {processor.py:925} INFO - DAG(s) 'tutorial' retrieved from /home/airflow/.local/lib/python3.12/site-packages/airflow/example_dags/tutorial.py
[2026-05-28T07:49:34.464+0000] {logging_mixin.py:190} INFO - [2026-05-28T07:49:34.464+0000] {dag.py:3239} INFO - Sync 1 DAGs
[2026-05-28T07:49:34.509+0000] {logging_mixin.py:190} INFO - [2026-05-28T07:49:34.509+0000] {dag.py:4180} INFO - Setting next_dagrun for tutorial to 2026-05-27 00:00:00+00:00, run_after=2026-05-28 00:00:00+00:00
[2026-05-28T07:49:34.558+0000] {processor.py:208} INFO - Processing /home/airflow/.local/lib/python3.12/site-packages/airflow/example_dags/tutorial.py took 0.177 seconds
[2026-05-28T07:50:09.373+0000] {processor.py:186} INFO - Started process (PID=1660) to work on /home/airflow/.local/lib/python3.12/site-packages/airflow/example_dags/tutorial.py
[2026-05-28T07:50:09.375+0000] {processor.py:914} INFO - Processing file /home/airflow/.local/lib/python3.12/site-packages/airflow/example_dags/tutorial.py for tasks to queue
[2026-05-28T07:50:09.381+0000] {logging_mixin.py:190} INFO - [2026-05-28T07:50:09.380+0000] {dagbag.py:588} INFO - Filling up the DagBag from /home/airflow/.local/lib/python3.12/site-packages/airflow/example_dags/tutorial.py
[2026-05-28T07:50:09.403+0000] {processor.py:925} INFO - DAG(s) 'tutorial' retrieved from /home/airflow/.local/lib/python3.12/site-packages/airflow/example_dags/tutorial.py
[2026-05-28T07:50:09.464+0000] {logging_mixin.py:190} INFO - [2026-05-28T07:50:09.463+0000] {dag.py:3239} INFO - Sync 1 DAGs
[2026-05-28T07:50:09.511+0000] {logging_mixin.py:190} INFO - [2026-05-28T07:50:09.511+0000] {dag.py:4180} INFO - Setting next_dagrun for tutorial to 2026-05-27 00:00:00+00:00, run_after=2026-05-28 00:00:00+00:00
[2026-05-28T07:50:09.572+0000] {processor.py:208} INFO - Processing /home/airflow/.local/lib/python3.12/site-packages/airflow/example_dags/tutorial.py took 0.212 seconds
[2026-05-28T07:50:49.898+0000] {processor.py:186} INFO - Started process (PID=1730) to work on /home/airflow/.local/lib/python3.12/site-packages/airflow/example_dags/tutorial.py
[2026-05-28T07:50:49.900+0000] {processor.py:914} INFO - Processing file /home/airflow/.local/lib/python3.12/site-packages/airflow/example_dags/tutorial.py for tasks to queue
[2026-05-28T07:50:49.904+0000] {logging_mixin.py:190} INFO - [2026-05-28T07:50:49.904+0000] {dagbag.py:588} INFO - Filling up the DagBag from /home/airflow/.local/lib/python3.12/site-packages/airflow/example_dags/tutorial.py
[2026-05-28T07:50:49.917+0000] {processor.py:925} INFO - DAG(s) 'tutorial' retrieved from /home/airflow/.local/lib/python3.12/site-packages/airflow/example_dags/tutorial.py
[2026-05-28T07:50:49.957+0000] {logging_mixin.py:190} INFO - [2026-05-28T07:50:49.957+0000] {dag.py:3239} INFO - Sync 1 DAGs
[2026-05-28T07:50:49.994+0000] {logging_mixin.py:190} INFO - [2026-05-28T07:50:49.993+0000] {dag.py:4180} INFO - Setting next_dagrun for tutorial to 2026-05-27 00:00:00+00:00, run_after=2026-05-28 00:00:00+00:00
[2026-05-28T07:50:50.037+0000] {processor.py:208} INFO - Processing /home/airflow/.local/lib/python3.12/site-packages/airflow/example_dags/tutorial.py took 0.150 seconds
[2026-05-28T07:51:33.711+0000] {processor.py:186} INFO - Started process (PID=1803) to work on /home/airflow/.local/lib/python3.12/site-packages/airflow/example_dags/tutorial.py
[2026-05-28T07:51:33.714+0000] {processor.py:914} INFO - Processing file /home/airflow/.local/lib/python3.12/site-packages/airflow/example_dags/tutorial.py for tasks to queue
[2026-05-28T07:51:33.721+0000] {logging_mixin.py:190} INFO - [2026-05-28T07:51:33.720+0000] {dagbag.py:588} INFO - Filling up the DagBag from /home/airflow/.local/lib/python3.12/site-packages/airflow/example_dags/tutorial.py
[2026-05-28T07:51:33.745+0000] {processor.py:925} INFO - DAG(s) 'tutorial' retrieved from /home/airflow/.local/lib/python3.12/site-packages/airflow/example_dags/tutorial.py
[2026-05-28T07:51:33.808+0000] {logging_mixin.py:190} INFO - [2026-05-28T07:51:33.808+0000] {dag.py:3239} INFO - Sync 1 DAGs
[2026-05-28T07:51:33.868+0000] {logging_mixin.py:190} INFO - [2026-05-28T07:51:33.867+0000] {dag.py:4180} INFO - Setting next_dagrun for tutorial to 2026-05-27 00:00:00+00:00, run_after=2026-05-28 00:00:00+00:00
[2026-05-28T07:51:33.917+0000] {processor.py:208} INFO - Processing /home/airflow/.local/lib/python3.12/site-packages/airflow/example_dags/tutorial.py took 0.226 seconds
[2026-05-28T07:52:11.832+0000] {processor.py:186} INFO - Started process (PID=1867) to work on /home/airflow/.local/lib/python3.12/site-packages/airflow/example_dags/tutorial.py
[2026-05-28T07:52:11.833+0000] {processor.py:914} INFO - Processing file /home/airflow/.local/lib/python3.12/site-packages/airflow/example_dags/tutorial.py for tasks to queue
[2026-05-28T07:52:11.838+0000] {logging_mixin.py:190} INFO - [2026-05-28T07:52:11.837+0000] {dagbag.py:588} INFO - Filling up the DagBag from /home/airflow/.local/lib/python3.12/site-packages/airflow/example_dags/tutorial.py
[2026-05-28T07:52:11.851+0000] {processor.py:925} INFO - DAG(s) 'tutorial' retrieved from /home/airflow/.local/lib/python3.12/site-packages/airflow/example_dags/tutorial.py
[2026-05-28T07:52:11.896+0000] {logging_mixin.py:190} INFO - [2026-05-28T07:52:11.895+0000] {dag.py:3239} INFO - Sync 1 DAGs
[2026-05-28T07:52:11.933+0000] {logging_mixin.py:190} INFO - [2026-05-28T07:52:11.933+0000] {dag.py:4180} INFO - Setting next_dagrun for tutorial to 2026-05-27 00:00:00+00:00, run_after=2026-05-28 00:00:00+00:00
[2026-05-28T07:52:11.967+0000] {processor.py:208} INFO - Processing /home/airflow/.local/lib/python3.12/site-packages/airflow/example_dags/tutorial.py took 0.144 seconds
[2026-05-28T07:52:56.352+0000] {processor.py:186} INFO - Started process (PID=1948) to work on /home/airflow/.local/lib/python3.12/site-packages/airflow/example_dags/tutorial.py
[2026-05-28T07:52:56.354+0000] {processor.py:914} INFO - Processing file /home/airflow/.local/lib/python3.12/site-packages/airflow/example_dags/tutorial.py for tasks to queue
[2026-05-28T07:52:56.360+0000] {logging_mixin.py:190} INFO - [2026-05-28T07:52:56.359+0000] {dagbag.py:588} INFO - Filling up the DagBag from /home/airflow/.local/lib/python3.12/site-packages/airflow/example_dags/tutorial.py
[2026-05-28T07:52:56.376+0000] {processor.py:925} INFO - DAG(s) 'tutorial' retrieved from /home/airflow/.local/lib/python3.12/site-packages/airflow/example_dags/tutorial.py
[2026-05-28T07:52:56.417+0000] {logging_mixin.py:190} INFO - [2026-05-28T07:52:56.417+0000] {dag.py:3239} INFO - Sync 1 DAGs
[2026-05-28T07:52:56.451+0000] {logging_mixin.py:190} INFO - [2026-05-28T07:52:56.451+0000] {dag.py:4180} INFO - Setting next_dagrun for tutorial to 2026-05-27 00:00:00+00:00, run_after=2026-05-28 00:00:00+00:00
[2026-05-28T07:52:56.487+0000] {processor.py:208} INFO - Processing /home/airflow/.local/lib/python3.12/site-packages/airflow/example_dags/tutorial.py took 0.144 seconds
[2026-05-28T07:53:32.751+0000] {processor.py:186} INFO - Started process (PID=2015) to work on /home/airflow/.local/lib/python3.12/site-packages/airflow/example_dags/tutorial.py
[2026-05-28T07:53:32.753+0000] {processor.py:914} INFO - Processing file /home/airflow/.local/lib/python3.12/site-packages/airflow/example_dags/tutorial.py for tasks to queue
[2026-05-28T07:53:32.759+0000] {logging_mixin.py:190} INFO - [2026-05-28T07:53:32.758+0000] {dagbag.py:588} INFO - Filling up the DagBag from /home/airflow/.local/lib/python3.12/site-packages/airflow/example_dags/tutorial.py
[2026-05-28T07:53:32.776+0000] {processor.py:925} INFO - DAG(s) 'tutorial' retrieved from /home/airflow/.local/lib/python3.12/site-packages/airflow/example_dags/tutorial.py
[2026-05-28T07:53:32.819+0000] {logging_mixin.py:190} INFO - [2026-05-28T07:53:32.819+0000] {dag.py:3239} INFO - Sync 1 DAGs
[2026-05-28T07:53:32.860+0000] {logging_mixin.py:190} INFO - [2026-05-28T07:53:32.860+0000] {dag.py:4180} INFO - Setting next_dagrun for tutorial to 2026-05-27 00:00:00+00:00, run_after=2026-05-28 00:00:00+00:00
[2026-05-28T07:53:32.899+0000] {processor.py:208} INFO - Processing /home/airflow/.local/lib/python3.12/site-packages/airflow/example_dags/tutorial.py took 0.159 seconds
[2026-05-28T07:54:08.408+0000] {processor.py:186} INFO - Started process (PID=2083) to work on /home/airflow/.local/lib/python3.12/site-packages/airflow/example_dags/tutorial.py
[2026-05-28T07:54:08.412+0000] {processor.py:914} INFO - Processing file /home/airflow/.local/lib/python3.12/site-packages/airflow/example_dags/tutorial.py for tasks to queue
[2026-05-28T07:54:08.419+0000] {logging_mixin.py:190} INFO - [2026-05-28T07:54:08.418+0000] {dagbag.py:588} INFO - Filling up the DagBag from /home/airflow/.local/lib/python3.12/site-packages/airflow/example_dags/tutorial.py
[2026-05-28T07:54:08.439+0000] {processor.py:925} INFO - DAG(s) 'tutorial' retrieved from /home/airflow/.local/lib/python3.12/site-packages/airflow/example_dags/tutorial.py
[2026-05-28T07:54:08.483+0000] {logging_mixin.py:190} INFO - [2026-05-28T07:54:08.483+0000] {dag.py:3239} INFO - Sync 1 DAGs
[2026-05-28T07:54:08.514+0000] {logging_mixin.py:190} INFO - [2026-05-28T07:54:08.514+0000] {dag.py:4180} INFO - Setting next_dagrun for tutorial to 2026-05-27 00:00:00+00:00, run_after=2026-05-28 00:00:00+00:00
[2026-05-28T07:54:08.544+0000] {processor.py:208} INFO - Processing /home/airflow/.local/lib/python3.12/site-packages/airflow/example_dags/tutorial.py took 0.146 seconds
[2026-05-28T07:54:42.713+0000] {processor.py:186} INFO - Started process (PID=2145) to work on /home/airflow/.local/lib/python3.12/site-packages/airflow/example_dags/tutorial.py
[2026-05-28T07:54:42.716+0000] {processor.py:914} INFO - Processing file /home/airflow/.local/lib/python3.12/site-packages/airflow/example_dags/tutorial.py for tasks to queue
[2026-05-28T07:54:42.720+0000] {logging_mixin.py:190} INFO - [2026-05-28T07:54:42.720+0000] {dagbag.py:588} INFO - Filling up the DagBag from /home/airflow/.local/lib/python3.12/site-packages/airflow/example_dags/tutorial.py
[2026-05-28T07:54:42.733+0000] {processor.py:925} INFO - DAG(s) 'tutorial' retrieved from /home/airflow/.local/lib/python3.12/site-packages/airflow/example_dags/tutorial.py
[2026-05-28T07:54:42.771+0000] {logging_mixin.py:190} INFO - [2026-05-28T07:54:42.770+0000] {dag.py:3239} INFO - Sync 1 DAGs
[2026-05-28T07:54:42.805+0000] {logging_mixin.py:190} INFO - [2026-05-28T07:54:42.804+0000] {dag.py:4180} INFO - Setting next_dagrun for tutorial to 2026-05-27 00:00:00+00:00, run_after=2026-05-28 00:00:00+00:00
[2026-05-28T07:54:42.843+0000] {processor.py:208} INFO - Processing /home/airflow/.local/lib/python3.12/site-packages/airflow/example_dags/tutorial.py took 0.140 seconds
[2026-05-28T07:55:18.987+0000] {processor.py:186} INFO - Started process (PID=2215) to work on /home/airflow/.local/lib/python3.12/site-packages/airflow/example_dags/tutorial.py
[2026-05-28T07:55:18.989+0000] {processor.py:914} INFO - Processing file /home/airflow/.local/lib/python3.12/site-packages/airflow/example_dags/tutorial.py for tasks to queue
[2026-05-28T07:55:18.995+0000] {logging_mixin.py:190} INFO - [2026-05-28T07:55:18.994+0000] {dagbag.py:588} INFO - Filling up the DagBag from /home/airflow/.local/lib/python3.12/site-packages/airflow/example_dags/tutorial.py
[2026-05-28T07:55:19.015+0000] {processor.py:925} INFO - DAG(s) 'tutorial' retrieved from /home/airflow/.local/lib/python3.12/site-packages/airflow/example_dags/tutorial.py
[2026-05-28T07:55:19.054+0000] {logging_mixin.py:190} INFO - [2026-05-28T07:55:19.053+0000] {dag.py:3239} INFO - Sync 1 DAGs
[2026-05-28T07:55:19.116+0000] {logging_mixin.py:190} INFO - [2026-05-28T07:55:19.116+0000] {dag.py:4180} INFO - Setting next_dagrun for tutorial to 2026-05-27 00:00:00+00:00, run_after=2026-05-28 00:00:00+00:00
[2026-05-28T07:55:19.170+0000] {processor.py:208} INFO - Processing /home/airflow/.local/lib/python3.12/site-packages/airflow/example_dags/tutorial.py took 0.194 seconds
[2026-05-28T07:55:49.813+0000] {processor.py:186} INFO - Started process (PID=2277) to work on /home/airflow/.local/lib/python3.12/site-packages/airflow/example_dags/tutorial.py
[2026-05-28T07:55:49.815+0000] {processor.py:914} INFO - Processing file /home/airflow/.local/lib/python3.12/site-packages/airflow/example_dags/tutorial.py for tasks to queue
[2026-05-28T07:55:49.822+0000] {logging_mixin.py:190} INFO - [2026-05-28T07:55:49.821+0000] {dagbag.py:588} INFO - Filling up the DagBag from /home/airflow/.local/lib/python3.12/site-packages/airflow/example_dags/tutorial.py
[2026-05-28T07:55:49.839+0000] {processor.py:925} INFO - DAG(s) 'tutorial' retrieved from /home/airflow/.local/lib/python3.12/site-packages/airflow/example_dags/tutorial.py
[2026-05-28T07:55:49.888+0000] {logging_mixin.py:190} INFO - [2026-05-28T07:55:49.887+0000] {dag.py:3239} INFO - Sync 1 DAGs
[2026-05-28T07:55:49.926+0000] {logging_mixin.py:190} INFO - [2026-05-28T07:55:49.926+0000] {dag.py:4180} INFO - Setting next_dagrun for tutorial to 2026-05-27 00:00:00+00:00, run_after=2026-05-28 00:00:00+00:00
[2026-05-28T07:55:49.972+0000] {processor.py:208} INFO - Processing /home/airflow/.local/lib/python3.12/site-packages/airflow/example_dags/tutorial.py took 0.171 seconds
[2026-05-28T07:56:27.966+0000] {processor.py:186} INFO - Started process (PID=2342) to work on /home/airflow/.local/lib/python3.12/site-packages/airflow/example_dags/tutorial.py
[2026-05-28T07:56:27.968+0000] {processor.py:914} INFO - Processing file /home/airflow/.local/lib/python3.12/site-packages/airflow/example_dags/tutorial.py for tasks to queue
[2026-05-28T07:56:27.977+0000] {logging_mixin.py:190} INFO - [2026-05-28T07:56:27.976+0000] {dagbag.py:588} INFO - Filling up the DagBag from /home/airflow/.local/lib/python3.12/site-packages/airflow/example_dags/tutorial.py
[2026-05-28T07:56:28.000+0000] {processor.py:925} INFO - DAG(s) 'tutorial' retrieved from /home/airflow/.local/lib/python3.12/site-packages/airflow/example_dags/tutorial.py
[2026-05-28T07:56:28.053+0000] {logging_mixin.py:190} INFO - [2026-05-28T07:56:28.053+0000] {dag.py:3239} INFO - Sync 1 DAGs
[2026-05-28T07:56:28.109+0000] {logging_mixin.py:190} INFO - [2026-05-28T07:56:28.108+0000] {dag.py:4180} INFO - Setting next_dagrun for tutorial to 2026-05-27 00:00:00+00:00, run_after=2026-05-28 00:00:00+00:00
[2026-05-28T07:56:28.147+0000] {processor.py:208} INFO - Processing /home/airflow/.local/lib/python3.12/site-packages/airflow/example_dags/tutorial.py took 0.190 seconds
[2026-05-28T07:57:05.985+0000] {processor.py:186} INFO - Started process (PID=2408) to work on /home/airflow/.local/lib/python3.12/site-packages/airflow/example_dags/tutorial.py
[2026-05-28T07:57:05.987+0000] {processor.py:914} INFO - Processing file /home/airflow/.local/lib/python3.12/site-packages/airflow/example_dags/tutorial.py for tasks to queue
[2026-05-28T07:57:05.991+0000] {logging_mixin.py:190} INFO - [2026-05-28T07:57:05.991+0000] {dagbag.py:588} INFO - Filling up the DagBag from /home/airflow/.local/lib/python3.12/site-packages/airflow/example_dags/tutorial.py
[2026-05-28T07:57:06.005+0000] {processor.py:925} INFO - DAG(s) 'tutorial' retrieved from /home/airflow/.local/lib/python3.12/site-packages/airflow/example_dags/tutorial.py
[2026-05-28T07:57:06.045+0000] {logging_mixin.py:190} INFO - [2026-05-28T07:57:06.045+0000] {dag.py:3239} INFO - Sync 1 DAGs
[2026-05-28T07:57:06.090+0000] {logging_mixin.py:190} INFO - [2026-05-28T07:57:06.090+0000] {dag.py:4180} INFO - Setting next_dagrun for tutorial to 2026-05-27 00:00:00+00:00, run_after=2026-05-28 00:00:00+00:00
[2026-05-28T07:57:06.126+0000] {processor.py:208} INFO - Processing /home/airflow/.local/lib/python3.12/site-packages/airflow/example_dags/tutorial.py took 0.150 seconds
[2026-05-28T07:57:45.959+0000] {processor.py:186} INFO - Started process (PID=2478) to work on /home/airflow/.local/lib/python3.12/site-packages/airflow/example_dags/tutorial.py
[2026-05-28T07:57:45.961+0000] {processor.py:914} INFO - Processing file /home/airflow/.local/lib/python3.12/site-packages/airflow/example_dags/tutorial.py for tasks to queue
[2026-05-28T07:57:45.966+0000] {logging_mixin.py:190} INFO - [2026-05-28T07:57:45.965+0000] {dagbag.py:588} INFO - Filling up the DagBag from /home/airflow/.local/lib/python3.12/site-packages/airflow/example_dags/tutorial.py
[2026-05-28T07:57:45.979+0000] {processor.py:925} INFO - DAG(s) 'tutorial' retrieved from /home/airflow/.local/lib/python3.12/site-packages/airflow/example_dags/tutorial.py
[2026-05-28T07:57:46.013+0000] {logging_mixin.py:190} INFO - [2026-05-28T07:57:46.013+0000] {dag.py:3239} INFO - Sync 1 DAGs
[2026-05-28T07:57:46.044+0000] {logging_mixin.py:190} INFO - [2026-05-28T07:57:46.044+0000] {dag.py:4180} INFO - Setting next_dagrun for tutorial to 2026-05-27 00:00:00+00:00, run_after=2026-05-28 00:00:00+00:00
[2026-05-28T07:57:46.077+0000] {processor.py:208} INFO - Processing /home/airflow/.local/lib/python3.12/site-packages/airflow/example_dags/tutorial.py took 0.127 seconds
[2026-05-28T07:58:27.175+0000] {processor.py:186} INFO - Started process (PID=2559) to work on /home/airflow/.local/lib/python3.12/site-packages/airflow/example_dags/tutorial.py
[2026-05-28T07:58:27.177+0000] {processor.py:914} INFO - Processing file /home/airflow/.local/lib/python3.12/site-packages/airflow/example_dags/tutorial.py for tasks to queue
[2026-05-28T07:58:27.182+0000] {logging_mixin.py:190} INFO - [2026-05-28T07:58:27.182+0000] {dagbag.py:588} INFO - Filling up the DagBag from /home/airflow/.local/lib/python3.12/site-packages/airflow/example_dags/tutorial.py
[2026-05-28T07:58:27.198+0000] {processor.py:925} INFO - DAG(s) 'tutorial' retrieved from /home/airflow/.local/lib/python3.12/site-packages/airflow/example_dags/tutorial.py
[2026-05-28T07:58:27.236+0000] {logging_mixin.py:190} INFO - [2026-05-28T07:58:27.235+0000] {dag.py:3239} INFO - Sync 1 DAGs
[2026-05-28T07:58:27.267+0000] {logging_mixin.py:190} INFO - [2026-05-28T07:58:27.267+0000] {dag.py:4180} INFO - Setting next_dagrun for tutorial to 2026-05-27 00:00:00+00:00, run_after=2026-05-28 00:00:00+00:00
[2026-05-28T07:58:27.300+0000] {processor.py:208} INFO - Processing /home/airflow/.local/lib/python3.12/site-packages/airflow/example_dags/tutorial.py took 0.135 seconds
[2026-05-28T07:59:04.714+0000] {processor.py:186} INFO - Started process (PID=2630) to work on /home/airflow/.local/lib/python3.12/site-packages/airflow/example_dags/tutorial.py
[2026-05-28T07:59:04.715+0000] {processor.py:914} INFO - Processing file /home/airflow/.local/lib/python3.12/site-packages/airflow/example_dags/tutorial.py for tasks to queue
[2026-05-28T07:59:04.721+0000] {logging_mixin.py:190} INFO - [2026-05-28T07:59:04.720+0000] {dagbag.py:588} INFO - Filling up the DagBag from /home/airflow/.local/lib/python3.12/site-packages/airflow/example_dags/tutorial.py
[2026-05-28T07:59:04.735+0000] {processor.py:925} INFO - DAG(s) 'tutorial' retrieved from /home/airflow/.local/lib/python3.12/site-packages/airflow/example_dags/tutorial.py
[2026-05-28T07:59:04.772+0000] {logging_mixin.py:190} INFO - [2026-05-28T07:59:04.772+0000] {dag.py:3239} INFO - Sync 1 DAGs
[2026-05-28T07:59:04.806+0000] {logging_mixin.py:190} INFO - [2026-05-28T07:59:04.806+0000] {dag.py:4180} INFO - Setting next_dagrun for tutorial to 2026-05-27 00:00:00+00:00, run_after=2026-05-28 00:00:00+00:00
[2026-05-28T07:59:04.847+0000] {processor.py:208} INFO - Processing /home/airflow/.local/lib/python3.12/site-packages/airflow/example_dags/tutorial.py took 0.143 seconds
[2026-05-28T07:59:39.018+0000] {processor.py:186} INFO - Started process (PID=2693) to work on /home/airflow/.local/lib/python3.12/site-packages/airflow/example_dags/tutorial.py
[2026-05-28T07:59:39.021+0000] {processor.py:914} INFO - Processing file /home/airflow/.local/lib/python3.12/site-packages/airflow/example_dags/tutorial.py for tasks to queue
[2026-05-28T07:59:39.026+0000] {logging_mixin.py:190} INFO - [2026-05-28T07:59:39.025+0000] {dagbag.py:588} INFO - Filling up the DagBag from /home/airflow/.local/lib/python3.12/site-packages/airflow/example_dags/tutorial.py
[2026-05-28T07:59:39.043+0000] {processor.py:925} INFO - DAG(s) 'tutorial' retrieved from /home/airflow/.local/lib/python3.12/site-packages/airflow/example_dags/tutorial.py
[2026-05-28T07:59:39.084+0000] {logging_mixin.py:190} INFO - [2026-05-28T07:59:39.083+0000] {dag.py:3239} INFO - Sync 1 DAGs
[2026-05-28T07:59:39.125+0000] {logging_mixin.py:190} INFO - [2026-05-28T07:59:39.124+0000] {dag.py:4180} INFO - Setting next_dagrun for tutorial to 2026-05-27 00:00:00+00:00, run_after=2026-05-28 00:00:00+00:00
[2026-05-28T07:59:39.158+0000] {processor.py:208} INFO - Processing /home/airflow/.local/lib/python3.12/site-packages/airflow/example_dags/tutorial.py took 0.152 seconds
[2026-05-28T08:00:18.726+0000] {processor.py:186} INFO - Started process (PID=2759) to work on /home/airflow/.local/lib/python3.12/site-packages/airflow/example_dags/tutorial.py
[2026-05-28T08:00:18.728+0000] {processor.py:914} INFO - Processing file /home/airflow/.local/lib/python3.12/site-packages/airflow/example_dags/tutorial.py for tasks to queue
[2026-05-28T08:00:18.733+0000] {logging_mixin.py:190} INFO - [2026-05-28T08:00:18.732+0000] {dagbag.py:588} INFO - Filling up the DagBag from /home/airflow/.local/lib/python3.12/site-packages/airflow/example_dags/tutorial.py
[2026-05-28T08:00:18.749+0000] {processor.py:925} INFO - DAG(s) 'tutorial' retrieved from /home/airflow/.local/lib/python3.12/site-packages/airflow/example_dags/tutorial.py
[2026-05-28T08:00:18.804+0000] {logging_mixin.py:190} INFO - [2026-05-28T08:00:18.804+0000] {dag.py:3239} INFO - Sync 1 DAGs
[2026-05-28T08:00:18.863+0000] {logging_mixin.py:190} INFO - [2026-05-28T08:00:18.863+0000] {dag.py:4180} INFO - Setting next_dagrun for tutorial to 2026-05-27 00:00:00+00:00, run_after=2026-05-28 00:00:00+00:00
[2026-05-28T08:00:18.917+0000] {processor.py:208} INFO - Processing /home/airflow/.local/lib/python3.12/site-packages/airflow/example_dags/tutorial.py took 0.200 seconds
[2026-05-28T08:00:54.989+0000] {processor.py:186} INFO - Started process (PID=2832) to work on /home/airflow/.local/lib/python3.12/site-packages/airflow/example_dags/tutorial.py
[2026-05-28T08:00:54.996+0000] {processor.py:914} INFO - Processing file /home/airflow/.local/lib/python3.12/site-packages/airflow/example_dags/tutorial.py for tasks to queue
[2026-05-28T08:00:55.005+0000] {logging_mixin.py:190} INFO - [2026-05-28T08:00:55.004+0000] {dagbag.py:588} INFO - Filling up the DagBag from /home/airflow/.local/lib/python3.12/site-packages/airflow/example_dags/tutorial.py
[2026-05-28T08:00:55.021+0000] {processor.py:925} INFO - DAG(s) 'tutorial' retrieved from /home/airflow/.local/lib/python3.12/site-packages/airflow/example_dags/tutorial.py
[2026-05-28T08:00:55.086+0000] {logging_mixin.py:190} INFO - [2026-05-28T08:00:55.084+0000] {dag.py:3239} INFO - Sync 1 DAGs
[2026-05-28T08:00:55.143+0000] {logging_mixin.py:190} INFO - [2026-05-28T08:00:55.142+0000] {dag.py:4180} INFO - Setting next_dagrun for tutorial to 2026-05-27 00:00:00+00:00, run_after=2026-05-28 00:00:00+00:00
[2026-05-28T08:00:55.188+0000] {processor.py:208} INFO - Processing /home/airflow/.local/lib/python3.12/site-packages/airflow/example_dags/tutorial.py took 0.217 seconds
[2026-05-28T08:01:29.238+0000] {processor.py:186} INFO - Started process (PID=2898) to work on /home/airflow/.local/lib/python3.12/site-packages/airflow/example_dags/tutorial.py
[2026-05-28T08:01:29.240+0000] {processor.py:914} INFO - Processing file /home/airflow/.local/lib/python3.12/site-packages/airflow/example_dags/tutorial.py for tasks to queue
[2026-05-28T08:01:29.244+0000] {logging_mixin.py:190} INFO - [2026-05-28T08:01:29.244+0000] {dagbag.py:588} INFO - Filling up the DagBag from /home/airflow/.local/lib/python3.12/site-packages/airflow/example_dags/tutorial.py
[2026-05-28T08:01:29.260+0000] {processor.py:925} INFO - DAG(s) 'tutorial' retrieved from /home/airflow/.local/lib/python3.12/site-packages/airflow/example_dags/tutorial.py
[2026-05-28T08:01:29.301+0000] {logging_mixin.py:190} INFO - [2026-05-28T08:01:29.300+0000] {dag.py:3239} INFO - Sync 1 DAGs
[2026-05-28T08:01:29.337+0000] {logging_mixin.py:190} INFO - [2026-05-28T08:01:29.336+0000] {dag.py:4180} INFO - Setting next_dagrun for tutorial to 2026-05-27 00:00:00+00:00, run_after=2026-05-28 00:00:00+00:00
[2026-05-28T08:01:29.378+0000] {processor.py:208} INFO - Processing /home/airflow/.local/lib/python3.12/site-packages/airflow/example_dags/tutorial.py took 0.149 seconds
[2026-05-28T08:02:00.339+0000] {processor.py:186} INFO - Started process (PID=2960) to work on /home/airflow/.local/lib/python3.12/site-packages/airflow/example_dags/tutorial.py
[2026-05-28T08:02:00.341+0000] {processor.py:914} INFO - Processing file /home/airflow/.local/lib/python3.12/site-packages/airflow/example_dags/tutorial.py for tasks to queue
[2026-05-28T08:02:00.346+0000] {logging_mixin.py:190} INFO - [2026-05-28T08:02:00.345+0000] {dagbag.py:588} INFO - Filling up the DagBag from /home/airflow/.local/lib/python3.12/site-packages/airflow/example_dags/tutorial.py
[2026-05-28T08:02:00.363+0000] {processor.py:925} INFO - DAG(s) 'tutorial' retrieved from /home/airflow/.local/lib/python3.12/site-packages/airflow/example_dags/tutorial.py
[2026-05-28T08:02:00.404+0000] {logging_mixin.py:190} INFO - [2026-05-28T08:02:00.403+0000] {dag.py:3239} INFO - Sync 1 DAGs
[2026-05-28T08:02:00.442+0000] {logging_mixin.py:190} INFO - [2026-05-28T08:02:00.442+0000] {dag.py:4180} INFO - Setting next_dagrun for tutorial to 2026-05-27 00:00:00+00:00, run_after=2026-05-28 00:00:00+00:00
[2026-05-28T08:02:00.478+0000] {processor.py:208} INFO - Processing /home/airflow/.local/lib/python3.12/site-packages/airflow/example_dags/tutorial.py took 0.150 seconds
[2026-05-28T08:02:31.059+0000] {processor.py:186} INFO - Started process (PID=3022) to work on /home/airflow/.local/lib/python3.12/site-packages/airflow/example_dags/tutorial.py
[2026-05-28T08:02:31.062+0000] {processor.py:914} INFO - Processing file /home/airflow/.local/lib/python3.12/site-packages/airflow/example_dags/tutorial.py for tasks to queue
[2026-05-28T08:02:31.068+0000] {logging_mixin.py:190} INFO - [2026-05-28T08:02:31.067+0000] {dagbag.py:588} INFO - Filling up the DagBag from /home/airflow/.local/lib/python3.12/site-packages/airflow/example_dags/tutorial.py
[2026-05-28T08:02:31.091+0000] {processor.py:925} INFO - DAG(s) 'tutorial' retrieved from /home/airflow/.local/lib/python3.12/site-packages/airflow/example_dags/tutorial.py
[2026-05-28T08:02:31.153+0000] {logging_mixin.py:190} INFO - [2026-05-28T08:02:31.152+0000] {dag.py:3239} INFO - Sync 1 DAGs
[2026-05-28T08:02:31.220+0000] {logging_mixin.py:190} INFO - [2026-05-28T08:02:31.220+0000] {dag.py:4180} INFO - Setting next_dagrun for tutorial to 2026-05-27 00:00:00+00:00, run_after=2026-05-28 00:00:00+00:00
[2026-05-28T08:02:31.299+0000] {processor.py:208} INFO - Processing /home/airflow/.local/lib/python3.12/site-packages/airflow/example_dags/tutorial.py took 0.253 seconds
[2026-05-28T08:03:06.173+0000] {processor.py:186} INFO - Started process (PID=3088) to work on /home/airflow/.local/lib/python3.12/site-packages/airflow/example_dags/tutorial.py
[2026-05-28T08:03:06.176+0000] {processor.py:914} INFO - Processing file /home/airflow/.local/lib/python3.12/site-packages/airflow/example_dags/tutorial.py for tasks to queue
[2026-05-28T08:03:06.180+0000] {logging_mixin.py:190} INFO - [2026-05-28T08:03:06.180+0000] {dagbag.py:588} INFO - Filling up the DagBag from /home/airflow/.local/lib/python3.12/site-packages/airflow/example_dags/tutorial.py
[2026-05-28T08:03:06.194+0000] {processor.py:925} INFO - DAG(s) 'tutorial' retrieved from /home/airflow/.local/lib/python3.12/site-packages/airflow/example_dags/tutorial.py
[2026-05-28T08:03:06.237+0000] {logging_mixin.py:190} INFO - [2026-05-28T08:03:06.237+0000] {dag.py:3239} INFO - Sync 1 DAGs
[2026-05-28T08:03:06.275+0000] {logging_mixin.py:190} INFO - [2026-05-28T08:03:06.274+0000] {dag.py:4180} INFO - Setting next_dagrun for tutorial to 2026-05-27 00:00:00+00:00, run_after=2026-05-28 00:00:00+00:00
[2026-05-28T08:03:06.322+0000] {processor.py:208} INFO - Processing /home/airflow/.local/lib/python3.12/site-packages/airflow/example_dags/tutorial.py took 0.159 seconds
[2026-05-28T08:03:43.723+0000] {processor.py:186} INFO - Started process (PID=3154) to work on /home/airflow/.local/lib/python3.12/site-packages/airflow/example_dags/tutorial.py
[2026-05-28T08:03:43.725+0000] {processor.py:914} INFO - Processing file /home/airflow/.local/lib/python3.12/site-packages/airflow/example_dags/tutorial.py for tasks to queue
[2026-05-28T08:03:43.730+0000] {logging_mixin.py:190} INFO - [2026-05-28T08:03:43.729+0000] {dagbag.py:588} INFO - Filling up the DagBag from /home/airflow/.local/lib/python3.12/site-packages/airflow/example_dags/tutorial.py
[2026-05-28T08:03:43.746+0000] {processor.py:925} INFO - DAG(s) 'tutorial' retrieved from /home/airflow/.local/lib/python3.12/site-packages/airflow/example_dags/tutorial.py
[2026-05-28T08:03:43.789+0000] {logging_mixin.py:190} INFO - [2026-05-28T08:03:43.789+0000] {dag.py:3239} INFO - Sync 1 DAGs
[2026-05-28T08:03:43.834+0000] {logging_mixin.py:190} INFO - [2026-05-28T08:03:43.834+0000] {dag.py:4180} INFO - Setting next_dagrun for tutorial to 2026-05-27 00:00:00+00:00, run_after=2026-05-28 00:00:00+00:00
[2026-05-28T08:03:43.879+0000] {processor.py:208} INFO - Processing /home/airflow/.local/lib/python3.12/site-packages/airflow/example_dags/tutorial.py took 0.168 seconds
[2026-05-28T08:04:22.062+0000] {processor.py:186} INFO - Started process (PID=3222) to work on /home/airflow/.local/lib/python3.12/site-packages/airflow/example_dags/tutorial.py
[2026-05-28T08:04:22.064+0000] {processor.py:914} INFO - Processing file /home/airflow/.local/lib/python3.12/site-packages/airflow/example_dags/tutorial.py for tasks to queue
[2026-05-28T08:04:22.071+0000] {logging_mixin.py:190} INFO - [2026-05-28T08:04:22.070+0000] {dagbag.py:588} INFO - Filling up the DagBag from /home/airflow/.local/lib/python3.12/site-packages/airflow/example_dags/tutorial.py
[2026-05-28T08:04:22.091+0000] {processor.py:925} INFO - DAG(s) 'tutorial' retrieved from /home/airflow/.local/lib/python3.12/site-packages/airflow/example_dags/tutorial.py
[2026-05-28T08:04:22.138+0000] {logging_mixin.py:190} INFO - [2026-05-28T08:04:22.138+0000] {dag.py:3239} INFO - Sync 1 DAGs
[2026-05-28T08:04:22.172+0000] {logging_mixin.py:190} INFO - [2026-05-28T08:04:22.172+0000] {dag.py:4180} INFO - Setting next_dagrun for tutorial to 2026-05-27 00:00:00+00:00, run_after=2026-05-28 00:00:00+00:00
[2026-05-28T08:04:22.207+0000] {processor.py:208} INFO - Processing /home/airflow/.local/lib/python3.12/site-packages/airflow/example_dags/tutorial.py took 0.155 seconds
[2026-05-28T08:04:54.362+0000] {processor.py:186} INFO - Started process (PID=3285) to work on /home/airflow/.local/lib/python3.12/site-packages/airflow/example_dags/tutorial.py
[2026-05-28T08:04:54.365+0000] {processor.py:914} INFO - Processing file /home/airflow/.local/lib/python3.12/site-packages/airflow/example_dags/tutorial.py for tasks to queue
[2026-05-28T08:04:54.369+0000] {logging_mixin.py:190} INFO - [2026-05-28T08:04:54.368+0000] {dagbag.py:588} INFO - Filling up the DagBag from /home/airflow/.local/lib/python3.12/site-packages/airflow/example_dags/tutorial.py
[2026-05-28T08:04:54.382+0000] {processor.py:925} INFO - DAG(s) 'tutorial' retrieved from /home/airflow/.local/lib/python3.12/site-packages/airflow/example_dags/tutorial.py
[2026-05-28T08:04:54.423+0000] {logging_mixin.py:190} INFO - [2026-05-28T08:04:54.423+0000] {dag.py:3239} INFO - Sync 1 DAGs
[2026-05-28T08:04:54.471+0000] {logging_mixin.py:190} INFO - [2026-05-28T08:04:54.471+0000] {dag.py:4180} INFO - Setting next_dagrun for tutorial to 2026-05-27 00:00:00+00:00, run_after=2026-05-28 00:00:00+00:00
[2026-05-28T08:04:54.515+0000] {processor.py:208} INFO - Processing /home/airflow/.local/lib/python3.12/site-packages/airflow/example_dags/tutorial.py took 0.163 seconds
[2026-05-28T08:08:58.470+0000] {processor.py:186} INFO - Started process (PID=3402) to work on /home/airflow/.local/lib/python3.12/site-packages/airflow/example_dags/tutorial.py
[2026-05-28T08:08:58.479+0000] {processor.py:914} INFO - Processing file /home/airflow/.local/lib/python3.12/site-packages/airflow/example_dags/tutorial.py for tasks to queue
[2026-05-28T08:08:58.513+0000] {logging_mixin.py:190} INFO - [2026-05-28T08:08:58.498+0000] {dagbag.py:588} INFO - Filling up the DagBag from /home/airflow/.local/lib/python3.12/site-packages/airflow/example_dags/tutorial.py
[2026-05-28T08:08:58.625+0000] {processor.py:925} INFO - DAG(s) 'tutorial' retrieved from /home/airflow/.local/lib/python3.12/site-packages/airflow/example_dags/tutorial.py
[2026-05-28T08:08:58.977+0000] {logging_mixin.py:190} INFO - [2026-05-28T08:08:58.975+0000] {dag.py:3239} INFO - Sync 1 DAGs
[2026-05-28T08:08:59.260+0000] {logging_mixin.py:190} INFO - [2026-05-28T08:08:59.259+0000] {dag.py:4180} INFO - Setting next_dagrun for tutorial to 2026-05-27 00:00:00+00:00, run_after=2026-05-28 00:00:00+00:00
[2026-05-28T08:08:59.467+0000] {processor.py:208} INFO - Processing /home/airflow/.local/lib/python3.12/site-packages/airflow/example_dags/tutorial.py took 1.102 seconds
[2026-05-28T08:11:11.558+0000] {processor.py:186} INFO - Started process (PID=3508) to work on /home/airflow/.local/lib/python3.12/site-packages/airflow/example_dags/tutorial.py
[2026-05-28T08:11:11.562+0000] {processor.py:914} INFO - Processing file /home/airflow/.local/lib/python3.12/site-packages/airflow/example_dags/tutorial.py for tasks to queue
[2026-05-28T08:11:11.568+0000] {logging_mixin.py:190} INFO - [2026-05-28T08:11:11.567+0000] {dagbag.py:588} INFO - Filling up the DagBag from /home/airflow/.local/lib/python3.12/site-packages/airflow/example_dags/tutorial.py
[2026-05-28T08:11:11.598+0000] {processor.py:925} INFO - DAG(s) 'tutorial' retrieved from /home/airflow/.local/lib/python3.12/site-packages/airflow/example_dags/tutorial.py
[2026-05-28T08:11:11.663+0000] {logging_mixin.py:190} INFO - [2026-05-28T08:11:11.663+0000] {dag.py:3239} INFO - Sync 1 DAGs
[2026-05-28T08:11:11.734+0000] {logging_mixin.py:190} INFO - [2026-05-28T08:11:11.732+0000] {dag.py:4180} INFO - Setting next_dagrun for tutorial to 2026-05-27 00:00:00+00:00, run_after=2026-05-28 00:00:00+00:00
[2026-05-28T08:11:11.795+0000] {processor.py:208} INFO - Processing /home/airflow/.local/lib/python3.12/site-packages/airflow/example_dags/tutorial.py took 0.261 seconds
[2026-05-28T08:12:07.582+0000] {processor.py:186} INFO - Started process (PID=3593) to work on /home/airflow/.local/lib/python3.12/site-packages/airflow/example_dags/tutorial.py
[2026-05-28T08:12:07.584+0000] {processor.py:914} INFO - Processing file /home/airflow/.local/lib/python3.12/site-packages/airflow/example_dags/tutorial.py for tasks to queue
[2026-05-28T08:12:07.588+0000] {logging_mixin.py:190} INFO - [2026-05-28T08:12:07.587+0000] {dagbag.py:588} INFO - Filling up the DagBag from /home/airflow/.local/lib/python3.12/site-packages/airflow/example_dags/tutorial.py
[2026-05-28T08:12:07.621+0000] {processor.py:925} INFO - DAG(s) 'tutorial' retrieved from /home/airflow/.local/lib/python3.12/site-packages/airflow/example_dags/tutorial.py
[2026-05-28T08:12:07.688+0000] {logging_mixin.py:190} INFO - [2026-05-28T08:12:07.688+0000] {dag.py:3239} INFO - Sync 1 DAGs
[2026-05-28T08:12:07.752+0000] {logging_mixin.py:190} INFO - [2026-05-28T08:12:07.751+0000] {dag.py:4180} INFO - Setting next_dagrun for tutorial to 2026-05-27 00:00:00+00:00, run_after=2026-05-28 00:00:00+00:00
[2026-05-28T08:12:07.800+0000] {processor.py:208} INFO - Processing /home/airflow/.local/lib/python3.12/site-packages/airflow/example_dags/tutorial.py took 0.233 seconds
[2026-05-28T08:12:53.100+0000] {processor.py:186} INFO - Started process (PID=3655) to work on /home/airflow/.local/lib/python3.12/site-packages/airflow/example_dags/tutorial.py
[2026-05-28T08:12:53.102+0000] {processor.py:914} INFO - Processing file /home/airflow/.local/lib/python3.12/site-packages/airflow/example_dags/tutorial.py for tasks to queue
[2026-05-28T08:12:53.105+0000] {logging_mixin.py:190} INFO - [2026-05-28T08:12:53.105+0000] {dagbag.py:588} INFO - Filling up the DagBag from /home/airflow/.local/lib/python3.12/site-packages/airflow/example_dags/tutorial.py
[2026-05-28T08:12:53.130+0000] {processor.py:925} INFO - DAG(s) 'tutorial' retrieved from /home/airflow/.local/lib/python3.12/site-packages/airflow/example_dags/tutorial.py
[2026-05-28T08:12:53.185+0000] {logging_mixin.py:190} INFO - [2026-05-28T08:12:53.185+0000] {dag.py:3239} INFO - Sync 1 DAGs
[2026-05-28T08:12:53.237+0000] {logging_mixin.py:190} INFO - [2026-05-28T08:12:53.236+0000] {dag.py:4180} INFO - Setting next_dagrun for tutorial to 2026-05-27 00:00:00+00:00, run_after=2026-05-28 00:00:00+00:00
[2026-05-28T08:12:53.281+0000] {processor.py:208} INFO - Processing /home/airflow/.local/lib/python3.12/site-packages/airflow/example_dags/tutorial.py took 0.194 seconds
[2026-05-28T08:13:42.174+0000] {processor.py:186} INFO - Started process (PID=3729) to work on /home/airflow/.local/lib/python3.12/site-packages/airflow/example_dags/tutorial.py
[2026-05-28T08:13:42.176+0000] {processor.py:914} INFO - Processing file /home/airflow/.local/lib/python3.12/site-packages/airflow/example_dags/tutorial.py for tasks to queue
[2026-05-28T08:13:42.180+0000] {logging_mixin.py:190} INFO - [2026-05-28T08:13:42.179+0000] {dagbag.py:588} INFO - Filling up the DagBag from /home/airflow/.local/lib/python3.12/site-packages/airflow/example_dags/tutorial.py
[2026-05-28T08:13:42.204+0000] {processor.py:925} INFO - DAG(s) 'tutorial' retrieved from /home/airflow/.local/lib/python3.12/site-packages/airflow/example_dags/tutorial.py
[2026-05-28T08:13:42.265+0000] {logging_mixin.py:190} INFO - [2026-05-28T08:13:42.264+0000] {dag.py:3239} INFO - Sync 1 DAGs
[2026-05-28T08:13:42.316+0000] {logging_mixin.py:190} INFO - [2026-05-28T08:13:42.316+0000] {dag.py:4180} INFO - Setting next_dagrun for tutorial to 2026-05-27 00:00:00+00:00, run_after=2026-05-28 00:00:00+00:00
[2026-05-28T08:13:42.360+0000] {processor.py:208} INFO - Processing /home/airflow/.local/lib/python3.12/site-packages/airflow/example_dags/tutorial.py took 0.200 seconds
[2026-05-28T08:14:28.808+0000] {processor.py:186} INFO - Started process (PID=3800) to work on /home/airflow/.local/lib/python3.12/site-packages/airflow/example_dags/tutorial.py
[2026-05-28T08:14:28.811+0000] {processor.py:914} INFO - Processing file /home/airflow/.local/lib/python3.12/site-packages/airflow/example_dags/tutorial.py for tasks to queue
[2026-05-28T08:14:28.814+0000] {logging_mixin.py:190} INFO - [2026-05-28T08:14:28.813+0000] {dagbag.py:588} INFO - Filling up the DagBag from /home/airflow/.local/lib/python3.12/site-packages/airflow/example_dags/tutorial.py
[2026-05-28T08:14:28.843+0000] {processor.py:925} INFO - DAG(s) 'tutorial' retrieved from /home/airflow/.local/lib/python3.12/site-packages/airflow/example_dags/tutorial.py
[2026-05-28T08:14:28.903+0000] {logging_mixin.py:190} INFO - [2026-05-28T08:14:28.902+0000] {dag.py:3239} INFO - Sync 1 DAGs
[2026-05-28T08:14:28.948+0000] {logging_mixin.py:190} INFO - [2026-05-28T08:14:28.948+0000] {dag.py:4180} INFO - Setting next_dagrun for tutorial to 2026-05-27 00:00:00+00:00, run_after=2026-05-28 00:00:00+00:00
[2026-05-28T08:14:28.989+0000] {processor.py:208} INFO - Processing /home/airflow/.local/lib/python3.12/site-packages/airflow/example_dags/tutorial.py took 0.197 seconds
[2026-05-28T08:15:14.913+0000] {processor.py:186} INFO - Started process (PID=3870) to work on /home/airflow/.local/lib/python3.12/site-packages/airflow/example_dags/tutorial.py
[2026-05-28T08:15:14.916+0000] {processor.py:914} INFO - Processing file /home/airflow/.local/lib/python3.12/site-packages/airflow/example_dags/tutorial.py for tasks to queue
[2026-05-28T08:15:14.919+0000] {logging_mixin.py:190} INFO - [2026-05-28T08:15:14.918+0000] {dagbag.py:588} INFO - Filling up the DagBag from /home/airflow/.local/lib/python3.12/site-packages/airflow/example_dags/tutorial.py
[2026-05-28T08:15:14.940+0000] {processor.py:925} INFO - DAG(s) 'tutorial' retrieved from /home/airflow/.local/lib/python3.12/site-packages/airflow/example_dags/tutorial.py
[2026-05-28T08:15:14.995+0000] {logging_mixin.py:190} INFO - [2026-05-28T08:15:14.995+0000] {dag.py:3239} INFO - Sync 1 DAGs
[2026-05-28T08:15:15.043+0000] {logging_mixin.py:190} INFO - [2026-05-28T08:15:15.043+0000] {dag.py:4180} INFO - Setting next_dagrun for tutorial to 2026-05-27 00:00:00+00:00, run_after=2026-05-28 00:00:00+00:00
[2026-05-28T08:15:15.084+0000] {processor.py:208} INFO - Processing /home/airflow/.local/lib/python3.12/site-packages/airflow/example_dags/tutorial.py took 0.184 seconds
[2026-05-28T08:16:01.712+0000] {processor.py:186} INFO - Started process (PID=3938) to work on /home/airflow/.local/lib/python3.12/site-packages/airflow/example_dags/tutorial.py
[2026-05-28T08:16:01.716+0000] {processor.py:914} INFO - Processing file /home/airflow/.local/lib/python3.12/site-packages/airflow/example_dags/tutorial.py for tasks to queue
[2026-05-28T08:16:01.722+0000] {logging_mixin.py:190} INFO - [2026-05-28T08:16:01.721+0000] {dagbag.py:588} INFO - Filling up the DagBag from /home/airflow/.local/lib/python3.12/site-packages/airflow/example_dags/tutorial.py
[2026-05-28T08:16:01.769+0000] {processor.py:925} INFO - DAG(s) 'tutorial' retrieved from /home/airflow/.local/lib/python3.12/site-packages/airflow/example_dags/tutorial.py
[2026-05-28T08:16:01.873+0000] {logging_mixin.py:190} INFO - [2026-05-28T08:16:01.872+0000] {dag.py:3239} INFO - Sync 1 DAGs
[2026-05-28T08:16:01.944+0000] {logging_mixin.py:190} INFO - [2026-05-28T08:16:01.944+0000] {dag.py:4180} INFO - Setting next_dagrun for tutorial to 2026-05-27 00:00:00+00:00, run_after=2026-05-28 00:00:00+00:00
[2026-05-28T08:16:01.996+0000] {processor.py:208} INFO - Processing /home/airflow/.local/lib/python3.12/site-packages/airflow/example_dags/tutorial.py took 0.306 seconds
[2026-05-28T08:17:23.487+0000] {processor.py:186} INFO - Started process (PID=4030) to work on /home/airflow/.local/lib/python3.12/site-packages/airflow/example_dags/tutorial.py
[2026-05-28T08:17:23.490+0000] {processor.py:914} INFO - Processing file /home/airflow/.local/lib/python3.12/site-packages/airflow/example_dags/tutorial.py for tasks to queue
[2026-05-28T08:17:23.493+0000] {logging_mixin.py:190} INFO - [2026-05-28T08:17:23.492+0000] {dagbag.py:588} INFO - Filling up the DagBag from /home/airflow/.local/lib/python3.12/site-packages/airflow/example_dags/tutorial.py
[2026-05-28T08:17:23.517+0000] {processor.py:925} INFO - DAG(s) 'tutorial' retrieved from /home/airflow/.local/lib/python3.12/site-packages/airflow/example_dags/tutorial.py
[2026-05-28T08:17:23.574+0000] {logging_mixin.py:190} INFO - [2026-05-28T08:17:23.573+0000] {dag.py:3239} INFO - Sync 1 DAGs
[2026-05-28T08:17:23.631+0000] {logging_mixin.py:190} INFO - [2026-05-28T08:17:23.631+0000] {dag.py:4180} INFO - Setting next_dagrun for tutorial to 2026-05-27 00:00:00+00:00, run_after=2026-05-28 00:00:00+00:00
[2026-05-28T08:17:23.673+0000] {processor.py:208} INFO - Processing /home/airflow/.local/lib/python3.12/site-packages/airflow/example_dags/tutorial.py took 0.198 seconds
[2026-05-28T08:18:15.073+0000] {processor.py:186} INFO - Started process (PID=4123) to work on /home/airflow/.local/lib/python3.12/site-packages/airflow/example_dags/tutorial.py
[2026-05-28T08:18:15.078+0000] {processor.py:914} INFO - Processing file /home/airflow/.local/lib/python3.12/site-packages/airflow/example_dags/tutorial.py for tasks to queue
[2026-05-28T08:18:15.081+0000] {logging_mixin.py:190} INFO - [2026-05-28T08:18:15.080+0000] {dagbag.py:588} INFO - Filling up the DagBag from /home/airflow/.local/lib/python3.12/site-packages/airflow/example_dags/tutorial.py
[2026-05-28T08:18:15.102+0000] {processor.py:925} INFO - DAG(s) 'tutorial' retrieved from /home/airflow/.local/lib/python3.12/site-packages/airflow/example_dags/tutorial.py
[2026-05-28T08:18:15.157+0000] {logging_mixin.py:190} INFO - [2026-05-28T08:18:15.156+0000] {dag.py:3239} INFO - Sync 1 DAGs
[2026-05-28T08:18:15.207+0000] {logging_mixin.py:190} INFO - [2026-05-28T08:18:15.206+0000] {dag.py:4180} INFO - Setting next_dagrun for tutorial to 2026-05-27 00:00:00+00:00, run_after=2026-05-28 00:00:00+00:00
[2026-05-28T08:18:15.255+0000] {processor.py:208} INFO - Processing /home/airflow/.local/lib/python3.12/site-packages/airflow/example_dags/tutorial.py took 0.195 seconds
[2026-05-28T08:19:02.927+0000] {processor.py:186} INFO - Started process (PID=4194) to work on /home/airflow/.local/lib/python3.12/site-packages/airflow/example_dags/tutorial.py
[2026-05-28T08:19:02.929+0000] {processor.py:914} INFO - Processing file /home/airflow/.local/lib/python3.12/site-packages/airflow/example_dags/tutorial.py for tasks to queue
[2026-05-28T08:19:02.933+0000] {logging_mixin.py:190} INFO - [2026-05-28T08:19:02.932+0000] {dagbag.py:588} INFO - Filling up the DagBag from /home/airflow/.local/lib/python3.12/site-packages/airflow/example_dags/tutorial.py
[2026-05-28T08:19:02.954+0000] {processor.py:925} INFO - DAG(s) 'tutorial' retrieved from /home/airflow/.local/lib/python3.12/site-packages/airflow/example_dags/tutorial.py
[2026-05-28T08:19:03.018+0000] {logging_mixin.py:190} INFO - [2026-05-28T08:19:03.018+0000] {dag.py:3239} INFO - Sync 1 DAGs
[2026-05-28T08:19:03.083+0000] {logging_mixin.py:190} INFO - [2026-05-28T08:19:03.082+0000] {dag.py:4180} INFO - Setting next_dagrun for tutorial to 2026-05-27 00:00:00+00:00, run_after=2026-05-28 00:00:00+00:00
[2026-05-28T08:19:03.147+0000] {processor.py:208} INFO - Processing /home/airflow/.local/lib/python3.12/site-packages/airflow/example_dags/tutorial.py took 0.236 seconds
[2026-05-28T08:19:54.012+0000] {processor.py:186} INFO - Started process (PID=4266) to work on /home/airflow/.local/lib/python3.12/site-packages/airflow/example_dags/tutorial.py
[2026-05-28T08:19:54.018+0000] {processor.py:914} INFO - Processing file /home/airflow/.local/lib/python3.12/site-packages/airflow/example_dags/tutorial.py for tasks to queue
[2026-05-28T08:19:54.022+0000] {logging_mixin.py:190} INFO - [2026-05-28T08:19:54.022+0000] {dagbag.py:588} INFO - Filling up the DagBag from /home/airflow/.local/lib/python3.12/site-packages/airflow/example_dags/tutorial.py
[2026-05-28T08:19:54.072+0000] {processor.py:925} INFO - DAG(s) 'tutorial' retrieved from /home/airflow/.local/lib/python3.12/site-packages/airflow/example_dags/tutorial.py
[2026-05-28T08:19:54.143+0000] {logging_mixin.py:190} INFO - [2026-05-28T08:19:54.142+0000] {dag.py:3239} INFO - Sync 1 DAGs
[2026-05-28T08:19:54.209+0000] {logging_mixin.py:190} INFO - [2026-05-28T08:19:54.208+0000] {dag.py:4180} INFO - Setting next_dagrun for tutorial to 2026-05-27 00:00:00+00:00, run_after=2026-05-28 00:00:00+00:00
[2026-05-28T08:19:54.260+0000] {processor.py:208} INFO - Processing /home/airflow/.local/lib/python3.12/site-packages/airflow/example_dags/tutorial.py took 0.274 seconds
[2026-05-28T08:20:51.936+0000] {processor.py:186} INFO - Started process (PID=4337) to work on /home/airflow/.local/lib/python3.12/site-packages/airflow/example_dags/tutorial.py
[2026-05-28T08:20:51.942+0000] {processor.py:914} INFO - Processing file /home/airflow/.local/lib/python3.12/site-packages/airflow/example_dags/tutorial.py for tasks to queue
[2026-05-28T08:20:51.949+0000] {logging_mixin.py:190} INFO - [2026-05-28T08:20:51.947+0000] {dagbag.py:588} INFO - Filling up the DagBag from /home/airflow/.local/lib/python3.12/site-packages/airflow/example_dags/tutorial.py
[2026-05-28T08:20:51.984+0000] {processor.py:925} INFO - DAG(s) 'tutorial' retrieved from /home/airflow/.local/lib/python3.12/site-packages/airflow/example_dags/tutorial.py
[2026-05-28T08:20:52.082+0000] {logging_mixin.py:190} INFO - [2026-05-28T08:20:52.081+0000] {dag.py:3239} INFO - Sync 1 DAGs
[2026-05-28T08:20:52.167+0000] {logging_mixin.py:190} INFO - [2026-05-28T08:20:52.167+0000] {dag.py:4180} INFO - Setting next_dagrun for tutorial to 2026-05-27 00:00:00+00:00, run_after=2026-05-28 00:00:00+00:00
[2026-05-28T08:20:52.215+0000] {processor.py:208} INFO - Processing /home/airflow/.local/lib/python3.12/site-packages/airflow/example_dags/tutorial.py took 0.303 seconds
[2026-05-28T08:21:50.812+0000] {processor.py:186} INFO - Started process (PID=4416) to work on /home/airflow/.local/lib/python3.12/site-packages/airflow/example_dags/tutorial.py
[2026-05-28T08:21:50.815+0000] {processor.py:914} INFO - Processing file /home/airflow/.local/lib/python3.12/site-packages/airflow/example_dags/tutorial.py for tasks to queue
[2026-05-28T08:21:50.818+0000] {logging_mixin.py:190} INFO - [2026-05-28T08:21:50.817+0000] {dagbag.py:588} INFO - Filling up the DagBag from /home/airflow/.local/lib/python3.12/site-packages/airflow/example_dags/tutorial.py
[2026-05-28T08:21:50.839+0000] {processor.py:925} INFO - DAG(s) 'tutorial' retrieved from /home/airflow/.local/lib/python3.12/site-packages/airflow/example_dags/tutorial.py
[2026-05-28T08:21:50.902+0000] {logging_mixin.py:190} INFO - [2026-05-28T08:21:50.901+0000] {dag.py:3239} INFO - Sync 1 DAGs
[2026-05-28T08:21:50.972+0000] {logging_mixin.py:190} INFO - [2026-05-28T08:21:50.971+0000] {dag.py:4180} INFO - Setting next_dagrun for tutorial to 2026-05-27 00:00:00+00:00, run_after=2026-05-28 00:00:00+00:00
[2026-05-28T08:21:51.023+0000] {processor.py:208} INFO - Processing /home/airflow/.local/lib/python3.12/site-packages/airflow/example_dags/tutorial.py took 0.225 seconds
[2026-05-28T08:22:43.895+0000] {processor.py:186} INFO - Started process (PID=4502) to work on /home/airflow/.local/lib/python3.12/site-packages/airflow/example_dags/tutorial.py
[2026-05-28T08:22:43.898+0000] {processor.py:914} INFO - Processing file /home/airflow/.local/lib/python3.12/site-packages/airflow/example_dags/tutorial.py for tasks to queue
[2026-05-28T08:22:43.901+0000] {logging_mixin.py:190} INFO - [2026-05-28T08:22:43.900+0000] {dagbag.py:588} INFO - Filling up the DagBag from /home/airflow/.local/lib/python3.12/site-packages/airflow/example_dags/tutorial.py
[2026-05-28T08:22:43.922+0000] {processor.py:925} INFO - DAG(s) 'tutorial' retrieved from /home/airflow/.local/lib/python3.12/site-packages/airflow/example_dags/tutorial.py
[2026-05-28T08:22:43.980+0000] {logging_mixin.py:190} INFO - [2026-05-28T08:22:43.980+0000] {dag.py:3239} INFO - Sync 1 DAGs
[2026-05-28T08:22:44.028+0000] {logging_mixin.py:190} INFO - [2026-05-28T08:22:44.028+0000] {dag.py:4180} INFO - Setting next_dagrun for tutorial to 2026-05-27 00:00:00+00:00, run_after=2026-05-28 00:00:00+00:00
[2026-05-28T08:22:44.079+0000] {processor.py:208} INFO - Processing /home/airflow/.local/lib/python3.12/site-packages/airflow/example_dags/tutorial.py took 0.197 seconds
[2026-05-28T08:23:29.559+0000] {processor.py:186} INFO - Started process (PID=4570) to work on /home/airflow/.local/lib/python3.12/site-packages/airflow/example_dags/tutorial.py
[2026-05-28T08:23:29.565+0000] {processor.py:914} INFO - Processing file /home/airflow/.local/lib/python3.12/site-packages/airflow/example_dags/tutorial.py for tasks to queue
[2026-05-28T08:23:29.570+0000] {logging_mixin.py:190} INFO - [2026-05-28T08:23:29.569+0000] {dagbag.py:588} INFO - Filling up the DagBag from /home/airflow/.local/lib/python3.12/site-packages/airflow/example_dags/tutorial.py
[2026-05-28T08:23:29.600+0000] {processor.py:925} INFO - DAG(s) 'tutorial' retrieved from /home/airflow/.local/lib/python3.12/site-packages/airflow/example_dags/tutorial.py
[2026-05-28T08:23:29.679+0000] {logging_mixin.py:190} INFO - [2026-05-28T08:23:29.678+0000] {dag.py:3239} INFO - Sync 1 DAGs
[2026-05-28T08:23:29.743+0000] {logging_mixin.py:190} INFO - [2026-05-28T08:23:29.742+0000] {dag.py:4180} INFO - Setting next_dagrun for tutorial to 2026-05-27 00:00:00+00:00, run_after=2026-05-28 00:00:00+00:00
[2026-05-28T08:23:29.797+0000] {processor.py:208} INFO - Processing /home/airflow/.local/lib/python3.12/site-packages/airflow/example_dags/tutorial.py took 0.258 seconds
[2026-05-28T08:24:23.547+0000] {processor.py:186} INFO - Started process (PID=4634) to work on /home/airflow/.local/lib/python3.12/site-packages/airflow/example_dags/tutorial.py
[2026-05-28T08:24:23.550+0000] {processor.py:914} INFO - Processing file /home/airflow/.local/lib/python3.12/site-packages/airflow/example_dags/tutorial.py for tasks to queue
[2026-05-28T08:24:23.554+0000] {logging_mixin.py:190} INFO - [2026-05-28T08:24:23.553+0000] {dagbag.py:588} INFO - Filling up the DagBag from /home/airflow/.local/lib/python3.12/site-packages/airflow/example_dags/tutorial.py
[2026-05-28T08:24:23.584+0000] {processor.py:925} INFO - DAG(s) 'tutorial' retrieved from /home/airflow/.local/lib/python3.12/site-packages/airflow/example_dags/tutorial.py
[2026-05-28T08:24:23.648+0000] {logging_mixin.py:190} INFO - [2026-05-28T08:24:23.648+0000] {dag.py:3239} INFO - Sync 1 DAGs
[2026-05-28T08:24:23.702+0000] {logging_mixin.py:190} INFO - [2026-05-28T08:24:23.702+0000] {dag.py:4180} INFO - Setting next_dagrun for tutorial to 2026-05-27 00:00:00+00:00, run_after=2026-05-28 00:00:00+00:00
[2026-05-28T08:24:23.745+0000] {processor.py:208} INFO - Processing /home/airflow/.local/lib/python3.12/site-packages/airflow/example_dags/tutorial.py took 0.212 seconds
[2026-05-28T08:25:14.582+0000] {processor.py:186} INFO - Started process (PID=4721) to work on /home/airflow/.local/lib/python3.12/site-packages/airflow/example_dags/tutorial.py
[2026-05-28T08:25:14.585+0000] {processor.py:914} INFO - Processing file /home/airflow/.local/lib/python3.12/site-packages/airflow/example_dags/tutorial.py for tasks to queue
[2026-05-28T08:25:14.588+0000] {logging_mixin.py:190} INFO - [2026-05-28T08:25:14.587+0000] {dagbag.py:588} INFO - Filling up the DagBag from /home/airflow/.local/lib/python3.12/site-packages/airflow/example_dags/tutorial.py
[2026-05-28T08:25:14.611+0000] {processor.py:925} INFO - DAG(s) 'tutorial' retrieved from /home/airflow/.local/lib/python3.12/site-packages/airflow/example_dags/tutorial.py
[2026-05-28T08:25:14.667+0000] {logging_mixin.py:190} INFO - [2026-05-28T08:25:14.666+0000] {dag.py:3239} INFO - Sync 1 DAGs
[2026-05-28T08:25:14.721+0000] {logging_mixin.py:190} INFO - [2026-05-28T08:25:14.720+0000] {dag.py:4180} INFO - Setting next_dagrun for tutorial to 2026-05-27 00:00:00+00:00, run_after=2026-05-28 00:00:00+00:00
[2026-05-28T08:25:14.764+0000] {processor.py:208} INFO - Processing /home/airflow/.local/lib/python3.12/site-packages/airflow/example_dags/tutorial.py took 0.195 seconds
[2026-05-28T08:26:15.810+0000] {processor.py:186} INFO - Started process (PID=4796) to work on /home/airflow/.local/lib/python3.12/site-packages/airflow/example_dags/tutorial.py
[2026-05-28T08:26:15.813+0000] {processor.py:914} INFO - Processing file /home/airflow/.local/lib/python3.12/site-packages/airflow/example_dags/tutorial.py for tasks to queue
[2026-05-28T08:26:15.816+0000] {logging_mixin.py:190} INFO - [2026-05-28T08:26:15.815+0000] {dagbag.py:588} INFO - Filling up the DagBag from /home/airflow/.local/lib/python3.12/site-packages/airflow/example_dags/tutorial.py
[2026-05-28T08:26:15.841+0000] {processor.py:925} INFO - DAG(s) 'tutorial' retrieved from /home/airflow/.local/lib/python3.12/site-packages/airflow/example_dags/tutorial.py
[2026-05-28T08:26:15.915+0000] {logging_mixin.py:190} INFO - [2026-05-28T08:26:15.914+0000] {dag.py:3239} INFO - Sync 1 DAGs
[2026-05-28T08:26:15.973+0000] {logging_mixin.py:190} INFO - [2026-05-28T08:26:15.971+0000] {dag.py:4180} INFO - Setting next_dagrun for tutorial to 2026-05-27 00:00:00+00:00, run_after=2026-05-28 00:00:00+00:00
[2026-05-28T08:26:16.019+0000] {processor.py:208} INFO - Processing /home/airflow/.local/lib/python3.12/site-packages/airflow/example_dags/tutorial.py took 0.225 seconds
[2026-05-28T08:26:58.173+0000] {processor.py:186} INFO - Started process (PID=4861) to work on /home/airflow/.local/lib/python3.12/site-packages/airflow/example_dags/tutorial.py
[2026-05-28T08:26:58.177+0000] {processor.py:914} INFO - Processing file /home/airflow/.local/lib/python3.12/site-packages/airflow/example_dags/tutorial.py for tasks to queue
[2026-05-28T08:26:58.180+0000] {logging_mixin.py:190} INFO - [2026-05-28T08:26:58.179+0000] {dagbag.py:588} INFO - Filling up the DagBag from /home/airflow/.local/lib/python3.12/site-packages/airflow/example_dags/tutorial.py
[2026-05-28T08:26:58.205+0000] {processor.py:925} INFO - DAG(s) 'tutorial' retrieved from /home/airflow/.local/lib/python3.12/site-packages/airflow/example_dags/tutorial.py
[2026-05-28T08:26:58.264+0000] {logging_mixin.py:190} INFO - [2026-05-28T08:26:58.263+0000] {dag.py:3239} INFO - Sync 1 DAGs
[2026-05-28T08:26:58.314+0000] {logging_mixin.py:190} INFO - [2026-05-28T08:26:58.313+0000] {dag.py:4180} INFO - Setting next_dagrun for tutorial to 2026-05-27 00:00:00+00:00, run_after=2026-05-28 00:00:00+00:00
[2026-05-28T08:26:58.356+0000] {processor.py:208} INFO - Processing /home/airflow/.local/lib/python3.12/site-packages/airflow/example_dags/tutorial.py took 0.197 seconds
[2026-05-28T08:27:44.580+0000] {processor.py:186} INFO - Started process (PID=4937) to work on /home/airflow/.local/lib/python3.12/site-packages/airflow/example_dags/tutorial.py
[2026-05-28T08:27:44.582+0000] {processor.py:914} INFO - Processing file /home/airflow/.local/lib/python3.12/site-packages/airflow/example_dags/tutorial.py for tasks to queue
[2026-05-28T08:27:44.585+0000] {logging_mixin.py:190} INFO - [2026-05-28T08:27:44.584+0000] {dagbag.py:588} INFO - Filling up the DagBag from /home/airflow/.local/lib/python3.12/site-packages/airflow/example_dags/tutorial.py
[2026-05-28T08:27:44.609+0000] {processor.py:925} INFO - DAG(s) 'tutorial' retrieved from /home/airflow/.local/lib/python3.12/site-packages/airflow/example_dags/tutorial.py
[2026-05-28T08:27:44.668+0000] {logging_mixin.py:190} INFO - [2026-05-28T08:27:44.668+0000] {dag.py:3239} INFO - Sync 1 DAGs
[2026-05-28T08:27:44.741+0000] {logging_mixin.py:190} INFO - [2026-05-28T08:27:44.741+0000] {dag.py:4180} INFO - Setting next_dagrun for tutorial to 2026-05-27 00:00:00+00:00, run_after=2026-05-28 00:00:00+00:00
[2026-05-28T08:27:44.790+0000] {processor.py:208} INFO - Processing /home/airflow/.local/lib/python3.12/site-packages/airflow/example_dags/tutorial.py took 0.225 seconds
[2026-05-28T08:28:30.450+0000] {processor.py:186} INFO - Started process (PID=5014) to work on /home/airflow/.local/lib/python3.12/site-packages/airflow/example_dags/tutorial.py
[2026-05-28T08:28:30.453+0000] {processor.py:914} INFO - Processing file /home/airflow/.local/lib/python3.12/site-packages/airflow/example_dags/tutorial.py for tasks to queue
[2026-05-28T08:28:30.457+0000] {logging_mixin.py:190} INFO - [2026-05-28T08:28:30.456+0000] {dagbag.py:588} INFO - Filling up the DagBag from /home/airflow/.local/lib/python3.12/site-packages/airflow/example_dags/tutorial.py
[2026-05-28T08:28:30.478+0000] {processor.py:925} INFO - DAG(s) 'tutorial' retrieved from /home/airflow/.local/lib/python3.12/site-packages/airflow/example_dags/tutorial.py
[2026-05-28T08:28:30.540+0000] {logging_mixin.py:190} INFO - [2026-05-28T08:28:30.540+0000] {dag.py:3239} INFO - Sync 1 DAGs
[2026-05-28T08:28:30.592+0000] {logging_mixin.py:190} INFO - [2026-05-28T08:28:30.592+0000] {dag.py:4180} INFO - Setting next_dagrun for tutorial to 2026-05-27 00:00:00+00:00, run_after=2026-05-28 00:00:00+00:00
[2026-05-28T08:28:30.640+0000] {processor.py:208} INFO - Processing /home/airflow/.local/lib/python3.12/site-packages/airflow/example_dags/tutorial.py took 0.202 seconds
[2026-05-28T08:29:15.438+0000] {processor.py:186} INFO - Started process (PID=5077) to work on /home/airflow/.local/lib/python3.12/site-packages/airflow/example_dags/tutorial.py
[2026-05-28T08:29:15.441+0000] {processor.py:914} INFO - Processing file /home/airflow/.local/lib/python3.12/site-packages/airflow/example_dags/tutorial.py for tasks to queue
[2026-05-28T08:29:15.444+0000] {logging_mixin.py:190} INFO - [2026-05-28T08:29:15.443+0000] {dagbag.py:588} INFO - Filling up the DagBag from /home/airflow/.local/lib/python3.12/site-packages/airflow/example_dags/tutorial.py
[2026-05-28T08:29:15.466+0000] {processor.py:925} INFO - DAG(s) 'tutorial' retrieved from /home/airflow/.local/lib/python3.12/site-packages/airflow/example_dags/tutorial.py
[2026-05-28T08:29:15.524+0000] {logging_mixin.py:190} INFO - [2026-05-28T08:29:15.524+0000] {dag.py:3239} INFO - Sync 1 DAGs
[2026-05-28T08:29:15.580+0000] {logging_mixin.py:190} INFO - [2026-05-28T08:29:15.580+0000] {dag.py:4180} INFO - Setting next_dagrun for tutorial to 2026-05-27 00:00:00+00:00, run_after=2026-05-28 00:00:00+00:00
[2026-05-28T08:29:15.625+0000] {processor.py:208} INFO - Processing /home/airflow/.local/lib/python3.12/site-packages/airflow/example_dags/tutorial.py took 0.202 seconds
[2026-05-28T08:30:12.539+0000] {processor.py:186} INFO - Started process (PID=5146) to work on /home/airflow/.local/lib/python3.12/site-packages/airflow/example_dags/tutorial.py
[2026-05-28T08:30:12.543+0000] {processor.py:914} INFO - Processing file /home/airflow/.local/lib/python3.12/site-packages/airflow/example_dags/tutorial.py for tasks to queue
[2026-05-28T08:30:12.548+0000] {logging_mixin.py:190} INFO - [2026-05-28T08:30:12.547+0000] {dagbag.py:588} INFO - Filling up the DagBag from /home/airflow/.local/lib/python3.12/site-packages/airflow/example_dags/tutorial.py
[2026-05-28T08:30:12.601+0000] {processor.py:925} INFO - DAG(s) 'tutorial' retrieved from /home/airflow/.local/lib/python3.12/site-packages/airflow/example_dags/tutorial.py
[2026-05-28T08:30:12.669+0000] {logging_mixin.py:190} INFO - [2026-05-28T08:30:12.669+0000] {dag.py:3239} INFO - Sync 1 DAGs
[2026-05-28T08:30:12.724+0000] {logging_mixin.py:190} INFO - [2026-05-28T08:30:12.724+0000] {dag.py:4180} INFO - Setting next_dagrun for tutorial to 2026-05-27 00:00:00+00:00, run_after=2026-05-28 00:00:00+00:00
[2026-05-28T08:30:12.767+0000] {processor.py:208} INFO - Processing /home/airflow/.local/lib/python3.12/site-packages/airflow/example_dags/tutorial.py took 0.253 seconds
[2026-05-28T08:31:05.687+0000] {processor.py:186} INFO - Started process (PID=5225) to work on /home/airflow/.local/lib/python3.12/site-packages/airflow/example_dags/tutorial.py
[2026-05-28T08:31:05.690+0000] {processor.py:914} INFO - Processing file /home/airflow/.local/lib/python3.12/site-packages/airflow/example_dags/tutorial.py for tasks to queue
[2026-05-28T08:31:05.695+0000] {logging_mixin.py:190} INFO - [2026-05-28T08:31:05.694+0000] {dagbag.py:588} INFO - Filling up the DagBag from /home/airflow/.local/lib/python3.12/site-packages/airflow/example_dags/tutorial.py
[2026-05-28T08:31:05.724+0000] {processor.py:925} INFO - DAG(s) 'tutorial' retrieved from /home/airflow/.local/lib/python3.12/site-packages/airflow/example_dags/tutorial.py
[2026-05-28T08:31:05.819+0000] {logging_mixin.py:190} INFO - [2026-05-28T08:31:05.818+0000] {dag.py:3239} INFO - Sync 1 DAGs
[2026-05-28T08:31:05.927+0000] {logging_mixin.py:190} INFO - [2026-05-28T08:31:05.926+0000] {dag.py:4180} INFO - Setting next_dagrun for tutorial to 2026-05-27 00:00:00+00:00, run_after=2026-05-28 00:00:00+00:00
[2026-05-28T08:31:05.976+0000] {processor.py:208} INFO - Processing /home/airflow/.local/lib/python3.12/site-packages/airflow/example_dags/tutorial.py took 0.308 seconds
[2026-05-28T08:32:03.125+0000] {processor.py:186} INFO - Started process (PID=5300) to work on /home/airflow/.local/lib/python3.12/site-packages/airflow/example_dags/tutorial.py
[2026-05-28T08:32:03.128+0000] {processor.py:914} INFO - Processing file /home/airflow/.local/lib/python3.12/site-packages/airflow/example_dags/tutorial.py for tasks to queue
[2026-05-28T08:32:03.131+0000] {logging_mixin.py:190} INFO - [2026-05-28T08:32:03.130+0000] {dagbag.py:588} INFO - Filling up the DagBag from /home/airflow/.local/lib/python3.12/site-packages/airflow/example_dags/tutorial.py
[2026-05-28T08:32:03.153+0000] {processor.py:925} INFO - DAG(s) 'tutorial' retrieved from /home/airflow/.local/lib/python3.12/site-packages/airflow/example_dags/tutorial.py
[2026-05-28T08:32:03.213+0000] {logging_mixin.py:190} INFO - [2026-05-28T08:32:03.213+0000] {dag.py:3239} INFO - Sync 1 DAGs
[2026-05-28T08:32:03.271+0000] {logging_mixin.py:190} INFO - [2026-05-28T08:32:03.270+0000] {dag.py:4180} INFO - Setting next_dagrun for tutorial to 2026-05-27 00:00:00+00:00, run_after=2026-05-28 00:00:00+00:00
[2026-05-28T08:32:03.327+0000] {processor.py:208} INFO - Processing /home/airflow/.local/lib/python3.12/site-packages/airflow/example_dags/tutorial.py took 0.216 seconds
[2026-05-28T08:32:51.078+0000] {processor.py:186} INFO - Started process (PID=5371) to work on /home/airflow/.local/lib/python3.12/site-packages/airflow/example_dags/tutorial.py
[2026-05-28T08:32:51.081+0000] {processor.py:914} INFO - Processing file /home/airflow/.local/lib/python3.12/site-packages/airflow/example_dags/tutorial.py for tasks to queue
[2026-05-28T08:32:51.084+0000] {logging_mixin.py:190} INFO - [2026-05-28T08:32:51.083+0000] {dagbag.py:588} INFO - Filling up the DagBag from /home/airflow/.local/lib/python3.12/site-packages/airflow/example_dags/tutorial.py
[2026-05-28T08:32:51.106+0000] {processor.py:925} INFO - DAG(s) 'tutorial' retrieved from /home/airflow/.local/lib/python3.12/site-packages/airflow/example_dags/tutorial.py
[2026-05-28T08:32:51.159+0000] {logging_mixin.py:190} INFO - [2026-05-28T08:32:51.159+0000] {dag.py:3239} INFO - Sync 1 DAGs
[2026-05-28T08:32:51.206+0000] {logging_mixin.py:190} INFO - [2026-05-28T08:32:51.206+0000] {dag.py:4180} INFO - Setting next_dagrun for tutorial to 2026-05-27 00:00:00+00:00, run_after=2026-05-28 00:00:00+00:00
[2026-05-28T08:32:51.247+0000] {processor.py:208} INFO - Processing /home/airflow/.local/lib/python3.12/site-packages/airflow/example_dags/tutorial.py took 0.183 seconds
[2026-05-28T08:33:34.321+0000] {processor.py:186} INFO - Started process (PID=5441) to work on /home/airflow/.local/lib/python3.12/site-packages/airflow/example_dags/tutorial.py
[2026-05-28T08:33:34.323+0000] {processor.py:914} INFO - Processing file /home/airflow/.local/lib/python3.12/site-packages/airflow/example_dags/tutorial.py for tasks to queue
[2026-05-28T08:33:34.326+0000] {logging_mixin.py:190} INFO - [2026-05-28T08:33:34.326+0000] {dagbag.py:588} INFO - Filling up the DagBag from /home/airflow/.local/lib/python3.12/site-packages/airflow/example_dags/tutorial.py
[2026-05-28T08:33:34.350+0000] {processor.py:925} INFO - DAG(s) 'tutorial' retrieved from /home/airflow/.local/lib/python3.12/site-packages/airflow/example_dags/tutorial.py
[2026-05-28T08:33:34.418+0000] {logging_mixin.py:190} INFO - [2026-05-28T08:33:34.417+0000] {dag.py:3239} INFO - Sync 1 DAGs
[2026-05-28T08:33:34.474+0000] {logging_mixin.py:190} INFO - [2026-05-28T08:33:34.473+0000] {dag.py:4180} INFO - Setting next_dagrun for tutorial to 2026-05-27 00:00:00+00:00, run_after=2026-05-28 00:00:00+00:00
[2026-05-28T08:33:34.522+0000] {processor.py:208} INFO - Processing /home/airflow/.local/lib/python3.12/site-packages/airflow/example_dags/tutorial.py took 0.215 seconds
[2026-05-28T08:34:19.242+0000] {processor.py:186} INFO - Started process (PID=5511) to work on /home/airflow/.local/lib/python3.12/site-packages/airflow/example_dags/tutorial.py
[2026-05-28T08:34:19.245+0000] {processor.py:914} INFO - Processing file /home/airflow/.local/lib/python3.12/site-packages/airflow/example_dags/tutorial.py for tasks to queue
[2026-05-28T08:34:19.249+0000] {logging_mixin.py:190} INFO - [2026-05-28T08:34:19.248+0000] {dagbag.py:588} INFO - Filling up the DagBag from /home/airflow/.local/lib/python3.12/site-packages/airflow/example_dags/tutorial.py
[2026-05-28T08:34:19.272+0000] {processor.py:925} INFO - DAG(s) 'tutorial' retrieved from /home/airflow/.local/lib/python3.12/site-packages/airflow/example_dags/tutorial.py
[2026-05-28T08:34:19.333+0000] {logging_mixin.py:190} INFO - [2026-05-28T08:34:19.333+0000] {dag.py:3239} INFO - Sync 1 DAGs
[2026-05-28T08:34:19.394+0000] {logging_mixin.py:190} INFO - [2026-05-28T08:34:19.394+0000] {dag.py:4180} INFO - Setting next_dagrun for tutorial to 2026-05-27 00:00:00+00:00, run_after=2026-05-28 00:00:00+00:00
[2026-05-28T08:34:19.440+0000] {processor.py:208} INFO - Processing /home/airflow/.local/lib/python3.12/site-packages/airflow/example_dags/tutorial.py took 0.211 seconds
[2026-05-28T08:35:02.052+0000] {processor.py:186} INFO - Started process (PID=5573) to work on /home/airflow/.local/lib/python3.12/site-packages/airflow/example_dags/tutorial.py
[2026-05-28T08:35:02.055+0000] {processor.py:914} INFO - Processing file /home/airflow/.local/lib/python3.12/site-packages/airflow/example_dags/tutorial.py for tasks to queue
[2026-05-28T08:35:02.062+0000] {logging_mixin.py:190} INFO - [2026-05-28T08:35:02.061+0000] {dagbag.py:588} INFO - Filling up the DagBag from /home/airflow/.local/lib/python3.12/site-packages/airflow/example_dags/tutorial.py
[2026-05-28T08:35:02.084+0000] {processor.py:925} INFO - DAG(s) 'tutorial' retrieved from /home/airflow/.local/lib/python3.12/site-packages/airflow/example_dags/tutorial.py
[2026-05-28T08:35:02.154+0000] {logging_mixin.py:190} INFO - [2026-05-28T08:35:02.154+0000] {dag.py:3239} INFO - Sync 1 DAGs
[2026-05-28T08:35:02.212+0000] {logging_mixin.py:190} INFO - [2026-05-28T08:35:02.211+0000] {dag.py:4180} INFO - Setting next_dagrun for tutorial to 2026-05-27 00:00:00+00:00, run_after=2026-05-28 00:00:00+00:00
[2026-05-28T08:35:02.268+0000] {processor.py:208} INFO - Processing /home/airflow/.local/lib/python3.12/site-packages/airflow/example_dags/tutorial.py took 0.230 seconds
[2026-05-28T08:35:45.066+0000] {processor.py:186} INFO - Started process (PID=5641) to work on /home/airflow/.local/lib/python3.12/site-packages/airflow/example_dags/tutorial.py
[2026-05-28T08:35:45.069+0000] {processor.py:914} INFO - Processing file /home/airflow/.local/lib/python3.12/site-packages/airflow/example_dags/tutorial.py for tasks to queue
[2026-05-28T08:35:45.072+0000] {logging_mixin.py:190} INFO - [2026-05-28T08:35:45.071+0000] {dagbag.py:588} INFO - Filling up the DagBag from /home/airflow/.local/lib/python3.12/site-packages/airflow/example_dags/tutorial.py
[2026-05-28T08:35:45.097+0000] {processor.py:925} INFO - DAG(s) 'tutorial' retrieved from /home/airflow/.local/lib/python3.12/site-packages/airflow/example_dags/tutorial.py
[2026-05-28T08:35:45.154+0000] {logging_mixin.py:190} INFO - [2026-05-28T08:35:45.153+0000] {dag.py:3239} INFO - Sync 1 DAGs
[2026-05-28T08:35:45.204+0000] {logging_mixin.py:190} INFO - [2026-05-28T08:35:45.204+0000] {dag.py:4180} INFO - Setting next_dagrun for tutorial to 2026-05-27 00:00:00+00:00, run_after=2026-05-28 00:00:00+00:00
[2026-05-28T08:35:45.247+0000] {processor.py:208} INFO - Processing /home/airflow/.local/lib/python3.12/site-packages/airflow/example_dags/tutorial.py took 0.195 seconds
[2026-05-28T08:36:34.371+0000] {processor.py:186} INFO - Started process (PID=5713) to work on /home/airflow/.local/lib/python3.12/site-packages/airflow/example_dags/tutorial.py
[2026-05-28T08:36:34.374+0000] {processor.py:914} INFO - Processing file /home/airflow/.local/lib/python3.12/site-packages/airflow/example_dags/tutorial.py for tasks to queue
[2026-05-28T08:36:34.379+0000] {logging_mixin.py:190} INFO - [2026-05-28T08:36:34.378+0000] {dagbag.py:588} INFO - Filling up the DagBag from /home/airflow/.local/lib/python3.12/site-packages/airflow/example_dags/tutorial.py
[2026-05-28T08:36:34.411+0000] {processor.py:925} INFO - DAG(s) 'tutorial' retrieved from /home/airflow/.local/lib/python3.12/site-packages/airflow/example_dags/tutorial.py
[2026-05-28T08:36:34.501+0000] {logging_mixin.py:190} INFO - [2026-05-28T08:36:34.500+0000] {dag.py:3239} INFO - Sync 1 DAGs
[2026-05-28T08:36:34.594+0000] {logging_mixin.py:190} INFO - [2026-05-28T08:36:34.593+0000] {dag.py:4180} INFO - Setting next_dagrun for tutorial to 2026-05-27 00:00:00+00:00, run_after=2026-05-28 00:00:00+00:00
[2026-05-28T08:36:34.657+0000] {processor.py:208} INFO - Processing /home/airflow/.local/lib/python3.12/site-packages/airflow/example_dags/tutorial.py took 0.308 seconds
[2026-05-28T08:37:35.652+0000] {processor.py:186} INFO - Started process (PID=5781) to work on /home/airflow/.local/lib/python3.12/site-packages/airflow/example_dags/tutorial.py
[2026-05-28T08:37:35.656+0000] {processor.py:914} INFO - Processing file /home/airflow/.local/lib/python3.12/site-packages/airflow/example_dags/tutorial.py for tasks to queue
[2026-05-28T08:37:35.662+0000] {logging_mixin.py:190} INFO - [2026-05-28T08:37:35.661+0000] {dagbag.py:588} INFO - Filling up the DagBag from /home/airflow/.local/lib/python3.12/site-packages/airflow/example_dags/tutorial.py
[2026-05-28T08:37:35.692+0000] {processor.py:925} INFO - DAG(s) 'tutorial' retrieved from /home/airflow/.local/lib/python3.12/site-packages/airflow/example_dags/tutorial.py
[2026-05-28T08:37:35.777+0000] {logging_mixin.py:190} INFO - [2026-05-28T08:37:35.776+0000] {dag.py:3239} INFO - Sync 1 DAGs
[2026-05-28T08:37:35.848+0000] {logging_mixin.py:190} INFO - [2026-05-28T08:37:35.847+0000] {dag.py:4180} INFO - Setting next_dagrun for tutorial to 2026-05-27 00:00:00+00:00, run_after=2026-05-28 00:00:00+00:00
[2026-05-28T08:37:35.903+0000] {processor.py:208} INFO - Processing /home/airflow/.local/lib/python3.12/site-packages/airflow/example_dags/tutorial.py took 0.271 seconds
[2026-05-28T08:38:43.947+0000] {processor.py:186} INFO - Started process (PID=5860) to work on /home/airflow/.local/lib/python3.12/site-packages/airflow/example_dags/tutorial.py
[2026-05-28T08:38:43.950+0000] {processor.py:914} INFO - Processing file /home/airflow/.local/lib/python3.12/site-packages/airflow/example_dags/tutorial.py for tasks to queue
[2026-05-28T08:38:43.955+0000] {logging_mixin.py:190} INFO - [2026-05-28T08:38:43.954+0000] {dagbag.py:588} INFO - Filling up the DagBag from /home/airflow/.local/lib/python3.12/site-packages/airflow/example_dags/tutorial.py
[2026-05-28T08:38:43.981+0000] {processor.py:925} INFO - DAG(s) 'tutorial' retrieved from /home/airflow/.local/lib/python3.12/site-packages/airflow/example_dags/tutorial.py
[2026-05-28T08:38:44.076+0000] {logging_mixin.py:190} INFO - [2026-05-28T08:38:44.075+0000] {dag.py:3239} INFO - Sync 1 DAGs
[2026-05-28T08:38:44.153+0000] {logging_mixin.py:190} INFO - [2026-05-28T08:38:44.152+0000] {dag.py:4180} INFO - Setting next_dagrun for tutorial to 2026-05-27 00:00:00+00:00, run_after=2026-05-28 00:00:00+00:00
[2026-05-28T08:38:44.210+0000] {processor.py:208} INFO - Processing /home/airflow/.local/lib/python3.12/site-packages/airflow/example_dags/tutorial.py took 0.278 seconds
[2026-05-28T08:39:57.453+0000] {processor.py:186} INFO - Started process (PID=5940) to work on /home/airflow/.local/lib/python3.12/site-packages/airflow/example_dags/tutorial.py
[2026-05-28T08:39:57.462+0000] {processor.py:914} INFO - Processing file /home/airflow/.local/lib/python3.12/site-packages/airflow/example_dags/tutorial.py for tasks to queue
[2026-05-28T08:39:57.469+0000] {logging_mixin.py:190} INFO - [2026-05-28T08:39:57.468+0000] {dagbag.py:588} INFO - Filling up the DagBag from /home/airflow/.local/lib/python3.12/site-packages/airflow/example_dags/tutorial.py
[2026-05-28T08:39:57.517+0000] {processor.py:925} INFO - DAG(s) 'tutorial' retrieved from /home/airflow/.local/lib/python3.12/site-packages/airflow/example_dags/tutorial.py
[2026-05-28T08:39:57.688+0000] {logging_mixin.py:190} INFO - [2026-05-28T08:39:57.687+0000] {dag.py:3239} INFO - Sync 1 DAGs
[2026-05-28T08:39:57.765+0000] {logging_mixin.py:190} INFO - [2026-05-28T08:39:57.765+0000] {dag.py:4180} INFO - Setting next_dagrun for tutorial to 2026-05-27 00:00:00+00:00, run_after=2026-05-28 00:00:00+00:00
[2026-05-28T08:39:57.838+0000] {processor.py:208} INFO - Processing /home/airflow/.local/lib/python3.12/site-packages/airflow/example_dags/tutorial.py took 0.411 seconds
[2026-05-28T08:41:14.696+0000] {processor.py:186} INFO - Started process (PID=6030) to work on /home/airflow/.local/lib/python3.12/site-packages/airflow/example_dags/tutorial.py
[2026-05-28T08:41:14.700+0000] {processor.py:914} INFO - Processing file /home/airflow/.local/lib/python3.12/site-packages/airflow/example_dags/tutorial.py for tasks to queue
[2026-05-28T08:41:14.705+0000] {logging_mixin.py:190} INFO - [2026-05-28T08:41:14.703+0000] {dagbag.py:588} INFO - Filling up the DagBag from /home/airflow/.local/lib/python3.12/site-packages/airflow/example_dags/tutorial.py
[2026-05-28T08:41:14.738+0000] {processor.py:925} INFO - DAG(s) 'tutorial' retrieved from /home/airflow/.local/lib/python3.12/site-packages/airflow/example_dags/tutorial.py
[2026-05-28T08:41:14.816+0000] {logging_mixin.py:190} INFO - [2026-05-28T08:41:14.815+0000] {dag.py:3239} INFO - Sync 1 DAGs
[2026-05-28T08:41:14.893+0000] {logging_mixin.py:190} INFO - [2026-05-28T08:41:14.892+0000] {dag.py:4180} INFO - Setting next_dagrun for tutorial to 2026-05-27 00:00:00+00:00, run_after=2026-05-28 00:00:00+00:00
[2026-05-28T08:41:14.972+0000] {processor.py:208} INFO - Processing /home/airflow/.local/lib/python3.12/site-packages/airflow/example_dags/tutorial.py took 0.313 seconds
[2026-05-28T08:42:24.617+0000] {processor.py:186} INFO - Started process (PID=6108) to work on /home/airflow/.local/lib/python3.12/site-packages/airflow/example_dags/tutorial.py
[2026-05-28T08:42:24.620+0000] {processor.py:914} INFO - Processing file /home/airflow/.local/lib/python3.12/site-packages/airflow/example_dags/tutorial.py for tasks to queue
[2026-05-28T08:42:24.624+0000] {logging_mixin.py:190} INFO - [2026-05-28T08:42:24.623+0000] {dagbag.py:588} INFO - Filling up the DagBag from /home/airflow/.local/lib/python3.12/site-packages/airflow/example_dags/tutorial.py
[2026-05-28T08:42:24.655+0000] {processor.py:925} INFO - DAG(s) 'tutorial' retrieved from /home/airflow/.local/lib/python3.12/site-packages/airflow/example_dags/tutorial.py
[2026-05-28T08:42:24.726+0000] {logging_mixin.py:190} INFO - [2026-05-28T08:42:24.725+0000] {dag.py:3239} INFO - Sync 1 DAGs
[2026-05-28T08:42:24.793+0000] {logging_mixin.py:190} INFO - [2026-05-28T08:42:24.792+0000] {dag.py:4180} INFO - Setting next_dagrun for tutorial to 2026-05-27 00:00:00+00:00, run_after=2026-05-28 00:00:00+00:00
[2026-05-28T08:42:24.838+0000] {processor.py:208} INFO - Processing /home/airflow/.local/lib/python3.12/site-packages/airflow/example_dags/tutorial.py took 0.239 seconds
[2026-05-28T08:43:39.211+0000] {processor.py:186} INFO - Started process (PID=6197) to work on /home/airflow/.local/lib/python3.12/site-packages/airflow/example_dags/tutorial.py
[2026-05-28T08:43:39.215+0000] {processor.py:914} INFO - Processing file /home/airflow/.local/lib/python3.12/site-packages/airflow/example_dags/tutorial.py for tasks to queue
[2026-05-28T08:43:39.220+0000] {logging_mixin.py:190} INFO - [2026-05-28T08:43:39.219+0000] {dagbag.py:588} INFO - Filling up the DagBag from /home/airflow/.local/lib/python3.12/site-packages/airflow/example_dags/tutorial.py
[2026-05-28T08:43:39.247+0000] {processor.py:925} INFO - DAG(s) 'tutorial' retrieved from /home/airflow/.local/lib/python3.12/site-packages/airflow/example_dags/tutorial.py
[2026-05-28T08:43:39.337+0000] {logging_mixin.py:190} INFO - [2026-05-28T08:43:39.336+0000] {dag.py:3239} INFO - Sync 1 DAGs
[2026-05-28T08:43:39.410+0000] {logging_mixin.py:190} INFO - [2026-05-28T08:43:39.409+0000] {dag.py:4180} INFO - Setting next_dagrun for tutorial to 2026-05-27 00:00:00+00:00, run_after=2026-05-28 00:00:00+00:00
[2026-05-28T08:43:39.461+0000] {processor.py:208} INFO - Processing /home/airflow/.local/lib/python3.12/site-packages/airflow/example_dags/tutorial.py took 0.269 seconds
[2026-05-28T08:44:54.355+0000] {processor.py:186} INFO - Started process (PID=6279) to work on /home/airflow/.local/lib/python3.12/site-packages/airflow/example_dags/tutorial.py
[2026-05-28T08:44:54.363+0000] {processor.py:914} INFO - Processing file /home/airflow/.local/lib/python3.12/site-packages/airflow/example_dags/tutorial.py for tasks to queue
[2026-05-28T08:44:54.370+0000] {logging_mixin.py:190} INFO - [2026-05-28T08:44:54.369+0000] {dagbag.py:588} INFO - Filling up the DagBag from /home/airflow/.local/lib/python3.12/site-packages/airflow/example_dags/tutorial.py
[2026-05-28T08:44:54.402+0000] {processor.py:925} INFO - DAG(s) 'tutorial' retrieved from /home/airflow/.local/lib/python3.12/site-packages/airflow/example_dags/tutorial.py
[2026-05-28T08:44:54.491+0000] {logging_mixin.py:190} INFO - [2026-05-28T08:44:54.488+0000] {dag.py:3239} INFO - Sync 1 DAGs
[2026-05-28T08:44:54.561+0000] {logging_mixin.py:190} INFO - [2026-05-28T08:44:54.560+0000] {dag.py:4180} INFO - Setting next_dagrun for tutorial to 2026-05-27 00:00:00+00:00, run_after=2026-05-28 00:00:00+00:00
[2026-05-28T08:44:54.623+0000] {processor.py:208} INFO - Processing /home/airflow/.local/lib/python3.12/site-packages/airflow/example_dags/tutorial.py took 0.299 seconds
[2026-05-28T08:46:14.707+0000] {processor.py:186} INFO - Started process (PID=6365) to work on /home/airflow/.local/lib/python3.12/site-packages/airflow/example_dags/tutorial.py
[2026-05-28T08:46:14.710+0000] {processor.py:914} INFO - Processing file /home/airflow/.local/lib/python3.12/site-packages/airflow/example_dags/tutorial.py for tasks to queue
[2026-05-28T08:46:14.714+0000] {logging_mixin.py:190} INFO - [2026-05-28T08:46:14.713+0000] {dagbag.py:588} INFO - Filling up the DagBag from /home/airflow/.local/lib/python3.12/site-packages/airflow/example_dags/tutorial.py
[2026-05-28T08:46:14.740+0000] {processor.py:925} INFO - DAG(s) 'tutorial' retrieved from /home/airflow/.local/lib/python3.12/site-packages/airflow/example_dags/tutorial.py
[2026-05-28T08:46:14.810+0000] {logging_mixin.py:190} INFO - [2026-05-28T08:46:14.809+0000] {dag.py:3239} INFO - Sync 1 DAGs
[2026-05-28T08:46:15.350+0000] {logging_mixin.py:190} INFO - [2026-05-28T08:46:15.350+0000] {dag.py:4180} INFO - Setting next_dagrun for tutorial to 2026-05-27 00:00:00+00:00, run_after=2026-05-28 00:00:00+00:00
[2026-05-28T08:46:15.404+0000] {processor.py:208} INFO - Processing /home/airflow/.local/lib/python3.12/site-packages/airflow/example_dags/tutorial.py took 0.711 seconds
[2026-05-28T08:47:28.183+0000] {processor.py:186} INFO - Started process (PID=6446) to work on /home/airflow/.local/lib/python3.12/site-packages/airflow/example_dags/tutorial.py
[2026-05-28T08:47:28.193+0000] {processor.py:914} INFO - Processing file /home/airflow/.local/lib/python3.12/site-packages/airflow/example_dags/tutorial.py for tasks to queue
[2026-05-28T08:47:28.196+0000] {logging_mixin.py:190} INFO - [2026-05-28T08:47:28.196+0000] {dagbag.py:588} INFO - Filling up the DagBag from /home/airflow/.local/lib/python3.12/site-packages/airflow/example_dags/tutorial.py
[2026-05-28T08:47:28.227+0000] {processor.py:925} INFO - DAG(s) 'tutorial' retrieved from /home/airflow/.local/lib/python3.12/site-packages/airflow/example_dags/tutorial.py
[2026-05-28T08:47:28.308+0000] {logging_mixin.py:190} INFO - [2026-05-28T08:47:28.307+0000] {dag.py:3239} INFO - Sync 1 DAGs
[2026-05-28T08:47:28.835+0000] {logging_mixin.py:190} INFO - [2026-05-28T08:47:28.834+0000] {dag.py:4180} INFO - Setting next_dagrun for tutorial to 2026-05-27 00:00:00+00:00, run_after=2026-05-28 00:00:00+00:00
[2026-05-28T08:47:28.883+0000] {processor.py:208} INFO - Processing /home/airflow/.local/lib/python3.12/site-packages/airflow/example_dags/tutorial.py took 0.720 seconds
[2026-05-28T08:48:59.234+0000] {processor.py:186} INFO - Started process (PID=6538) to work on /home/airflow/.local/lib/python3.12/site-packages/airflow/example_dags/tutorial.py
[2026-05-28T08:48:59.237+0000] {processor.py:914} INFO - Processing file /home/airflow/.local/lib/python3.12/site-packages/airflow/example_dags/tutorial.py for tasks to queue
[2026-05-28T08:48:59.242+0000] {logging_mixin.py:190} INFO - [2026-05-28T08:48:59.241+0000] {dagbag.py:588} INFO - Filling up the DagBag from /home/airflow/.local/lib/python3.12/site-packages/airflow/example_dags/tutorial.py
[2026-05-28T08:48:59.764+0000] {processor.py:925} INFO - DAG(s) 'tutorial' retrieved from /home/airflow/.local/lib/python3.12/site-packages/airflow/example_dags/tutorial.py
[2026-05-28T08:48:59.821+0000] {logging_mixin.py:190} INFO - [2026-05-28T08:48:59.820+0000] {dag.py:3239} INFO - Sync 1 DAGs
[2026-05-28T08:48:59.880+0000] {logging_mixin.py:190} INFO - [2026-05-28T08:48:59.879+0000] {dag.py:4180} INFO - Setting next_dagrun for tutorial to 2026-05-27 00:00:00+00:00, run_after=2026-05-28 00:00:00+00:00
[2026-05-28T08:48:59.937+0000] {processor.py:208} INFO - Processing /home/airflow/.local/lib/python3.12/site-packages/airflow/example_dags/tutorial.py took 0.725 seconds
[2026-05-28T08:50:09.422+0000] {processor.py:186} INFO - Started process (PID=6626) to work on /home/airflow/.local/lib/python3.12/site-packages/airflow/example_dags/tutorial.py
[2026-05-28T08:50:09.425+0000] {processor.py:914} INFO - Processing file /home/airflow/.local/lib/python3.12/site-packages/airflow/example_dags/tutorial.py for tasks to queue
[2026-05-28T08:50:09.429+0000] {logging_mixin.py:190} INFO - [2026-05-28T08:50:09.428+0000] {dagbag.py:588} INFO - Filling up the DagBag from /home/airflow/.local/lib/python3.12/site-packages/airflow/example_dags/tutorial.py
[2026-05-28T08:50:09.461+0000] {processor.py:925} INFO - DAG(s) 'tutorial' retrieved from /home/airflow/.local/lib/python3.12/site-packages/airflow/example_dags/tutorial.py
[2026-05-28T08:50:09.534+0000] {logging_mixin.py:190} INFO - [2026-05-28T08:50:09.533+0000] {dag.py:3239} INFO - Sync 1 DAGs
[2026-05-28T08:50:09.599+0000] {logging_mixin.py:190} INFO - [2026-05-28T08:50:09.599+0000] {dag.py:4180} INFO - Setting next_dagrun for tutorial to 2026-05-27 00:00:00+00:00, run_after=2026-05-28 00:00:00+00:00
[2026-05-28T08:50:09.657+0000] {processor.py:208} INFO - Processing /home/airflow/.local/lib/python3.12/site-packages/airflow/example_dags/tutorial.py took 0.254 seconds
[2026-05-28T08:51:14.311+0000] {processor.py:186} INFO - Started process (PID=6697) to work on /home/airflow/.local/lib/python3.12/site-packages/airflow/example_dags/tutorial.py
[2026-05-28T08:51:14.314+0000] {processor.py:914} INFO - Processing file /home/airflow/.local/lib/python3.12/site-packages/airflow/example_dags/tutorial.py for tasks to queue
[2026-05-28T08:51:14.318+0000] {logging_mixin.py:190} INFO - [2026-05-28T08:51:14.317+0000] {dagbag.py:588} INFO - Filling up the DagBag from /home/airflow/.local/lib/python3.12/site-packages/airflow/example_dags/tutorial.py
[2026-05-28T08:51:14.345+0000] {processor.py:925} INFO - DAG(s) 'tutorial' retrieved from /home/airflow/.local/lib/python3.12/site-packages/airflow/example_dags/tutorial.py
[2026-05-28T08:51:14.424+0000] {logging_mixin.py:190} INFO - [2026-05-28T08:51:14.424+0000] {dag.py:3239} INFO - Sync 1 DAGs
[2026-05-28T08:51:14.497+0000] {logging_mixin.py:190} INFO - [2026-05-28T08:51:14.496+0000] {dag.py:4180} INFO - Setting next_dagrun for tutorial to 2026-05-27 00:00:00+00:00, run_after=2026-05-28 00:00:00+00:00
[2026-05-28T08:51:14.553+0000] {processor.py:208} INFO - Processing /home/airflow/.local/lib/python3.12/site-packages/airflow/example_dags/tutorial.py took 0.259 seconds
[2026-05-28T08:52:57.221+0000] {processor.py:186} INFO - Started process (PID=6809) to work on /home/airflow/.local/lib/python3.12/site-packages/airflow/example_dags/tutorial.py
[2026-05-28T08:52:57.224+0000] {processor.py:914} INFO - Processing file /home/airflow/.local/lib/python3.12/site-packages/airflow/example_dags/tutorial.py for tasks to queue
[2026-05-28T08:52:57.229+0000] {logging_mixin.py:190} INFO - [2026-05-28T08:52:57.228+0000] {dagbag.py:588} INFO - Filling up the DagBag from /home/airflow/.local/lib/python3.12/site-packages/airflow/example_dags/tutorial.py
[2026-05-28T08:52:57.266+0000] {processor.py:925} INFO - DAG(s) 'tutorial' retrieved from /home/airflow/.local/lib/python3.12/site-packages/airflow/example_dags/tutorial.py
[2026-05-28T08:52:57.334+0000] {logging_mixin.py:190} INFO - [2026-05-28T08:52:57.333+0000] {dag.py:3239} INFO - Sync 1 DAGs
[2026-05-28T08:52:57.405+0000] {logging_mixin.py:190} INFO - [2026-05-28T08:52:57.404+0000] {dag.py:4180} INFO - Setting next_dagrun for tutorial to 2026-05-27 00:00:00+00:00, run_after=2026-05-28 00:00:00+00:00
[2026-05-28T08:52:57.457+0000] {processor.py:208} INFO - Processing /home/airflow/.local/lib/python3.12/site-packages/airflow/example_dags/tutorial.py took 0.256 seconds
[2026-05-28T08:53:58.472+0000] {processor.py:186} INFO - Started process (PID=6878) to work on /home/airflow/.local/lib/python3.12/site-packages/airflow/example_dags/tutorial.py
[2026-05-28T08:53:58.476+0000] {processor.py:914} INFO - Processing file /home/airflow/.local/lib/python3.12/site-packages/airflow/example_dags/tutorial.py for tasks to queue
[2026-05-28T08:53:58.482+0000] {logging_mixin.py:190} INFO - [2026-05-28T08:53:58.480+0000] {dagbag.py:588} INFO - Filling up the DagBag from /home/airflow/.local/lib/python3.12/site-packages/airflow/example_dags/tutorial.py
[2026-05-28T08:53:58.516+0000] {processor.py:925} INFO - DAG(s) 'tutorial' retrieved from /home/airflow/.local/lib/python3.12/site-packages/airflow/example_dags/tutorial.py
[2026-05-28T08:53:58.603+0000] {logging_mixin.py:190} INFO - [2026-05-28T08:53:58.602+0000] {dag.py:3239} INFO - Sync 1 DAGs
[2026-05-28T08:53:58.683+0000] {logging_mixin.py:190} INFO - [2026-05-28T08:53:58.682+0000] {dag.py:4180} INFO - Setting next_dagrun for tutorial to 2026-05-27 00:00:00+00:00, run_after=2026-05-28 00:00:00+00:00
[2026-05-28T08:53:58.743+0000] {processor.py:208} INFO - Processing /home/airflow/.local/lib/python3.12/site-packages/airflow/example_dags/tutorial.py took 0.296 seconds
[2026-05-28T08:55:23.000+0000] {processor.py:186} INFO - Started process (PID=6976) to work on /home/airflow/.local/lib/python3.12/site-packages/airflow/example_dags/tutorial.py
[2026-05-28T08:55:23.003+0000] {processor.py:914} INFO - Processing file /home/airflow/.local/lib/python3.12/site-packages/airflow/example_dags/tutorial.py for tasks to queue
[2026-05-28T08:55:23.008+0000] {logging_mixin.py:190} INFO - [2026-05-28T08:55:23.006+0000] {dagbag.py:588} INFO - Filling up the DagBag from /home/airflow/.local/lib/python3.12/site-packages/airflow/example_dags/tutorial.py
[2026-05-28T08:55:23.038+0000] {processor.py:925} INFO - DAG(s) 'tutorial' retrieved from /home/airflow/.local/lib/python3.12/site-packages/airflow/example_dags/tutorial.py
[2026-05-28T08:55:23.120+0000] {logging_mixin.py:190} INFO - [2026-05-28T08:55:23.119+0000] {dag.py:3239} INFO - Sync 1 DAGs
[2026-05-28T08:55:23.200+0000] {logging_mixin.py:190} INFO - [2026-05-28T08:55:23.199+0000] {dag.py:4180} INFO - Setting next_dagrun for tutorial to 2026-05-27 00:00:00+00:00, run_after=2026-05-28 00:00:00+00:00
[2026-05-28T08:55:23.259+0000] {processor.py:208} INFO - Processing /home/airflow/.local/lib/python3.12/site-packages/airflow/example_dags/tutorial.py took 0.279 seconds
[2026-05-28T08:56:29.333+0000] {processor.py:186} INFO - Started process (PID=7047) to work on /home/airflow/.local/lib/python3.12/site-packages/airflow/example_dags/tutorial.py
[2026-05-28T08:56:29.336+0000] {processor.py:914} INFO - Processing file /home/airflow/.local/lib/python3.12/site-packages/airflow/example_dags/tutorial.py for tasks to queue
[2026-05-28T08:56:29.339+0000] {logging_mixin.py:190} INFO - [2026-05-28T08:56:29.338+0000] {dagbag.py:588} INFO - Filling up the DagBag from /home/airflow/.local/lib/python3.12/site-packages/airflow/example_dags/tutorial.py
[2026-05-28T08:56:29.372+0000] {processor.py:925} INFO - DAG(s) 'tutorial' retrieved from /home/airflow/.local/lib/python3.12/site-packages/airflow/example_dags/tutorial.py
[2026-05-28T08:56:29.439+0000] {logging_mixin.py:190} INFO - [2026-05-28T08:56:29.438+0000] {dag.py:3239} INFO - Sync 1 DAGs
[2026-05-28T08:56:29.523+0000] {logging_mixin.py:190} INFO - [2026-05-28T08:56:29.523+0000] {dag.py:4180} INFO - Setting next_dagrun for tutorial to 2026-05-27 00:00:00+00:00, run_after=2026-05-28 00:00:00+00:00
[2026-05-28T08:56:29.632+0000] {processor.py:208} INFO - Processing /home/airflow/.local/lib/python3.12/site-packages/airflow/example_dags/tutorial.py took 0.315 seconds
[2026-05-28T08:57:34.307+0000] {processor.py:186} INFO - Started process (PID=7124) to work on /home/airflow/.local/lib/python3.12/site-packages/airflow/example_dags/tutorial.py
[2026-05-28T08:57:34.310+0000] {processor.py:914} INFO - Processing file /home/airflow/.local/lib/python3.12/site-packages/airflow/example_dags/tutorial.py for tasks to queue
[2026-05-28T08:57:34.314+0000] {logging_mixin.py:190} INFO - [2026-05-28T08:57:34.313+0000] {dagbag.py:588} INFO - Filling up the DagBag from /home/airflow/.local/lib/python3.12/site-packages/airflow/example_dags/tutorial.py
[2026-05-28T08:57:34.343+0000] {processor.py:925} INFO - DAG(s) 'tutorial' retrieved from /home/airflow/.local/lib/python3.12/site-packages/airflow/example_dags/tutorial.py
[2026-05-28T08:57:34.408+0000] {logging_mixin.py:190} INFO - [2026-05-28T08:57:34.407+0000] {dag.py:3239} INFO - Sync 1 DAGs
[2026-05-28T08:57:34.469+0000] {logging_mixin.py:190} INFO - [2026-05-28T08:57:34.469+0000] {dag.py:4180} INFO - Setting next_dagrun for tutorial to 2026-05-27 00:00:00+00:00, run_after=2026-05-28 00:00:00+00:00
[2026-05-28T08:57:34.516+0000] {processor.py:208} INFO - Processing /home/airflow/.local/lib/python3.12/site-packages/airflow/example_dags/tutorial.py took 0.228 seconds
[2026-05-28T08:58:36.039+0000] {processor.py:186} INFO - Started process (PID=7199) to work on /home/airflow/.local/lib/python3.12/site-packages/airflow/example_dags/tutorial.py
[2026-05-28T08:58:36.043+0000] {processor.py:914} INFO - Processing file /home/airflow/.local/lib/python3.12/site-packages/airflow/example_dags/tutorial.py for tasks to queue
[2026-05-28T08:58:36.047+0000] {logging_mixin.py:190} INFO - [2026-05-28T08:58:36.046+0000] {dagbag.py:588} INFO - Filling up the DagBag from /home/airflow/.local/lib/python3.12/site-packages/airflow/example_dags/tutorial.py
[2026-05-28T08:58:36.087+0000] {processor.py:925} INFO - DAG(s) 'tutorial' retrieved from /home/airflow/.local/lib/python3.12/site-packages/airflow/example_dags/tutorial.py
[2026-05-28T08:58:36.194+0000] {logging_mixin.py:190} INFO - [2026-05-28T08:58:36.194+0000] {dag.py:3239} INFO - Sync 1 DAGs
[2026-05-28T08:58:36.266+0000] {logging_mixin.py:190} INFO - [2026-05-28T08:58:36.265+0000] {dag.py:4180} INFO - Setting next_dagrun for tutorial to 2026-05-27 00:00:00+00:00, run_after=2026-05-28 00:00:00+00:00
[2026-05-28T08:58:36.325+0000] {processor.py:208} INFO - Processing /home/airflow/.local/lib/python3.12/site-packages/airflow/example_dags/tutorial.py took 0.301 seconds
[2026-05-28T08:59:43.917+0000] {processor.py:186} INFO - Started process (PID=7280) to work on /home/airflow/.local/lib/python3.12/site-packages/airflow/example_dags/tutorial.py
[2026-05-28T08:59:43.921+0000] {processor.py:914} INFO - Processing file /home/airflow/.local/lib/python3.12/site-packages/airflow/example_dags/tutorial.py for tasks to queue
[2026-05-28T08:59:43.938+0000] {logging_mixin.py:190} INFO - [2026-05-28T08:59:43.933+0000] {dagbag.py:588} INFO - Filling up the DagBag from /home/airflow/.local/lib/python3.12/site-packages/airflow/example_dags/tutorial.py
[2026-05-28T08:59:43.984+0000] {processor.py:925} INFO - DAG(s) 'tutorial' retrieved from /home/airflow/.local/lib/python3.12/site-packages/airflow/example_dags/tutorial.py
[2026-05-28T08:59:44.097+0000] {logging_mixin.py:190} INFO - [2026-05-28T08:59:44.097+0000] {dag.py:3239} INFO - Sync 1 DAGs
[2026-05-28T08:59:44.161+0000] {logging_mixin.py:190} INFO - [2026-05-28T08:59:44.161+0000] {dag.py:4180} INFO - Setting next_dagrun for tutorial to 2026-05-27 00:00:00+00:00, run_after=2026-05-28 00:00:00+00:00
[2026-05-28T08:59:44.212+0000] {processor.py:208} INFO - Processing /home/airflow/.local/lib/python3.12/site-packages/airflow/example_dags/tutorial.py took 0.327 seconds
[2026-05-28T09:00:47.916+0000] {processor.py:186} INFO - Started process (PID=7369) to work on /home/airflow/.local/lib/python3.12/site-packages/airflow/example_dags/tutorial.py
[2026-05-28T09:00:47.919+0000] {processor.py:914} INFO - Processing file /home/airflow/.local/lib/python3.12/site-packages/airflow/example_dags/tutorial.py for tasks to queue
[2026-05-28T09:00:47.923+0000] {logging_mixin.py:190} INFO - [2026-05-28T09:00:47.922+0000] {dagbag.py:588} INFO - Filling up the DagBag from /home/airflow/.local/lib/python3.12/site-packages/airflow/example_dags/tutorial.py
[2026-05-28T09:00:47.952+0000] {processor.py:925} INFO - DAG(s) 'tutorial' retrieved from /home/airflow/.local/lib/python3.12/site-packages/airflow/example_dags/tutorial.py
[2026-05-28T09:00:48.040+0000] {logging_mixin.py:190} INFO - [2026-05-28T09:00:48.039+0000] {dag.py:3239} INFO - Sync 1 DAGs
[2026-05-28T09:00:48.160+0000] {logging_mixin.py:190} INFO - [2026-05-28T09:00:48.159+0000] {dag.py:4180} INFO - Setting next_dagrun for tutorial to 2026-05-27 00:00:00+00:00, run_after=2026-05-28 00:00:00+00:00
[2026-05-28T09:00:48.245+0000] {processor.py:208} INFO - Processing /home/airflow/.local/lib/python3.12/site-packages/airflow/example_dags/tutorial.py took 0.345 seconds
[2026-05-28T09:02:13.049+0000] {processor.py:186} INFO - Started process (PID=7451) to work on /home/airflow/.local/lib/python3.12/site-packages/airflow/example_dags/tutorial.py
[2026-05-28T09:02:13.053+0000] {processor.py:914} INFO - Processing file /home/airflow/.local/lib/python3.12/site-packages/airflow/example_dags/tutorial.py for tasks to queue
[2026-05-28T09:02:13.058+0000] {logging_mixin.py:190} INFO - [2026-05-28T09:02:13.057+0000] {dagbag.py:588} INFO - Filling up the DagBag from /home/airflow/.local/lib/python3.12/site-packages/airflow/example_dags/tutorial.py
[2026-05-28T09:02:13.094+0000] {processor.py:925} INFO - DAG(s) 'tutorial' retrieved from /home/airflow/.local/lib/python3.12/site-packages/airflow/example_dags/tutorial.py
[2026-05-28T09:02:13.191+0000] {logging_mixin.py:190} INFO - [2026-05-28T09:02:13.189+0000] {dag.py:3239} INFO - Sync 1 DAGs
[2026-05-28T09:02:13.268+0000] {logging_mixin.py:190} INFO - [2026-05-28T09:02:13.267+0000] {dag.py:4180} INFO - Setting next_dagrun for tutorial to 2026-05-27 00:00:00+00:00, run_after=2026-05-28 00:00:00+00:00
[2026-05-28T09:02:13.322+0000] {processor.py:208} INFO - Processing /home/airflow/.local/lib/python3.12/site-packages/airflow/example_dags/tutorial.py took 0.295 seconds
[2026-05-28T09:03:14.344+0000] {processor.py:186} INFO - Started process (PID=7547) to work on /home/airflow/.local/lib/python3.12/site-packages/airflow/example_dags/tutorial.py
[2026-05-28T09:03:14.347+0000] {processor.py:914} INFO - Processing file /home/airflow/.local/lib/python3.12/site-packages/airflow/example_dags/tutorial.py for tasks to queue
[2026-05-28T09:03:14.350+0000] {logging_mixin.py:190} INFO - [2026-05-28T09:03:14.349+0000] {dagbag.py:588} INFO - Filling up the DagBag from /home/airflow/.local/lib/python3.12/site-packages/airflow/example_dags/tutorial.py
[2026-05-28T09:03:14.378+0000] {processor.py:925} INFO - DAG(s) 'tutorial' retrieved from /home/airflow/.local/lib/python3.12/site-packages/airflow/example_dags/tutorial.py
[2026-05-28T09:03:14.448+0000] {logging_mixin.py:190} INFO - [2026-05-28T09:03:14.448+0000] {dag.py:3239} INFO - Sync 1 DAGs
[2026-05-28T09:03:14.535+0000] {logging_mixin.py:190} INFO - [2026-05-28T09:03:14.534+0000] {dag.py:4180} INFO - Setting next_dagrun for tutorial to 2026-05-27 00:00:00+00:00, run_after=2026-05-28 00:00:00+00:00
[2026-05-28T09:03:14.599+0000] {processor.py:208} INFO - Processing /home/airflow/.local/lib/python3.12/site-packages/airflow/example_dags/tutorial.py took 0.269 seconds
[2026-05-28T09:04:02.037+0000] {processor.py:186} INFO - Started process (PID=7614) to work on /home/airflow/.local/lib/python3.12/site-packages/airflow/example_dags/tutorial.py
[2026-05-28T09:04:02.040+0000] {processor.py:914} INFO - Processing file /home/airflow/.local/lib/python3.12/site-packages/airflow/example_dags/tutorial.py for tasks to queue
[2026-05-28T09:04:02.048+0000] {logging_mixin.py:190} INFO - [2026-05-28T09:04:02.047+0000] {dagbag.py:588} INFO - Filling up the DagBag from /home/airflow/.local/lib/python3.12/site-packages/airflow/example_dags/tutorial.py
[2026-05-28T09:04:02.081+0000] {processor.py:925} INFO - DAG(s) 'tutorial' retrieved from /home/airflow/.local/lib/python3.12/site-packages/airflow/example_dags/tutorial.py
[2026-05-28T09:04:02.147+0000] {logging_mixin.py:190} INFO - [2026-05-28T09:04:02.146+0000] {dag.py:3239} INFO - Sync 1 DAGs
[2026-05-28T09:04:02.212+0000] {logging_mixin.py:190} INFO - [2026-05-28T09:04:02.212+0000] {dag.py:4180} INFO - Setting next_dagrun for tutorial to 2026-05-27 00:00:00+00:00, run_after=2026-05-28 00:00:00+00:00
[2026-05-28T09:04:02.263+0000] {processor.py:208} INFO - Processing /home/airflow/.local/lib/python3.12/site-packages/airflow/example_dags/tutorial.py took 0.245 seconds
[2026-05-28T09:04:53.112+0000] {processor.py:186} INFO - Started process (PID=7685) to work on /home/airflow/.local/lib/python3.12/site-packages/airflow/example_dags/tutorial.py
[2026-05-28T09:04:53.115+0000] {processor.py:914} INFO - Processing file /home/airflow/.local/lib/python3.12/site-packages/airflow/example_dags/tutorial.py for tasks to queue
[2026-05-28T09:04:53.121+0000] {logging_mixin.py:190} INFO - [2026-05-28T09:04:53.119+0000] {dagbag.py:588} INFO - Filling up the DagBag from /home/airflow/.local/lib/python3.12/site-packages/airflow/example_dags/tutorial.py
[2026-05-28T09:04:53.147+0000] {processor.py:925} INFO - DAG(s) 'tutorial' retrieved from /home/airflow/.local/lib/python3.12/site-packages/airflow/example_dags/tutorial.py
[2026-05-28T09:04:53.217+0000] {logging_mixin.py:190} INFO - [2026-05-28T09:04:53.217+0000] {dag.py:3239} INFO - Sync 1 DAGs
[2026-05-28T09:04:53.289+0000] {logging_mixin.py:190} INFO - [2026-05-28T09:04:53.289+0000] {dag.py:4180} INFO - Setting next_dagrun for tutorial to 2026-05-27 00:00:00+00:00, run_after=2026-05-28 00:00:00+00:00
[2026-05-28T09:04:53.335+0000] {processor.py:208} INFO - Processing /home/airflow/.local/lib/python3.12/site-packages/airflow/example_dags/tutorial.py took 0.242 seconds
[2026-05-28T09:05:45.358+0000] {processor.py:186} INFO - Started process (PID=7758) to work on /home/airflow/.local/lib/python3.12/site-packages/airflow/example_dags/tutorial.py
[2026-05-28T09:05:45.362+0000] {processor.py:914} INFO - Processing file /home/airflow/.local/lib/python3.12/site-packages/airflow/example_dags/tutorial.py for tasks to queue
[2026-05-28T09:05:45.367+0000] {logging_mixin.py:190} INFO - [2026-05-28T09:05:45.366+0000] {dagbag.py:588} INFO - Filling up the DagBag from /home/airflow/.local/lib/python3.12/site-packages/airflow/example_dags/tutorial.py
[2026-05-28T09:05:45.396+0000] {processor.py:925} INFO - DAG(s) 'tutorial' retrieved from /home/airflow/.local/lib/python3.12/site-packages/airflow/example_dags/tutorial.py
[2026-05-28T09:05:45.467+0000] {logging_mixin.py:190} INFO - [2026-05-28T09:05:45.466+0000] {dag.py:3239} INFO - Sync 1 DAGs
[2026-05-28T09:05:45.524+0000] {logging_mixin.py:190} INFO - [2026-05-28T09:05:45.524+0000] {dag.py:4180} INFO - Setting next_dagrun for tutorial to 2026-05-27 00:00:00+00:00, run_after=2026-05-28 00:00:00+00:00
[2026-05-28T09:05:45.570+0000] {processor.py:208} INFO - Processing /home/airflow/.local/lib/python3.12/site-packages/airflow/example_dags/tutorial.py took 0.233 seconds
[2026-05-28T09:06:45.197+0000] {processor.py:186} INFO - Started process (PID=7847) to work on /home/airflow/.local/lib/python3.12/site-packages/airflow/example_dags/tutorial.py
[2026-05-28T09:06:45.200+0000] {processor.py:914} INFO - Processing file /home/airflow/.local/lib/python3.12/site-packages/airflow/example_dags/tutorial.py for tasks to queue
[2026-05-28T09:06:45.204+0000] {logging_mixin.py:190} INFO - [2026-05-28T09:06:45.204+0000] {dagbag.py:588} INFO - Filling up the DagBag from /home/airflow/.local/lib/python3.12/site-packages/airflow/example_dags/tutorial.py
[2026-05-28T09:06:45.233+0000] {processor.py:925} INFO - DAG(s) 'tutorial' retrieved from /home/airflow/.local/lib/python3.12/site-packages/airflow/example_dags/tutorial.py
[2026-05-28T09:06:45.311+0000] {logging_mixin.py:190} INFO - [2026-05-28T09:06:45.310+0000] {dag.py:3239} INFO - Sync 1 DAGs
[2026-05-28T09:06:45.400+0000] {logging_mixin.py:190} INFO - [2026-05-28T09:06:45.400+0000] {dag.py:4180} INFO - Setting next_dagrun for tutorial to 2026-05-27 00:00:00+00:00, run_after=2026-05-28 00:00:00+00:00
[2026-05-28T09:06:45.462+0000] {processor.py:208} INFO - Processing /home/airflow/.local/lib/python3.12/site-packages/airflow/example_dags/tutorial.py took 0.283 seconds
[2026-05-28T09:07:40.248+0000] {processor.py:186} INFO - Started process (PID=7909) to work on /home/airflow/.local/lib/python3.12/site-packages/airflow/example_dags/tutorial.py
[2026-05-28T09:07:40.252+0000] {processor.py:914} INFO - Processing file /home/airflow/.local/lib/python3.12/site-packages/airflow/example_dags/tutorial.py for tasks to queue
[2026-05-28T09:07:40.256+0000] {logging_mixin.py:190} INFO - [2026-05-28T09:07:40.255+0000] {dagbag.py:588} INFO - Filling up the DagBag from /home/airflow/.local/lib/python3.12/site-packages/airflow/example_dags/tutorial.py
[2026-05-28T09:07:40.292+0000] {processor.py:925} INFO - DAG(s) 'tutorial' retrieved from /home/airflow/.local/lib/python3.12/site-packages/airflow/example_dags/tutorial.py
[2026-05-28T09:07:40.372+0000] {logging_mixin.py:190} INFO - [2026-05-28T09:07:40.371+0000] {dag.py:3239} INFO - Sync 1 DAGs
[2026-05-28T09:07:40.446+0000] {logging_mixin.py:190} INFO - [2026-05-28T09:07:40.446+0000] {dag.py:4180} INFO - Setting next_dagrun for tutorial to 2026-05-27 00:00:00+00:00, run_after=2026-05-28 00:00:00+00:00
[2026-05-28T09:07:40.500+0000] {processor.py:208} INFO - Processing /home/airflow/.local/lib/python3.12/site-packages/airflow/example_dags/tutorial.py took 0.273 seconds
[2026-05-28T09:08:38.279+0000] {processor.py:186} INFO - Started process (PID=7992) to work on /home/airflow/.local/lib/python3.12/site-packages/airflow/example_dags/tutorial.py
[2026-05-28T09:08:38.282+0000] {processor.py:914} INFO - Processing file /home/airflow/.local/lib/python3.12/site-packages/airflow/example_dags/tutorial.py for tasks to queue
[2026-05-28T09:08:38.285+0000] {logging_mixin.py:190} INFO - [2026-05-28T09:08:38.284+0000] {dagbag.py:588} INFO - Filling up the DagBag from /home/airflow/.local/lib/python3.12/site-packages/airflow/example_dags/tutorial.py
[2026-05-28T09:08:38.312+0000] {processor.py:925} INFO - DAG(s) 'tutorial' retrieved from /home/airflow/.local/lib/python3.12/site-packages/airflow/example_dags/tutorial.py
[2026-05-28T09:08:38.384+0000] {logging_mixin.py:190} INFO - [2026-05-28T09:08:38.383+0000] {dag.py:3239} INFO - Sync 1 DAGs
[2026-05-28T09:08:38.462+0000] {logging_mixin.py:190} INFO - [2026-05-28T09:08:38.461+0000] {dag.py:4180} INFO - Setting next_dagrun for tutorial to 2026-05-27 00:00:00+00:00, run_after=2026-05-28 00:00:00+00:00
[2026-05-28T09:08:38.553+0000] {processor.py:208} INFO - Processing /home/airflow/.local/lib/python3.12/site-packages/airflow/example_dags/tutorial.py took 0.289 seconds
[2026-05-28T09:09:45.723+0000] {processor.py:186} INFO - Started process (PID=8075) to work on /home/airflow/.local/lib/python3.12/site-packages/airflow/example_dags/tutorial.py
[2026-05-28T09:09:45.726+0000] {processor.py:914} INFO - Processing file /home/airflow/.local/lib/python3.12/site-packages/airflow/example_dags/tutorial.py for tasks to queue
[2026-05-28T09:09:45.731+0000] {logging_mixin.py:190} INFO - [2026-05-28T09:09:45.730+0000] {dagbag.py:588} INFO - Filling up the DagBag from /home/airflow/.local/lib/python3.12/site-packages/airflow/example_dags/tutorial.py
[2026-05-28T09:09:45.757+0000] {processor.py:925} INFO - DAG(s) 'tutorial' retrieved from /home/airflow/.local/lib/python3.12/site-packages/airflow/example_dags/tutorial.py
[2026-05-28T09:09:45.826+0000] {logging_mixin.py:190} INFO - [2026-05-28T09:09:45.825+0000] {dag.py:3239} INFO - Sync 1 DAGs
[2026-05-28T09:09:45.879+0000] {logging_mixin.py:190} INFO - [2026-05-28T09:09:45.878+0000] {dag.py:4180} INFO - Setting next_dagrun for tutorial to 2026-05-27 00:00:00+00:00, run_after=2026-05-28 00:00:00+00:00
[2026-05-28T09:09:45.988+0000] {processor.py:208} INFO - Processing /home/airflow/.local/lib/python3.12/site-packages/airflow/example_dags/tutorial.py took 0.282 seconds
[2026-05-28T09:10:35.467+0000] {processor.py:186} INFO - Started process (PID=8155) to work on /home/airflow/.local/lib/python3.12/site-packages/airflow/example_dags/tutorial.py
[2026-05-28T09:10:35.470+0000] {processor.py:914} INFO - Processing file /home/airflow/.local/lib/python3.12/site-packages/airflow/example_dags/tutorial.py for tasks to queue
[2026-05-28T09:10:35.477+0000] {logging_mixin.py:190} INFO - [2026-05-28T09:10:35.476+0000] {dagbag.py:588} INFO - Filling up the DagBag from /home/airflow/.local/lib/python3.12/site-packages/airflow/example_dags/tutorial.py
[2026-05-28T09:10:35.509+0000] {processor.py:925} INFO - DAG(s) 'tutorial' retrieved from /home/airflow/.local/lib/python3.12/site-packages/airflow/example_dags/tutorial.py
[2026-05-28T09:10:35.571+0000] {logging_mixin.py:190} INFO - [2026-05-28T09:10:35.570+0000] {dag.py:3239} INFO - Sync 1 DAGs
[2026-05-28T09:10:35.619+0000] {logging_mixin.py:190} INFO - [2026-05-28T09:10:35.618+0000] {dag.py:4180} INFO - Setting next_dagrun for tutorial to 2026-05-27 00:00:00+00:00, run_after=2026-05-28 00:00:00+00:00
[2026-05-28T09:10:35.661+0000] {processor.py:208} INFO - Processing /home/airflow/.local/lib/python3.12/site-packages/airflow/example_dags/tutorial.py took 0.210 seconds
[2026-05-28T09:11:26.466+0000] {processor.py:186} INFO - Started process (PID=8225) to work on /home/airflow/.local/lib/python3.12/site-packages/airflow/example_dags/tutorial.py
[2026-05-28T09:11:26.471+0000] {processor.py:914} INFO - Processing file /home/airflow/.local/lib/python3.12/site-packages/airflow/example_dags/tutorial.py for tasks to queue
[2026-05-28T09:11:26.476+0000] {logging_mixin.py:190} INFO - [2026-05-28T09:11:26.475+0000] {dagbag.py:588} INFO - Filling up the DagBag from /home/airflow/.local/lib/python3.12/site-packages/airflow/example_dags/tutorial.py
[2026-05-28T09:11:26.511+0000] {processor.py:925} INFO - DAG(s) 'tutorial' retrieved from /home/airflow/.local/lib/python3.12/site-packages/airflow/example_dags/tutorial.py
[2026-05-28T09:11:26.597+0000] {logging_mixin.py:190} INFO - [2026-05-28T09:11:26.596+0000] {dag.py:3239} INFO - Sync 1 DAGs
[2026-05-28T09:11:26.692+0000] {logging_mixin.py:190} INFO - [2026-05-28T09:11:26.691+0000] {dag.py:4180} INFO - Setting next_dagrun for tutorial to 2026-05-27 00:00:00+00:00, run_after=2026-05-28 00:00:00+00:00
[2026-05-28T09:11:26.739+0000] {processor.py:208} INFO - Processing /home/airflow/.local/lib/python3.12/site-packages/airflow/example_dags/tutorial.py took 0.298 seconds
[2026-05-28T09:12:14.557+0000] {processor.py:186} INFO - Started process (PID=8297) to work on /home/airflow/.local/lib/python3.12/site-packages/airflow/example_dags/tutorial.py
[2026-05-28T09:12:14.560+0000] {processor.py:914} INFO - Processing file /home/airflow/.local/lib/python3.12/site-packages/airflow/example_dags/tutorial.py for tasks to queue
[2026-05-28T09:12:14.565+0000] {logging_mixin.py:190} INFO - [2026-05-28T09:12:14.564+0000] {dagbag.py:588} INFO - Filling up the DagBag from /home/airflow/.local/lib/python3.12/site-packages/airflow/example_dags/tutorial.py
[2026-05-28T09:12:14.617+0000] {processor.py:925} INFO - DAG(s) 'tutorial' retrieved from /home/airflow/.local/lib/python3.12/site-packages/airflow/example_dags/tutorial.py
[2026-05-28T09:12:14.678+0000] {logging_mixin.py:190} INFO - [2026-05-28T09:12:14.677+0000] {dag.py:3239} INFO - Sync 1 DAGs
[2026-05-28T09:12:14.728+0000] {logging_mixin.py:190} INFO - [2026-05-28T09:12:14.728+0000] {dag.py:4180} INFO - Setting next_dagrun for tutorial to 2026-05-27 00:00:00+00:00, run_after=2026-05-28 00:00:00+00:00
[2026-05-28T09:12:14.776+0000] {processor.py:208} INFO - Processing /home/airflow/.local/lib/python3.12/site-packages/airflow/example_dags/tutorial.py took 0.250 seconds
[2026-05-28T09:13:05.441+0000] {processor.py:186} INFO - Started process (PID=8366) to work on /home/airflow/.local/lib/python3.12/site-packages/airflow/example_dags/tutorial.py
[2026-05-28T09:13:05.444+0000] {processor.py:914} INFO - Processing file /home/airflow/.local/lib/python3.12/site-packages/airflow/example_dags/tutorial.py for tasks to queue
[2026-05-28T09:13:05.447+0000] {logging_mixin.py:190} INFO - [2026-05-28T09:13:05.446+0000] {dagbag.py:588} INFO - Filling up the DagBag from /home/airflow/.local/lib/python3.12/site-packages/airflow/example_dags/tutorial.py
[2026-05-28T09:13:05.469+0000] {processor.py:925} INFO - DAG(s) 'tutorial' retrieved from /home/airflow/.local/lib/python3.12/site-packages/airflow/example_dags/tutorial.py
[2026-05-28T09:13:05.530+0000] {logging_mixin.py:190} INFO - [2026-05-28T09:13:05.530+0000] {dag.py:3239} INFO - Sync 1 DAGs
[2026-05-28T09:13:05.585+0000] {logging_mixin.py:190} INFO - [2026-05-28T09:13:05.584+0000] {dag.py:4180} INFO - Setting next_dagrun for tutorial to 2026-05-27 00:00:00+00:00, run_after=2026-05-28 00:00:00+00:00
[2026-05-28T09:13:05.648+0000] {processor.py:208} INFO - Processing /home/airflow/.local/lib/python3.12/site-packages/airflow/example_dags/tutorial.py took 0.223 seconds
[2026-05-28T09:14:28.375+0000] {processor.py:186} INFO - Started process (PID=8463) to work on /home/airflow/.local/lib/python3.12/site-packages/airflow/example_dags/tutorial.py
[2026-05-28T09:14:28.378+0000] {processor.py:914} INFO - Processing file /home/airflow/.local/lib/python3.12/site-packages/airflow/example_dags/tutorial.py for tasks to queue
[2026-05-28T09:14:28.382+0000] {logging_mixin.py:190} INFO - [2026-05-28T09:14:28.380+0000] {dagbag.py:588} INFO - Filling up the DagBag from /home/airflow/.local/lib/python3.12/site-packages/airflow/example_dags/tutorial.py
[2026-05-28T09:14:28.403+0000] {processor.py:925} INFO - DAG(s) 'tutorial' retrieved from /home/airflow/.local/lib/python3.12/site-packages/airflow/example_dags/tutorial.py
[2026-05-28T09:14:28.466+0000] {logging_mixin.py:190} INFO - [2026-05-28T09:14:28.466+0000] {dag.py:3239} INFO - Sync 1 DAGs
[2026-05-28T09:14:28.513+0000] {logging_mixin.py:190} INFO - [2026-05-28T09:14:28.512+0000] {dag.py:4180} INFO - Setting next_dagrun for tutorial to 2026-05-27 00:00:00+00:00, run_after=2026-05-28 00:00:00+00:00
[2026-05-28T09:14:28.562+0000] {processor.py:208} INFO - Processing /home/airflow/.local/lib/python3.12/site-packages/airflow/example_dags/tutorial.py took 0.201 seconds
[2026-05-28T09:15:53.242+0000] {processor.py:186} INFO - Started process (PID=8563) to work on /home/airflow/.local/lib/python3.12/site-packages/airflow/example_dags/tutorial.py
[2026-05-28T09:15:53.245+0000] {processor.py:914} INFO - Processing file /home/airflow/.local/lib/python3.12/site-packages/airflow/example_dags/tutorial.py for tasks to queue
[2026-05-28T09:15:53.250+0000] {logging_mixin.py:190} INFO - [2026-05-28T09:15:53.248+0000] {dagbag.py:588} INFO - Filling up the DagBag from /home/airflow/.local/lib/python3.12/site-packages/airflow/example_dags/tutorial.py
[2026-05-28T09:15:53.279+0000] {processor.py:925} INFO - DAG(s) 'tutorial' retrieved from /home/airflow/.local/lib/python3.12/site-packages/airflow/example_dags/tutorial.py
[2026-05-28T09:15:53.365+0000] {logging_mixin.py:190} INFO - [2026-05-28T09:15:53.364+0000] {dag.py:3239} INFO - Sync 1 DAGs
[2026-05-28T09:15:53.457+0000] {logging_mixin.py:190} INFO - [2026-05-28T09:15:53.457+0000] {dag.py:4180} INFO - Setting next_dagrun for tutorial to 2026-05-27 00:00:00+00:00, run_after=2026-05-28 00:00:00+00:00
[2026-05-28T09:15:53.510+0000] {processor.py:208} INFO - Processing /home/airflow/.local/lib/python3.12/site-packages/airflow/example_dags/tutorial.py took 0.287 seconds
[2026-05-28T09:16:54.344+0000] {processor.py:186} INFO - Started process (PID=8652) to work on /home/airflow/.local/lib/python3.12/site-packages/airflow/example_dags/tutorial.py
[2026-05-28T09:16:54.347+0000] {processor.py:914} INFO - Processing file /home/airflow/.local/lib/python3.12/site-packages/airflow/example_dags/tutorial.py for tasks to queue
[2026-05-28T09:16:54.351+0000] {logging_mixin.py:190} INFO - [2026-05-28T09:16:54.350+0000] {dagbag.py:588} INFO - Filling up the DagBag from /home/airflow/.local/lib/python3.12/site-packages/airflow/example_dags/tutorial.py
[2026-05-28T09:16:54.378+0000] {processor.py:925} INFO - DAG(s) 'tutorial' retrieved from /home/airflow/.local/lib/python3.12/site-packages/airflow/example_dags/tutorial.py
[2026-05-28T09:16:54.488+0000] {logging_mixin.py:190} INFO - [2026-05-28T09:16:54.487+0000] {dag.py:3239} INFO - Sync 1 DAGs
[2026-05-28T09:16:54.592+0000] {logging_mixin.py:190} INFO - [2026-05-28T09:16:54.591+0000] {dag.py:4180} INFO - Setting next_dagrun for tutorial to 2026-05-27 00:00:00+00:00, run_after=2026-05-28 00:00:00+00:00
[2026-05-28T09:16:54.673+0000] {processor.py:208} INFO - Processing /home/airflow/.local/lib/python3.12/site-packages/airflow/example_dags/tutorial.py took 0.348 seconds
[2026-05-28T09:18:06.045+0000] {processor.py:186} INFO - Started process (PID=8731) to work on /home/airflow/.local/lib/python3.12/site-packages/airflow/example_dags/tutorial.py
[2026-05-28T09:18:06.048+0000] {processor.py:914} INFO - Processing file /home/airflow/.local/lib/python3.12/site-packages/airflow/example_dags/tutorial.py for tasks to queue
[2026-05-28T09:18:06.052+0000] {logging_mixin.py:190} INFO - [2026-05-28T09:18:06.051+0000] {dagbag.py:588} INFO - Filling up the DagBag from /home/airflow/.local/lib/python3.12/site-packages/airflow/example_dags/tutorial.py
[2026-05-28T09:18:06.079+0000] {processor.py:925} INFO - DAG(s) 'tutorial' retrieved from /home/airflow/.local/lib/python3.12/site-packages/airflow/example_dags/tutorial.py
[2026-05-28T09:18:06.159+0000] {logging_mixin.py:190} INFO - [2026-05-28T09:18:06.159+0000] {dag.py:3239} INFO - Sync 1 DAGs
[2026-05-28T09:18:06.228+0000] {logging_mixin.py:190} INFO - [2026-05-28T09:18:06.227+0000] {dag.py:4180} INFO - Setting next_dagrun for tutorial to 2026-05-27 00:00:00+00:00, run_after=2026-05-28 00:00:00+00:00
[2026-05-28T09:18:06.312+0000] {processor.py:208} INFO - Processing /home/airflow/.local/lib/python3.12/site-packages/airflow/example_dags/tutorial.py took 0.283 seconds
[2026-05-28T09:19:11.082+0000] {processor.py:186} INFO - Started process (PID=8809) to work on /home/airflow/.local/lib/python3.12/site-packages/airflow/example_dags/tutorial.py
[2026-05-28T09:19:11.085+0000] {processor.py:914} INFO - Processing file /home/airflow/.local/lib/python3.12/site-packages/airflow/example_dags/tutorial.py for tasks to queue
[2026-05-28T09:19:11.089+0000] {logging_mixin.py:190} INFO - [2026-05-28T09:19:11.088+0000] {dagbag.py:588} INFO - Filling up the DagBag from /home/airflow/.local/lib/python3.12/site-packages/airflow/example_dags/tutorial.py
[2026-05-28T09:19:11.116+0000] {processor.py:925} INFO - DAG(s) 'tutorial' retrieved from /home/airflow/.local/lib/python3.12/site-packages/airflow/example_dags/tutorial.py
[2026-05-28T09:19:11.194+0000] {logging_mixin.py:190} INFO - [2026-05-28T09:19:11.193+0000] {dag.py:3239} INFO - Sync 1 DAGs
[2026-05-28T09:19:11.267+0000] {logging_mixin.py:190} INFO - [2026-05-28T09:19:11.266+0000] {dag.py:4180} INFO - Setting next_dagrun for tutorial to 2026-05-27 00:00:00+00:00, run_after=2026-05-28 00:00:00+00:00
[2026-05-28T09:19:11.326+0000] {processor.py:208} INFO - Processing /home/airflow/.local/lib/python3.12/site-packages/airflow/example_dags/tutorial.py took 0.262 seconds
[2026-05-28T09:20:11.262+0000] {processor.py:186} INFO - Started process (PID=8916) to work on /home/airflow/.local/lib/python3.12/site-packages/airflow/example_dags/tutorial.py
[2026-05-28T09:20:11.265+0000] {processor.py:914} INFO - Processing file /home/airflow/.local/lib/python3.12/site-packages/airflow/example_dags/tutorial.py for tasks to queue
[2026-05-28T09:20:11.269+0000] {logging_mixin.py:190} INFO - [2026-05-28T09:20:11.268+0000] {dagbag.py:588} INFO - Filling up the DagBag from /home/airflow/.local/lib/python3.12/site-packages/airflow/example_dags/tutorial.py
[2026-05-28T09:20:11.298+0000] {processor.py:925} INFO - DAG(s) 'tutorial' retrieved from /home/airflow/.local/lib/python3.12/site-packages/airflow/example_dags/tutorial.py
[2026-05-28T09:20:11.372+0000] {logging_mixin.py:190} INFO - [2026-05-28T09:20:11.371+0000] {dag.py:3239} INFO - Sync 1 DAGs
[2026-05-28T09:20:11.431+0000] {logging_mixin.py:190} INFO - [2026-05-28T09:20:11.431+0000] {dag.py:4180} INFO - Setting next_dagrun for tutorial to 2026-05-27 00:00:00+00:00, run_after=2026-05-28 00:00:00+00:00
[2026-05-28T09:20:11.484+0000] {processor.py:208} INFO - Processing /home/airflow/.local/lib/python3.12/site-packages/airflow/example_dags/tutorial.py took 0.237 seconds
[2026-05-28T09:21:07.962+0000] {processor.py:186} INFO - Started process (PID=8990) to work on /home/airflow/.local/lib/python3.12/site-packages/airflow/example_dags/tutorial.py
[2026-05-28T09:21:07.965+0000] {processor.py:914} INFO - Processing file /home/airflow/.local/lib/python3.12/site-packages/airflow/example_dags/tutorial.py for tasks to queue
[2026-05-28T09:21:07.967+0000] {logging_mixin.py:190} INFO - [2026-05-28T09:21:07.967+0000] {dagbag.py:588} INFO - Filling up the DagBag from /home/airflow/.local/lib/python3.12/site-packages/airflow/example_dags/tutorial.py
[2026-05-28T09:21:07.989+0000] {processor.py:925} INFO - DAG(s) 'tutorial' retrieved from /home/airflow/.local/lib/python3.12/site-packages/airflow/example_dags/tutorial.py
[2026-05-28T09:21:08.047+0000] {logging_mixin.py:190} INFO - [2026-05-28T09:21:08.046+0000] {dag.py:3239} INFO - Sync 1 DAGs
[2026-05-28T09:21:08.098+0000] {logging_mixin.py:190} INFO - [2026-05-28T09:21:08.097+0000] {dag.py:4180} INFO - Setting next_dagrun for tutorial to 2026-05-27 00:00:00+00:00, run_after=2026-05-28 00:00:00+00:00
[2026-05-28T09:21:08.139+0000] {processor.py:208} INFO - Processing /home/airflow/.local/lib/python3.12/site-packages/airflow/example_dags/tutorial.py took 0.192 seconds
[2026-05-28T09:21:52.502+0000] {processor.py:186} INFO - Started process (PID=9059) to work on /home/airflow/.local/lib/python3.12/site-packages/airflow/example_dags/tutorial.py
[2026-05-28T09:21:52.507+0000] {processor.py:914} INFO - Processing file /home/airflow/.local/lib/python3.12/site-packages/airflow/example_dags/tutorial.py for tasks to queue
[2026-05-28T09:21:52.512+0000] {logging_mixin.py:190} INFO - [2026-05-28T09:21:52.510+0000] {dagbag.py:588} INFO - Filling up the DagBag from /home/airflow/.local/lib/python3.12/site-packages/airflow/example_dags/tutorial.py
[2026-05-28T09:21:52.545+0000] {processor.py:925} INFO - DAG(s) 'tutorial' retrieved from /home/airflow/.local/lib/python3.12/site-packages/airflow/example_dags/tutorial.py
[2026-05-28T09:21:52.627+0000] {logging_mixin.py:190} INFO - [2026-05-28T09:21:52.626+0000] {dag.py:3239} INFO - Sync 1 DAGs
[2026-05-28T09:21:52.702+0000] {logging_mixin.py:190} INFO - [2026-05-28T09:21:52.702+0000] {dag.py:4180} INFO - Setting next_dagrun for tutorial to 2026-05-27 00:00:00+00:00, run_after=2026-05-28 00:00:00+00:00
[2026-05-28T09:21:52.769+0000] {processor.py:208} INFO - Processing /home/airflow/.local/lib/python3.12/site-packages/airflow/example_dags/tutorial.py took 0.289 seconds
[2026-05-28T09:22:45.023+0000] {processor.py:186} INFO - Started process (PID=9125) to work on /home/airflow/.local/lib/python3.12/site-packages/airflow/example_dags/tutorial.py
[2026-05-28T09:22:45.026+0000] {processor.py:914} INFO - Processing file /home/airflow/.local/lib/python3.12/site-packages/airflow/example_dags/tutorial.py for tasks to queue
[2026-05-28T09:22:45.032+0000] {logging_mixin.py:190} INFO - [2026-05-28T09:22:45.030+0000] {dagbag.py:588} INFO - Filling up the DagBag from /home/airflow/.local/lib/python3.12/site-packages/airflow/example_dags/tutorial.py
[2026-05-28T09:22:45.088+0000] {processor.py:925} INFO - DAG(s) 'tutorial' retrieved from /home/airflow/.local/lib/python3.12/site-packages/airflow/example_dags/tutorial.py
[2026-05-28T09:22:45.172+0000] {logging_mixin.py:190} INFO - [2026-05-28T09:22:45.171+0000] {dag.py:3239} INFO - Sync 1 DAGs
[2026-05-28T09:22:45.248+0000] {logging_mixin.py:190} INFO - [2026-05-28T09:22:45.247+0000] {dag.py:4180} INFO - Setting next_dagrun for tutorial to 2026-05-27 00:00:00+00:00, run_after=2026-05-28 00:00:00+00:00
[2026-05-28T09:22:45.302+0000] {processor.py:208} INFO - Processing /home/airflow/.local/lib/python3.12/site-packages/airflow/example_dags/tutorial.py took 0.304 seconds
[2026-05-28T09:23:36.721+0000] {processor.py:186} INFO - Started process (PID=9194) to work on /home/airflow/.local/lib/python3.12/site-packages/airflow/example_dags/tutorial.py
[2026-05-28T09:23:36.724+0000] {processor.py:914} INFO - Processing file /home/airflow/.local/lib/python3.12/site-packages/airflow/example_dags/tutorial.py for tasks to queue
[2026-05-28T09:23:36.729+0000] {logging_mixin.py:190} INFO - [2026-05-28T09:23:36.727+0000] {dagbag.py:588} INFO - Filling up the DagBag from /home/airflow/.local/lib/python3.12/site-packages/airflow/example_dags/tutorial.py
[2026-05-28T09:23:36.753+0000] {processor.py:925} INFO - DAG(s) 'tutorial' retrieved from /home/airflow/.local/lib/python3.12/site-packages/airflow/example_dags/tutorial.py
[2026-05-28T09:23:36.806+0000] {logging_mixin.py:190} INFO - [2026-05-28T09:23:36.805+0000] {dag.py:3239} INFO - Sync 1 DAGs
[2026-05-28T09:23:36.857+0000] {logging_mixin.py:190} INFO - [2026-05-28T09:23:36.856+0000] {dag.py:4180} INFO - Setting next_dagrun for tutorial to 2026-05-27 00:00:00+00:00, run_after=2026-05-28 00:00:00+00:00
[2026-05-28T09:23:36.909+0000] {processor.py:208} INFO - Processing /home/airflow/.local/lib/python3.12/site-packages/airflow/example_dags/tutorial.py took 0.202 seconds
[2026-05-28T09:24:25.271+0000] {processor.py:186} INFO - Started process (PID=9267) to work on /home/airflow/.local/lib/python3.12/site-packages/airflow/example_dags/tutorial.py
[2026-05-28T09:24:25.274+0000] {processor.py:914} INFO - Processing file /home/airflow/.local/lib/python3.12/site-packages/airflow/example_dags/tutorial.py for tasks to queue
[2026-05-28T09:24:25.278+0000] {logging_mixin.py:190} INFO - [2026-05-28T09:24:25.277+0000] {dagbag.py:588} INFO - Filling up the DagBag from /home/airflow/.local/lib/python3.12/site-packages/airflow/example_dags/tutorial.py
[2026-05-28T09:24:25.301+0000] {processor.py:925} INFO - DAG(s) 'tutorial' retrieved from /home/airflow/.local/lib/python3.12/site-packages/airflow/example_dags/tutorial.py
[2026-05-28T09:24:25.379+0000] {logging_mixin.py:190} INFO - [2026-05-28T09:24:25.378+0000] {dag.py:3239} INFO - Sync 1 DAGs
[2026-05-28T09:24:25.443+0000] {logging_mixin.py:190} INFO - [2026-05-28T09:24:25.442+0000] {dag.py:4180} INFO - Setting next_dagrun for tutorial to 2026-05-27 00:00:00+00:00, run_after=2026-05-28 00:00:00+00:00
[2026-05-28T09:24:25.492+0000] {processor.py:208} INFO - Processing /home/airflow/.local/lib/python3.12/site-packages/airflow/example_dags/tutorial.py took 0.238 seconds
[2026-05-28T09:25:08.887+0000] {processor.py:186} INFO - Started process (PID=9341) to work on /home/airflow/.local/lib/python3.12/site-packages/airflow/example_dags/tutorial.py
[2026-05-28T09:25:08.891+0000] {processor.py:914} INFO - Processing file /home/airflow/.local/lib/python3.12/site-packages/airflow/example_dags/tutorial.py for tasks to queue
[2026-05-28T09:25:08.894+0000] {logging_mixin.py:190} INFO - [2026-05-28T09:25:08.893+0000] {dagbag.py:588} INFO - Filling up the DagBag from /home/airflow/.local/lib/python3.12/site-packages/airflow/example_dags/tutorial.py
[2026-05-28T09:25:08.915+0000] {processor.py:925} INFO - DAG(s) 'tutorial' retrieved from /home/airflow/.local/lib/python3.12/site-packages/airflow/example_dags/tutorial.py
[2026-05-28T09:25:08.969+0000] {logging_mixin.py:190} INFO - [2026-05-28T09:25:08.969+0000] {dag.py:3239} INFO - Sync 1 DAGs
[2026-05-28T09:25:09.030+0000] {logging_mixin.py:190} INFO - [2026-05-28T09:25:09.029+0000] {dag.py:4180} INFO - Setting next_dagrun for tutorial to 2026-05-27 00:00:00+00:00, run_after=2026-05-28 00:00:00+00:00
[2026-05-28T09:25:09.089+0000] {processor.py:208} INFO - Processing /home/airflow/.local/lib/python3.12/site-packages/airflow/example_dags/tutorial.py took 0.218 seconds
[2026-05-28T09:25:53.196+0000] {processor.py:186} INFO - Started process (PID=9432) to work on /home/airflow/.local/lib/python3.12/site-packages/airflow/example_dags/tutorial.py
[2026-05-28T09:25:53.199+0000] {processor.py:914} INFO - Processing file /home/airflow/.local/lib/python3.12/site-packages/airflow/example_dags/tutorial.py for tasks to queue
[2026-05-28T09:25:53.203+0000] {logging_mixin.py:190} INFO - [2026-05-28T09:25:53.202+0000] {dagbag.py:588} INFO - Filling up the DagBag from /home/airflow/.local/lib/python3.12/site-packages/airflow/example_dags/tutorial.py
[2026-05-28T09:25:53.232+0000] {processor.py:925} INFO - DAG(s) 'tutorial' retrieved from /home/airflow/.local/lib/python3.12/site-packages/airflow/example_dags/tutorial.py
[2026-05-28T09:25:53.305+0000] {logging_mixin.py:190} INFO - [2026-05-28T09:25:53.304+0000] {dag.py:3239} INFO - Sync 1 DAGs
[2026-05-28T09:25:53.375+0000] {logging_mixin.py:190} INFO - [2026-05-28T09:25:53.375+0000] {dag.py:4180} INFO - Setting next_dagrun for tutorial to 2026-05-27 00:00:00+00:00, run_after=2026-05-28 00:00:00+00:00
[2026-05-28T09:25:53.438+0000] {processor.py:208} INFO - Processing /home/airflow/.local/lib/python3.12/site-packages/airflow/example_dags/tutorial.py took 0.260 seconds
[2026-05-28T09:26:42.972+0000] {processor.py:186} INFO - Started process (PID=9494) to work on /home/airflow/.local/lib/python3.12/site-packages/airflow/example_dags/tutorial.py
[2026-05-28T09:26:42.975+0000] {processor.py:914} INFO - Processing file /home/airflow/.local/lib/python3.12/site-packages/airflow/example_dags/tutorial.py for tasks to queue
[2026-05-28T09:26:42.979+0000] {logging_mixin.py:190} INFO - [2026-05-28T09:26:42.978+0000] {dagbag.py:588} INFO - Filling up the DagBag from /home/airflow/.local/lib/python3.12/site-packages/airflow/example_dags/tutorial.py
[2026-05-28T09:26:43.000+0000] {processor.py:925} INFO - DAG(s) 'tutorial' retrieved from /home/airflow/.local/lib/python3.12/site-packages/airflow/example_dags/tutorial.py
[2026-05-28T09:26:43.053+0000] {logging_mixin.py:190} INFO - [2026-05-28T09:26:43.053+0000] {dag.py:3239} INFO - Sync 1 DAGs
[2026-05-28T09:26:43.100+0000] {logging_mixin.py:190} INFO - [2026-05-28T09:26:43.099+0000] {dag.py:4180} INFO - Setting next_dagrun for tutorial to 2026-05-27 00:00:00+00:00, run_after=2026-05-28 00:00:00+00:00
[2026-05-28T09:26:43.142+0000] {processor.py:208} INFO - Processing /home/airflow/.local/lib/python3.12/site-packages/airflow/example_dags/tutorial.py took 0.182 seconds
[2026-05-28T09:27:24.522+0000] {processor.py:186} INFO - Started process (PID=9589) to work on /home/airflow/.local/lib/python3.12/site-packages/airflow/example_dags/tutorial.py
[2026-05-28T09:27:24.525+0000] {processor.py:914} INFO - Processing file /home/airflow/.local/lib/python3.12/site-packages/airflow/example_dags/tutorial.py for tasks to queue
[2026-05-28T09:27:24.528+0000] {logging_mixin.py:190} INFO - [2026-05-28T09:27:24.527+0000] {dagbag.py:588} INFO - Filling up the DagBag from /home/airflow/.local/lib/python3.12/site-packages/airflow/example_dags/tutorial.py
[2026-05-28T09:27:24.555+0000] {processor.py:925} INFO - DAG(s) 'tutorial' retrieved from /home/airflow/.local/lib/python3.12/site-packages/airflow/example_dags/tutorial.py
[2026-05-28T09:27:24.616+0000] {logging_mixin.py:190} INFO - [2026-05-28T09:27:24.615+0000] {dag.py:3239} INFO - Sync 1 DAGs
[2026-05-28T09:27:24.671+0000] {logging_mixin.py:190} INFO - [2026-05-28T09:27:24.670+0000] {dag.py:4180} INFO - Setting next_dagrun for tutorial to 2026-05-27 00:00:00+00:00, run_after=2026-05-28 00:00:00+00:00
[2026-05-28T09:27:24.717+0000] {processor.py:208} INFO - Processing /home/airflow/.local/lib/python3.12/site-packages/airflow/example_dags/tutorial.py took 0.214 seconds
[2026-05-28T09:28:09.121+0000] {processor.py:186} INFO - Started process (PID=9673) to work on /home/airflow/.local/lib/python3.12/site-packages/airflow/example_dags/tutorial.py
[2026-05-28T09:28:09.124+0000] {processor.py:914} INFO - Processing file /home/airflow/.local/lib/python3.12/site-packages/airflow/example_dags/tutorial.py for tasks to queue
[2026-05-28T09:28:09.129+0000] {logging_mixin.py:190} INFO - [2026-05-28T09:28:09.128+0000] {dagbag.py:588} INFO - Filling up the DagBag from /home/airflow/.local/lib/python3.12/site-packages/airflow/example_dags/tutorial.py
[2026-05-28T09:28:09.156+0000] {processor.py:925} INFO - DAG(s) 'tutorial' retrieved from /home/airflow/.local/lib/python3.12/site-packages/airflow/example_dags/tutorial.py
[2026-05-28T09:28:09.222+0000] {logging_mixin.py:190} INFO - [2026-05-28T09:28:09.222+0000] {dag.py:3239} INFO - Sync 1 DAGs
[2026-05-28T09:28:09.297+0000] {logging_mixin.py:190} INFO - [2026-05-28T09:28:09.296+0000] {dag.py:4180} INFO - Setting next_dagrun for tutorial to 2026-05-27 00:00:00+00:00, run_after=2026-05-28 00:00:00+00:00
[2026-05-28T09:28:09.356+0000] {processor.py:208} INFO - Processing /home/airflow/.local/lib/python3.12/site-packages/airflow/example_dags/tutorial.py took 0.254 seconds
[2026-05-28T09:29:14.114+0000] {processor.py:186} INFO - Started process (PID=9744) to work on /home/airflow/.local/lib/python3.12/site-packages/airflow/example_dags/tutorial.py
[2026-05-28T09:29:14.117+0000] {processor.py:914} INFO - Processing file /home/airflow/.local/lib/python3.12/site-packages/airflow/example_dags/tutorial.py for tasks to queue
[2026-05-28T09:29:14.122+0000] {logging_mixin.py:190} INFO - [2026-05-28T09:29:14.120+0000] {dagbag.py:588} INFO - Filling up the DagBag from /home/airflow/.local/lib/python3.12/site-packages/airflow/example_dags/tutorial.py
[2026-05-28T09:29:14.149+0000] {processor.py:925} INFO - DAG(s) 'tutorial' retrieved from /home/airflow/.local/lib/python3.12/site-packages/airflow/example_dags/tutorial.py
[2026-05-28T09:29:14.213+0000] {logging_mixin.py:190} INFO - [2026-05-28T09:29:14.212+0000] {dag.py:3239} INFO - Sync 1 DAGs
[2026-05-28T09:29:14.296+0000] {logging_mixin.py:190} INFO - [2026-05-28T09:29:14.296+0000] {dag.py:4180} INFO - Setting next_dagrun for tutorial to 2026-05-27 00:00:00+00:00, run_after=2026-05-28 00:00:00+00:00
[2026-05-28T09:29:14.348+0000] {processor.py:208} INFO - Processing /home/airflow/.local/lib/python3.12/site-packages/airflow/example_dags/tutorial.py took 0.253 seconds
[2026-05-28T09:30:04.787+0000] {processor.py:186} INFO - Started process (PID=9834) to work on /home/airflow/.local/lib/python3.12/site-packages/airflow/example_dags/tutorial.py
[2026-05-28T09:30:04.790+0000] {processor.py:914} INFO - Processing file /home/airflow/.local/lib/python3.12/site-packages/airflow/example_dags/tutorial.py for tasks to queue
[2026-05-28T09:30:04.793+0000] {logging_mixin.py:190} INFO - [2026-05-28T09:30:04.793+0000] {dagbag.py:588} INFO - Filling up the DagBag from /home/airflow/.local/lib/python3.12/site-packages/airflow/example_dags/tutorial.py
[2026-05-28T09:30:04.818+0000] {processor.py:925} INFO - DAG(s) 'tutorial' retrieved from /home/airflow/.local/lib/python3.12/site-packages/airflow/example_dags/tutorial.py
[2026-05-28T09:30:04.883+0000] {logging_mixin.py:190} INFO - [2026-05-28T09:30:04.882+0000] {dag.py:3239} INFO - Sync 1 DAGs
[2026-05-28T09:30:04.931+0000] {logging_mixin.py:190} INFO - [2026-05-28T09:30:04.930+0000] {dag.py:4180} INFO - Setting next_dagrun for tutorial to 2026-05-27 00:00:00+00:00, run_after=2026-05-28 00:00:00+00:00
[2026-05-28T09:30:04.973+0000] {processor.py:208} INFO - Processing /home/airflow/.local/lib/python3.12/site-packages/airflow/example_dags/tutorial.py took 0.198 seconds
[2026-05-28T09:30:57.819+0000] {processor.py:186} INFO - Started process (PID=9930) to work on /home/airflow/.local/lib/python3.12/site-packages/airflow/example_dags/tutorial.py
[2026-05-28T09:30:57.822+0000] {processor.py:914} INFO - Processing file /home/airflow/.local/lib/python3.12/site-packages/airflow/example_dags/tutorial.py for tasks to queue
[2026-05-28T09:30:57.826+0000] {logging_mixin.py:190} INFO - [2026-05-28T09:30:57.825+0000] {dagbag.py:588} INFO - Filling up the DagBag from /home/airflow/.local/lib/python3.12/site-packages/airflow/example_dags/tutorial.py
[2026-05-28T09:30:57.848+0000] {processor.py:925} INFO - DAG(s) 'tutorial' retrieved from /home/airflow/.local/lib/python3.12/site-packages/airflow/example_dags/tutorial.py
[2026-05-28T09:30:57.900+0000] {logging_mixin.py:190} INFO - [2026-05-28T09:30:57.899+0000] {dag.py:3239} INFO - Sync 1 DAGs
[2026-05-28T09:30:57.951+0000] {logging_mixin.py:190} INFO - [2026-05-28T09:30:57.951+0000] {dag.py:4180} INFO - Setting next_dagrun for tutorial to 2026-05-27 00:00:00+00:00, run_after=2026-05-28 00:00:00+00:00
[2026-05-28T09:30:57.998+0000] {processor.py:208} INFO - Processing /home/airflow/.local/lib/python3.12/site-packages/airflow/example_dags/tutorial.py took 0.191 seconds
[2026-05-28T09:31:45.782+0000] {processor.py:186} INFO - Started process (PID=9999) to work on /home/airflow/.local/lib/python3.12/site-packages/airflow/example_dags/tutorial.py
[2026-05-28T09:31:45.784+0000] {processor.py:914} INFO - Processing file /home/airflow/.local/lib/python3.12/site-packages/airflow/example_dags/tutorial.py for tasks to queue
[2026-05-28T09:31:45.788+0000] {logging_mixin.py:190} INFO - [2026-05-28T09:31:45.787+0000] {dagbag.py:588} INFO - Filling up the DagBag from /home/airflow/.local/lib/python3.12/site-packages/airflow/example_dags/tutorial.py
[2026-05-28T09:31:45.812+0000] {processor.py:925} INFO - DAG(s) 'tutorial' retrieved from /home/airflow/.local/lib/python3.12/site-packages/airflow/example_dags/tutorial.py
[2026-05-28T09:31:45.865+0000] {logging_mixin.py:190} INFO - [2026-05-28T09:31:45.864+0000] {dag.py:3239} INFO - Sync 1 DAGs
[2026-05-28T09:31:45.911+0000] {logging_mixin.py:190} INFO - [2026-05-28T09:31:45.911+0000] {dag.py:4180} INFO - Setting next_dagrun for tutorial to 2026-05-27 00:00:00+00:00, run_after=2026-05-28 00:00:00+00:00
[2026-05-28T09:31:45.952+0000] {processor.py:208} INFO - Processing /home/airflow/.local/lib/python3.12/site-packages/airflow/example_dags/tutorial.py took 0.185 seconds
[2026-05-28T09:32:34.336+0000] {processor.py:186} INFO - Started process (PID=10072) to work on /home/airflow/.local/lib/python3.12/site-packages/airflow/example_dags/tutorial.py
[2026-05-28T09:32:34.339+0000] {processor.py:914} INFO - Processing file /home/airflow/.local/lib/python3.12/site-packages/airflow/example_dags/tutorial.py for tasks to queue
[2026-05-28T09:32:34.342+0000] {logging_mixin.py:190} INFO - [2026-05-28T09:32:34.341+0000] {dagbag.py:588} INFO - Filling up the DagBag from /home/airflow/.local/lib/python3.12/site-packages/airflow/example_dags/tutorial.py
[2026-05-28T09:32:34.364+0000] {processor.py:925} INFO - DAG(s) 'tutorial' retrieved from /home/airflow/.local/lib/python3.12/site-packages/airflow/example_dags/tutorial.py
[2026-05-28T09:32:34.432+0000] {logging_mixin.py:190} INFO - [2026-05-28T09:32:34.431+0000] {dag.py:3239} INFO - Sync 1 DAGs
[2026-05-28T09:32:34.500+0000] {logging_mixin.py:190} INFO - [2026-05-28T09:32:34.500+0000] {dag.py:4180} INFO - Setting next_dagrun for tutorial to 2026-05-27 00:00:00+00:00, run_after=2026-05-28 00:00:00+00:00
[2026-05-28T09:32:34.571+0000] {processor.py:208} INFO - Processing /home/airflow/.local/lib/python3.12/site-packages/airflow/example_dags/tutorial.py took 0.248 seconds
[2026-05-28T09:33:27.273+0000] {processor.py:186} INFO - Started process (PID=10156) to work on /home/airflow/.local/lib/python3.12/site-packages/airflow/example_dags/tutorial.py
[2026-05-28T09:33:27.275+0000] {processor.py:914} INFO - Processing file /home/airflow/.local/lib/python3.12/site-packages/airflow/example_dags/tutorial.py for tasks to queue
[2026-05-28T09:33:27.281+0000] {logging_mixin.py:190} INFO - [2026-05-28T09:33:27.280+0000] {dagbag.py:588} INFO - Filling up the DagBag from /home/airflow/.local/lib/python3.12/site-packages/airflow/example_dags/tutorial.py
[2026-05-28T09:33:27.302+0000] {processor.py:925} INFO - DAG(s) 'tutorial' retrieved from /home/airflow/.local/lib/python3.12/site-packages/airflow/example_dags/tutorial.py
[2026-05-28T09:33:27.359+0000] {logging_mixin.py:190} INFO - [2026-05-28T09:33:27.358+0000] {dag.py:3239} INFO - Sync 1 DAGs
[2026-05-28T09:33:27.418+0000] {logging_mixin.py:190} INFO - [2026-05-28T09:33:27.417+0000] {dag.py:4180} INFO - Setting next_dagrun for tutorial to 2026-05-27 00:00:00+00:00, run_after=2026-05-28 00:00:00+00:00
[2026-05-28T09:33:27.461+0000] {processor.py:208} INFO - Processing /home/airflow/.local/lib/python3.12/site-packages/airflow/example_dags/tutorial.py took 0.201 seconds
[2026-05-28T09:34:11.795+0000] {processor.py:186} INFO - Started process (PID=10224) to work on /home/airflow/.local/lib/python3.12/site-packages/airflow/example_dags/tutorial.py
[2026-05-28T09:34:11.798+0000] {processor.py:914} INFO - Processing file /home/airflow/.local/lib/python3.12/site-packages/airflow/example_dags/tutorial.py for tasks to queue
[2026-05-28T09:34:11.802+0000] {logging_mixin.py:190} INFO - [2026-05-28T09:34:11.801+0000] {dagbag.py:588} INFO - Filling up the DagBag from /home/airflow/.local/lib/python3.12/site-packages/airflow/example_dags/tutorial.py
[2026-05-28T09:34:11.835+0000] {processor.py:925} INFO - DAG(s) 'tutorial' retrieved from /home/airflow/.local/lib/python3.12/site-packages/airflow/example_dags/tutorial.py
[2026-05-28T09:34:11.902+0000] {logging_mixin.py:190} INFO - [2026-05-28T09:34:11.902+0000] {dag.py:3239} INFO - Sync 1 DAGs
[2026-05-28T09:34:11.959+0000] {logging_mixin.py:190} INFO - [2026-05-28T09:34:11.958+0000] {dag.py:4180} INFO - Setting next_dagrun for tutorial to 2026-05-27 00:00:00+00:00, run_after=2026-05-28 00:00:00+00:00
[2026-05-28T09:34:12.005+0000] {processor.py:208} INFO - Processing /home/airflow/.local/lib/python3.12/site-packages/airflow/example_dags/tutorial.py took 0.227 seconds
[2026-05-28T09:34:58.839+0000] {processor.py:186} INFO - Started process (PID=10292) to work on /home/airflow/.local/lib/python3.12/site-packages/airflow/example_dags/tutorial.py
[2026-05-28T09:34:58.842+0000] {processor.py:914} INFO - Processing file /home/airflow/.local/lib/python3.12/site-packages/airflow/example_dags/tutorial.py for tasks to queue
[2026-05-28T09:34:58.845+0000] {logging_mixin.py:190} INFO - [2026-05-28T09:34:58.844+0000] {dagbag.py:588} INFO - Filling up the DagBag from /home/airflow/.local/lib/python3.12/site-packages/airflow/example_dags/tutorial.py
[2026-05-28T09:34:58.875+0000] {processor.py:925} INFO - DAG(s) 'tutorial' retrieved from /home/airflow/.local/lib/python3.12/site-packages/airflow/example_dags/tutorial.py
[2026-05-28T09:34:58.941+0000] {logging_mixin.py:190} INFO - [2026-05-28T09:34:58.940+0000] {dag.py:3239} INFO - Sync 1 DAGs
[2026-05-28T09:34:58.998+0000] {logging_mixin.py:190} INFO - [2026-05-28T09:34:58.998+0000] {dag.py:4180} INFO - Setting next_dagrun for tutorial to 2026-05-27 00:00:00+00:00, run_after=2026-05-28 00:00:00+00:00
[2026-05-28T09:34:59.043+0000] {processor.py:208} INFO - Processing /home/airflow/.local/lib/python3.12/site-packages/airflow/example_dags/tutorial.py took 0.224 seconds
[2026-05-28T09:35:43.647+0000] {processor.py:186} INFO - Started process (PID=10357) to work on /home/airflow/.local/lib/python3.12/site-packages/airflow/example_dags/tutorial.py
[2026-05-28T09:35:43.649+0000] {processor.py:914} INFO - Processing file /home/airflow/.local/lib/python3.12/site-packages/airflow/example_dags/tutorial.py for tasks to queue
[2026-05-28T09:35:43.653+0000] {logging_mixin.py:190} INFO - [2026-05-28T09:35:43.652+0000] {dagbag.py:588} INFO - Filling up the DagBag from /home/airflow/.local/lib/python3.12/site-packages/airflow/example_dags/tutorial.py
[2026-05-28T09:35:43.677+0000] {processor.py:925} INFO - DAG(s) 'tutorial' retrieved from /home/airflow/.local/lib/python3.12/site-packages/airflow/example_dags/tutorial.py
[2026-05-28T09:35:43.733+0000] {logging_mixin.py:190} INFO - [2026-05-28T09:35:43.732+0000] {dag.py:3239} INFO - Sync 1 DAGs
[2026-05-28T09:35:43.788+0000] {logging_mixin.py:190} INFO - [2026-05-28T09:35:43.788+0000] {dag.py:4180} INFO - Setting next_dagrun for tutorial to 2026-05-27 00:00:00+00:00, run_after=2026-05-28 00:00:00+00:00
[2026-05-28T09:35:43.850+0000] {processor.py:208} INFO - Processing /home/airflow/.local/lib/python3.12/site-packages/airflow/example_dags/tutorial.py took 0.218 seconds
[2026-05-28T09:36:45.718+0000] {processor.py:186} INFO - Started process (PID=10431) to work on /home/airflow/.local/lib/python3.12/site-packages/airflow/example_dags/tutorial.py
[2026-05-28T09:36:45.721+0000] {processor.py:914} INFO - Processing file /home/airflow/.local/lib/python3.12/site-packages/airflow/example_dags/tutorial.py for tasks to queue
[2026-05-28T09:36:45.735+0000] {logging_mixin.py:190} INFO - [2026-05-28T09:36:45.733+0000] {dagbag.py:588} INFO - Filling up the DagBag from /home/airflow/.local/lib/python3.12/site-packages/airflow/example_dags/tutorial.py
[2026-05-28T09:36:45.793+0000] {processor.py:925} INFO - DAG(s) 'tutorial' retrieved from /home/airflow/.local/lib/python3.12/site-packages/airflow/example_dags/tutorial.py
[2026-05-28T09:36:45.932+0000] {logging_mixin.py:190} INFO - [2026-05-28T09:36:45.931+0000] {dag.py:3239} INFO - Sync 1 DAGs
[2026-05-28T09:36:46.065+0000] {logging_mixin.py:190} INFO - [2026-05-28T09:36:46.064+0000] {dag.py:4180} INFO - Setting next_dagrun for tutorial to 2026-05-27 00:00:00+00:00, run_after=2026-05-28 00:00:00+00:00
[2026-05-28T09:36:46.153+0000] {processor.py:208} INFO - Processing /home/airflow/.local/lib/python3.12/site-packages/airflow/example_dags/tutorial.py took 0.465 seconds
[2026-05-28T09:37:41.986+0000] {processor.py:186} INFO - Started process (PID=10513) to work on /home/airflow/.local/lib/python3.12/site-packages/airflow/example_dags/tutorial.py
[2026-05-28T09:37:41.989+0000] {processor.py:914} INFO - Processing file /home/airflow/.local/lib/python3.12/site-packages/airflow/example_dags/tutorial.py for tasks to queue
[2026-05-28T09:37:41.992+0000] {logging_mixin.py:190} INFO - [2026-05-28T09:37:41.991+0000] {dagbag.py:588} INFO - Filling up the DagBag from /home/airflow/.local/lib/python3.12/site-packages/airflow/example_dags/tutorial.py
[2026-05-28T09:37:42.011+0000] {processor.py:925} INFO - DAG(s) 'tutorial' retrieved from /home/airflow/.local/lib/python3.12/site-packages/airflow/example_dags/tutorial.py
[2026-05-28T09:37:42.066+0000] {logging_mixin.py:190} INFO - [2026-05-28T09:37:42.065+0000] {dag.py:3239} INFO - Sync 1 DAGs
[2026-05-28T09:37:42.118+0000] {logging_mixin.py:190} INFO - [2026-05-28T09:37:42.118+0000] {dag.py:4180} INFO - Setting next_dagrun for tutorial to 2026-05-27 00:00:00+00:00, run_after=2026-05-28 00:00:00+00:00
[2026-05-28T09:37:42.165+0000] {processor.py:208} INFO - Processing /home/airflow/.local/lib/python3.12/site-packages/airflow/example_dags/tutorial.py took 0.195 seconds
[2026-05-28T09:38:37.665+0000] {processor.py:186} INFO - Started process (PID=10581) to work on /home/airflow/.local/lib/python3.12/site-packages/airflow/example_dags/tutorial.py
[2026-05-28T09:38:37.672+0000] {processor.py:914} INFO - Processing file /home/airflow/.local/lib/python3.12/site-packages/airflow/example_dags/tutorial.py for tasks to queue
[2026-05-28T09:38:37.678+0000] {logging_mixin.py:190} INFO - [2026-05-28T09:38:37.676+0000] {dagbag.py:588} INFO - Filling up the DagBag from /home/airflow/.local/lib/python3.12/site-packages/airflow/example_dags/tutorial.py
[2026-05-28T09:38:37.711+0000] {processor.py:925} INFO - DAG(s) 'tutorial' retrieved from /home/airflow/.local/lib/python3.12/site-packages/airflow/example_dags/tutorial.py
[2026-05-28T09:38:37.800+0000] {logging_mixin.py:190} INFO - [2026-05-28T09:38:37.800+0000] {dag.py:3239} INFO - Sync 1 DAGs
[2026-05-28T09:38:37.876+0000] {logging_mixin.py:190} INFO - [2026-05-28T09:38:37.876+0000] {dag.py:4180} INFO - Setting next_dagrun for tutorial to 2026-05-27 00:00:00+00:00, run_after=2026-05-28 00:00:00+00:00
[2026-05-28T09:38:37.927+0000] {processor.py:208} INFO - Processing /home/airflow/.local/lib/python3.12/site-packages/airflow/example_dags/tutorial.py took 0.282 seconds
[2026-05-28T09:39:37.346+0000] {processor.py:186} INFO - Started process (PID=10669) to work on /home/airflow/.local/lib/python3.12/site-packages/airflow/example_dags/tutorial.py
[2026-05-28T09:39:37.349+0000] {processor.py:914} INFO - Processing file /home/airflow/.local/lib/python3.12/site-packages/airflow/example_dags/tutorial.py for tasks to queue
[2026-05-28T09:39:37.355+0000] {logging_mixin.py:190} INFO - [2026-05-28T09:39:37.354+0000] {dagbag.py:588} INFO - Filling up the DagBag from /home/airflow/.local/lib/python3.12/site-packages/airflow/example_dags/tutorial.py
[2026-05-28T09:39:37.382+0000] {processor.py:925} INFO - DAG(s) 'tutorial' retrieved from /home/airflow/.local/lib/python3.12/site-packages/airflow/example_dags/tutorial.py
[2026-05-28T09:39:37.451+0000] {logging_mixin.py:190} INFO - [2026-05-28T09:39:37.450+0000] {dag.py:3239} INFO - Sync 1 DAGs
[2026-05-28T09:39:37.504+0000] {logging_mixin.py:190} INFO - [2026-05-28T09:39:37.503+0000] {dag.py:4180} INFO - Setting next_dagrun for tutorial to 2026-05-27 00:00:00+00:00, run_after=2026-05-28 00:00:00+00:00
[2026-05-28T09:39:37.550+0000] {processor.py:208} INFO - Processing /home/airflow/.local/lib/python3.12/site-packages/airflow/example_dags/tutorial.py took 0.217 seconds
[2026-05-28T09:40:35.938+0000] {processor.py:186} INFO - Started process (PID=10751) to work on /home/airflow/.local/lib/python3.12/site-packages/airflow/example_dags/tutorial.py
[2026-05-28T09:40:35.941+0000] {processor.py:914} INFO - Processing file /home/airflow/.local/lib/python3.12/site-packages/airflow/example_dags/tutorial.py for tasks to queue
[2026-05-28T09:40:35.947+0000] {logging_mixin.py:190} INFO - [2026-05-28T09:40:35.946+0000] {dagbag.py:588} INFO - Filling up the DagBag from /home/airflow/.local/lib/python3.12/site-packages/airflow/example_dags/tutorial.py
[2026-05-28T09:40:35.982+0000] {processor.py:925} INFO - DAG(s) 'tutorial' retrieved from /home/airflow/.local/lib/python3.12/site-packages/airflow/example_dags/tutorial.py
[2026-05-28T09:40:36.093+0000] {logging_mixin.py:190} INFO - [2026-05-28T09:40:36.093+0000] {dag.py:3239} INFO - Sync 1 DAGs
[2026-05-28T09:40:36.226+0000] {logging_mixin.py:190} INFO - [2026-05-28T09:40:36.225+0000] {dag.py:4180} INFO - Setting next_dagrun for tutorial to 2026-05-27 00:00:00+00:00, run_after=2026-05-28 00:00:00+00:00
[2026-05-28T09:40:36.284+0000] {processor.py:208} INFO - Processing /home/airflow/.local/lib/python3.12/site-packages/airflow/example_dags/tutorial.py took 0.365 seconds
[2026-05-28T09:41:36.154+0000] {processor.py:186} INFO - Started process (PID=10833) to work on /home/airflow/.local/lib/python3.12/site-packages/airflow/example_dags/tutorial.py
[2026-05-28T09:41:36.156+0000] {processor.py:914} INFO - Processing file /home/airflow/.local/lib/python3.12/site-packages/airflow/example_dags/tutorial.py for tasks to queue
[2026-05-28T09:41:36.160+0000] {logging_mixin.py:190} INFO - [2026-05-28T09:41:36.159+0000] {dagbag.py:588} INFO - Filling up the DagBag from /home/airflow/.local/lib/python3.12/site-packages/airflow/example_dags/tutorial.py
[2026-05-28T09:41:36.196+0000] {processor.py:925} INFO - DAG(s) 'tutorial' retrieved from /home/airflow/.local/lib/python3.12/site-packages/airflow/example_dags/tutorial.py
[2026-05-28T09:41:36.252+0000] {logging_mixin.py:190} INFO - [2026-05-28T09:41:36.252+0000] {dag.py:3239} INFO - Sync 1 DAGs
[2026-05-28T09:41:36.305+0000] {logging_mixin.py:190} INFO - [2026-05-28T09:41:36.305+0000] {dag.py:4180} INFO - Setting next_dagrun for tutorial to 2026-05-27 00:00:00+00:00, run_after=2026-05-28 00:00:00+00:00
[2026-05-28T09:41:36.351+0000] {processor.py:208} INFO - Processing /home/airflow/.local/lib/python3.12/site-packages/airflow/example_dags/tutorial.py took 0.228 seconds
[2026-05-28T09:42:26.254+0000] {processor.py:186} INFO - Started process (PID=10901) to work on /home/airflow/.local/lib/python3.12/site-packages/airflow/example_dags/tutorial.py
[2026-05-28T09:42:26.260+0000] {processor.py:914} INFO - Processing file /home/airflow/.local/lib/python3.12/site-packages/airflow/example_dags/tutorial.py for tasks to queue
[2026-05-28T09:42:26.265+0000] {logging_mixin.py:190} INFO - [2026-05-28T09:42:26.264+0000] {dagbag.py:588} INFO - Filling up the DagBag from /home/airflow/.local/lib/python3.12/site-packages/airflow/example_dags/tutorial.py
[2026-05-28T09:42:26.313+0000] {processor.py:925} INFO - DAG(s) 'tutorial' retrieved from /home/airflow/.local/lib/python3.12/site-packages/airflow/example_dags/tutorial.py
[2026-05-28T09:42:26.419+0000] {logging_mixin.py:190} INFO - [2026-05-28T09:42:26.418+0000] {dag.py:3239} INFO - Sync 1 DAGs
[2026-05-28T09:42:26.483+0000] {logging_mixin.py:190} INFO - [2026-05-28T09:42:26.483+0000] {dag.py:4180} INFO - Setting next_dagrun for tutorial to 2026-05-27 00:00:00+00:00, run_after=2026-05-28 00:00:00+00:00
[2026-05-28T09:42:26.535+0000] {processor.py:208} INFO - Processing /home/airflow/.local/lib/python3.12/site-packages/airflow/example_dags/tutorial.py took 0.313 seconds
[2026-05-28T09:43:33.015+0000] {processor.py:186} INFO - Started process (PID=11028) to work on /home/airflow/.local/lib/python3.12/site-packages/airflow/example_dags/tutorial.py
[2026-05-28T09:43:33.018+0000] {processor.py:914} INFO - Processing file /home/airflow/.local/lib/python3.12/site-packages/airflow/example_dags/tutorial.py for tasks to queue
[2026-05-28T09:43:33.023+0000] {logging_mixin.py:190} INFO - [2026-05-28T09:43:33.022+0000] {dagbag.py:588} INFO - Filling up the DagBag from /home/airflow/.local/lib/python3.12/site-packages/airflow/example_dags/tutorial.py
[2026-05-28T09:43:33.051+0000] {processor.py:925} INFO - DAG(s) 'tutorial' retrieved from /home/airflow/.local/lib/python3.12/site-packages/airflow/example_dags/tutorial.py
[2026-05-28T09:43:33.122+0000] {logging_mixin.py:190} INFO - [2026-05-28T09:43:33.122+0000] {dag.py:3239} INFO - Sync 1 DAGs
[2026-05-28T09:43:33.200+0000] {logging_mixin.py:190} INFO - [2026-05-28T09:43:33.197+0000] {dag.py:4180} INFO - Setting next_dagrun for tutorial to 2026-05-27 00:00:00+00:00, run_after=2026-05-28 00:00:00+00:00
[2026-05-28T09:43:33.265+0000] {processor.py:208} INFO - Processing /home/airflow/.local/lib/python3.12/site-packages/airflow/example_dags/tutorial.py took 0.269 seconds
[2026-05-28T09:44:31.311+0000] {processor.py:186} INFO - Started process (PID=11097) to work on /home/airflow/.local/lib/python3.12/site-packages/airflow/example_dags/tutorial.py
[2026-05-28T09:44:31.313+0000] {processor.py:914} INFO - Processing file /home/airflow/.local/lib/python3.12/site-packages/airflow/example_dags/tutorial.py for tasks to queue
[2026-05-28T09:44:31.317+0000] {logging_mixin.py:190} INFO - [2026-05-28T09:44:31.316+0000] {dagbag.py:588} INFO - Filling up the DagBag from /home/airflow/.local/lib/python3.12/site-packages/airflow/example_dags/tutorial.py
[2026-05-28T09:44:31.347+0000] {processor.py:925} INFO - DAG(s) 'tutorial' retrieved from /home/airflow/.local/lib/python3.12/site-packages/airflow/example_dags/tutorial.py
[2026-05-28T09:44:31.421+0000] {logging_mixin.py:190} INFO - [2026-05-28T09:44:31.420+0000] {dag.py:3239} INFO - Sync 1 DAGs
[2026-05-28T09:44:31.507+0000] {logging_mixin.py:190} INFO - [2026-05-28T09:44:31.507+0000] {dag.py:4180} INFO - Setting next_dagrun for tutorial to 2026-05-27 00:00:00+00:00, run_after=2026-05-28 00:00:00+00:00
[2026-05-28T09:44:31.596+0000] {processor.py:208} INFO - Processing /home/airflow/.local/lib/python3.12/site-packages/airflow/example_dags/tutorial.py took 0.304 seconds
[2026-05-28T09:45:32.572+0000] {processor.py:186} INFO - Started process (PID=11188) to work on /home/airflow/.local/lib/python3.12/site-packages/airflow/example_dags/tutorial.py
[2026-05-28T09:45:32.575+0000] {processor.py:914} INFO - Processing file /home/airflow/.local/lib/python3.12/site-packages/airflow/example_dags/tutorial.py for tasks to queue
[2026-05-28T09:45:32.580+0000] {logging_mixin.py:190} INFO - [2026-05-28T09:45:32.579+0000] {dagbag.py:588} INFO - Filling up the DagBag from /home/airflow/.local/lib/python3.12/site-packages/airflow/example_dags/tutorial.py
[2026-05-28T09:45:32.617+0000] {processor.py:925} INFO - DAG(s) 'tutorial' retrieved from /home/airflow/.local/lib/python3.12/site-packages/airflow/example_dags/tutorial.py
[2026-05-28T09:45:32.710+0000] {logging_mixin.py:190} INFO - [2026-05-28T09:45:32.710+0000] {dag.py:3239} INFO - Sync 1 DAGs
[2026-05-28T09:45:32.819+0000] {logging_mixin.py:190} INFO - [2026-05-28T09:45:32.818+0000] {dag.py:4180} INFO - Setting next_dagrun for tutorial to 2026-05-27 00:00:00+00:00, run_after=2026-05-28 00:00:00+00:00
[2026-05-28T09:45:32.885+0000] {processor.py:208} INFO - Processing /home/airflow/.local/lib/python3.12/site-packages/airflow/example_dags/tutorial.py took 0.335 seconds
[2026-05-28T09:46:39.738+0000] {processor.py:186} INFO - Started process (PID=11259) to work on /home/airflow/.local/lib/python3.12/site-packages/airflow/example_dags/tutorial.py
[2026-05-28T09:46:39.740+0000] {processor.py:914} INFO - Processing file /home/airflow/.local/lib/python3.12/site-packages/airflow/example_dags/tutorial.py for tasks to queue
[2026-05-28T09:46:39.745+0000] {logging_mixin.py:190} INFO - [2026-05-28T09:46:39.744+0000] {dagbag.py:588} INFO - Filling up the DagBag from /home/airflow/.local/lib/python3.12/site-packages/airflow/example_dags/tutorial.py
[2026-05-28T09:46:39.786+0000] {processor.py:925} INFO - DAG(s) 'tutorial' retrieved from /home/airflow/.local/lib/python3.12/site-packages/airflow/example_dags/tutorial.py
[2026-05-28T09:46:39.906+0000] {logging_mixin.py:190} INFO - [2026-05-28T09:46:39.905+0000] {dag.py:3239} INFO - Sync 1 DAGs
[2026-05-28T09:46:40.001+0000] {logging_mixin.py:190} INFO - [2026-05-28T09:46:40.001+0000] {dag.py:4180} INFO - Setting next_dagrun for tutorial to 2026-05-27 00:00:00+00:00, run_after=2026-05-28 00:00:00+00:00
[2026-05-28T09:46:40.066+0000] {processor.py:208} INFO - Processing /home/airflow/.local/lib/python3.12/site-packages/airflow/example_dags/tutorial.py took 0.347 seconds
[2026-05-28T09:48:03.871+0000] {processor.py:186} INFO - Started process (PID=11359) to work on /home/airflow/.local/lib/python3.12/site-packages/airflow/example_dags/tutorial.py
[2026-05-28T09:48:03.874+0000] {processor.py:914} INFO - Processing file /home/airflow/.local/lib/python3.12/site-packages/airflow/example_dags/tutorial.py for tasks to queue
[2026-05-28T09:48:03.877+0000] {logging_mixin.py:190} INFO - [2026-05-28T09:48:03.877+0000] {dagbag.py:588} INFO - Filling up the DagBag from /home/airflow/.local/lib/python3.12/site-packages/airflow/example_dags/tutorial.py
[2026-05-28T09:48:03.905+0000] {processor.py:925} INFO - DAG(s) 'tutorial' retrieved from /home/airflow/.local/lib/python3.12/site-packages/airflow/example_dags/tutorial.py
[2026-05-28T09:48:03.962+0000] {logging_mixin.py:190} INFO - [2026-05-28T09:48:03.961+0000] {dag.py:3239} INFO - Sync 1 DAGs
[2026-05-28T09:48:04.039+0000] {logging_mixin.py:190} INFO - [2026-05-28T09:48:04.038+0000] {dag.py:4180} INFO - Setting next_dagrun for tutorial to 2026-05-27 00:00:00+00:00, run_after=2026-05-28 00:00:00+00:00
[2026-05-28T09:48:04.101+0000] {processor.py:208} INFO - Processing /home/airflow/.local/lib/python3.12/site-packages/airflow/example_dags/tutorial.py took 0.242 seconds
[2026-05-28T09:49:06.174+0000] {processor.py:186} INFO - Started process (PID=11433) to work on /home/airflow/.local/lib/python3.12/site-packages/airflow/example_dags/tutorial.py
[2026-05-28T09:49:06.177+0000] {processor.py:914} INFO - Processing file /home/airflow/.local/lib/python3.12/site-packages/airflow/example_dags/tutorial.py for tasks to queue
[2026-05-28T09:49:06.181+0000] {logging_mixin.py:190} INFO - [2026-05-28T09:49:06.180+0000] {dagbag.py:588} INFO - Filling up the DagBag from /home/airflow/.local/lib/python3.12/site-packages/airflow/example_dags/tutorial.py
[2026-05-28T09:49:06.222+0000] {processor.py:925} INFO - DAG(s) 'tutorial' retrieved from /home/airflow/.local/lib/python3.12/site-packages/airflow/example_dags/tutorial.py
[2026-05-28T09:49:06.318+0000] {logging_mixin.py:190} INFO - [2026-05-28T09:49:06.317+0000] {dag.py:3239} INFO - Sync 1 DAGs
[2026-05-28T09:49:06.429+0000] {logging_mixin.py:190} INFO - [2026-05-28T09:49:06.428+0000] {dag.py:4180} INFO - Setting next_dagrun for tutorial to 2026-05-27 00:00:00+00:00, run_after=2026-05-28 00:00:00+00:00
[2026-05-28T09:49:06.521+0000] {processor.py:208} INFO - Processing /home/airflow/.local/lib/python3.12/site-packages/airflow/example_dags/tutorial.py took 0.364 seconds
[2026-05-28T09:50:25.623+0000] {processor.py:186} INFO - Started process (PID=11516) to work on /home/airflow/.local/lib/python3.12/site-packages/airflow/example_dags/tutorial.py
[2026-05-28T09:50:25.626+0000] {processor.py:914} INFO - Processing file /home/airflow/.local/lib/python3.12/site-packages/airflow/example_dags/tutorial.py for tasks to queue
[2026-05-28T09:50:25.631+0000] {logging_mixin.py:190} INFO - [2026-05-28T09:50:25.629+0000] {dagbag.py:588} INFO - Filling up the DagBag from /home/airflow/.local/lib/python3.12/site-packages/airflow/example_dags/tutorial.py
[2026-05-28T09:50:25.662+0000] {processor.py:925} INFO - DAG(s) 'tutorial' retrieved from /home/airflow/.local/lib/python3.12/site-packages/airflow/example_dags/tutorial.py
[2026-05-28T09:50:25.751+0000] {logging_mixin.py:190} INFO - [2026-05-28T09:50:25.750+0000] {dag.py:3239} INFO - Sync 1 DAGs
[2026-05-28T09:50:25.826+0000] {logging_mixin.py:190} INFO - [2026-05-28T09:50:25.825+0000] {dag.py:4180} INFO - Setting next_dagrun for tutorial to 2026-05-27 00:00:00+00:00, run_after=2026-05-28 00:00:00+00:00
[2026-05-28T09:50:25.896+0000] {processor.py:208} INFO - Processing /home/airflow/.local/lib/python3.12/site-packages/airflow/example_dags/tutorial.py took 0.293 seconds
[2026-05-28T09:51:29.637+0000] {processor.py:186} INFO - Started process (PID=11593) to work on /home/airflow/.local/lib/python3.12/site-packages/airflow/example_dags/tutorial.py
[2026-05-28T09:51:29.640+0000] {processor.py:914} INFO - Processing file /home/airflow/.local/lib/python3.12/site-packages/airflow/example_dags/tutorial.py for tasks to queue
[2026-05-28T09:51:29.646+0000] {logging_mixin.py:190} INFO - [2026-05-28T09:51:29.645+0000] {dagbag.py:588} INFO - Filling up the DagBag from /home/airflow/.local/lib/python3.12/site-packages/airflow/example_dags/tutorial.py
[2026-05-28T09:51:29.673+0000] {processor.py:925} INFO - DAG(s) 'tutorial' retrieved from /home/airflow/.local/lib/python3.12/site-packages/airflow/example_dags/tutorial.py
[2026-05-28T09:51:29.744+0000] {logging_mixin.py:190} INFO - [2026-05-28T09:51:29.744+0000] {dag.py:3239} INFO - Sync 1 DAGs
[2026-05-28T09:51:29.811+0000] {logging_mixin.py:190} INFO - [2026-05-28T09:51:29.811+0000] {dag.py:4180} INFO - Setting next_dagrun for tutorial to 2026-05-27 00:00:00+00:00, run_after=2026-05-28 00:00:00+00:00
[2026-05-28T09:51:29.877+0000] {processor.py:208} INFO - Processing /home/airflow/.local/lib/python3.12/site-packages/airflow/example_dags/tutorial.py took 0.256 seconds
[2026-05-28T09:52:26.091+0000] {processor.py:186} INFO - Started process (PID=11660) to work on /home/airflow/.local/lib/python3.12/site-packages/airflow/example_dags/tutorial.py
[2026-05-28T09:52:26.099+0000] {processor.py:914} INFO - Processing file /home/airflow/.local/lib/python3.12/site-packages/airflow/example_dags/tutorial.py for tasks to queue
[2026-05-28T09:52:26.107+0000] {logging_mixin.py:190} INFO - [2026-05-28T09:52:26.106+0000] {dagbag.py:588} INFO - Filling up the DagBag from /home/airflow/.local/lib/python3.12/site-packages/airflow/example_dags/tutorial.py
[2026-05-28T09:52:26.168+0000] {processor.py:925} INFO - DAG(s) 'tutorial' retrieved from /home/airflow/.local/lib/python3.12/site-packages/airflow/example_dags/tutorial.py
[2026-05-28T09:52:26.297+0000] {logging_mixin.py:190} INFO - [2026-05-28T09:52:26.296+0000] {dag.py:3239} INFO - Sync 1 DAGs
[2026-05-28T09:52:26.461+0000] {logging_mixin.py:190} INFO - [2026-05-28T09:52:26.460+0000] {dag.py:4180} INFO - Setting next_dagrun for tutorial to 2026-05-27 00:00:00+00:00, run_after=2026-05-28 00:00:00+00:00
[2026-05-28T09:52:26.544+0000] {processor.py:208} INFO - Processing /home/airflow/.local/lib/python3.12/site-packages/airflow/example_dags/tutorial.py took 0.481 seconds
[2026-05-28T09:53:27.114+0000] {processor.py:186} INFO - Started process (PID=11734) to work on /home/airflow/.local/lib/python3.12/site-packages/airflow/example_dags/tutorial.py
[2026-05-28T09:53:27.118+0000] {processor.py:914} INFO - Processing file /home/airflow/.local/lib/python3.12/site-packages/airflow/example_dags/tutorial.py for tasks to queue
[2026-05-28T09:53:27.123+0000] {logging_mixin.py:190} INFO - [2026-05-28T09:53:27.122+0000] {dagbag.py:588} INFO - Filling up the DagBag from /home/airflow/.local/lib/python3.12/site-packages/airflow/example_dags/tutorial.py
[2026-05-28T09:53:27.164+0000] {processor.py:925} INFO - DAG(s) 'tutorial' retrieved from /home/airflow/.local/lib/python3.12/site-packages/airflow/example_dags/tutorial.py
[2026-05-28T09:53:27.248+0000] {logging_mixin.py:190} INFO - [2026-05-28T09:53:27.247+0000] {dag.py:3239} INFO - Sync 1 DAGs
[2026-05-28T09:53:27.317+0000] {logging_mixin.py:190} INFO - [2026-05-28T09:53:27.316+0000] {dag.py:4180} INFO - Setting next_dagrun for tutorial to 2026-05-27 00:00:00+00:00, run_after=2026-05-28 00:00:00+00:00
[2026-05-28T09:53:27.380+0000] {processor.py:208} INFO - Processing /home/airflow/.local/lib/python3.12/site-packages/airflow/example_dags/tutorial.py took 0.296 seconds
[2026-05-28T09:54:46.513+0000] {processor.py:186} INFO - Started process (PID=11820) to work on /home/airflow/.local/lib/python3.12/site-packages/airflow/example_dags/tutorial.py
[2026-05-28T09:54:46.516+0000] {processor.py:914} INFO - Processing file /home/airflow/.local/lib/python3.12/site-packages/airflow/example_dags/tutorial.py for tasks to queue
[2026-05-28T09:54:46.522+0000] {logging_mixin.py:190} INFO - [2026-05-28T09:54:46.519+0000] {dagbag.py:588} INFO - Filling up the DagBag from /home/airflow/.local/lib/python3.12/site-packages/airflow/example_dags/tutorial.py
[2026-05-28T09:54:46.559+0000] {processor.py:925} INFO - DAG(s) 'tutorial' retrieved from /home/airflow/.local/lib/python3.12/site-packages/airflow/example_dags/tutorial.py
[2026-05-28T09:54:46.685+0000] {logging_mixin.py:190} INFO - [2026-05-28T09:54:46.684+0000] {dag.py:3239} INFO - Sync 1 DAGs
[2026-05-28T09:54:46.840+0000] {logging_mixin.py:190} INFO - [2026-05-28T09:54:46.839+0000] {dag.py:4180} INFO - Setting next_dagrun for tutorial to 2026-05-27 00:00:00+00:00, run_after=2026-05-28 00:00:00+00:00
[2026-05-28T09:54:46.932+0000] {processor.py:208} INFO - Processing /home/airflow/.local/lib/python3.12/site-packages/airflow/example_dags/tutorial.py took 0.437 seconds
[2026-05-28T09:55:50.410+0000] {processor.py:186} INFO - Started process (PID=11898) to work on /home/airflow/.local/lib/python3.12/site-packages/airflow/example_dags/tutorial.py
[2026-05-28T09:55:50.412+0000] {processor.py:914} INFO - Processing file /home/airflow/.local/lib/python3.12/site-packages/airflow/example_dags/tutorial.py for tasks to queue
[2026-05-28T09:55:50.415+0000] {logging_mixin.py:190} INFO - [2026-05-28T09:55:50.414+0000] {dagbag.py:588} INFO - Filling up the DagBag from /home/airflow/.local/lib/python3.12/site-packages/airflow/example_dags/tutorial.py
[2026-05-28T09:55:50.434+0000] {processor.py:925} INFO - DAG(s) 'tutorial' retrieved from /home/airflow/.local/lib/python3.12/site-packages/airflow/example_dags/tutorial.py
[2026-05-28T09:55:50.480+0000] {logging_mixin.py:190} INFO - [2026-05-28T09:55:50.479+0000] {dag.py:3239} INFO - Sync 1 DAGs
[2026-05-28T09:55:50.530+0000] {logging_mixin.py:190} INFO - [2026-05-28T09:55:50.529+0000] {dag.py:4180} INFO - Setting next_dagrun for tutorial to 2026-05-27 00:00:00+00:00, run_after=2026-05-28 00:00:00+00:00
[2026-05-28T09:55:50.578+0000] {processor.py:208} INFO - Processing /home/airflow/.local/lib/python3.12/site-packages/airflow/example_dags/tutorial.py took 0.179 seconds
[2026-05-28T09:57:01.850+0000] {processor.py:186} INFO - Started process (PID=11984) to work on /home/airflow/.local/lib/python3.12/site-packages/airflow/example_dags/tutorial.py
[2026-05-28T09:57:01.853+0000] {processor.py:914} INFO - Processing file /home/airflow/.local/lib/python3.12/site-packages/airflow/example_dags/tutorial.py for tasks to queue
[2026-05-28T09:57:01.858+0000] {logging_mixin.py:190} INFO - [2026-05-28T09:57:01.857+0000] {dagbag.py:588} INFO - Filling up the DagBag from /home/airflow/.local/lib/python3.12/site-packages/airflow/example_dags/tutorial.py
[2026-05-28T09:57:01.886+0000] {processor.py:925} INFO - DAG(s) 'tutorial' retrieved from /home/airflow/.local/lib/python3.12/site-packages/airflow/example_dags/tutorial.py
[2026-05-28T09:57:01.960+0000] {logging_mixin.py:190} INFO - [2026-05-28T09:57:01.960+0000] {dag.py:3239} INFO - Sync 1 DAGs
[2026-05-28T09:57:02.037+0000] {logging_mixin.py:190} INFO - [2026-05-28T09:57:02.036+0000] {dag.py:4180} INFO - Setting next_dagrun for tutorial to 2026-05-27 00:00:00+00:00, run_after=2026-05-28 00:00:00+00:00
[2026-05-28T09:57:02.101+0000] {processor.py:208} INFO - Processing /home/airflow/.local/lib/python3.12/site-packages/airflow/example_dags/tutorial.py took 0.265 seconds
[2026-05-28T09:58:10.829+0000] {processor.py:186} INFO - Started process (PID=12056) to work on /home/airflow/.local/lib/python3.12/site-packages/airflow/example_dags/tutorial.py
[2026-05-28T09:58:10.834+0000] {processor.py:914} INFO - Processing file /home/airflow/.local/lib/python3.12/site-packages/airflow/example_dags/tutorial.py for tasks to queue
[2026-05-28T09:58:10.838+0000] {logging_mixin.py:190} INFO - [2026-05-28T09:58:10.837+0000] {dagbag.py:588} INFO - Filling up the DagBag from /home/airflow/.local/lib/python3.12/site-packages/airflow/example_dags/tutorial.py
[2026-05-28T09:58:10.874+0000] {processor.py:925} INFO - DAG(s) 'tutorial' retrieved from /home/airflow/.local/lib/python3.12/site-packages/airflow/example_dags/tutorial.py
[2026-05-28T09:58:10.966+0000] {logging_mixin.py:190} INFO - [2026-05-28T09:58:10.964+0000] {dag.py:3239} INFO - Sync 1 DAGs
[2026-05-28T09:58:11.087+0000] {logging_mixin.py:190} INFO - [2026-05-28T09:58:11.086+0000] {dag.py:4180} INFO - Setting next_dagrun for tutorial to 2026-05-27 00:00:00+00:00, run_after=2026-05-28 00:00:00+00:00
[2026-05-28T09:58:11.168+0000] {processor.py:208} INFO - Processing /home/airflow/.local/lib/python3.12/site-packages/airflow/example_dags/tutorial.py took 0.364 seconds
[2026-05-28T10:02:15.370+0000] {processor.py:186} INFO - Started process (PID=141) to work on /home/airflow/.local/lib/python3.12/site-packages/airflow/example_dags/tutorial.py
[2026-05-28T10:02:15.372+0000] {processor.py:914} INFO - Processing file /home/airflow/.local/lib/python3.12/site-packages/airflow/example_dags/tutorial.py for tasks to queue
[2026-05-28T10:02:15.377+0000] {logging_mixin.py:190} INFO - [2026-05-28T10:02:15.376+0000] {dagbag.py:588} INFO - Filling up the DagBag from /home/airflow/.local/lib/python3.12/site-packages/airflow/example_dags/tutorial.py
[2026-05-28T10:02:15.396+0000] {processor.py:925} INFO - DAG(s) 'tutorial' retrieved from /home/airflow/.local/lib/python3.12/site-packages/airflow/example_dags/tutorial.py
[2026-05-28T10:02:15.438+0000] {logging_mixin.py:190} INFO - [2026-05-28T10:02:15.438+0000] {dag.py:3239} INFO - Sync 1 DAGs
[2026-05-28T10:02:15.482+0000] {logging_mixin.py:190} INFO - [2026-05-28T10:02:15.482+0000] {dag.py:4180} INFO - Setting next_dagrun for tutorial to 2026-05-27 00:00:00+00:00, run_after=2026-05-28 00:00:00+00:00
[2026-05-28T10:02:15.530+0000] {processor.py:208} INFO - Processing /home/airflow/.local/lib/python3.12/site-packages/airflow/example_dags/tutorial.py took 0.169 seconds
[2026-05-28T10:03:07.694+0000] {processor.py:186} INFO - Started process (PID=236) to work on /home/airflow/.local/lib/python3.12/site-packages/airflow/example_dags/tutorial.py
[2026-05-28T10:03:07.697+0000] {processor.py:914} INFO - Processing file /home/airflow/.local/lib/python3.12/site-packages/airflow/example_dags/tutorial.py for tasks to queue
[2026-05-28T10:03:07.702+0000] {logging_mixin.py:190} INFO - [2026-05-28T10:03:07.702+0000] {dagbag.py:588} INFO - Filling up the DagBag from /home/airflow/.local/lib/python3.12/site-packages/airflow/example_dags/tutorial.py
[2026-05-28T10:03:07.722+0000] {processor.py:925} INFO - DAG(s) 'tutorial' retrieved from /home/airflow/.local/lib/python3.12/site-packages/airflow/example_dags/tutorial.py
[2026-05-28T10:03:07.794+0000] {logging_mixin.py:190} INFO - [2026-05-28T10:03:07.792+0000] {dag.py:3239} INFO - Sync 1 DAGs
[2026-05-28T10:03:07.850+0000] {logging_mixin.py:190} INFO - [2026-05-28T10:03:07.850+0000] {dag.py:4180} INFO - Setting next_dagrun for tutorial to 2026-05-27 00:00:00+00:00, run_after=2026-05-28 00:00:00+00:00
[2026-05-28T10:03:07.912+0000] {processor.py:208} INFO - Processing /home/airflow/.local/lib/python3.12/site-packages/airflow/example_dags/tutorial.py took 0.230 seconds
[2026-05-28T10:03:39.419+0000] {processor.py:186} INFO - Started process (PID=299) to work on /home/airflow/.local/lib/python3.12/site-packages/airflow/example_dags/tutorial.py
[2026-05-28T10:03:39.422+0000] {processor.py:914} INFO - Processing file /home/airflow/.local/lib/python3.12/site-packages/airflow/example_dags/tutorial.py for tasks to queue
[2026-05-28T10:03:39.426+0000] {logging_mixin.py:190} INFO - [2026-05-28T10:03:39.426+0000] {dagbag.py:588} INFO - Filling up the DagBag from /home/airflow/.local/lib/python3.12/site-packages/airflow/example_dags/tutorial.py
[2026-05-28T10:03:39.441+0000] {processor.py:925} INFO - DAG(s) 'tutorial' retrieved from /home/airflow/.local/lib/python3.12/site-packages/airflow/example_dags/tutorial.py
[2026-05-28T10:03:39.490+0000] {logging_mixin.py:190} INFO - [2026-05-28T10:03:39.490+0000] {dag.py:3239} INFO - Sync 1 DAGs
[2026-05-28T10:03:39.544+0000] {logging_mixin.py:190} INFO - [2026-05-28T10:03:39.543+0000] {dag.py:4180} INFO - Setting next_dagrun for tutorial to 2026-05-27 00:00:00+00:00, run_after=2026-05-28 00:00:00+00:00
[2026-05-28T10:03:39.587+0000] {processor.py:208} INFO - Processing /home/airflow/.local/lib/python3.12/site-packages/airflow/example_dags/tutorial.py took 0.179 seconds
[2026-05-28T10:04:18.108+0000] {processor.py:186} INFO - Started process (PID=375) to work on /home/airflow/.local/lib/python3.12/site-packages/airflow/example_dags/tutorial.py
[2026-05-28T10:04:18.110+0000] {processor.py:914} INFO - Processing file /home/airflow/.local/lib/python3.12/site-packages/airflow/example_dags/tutorial.py for tasks to queue
[2026-05-28T10:04:18.115+0000] {logging_mixin.py:190} INFO - [2026-05-28T10:04:18.114+0000] {dagbag.py:588} INFO - Filling up the DagBag from /home/airflow/.local/lib/python3.12/site-packages/airflow/example_dags/tutorial.py
[2026-05-28T10:04:18.132+0000] {processor.py:925} INFO - DAG(s) 'tutorial' retrieved from /home/airflow/.local/lib/python3.12/site-packages/airflow/example_dags/tutorial.py
[2026-05-28T10:04:18.172+0000] {logging_mixin.py:190} INFO - [2026-05-28T10:04:18.172+0000] {dag.py:3239} INFO - Sync 1 DAGs
[2026-05-28T10:04:18.216+0000] {logging_mixin.py:190} INFO - [2026-05-28T10:04:18.215+0000] {dag.py:4180} INFO - Setting next_dagrun for tutorial to 2026-05-27 00:00:00+00:00, run_after=2026-05-28 00:00:00+00:00
[2026-05-28T10:04:18.252+0000] {processor.py:208} INFO - Processing /home/airflow/.local/lib/python3.12/site-packages/airflow/example_dags/tutorial.py took 0.156 seconds
[2026-05-28T10:04:51.229+0000] {processor.py:186} INFO - Started process (PID=438) to work on /home/airflow/.local/lib/python3.12/site-packages/airflow/example_dags/tutorial.py
[2026-05-28T10:04:51.240+0000] {processor.py:914} INFO - Processing file /home/airflow/.local/lib/python3.12/site-packages/airflow/example_dags/tutorial.py for tasks to queue
[2026-05-28T10:04:51.248+0000] {logging_mixin.py:190} INFO - [2026-05-28T10:04:51.247+0000] {dagbag.py:588} INFO - Filling up the DagBag from /home/airflow/.local/lib/python3.12/site-packages/airflow/example_dags/tutorial.py
[2026-05-28T10:04:51.284+0000] {processor.py:925} INFO - DAG(s) 'tutorial' retrieved from /home/airflow/.local/lib/python3.12/site-packages/airflow/example_dags/tutorial.py
[2026-05-28T10:04:51.359+0000] {logging_mixin.py:190} INFO - [2026-05-28T10:04:51.358+0000] {dag.py:3239} INFO - Sync 1 DAGs
[2026-05-28T10:04:51.456+0000] {logging_mixin.py:190} INFO - [2026-05-28T10:04:51.456+0000] {dag.py:4180} INFO - Setting next_dagrun for tutorial to 2026-05-27 00:00:00+00:00, run_after=2026-05-28 00:00:00+00:00
[2026-05-28T10:04:51.520+0000] {processor.py:208} INFO - Processing /home/airflow/.local/lib/python3.12/site-packages/airflow/example_dags/tutorial.py took 0.307 seconds
[2026-05-28T10:05:29.406+0000] {processor.py:186} INFO - Started process (PID=508) to work on /home/airflow/.local/lib/python3.12/site-packages/airflow/example_dags/tutorial.py
[2026-05-28T10:05:29.408+0000] {processor.py:914} INFO - Processing file /home/airflow/.local/lib/python3.12/site-packages/airflow/example_dags/tutorial.py for tasks to queue
[2026-05-28T10:05:29.413+0000] {logging_mixin.py:190} INFO - [2026-05-28T10:05:29.413+0000] {dagbag.py:588} INFO - Filling up the DagBag from /home/airflow/.local/lib/python3.12/site-packages/airflow/example_dags/tutorial.py
[2026-05-28T10:05:29.431+0000] {processor.py:925} INFO - DAG(s) 'tutorial' retrieved from /home/airflow/.local/lib/python3.12/site-packages/airflow/example_dags/tutorial.py
[2026-05-28T10:05:29.486+0000] {logging_mixin.py:190} INFO - [2026-05-28T10:05:29.485+0000] {dag.py:3239} INFO - Sync 1 DAGs
[2026-05-28T10:05:29.528+0000] {logging_mixin.py:190} INFO - [2026-05-28T10:05:29.528+0000] {dag.py:4180} INFO - Setting next_dagrun for tutorial to 2026-05-27 00:00:00+00:00, run_after=2026-05-28 00:00:00+00:00
[2026-05-28T10:05:29.564+0000] {processor.py:208} INFO - Processing /home/airflow/.local/lib/python3.12/site-packages/airflow/example_dags/tutorial.py took 0.170 seconds
[2026-05-28T10:06:05.891+0000] {processor.py:186} INFO - Started process (PID=570) to work on /home/airflow/.local/lib/python3.12/site-packages/airflow/example_dags/tutorial.py
[2026-05-28T10:06:05.893+0000] {processor.py:914} INFO - Processing file /home/airflow/.local/lib/python3.12/site-packages/airflow/example_dags/tutorial.py for tasks to queue
[2026-05-28T10:06:05.897+0000] {logging_mixin.py:190} INFO - [2026-05-28T10:06:05.897+0000] {dagbag.py:588} INFO - Filling up the DagBag from /home/airflow/.local/lib/python3.12/site-packages/airflow/example_dags/tutorial.py
[2026-05-28T10:06:05.912+0000] {processor.py:925} INFO - DAG(s) 'tutorial' retrieved from /home/airflow/.local/lib/python3.12/site-packages/airflow/example_dags/tutorial.py
[2026-05-28T10:06:05.955+0000] {logging_mixin.py:190} INFO - [2026-05-28T10:06:05.955+0000] {dag.py:3239} INFO - Sync 1 DAGs
[2026-05-28T10:06:05.995+0000] {logging_mixin.py:190} INFO - [2026-05-28T10:06:05.995+0000] {dag.py:4180} INFO - Setting next_dagrun for tutorial to 2026-05-27 00:00:00+00:00, run_after=2026-05-28 00:00:00+00:00
[2026-05-28T10:06:06.036+0000] {processor.py:208} INFO - Processing /home/airflow/.local/lib/python3.12/site-packages/airflow/example_dags/tutorial.py took 0.155 seconds
[2026-05-28T10:06:40.798+0000] {processor.py:186} INFO - Started process (PID=632) to work on /home/airflow/.local/lib/python3.12/site-packages/airflow/example_dags/tutorial.py
[2026-05-28T10:06:40.801+0000] {processor.py:914} INFO - Processing file /home/airflow/.local/lib/python3.12/site-packages/airflow/example_dags/tutorial.py for tasks to queue
[2026-05-28T10:06:40.809+0000] {logging_mixin.py:190} INFO - [2026-05-28T10:06:40.808+0000] {dagbag.py:588} INFO - Filling up the DagBag from /home/airflow/.local/lib/python3.12/site-packages/airflow/example_dags/tutorial.py
[2026-05-28T10:06:40.833+0000] {processor.py:925} INFO - DAG(s) 'tutorial' retrieved from /home/airflow/.local/lib/python3.12/site-packages/airflow/example_dags/tutorial.py
[2026-05-28T10:06:40.915+0000] {logging_mixin.py:190} INFO - [2026-05-28T10:06:40.915+0000] {dag.py:3239} INFO - Sync 1 DAGs
[2026-05-28T10:06:41.017+0000] {logging_mixin.py:190} INFO - [2026-05-28T10:06:41.016+0000] {dag.py:4180} INFO - Setting next_dagrun for tutorial to 2026-05-27 00:00:00+00:00, run_after=2026-05-28 00:00:00+00:00
[2026-05-28T10:06:41.075+0000] {processor.py:208} INFO - Processing /home/airflow/.local/lib/python3.12/site-packages/airflow/example_dags/tutorial.py took 0.288 seconds
[2026-05-28T10:07:18.451+0000] {processor.py:186} INFO - Started process (PID=699) to work on /home/airflow/.local/lib/python3.12/site-packages/airflow/example_dags/tutorial.py
[2026-05-28T10:07:18.453+0000] {processor.py:914} INFO - Processing file /home/airflow/.local/lib/python3.12/site-packages/airflow/example_dags/tutorial.py for tasks to queue
[2026-05-28T10:07:18.458+0000] {logging_mixin.py:190} INFO - [2026-05-28T10:07:18.458+0000] {dagbag.py:588} INFO - Filling up the DagBag from /home/airflow/.local/lib/python3.12/site-packages/airflow/example_dags/tutorial.py
[2026-05-28T10:07:18.473+0000] {processor.py:925} INFO - DAG(s) 'tutorial' retrieved from /home/airflow/.local/lib/python3.12/site-packages/airflow/example_dags/tutorial.py
[2026-05-28T10:07:18.517+0000] {logging_mixin.py:190} INFO - [2026-05-28T10:07:18.516+0000] {dag.py:3239} INFO - Sync 1 DAGs
[2026-05-28T10:07:18.578+0000] {logging_mixin.py:190} INFO - [2026-05-28T10:07:18.577+0000] {dag.py:4180} INFO - Setting next_dagrun for tutorial to 2026-05-27 00:00:00+00:00, run_after=2026-05-28 00:00:00+00:00
[2026-05-28T10:07:18.617+0000] {processor.py:208} INFO - Processing /home/airflow/.local/lib/python3.12/site-packages/airflow/example_dags/tutorial.py took 0.179 seconds
[2026-05-28T10:07:56.389+0000] {processor.py:186} INFO - Started process (PID=762) to work on /home/airflow/.local/lib/python3.12/site-packages/airflow/example_dags/tutorial.py
[2026-05-28T10:07:56.392+0000] {processor.py:914} INFO - Processing file /home/airflow/.local/lib/python3.12/site-packages/airflow/example_dags/tutorial.py for tasks to queue
[2026-05-28T10:07:56.397+0000] {logging_mixin.py:190} INFO - [2026-05-28T10:07:56.396+0000] {dagbag.py:588} INFO - Filling up the DagBag from /home/airflow/.local/lib/python3.12/site-packages/airflow/example_dags/tutorial.py
[2026-05-28T10:07:56.415+0000] {processor.py:925} INFO - DAG(s) 'tutorial' retrieved from /home/airflow/.local/lib/python3.12/site-packages/airflow/example_dags/tutorial.py
[2026-05-28T10:07:56.460+0000] {logging_mixin.py:190} INFO - [2026-05-28T10:07:56.459+0000] {dag.py:3239} INFO - Sync 1 DAGs
[2026-05-28T10:07:56.499+0000] {logging_mixin.py:190} INFO - [2026-05-28T10:07:56.499+0000] {dag.py:4180} INFO - Setting next_dagrun for tutorial to 2026-05-27 00:00:00+00:00, run_after=2026-05-28 00:00:00+00:00
[2026-05-28T10:07:56.541+0000] {processor.py:208} INFO - Processing /home/airflow/.local/lib/python3.12/site-packages/airflow/example_dags/tutorial.py took 0.162 seconds
[2026-05-28T10:08:56.857+0000] {processor.py:186} INFO - Started process (PID=834) to work on /home/airflow/.local/lib/python3.12/site-packages/airflow/example_dags/tutorial.py
[2026-05-28T10:08:56.859+0000] {processor.py:914} INFO - Processing file /home/airflow/.local/lib/python3.12/site-packages/airflow/example_dags/tutorial.py for tasks to queue
[2026-05-28T10:08:56.865+0000] {logging_mixin.py:190} INFO - [2026-05-28T10:08:56.864+0000] {dagbag.py:588} INFO - Filling up the DagBag from /home/airflow/.local/lib/python3.12/site-packages/airflow/example_dags/tutorial.py
[2026-05-28T10:08:56.881+0000] {processor.py:925} INFO - DAG(s) 'tutorial' retrieved from /home/airflow/.local/lib/python3.12/site-packages/airflow/example_dags/tutorial.py
[2026-05-28T10:08:56.926+0000] {logging_mixin.py:190} INFO - [2026-05-28T10:08:56.925+0000] {dag.py:3239} INFO - Sync 1 DAGs
[2026-05-28T10:08:56.968+0000] {logging_mixin.py:190} INFO - [2026-05-28T10:08:56.968+0000] {dag.py:4180} INFO - Setting next_dagrun for tutorial to 2026-05-27 00:00:00+00:00, run_after=2026-05-28 00:00:00+00:00
[2026-05-28T10:08:57.012+0000] {processor.py:208} INFO - Processing /home/airflow/.local/lib/python3.12/site-packages/airflow/example_dags/tutorial.py took 0.165 seconds
[2026-05-28T10:09:45.314+0000] {processor.py:186} INFO - Started process (PID=918) to work on /home/airflow/.local/lib/python3.12/site-packages/airflow/example_dags/tutorial.py
[2026-05-28T10:09:45.316+0000] {processor.py:914} INFO - Processing file /home/airflow/.local/lib/python3.12/site-packages/airflow/example_dags/tutorial.py for tasks to queue
[2026-05-28T10:09:45.320+0000] {logging_mixin.py:190} INFO - [2026-05-28T10:09:45.319+0000] {dagbag.py:588} INFO - Filling up the DagBag from /home/airflow/.local/lib/python3.12/site-packages/airflow/example_dags/tutorial.py
[2026-05-28T10:09:45.335+0000] {processor.py:925} INFO - DAG(s) 'tutorial' retrieved from /home/airflow/.local/lib/python3.12/site-packages/airflow/example_dags/tutorial.py
[2026-05-28T10:09:45.376+0000] {logging_mixin.py:190} INFO - [2026-05-28T10:09:45.375+0000] {dag.py:3239} INFO - Sync 1 DAGs
[2026-05-28T10:09:45.417+0000] {logging_mixin.py:190} INFO - [2026-05-28T10:09:45.417+0000] {dag.py:4180} INFO - Setting next_dagrun for tutorial to 2026-05-27 00:00:00+00:00, run_after=2026-05-28 00:00:00+00:00
[2026-05-28T10:09:45.458+0000] {processor.py:208} INFO - Processing /home/airflow/.local/lib/python3.12/site-packages/airflow/example_dags/tutorial.py took 0.155 seconds
[2026-05-28T10:10:29.153+0000] {processor.py:186} INFO - Started process (PID=987) to work on /home/airflow/.local/lib/python3.12/site-packages/airflow/example_dags/tutorial.py
[2026-05-28T10:10:29.155+0000] {processor.py:914} INFO - Processing file /home/airflow/.local/lib/python3.12/site-packages/airflow/example_dags/tutorial.py for tasks to queue
[2026-05-28T10:10:29.160+0000] {logging_mixin.py:190} INFO - [2026-05-28T10:10:29.159+0000] {dagbag.py:588} INFO - Filling up the DagBag from /home/airflow/.local/lib/python3.12/site-packages/airflow/example_dags/tutorial.py
[2026-05-28T10:10:29.179+0000] {processor.py:925} INFO - DAG(s) 'tutorial' retrieved from /home/airflow/.local/lib/python3.12/site-packages/airflow/example_dags/tutorial.py
[2026-05-28T10:10:29.229+0000] {logging_mixin.py:190} INFO - [2026-05-28T10:10:29.228+0000] {dag.py:3239} INFO - Sync 1 DAGs
[2026-05-28T10:10:29.277+0000] {logging_mixin.py:190} INFO - [2026-05-28T10:10:29.276+0000] {dag.py:4180} INFO - Setting next_dagrun for tutorial to 2026-05-27 00:00:00+00:00, run_after=2026-05-28 00:00:00+00:00
[2026-05-28T10:10:29.319+0000] {processor.py:208} INFO - Processing /home/airflow/.local/lib/python3.12/site-packages/airflow/example_dags/tutorial.py took 0.179 seconds
[2026-05-28T10:11:10.958+0000] {processor.py:186} INFO - Started process (PID=1049) to work on /home/airflow/.local/lib/python3.12/site-packages/airflow/example_dags/tutorial.py
[2026-05-28T10:11:10.961+0000] {processor.py:914} INFO - Processing file /home/airflow/.local/lib/python3.12/site-packages/airflow/example_dags/tutorial.py for tasks to queue
[2026-05-28T10:11:10.969+0000] {logging_mixin.py:190} INFO - [2026-05-28T10:11:10.968+0000] {dagbag.py:588} INFO - Filling up the DagBag from /home/airflow/.local/lib/python3.12/site-packages/airflow/example_dags/tutorial.py
[2026-05-28T10:11:10.991+0000] {processor.py:925} INFO - DAG(s) 'tutorial' retrieved from /home/airflow/.local/lib/python3.12/site-packages/airflow/example_dags/tutorial.py
[2026-05-28T10:11:11.055+0000] {logging_mixin.py:190} INFO - [2026-05-28T10:11:11.054+0000] {dag.py:3239} INFO - Sync 1 DAGs
[2026-05-28T10:11:11.128+0000] {logging_mixin.py:190} INFO - [2026-05-28T10:11:11.127+0000] {dag.py:4180} INFO - Setting next_dagrun for tutorial to 2026-05-27 00:00:00+00:00, run_after=2026-05-28 00:00:00+00:00
[2026-05-28T10:11:11.195+0000] {processor.py:208} INFO - Processing /home/airflow/.local/lib/python3.12/site-packages/airflow/example_dags/tutorial.py took 0.248 seconds
[2026-05-28T10:11:53.232+0000] {processor.py:186} INFO - Started process (PID=1114) to work on /home/airflow/.local/lib/python3.12/site-packages/airflow/example_dags/tutorial.py
[2026-05-28T10:11:53.235+0000] {processor.py:914} INFO - Processing file /home/airflow/.local/lib/python3.12/site-packages/airflow/example_dags/tutorial.py for tasks to queue
[2026-05-28T10:11:53.239+0000] {logging_mixin.py:190} INFO - [2026-05-28T10:11:53.239+0000] {dagbag.py:588} INFO - Filling up the DagBag from /home/airflow/.local/lib/python3.12/site-packages/airflow/example_dags/tutorial.py
[2026-05-28T10:11:53.256+0000] {processor.py:925} INFO - DAG(s) 'tutorial' retrieved from /home/airflow/.local/lib/python3.12/site-packages/airflow/example_dags/tutorial.py
[2026-05-28T10:11:53.308+0000] {logging_mixin.py:190} INFO - [2026-05-28T10:11:53.308+0000] {dag.py:3239} INFO - Sync 1 DAGs
[2026-05-28T10:11:53.361+0000] {logging_mixin.py:190} INFO - [2026-05-28T10:11:53.361+0000] {dag.py:4180} INFO - Setting next_dagrun for tutorial to 2026-05-27 00:00:00+00:00, run_after=2026-05-28 00:00:00+00:00
[2026-05-28T10:11:53.410+0000] {processor.py:208} INFO - Processing /home/airflow/.local/lib/python3.12/site-packages/airflow/example_dags/tutorial.py took 0.188 seconds
[2026-05-28T10:12:28.752+0000] {processor.py:186} INFO - Started process (PID=1182) to work on /home/airflow/.local/lib/python3.12/site-packages/airflow/example_dags/tutorial.py
[2026-05-28T10:12:28.754+0000] {processor.py:914} INFO - Processing file /home/airflow/.local/lib/python3.12/site-packages/airflow/example_dags/tutorial.py for tasks to queue
[2026-05-28T10:12:28.766+0000] {logging_mixin.py:190} INFO - [2026-05-28T10:12:28.765+0000] {dagbag.py:588} INFO - Filling up the DagBag from /home/airflow/.local/lib/python3.12/site-packages/airflow/example_dags/tutorial.py
[2026-05-28T10:12:28.788+0000] {processor.py:925} INFO - DAG(s) 'tutorial' retrieved from /home/airflow/.local/lib/python3.12/site-packages/airflow/example_dags/tutorial.py
[2026-05-28T10:12:28.835+0000] {logging_mixin.py:190} INFO - [2026-05-28T10:12:28.834+0000] {dag.py:3239} INFO - Sync 1 DAGs
[2026-05-28T10:12:28.881+0000] {logging_mixin.py:190} INFO - [2026-05-28T10:12:28.881+0000] {dag.py:4180} INFO - Setting next_dagrun for tutorial to 2026-05-27 00:00:00+00:00, run_after=2026-05-28 00:00:00+00:00
[2026-05-28T10:12:28.919+0000] {processor.py:208} INFO - Processing /home/airflow/.local/lib/python3.12/site-packages/airflow/example_dags/tutorial.py took 0.179 seconds
[2026-05-28T10:13:10.756+0000] {processor.py:186} INFO - Started process (PID=1257) to work on /home/airflow/.local/lib/python3.12/site-packages/airflow/example_dags/tutorial.py
[2026-05-28T10:13:10.758+0000] {processor.py:914} INFO - Processing file /home/airflow/.local/lib/python3.12/site-packages/airflow/example_dags/tutorial.py for tasks to queue
[2026-05-28T10:13:10.763+0000] {logging_mixin.py:190} INFO - [2026-05-28T10:13:10.762+0000] {dagbag.py:588} INFO - Filling up the DagBag from /home/airflow/.local/lib/python3.12/site-packages/airflow/example_dags/tutorial.py
[2026-05-28T10:13:10.777+0000] {processor.py:925} INFO - DAG(s) 'tutorial' retrieved from /home/airflow/.local/lib/python3.12/site-packages/airflow/example_dags/tutorial.py
[2026-05-28T10:13:10.819+0000] {logging_mixin.py:190} INFO - [2026-05-28T10:13:10.819+0000] {dag.py:3239} INFO - Sync 1 DAGs
[2026-05-28T10:13:10.854+0000] {logging_mixin.py:190} INFO - [2026-05-28T10:13:10.854+0000] {dag.py:4180} INFO - Setting next_dagrun for tutorial to 2026-05-27 00:00:00+00:00, run_after=2026-05-28 00:00:00+00:00
[2026-05-28T10:13:10.896+0000] {processor.py:208} INFO - Processing /home/airflow/.local/lib/python3.12/site-packages/airflow/example_dags/tutorial.py took 0.151 seconds
[2026-05-28T10:13:46.626+0000] {processor.py:186} INFO - Started process (PID=1321) to work on /home/airflow/.local/lib/python3.12/site-packages/airflow/example_dags/tutorial.py
[2026-05-28T10:13:46.628+0000] {processor.py:914} INFO - Processing file /home/airflow/.local/lib/python3.12/site-packages/airflow/example_dags/tutorial.py for tasks to queue
[2026-05-28T10:13:46.633+0000] {logging_mixin.py:190} INFO - [2026-05-28T10:13:46.632+0000] {dagbag.py:588} INFO - Filling up the DagBag from /home/airflow/.local/lib/python3.12/site-packages/airflow/example_dags/tutorial.py
[2026-05-28T10:13:46.647+0000] {processor.py:925} INFO - DAG(s) 'tutorial' retrieved from /home/airflow/.local/lib/python3.12/site-packages/airflow/example_dags/tutorial.py
[2026-05-28T10:13:46.690+0000] {logging_mixin.py:190} INFO - [2026-05-28T10:13:46.689+0000] {dag.py:3239} INFO - Sync 1 DAGs
[2026-05-28T10:13:46.735+0000] {logging_mixin.py:190} INFO - [2026-05-28T10:13:46.735+0000] {dag.py:4180} INFO - Setting next_dagrun for tutorial to 2026-05-27 00:00:00+00:00, run_after=2026-05-28 00:00:00+00:00
[2026-05-28T10:13:46.773+0000] {processor.py:208} INFO - Processing /home/airflow/.local/lib/python3.12/site-packages/airflow/example_dags/tutorial.py took 0.159 seconds
[2026-05-28T10:14:24.653+0000] {processor.py:186} INFO - Started process (PID=1383) to work on /home/airflow/.local/lib/python3.12/site-packages/airflow/example_dags/tutorial.py
[2026-05-28T10:14:24.655+0000] {processor.py:914} INFO - Processing file /home/airflow/.local/lib/python3.12/site-packages/airflow/example_dags/tutorial.py for tasks to queue
[2026-05-28T10:14:24.662+0000] {logging_mixin.py:190} INFO - [2026-05-28T10:14:24.661+0000] {dagbag.py:588} INFO - Filling up the DagBag from /home/airflow/.local/lib/python3.12/site-packages/airflow/example_dags/tutorial.py
[2026-05-28T10:14:24.684+0000] {processor.py:925} INFO - DAG(s) 'tutorial' retrieved from /home/airflow/.local/lib/python3.12/site-packages/airflow/example_dags/tutorial.py
[2026-05-28T10:14:24.743+0000] {logging_mixin.py:190} INFO - [2026-05-28T10:14:24.742+0000] {dag.py:3239} INFO - Sync 1 DAGs
[2026-05-28T10:14:24.800+0000] {logging_mixin.py:190} INFO - [2026-05-28T10:14:24.800+0000] {dag.py:4180} INFO - Setting next_dagrun for tutorial to 2026-05-27 00:00:00+00:00, run_after=2026-05-28 00:00:00+00:00
[2026-05-28T10:14:24.847+0000] {processor.py:208} INFO - Processing /home/airflow/.local/lib/python3.12/site-packages/airflow/example_dags/tutorial.py took 0.210 seconds
[2026-05-28T10:15:01.387+0000] {processor.py:186} INFO - Started process (PID=1451) to work on /home/airflow/.local/lib/python3.12/site-packages/airflow/example_dags/tutorial.py
[2026-05-28T10:15:01.392+0000] {processor.py:914} INFO - Processing file /home/airflow/.local/lib/python3.12/site-packages/airflow/example_dags/tutorial.py for tasks to queue
[2026-05-28T10:15:01.400+0000] {logging_mixin.py:190} INFO - [2026-05-28T10:15:01.399+0000] {dagbag.py:588} INFO - Filling up the DagBag from /home/airflow/.local/lib/python3.12/site-packages/airflow/example_dags/tutorial.py
[2026-05-28T10:15:01.434+0000] {processor.py:925} INFO - DAG(s) 'tutorial' retrieved from /home/airflow/.local/lib/python3.12/site-packages/airflow/example_dags/tutorial.py
[2026-05-28T10:15:01.528+0000] {logging_mixin.py:190} INFO - [2026-05-28T10:15:01.527+0000] {dag.py:3239} INFO - Sync 1 DAGs
[2026-05-28T10:15:01.651+0000] {logging_mixin.py:190} INFO - [2026-05-28T10:15:01.651+0000] {dag.py:4180} INFO - Setting next_dagrun for tutorial to 2026-05-27 00:00:00+00:00, run_after=2026-05-28 00:00:00+00:00
[2026-05-28T10:15:01.740+0000] {processor.py:208} INFO - Processing /home/airflow/.local/lib/python3.12/site-packages/airflow/example_dags/tutorial.py took 0.367 seconds
[2026-05-28T10:15:33.611+0000] {processor.py:186} INFO - Started process (PID=1512) to work on /home/airflow/.local/lib/python3.12/site-packages/airflow/example_dags/tutorial.py
[2026-05-28T10:15:33.613+0000] {processor.py:914} INFO - Processing file /home/airflow/.local/lib/python3.12/site-packages/airflow/example_dags/tutorial.py for tasks to queue
[2026-05-28T10:15:33.619+0000] {logging_mixin.py:190} INFO - [2026-05-28T10:15:33.618+0000] {dagbag.py:588} INFO - Filling up the DagBag from /home/airflow/.local/lib/python3.12/site-packages/airflow/example_dags/tutorial.py
[2026-05-28T10:15:33.634+0000] {processor.py:925} INFO - DAG(s) 'tutorial' retrieved from /home/airflow/.local/lib/python3.12/site-packages/airflow/example_dags/tutorial.py
[2026-05-28T10:15:33.681+0000] {logging_mixin.py:190} INFO - [2026-05-28T10:15:33.680+0000] {dag.py:3239} INFO - Sync 1 DAGs
[2026-05-28T10:15:33.723+0000] {logging_mixin.py:190} INFO - [2026-05-28T10:15:33.722+0000] {dag.py:4180} INFO - Setting next_dagrun for tutorial to 2026-05-27 00:00:00+00:00, run_after=2026-05-28 00:00:00+00:00
[2026-05-28T10:15:33.788+0000] {processor.py:208} INFO - Processing /home/airflow/.local/lib/python3.12/site-packages/airflow/example_dags/tutorial.py took 0.191 seconds
[2026-05-28T10:16:11.550+0000] {processor.py:186} INFO - Started process (PID=1577) to work on /home/airflow/.local/lib/python3.12/site-packages/airflow/example_dags/tutorial.py
[2026-05-28T10:16:11.552+0000] {processor.py:914} INFO - Processing file /home/airflow/.local/lib/python3.12/site-packages/airflow/example_dags/tutorial.py for tasks to queue
[2026-05-28T10:16:11.560+0000] {logging_mixin.py:190} INFO - [2026-05-28T10:16:11.559+0000] {dagbag.py:588} INFO - Filling up the DagBag from /home/airflow/.local/lib/python3.12/site-packages/airflow/example_dags/tutorial.py
[2026-05-28T10:16:11.602+0000] {processor.py:925} INFO - DAG(s) 'tutorial' retrieved from /home/airflow/.local/lib/python3.12/site-packages/airflow/example_dags/tutorial.py
[2026-05-28T10:16:11.668+0000] {logging_mixin.py:190} INFO - [2026-05-28T10:16:11.668+0000] {dag.py:3239} INFO - Sync 1 DAGs
[2026-05-28T10:16:11.747+0000] {logging_mixin.py:190} INFO - [2026-05-28T10:16:11.746+0000] {dag.py:4180} INFO - Setting next_dagrun for tutorial to 2026-05-27 00:00:00+00:00, run_after=2026-05-28 00:00:00+00:00
[2026-05-28T10:16:11.816+0000] {processor.py:208} INFO - Processing /home/airflow/.local/lib/python3.12/site-packages/airflow/example_dags/tutorial.py took 0.296 seconds
[2026-05-28T10:16:56.910+0000] {processor.py:186} INFO - Started process (PID=1642) to work on /home/airflow/.local/lib/python3.12/site-packages/airflow/example_dags/tutorial.py
[2026-05-28T10:16:56.912+0000] {processor.py:914} INFO - Processing file /home/airflow/.local/lib/python3.12/site-packages/airflow/example_dags/tutorial.py for tasks to queue
[2026-05-28T10:16:56.918+0000] {logging_mixin.py:190} INFO - [2026-05-28T10:16:56.917+0000] {dagbag.py:588} INFO - Filling up the DagBag from /home/airflow/.local/lib/python3.12/site-packages/airflow/example_dags/tutorial.py
[2026-05-28T10:16:56.935+0000] {processor.py:925} INFO - DAG(s) 'tutorial' retrieved from /home/airflow/.local/lib/python3.12/site-packages/airflow/example_dags/tutorial.py
[2026-05-28T10:16:57.005+0000] {logging_mixin.py:190} INFO - [2026-05-28T10:16:57.004+0000] {dag.py:3239} INFO - Sync 1 DAGs
[2026-05-28T10:16:57.067+0000] {logging_mixin.py:190} INFO - [2026-05-28T10:16:57.067+0000] {dag.py:4180} INFO - Setting next_dagrun for tutorial to 2026-05-27 00:00:00+00:00, run_after=2026-05-28 00:00:00+00:00
[2026-05-28T10:16:57.116+0000] {processor.py:208} INFO - Processing /home/airflow/.local/lib/python3.12/site-packages/airflow/example_dags/tutorial.py took 0.221 seconds
[2026-05-28T10:17:38.734+0000] {processor.py:186} INFO - Started process (PID=1725) to work on /home/airflow/.local/lib/python3.12/site-packages/airflow/example_dags/tutorial.py
[2026-05-28T10:17:38.736+0000] {processor.py:914} INFO - Processing file /home/airflow/.local/lib/python3.12/site-packages/airflow/example_dags/tutorial.py for tasks to queue
[2026-05-28T10:17:38.740+0000] {logging_mixin.py:190} INFO - [2026-05-28T10:17:38.740+0000] {dagbag.py:588} INFO - Filling up the DagBag from /home/airflow/.local/lib/python3.12/site-packages/airflow/example_dags/tutorial.py
[2026-05-28T10:17:38.756+0000] {processor.py:925} INFO - DAG(s) 'tutorial' retrieved from /home/airflow/.local/lib/python3.12/site-packages/airflow/example_dags/tutorial.py
[2026-05-28T10:17:38.798+0000] {logging_mixin.py:190} INFO - [2026-05-28T10:17:38.797+0000] {dag.py:3239} INFO - Sync 1 DAGs
[2026-05-28T10:17:38.841+0000] {logging_mixin.py:190} INFO - [2026-05-28T10:17:38.840+0000] {dag.py:4180} INFO - Setting next_dagrun for tutorial to 2026-05-27 00:00:00+00:00, run_after=2026-05-28 00:00:00+00:00
[2026-05-28T10:17:38.887+0000] {processor.py:208} INFO - Processing /home/airflow/.local/lib/python3.12/site-packages/airflow/example_dags/tutorial.py took 0.161 seconds
[2026-05-28T10:18:23.021+0000] {processor.py:186} INFO - Started process (PID=1799) to work on /home/airflow/.local/lib/python3.12/site-packages/airflow/example_dags/tutorial.py
[2026-05-28T10:18:23.024+0000] {processor.py:914} INFO - Processing file /home/airflow/.local/lib/python3.12/site-packages/airflow/example_dags/tutorial.py for tasks to queue
[2026-05-28T10:18:23.030+0000] {logging_mixin.py:190} INFO - [2026-05-28T10:18:23.029+0000] {dagbag.py:588} INFO - Filling up the DagBag from /home/airflow/.local/lib/python3.12/site-packages/airflow/example_dags/tutorial.py
[2026-05-28T10:18:23.050+0000] {processor.py:925} INFO - DAG(s) 'tutorial' retrieved from /home/airflow/.local/lib/python3.12/site-packages/airflow/example_dags/tutorial.py
[2026-05-28T10:18:23.103+0000] {logging_mixin.py:190} INFO - [2026-05-28T10:18:23.102+0000] {dag.py:3239} INFO - Sync 1 DAGs
[2026-05-28T10:18:23.149+0000] {logging_mixin.py:190} INFO - [2026-05-28T10:18:23.148+0000] {dag.py:4180} INFO - Setting next_dagrun for tutorial to 2026-05-27 00:00:00+00:00, run_after=2026-05-28 00:00:00+00:00
[2026-05-28T10:18:23.192+0000] {processor.py:208} INFO - Processing /home/airflow/.local/lib/python3.12/site-packages/airflow/example_dags/tutorial.py took 0.182 seconds
[2026-05-28T10:19:02.358+0000] {processor.py:186} INFO - Started process (PID=1873) to work on /home/airflow/.local/lib/python3.12/site-packages/airflow/example_dags/tutorial.py
[2026-05-28T10:19:02.360+0000] {processor.py:914} INFO - Processing file /home/airflow/.local/lib/python3.12/site-packages/airflow/example_dags/tutorial.py for tasks to queue
[2026-05-28T10:19:02.366+0000] {logging_mixin.py:190} INFO - [2026-05-28T10:19:02.365+0000] {dagbag.py:588} INFO - Filling up the DagBag from /home/airflow/.local/lib/python3.12/site-packages/airflow/example_dags/tutorial.py
[2026-05-28T10:19:02.385+0000] {processor.py:925} INFO - DAG(s) 'tutorial' retrieved from /home/airflow/.local/lib/python3.12/site-packages/airflow/example_dags/tutorial.py
[2026-05-28T10:19:02.437+0000] {logging_mixin.py:190} INFO - [2026-05-28T10:19:02.436+0000] {dag.py:3239} INFO - Sync 1 DAGs
[2026-05-28T10:19:02.479+0000] {logging_mixin.py:190} INFO - [2026-05-28T10:19:02.479+0000] {dag.py:4180} INFO - Setting next_dagrun for tutorial to 2026-05-27 00:00:00+00:00, run_after=2026-05-28 00:00:00+00:00
[2026-05-28T10:19:02.521+0000] {processor.py:208} INFO - Processing /home/airflow/.local/lib/python3.12/site-packages/airflow/example_dags/tutorial.py took 0.174 seconds
[2026-05-28T10:19:33.570+0000] {processor.py:186} INFO - Started process (PID=1934) to work on /home/airflow/.local/lib/python3.12/site-packages/airflow/example_dags/tutorial.py
[2026-05-28T10:19:33.571+0000] {processor.py:914} INFO - Processing file /home/airflow/.local/lib/python3.12/site-packages/airflow/example_dags/tutorial.py for tasks to queue
[2026-05-28T10:19:33.576+0000] {logging_mixin.py:190} INFO - [2026-05-28T10:19:33.575+0000] {dagbag.py:588} INFO - Filling up the DagBag from /home/airflow/.local/lib/python3.12/site-packages/airflow/example_dags/tutorial.py
[2026-05-28T10:19:33.588+0000] {processor.py:925} INFO - DAG(s) 'tutorial' retrieved from /home/airflow/.local/lib/python3.12/site-packages/airflow/example_dags/tutorial.py
[2026-05-28T10:19:33.628+0000] {logging_mixin.py:190} INFO - [2026-05-28T10:19:33.628+0000] {dag.py:3239} INFO - Sync 1 DAGs
[2026-05-28T10:19:33.673+0000] {logging_mixin.py:190} INFO - [2026-05-28T10:19:33.673+0000] {dag.py:4180} INFO - Setting next_dagrun for tutorial to 2026-05-27 00:00:00+00:00, run_after=2026-05-28 00:00:00+00:00
[2026-05-28T10:19:33.707+0000] {processor.py:208} INFO - Processing /home/airflow/.local/lib/python3.12/site-packages/airflow/example_dags/tutorial.py took 0.148 seconds
[2026-05-28T10:20:04.911+0000] {processor.py:186} INFO - Started process (PID=1997) to work on /home/airflow/.local/lib/python3.12/site-packages/airflow/example_dags/tutorial.py
[2026-05-28T10:20:04.913+0000] {processor.py:914} INFO - Processing file /home/airflow/.local/lib/python3.12/site-packages/airflow/example_dags/tutorial.py for tasks to queue
[2026-05-28T10:20:04.919+0000] {logging_mixin.py:190} INFO - [2026-05-28T10:20:04.918+0000] {dagbag.py:588} INFO - Filling up the DagBag from /home/airflow/.local/lib/python3.12/site-packages/airflow/example_dags/tutorial.py
[2026-05-28T10:20:04.937+0000] {processor.py:925} INFO - DAG(s) 'tutorial' retrieved from /home/airflow/.local/lib/python3.12/site-packages/airflow/example_dags/tutorial.py
[2026-05-28T10:20:04.987+0000] {logging_mixin.py:190} INFO - [2026-05-28T10:20:04.987+0000] {dag.py:3239} INFO - Sync 1 DAGs
[2026-05-28T10:20:05.043+0000] {logging_mixin.py:190} INFO - [2026-05-28T10:20:05.042+0000] {dag.py:4180} INFO - Setting next_dagrun for tutorial to 2026-05-27 00:00:00+00:00, run_after=2026-05-28 00:00:00+00:00
[2026-05-28T10:20:05.095+0000] {processor.py:208} INFO - Processing /home/airflow/.local/lib/python3.12/site-packages/airflow/example_dags/tutorial.py took 0.194 seconds
[2026-05-28T10:20:42.280+0000] {processor.py:186} INFO - Started process (PID=2059) to work on /home/airflow/.local/lib/python3.12/site-packages/airflow/example_dags/tutorial.py
[2026-05-28T10:20:42.283+0000] {processor.py:914} INFO - Processing file /home/airflow/.local/lib/python3.12/site-packages/airflow/example_dags/tutorial.py for tasks to queue
[2026-05-28T10:20:42.296+0000] {logging_mixin.py:190} INFO - [2026-05-28T10:20:42.295+0000] {dagbag.py:588} INFO - Filling up the DagBag from /home/airflow/.local/lib/python3.12/site-packages/airflow/example_dags/tutorial.py
[2026-05-28T10:20:42.317+0000] {processor.py:925} INFO - DAG(s) 'tutorial' retrieved from /home/airflow/.local/lib/python3.12/site-packages/airflow/example_dags/tutorial.py
[2026-05-28T10:20:42.369+0000] {logging_mixin.py:190} INFO - [2026-05-28T10:20:42.368+0000] {dag.py:3239} INFO - Sync 1 DAGs
[2026-05-28T10:20:42.418+0000] {logging_mixin.py:190} INFO - [2026-05-28T10:20:42.417+0000] {dag.py:4180} INFO - Setting next_dagrun for tutorial to 2026-05-27 00:00:00+00:00, run_after=2026-05-28 00:00:00+00:00
[2026-05-28T10:20:42.461+0000] {processor.py:208} INFO - Processing /home/airflow/.local/lib/python3.12/site-packages/airflow/example_dags/tutorial.py took 0.202 seconds
[2026-05-28T10:21:23.761+0000] {processor.py:186} INFO - Started process (PID=2123) to work on /home/airflow/.local/lib/python3.12/site-packages/airflow/example_dags/tutorial.py
[2026-05-28T10:21:23.763+0000] {processor.py:914} INFO - Processing file /home/airflow/.local/lib/python3.12/site-packages/airflow/example_dags/tutorial.py for tasks to queue
[2026-05-28T10:21:23.767+0000] {logging_mixin.py:190} INFO - [2026-05-28T10:21:23.766+0000] {dagbag.py:588} INFO - Filling up the DagBag from /home/airflow/.local/lib/python3.12/site-packages/airflow/example_dags/tutorial.py
[2026-05-28T10:21:23.780+0000] {processor.py:925} INFO - DAG(s) 'tutorial' retrieved from /home/airflow/.local/lib/python3.12/site-packages/airflow/example_dags/tutorial.py
[2026-05-28T10:21:23.827+0000] {logging_mixin.py:190} INFO - [2026-05-28T10:21:23.827+0000] {dag.py:3239} INFO - Sync 1 DAGs
[2026-05-28T10:21:23.876+0000] {logging_mixin.py:190} INFO - [2026-05-28T10:21:23.876+0000] {dag.py:4180} INFO - Setting next_dagrun for tutorial to 2026-05-27 00:00:00+00:00, run_after=2026-05-28 00:00:00+00:00
[2026-05-28T10:21:23.920+0000] {processor.py:208} INFO - Processing /home/airflow/.local/lib/python3.12/site-packages/airflow/example_dags/tutorial.py took 0.168 seconds
[2026-05-28T10:21:59.970+0000] {processor.py:186} INFO - Started process (PID=2185) to work on /home/airflow/.local/lib/python3.12/site-packages/airflow/example_dags/tutorial.py
[2026-05-28T10:21:59.972+0000] {processor.py:914} INFO - Processing file /home/airflow/.local/lib/python3.12/site-packages/airflow/example_dags/tutorial.py for tasks to queue
[2026-05-28T10:21:59.977+0000] {logging_mixin.py:190} INFO - [2026-05-28T10:21:59.976+0000] {dagbag.py:588} INFO - Filling up the DagBag from /home/airflow/.local/lib/python3.12/site-packages/airflow/example_dags/tutorial.py
[2026-05-28T10:21:59.992+0000] {processor.py:925} INFO - DAG(s) 'tutorial' retrieved from /home/airflow/.local/lib/python3.12/site-packages/airflow/example_dags/tutorial.py
[2026-05-28T10:22:00.039+0000] {logging_mixin.py:190} INFO - [2026-05-28T10:22:00.038+0000] {dag.py:3239} INFO - Sync 1 DAGs
[2026-05-28T10:22:00.089+0000] {logging_mixin.py:190} INFO - [2026-05-28T10:22:00.089+0000] {dag.py:4180} INFO - Setting next_dagrun for tutorial to 2026-05-27 00:00:00+00:00, run_after=2026-05-28 00:00:00+00:00
[2026-05-28T10:22:00.126+0000] {processor.py:208} INFO - Processing /home/airflow/.local/lib/python3.12/site-packages/airflow/example_dags/tutorial.py took 0.166 seconds
[2026-05-28T10:22:35.920+0000] {processor.py:186} INFO - Started process (PID=2261) to work on /home/airflow/.local/lib/python3.12/site-packages/airflow/example_dags/tutorial.py
[2026-05-28T10:22:35.926+0000] {processor.py:914} INFO - Processing file /home/airflow/.local/lib/python3.12/site-packages/airflow/example_dags/tutorial.py for tasks to queue
[2026-05-28T10:22:35.933+0000] {logging_mixin.py:190} INFO - [2026-05-28T10:22:35.932+0000] {dagbag.py:588} INFO - Filling up the DagBag from /home/airflow/.local/lib/python3.12/site-packages/airflow/example_dags/tutorial.py
[2026-05-28T10:22:35.962+0000] {processor.py:925} INFO - DAG(s) 'tutorial' retrieved from /home/airflow/.local/lib/python3.12/site-packages/airflow/example_dags/tutorial.py
[2026-05-28T10:22:36.028+0000] {logging_mixin.py:190} INFO - [2026-05-28T10:22:36.027+0000] {dag.py:3239} INFO - Sync 1 DAGs
[2026-05-28T10:22:36.094+0000] {logging_mixin.py:190} INFO - [2026-05-28T10:22:36.093+0000] {dag.py:4180} INFO - Setting next_dagrun for tutorial to 2026-05-27 00:00:00+00:00, run_after=2026-05-28 00:00:00+00:00
[2026-05-28T10:22:36.147+0000] {processor.py:208} INFO - Processing /home/airflow/.local/lib/python3.12/site-packages/airflow/example_dags/tutorial.py took 0.240 seconds
[2026-05-28T10:23:08.742+0000] {processor.py:186} INFO - Started process (PID=2323) to work on /home/airflow/.local/lib/python3.12/site-packages/airflow/example_dags/tutorial.py
[2026-05-28T10:23:08.744+0000] {processor.py:914} INFO - Processing file /home/airflow/.local/lib/python3.12/site-packages/airflow/example_dags/tutorial.py for tasks to queue
[2026-05-28T10:23:08.750+0000] {logging_mixin.py:190} INFO - [2026-05-28T10:23:08.749+0000] {dagbag.py:588} INFO - Filling up the DagBag from /home/airflow/.local/lib/python3.12/site-packages/airflow/example_dags/tutorial.py
[2026-05-28T10:23:08.768+0000] {processor.py:925} INFO - DAG(s) 'tutorial' retrieved from /home/airflow/.local/lib/python3.12/site-packages/airflow/example_dags/tutorial.py
[2026-05-28T10:23:08.822+0000] {logging_mixin.py:190} INFO - [2026-05-28T10:23:08.821+0000] {dag.py:3239} INFO - Sync 1 DAGs
[2026-05-28T10:23:08.873+0000] {logging_mixin.py:190} INFO - [2026-05-28T10:23:08.872+0000] {dag.py:4180} INFO - Setting next_dagrun for tutorial to 2026-05-27 00:00:00+00:00, run_after=2026-05-28 00:00:00+00:00
[2026-05-28T10:23:08.917+0000] {processor.py:208} INFO - Processing /home/airflow/.local/lib/python3.12/site-packages/airflow/example_dags/tutorial.py took 0.185 seconds
[2026-05-28T10:23:39.453+0000] {processor.py:186} INFO - Started process (PID=2386) to work on /home/airflow/.local/lib/python3.12/site-packages/airflow/example_dags/tutorial.py
[2026-05-28T10:23:39.455+0000] {processor.py:914} INFO - Processing file /home/airflow/.local/lib/python3.12/site-packages/airflow/example_dags/tutorial.py for tasks to queue
[2026-05-28T10:23:39.461+0000] {logging_mixin.py:190} INFO - [2026-05-28T10:23:39.460+0000] {dagbag.py:588} INFO - Filling up the DagBag from /home/airflow/.local/lib/python3.12/site-packages/airflow/example_dags/tutorial.py
[2026-05-28T10:23:39.478+0000] {processor.py:925} INFO - DAG(s) 'tutorial' retrieved from /home/airflow/.local/lib/python3.12/site-packages/airflow/example_dags/tutorial.py
[2026-05-28T10:23:39.522+0000] {logging_mixin.py:190} INFO - [2026-05-28T10:23:39.522+0000] {dag.py:3239} INFO - Sync 1 DAGs
[2026-05-28T10:23:39.562+0000] {logging_mixin.py:190} INFO - [2026-05-28T10:23:39.562+0000] {dag.py:4180} INFO - Setting next_dagrun for tutorial to 2026-05-27 00:00:00+00:00, run_after=2026-05-28 00:00:00+00:00
[2026-05-28T10:23:39.608+0000] {processor.py:208} INFO - Processing /home/airflow/.local/lib/python3.12/site-packages/airflow/example_dags/tutorial.py took 0.164 seconds
[2026-05-28T10:24:16.211+0000] {processor.py:186} INFO - Started process (PID=2452) to work on /home/airflow/.local/lib/python3.12/site-packages/airflow/example_dags/tutorial.py
[2026-05-28T10:24:16.213+0000] {processor.py:914} INFO - Processing file /home/airflow/.local/lib/python3.12/site-packages/airflow/example_dags/tutorial.py for tasks to queue
[2026-05-28T10:24:16.218+0000] {logging_mixin.py:190} INFO - [2026-05-28T10:24:16.217+0000] {dagbag.py:588} INFO - Filling up the DagBag from /home/airflow/.local/lib/python3.12/site-packages/airflow/example_dags/tutorial.py
[2026-05-28T10:24:16.233+0000] {processor.py:925} INFO - DAG(s) 'tutorial' retrieved from /home/airflow/.local/lib/python3.12/site-packages/airflow/example_dags/tutorial.py
[2026-05-28T10:24:16.281+0000] {logging_mixin.py:190} INFO - [2026-05-28T10:24:16.280+0000] {dag.py:3239} INFO - Sync 1 DAGs
[2026-05-28T10:24:16.344+0000] {logging_mixin.py:190} INFO - [2026-05-28T10:24:16.343+0000] {dag.py:4180} INFO - Setting next_dagrun for tutorial to 2026-05-27 00:00:00+00:00, run_after=2026-05-28 00:00:00+00:00
[2026-05-28T10:24:16.399+0000] {processor.py:208} INFO - Processing /home/airflow/.local/lib/python3.12/site-packages/airflow/example_dags/tutorial.py took 0.200 seconds
[2026-05-28T10:24:55.350+0000] {processor.py:186} INFO - Started process (PID=2519) to work on /home/airflow/.local/lib/python3.12/site-packages/airflow/example_dags/tutorial.py
[2026-05-28T10:24:55.352+0000] {processor.py:914} INFO - Processing file /home/airflow/.local/lib/python3.12/site-packages/airflow/example_dags/tutorial.py for tasks to queue
[2026-05-28T10:24:55.359+0000] {logging_mixin.py:190} INFO - [2026-05-28T10:24:55.358+0000] {dagbag.py:588} INFO - Filling up the DagBag from /home/airflow/.local/lib/python3.12/site-packages/airflow/example_dags/tutorial.py
[2026-05-28T10:24:55.376+0000] {processor.py:925} INFO - DAG(s) 'tutorial' retrieved from /home/airflow/.local/lib/python3.12/site-packages/airflow/example_dags/tutorial.py
[2026-05-28T10:24:55.418+0000] {logging_mixin.py:190} INFO - [2026-05-28T10:24:55.418+0000] {dag.py:3239} INFO - Sync 1 DAGs
[2026-05-28T10:24:55.455+0000] {logging_mixin.py:190} INFO - [2026-05-28T10:24:55.454+0000] {dag.py:4180} INFO - Setting next_dagrun for tutorial to 2026-05-27 00:00:00+00:00, run_after=2026-05-28 00:00:00+00:00
[2026-05-28T10:24:55.498+0000] {processor.py:208} INFO - Processing /home/airflow/.local/lib/python3.12/site-packages/airflow/example_dags/tutorial.py took 0.160 seconds
[2026-05-28T10:25:34.053+0000] {processor.py:186} INFO - Started process (PID=2587) to work on /home/airflow/.local/lib/python3.12/site-packages/airflow/example_dags/tutorial.py
[2026-05-28T10:25:34.055+0000] {processor.py:914} INFO - Processing file /home/airflow/.local/lib/python3.12/site-packages/airflow/example_dags/tutorial.py for tasks to queue
[2026-05-28T10:25:34.061+0000] {logging_mixin.py:190} INFO - [2026-05-28T10:25:34.060+0000] {dagbag.py:588} INFO - Filling up the DagBag from /home/airflow/.local/lib/python3.12/site-packages/airflow/example_dags/tutorial.py
[2026-05-28T10:25:34.079+0000] {processor.py:925} INFO - DAG(s) 'tutorial' retrieved from /home/airflow/.local/lib/python3.12/site-packages/airflow/example_dags/tutorial.py
[2026-05-28T10:25:34.124+0000] {logging_mixin.py:190} INFO - [2026-05-28T10:25:34.124+0000] {dag.py:3239} INFO - Sync 1 DAGs
[2026-05-28T10:25:34.168+0000] {logging_mixin.py:190} INFO - [2026-05-28T10:25:34.168+0000] {dag.py:4180} INFO - Setting next_dagrun for tutorial to 2026-05-27 00:00:00+00:00, run_after=2026-05-28 00:00:00+00:00
[2026-05-28T10:25:34.216+0000] {processor.py:208} INFO - Processing /home/airflow/.local/lib/python3.12/site-packages/airflow/example_dags/tutorial.py took 0.175 seconds
[2026-05-28T10:26:16.884+0000] {processor.py:186} INFO - Started process (PID=2663) to work on /home/airflow/.local/lib/python3.12/site-packages/airflow/example_dags/tutorial.py
[2026-05-28T10:26:16.887+0000] {processor.py:914} INFO - Processing file /home/airflow/.local/lib/python3.12/site-packages/airflow/example_dags/tutorial.py for tasks to queue
[2026-05-28T10:26:16.896+0000] {logging_mixin.py:190} INFO - [2026-05-28T10:26:16.895+0000] {dagbag.py:588} INFO - Filling up the DagBag from /home/airflow/.local/lib/python3.12/site-packages/airflow/example_dags/tutorial.py
[2026-05-28T10:26:16.913+0000] {processor.py:925} INFO - DAG(s) 'tutorial' retrieved from /home/airflow/.local/lib/python3.12/site-packages/airflow/example_dags/tutorial.py
[2026-05-28T10:26:16.965+0000] {logging_mixin.py:190} INFO - [2026-05-28T10:26:16.964+0000] {dag.py:3239} INFO - Sync 1 DAGs
[2026-05-28T10:26:17.018+0000] {logging_mixin.py:190} INFO - [2026-05-28T10:26:17.018+0000] {dag.py:4180} INFO - Setting next_dagrun for tutorial to 2026-05-27 00:00:00+00:00, run_after=2026-05-28 00:00:00+00:00
[2026-05-28T10:26:17.062+0000] {processor.py:208} INFO - Processing /home/airflow/.local/lib/python3.12/site-packages/airflow/example_dags/tutorial.py took 0.193 seconds
[2026-05-28T10:26:55.346+0000] {processor.py:186} INFO - Started process (PID=2732) to work on /home/airflow/.local/lib/python3.12/site-packages/airflow/example_dags/tutorial.py
[2026-05-28T10:26:55.348+0000] {processor.py:914} INFO - Processing file /home/airflow/.local/lib/python3.12/site-packages/airflow/example_dags/tutorial.py for tasks to queue
[2026-05-28T10:26:55.357+0000] {logging_mixin.py:190} INFO - [2026-05-28T10:26:55.356+0000] {dagbag.py:588} INFO - Filling up the DagBag from /home/airflow/.local/lib/python3.12/site-packages/airflow/example_dags/tutorial.py
[2026-05-28T10:26:55.382+0000] {processor.py:925} INFO - DAG(s) 'tutorial' retrieved from /home/airflow/.local/lib/python3.12/site-packages/airflow/example_dags/tutorial.py
[2026-05-28T10:26:55.467+0000] {logging_mixin.py:190} INFO - [2026-05-28T10:26:55.466+0000] {dag.py:3239} INFO - Sync 1 DAGs
[2026-05-28T10:26:55.540+0000] {logging_mixin.py:190} INFO - [2026-05-28T10:26:55.539+0000] {dag.py:4180} INFO - Setting next_dagrun for tutorial to 2026-05-27 00:00:00+00:00, run_after=2026-05-28 00:00:00+00:00
[2026-05-28T10:26:55.608+0000] {processor.py:208} INFO - Processing /home/airflow/.local/lib/python3.12/site-packages/airflow/example_dags/tutorial.py took 0.278 seconds
[2026-05-28T10:27:28.140+0000] {processor.py:186} INFO - Started process (PID=2799) to work on /home/airflow/.local/lib/python3.12/site-packages/airflow/example_dags/tutorial.py
[2026-05-28T10:27:28.142+0000] {processor.py:914} INFO - Processing file /home/airflow/.local/lib/python3.12/site-packages/airflow/example_dags/tutorial.py for tasks to queue
[2026-05-28T10:27:28.148+0000] {logging_mixin.py:190} INFO - [2026-05-28T10:27:28.148+0000] {dagbag.py:588} INFO - Filling up the DagBag from /home/airflow/.local/lib/python3.12/site-packages/airflow/example_dags/tutorial.py
[2026-05-28T10:27:28.166+0000] {processor.py:925} INFO - DAG(s) 'tutorial' retrieved from /home/airflow/.local/lib/python3.12/site-packages/airflow/example_dags/tutorial.py
[2026-05-28T10:27:28.219+0000] {logging_mixin.py:190} INFO - [2026-05-28T10:27:28.218+0000] {dag.py:3239} INFO - Sync 1 DAGs
[2026-05-28T10:27:28.273+0000] {logging_mixin.py:190} INFO - [2026-05-28T10:27:28.273+0000] {dag.py:4180} INFO - Setting next_dagrun for tutorial to 2026-05-27 00:00:00+00:00, run_after=2026-05-28 00:00:00+00:00
[2026-05-28T10:27:28.314+0000] {processor.py:208} INFO - Processing /home/airflow/.local/lib/python3.12/site-packages/airflow/example_dags/tutorial.py took 0.187 seconds
[2026-05-28T10:28:04.295+0000] {processor.py:186} INFO - Started process (PID=2872) to work on /home/airflow/.local/lib/python3.12/site-packages/airflow/example_dags/tutorial.py
[2026-05-28T10:28:04.297+0000] {processor.py:914} INFO - Processing file /home/airflow/.local/lib/python3.12/site-packages/airflow/example_dags/tutorial.py for tasks to queue
[2026-05-28T10:28:04.303+0000] {logging_mixin.py:190} INFO - [2026-05-28T10:28:04.302+0000] {dagbag.py:588} INFO - Filling up the DagBag from /home/airflow/.local/lib/python3.12/site-packages/airflow/example_dags/tutorial.py
[2026-05-28T10:28:04.320+0000] {processor.py:925} INFO - DAG(s) 'tutorial' retrieved from /home/airflow/.local/lib/python3.12/site-packages/airflow/example_dags/tutorial.py
[2026-05-28T10:28:04.377+0000] {logging_mixin.py:190} INFO - [2026-05-28T10:28:04.376+0000] {dag.py:3239} INFO - Sync 1 DAGs
[2026-05-28T10:28:04.446+0000] {logging_mixin.py:190} INFO - [2026-05-28T10:28:04.446+0000] {dag.py:4180} INFO - Setting next_dagrun for tutorial to 2026-05-27 00:00:00+00:00, run_after=2026-05-28 00:00:00+00:00
[2026-05-28T10:28:04.518+0000] {processor.py:208} INFO - Processing /home/airflow/.local/lib/python3.12/site-packages/airflow/example_dags/tutorial.py took 0.238 seconds
[2026-05-28T10:28:37.420+0000] {processor.py:186} INFO - Started process (PID=2934) to work on /home/airflow/.local/lib/python3.12/site-packages/airflow/example_dags/tutorial.py
[2026-05-28T10:28:37.422+0000] {processor.py:914} INFO - Processing file /home/airflow/.local/lib/python3.12/site-packages/airflow/example_dags/tutorial.py for tasks to queue
[2026-05-28T10:28:37.428+0000] {logging_mixin.py:190} INFO - [2026-05-28T10:28:37.427+0000] {dagbag.py:588} INFO - Filling up the DagBag from /home/airflow/.local/lib/python3.12/site-packages/airflow/example_dags/tutorial.py
[2026-05-28T10:28:37.443+0000] {processor.py:925} INFO - DAG(s) 'tutorial' retrieved from /home/airflow/.local/lib/python3.12/site-packages/airflow/example_dags/tutorial.py
[2026-05-28T10:28:37.485+0000] {logging_mixin.py:190} INFO - [2026-05-28T10:28:37.485+0000] {dag.py:3239} INFO - Sync 1 DAGs
[2026-05-28T10:28:37.527+0000] {logging_mixin.py:190} INFO - [2026-05-28T10:28:37.526+0000] {dag.py:4180} INFO - Setting next_dagrun for tutorial to 2026-05-27 00:00:00+00:00, run_after=2026-05-28 00:00:00+00:00
[2026-05-28T10:28:37.563+0000] {processor.py:208} INFO - Processing /home/airflow/.local/lib/python3.12/site-packages/airflow/example_dags/tutorial.py took 0.153 seconds
[2026-05-28T10:29:20.621+0000] {processor.py:186} INFO - Started process (PID=2996) to work on /home/airflow/.local/lib/python3.12/site-packages/airflow/example_dags/tutorial.py
[2026-05-28T10:29:20.623+0000] {processor.py:914} INFO - Processing file /home/airflow/.local/lib/python3.12/site-packages/airflow/example_dags/tutorial.py for tasks to queue
[2026-05-28T10:29:20.628+0000] {logging_mixin.py:190} INFO - [2026-05-28T10:29:20.627+0000] {dagbag.py:588} INFO - Filling up the DagBag from /home/airflow/.local/lib/python3.12/site-packages/airflow/example_dags/tutorial.py
[2026-05-28T10:29:20.646+0000] {processor.py:925} INFO - DAG(s) 'tutorial' retrieved from /home/airflow/.local/lib/python3.12/site-packages/airflow/example_dags/tutorial.py
[2026-05-28T10:29:20.695+0000] {logging_mixin.py:190} INFO - [2026-05-28T10:29:20.694+0000] {dag.py:3239} INFO - Sync 1 DAGs
[2026-05-28T10:29:20.777+0000] {logging_mixin.py:190} INFO - [2026-05-28T10:29:20.777+0000] {dag.py:4180} INFO - Setting next_dagrun for tutorial to 2026-05-27 00:00:00+00:00, run_after=2026-05-28 00:00:00+00:00
[2026-05-28T10:29:20.829+0000] {processor.py:208} INFO - Processing /home/airflow/.local/lib/python3.12/site-packages/airflow/example_dags/tutorial.py took 0.219 seconds
[2026-05-28T10:30:09.751+0000] {processor.py:186} INFO - Started process (PID=3081) to work on /home/airflow/.local/lib/python3.12/site-packages/airflow/example_dags/tutorial.py
[2026-05-28T10:30:09.754+0000] {processor.py:914} INFO - Processing file /home/airflow/.local/lib/python3.12/site-packages/airflow/example_dags/tutorial.py for tasks to queue
[2026-05-28T10:30:09.760+0000] {logging_mixin.py:190} INFO - [2026-05-28T10:30:09.759+0000] {dagbag.py:588} INFO - Filling up the DagBag from /home/airflow/.local/lib/python3.12/site-packages/airflow/example_dags/tutorial.py
[2026-05-28T10:30:09.779+0000] {processor.py:925} INFO - DAG(s) 'tutorial' retrieved from /home/airflow/.local/lib/python3.12/site-packages/airflow/example_dags/tutorial.py
[2026-05-28T10:30:09.826+0000] {logging_mixin.py:190} INFO - [2026-05-28T10:30:09.825+0000] {dag.py:3239} INFO - Sync 1 DAGs
[2026-05-28T10:30:09.868+0000] {logging_mixin.py:190} INFO - [2026-05-28T10:30:09.868+0000] {dag.py:4180} INFO - Setting next_dagrun for tutorial to 2026-05-27 00:00:00+00:00, run_after=2026-05-28 00:00:00+00:00
[2026-05-28T10:30:09.919+0000] {processor.py:208} INFO - Processing /home/airflow/.local/lib/python3.12/site-packages/airflow/example_dags/tutorial.py took 0.179 seconds
[2026-05-28T10:30:45.562+0000] {processor.py:186} INFO - Started process (PID=3148) to work on /home/airflow/.local/lib/python3.12/site-packages/airflow/example_dags/tutorial.py
[2026-05-28T10:30:45.564+0000] {processor.py:914} INFO - Processing file /home/airflow/.local/lib/python3.12/site-packages/airflow/example_dags/tutorial.py for tasks to queue
[2026-05-28T10:30:45.570+0000] {logging_mixin.py:190} INFO - [2026-05-28T10:30:45.569+0000] {dagbag.py:588} INFO - Filling up the DagBag from /home/airflow/.local/lib/python3.12/site-packages/airflow/example_dags/tutorial.py
[2026-05-28T10:30:45.588+0000] {processor.py:925} INFO - DAG(s) 'tutorial' retrieved from /home/airflow/.local/lib/python3.12/site-packages/airflow/example_dags/tutorial.py
[2026-05-28T10:30:45.644+0000] {logging_mixin.py:190} INFO - [2026-05-28T10:30:45.644+0000] {dag.py:3239} INFO - Sync 1 DAGs
[2026-05-28T10:30:45.689+0000] {logging_mixin.py:190} INFO - [2026-05-28T10:30:45.689+0000] {dag.py:4180} INFO - Setting next_dagrun for tutorial to 2026-05-27 00:00:00+00:00, run_after=2026-05-28 00:00:00+00:00
[2026-05-28T10:30:45.729+0000] {processor.py:208} INFO - Processing /home/airflow/.local/lib/python3.12/site-packages/airflow/example_dags/tutorial.py took 0.178 seconds
[2026-05-28T10:31:21.102+0000] {processor.py:186} INFO - Started process (PID=3216) to work on /home/airflow/.local/lib/python3.12/site-packages/airflow/example_dags/tutorial.py
[2026-05-28T10:31:21.106+0000] {processor.py:914} INFO - Processing file /home/airflow/.local/lib/python3.12/site-packages/airflow/example_dags/tutorial.py for tasks to queue
[2026-05-28T10:31:21.111+0000] {logging_mixin.py:190} INFO - [2026-05-28T10:31:21.111+0000] {dagbag.py:588} INFO - Filling up the DagBag from /home/airflow/.local/lib/python3.12/site-packages/airflow/example_dags/tutorial.py
[2026-05-28T10:31:21.128+0000] {processor.py:925} INFO - DAG(s) 'tutorial' retrieved from /home/airflow/.local/lib/python3.12/site-packages/airflow/example_dags/tutorial.py
[2026-05-28T10:31:21.186+0000] {logging_mixin.py:190} INFO - [2026-05-28T10:31:21.186+0000] {dag.py:3239} INFO - Sync 1 DAGs
[2026-05-28T10:31:21.239+0000] {logging_mixin.py:190} INFO - [2026-05-28T10:31:21.238+0000] {dag.py:4180} INFO - Setting next_dagrun for tutorial to 2026-05-27 00:00:00+00:00, run_after=2026-05-28 00:00:00+00:00
[2026-05-28T10:31:21.278+0000] {processor.py:208} INFO - Processing /home/airflow/.local/lib/python3.12/site-packages/airflow/example_dags/tutorial.py took 0.187 seconds
[2026-05-28T10:31:55.972+0000] {processor.py:186} INFO - Started process (PID=3278) to work on /home/airflow/.local/lib/python3.12/site-packages/airflow/example_dags/tutorial.py
[2026-05-28T10:31:55.974+0000] {processor.py:914} INFO - Processing file /home/airflow/.local/lib/python3.12/site-packages/airflow/example_dags/tutorial.py for tasks to queue
[2026-05-28T10:31:55.980+0000] {logging_mixin.py:190} INFO - [2026-05-28T10:31:55.979+0000] {dagbag.py:588} INFO - Filling up the DagBag from /home/airflow/.local/lib/python3.12/site-packages/airflow/example_dags/tutorial.py
[2026-05-28T10:31:55.995+0000] {processor.py:925} INFO - DAG(s) 'tutorial' retrieved from /home/airflow/.local/lib/python3.12/site-packages/airflow/example_dags/tutorial.py
[2026-05-28T10:31:56.038+0000] {logging_mixin.py:190} INFO - [2026-05-28T10:31:56.037+0000] {dag.py:3239} INFO - Sync 1 DAGs
[2026-05-28T10:31:56.074+0000] {logging_mixin.py:190} INFO - [2026-05-28T10:31:56.074+0000] {dag.py:4180} INFO - Setting next_dagrun for tutorial to 2026-05-27 00:00:00+00:00, run_after=2026-05-28 00:00:00+00:00
[2026-05-28T10:31:56.114+0000] {processor.py:208} INFO - Processing /home/airflow/.local/lib/python3.12/site-packages/airflow/example_dags/tutorial.py took 0.151 seconds
[2026-05-28T10:32:33.529+0000] {processor.py:186} INFO - Started process (PID=3340) to work on /home/airflow/.local/lib/python3.12/site-packages/airflow/example_dags/tutorial.py
[2026-05-28T10:32:33.531+0000] {processor.py:914} INFO - Processing file /home/airflow/.local/lib/python3.12/site-packages/airflow/example_dags/tutorial.py for tasks to queue
[2026-05-28T10:32:33.535+0000] {logging_mixin.py:190} INFO - [2026-05-28T10:32:33.534+0000] {dagbag.py:588} INFO - Filling up the DagBag from /home/airflow/.local/lib/python3.12/site-packages/airflow/example_dags/tutorial.py
[2026-05-28T10:32:33.554+0000] {processor.py:925} INFO - DAG(s) 'tutorial' retrieved from /home/airflow/.local/lib/python3.12/site-packages/airflow/example_dags/tutorial.py
[2026-05-28T10:32:33.608+0000] {logging_mixin.py:190} INFO - [2026-05-28T10:32:33.607+0000] {dag.py:3239} INFO - Sync 1 DAGs
[2026-05-28T10:32:33.647+0000] {logging_mixin.py:190} INFO - [2026-05-28T10:32:33.647+0000] {dag.py:4180} INFO - Setting next_dagrun for tutorial to 2026-05-27 00:00:00+00:00, run_after=2026-05-28 00:00:00+00:00
[2026-05-28T10:32:33.683+0000] {processor.py:208} INFO - Processing /home/airflow/.local/lib/python3.12/site-packages/airflow/example_dags/tutorial.py took 0.163 seconds
[2026-05-28T10:33:14.295+0000] {processor.py:186} INFO - Started process (PID=3416) to work on /home/airflow/.local/lib/python3.12/site-packages/airflow/example_dags/tutorial.py
[2026-05-28T10:33:14.299+0000] {processor.py:914} INFO - Processing file /home/airflow/.local/lib/python3.12/site-packages/airflow/example_dags/tutorial.py for tasks to queue
[2026-05-28T10:33:14.305+0000] {logging_mixin.py:190} INFO - [2026-05-28T10:33:14.304+0000] {dagbag.py:588} INFO - Filling up the DagBag from /home/airflow/.local/lib/python3.12/site-packages/airflow/example_dags/tutorial.py
[2026-05-28T10:33:14.323+0000] {processor.py:925} INFO - DAG(s) 'tutorial' retrieved from /home/airflow/.local/lib/python3.12/site-packages/airflow/example_dags/tutorial.py
[2026-05-28T10:33:14.380+0000] {logging_mixin.py:190} INFO - [2026-05-28T10:33:14.379+0000] {dag.py:3239} INFO - Sync 1 DAGs
[2026-05-28T10:33:14.486+0000] {logging_mixin.py:190} INFO - [2026-05-28T10:33:14.485+0000] {dag.py:4180} INFO - Setting next_dagrun for tutorial to 2026-05-27 00:00:00+00:00, run_after=2026-05-28 00:00:00+00:00
[2026-05-28T10:33:14.569+0000] {processor.py:208} INFO - Processing /home/airflow/.local/lib/python3.12/site-packages/airflow/example_dags/tutorial.py took 0.284 seconds
[2026-05-28T10:34:10.378+0000] {processor.py:186} INFO - Started process (PID=3485) to work on /home/airflow/.local/lib/python3.12/site-packages/airflow/example_dags/tutorial.py
[2026-05-28T10:34:10.380+0000] {processor.py:914} INFO - Processing file /home/airflow/.local/lib/python3.12/site-packages/airflow/example_dags/tutorial.py for tasks to queue
[2026-05-28T10:34:10.387+0000] {logging_mixin.py:190} INFO - [2026-05-28T10:34:10.386+0000] {dagbag.py:588} INFO - Filling up the DagBag from /home/airflow/.local/lib/python3.12/site-packages/airflow/example_dags/tutorial.py
[2026-05-28T10:34:10.408+0000] {processor.py:925} INFO - DAG(s) 'tutorial' retrieved from /home/airflow/.local/lib/python3.12/site-packages/airflow/example_dags/tutorial.py
[2026-05-28T10:34:10.458+0000] {logging_mixin.py:190} INFO - [2026-05-28T10:34:10.457+0000] {dag.py:3239} INFO - Sync 1 DAGs
[2026-05-28T10:34:10.495+0000] {logging_mixin.py:190} INFO - [2026-05-28T10:34:10.494+0000] {dag.py:4180} INFO - Setting next_dagrun for tutorial to 2026-05-27 00:00:00+00:00, run_after=2026-05-28 00:00:00+00:00
[2026-05-28T10:34:10.529+0000] {processor.py:208} INFO - Processing /home/airflow/.local/lib/python3.12/site-packages/airflow/example_dags/tutorial.py took 0.162 seconds
[2026-05-28T10:34:56.996+0000] {processor.py:186} INFO - Started process (PID=3556) to work on /home/airflow/.local/lib/python3.12/site-packages/airflow/example_dags/tutorial.py
[2026-05-28T10:34:56.998+0000] {processor.py:914} INFO - Processing file /home/airflow/.local/lib/python3.12/site-packages/airflow/example_dags/tutorial.py for tasks to queue
[2026-05-28T10:34:57.006+0000] {logging_mixin.py:190} INFO - [2026-05-28T10:34:57.005+0000] {dagbag.py:588} INFO - Filling up the DagBag from /home/airflow/.local/lib/python3.12/site-packages/airflow/example_dags/tutorial.py
[2026-05-28T10:34:57.031+0000] {processor.py:925} INFO - DAG(s) 'tutorial' retrieved from /home/airflow/.local/lib/python3.12/site-packages/airflow/example_dags/tutorial.py
[2026-05-28T10:34:57.109+0000] {logging_mixin.py:190} INFO - [2026-05-28T10:34:57.108+0000] {dag.py:3239} INFO - Sync 1 DAGs
[2026-05-28T10:34:57.161+0000] {logging_mixin.py:190} INFO - [2026-05-28T10:34:57.161+0000] {dag.py:4180} INFO - Setting next_dagrun for tutorial to 2026-05-27 00:00:00+00:00, run_after=2026-05-28 00:00:00+00:00
[2026-05-28T10:34:57.226+0000] {processor.py:208} INFO - Processing /home/airflow/.local/lib/python3.12/site-packages/airflow/example_dags/tutorial.py took 0.241 seconds
[2026-05-28T10:35:38.955+0000] {processor.py:186} INFO - Started process (PID=3626) to work on /home/airflow/.local/lib/python3.12/site-packages/airflow/example_dags/tutorial.py
[2026-05-28T10:35:38.957+0000] {processor.py:914} INFO - Processing file /home/airflow/.local/lib/python3.12/site-packages/airflow/example_dags/tutorial.py for tasks to queue
[2026-05-28T10:35:38.963+0000] {logging_mixin.py:190} INFO - [2026-05-28T10:35:38.962+0000] {dagbag.py:588} INFO - Filling up the DagBag from /home/airflow/.local/lib/python3.12/site-packages/airflow/example_dags/tutorial.py
[2026-05-28T10:35:38.980+0000] {processor.py:925} INFO - DAG(s) 'tutorial' retrieved from /home/airflow/.local/lib/python3.12/site-packages/airflow/example_dags/tutorial.py
[2026-05-28T10:35:39.027+0000] {logging_mixin.py:190} INFO - [2026-05-28T10:35:39.027+0000] {dag.py:3239} INFO - Sync 1 DAGs
[2026-05-28T10:35:39.078+0000] {logging_mixin.py:190} INFO - [2026-05-28T10:35:39.078+0000] {dag.py:4180} INFO - Setting next_dagrun for tutorial to 2026-05-27 00:00:00+00:00, run_after=2026-05-28 00:00:00+00:00
[2026-05-28T10:35:39.115+0000] {processor.py:208} INFO - Processing /home/airflow/.local/lib/python3.12/site-packages/airflow/example_dags/tutorial.py took 0.173 seconds
[2026-05-28T10:36:20.996+0000] {processor.py:186} INFO - Started process (PID=3689) to work on /home/airflow/.local/lib/python3.12/site-packages/airflow/example_dags/tutorial.py
[2026-05-28T10:36:20.998+0000] {processor.py:914} INFO - Processing file /home/airflow/.local/lib/python3.12/site-packages/airflow/example_dags/tutorial.py for tasks to queue
[2026-05-28T10:36:21.003+0000] {logging_mixin.py:190} INFO - [2026-05-28T10:36:21.003+0000] {dagbag.py:588} INFO - Filling up the DagBag from /home/airflow/.local/lib/python3.12/site-packages/airflow/example_dags/tutorial.py
[2026-05-28T10:36:21.019+0000] {processor.py:925} INFO - DAG(s) 'tutorial' retrieved from /home/airflow/.local/lib/python3.12/site-packages/airflow/example_dags/tutorial.py
[2026-05-28T10:36:21.067+0000] {logging_mixin.py:190} INFO - [2026-05-28T10:36:21.066+0000] {dag.py:3239} INFO - Sync 1 DAGs
[2026-05-28T10:36:21.113+0000] {logging_mixin.py:190} INFO - [2026-05-28T10:36:21.112+0000] {dag.py:4180} INFO - Setting next_dagrun for tutorial to 2026-05-27 00:00:00+00:00, run_after=2026-05-28 00:00:00+00:00
[2026-05-28T10:36:21.149+0000] {processor.py:208} INFO - Processing /home/airflow/.local/lib/python3.12/site-packages/airflow/example_dags/tutorial.py took 0.164 seconds
[2026-05-28T10:39:48.050+0000] {processor.py:186} INFO - Started process (PID=131) to work on /home/airflow/.local/lib/python3.12/site-packages/airflow/example_dags/tutorial.py
[2026-05-28T10:39:48.053+0000] {processor.py:914} INFO - Processing file /home/airflow/.local/lib/python3.12/site-packages/airflow/example_dags/tutorial.py for tasks to queue
[2026-05-28T10:39:48.062+0000] {logging_mixin.py:190} INFO - [2026-05-28T10:39:48.061+0000] {dagbag.py:588} INFO - Filling up the DagBag from /home/airflow/.local/lib/python3.12/site-packages/airflow/example_dags/tutorial.py
[2026-05-28T10:39:48.081+0000] {processor.py:925} INFO - DAG(s) 'tutorial' retrieved from /home/airflow/.local/lib/python3.12/site-packages/airflow/example_dags/tutorial.py
[2026-05-28T10:39:48.300+0000] {logging_mixin.py:190} INFO - [2026-05-28T10:39:48.300+0000] {dag.py:3239} INFO - Sync 1 DAGs
[2026-05-28T10:39:48.341+0000] {logging_mixin.py:190} INFO - [2026-05-28T10:39:48.341+0000] {dag.py:4180} INFO - Setting next_dagrun for tutorial to 2026-05-27 00:00:00+00:00, run_after=2026-05-28 00:00:00+00:00
[2026-05-28T10:39:48.380+0000] {processor.py:208} INFO - Processing /home/airflow/.local/lib/python3.12/site-packages/airflow/example_dags/tutorial.py took 0.341 seconds
[2026-05-28T10:40:31.160+0000] {processor.py:186} INFO - Started process (PID=223) to work on /home/airflow/.local/lib/python3.12/site-packages/airflow/example_dags/tutorial.py
[2026-05-28T10:40:31.164+0000] {processor.py:914} INFO - Processing file /home/airflow/.local/lib/python3.12/site-packages/airflow/example_dags/tutorial.py for tasks to queue
[2026-05-28T10:40:31.173+0000] {logging_mixin.py:190} INFO - [2026-05-28T10:40:31.172+0000] {dagbag.py:588} INFO - Filling up the DagBag from /home/airflow/.local/lib/python3.12/site-packages/airflow/example_dags/tutorial.py
[2026-05-28T10:40:31.200+0000] {processor.py:925} INFO - DAG(s) 'tutorial' retrieved from /home/airflow/.local/lib/python3.12/site-packages/airflow/example_dags/tutorial.py
[2026-05-28T10:40:31.269+0000] {logging_mixin.py:190} INFO - [2026-05-28T10:40:31.268+0000] {dag.py:3239} INFO - Sync 1 DAGs
[2026-05-28T10:40:31.335+0000] {logging_mixin.py:190} INFO - [2026-05-28T10:40:31.333+0000] {dag.py:4180} INFO - Setting next_dagrun for tutorial to 2026-05-27 00:00:00+00:00, run_after=2026-05-28 00:00:00+00:00
[2026-05-28T10:40:31.382+0000] {processor.py:208} INFO - Processing /home/airflow/.local/lib/python3.12/site-packages/airflow/example_dags/tutorial.py took 0.238 seconds
[2026-05-28T10:41:12.072+0000] {processor.py:186} INFO - Started process (PID=286) to work on /home/airflow/.local/lib/python3.12/site-packages/airflow/example_dags/tutorial.py
[2026-05-28T10:41:12.074+0000] {processor.py:914} INFO - Processing file /home/airflow/.local/lib/python3.12/site-packages/airflow/example_dags/tutorial.py for tasks to queue
[2026-05-28T10:41:12.080+0000] {logging_mixin.py:190} INFO - [2026-05-28T10:41:12.079+0000] {dagbag.py:588} INFO - Filling up the DagBag from /home/airflow/.local/lib/python3.12/site-packages/airflow/example_dags/tutorial.py
[2026-05-28T10:41:12.111+0000] {processor.py:925} INFO - DAG(s) 'tutorial' retrieved from /home/airflow/.local/lib/python3.12/site-packages/airflow/example_dags/tutorial.py
[2026-05-28T10:41:12.200+0000] {logging_mixin.py:190} INFO - [2026-05-28T10:41:12.200+0000] {dag.py:3239} INFO - Sync 1 DAGs
[2026-05-28T10:41:12.247+0000] {logging_mixin.py:190} INFO - [2026-05-28T10:41:12.246+0000] {dag.py:4180} INFO - Setting next_dagrun for tutorial to 2026-05-27 00:00:00+00:00, run_after=2026-05-28 00:00:00+00:00
[2026-05-28T10:41:12.288+0000] {processor.py:208} INFO - Processing /home/airflow/.local/lib/python3.12/site-packages/airflow/example_dags/tutorial.py took 0.225 seconds
[2026-05-28T10:41:44.129+0000] {processor.py:186} INFO - Started process (PID=349) to work on /home/airflow/.local/lib/python3.12/site-packages/airflow/example_dags/tutorial.py
[2026-05-28T10:41:44.132+0000] {processor.py:914} INFO - Processing file /home/airflow/.local/lib/python3.12/site-packages/airflow/example_dags/tutorial.py for tasks to queue
[2026-05-28T10:41:44.139+0000] {logging_mixin.py:190} INFO - [2026-05-28T10:41:44.138+0000] {dagbag.py:588} INFO - Filling up the DagBag from /home/airflow/.local/lib/python3.12/site-packages/airflow/example_dags/tutorial.py
[2026-05-28T10:41:44.162+0000] {processor.py:925} INFO - DAG(s) 'tutorial' retrieved from /home/airflow/.local/lib/python3.12/site-packages/airflow/example_dags/tutorial.py
[2026-05-28T10:41:44.232+0000] {logging_mixin.py:190} INFO - [2026-05-28T10:41:44.232+0000] {dag.py:3239} INFO - Sync 1 DAGs
[2026-05-28T10:41:44.313+0000] {logging_mixin.py:190} INFO - [2026-05-28T10:41:44.313+0000] {dag.py:4180} INFO - Setting next_dagrun for tutorial to 2026-05-27 00:00:00+00:00, run_after=2026-05-28 00:00:00+00:00
[2026-05-28T10:41:44.367+0000] {processor.py:208} INFO - Processing /home/airflow/.local/lib/python3.12/site-packages/airflow/example_dags/tutorial.py took 0.253 seconds
[2026-05-28T10:42:18.314+0000] {processor.py:186} INFO - Started process (PID=413) to work on /home/airflow/.local/lib/python3.12/site-packages/airflow/example_dags/tutorial.py
[2026-05-28T10:42:18.316+0000] {processor.py:914} INFO - Processing file /home/airflow/.local/lib/python3.12/site-packages/airflow/example_dags/tutorial.py for tasks to queue
[2026-05-28T10:42:18.320+0000] {logging_mixin.py:190} INFO - [2026-05-28T10:42:18.319+0000] {dagbag.py:588} INFO - Filling up the DagBag from /home/airflow/.local/lib/python3.12/site-packages/airflow/example_dags/tutorial.py
[2026-05-28T10:42:18.332+0000] {processor.py:925} INFO - DAG(s) 'tutorial' retrieved from /home/airflow/.local/lib/python3.12/site-packages/airflow/example_dags/tutorial.py
[2026-05-28T10:42:18.369+0000] {logging_mixin.py:190} INFO - [2026-05-28T10:42:18.369+0000] {dag.py:3239} INFO - Sync 1 DAGs
[2026-05-28T10:42:18.400+0000] {logging_mixin.py:190} INFO - [2026-05-28T10:42:18.400+0000] {dag.py:4180} INFO - Setting next_dagrun for tutorial to 2026-05-27 00:00:00+00:00, run_after=2026-05-28 00:00:00+00:00
[2026-05-28T10:42:18.441+0000] {processor.py:208} INFO - Processing /home/airflow/.local/lib/python3.12/site-packages/airflow/example_dags/tutorial.py took 0.134 seconds
[2026-05-28T10:42:52.747+0000] {processor.py:186} INFO - Started process (PID=483) to work on /home/airflow/.local/lib/python3.12/site-packages/airflow/example_dags/tutorial.py
[2026-05-28T10:42:52.749+0000] {processor.py:914} INFO - Processing file /home/airflow/.local/lib/python3.12/site-packages/airflow/example_dags/tutorial.py for tasks to queue
[2026-05-28T10:42:52.754+0000] {logging_mixin.py:190} INFO - [2026-05-28T10:42:52.753+0000] {dagbag.py:588} INFO - Filling up the DagBag from /home/airflow/.local/lib/python3.12/site-packages/airflow/example_dags/tutorial.py
[2026-05-28T10:42:52.774+0000] {processor.py:925} INFO - DAG(s) 'tutorial' retrieved from /home/airflow/.local/lib/python3.12/site-packages/airflow/example_dags/tutorial.py
[2026-05-28T10:42:52.830+0000] {logging_mixin.py:190} INFO - [2026-05-28T10:42:52.830+0000] {dag.py:3239} INFO - Sync 1 DAGs
[2026-05-28T10:42:52.884+0000] {logging_mixin.py:190} INFO - [2026-05-28T10:42:52.883+0000] {dag.py:4180} INFO - Setting next_dagrun for tutorial to 2026-05-27 00:00:00+00:00, run_after=2026-05-28 00:00:00+00:00
[2026-05-28T10:42:52.934+0000] {processor.py:208} INFO - Processing /home/airflow/.local/lib/python3.12/site-packages/airflow/example_dags/tutorial.py took 0.202 seconds
[2026-05-28T10:43:29.946+0000] {processor.py:186} INFO - Started process (PID=549) to work on /home/airflow/.local/lib/python3.12/site-packages/airflow/example_dags/tutorial.py
[2026-05-28T10:43:29.949+0000] {processor.py:914} INFO - Processing file /home/airflow/.local/lib/python3.12/site-packages/airflow/example_dags/tutorial.py for tasks to queue
[2026-05-28T10:43:29.954+0000] {logging_mixin.py:190} INFO - [2026-05-28T10:43:29.954+0000] {dagbag.py:588} INFO - Filling up the DagBag from /home/airflow/.local/lib/python3.12/site-packages/airflow/example_dags/tutorial.py
[2026-05-28T10:43:29.970+0000] {processor.py:925} INFO - DAG(s) 'tutorial' retrieved from /home/airflow/.local/lib/python3.12/site-packages/airflow/example_dags/tutorial.py
[2026-05-28T10:43:30.017+0000] {logging_mixin.py:190} INFO - [2026-05-28T10:43:30.016+0000] {dag.py:3239} INFO - Sync 1 DAGs
[2026-05-28T10:43:30.070+0000] {logging_mixin.py:190} INFO - [2026-05-28T10:43:30.069+0000] {dag.py:4180} INFO - Setting next_dagrun for tutorial to 2026-05-27 00:00:00+00:00, run_after=2026-05-28 00:00:00+00:00
[2026-05-28T10:43:30.125+0000] {processor.py:208} INFO - Processing /home/airflow/.local/lib/python3.12/site-packages/airflow/example_dags/tutorial.py took 0.189 seconds
[2026-05-28T10:44:06.522+0000] {processor.py:186} INFO - Started process (PID=613) to work on /home/airflow/.local/lib/python3.12/site-packages/airflow/example_dags/tutorial.py
[2026-05-28T10:44:06.524+0000] {processor.py:914} INFO - Processing file /home/airflow/.local/lib/python3.12/site-packages/airflow/example_dags/tutorial.py for tasks to queue
[2026-05-28T10:44:06.529+0000] {logging_mixin.py:190} INFO - [2026-05-28T10:44:06.527+0000] {dagbag.py:588} INFO - Filling up the DagBag from /home/airflow/.local/lib/python3.12/site-packages/airflow/example_dags/tutorial.py
[2026-05-28T10:44:06.541+0000] {processor.py:925} INFO - DAG(s) 'tutorial' retrieved from /home/airflow/.local/lib/python3.12/site-packages/airflow/example_dags/tutorial.py
[2026-05-28T10:44:06.582+0000] {logging_mixin.py:190} INFO - [2026-05-28T10:44:06.582+0000] {dag.py:3239} INFO - Sync 1 DAGs
[2026-05-28T10:44:06.622+0000] {logging_mixin.py:190} INFO - [2026-05-28T10:44:06.622+0000] {dag.py:4180} INFO - Setting next_dagrun for tutorial to 2026-05-27 00:00:00+00:00, run_after=2026-05-28 00:00:00+00:00
[2026-05-28T10:44:06.665+0000] {processor.py:208} INFO - Processing /home/airflow/.local/lib/python3.12/site-packages/airflow/example_dags/tutorial.py took 0.151 seconds
[2026-05-28T10:44:46.344+0000] {processor.py:186} INFO - Started process (PID=678) to work on /home/airflow/.local/lib/python3.12/site-packages/airflow/example_dags/tutorial.py
[2026-05-28T10:44:46.346+0000] {processor.py:914} INFO - Processing file /home/airflow/.local/lib/python3.12/site-packages/airflow/example_dags/tutorial.py for tasks to queue
[2026-05-28T10:44:46.350+0000] {logging_mixin.py:190} INFO - [2026-05-28T10:44:46.349+0000] {dagbag.py:588} INFO - Filling up the DagBag from /home/airflow/.local/lib/python3.12/site-packages/airflow/example_dags/tutorial.py
[2026-05-28T10:44:46.370+0000] {processor.py:925} INFO - DAG(s) 'tutorial' retrieved from /home/airflow/.local/lib/python3.12/site-packages/airflow/example_dags/tutorial.py
[2026-05-28T10:44:46.419+0000] {logging_mixin.py:190} INFO - [2026-05-28T10:44:46.418+0000] {dag.py:3239} INFO - Sync 1 DAGs
[2026-05-28T10:44:46.465+0000] {logging_mixin.py:190} INFO - [2026-05-28T10:44:46.464+0000] {dag.py:4180} INFO - Setting next_dagrun for tutorial to 2026-05-27 00:00:00+00:00, run_after=2026-05-28 00:00:00+00:00
[2026-05-28T10:44:46.517+0000] {processor.py:208} INFO - Processing /home/airflow/.local/lib/python3.12/site-packages/airflow/example_dags/tutorial.py took 0.186 seconds
[2026-05-28T10:45:16.848+0000] {processor.py:186} INFO - Started process (PID=741) to work on /home/airflow/.local/lib/python3.12/site-packages/airflow/example_dags/tutorial.py
[2026-05-28T10:45:16.850+0000] {processor.py:914} INFO - Processing file /home/airflow/.local/lib/python3.12/site-packages/airflow/example_dags/tutorial.py for tasks to queue
[2026-05-28T10:45:16.855+0000] {logging_mixin.py:190} INFO - [2026-05-28T10:45:16.854+0000] {dagbag.py:588} INFO - Filling up the DagBag from /home/airflow/.local/lib/python3.12/site-packages/airflow/example_dags/tutorial.py
[2026-05-28T10:45:16.877+0000] {processor.py:925} INFO - DAG(s) 'tutorial' retrieved from /home/airflow/.local/lib/python3.12/site-packages/airflow/example_dags/tutorial.py
[2026-05-28T10:45:16.931+0000] {logging_mixin.py:190} INFO - [2026-05-28T10:45:16.931+0000] {dag.py:3239} INFO - Sync 1 DAGs
[2026-05-28T10:45:16.976+0000] {logging_mixin.py:190} INFO - [2026-05-28T10:45:16.975+0000] {dag.py:4180} INFO - Setting next_dagrun for tutorial to 2026-05-27 00:00:00+00:00, run_after=2026-05-28 00:00:00+00:00
[2026-05-28T10:45:17.016+0000] {processor.py:208} INFO - Processing /home/airflow/.local/lib/python3.12/site-packages/airflow/example_dags/tutorial.py took 0.180 seconds
[2026-05-28T10:45:56.437+0000] {processor.py:186} INFO - Started process (PID=814) to work on /home/airflow/.local/lib/python3.12/site-packages/airflow/example_dags/tutorial.py
[2026-05-28T10:45:56.439+0000] {processor.py:914} INFO - Processing file /home/airflow/.local/lib/python3.12/site-packages/airflow/example_dags/tutorial.py for tasks to queue
[2026-05-28T10:45:56.444+0000] {logging_mixin.py:190} INFO - [2026-05-28T10:45:56.443+0000] {dagbag.py:588} INFO - Filling up the DagBag from /home/airflow/.local/lib/python3.12/site-packages/airflow/example_dags/tutorial.py
[2026-05-28T10:45:56.457+0000] {processor.py:925} INFO - DAG(s) 'tutorial' retrieved from /home/airflow/.local/lib/python3.12/site-packages/airflow/example_dags/tutorial.py
[2026-05-28T10:45:56.494+0000] {logging_mixin.py:190} INFO - [2026-05-28T10:45:56.493+0000] {dag.py:3239} INFO - Sync 1 DAGs
[2026-05-28T10:45:56.528+0000] {logging_mixin.py:190} INFO - [2026-05-28T10:45:56.528+0000] {dag.py:4180} INFO - Setting next_dagrun for tutorial to 2026-05-27 00:00:00+00:00, run_after=2026-05-28 00:00:00+00:00
[2026-05-28T10:45:56.657+0000] {processor.py:208} INFO - Processing /home/airflow/.local/lib/python3.12/site-packages/airflow/example_dags/tutorial.py took 0.228 seconds
[2026-05-28T10:46:28.954+0000] {processor.py:186} INFO - Started process (PID=877) to work on /home/airflow/.local/lib/python3.12/site-packages/airflow/example_dags/tutorial.py
[2026-05-28T10:46:28.957+0000] {processor.py:914} INFO - Processing file /home/airflow/.local/lib/python3.12/site-packages/airflow/example_dags/tutorial.py for tasks to queue
[2026-05-28T10:46:28.962+0000] {logging_mixin.py:190} INFO - [2026-05-28T10:46:28.961+0000] {dagbag.py:588} INFO - Filling up the DagBag from /home/airflow/.local/lib/python3.12/site-packages/airflow/example_dags/tutorial.py
[2026-05-28T10:46:28.982+0000] {processor.py:925} INFO - DAG(s) 'tutorial' retrieved from /home/airflow/.local/lib/python3.12/site-packages/airflow/example_dags/tutorial.py
[2026-05-28T10:46:29.034+0000] {logging_mixin.py:190} INFO - [2026-05-28T10:46:29.033+0000] {dag.py:3239} INFO - Sync 1 DAGs
[2026-05-28T10:46:29.077+0000] {logging_mixin.py:190} INFO - [2026-05-28T10:46:29.077+0000] {dag.py:4180} INFO - Setting next_dagrun for tutorial to 2026-05-27 00:00:00+00:00, run_after=2026-05-28 00:00:00+00:00
[2026-05-28T10:46:29.197+0000] {processor.py:208} INFO - Processing /home/airflow/.local/lib/python3.12/site-packages/airflow/example_dags/tutorial.py took 0.255 seconds
[2026-05-28T10:47:07.320+0000] {processor.py:186} INFO - Started process (PID=942) to work on /home/airflow/.local/lib/python3.12/site-packages/airflow/example_dags/tutorial.py
[2026-05-28T10:47:07.323+0000] {processor.py:914} INFO - Processing file /home/airflow/.local/lib/python3.12/site-packages/airflow/example_dags/tutorial.py for tasks to queue
[2026-05-28T10:47:07.331+0000] {logging_mixin.py:190} INFO - [2026-05-28T10:47:07.330+0000] {dagbag.py:588} INFO - Filling up the DagBag from /home/airflow/.local/lib/python3.12/site-packages/airflow/example_dags/tutorial.py
[2026-05-28T10:47:07.348+0000] {processor.py:925} INFO - DAG(s) 'tutorial' retrieved from /home/airflow/.local/lib/python3.12/site-packages/airflow/example_dags/tutorial.py
[2026-05-28T10:47:07.407+0000] {logging_mixin.py:190} INFO - [2026-05-28T10:47:07.406+0000] {dag.py:3239} INFO - Sync 1 DAGs
[2026-05-28T10:47:07.503+0000] {logging_mixin.py:190} INFO - [2026-05-28T10:47:07.502+0000] {dag.py:4180} INFO - Setting next_dagrun for tutorial to 2026-05-27 00:00:00+00:00, run_after=2026-05-28 00:00:00+00:00
[2026-05-28T10:47:08.009+0000] {processor.py:208} INFO - Processing /home/airflow/.local/lib/python3.12/site-packages/airflow/example_dags/tutorial.py took 0.709 seconds
[2026-05-28T10:47:53.256+0000] {processor.py:186} INFO - Started process (PID=1011) to work on /home/airflow/.local/lib/python3.12/site-packages/airflow/example_dags/tutorial.py
[2026-05-28T10:47:53.272+0000] {processor.py:914} INFO - Processing file /home/airflow/.local/lib/python3.12/site-packages/airflow/example_dags/tutorial.py for tasks to queue
[2026-05-28T10:47:53.277+0000] {logging_mixin.py:190} INFO - [2026-05-28T10:47:53.277+0000] {dagbag.py:588} INFO - Filling up the DagBag from /home/airflow/.local/lib/python3.12/site-packages/airflow/example_dags/tutorial.py
[2026-05-28T10:47:53.295+0000] {processor.py:925} INFO - DAG(s) 'tutorial' retrieved from /home/airflow/.local/lib/python3.12/site-packages/airflow/example_dags/tutorial.py
[2026-05-28T10:47:53.344+0000] {logging_mixin.py:190} INFO - [2026-05-28T10:47:53.343+0000] {dag.py:3239} INFO - Sync 1 DAGs
[2026-05-28T10:47:53.391+0000] {logging_mixin.py:190} INFO - [2026-05-28T10:47:53.390+0000] {dag.py:4180} INFO - Setting next_dagrun for tutorial to 2026-05-27 00:00:00+00:00, run_after=2026-05-28 00:00:00+00:00
[2026-05-28T10:47:53.961+0000] {processor.py:208} INFO - Processing /home/airflow/.local/lib/python3.12/site-packages/airflow/example_dags/tutorial.py took 0.715 seconds
[2026-05-28T10:48:36.274+0000] {processor.py:186} INFO - Started process (PID=1090) to work on /home/airflow/.local/lib/python3.12/site-packages/airflow/example_dags/tutorial.py
[2026-05-28T10:48:36.283+0000] {processor.py:914} INFO - Processing file /home/airflow/.local/lib/python3.12/site-packages/airflow/example_dags/tutorial.py for tasks to queue
[2026-05-28T10:48:36.287+0000] {logging_mixin.py:190} INFO - [2026-05-28T10:48:36.287+0000] {dagbag.py:588} INFO - Filling up the DagBag from /home/airflow/.local/lib/python3.12/site-packages/airflow/example_dags/tutorial.py
[2026-05-28T10:48:36.305+0000] {processor.py:925} INFO - DAG(s) 'tutorial' retrieved from /home/airflow/.local/lib/python3.12/site-packages/airflow/example_dags/tutorial.py
[2026-05-28T10:48:36.349+0000] {logging_mixin.py:190} INFO - [2026-05-28T10:48:36.348+0000] {dag.py:3239} INFO - Sync 1 DAGs
[2026-05-28T10:48:36.395+0000] {logging_mixin.py:190} INFO - [2026-05-28T10:48:36.395+0000] {dag.py:4180} INFO - Setting next_dagrun for tutorial to 2026-05-27 00:00:00+00:00, run_after=2026-05-28 00:00:00+00:00
[2026-05-28T10:48:36.441+0000] {processor.py:208} INFO - Processing /home/airflow/.local/lib/python3.12/site-packages/airflow/example_dags/tutorial.py took 0.182 seconds
[2026-05-28T10:49:21.857+0000] {processor.py:186} INFO - Started process (PID=1156) to work on /home/airflow/.local/lib/python3.12/site-packages/airflow/example_dags/tutorial.py
[2026-05-28T10:49:21.859+0000] {processor.py:914} INFO - Processing file /home/airflow/.local/lib/python3.12/site-packages/airflow/example_dags/tutorial.py for tasks to queue
[2026-05-28T10:49:21.864+0000] {logging_mixin.py:190} INFO - [2026-05-28T10:49:21.864+0000] {dagbag.py:588} INFO - Filling up the DagBag from /home/airflow/.local/lib/python3.12/site-packages/airflow/example_dags/tutorial.py
[2026-05-28T10:49:21.876+0000] {processor.py:925} INFO - DAG(s) 'tutorial' retrieved from /home/airflow/.local/lib/python3.12/site-packages/airflow/example_dags/tutorial.py
[2026-05-28T10:49:21.912+0000] {logging_mixin.py:190} INFO - [2026-05-28T10:49:21.912+0000] {dag.py:3239} INFO - Sync 1 DAGs
[2026-05-28T10:49:22.027+0000] {logging_mixin.py:190} INFO - [2026-05-28T10:49:22.026+0000] {dag.py:4180} INFO - Setting next_dagrun for tutorial to 2026-05-27 00:00:00+00:00, run_after=2026-05-28 00:00:00+00:00
[2026-05-28T10:49:22.096+0000] {processor.py:208} INFO - Processing /home/airflow/.local/lib/python3.12/site-packages/airflow/example_dags/tutorial.py took 0.246 seconds
[2026-05-28T10:50:02.371+0000] {processor.py:186} INFO - Started process (PID=1227) to work on /home/airflow/.local/lib/python3.12/site-packages/airflow/example_dags/tutorial.py
[2026-05-28T10:50:02.373+0000] {processor.py:914} INFO - Processing file /home/airflow/.local/lib/python3.12/site-packages/airflow/example_dags/tutorial.py for tasks to queue
[2026-05-28T10:50:02.377+0000] {logging_mixin.py:190} INFO - [2026-05-28T10:50:02.376+0000] {dagbag.py:588} INFO - Filling up the DagBag from /home/airflow/.local/lib/python3.12/site-packages/airflow/example_dags/tutorial.py
[2026-05-28T10:50:02.394+0000] {processor.py:925} INFO - DAG(s) 'tutorial' retrieved from /home/airflow/.local/lib/python3.12/site-packages/airflow/example_dags/tutorial.py
[2026-05-28T10:50:02.444+0000] {logging_mixin.py:190} INFO - [2026-05-28T10:50:02.443+0000] {dag.py:3239} INFO - Sync 1 DAGs
[2026-05-28T10:50:02.490+0000] {logging_mixin.py:190} INFO - [2026-05-28T10:50:02.490+0000] {dag.py:4180} INFO - Setting next_dagrun for tutorial to 2026-05-27 00:00:00+00:00, run_after=2026-05-28 00:00:00+00:00
[2026-05-28T10:50:02.533+0000] {processor.py:208} INFO - Processing /home/airflow/.local/lib/python3.12/site-packages/airflow/example_dags/tutorial.py took 0.173 seconds
[2026-05-28T10:50:48.117+0000] {processor.py:186} INFO - Started process (PID=1296) to work on /home/airflow/.local/lib/python3.12/site-packages/airflow/example_dags/tutorial.py
[2026-05-28T10:50:48.121+0000] {processor.py:914} INFO - Processing file /home/airflow/.local/lib/python3.12/site-packages/airflow/example_dags/tutorial.py for tasks to queue
[2026-05-28T10:50:48.129+0000] {logging_mixin.py:190} INFO - [2026-05-28T10:50:48.128+0000] {dagbag.py:588} INFO - Filling up the DagBag from /home/airflow/.local/lib/python3.12/site-packages/airflow/example_dags/tutorial.py
[2026-05-28T10:50:48.168+0000] {processor.py:925} INFO - DAG(s) 'tutorial' retrieved from /home/airflow/.local/lib/python3.12/site-packages/airflow/example_dags/tutorial.py
[2026-05-28T10:50:48.276+0000] {logging_mixin.py:190} INFO - [2026-05-28T10:50:48.276+0000] {dag.py:3239} INFO - Sync 1 DAGs
[2026-05-28T10:50:48.333+0000] {logging_mixin.py:190} INFO - [2026-05-28T10:50:48.333+0000] {dag.py:4180} INFO - Setting next_dagrun for tutorial to 2026-05-27 00:00:00+00:00, run_after=2026-05-28 00:00:00+00:00
[2026-05-28T10:50:48.401+0000] {processor.py:208} INFO - Processing /home/airflow/.local/lib/python3.12/site-packages/airflow/example_dags/tutorial.py took 0.305 seconds
[2026-05-28T10:51:39.828+0000] {processor.py:186} INFO - Started process (PID=1364) to work on /home/airflow/.local/lib/python3.12/site-packages/airflow/example_dags/tutorial.py
[2026-05-28T10:51:39.833+0000] {processor.py:914} INFO - Processing file /home/airflow/.local/lib/python3.12/site-packages/airflow/example_dags/tutorial.py for tasks to queue
[2026-05-28T10:51:39.840+0000] {logging_mixin.py:190} INFO - [2026-05-28T10:51:39.839+0000] {dagbag.py:588} INFO - Filling up the DagBag from /home/airflow/.local/lib/python3.12/site-packages/airflow/example_dags/tutorial.py
[2026-05-28T10:51:39.863+0000] {processor.py:925} INFO - DAG(s) 'tutorial' retrieved from /home/airflow/.local/lib/python3.12/site-packages/airflow/example_dags/tutorial.py
[2026-05-28T10:51:39.965+0000] {logging_mixin.py:190} INFO - [2026-05-28T10:51:39.964+0000] {dag.py:3239} INFO - Sync 1 DAGs
[2026-05-28T10:51:40.037+0000] {logging_mixin.py:190} INFO - [2026-05-28T10:51:40.037+0000] {dag.py:4180} INFO - Setting next_dagrun for tutorial to 2026-05-27 00:00:00+00:00, run_after=2026-05-28 00:00:00+00:00
[2026-05-28T10:51:40.116+0000] {processor.py:208} INFO - Processing /home/airflow/.local/lib/python3.12/site-packages/airflow/example_dags/tutorial.py took 0.303 seconds
[2026-05-28T10:52:49.284+0000] {processor.py:186} INFO - Started process (PID=1458) to work on /home/airflow/.local/lib/python3.12/site-packages/airflow/example_dags/tutorial.py
[2026-05-28T10:52:49.287+0000] {processor.py:914} INFO - Processing file /home/airflow/.local/lib/python3.12/site-packages/airflow/example_dags/tutorial.py for tasks to queue
[2026-05-28T10:52:49.292+0000] {logging_mixin.py:190} INFO - [2026-05-28T10:52:49.291+0000] {dagbag.py:588} INFO - Filling up the DagBag from /home/airflow/.local/lib/python3.12/site-packages/airflow/example_dags/tutorial.py
[2026-05-28T10:52:49.316+0000] {processor.py:925} INFO - DAG(s) 'tutorial' retrieved from /home/airflow/.local/lib/python3.12/site-packages/airflow/example_dags/tutorial.py
[2026-05-28T10:52:49.372+0000] {logging_mixin.py:190} INFO - [2026-05-28T10:52:49.371+0000] {dag.py:3239} INFO - Sync 1 DAGs
[2026-05-28T10:52:49.429+0000] {logging_mixin.py:190} INFO - [2026-05-28T10:52:49.429+0000] {dag.py:4180} INFO - Setting next_dagrun for tutorial to 2026-05-27 00:00:00+00:00, run_after=2026-05-28 00:00:00+00:00
[2026-05-28T10:52:49.478+0000] {processor.py:208} INFO - Processing /home/airflow/.local/lib/python3.12/site-packages/airflow/example_dags/tutorial.py took 0.205 seconds
[2026-05-28T10:53:29.597+0000] {processor.py:186} INFO - Started process (PID=1541) to work on /home/airflow/.local/lib/python3.12/site-packages/airflow/example_dags/tutorial.py
[2026-05-28T10:53:29.599+0000] {processor.py:914} INFO - Processing file /home/airflow/.local/lib/python3.12/site-packages/airflow/example_dags/tutorial.py for tasks to queue
[2026-05-28T10:53:29.606+0000] {logging_mixin.py:190} INFO - [2026-05-28T10:53:29.605+0000] {dagbag.py:588} INFO - Filling up the DagBag from /home/airflow/.local/lib/python3.12/site-packages/airflow/example_dags/tutorial.py
[2026-05-28T10:53:29.626+0000] {processor.py:925} INFO - DAG(s) 'tutorial' retrieved from /home/airflow/.local/lib/python3.12/site-packages/airflow/example_dags/tutorial.py
[2026-05-28T10:53:29.678+0000] {logging_mixin.py:190} INFO - [2026-05-28T10:53:29.677+0000] {dag.py:3239} INFO - Sync 1 DAGs
[2026-05-28T10:53:29.725+0000] {logging_mixin.py:190} INFO - [2026-05-28T10:53:29.724+0000] {dag.py:4180} INFO - Setting next_dagrun for tutorial to 2026-05-27 00:00:00+00:00, run_after=2026-05-28 00:00:00+00:00
[2026-05-28T10:53:29.766+0000] {processor.py:208} INFO - Processing /home/airflow/.local/lib/python3.12/site-packages/airflow/example_dags/tutorial.py took 0.182 seconds
[2026-05-28T10:54:10.762+0000] {processor.py:186} INFO - Started process (PID=1604) to work on /home/airflow/.local/lib/python3.12/site-packages/airflow/example_dags/tutorial.py
[2026-05-28T10:54:10.765+0000] {processor.py:914} INFO - Processing file /home/airflow/.local/lib/python3.12/site-packages/airflow/example_dags/tutorial.py for tasks to queue
[2026-05-28T10:54:10.771+0000] {logging_mixin.py:190} INFO - [2026-05-28T10:54:10.771+0000] {dagbag.py:588} INFO - Filling up the DagBag from /home/airflow/.local/lib/python3.12/site-packages/airflow/example_dags/tutorial.py
[2026-05-28T10:54:10.787+0000] {processor.py:925} INFO - DAG(s) 'tutorial' retrieved from /home/airflow/.local/lib/python3.12/site-packages/airflow/example_dags/tutorial.py
[2026-05-28T10:54:10.837+0000] {logging_mixin.py:190} INFO - [2026-05-28T10:54:10.837+0000] {dag.py:3239} INFO - Sync 1 DAGs
[2026-05-28T10:54:10.885+0000] {logging_mixin.py:190} INFO - [2026-05-28T10:54:10.884+0000] {dag.py:4180} INFO - Setting next_dagrun for tutorial to 2026-05-27 00:00:00+00:00, run_after=2026-05-28 00:00:00+00:00
[2026-05-28T10:54:10.925+0000] {processor.py:208} INFO - Processing /home/airflow/.local/lib/python3.12/site-packages/airflow/example_dags/tutorial.py took 0.174 seconds
[2026-05-28T10:54:52.749+0000] {processor.py:186} INFO - Started process (PID=1668) to work on /home/airflow/.local/lib/python3.12/site-packages/airflow/example_dags/tutorial.py
[2026-05-28T10:54:52.805+0000] {processor.py:914} INFO - Processing file /home/airflow/.local/lib/python3.12/site-packages/airflow/example_dags/tutorial.py for tasks to queue
[2026-05-28T10:54:52.812+0000] {logging_mixin.py:190} INFO - [2026-05-28T10:54:52.811+0000] {dagbag.py:588} INFO - Filling up the DagBag from /home/airflow/.local/lib/python3.12/site-packages/airflow/example_dags/tutorial.py
[2026-05-28T10:54:52.850+0000] {processor.py:925} INFO - DAG(s) 'tutorial' retrieved from /home/airflow/.local/lib/python3.12/site-packages/airflow/example_dags/tutorial.py
[2026-05-28T10:54:52.942+0000] {logging_mixin.py:190} INFO - [2026-05-28T10:54:52.941+0000] {dag.py:3239} INFO - Sync 1 DAGs
[2026-05-28T10:54:53.007+0000] {logging_mixin.py:190} INFO - [2026-05-28T10:54:53.006+0000] {dag.py:4180} INFO - Setting next_dagrun for tutorial to 2026-05-27 00:00:00+00:00, run_after=2026-05-28 00:00:00+00:00
[2026-05-28T10:54:53.278+0000] {processor.py:208} INFO - Processing /home/airflow/.local/lib/python3.12/site-packages/airflow/example_dags/tutorial.py took 0.546 seconds
[2026-05-28T10:58:52.877+0000] {processor.py:186} INFO - Started process (PID=1796) to work on /home/airflow/.local/lib/python3.12/site-packages/airflow/example_dags/tutorial.py
[2026-05-28T10:58:52.880+0000] {processor.py:914} INFO - Processing file /home/airflow/.local/lib/python3.12/site-packages/airflow/example_dags/tutorial.py for tasks to queue
[2026-05-28T10:58:52.887+0000] {logging_mixin.py:190} INFO - [2026-05-28T10:58:52.886+0000] {dagbag.py:588} INFO - Filling up the DagBag from /home/airflow/.local/lib/python3.12/site-packages/airflow/example_dags/tutorial.py
[2026-05-28T10:58:52.915+0000] {processor.py:925} INFO - DAG(s) 'tutorial' retrieved from /home/airflow/.local/lib/python3.12/site-packages/airflow/example_dags/tutorial.py
[2026-05-28T10:58:52.995+0000] {logging_mixin.py:190} INFO - [2026-05-28T10:58:52.994+0000] {dag.py:3239} INFO - Sync 1 DAGs
[2026-05-28T10:58:53.066+0000] {logging_mixin.py:190} INFO - [2026-05-28T10:58:53.065+0000] {dag.py:4180} INFO - Setting next_dagrun for tutorial to 2026-05-27 00:00:00+00:00, run_after=2026-05-28 00:00:00+00:00
[2026-05-28T10:58:53.126+0000] {processor.py:208} INFO - Processing /home/airflow/.local/lib/python3.12/site-packages/airflow/example_dags/tutorial.py took 0.269 seconds
[2026-05-28T11:00:01.082+0000] {processor.py:186} INFO - Started process (PID=1880) to work on /home/airflow/.local/lib/python3.12/site-packages/airflow/example_dags/tutorial.py
[2026-05-28T11:00:01.085+0000] {processor.py:914} INFO - Processing file /home/airflow/.local/lib/python3.12/site-packages/airflow/example_dags/tutorial.py for tasks to queue
[2026-05-28T11:00:01.092+0000] {logging_mixin.py:190} INFO - [2026-05-28T11:00:01.088+0000] {dagbag.py:588} INFO - Filling up the DagBag from /home/airflow/.local/lib/python3.12/site-packages/airflow/example_dags/tutorial.py
[2026-05-28T11:00:01.131+0000] {processor.py:925} INFO - DAG(s) 'tutorial' retrieved from /home/airflow/.local/lib/python3.12/site-packages/airflow/example_dags/tutorial.py
[2026-05-28T11:00:01.236+0000] {logging_mixin.py:190} INFO - [2026-05-28T11:00:01.235+0000] {dag.py:3239} INFO - Sync 1 DAGs
[2026-05-28T11:00:01.337+0000] {logging_mixin.py:190} INFO - [2026-05-28T11:00:01.337+0000] {dag.py:4180} INFO - Setting next_dagrun for tutorial to 2026-05-27 00:00:00+00:00, run_after=2026-05-28 00:00:00+00:00
[2026-05-28T11:00:01.414+0000] {processor.py:208} INFO - Processing /home/airflow/.local/lib/python3.12/site-packages/airflow/example_dags/tutorial.py took 0.351 seconds
[2026-05-28T11:01:43.506+0000] {processor.py:186} INFO - Started process (PID=1996) to work on /home/airflow/.local/lib/python3.12/site-packages/airflow/example_dags/tutorial.py
[2026-05-28T11:01:43.519+0000] {processor.py:914} INFO - Processing file /home/airflow/.local/lib/python3.12/site-packages/airflow/example_dags/tutorial.py for tasks to queue
[2026-05-28T11:01:43.527+0000] {logging_mixin.py:190} INFO - [2026-05-28T11:01:43.525+0000] {dagbag.py:588} INFO - Filling up the DagBag from /home/airflow/.local/lib/python3.12/site-packages/airflow/example_dags/tutorial.py
[2026-05-28T11:01:43.567+0000] {processor.py:925} INFO - DAG(s) 'tutorial' retrieved from /home/airflow/.local/lib/python3.12/site-packages/airflow/example_dags/tutorial.py
[2026-05-28T11:01:43.729+0000] {logging_mixin.py:190} INFO - [2026-05-28T11:01:43.728+0000] {dag.py:3239} INFO - Sync 1 DAGs
[2026-05-28T11:01:43.894+0000] {logging_mixin.py:190} INFO - [2026-05-28T11:01:43.884+0000] {dag.py:4180} INFO - Setting next_dagrun for tutorial to 2026-05-27 00:00:00+00:00, run_after=2026-05-28 00:00:00+00:00
[2026-05-28T11:01:44.004+0000] {processor.py:208} INFO - Processing /home/airflow/.local/lib/python3.12/site-packages/airflow/example_dags/tutorial.py took 0.532 seconds
[2026-05-28T11:02:58.492+0000] {processor.py:186} INFO - Started process (PID=2086) to work on /home/airflow/.local/lib/python3.12/site-packages/airflow/example_dags/tutorial.py
[2026-05-28T11:02:58.495+0000] {processor.py:914} INFO - Processing file /home/airflow/.local/lib/python3.12/site-packages/airflow/example_dags/tutorial.py for tasks to queue
[2026-05-28T11:02:58.499+0000] {logging_mixin.py:190} INFO - [2026-05-28T11:02:58.498+0000] {dagbag.py:588} INFO - Filling up the DagBag from /home/airflow/.local/lib/python3.12/site-packages/airflow/example_dags/tutorial.py
[2026-05-28T11:02:58.537+0000] {processor.py:925} INFO - DAG(s) 'tutorial' retrieved from /home/airflow/.local/lib/python3.12/site-packages/airflow/example_dags/tutorial.py
[2026-05-28T11:02:58.634+0000] {logging_mixin.py:190} INFO - [2026-05-28T11:02:58.633+0000] {dag.py:3239} INFO - Sync 1 DAGs
[2026-05-28T11:02:58.728+0000] {logging_mixin.py:190} INFO - [2026-05-28T11:02:58.727+0000] {dag.py:4180} INFO - Setting next_dagrun for tutorial to 2026-05-27 00:00:00+00:00, run_after=2026-05-28 00:00:00+00:00
[2026-05-28T11:02:58.815+0000] {processor.py:208} INFO - Processing /home/airflow/.local/lib/python3.12/site-packages/airflow/example_dags/tutorial.py took 0.354 seconds
[2026-05-28T11:03:55.395+0000] {processor.py:186} INFO - Started process (PID=2155) to work on /home/airflow/.local/lib/python3.12/site-packages/airflow/example_dags/tutorial.py
[2026-05-28T11:03:55.398+0000] {processor.py:914} INFO - Processing file /home/airflow/.local/lib/python3.12/site-packages/airflow/example_dags/tutorial.py for tasks to queue
[2026-05-28T11:03:55.402+0000] {logging_mixin.py:190} INFO - [2026-05-28T11:03:55.401+0000] {dagbag.py:588} INFO - Filling up the DagBag from /home/airflow/.local/lib/python3.12/site-packages/airflow/example_dags/tutorial.py
[2026-05-28T11:03:55.432+0000] {processor.py:925} INFO - DAG(s) 'tutorial' retrieved from /home/airflow/.local/lib/python3.12/site-packages/airflow/example_dags/tutorial.py
[2026-05-28T11:03:55.504+0000] {logging_mixin.py:190} INFO - [2026-05-28T11:03:55.503+0000] {dag.py:3239} INFO - Sync 1 DAGs
[2026-05-28T11:03:55.561+0000] {logging_mixin.py:190} INFO - [2026-05-28T11:03:55.560+0000] {dag.py:4180} INFO - Setting next_dagrun for tutorial to 2026-05-27 00:00:00+00:00, run_after=2026-05-28 00:00:00+00:00
[2026-05-28T11:03:55.631+0000] {processor.py:208} INFO - Processing /home/airflow/.local/lib/python3.12/site-packages/airflow/example_dags/tutorial.py took 0.254 seconds
[2026-05-28T11:04:57.232+0000] {processor.py:186} INFO - Started process (PID=2242) to work on /home/airflow/.local/lib/python3.12/site-packages/airflow/example_dags/tutorial.py
[2026-05-28T11:04:57.235+0000] {processor.py:914} INFO - Processing file /home/airflow/.local/lib/python3.12/site-packages/airflow/example_dags/tutorial.py for tasks to queue
[2026-05-28T11:04:57.239+0000] {logging_mixin.py:190} INFO - [2026-05-28T11:04:57.238+0000] {dagbag.py:588} INFO - Filling up the DagBag from /home/airflow/.local/lib/python3.12/site-packages/airflow/example_dags/tutorial.py
[2026-05-28T11:04:57.265+0000] {processor.py:925} INFO - DAG(s) 'tutorial' retrieved from /home/airflow/.local/lib/python3.12/site-packages/airflow/example_dags/tutorial.py
[2026-05-28T11:04:57.329+0000] {logging_mixin.py:190} INFO - [2026-05-28T11:04:57.328+0000] {dag.py:3239} INFO - Sync 1 DAGs
[2026-05-28T11:04:57.383+0000] {logging_mixin.py:190} INFO - [2026-05-28T11:04:57.382+0000] {dag.py:4180} INFO - Setting next_dagrun for tutorial to 2026-05-27 00:00:00+00:00, run_after=2026-05-28 00:00:00+00:00
[2026-05-28T11:04:57.435+0000] {processor.py:208} INFO - Processing /home/airflow/.local/lib/python3.12/site-packages/airflow/example_dags/tutorial.py took 0.217 seconds
[2026-05-28T11:06:05.442+0000] {processor.py:186} INFO - Started process (PID=2328) to work on /home/airflow/.local/lib/python3.12/site-packages/airflow/example_dags/tutorial.py
[2026-05-28T11:06:05.445+0000] {processor.py:914} INFO - Processing file /home/airflow/.local/lib/python3.12/site-packages/airflow/example_dags/tutorial.py for tasks to queue
[2026-05-28T11:06:05.450+0000] {logging_mixin.py:190} INFO - [2026-05-28T11:06:05.449+0000] {dagbag.py:588} INFO - Filling up the DagBag from /home/airflow/.local/lib/python3.12/site-packages/airflow/example_dags/tutorial.py
[2026-05-28T11:06:05.479+0000] {processor.py:925} INFO - DAG(s) 'tutorial' retrieved from /home/airflow/.local/lib/python3.12/site-packages/airflow/example_dags/tutorial.py
[2026-05-28T11:06:05.546+0000] {logging_mixin.py:190} INFO - [2026-05-28T11:06:05.546+0000] {dag.py:3239} INFO - Sync 1 DAGs
[2026-05-28T11:06:05.611+0000] {logging_mixin.py:190} INFO - [2026-05-28T11:06:05.610+0000] {dag.py:4180} INFO - Setting next_dagrun for tutorial to 2026-05-27 00:00:00+00:00, run_after=2026-05-28 00:00:00+00:00
[2026-05-28T11:06:05.658+0000] {processor.py:208} INFO - Processing /home/airflow/.local/lib/python3.12/site-packages/airflow/example_dags/tutorial.py took 0.235 seconds
[2026-05-28T11:07:06.230+0000] {processor.py:186} INFO - Started process (PID=2399) to work on /home/airflow/.local/lib/python3.12/site-packages/airflow/example_dags/tutorial.py
[2026-05-28T11:07:06.232+0000] {processor.py:914} INFO - Processing file /home/airflow/.local/lib/python3.12/site-packages/airflow/example_dags/tutorial.py for tasks to queue
[2026-05-28T11:07:06.236+0000] {logging_mixin.py:190} INFO - [2026-05-28T11:07:06.235+0000] {dagbag.py:588} INFO - Filling up the DagBag from /home/airflow/.local/lib/python3.12/site-packages/airflow/example_dags/tutorial.py
[2026-05-28T11:07:06.265+0000] {processor.py:925} INFO - DAG(s) 'tutorial' retrieved from /home/airflow/.local/lib/python3.12/site-packages/airflow/example_dags/tutorial.py
[2026-05-28T11:07:06.337+0000] {logging_mixin.py:190} INFO - [2026-05-28T11:07:06.336+0000] {dag.py:3239} INFO - Sync 1 DAGs
[2026-05-28T11:07:06.407+0000] {logging_mixin.py:190} INFO - [2026-05-28T11:07:06.407+0000] {dag.py:4180} INFO - Setting next_dagrun for tutorial to 2026-05-27 00:00:00+00:00, run_after=2026-05-28 00:00:00+00:00
[2026-05-28T11:07:06.462+0000] {processor.py:208} INFO - Processing /home/airflow/.local/lib/python3.12/site-packages/airflow/example_dags/tutorial.py took 0.245 seconds
[2026-05-28T11:08:39.506+0000] {processor.py:186} INFO - Started process (PID=2513) to work on /home/airflow/.local/lib/python3.12/site-packages/airflow/example_dags/tutorial.py
[2026-05-28T11:08:39.512+0000] {processor.py:914} INFO - Processing file /home/airflow/.local/lib/python3.12/site-packages/airflow/example_dags/tutorial.py for tasks to queue
[2026-05-28T11:08:39.517+0000] {logging_mixin.py:190} INFO - [2026-05-28T11:08:39.516+0000] {dagbag.py:588} INFO - Filling up the DagBag from /home/airflow/.local/lib/python3.12/site-packages/airflow/example_dags/tutorial.py
[2026-05-28T11:08:39.555+0000] {processor.py:925} INFO - DAG(s) 'tutorial' retrieved from /home/airflow/.local/lib/python3.12/site-packages/airflow/example_dags/tutorial.py
[2026-05-28T11:08:39.638+0000] {logging_mixin.py:190} INFO - [2026-05-28T11:08:39.637+0000] {dag.py:3239} INFO - Sync 1 DAGs
[2026-05-28T11:08:39.729+0000] {logging_mixin.py:190} INFO - [2026-05-28T11:08:39.729+0000] {dag.py:4180} INFO - Setting next_dagrun for tutorial to 2026-05-27 00:00:00+00:00, run_after=2026-05-28 00:00:00+00:00
[2026-05-28T11:08:39.798+0000] {processor.py:208} INFO - Processing /home/airflow/.local/lib/python3.12/site-packages/airflow/example_dags/tutorial.py took 0.322 seconds
[2026-05-28T11:09:35.616+0000] {processor.py:186} INFO - Started process (PID=2602) to work on /home/airflow/.local/lib/python3.12/site-packages/airflow/example_dags/tutorial.py
[2026-05-28T11:09:35.619+0000] {processor.py:914} INFO - Processing file /home/airflow/.local/lib/python3.12/site-packages/airflow/example_dags/tutorial.py for tasks to queue
[2026-05-28T11:09:35.623+0000] {logging_mixin.py:190} INFO - [2026-05-28T11:09:35.622+0000] {dagbag.py:588} INFO - Filling up the DagBag from /home/airflow/.local/lib/python3.12/site-packages/airflow/example_dags/tutorial.py
[2026-05-28T11:09:35.645+0000] {processor.py:925} INFO - DAG(s) 'tutorial' retrieved from /home/airflow/.local/lib/python3.12/site-packages/airflow/example_dags/tutorial.py
[2026-05-28T11:09:35.706+0000] {logging_mixin.py:190} INFO - [2026-05-28T11:09:35.706+0000] {dag.py:3239} INFO - Sync 1 DAGs
[2026-05-28T11:09:35.760+0000] {logging_mixin.py:190} INFO - [2026-05-28T11:09:35.759+0000] {dag.py:4180} INFO - Setting next_dagrun for tutorial to 2026-05-27 00:00:00+00:00, run_after=2026-05-28 00:00:00+00:00
[2026-05-28T11:09:35.804+0000] {processor.py:208} INFO - Processing /home/airflow/.local/lib/python3.12/site-packages/airflow/example_dags/tutorial.py took 0.200 seconds
[2026-05-28T11:10:51.294+0000] {processor.py:186} INFO - Started process (PID=2677) to work on /home/airflow/.local/lib/python3.12/site-packages/airflow/example_dags/tutorial.py
[2026-05-28T11:10:51.298+0000] {processor.py:914} INFO - Processing file /home/airflow/.local/lib/python3.12/site-packages/airflow/example_dags/tutorial.py for tasks to queue
[2026-05-28T11:10:51.307+0000] {logging_mixin.py:190} INFO - [2026-05-28T11:10:51.306+0000] {dagbag.py:588} INFO - Filling up the DagBag from /home/airflow/.local/lib/python3.12/site-packages/airflow/example_dags/tutorial.py
[2026-05-28T11:10:51.352+0000] {processor.py:925} INFO - DAG(s) 'tutorial' retrieved from /home/airflow/.local/lib/python3.12/site-packages/airflow/example_dags/tutorial.py
[2026-05-28T11:10:51.433+0000] {logging_mixin.py:190} INFO - [2026-05-28T11:10:51.432+0000] {dag.py:3239} INFO - Sync 1 DAGs
[2026-05-28T11:10:51.533+0000] {logging_mixin.py:190} INFO - [2026-05-28T11:10:51.533+0000] {dag.py:4180} INFO - Setting next_dagrun for tutorial to 2026-05-27 00:00:00+00:00, run_after=2026-05-28 00:00:00+00:00
[2026-05-28T11:10:51.627+0000] {processor.py:208} INFO - Processing /home/airflow/.local/lib/python3.12/site-packages/airflow/example_dags/tutorial.py took 0.355 seconds
[2026-05-28T11:11:51.599+0000] {processor.py:186} INFO - Started process (PID=2758) to work on /home/airflow/.local/lib/python3.12/site-packages/airflow/example_dags/tutorial.py
[2026-05-28T11:11:51.603+0000] {processor.py:914} INFO - Processing file /home/airflow/.local/lib/python3.12/site-packages/airflow/example_dags/tutorial.py for tasks to queue
[2026-05-28T11:11:51.607+0000] {logging_mixin.py:190} INFO - [2026-05-28T11:11:51.606+0000] {dagbag.py:588} INFO - Filling up the DagBag from /home/airflow/.local/lib/python3.12/site-packages/airflow/example_dags/tutorial.py
[2026-05-28T11:11:51.636+0000] {processor.py:925} INFO - DAG(s) 'tutorial' retrieved from /home/airflow/.local/lib/python3.12/site-packages/airflow/example_dags/tutorial.py
[2026-05-28T11:11:51.710+0000] {logging_mixin.py:190} INFO - [2026-05-28T11:11:51.710+0000] {dag.py:3239} INFO - Sync 1 DAGs
[2026-05-28T11:11:51.790+0000] {logging_mixin.py:190} INFO - [2026-05-28T11:11:51.789+0000] {dag.py:4180} INFO - Setting next_dagrun for tutorial to 2026-05-27 00:00:00+00:00, run_after=2026-05-28 00:00:00+00:00
[2026-05-28T11:11:51.874+0000] {processor.py:208} INFO - Processing /home/airflow/.local/lib/python3.12/site-packages/airflow/example_dags/tutorial.py took 0.293 seconds
[2026-05-28T11:12:52.064+0000] {processor.py:186} INFO - Started process (PID=2840) to work on /home/airflow/.local/lib/python3.12/site-packages/airflow/example_dags/tutorial.py
[2026-05-28T11:12:52.067+0000] {processor.py:914} INFO - Processing file /home/airflow/.local/lib/python3.12/site-packages/airflow/example_dags/tutorial.py for tasks to queue
[2026-05-28T11:12:52.071+0000] {logging_mixin.py:190} INFO - [2026-05-28T11:12:52.070+0000] {dagbag.py:588} INFO - Filling up the DagBag from /home/airflow/.local/lib/python3.12/site-packages/airflow/example_dags/tutorial.py
[2026-05-28T11:12:52.094+0000] {processor.py:925} INFO - DAG(s) 'tutorial' retrieved from /home/airflow/.local/lib/python3.12/site-packages/airflow/example_dags/tutorial.py
[2026-05-28T11:12:52.155+0000] {logging_mixin.py:190} INFO - [2026-05-28T11:12:52.154+0000] {dag.py:3239} INFO - Sync 1 DAGs
[2026-05-28T11:12:52.204+0000] {logging_mixin.py:190} INFO - [2026-05-28T11:12:52.204+0000] {dag.py:4180} INFO - Setting next_dagrun for tutorial to 2026-05-27 00:00:00+00:00, run_after=2026-05-28 00:00:00+00:00
[2026-05-28T11:12:52.253+0000] {processor.py:208} INFO - Processing /home/airflow/.local/lib/python3.12/site-packages/airflow/example_dags/tutorial.py took 0.201 seconds
[2026-05-28T14:16:10.584+0000] {processor.py:186} INFO - Started process (PID=2916) to work on /home/airflow/.local/lib/python3.12/site-packages/airflow/example_dags/tutorial.py
[2026-05-28T14:16:10.621+0000] {processor.py:914} INFO - Processing file /home/airflow/.local/lib/python3.12/site-packages/airflow/example_dags/tutorial.py for tasks to queue
[2026-05-28T14:16:10.624+0000] {logging_mixin.py:190} INFO - [2026-05-28T14:16:10.623+0000] {dagbag.py:588} INFO - Filling up the DagBag from /home/airflow/.local/lib/python3.12/site-packages/airflow/example_dags/tutorial.py
[2026-05-28T14:16:10.818+0000] {processor.py:925} INFO - DAG(s) 'tutorial' retrieved from /home/airflow/.local/lib/python3.12/site-packages/airflow/example_dags/tutorial.py
[2026-05-28T14:16:10.971+0000] {logging_mixin.py:190} INFO - [2026-05-28T14:16:10.970+0000] {dag.py:3239} INFO - Sync 1 DAGs
[2026-05-28T14:16:11.130+0000] {logging_mixin.py:190} INFO - [2026-05-28T14:16:11.129+0000] {dag.py:4180} INFO - Setting next_dagrun for tutorial to 2026-05-27 00:00:00+00:00, run_after=2026-05-28 00:00:00+00:00
[2026-05-28T14:16:11.262+0000] {processor.py:208} INFO - Processing /home/airflow/.local/lib/python3.12/site-packages/airflow/example_dags/tutorial.py took 0.713 seconds
[2026-05-28T14:16:50.140+0000] {processor.py:186} INFO - Started process (PID=2985) to work on /home/airflow/.local/lib/python3.12/site-packages/airflow/example_dags/tutorial.py
[2026-05-28T14:16:50.143+0000] {processor.py:914} INFO - Processing file /home/airflow/.local/lib/python3.12/site-packages/airflow/example_dags/tutorial.py for tasks to queue
[2026-05-28T14:16:50.146+0000] {logging_mixin.py:190} INFO - [2026-05-28T14:16:50.145+0000] {dagbag.py:588} INFO - Filling up the DagBag from /home/airflow/.local/lib/python3.12/site-packages/airflow/example_dags/tutorial.py
[2026-05-28T14:16:50.168+0000] {processor.py:925} INFO - DAG(s) 'tutorial' retrieved from /home/airflow/.local/lib/python3.12/site-packages/airflow/example_dags/tutorial.py
[2026-05-28T14:16:50.237+0000] {logging_mixin.py:190} INFO - [2026-05-28T14:16:50.236+0000] {dag.py:3239} INFO - Sync 1 DAGs
[2026-05-28T14:16:50.317+0000] {logging_mixin.py:190} INFO - [2026-05-28T14:16:50.313+0000] {dag.py:4180} INFO - Setting next_dagrun for tutorial to 2026-05-27 00:00:00+00:00, run_after=2026-05-28 00:00:00+00:00
[2026-05-28T14:16:50.359+0000] {processor.py:208} INFO - Processing /home/airflow/.local/lib/python3.12/site-packages/airflow/example_dags/tutorial.py took 0.232 seconds
[2026-05-28T14:17:28.558+0000] {processor.py:186} INFO - Started process (PID=3056) to work on /home/airflow/.local/lib/python3.12/site-packages/airflow/example_dags/tutorial.py
[2026-05-28T14:17:28.560+0000] {processor.py:914} INFO - Processing file /home/airflow/.local/lib/python3.12/site-packages/airflow/example_dags/tutorial.py for tasks to queue
[2026-05-28T14:17:28.562+0000] {logging_mixin.py:190} INFO - [2026-05-28T14:17:28.562+0000] {dagbag.py:588} INFO - Filling up the DagBag from /home/airflow/.local/lib/python3.12/site-packages/airflow/example_dags/tutorial.py
[2026-05-28T14:17:28.587+0000] {processor.py:925} INFO - DAG(s) 'tutorial' retrieved from /home/airflow/.local/lib/python3.12/site-packages/airflow/example_dags/tutorial.py
[2026-05-28T14:17:28.647+0000] {logging_mixin.py:190} INFO - [2026-05-28T14:17:28.646+0000] {dag.py:3239} INFO - Sync 1 DAGs
[2026-05-28T14:17:28.697+0000] {logging_mixin.py:190} INFO - [2026-05-28T14:17:28.697+0000] {dag.py:4180} INFO - Setting next_dagrun for tutorial to 2026-05-27 00:00:00+00:00, run_after=2026-05-28 00:00:00+00:00
[2026-05-28T14:17:28.744+0000] {processor.py:208} INFO - Processing /home/airflow/.local/lib/python3.12/site-packages/airflow/example_dags/tutorial.py took 0.196 seconds
[2026-05-28T14:18:05.381+0000] {processor.py:186} INFO - Started process (PID=3120) to work on /home/airflow/.local/lib/python3.12/site-packages/airflow/example_dags/tutorial.py
[2026-05-28T14:18:05.382+0000] {processor.py:914} INFO - Processing file /home/airflow/.local/lib/python3.12/site-packages/airflow/example_dags/tutorial.py for tasks to queue
[2026-05-28T14:18:05.386+0000] {logging_mixin.py:190} INFO - [2026-05-28T14:18:05.386+0000] {dagbag.py:588} INFO - Filling up the DagBag from /home/airflow/.local/lib/python3.12/site-packages/airflow/example_dags/tutorial.py
[2026-05-28T14:18:05.402+0000] {processor.py:925} INFO - DAG(s) 'tutorial' retrieved from /home/airflow/.local/lib/python3.12/site-packages/airflow/example_dags/tutorial.py
[2026-05-28T14:18:05.450+0000] {logging_mixin.py:190} INFO - [2026-05-28T14:18:05.450+0000] {dag.py:3239} INFO - Sync 1 DAGs
[2026-05-28T14:18:05.489+0000] {logging_mixin.py:190} INFO - [2026-05-28T14:18:05.488+0000] {dag.py:4180} INFO - Setting next_dagrun for tutorial to 2026-05-27 00:00:00+00:00, run_after=2026-05-28 00:00:00+00:00
[2026-05-28T14:18:05.541+0000] {processor.py:208} INFO - Processing /home/airflow/.local/lib/python3.12/site-packages/airflow/example_dags/tutorial.py took 0.172 seconds
[2026-05-28T14:18:35.766+0000] {processor.py:186} INFO - Started process (PID=3183) to work on /home/airflow/.local/lib/python3.12/site-packages/airflow/example_dags/tutorial.py
[2026-05-28T14:18:35.768+0000] {processor.py:914} INFO - Processing file /home/airflow/.local/lib/python3.12/site-packages/airflow/example_dags/tutorial.py for tasks to queue
[2026-05-28T14:18:35.771+0000] {logging_mixin.py:190} INFO - [2026-05-28T14:18:35.770+0000] {dagbag.py:588} INFO - Filling up the DagBag from /home/airflow/.local/lib/python3.12/site-packages/airflow/example_dags/tutorial.py
[2026-05-28T14:18:35.788+0000] {processor.py:925} INFO - DAG(s) 'tutorial' retrieved from /home/airflow/.local/lib/python3.12/site-packages/airflow/example_dags/tutorial.py
[2026-05-28T14:18:35.826+0000] {logging_mixin.py:190} INFO - [2026-05-28T14:18:35.826+0000] {dag.py:3239} INFO - Sync 1 DAGs
[2026-05-28T14:18:35.877+0000] {logging_mixin.py:190} INFO - [2026-05-28T14:18:35.877+0000] {dag.py:4180} INFO - Setting next_dagrun for tutorial to 2026-05-27 00:00:00+00:00, run_after=2026-05-28 00:00:00+00:00
[2026-05-28T14:18:35.923+0000] {processor.py:208} INFO - Processing /home/airflow/.local/lib/python3.12/site-packages/airflow/example_dags/tutorial.py took 0.165 seconds
[2026-05-28T14:19:08.532+0000] {processor.py:186} INFO - Started process (PID=3250) to work on /home/airflow/.local/lib/python3.12/site-packages/airflow/example_dags/tutorial.py
[2026-05-28T14:19:08.535+0000] {processor.py:914} INFO - Processing file /home/airflow/.local/lib/python3.12/site-packages/airflow/example_dags/tutorial.py for tasks to queue
[2026-05-28T14:19:08.538+0000] {logging_mixin.py:190} INFO - [2026-05-28T14:19:08.537+0000] {dagbag.py:588} INFO - Filling up the DagBag from /home/airflow/.local/lib/python3.12/site-packages/airflow/example_dags/tutorial.py
[2026-05-28T14:19:08.574+0000] {processor.py:925} INFO - DAG(s) 'tutorial' retrieved from /home/airflow/.local/lib/python3.12/site-packages/airflow/example_dags/tutorial.py
[2026-05-28T14:19:08.631+0000] {logging_mixin.py:190} INFO - [2026-05-28T14:19:08.630+0000] {dag.py:3239} INFO - Sync 1 DAGs
[2026-05-28T14:19:08.667+0000] {logging_mixin.py:190} INFO - [2026-05-28T14:19:08.667+0000] {dag.py:4180} INFO - Setting next_dagrun for tutorial to 2026-05-27 00:00:00+00:00, run_after=2026-05-28 00:00:00+00:00
[2026-05-28T14:19:08.705+0000] {processor.py:208} INFO - Processing /home/airflow/.local/lib/python3.12/site-packages/airflow/example_dags/tutorial.py took 0.194 seconds
[2026-05-28T14:19:40.370+0000] {processor.py:186} INFO - Started process (PID=3315) to work on /home/airflow/.local/lib/python3.12/site-packages/airflow/example_dags/tutorial.py
[2026-05-28T14:19:40.372+0000] {processor.py:914} INFO - Processing file /home/airflow/.local/lib/python3.12/site-packages/airflow/example_dags/tutorial.py for tasks to queue
[2026-05-28T14:19:40.374+0000] {logging_mixin.py:190} INFO - [2026-05-28T14:19:40.374+0000] {dagbag.py:588} INFO - Filling up the DagBag from /home/airflow/.local/lib/python3.12/site-packages/airflow/example_dags/tutorial.py
[2026-05-28T14:19:40.388+0000] {processor.py:925} INFO - DAG(s) 'tutorial' retrieved from /home/airflow/.local/lib/python3.12/site-packages/airflow/example_dags/tutorial.py
[2026-05-28T14:19:40.429+0000] {logging_mixin.py:190} INFO - [2026-05-28T14:19:40.429+0000] {dag.py:3239} INFO - Sync 1 DAGs
[2026-05-28T14:19:40.465+0000] {logging_mixin.py:190} INFO - [2026-05-28T14:19:40.464+0000] {dag.py:4180} INFO - Setting next_dagrun for tutorial to 2026-05-27 00:00:00+00:00, run_after=2026-05-28 00:00:00+00:00
[2026-05-28T14:19:40.509+0000] {processor.py:208} INFO - Processing /home/airflow/.local/lib/python3.12/site-packages/airflow/example_dags/tutorial.py took 0.147 seconds
[2026-05-28T14:20:17.162+0000] {processor.py:186} INFO - Started process (PID=3390) to work on /home/airflow/.local/lib/python3.12/site-packages/airflow/example_dags/tutorial.py
[2026-05-28T14:20:17.163+0000] {processor.py:914} INFO - Processing file /home/airflow/.local/lib/python3.12/site-packages/airflow/example_dags/tutorial.py for tasks to queue
[2026-05-28T14:20:17.166+0000] {logging_mixin.py:190} INFO - [2026-05-28T14:20:17.165+0000] {dagbag.py:588} INFO - Filling up the DagBag from /home/airflow/.local/lib/python3.12/site-packages/airflow/example_dags/tutorial.py
[2026-05-28T14:20:17.179+0000] {processor.py:925} INFO - DAG(s) 'tutorial' retrieved from /home/airflow/.local/lib/python3.12/site-packages/airflow/example_dags/tutorial.py
[2026-05-28T14:20:17.218+0000] {logging_mixin.py:190} INFO - [2026-05-28T14:20:17.218+0000] {dag.py:3239} INFO - Sync 1 DAGs
[2026-05-28T14:20:17.252+0000] {logging_mixin.py:190} INFO - [2026-05-28T14:20:17.251+0000] {dag.py:4180} INFO - Setting next_dagrun for tutorial to 2026-05-27 00:00:00+00:00, run_after=2026-05-28 00:00:00+00:00
[2026-05-28T14:20:17.292+0000] {processor.py:208} INFO - Processing /home/airflow/.local/lib/python3.12/site-packages/airflow/example_dags/tutorial.py took 0.138 seconds
[2026-05-28T14:20:57.085+0000] {processor.py:186} INFO - Started process (PID=3456) to work on /home/airflow/.local/lib/python3.12/site-packages/airflow/example_dags/tutorial.py
[2026-05-28T14:20:57.096+0000] {processor.py:914} INFO - Processing file /home/airflow/.local/lib/python3.12/site-packages/airflow/example_dags/tutorial.py for tasks to queue
[2026-05-28T14:20:57.101+0000] {logging_mixin.py:190} INFO - [2026-05-28T14:20:57.100+0000] {dagbag.py:588} INFO - Filling up the DagBag from /home/airflow/.local/lib/python3.12/site-packages/airflow/example_dags/tutorial.py
[2026-05-28T14:20:57.138+0000] {processor.py:925} INFO - DAG(s) 'tutorial' retrieved from /home/airflow/.local/lib/python3.12/site-packages/airflow/example_dags/tutorial.py
[2026-05-28T14:20:57.262+0000] {logging_mixin.py:190} INFO - [2026-05-28T14:20:57.262+0000] {dag.py:3239} INFO - Sync 1 DAGs
[2026-05-28T14:20:57.370+0000] {logging_mixin.py:190} INFO - [2026-05-28T14:20:57.370+0000] {dag.py:4180} INFO - Setting next_dagrun for tutorial to 2026-05-27 00:00:00+00:00, run_after=2026-05-28 00:00:00+00:00
[2026-05-28T14:20:57.442+0000] {processor.py:208} INFO - Processing /home/airflow/.local/lib/python3.12/site-packages/airflow/example_dags/tutorial.py took 0.378 seconds
[2026-05-28T14:21:31.386+0000] {processor.py:186} INFO - Started process (PID=3521) to work on /home/airflow/.local/lib/python3.12/site-packages/airflow/example_dags/tutorial.py
[2026-05-28T14:21:31.389+0000] {processor.py:914} INFO - Processing file /home/airflow/.local/lib/python3.12/site-packages/airflow/example_dags/tutorial.py for tasks to queue
[2026-05-28T14:21:31.392+0000] {logging_mixin.py:190} INFO - [2026-05-28T14:21:31.391+0000] {dagbag.py:588} INFO - Filling up the DagBag from /home/airflow/.local/lib/python3.12/site-packages/airflow/example_dags/tutorial.py
[2026-05-28T14:21:31.409+0000] {processor.py:925} INFO - DAG(s) 'tutorial' retrieved from /home/airflow/.local/lib/python3.12/site-packages/airflow/example_dags/tutorial.py
[2026-05-28T14:21:31.451+0000] {logging_mixin.py:190} INFO - [2026-05-28T14:21:31.451+0000] {dag.py:3239} INFO - Sync 1 DAGs
[2026-05-28T14:21:31.484+0000] {logging_mixin.py:190} INFO - [2026-05-28T14:21:31.484+0000] {dag.py:4180} INFO - Setting next_dagrun for tutorial to 2026-05-27 00:00:00+00:00, run_after=2026-05-28 00:00:00+00:00
[2026-05-28T14:21:31.517+0000] {processor.py:208} INFO - Processing /home/airflow/.local/lib/python3.12/site-packages/airflow/example_dags/tutorial.py took 0.141 seconds
[2026-05-28T14:22:01.853+0000] {processor.py:186} INFO - Started process (PID=3583) to work on /home/airflow/.local/lib/python3.12/site-packages/airflow/example_dags/tutorial.py
[2026-05-28T14:22:01.855+0000] {processor.py:914} INFO - Processing file /home/airflow/.local/lib/python3.12/site-packages/airflow/example_dags/tutorial.py for tasks to queue
[2026-05-28T14:22:01.858+0000] {logging_mixin.py:190} INFO - [2026-05-28T14:22:01.857+0000] {dagbag.py:588} INFO - Filling up the DagBag from /home/airflow/.local/lib/python3.12/site-packages/airflow/example_dags/tutorial.py
[2026-05-28T14:22:01.873+0000] {processor.py:925} INFO - DAG(s) 'tutorial' retrieved from /home/airflow/.local/lib/python3.12/site-packages/airflow/example_dags/tutorial.py
[2026-05-28T14:22:01.906+0000] {logging_mixin.py:190} INFO - [2026-05-28T14:22:01.906+0000] {dag.py:3239} INFO - Sync 1 DAGs
[2026-05-28T14:22:01.937+0000] {logging_mixin.py:190} INFO - [2026-05-28T14:22:01.937+0000] {dag.py:4180} INFO - Setting next_dagrun for tutorial to 2026-05-27 00:00:00+00:00, run_after=2026-05-28 00:00:00+00:00
[2026-05-28T14:22:01.980+0000] {processor.py:208} INFO - Processing /home/airflow/.local/lib/python3.12/site-packages/airflow/example_dags/tutorial.py took 0.135 seconds
[2026-05-28T14:22:32.842+0000] {processor.py:186} INFO - Started process (PID=3646) to work on /home/airflow/.local/lib/python3.12/site-packages/airflow/example_dags/tutorial.py
[2026-05-28T14:22:32.844+0000] {processor.py:914} INFO - Processing file /home/airflow/.local/lib/python3.12/site-packages/airflow/example_dags/tutorial.py for tasks to queue
[2026-05-28T14:22:32.847+0000] {logging_mixin.py:190} INFO - [2026-05-28T14:22:32.847+0000] {dagbag.py:588} INFO - Filling up the DagBag from /home/airflow/.local/lib/python3.12/site-packages/airflow/example_dags/tutorial.py
[2026-05-28T14:22:32.865+0000] {processor.py:925} INFO - DAG(s) 'tutorial' retrieved from /home/airflow/.local/lib/python3.12/site-packages/airflow/example_dags/tutorial.py
[2026-05-28T14:22:32.917+0000] {logging_mixin.py:190} INFO - [2026-05-28T14:22:32.916+0000] {dag.py:3239} INFO - Sync 1 DAGs
[2026-05-28T14:22:32.968+0000] {logging_mixin.py:190} INFO - [2026-05-28T14:22:32.967+0000] {dag.py:4180} INFO - Setting next_dagrun for tutorial to 2026-05-27 00:00:00+00:00, run_after=2026-05-28 00:00:00+00:00
[2026-05-28T14:22:33.007+0000] {processor.py:208} INFO - Processing /home/airflow/.local/lib/python3.12/site-packages/airflow/example_dags/tutorial.py took 0.177 seconds
[2026-05-28T14:23:07.273+0000] {processor.py:186} INFO - Started process (PID=3709) to work on /home/airflow/.local/lib/python3.12/site-packages/airflow/example_dags/tutorial.py
[2026-05-28T14:23:07.275+0000] {processor.py:914} INFO - Processing file /home/airflow/.local/lib/python3.12/site-packages/airflow/example_dags/tutorial.py for tasks to queue
[2026-05-28T14:23:07.279+0000] {logging_mixin.py:190} INFO - [2026-05-28T14:23:07.279+0000] {dagbag.py:588} INFO - Filling up the DagBag from /home/airflow/.local/lib/python3.12/site-packages/airflow/example_dags/tutorial.py
[2026-05-28T14:23:07.297+0000] {processor.py:925} INFO - DAG(s) 'tutorial' retrieved from /home/airflow/.local/lib/python3.12/site-packages/airflow/example_dags/tutorial.py
[2026-05-28T14:23:07.337+0000] {logging_mixin.py:190} INFO - [2026-05-28T14:23:07.337+0000] {dag.py:3239} INFO - Sync 1 DAGs
[2026-05-28T14:23:07.374+0000] {logging_mixin.py:190} INFO - [2026-05-28T14:23:07.374+0000] {dag.py:4180} INFO - Setting next_dagrun for tutorial to 2026-05-27 00:00:00+00:00, run_after=2026-05-28 00:00:00+00:00
[2026-05-28T14:23:07.414+0000] {processor.py:208} INFO - Processing /home/airflow/.local/lib/python3.12/site-packages/airflow/example_dags/tutorial.py took 0.153 seconds
[2026-05-28T14:23:45.321+0000] {processor.py:186} INFO - Started process (PID=3782) to work on /home/airflow/.local/lib/python3.12/site-packages/airflow/example_dags/tutorial.py
[2026-05-28T14:23:45.323+0000] {processor.py:914} INFO - Processing file /home/airflow/.local/lib/python3.12/site-packages/airflow/example_dags/tutorial.py for tasks to queue
[2026-05-28T14:23:45.326+0000] {logging_mixin.py:190} INFO - [2026-05-28T14:23:45.325+0000] {dagbag.py:588} INFO - Filling up the DagBag from /home/airflow/.local/lib/python3.12/site-packages/airflow/example_dags/tutorial.py
[2026-05-28T14:23:45.343+0000] {processor.py:925} INFO - DAG(s) 'tutorial' retrieved from /home/airflow/.local/lib/python3.12/site-packages/airflow/example_dags/tutorial.py
[2026-05-28T14:23:45.384+0000] {logging_mixin.py:190} INFO - [2026-05-28T14:23:45.384+0000] {dag.py:3239} INFO - Sync 1 DAGs
[2026-05-28T14:23:45.419+0000] {logging_mixin.py:190} INFO - [2026-05-28T14:23:45.418+0000] {dag.py:4180} INFO - Setting next_dagrun for tutorial to 2026-05-27 00:00:00+00:00, run_after=2026-05-28 00:00:00+00:00
[2026-05-28T14:23:45.462+0000] {processor.py:208} INFO - Processing /home/airflow/.local/lib/python3.12/site-packages/airflow/example_dags/tutorial.py took 0.152 seconds
[2026-05-28T14:24:27.330+0000] {processor.py:186} INFO - Started process (PID=3860) to work on /home/airflow/.local/lib/python3.12/site-packages/airflow/example_dags/tutorial.py
[2026-05-28T14:24:27.332+0000] {processor.py:914} INFO - Processing file /home/airflow/.local/lib/python3.12/site-packages/airflow/example_dags/tutorial.py for tasks to queue
[2026-05-28T14:24:27.335+0000] {logging_mixin.py:190} INFO - [2026-05-28T14:24:27.334+0000] {dagbag.py:588} INFO - Filling up the DagBag from /home/airflow/.local/lib/python3.12/site-packages/airflow/example_dags/tutorial.py
[2026-05-28T14:24:27.353+0000] {processor.py:925} INFO - DAG(s) 'tutorial' retrieved from /home/airflow/.local/lib/python3.12/site-packages/airflow/example_dags/tutorial.py
[2026-05-28T14:24:27.400+0000] {logging_mixin.py:190} INFO - [2026-05-28T14:24:27.399+0000] {dag.py:3239} INFO - Sync 1 DAGs
[2026-05-28T14:24:27.434+0000] {logging_mixin.py:190} INFO - [2026-05-28T14:24:27.434+0000] {dag.py:4180} INFO - Setting next_dagrun for tutorial to 2026-05-27 00:00:00+00:00, run_after=2026-05-28 00:00:00+00:00
[2026-05-28T14:24:27.477+0000] {processor.py:208} INFO - Processing /home/airflow/.local/lib/python3.12/site-packages/airflow/example_dags/tutorial.py took 0.158 seconds
[2026-05-28T14:25:07.546+0000] {processor.py:186} INFO - Started process (PID=3933) to work on /home/airflow/.local/lib/python3.12/site-packages/airflow/example_dags/tutorial.py
[2026-05-28T14:25:07.548+0000] {processor.py:914} INFO - Processing file /home/airflow/.local/lib/python3.12/site-packages/airflow/example_dags/tutorial.py for tasks to queue
[2026-05-28T14:25:07.550+0000] {logging_mixin.py:190} INFO - [2026-05-28T14:25:07.550+0000] {dagbag.py:588} INFO - Filling up the DagBag from /home/airflow/.local/lib/python3.12/site-packages/airflow/example_dags/tutorial.py
[2026-05-28T14:25:07.564+0000] {processor.py:925} INFO - DAG(s) 'tutorial' retrieved from /home/airflow/.local/lib/python3.12/site-packages/airflow/example_dags/tutorial.py
[2026-05-28T14:25:07.604+0000] {logging_mixin.py:190} INFO - [2026-05-28T14:25:07.604+0000] {dag.py:3239} INFO - Sync 1 DAGs
[2026-05-28T14:25:07.636+0000] {logging_mixin.py:190} INFO - [2026-05-28T14:25:07.635+0000] {dag.py:4180} INFO - Setting next_dagrun for tutorial to 2026-05-27 00:00:00+00:00, run_after=2026-05-28 00:00:00+00:00
[2026-05-28T14:25:07.665+0000] {processor.py:208} INFO - Processing /home/airflow/.local/lib/python3.12/site-packages/airflow/example_dags/tutorial.py took 0.128 seconds
[2026-05-28T14:25:41.382+0000] {processor.py:186} INFO - Started process (PID=3996) to work on /home/airflow/.local/lib/python3.12/site-packages/airflow/example_dags/tutorial.py
[2026-05-28T14:25:41.384+0000] {processor.py:914} INFO - Processing file /home/airflow/.local/lib/python3.12/site-packages/airflow/example_dags/tutorial.py for tasks to queue
[2026-05-28T14:25:41.387+0000] {logging_mixin.py:190} INFO - [2026-05-28T14:25:41.386+0000] {dagbag.py:588} INFO - Filling up the DagBag from /home/airflow/.local/lib/python3.12/site-packages/airflow/example_dags/tutorial.py
[2026-05-28T14:25:41.400+0000] {processor.py:925} INFO - DAG(s) 'tutorial' retrieved from /home/airflow/.local/lib/python3.12/site-packages/airflow/example_dags/tutorial.py
[2026-05-28T14:25:41.435+0000] {logging_mixin.py:190} INFO - [2026-05-28T14:25:41.435+0000] {dag.py:3239} INFO - Sync 1 DAGs
[2026-05-28T14:25:41.465+0000] {logging_mixin.py:190} INFO - [2026-05-28T14:25:41.465+0000] {dag.py:4180} INFO - Setting next_dagrun for tutorial to 2026-05-27 00:00:00+00:00, run_after=2026-05-28 00:00:00+00:00
[2026-05-28T14:25:41.509+0000] {processor.py:208} INFO - Processing /home/airflow/.local/lib/python3.12/site-packages/airflow/example_dags/tutorial.py took 0.134 seconds
[2026-05-28T14:26:19.286+0000] {processor.py:186} INFO - Started process (PID=4076) to work on /home/airflow/.local/lib/python3.12/site-packages/airflow/example_dags/tutorial.py
[2026-05-28T14:26:19.288+0000] {processor.py:914} INFO - Processing file /home/airflow/.local/lib/python3.12/site-packages/airflow/example_dags/tutorial.py for tasks to queue
[2026-05-28T14:26:19.291+0000] {logging_mixin.py:190} INFO - [2026-05-28T14:26:19.290+0000] {dagbag.py:588} INFO - Filling up the DagBag from /home/airflow/.local/lib/python3.12/site-packages/airflow/example_dags/tutorial.py
[2026-05-28T14:26:19.311+0000] {processor.py:925} INFO - DAG(s) 'tutorial' retrieved from /home/airflow/.local/lib/python3.12/site-packages/airflow/example_dags/tutorial.py
[2026-05-28T14:26:19.357+0000] {logging_mixin.py:190} INFO - [2026-05-28T14:26:19.357+0000] {dag.py:3239} INFO - Sync 1 DAGs
[2026-05-28T14:26:19.404+0000] {logging_mixin.py:190} INFO - [2026-05-28T14:26:19.403+0000] {dag.py:4180} INFO - Setting next_dagrun for tutorial to 2026-05-27 00:00:00+00:00, run_after=2026-05-28 00:00:00+00:00
[2026-05-28T14:26:19.442+0000] {processor.py:208} INFO - Processing /home/airflow/.local/lib/python3.12/site-packages/airflow/example_dags/tutorial.py took 0.167 seconds
[2026-05-28T14:26:57.779+0000] {processor.py:186} INFO - Started process (PID=4140) to work on /home/airflow/.local/lib/python3.12/site-packages/airflow/example_dags/tutorial.py
[2026-05-28T14:26:57.781+0000] {processor.py:914} INFO - Processing file /home/airflow/.local/lib/python3.12/site-packages/airflow/example_dags/tutorial.py for tasks to queue
[2026-05-28T14:26:57.784+0000] {logging_mixin.py:190} INFO - [2026-05-28T14:26:57.783+0000] {dagbag.py:588} INFO - Filling up the DagBag from /home/airflow/.local/lib/python3.12/site-packages/airflow/example_dags/tutorial.py
[2026-05-28T14:26:57.798+0000] {processor.py:925} INFO - DAG(s) 'tutorial' retrieved from /home/airflow/.local/lib/python3.12/site-packages/airflow/example_dags/tutorial.py
[2026-05-28T14:26:57.841+0000] {logging_mixin.py:190} INFO - [2026-05-28T14:26:57.841+0000] {dag.py:3239} INFO - Sync 1 DAGs
[2026-05-28T14:26:57.879+0000] {logging_mixin.py:190} INFO - [2026-05-28T14:26:57.879+0000] {dag.py:4180} INFO - Setting next_dagrun for tutorial to 2026-05-27 00:00:00+00:00, run_after=2026-05-28 00:00:00+00:00
[2026-05-28T14:26:57.920+0000] {processor.py:208} INFO - Processing /home/airflow/.local/lib/python3.12/site-packages/airflow/example_dags/tutorial.py took 0.152 seconds
[2026-05-28T14:27:28.467+0000] {processor.py:186} INFO - Started process (PID=4203) to work on /home/airflow/.local/lib/python3.12/site-packages/airflow/example_dags/tutorial.py
[2026-05-28T14:27:28.469+0000] {processor.py:914} INFO - Processing file /home/airflow/.local/lib/python3.12/site-packages/airflow/example_dags/tutorial.py for tasks to queue
[2026-05-28T14:27:28.472+0000] {logging_mixin.py:190} INFO - [2026-05-28T14:27:28.471+0000] {dagbag.py:588} INFO - Filling up the DagBag from /home/airflow/.local/lib/python3.12/site-packages/airflow/example_dags/tutorial.py
[2026-05-28T14:27:28.490+0000] {processor.py:925} INFO - DAG(s) 'tutorial' retrieved from /home/airflow/.local/lib/python3.12/site-packages/airflow/example_dags/tutorial.py
[2026-05-28T14:27:28.539+0000] {logging_mixin.py:190} INFO - [2026-05-28T14:27:28.539+0000] {dag.py:3239} INFO - Sync 1 DAGs
[2026-05-28T14:27:28.583+0000] {logging_mixin.py:190} INFO - [2026-05-28T14:27:28.583+0000] {dag.py:4180} INFO - Setting next_dagrun for tutorial to 2026-05-27 00:00:00+00:00, run_after=2026-05-28 00:00:00+00:00
[2026-05-28T14:27:28.620+0000] {processor.py:208} INFO - Processing /home/airflow/.local/lib/python3.12/site-packages/airflow/example_dags/tutorial.py took 0.164 seconds
[2026-05-28T14:27:59.724+0000] {processor.py:186} INFO - Started process (PID=4267) to work on /home/airflow/.local/lib/python3.12/site-packages/airflow/example_dags/tutorial.py
[2026-05-28T14:27:59.726+0000] {processor.py:914} INFO - Processing file /home/airflow/.local/lib/python3.12/site-packages/airflow/example_dags/tutorial.py for tasks to queue
[2026-05-28T14:27:59.729+0000] {logging_mixin.py:190} INFO - [2026-05-28T14:27:59.728+0000] {dagbag.py:588} INFO - Filling up the DagBag from /home/airflow/.local/lib/python3.12/site-packages/airflow/example_dags/tutorial.py
[2026-05-28T14:27:59.749+0000] {processor.py:925} INFO - DAG(s) 'tutorial' retrieved from /home/airflow/.local/lib/python3.12/site-packages/airflow/example_dags/tutorial.py
[2026-05-28T14:27:59.804+0000] {logging_mixin.py:190} INFO - [2026-05-28T14:27:59.803+0000] {dag.py:3239} INFO - Sync 1 DAGs
[2026-05-28T14:27:59.850+0000] {logging_mixin.py:190} INFO - [2026-05-28T14:27:59.850+0000] {dag.py:4180} INFO - Setting next_dagrun for tutorial to 2026-05-27 00:00:00+00:00, run_after=2026-05-28 00:00:00+00:00
[2026-05-28T14:27:59.895+0000] {processor.py:208} INFO - Processing /home/airflow/.local/lib/python3.12/site-packages/airflow/example_dags/tutorial.py took 0.180 seconds
[2026-05-28T14:28:37.923+0000] {processor.py:186} INFO - Started process (PID=4335) to work on /home/airflow/.local/lib/python3.12/site-packages/airflow/example_dags/tutorial.py
[2026-05-28T14:28:37.925+0000] {processor.py:914} INFO - Processing file /home/airflow/.local/lib/python3.12/site-packages/airflow/example_dags/tutorial.py for tasks to queue
[2026-05-28T14:28:37.928+0000] {logging_mixin.py:190} INFO - [2026-05-28T14:28:37.927+0000] {dagbag.py:588} INFO - Filling up the DagBag from /home/airflow/.local/lib/python3.12/site-packages/airflow/example_dags/tutorial.py
[2026-05-28T14:28:37.948+0000] {processor.py:925} INFO - DAG(s) 'tutorial' retrieved from /home/airflow/.local/lib/python3.12/site-packages/airflow/example_dags/tutorial.py
[2026-05-28T14:28:37.999+0000] {logging_mixin.py:190} INFO - [2026-05-28T14:28:37.998+0000] {dag.py:3239} INFO - Sync 1 DAGs
[2026-05-28T14:28:38.044+0000] {logging_mixin.py:190} INFO - [2026-05-28T14:28:38.044+0000] {dag.py:4180} INFO - Setting next_dagrun for tutorial to 2026-05-27 00:00:00+00:00, run_after=2026-05-28 00:00:00+00:00
[2026-05-28T14:28:38.076+0000] {processor.py:208} INFO - Processing /home/airflow/.local/lib/python3.12/site-packages/airflow/example_dags/tutorial.py took 0.163 seconds
[2026-05-28T14:29:17.936+0000] {processor.py:186} INFO - Started process (PID=4408) to work on /home/airflow/.local/lib/python3.12/site-packages/airflow/example_dags/tutorial.py
[2026-05-28T14:29:17.938+0000] {processor.py:914} INFO - Processing file /home/airflow/.local/lib/python3.12/site-packages/airflow/example_dags/tutorial.py for tasks to queue
[2026-05-28T14:29:17.940+0000] {logging_mixin.py:190} INFO - [2026-05-28T14:29:17.940+0000] {dagbag.py:588} INFO - Filling up the DagBag from /home/airflow/.local/lib/python3.12/site-packages/airflow/example_dags/tutorial.py
[2026-05-28T14:29:17.962+0000] {processor.py:925} INFO - DAG(s) 'tutorial' retrieved from /home/airflow/.local/lib/python3.12/site-packages/airflow/example_dags/tutorial.py
[2026-05-28T14:29:18.004+0000] {logging_mixin.py:190} INFO - [2026-05-28T14:29:18.003+0000] {dag.py:3239} INFO - Sync 1 DAGs
[2026-05-28T14:29:18.038+0000] {logging_mixin.py:190} INFO - [2026-05-28T14:29:18.038+0000] {dag.py:4180} INFO - Setting next_dagrun for tutorial to 2026-05-27 00:00:00+00:00, run_after=2026-05-28 00:00:00+00:00
[2026-05-28T14:29:18.077+0000] {processor.py:208} INFO - Processing /home/airflow/.local/lib/python3.12/site-packages/airflow/example_dags/tutorial.py took 0.150 seconds
[2026-05-28T14:29:53.393+0000] {processor.py:186} INFO - Started process (PID=4472) to work on /home/airflow/.local/lib/python3.12/site-packages/airflow/example_dags/tutorial.py
[2026-05-28T14:29:53.395+0000] {processor.py:914} INFO - Processing file /home/airflow/.local/lib/python3.12/site-packages/airflow/example_dags/tutorial.py for tasks to queue
[2026-05-28T14:29:53.398+0000] {logging_mixin.py:190} INFO - [2026-05-28T14:29:53.398+0000] {dagbag.py:588} INFO - Filling up the DagBag from /home/airflow/.local/lib/python3.12/site-packages/airflow/example_dags/tutorial.py
[2026-05-28T14:29:53.413+0000] {processor.py:925} INFO - DAG(s) 'tutorial' retrieved from /home/airflow/.local/lib/python3.12/site-packages/airflow/example_dags/tutorial.py
[2026-05-28T14:29:53.457+0000] {logging_mixin.py:190} INFO - [2026-05-28T14:29:53.456+0000] {dag.py:3239} INFO - Sync 1 DAGs
[2026-05-28T14:29:53.496+0000] {logging_mixin.py:190} INFO - [2026-05-28T14:29:53.496+0000] {dag.py:4180} INFO - Setting next_dagrun for tutorial to 2026-05-27 00:00:00+00:00, run_after=2026-05-28 00:00:00+00:00
[2026-05-28T14:29:53.538+0000] {processor.py:208} INFO - Processing /home/airflow/.local/lib/python3.12/site-packages/airflow/example_dags/tutorial.py took 0.155 seconds
[2026-05-28T14:30:24.516+0000] {processor.py:186} INFO - Started process (PID=4535) to work on /home/airflow/.local/lib/python3.12/site-packages/airflow/example_dags/tutorial.py
[2026-05-28T14:30:24.518+0000] {processor.py:914} INFO - Processing file /home/airflow/.local/lib/python3.12/site-packages/airflow/example_dags/tutorial.py for tasks to queue
[2026-05-28T14:30:24.521+0000] {logging_mixin.py:190} INFO - [2026-05-28T14:30:24.520+0000] {dagbag.py:588} INFO - Filling up the DagBag from /home/airflow/.local/lib/python3.12/site-packages/airflow/example_dags/tutorial.py
[2026-05-28T14:30:24.541+0000] {processor.py:925} INFO - DAG(s) 'tutorial' retrieved from /home/airflow/.local/lib/python3.12/site-packages/airflow/example_dags/tutorial.py
[2026-05-28T14:30:24.578+0000] {logging_mixin.py:190} INFO - [2026-05-28T14:30:24.578+0000] {dag.py:3239} INFO - Sync 1 DAGs
[2026-05-28T14:30:24.612+0000] {logging_mixin.py:190} INFO - [2026-05-28T14:30:24.611+0000] {dag.py:4180} INFO - Setting next_dagrun for tutorial to 2026-05-27 00:00:00+00:00, run_after=2026-05-28 00:00:00+00:00
[2026-05-28T14:30:24.652+0000] {processor.py:208} INFO - Processing /home/airflow/.local/lib/python3.12/site-packages/airflow/example_dags/tutorial.py took 0.148 seconds
[2026-05-28T14:30:58.401+0000] {processor.py:186} INFO - Started process (PID=4599) to work on /home/airflow/.local/lib/python3.12/site-packages/airflow/example_dags/tutorial.py
[2026-05-28T14:30:58.403+0000] {processor.py:914} INFO - Processing file /home/airflow/.local/lib/python3.12/site-packages/airflow/example_dags/tutorial.py for tasks to queue
[2026-05-28T14:30:58.405+0000] {logging_mixin.py:190} INFO - [2026-05-28T14:30:58.405+0000] {dagbag.py:588} INFO - Filling up the DagBag from /home/airflow/.local/lib/python3.12/site-packages/airflow/example_dags/tutorial.py
[2026-05-28T14:30:58.420+0000] {processor.py:925} INFO - DAG(s) 'tutorial' retrieved from /home/airflow/.local/lib/python3.12/site-packages/airflow/example_dags/tutorial.py
[2026-05-28T14:30:58.459+0000] {logging_mixin.py:190} INFO - [2026-05-28T14:30:58.458+0000] {dag.py:3239} INFO - Sync 1 DAGs
[2026-05-28T14:30:58.498+0000] {logging_mixin.py:190} INFO - [2026-05-28T14:30:58.498+0000] {dag.py:4180} INFO - Setting next_dagrun for tutorial to 2026-05-27 00:00:00+00:00, run_after=2026-05-28 00:00:00+00:00
[2026-05-28T14:30:58.534+0000] {processor.py:208} INFO - Processing /home/airflow/.local/lib/python3.12/site-packages/airflow/example_dags/tutorial.py took 0.144 seconds
[2026-05-28T14:31:32.404+0000] {processor.py:186} INFO - Started process (PID=4664) to work on /home/airflow/.local/lib/python3.12/site-packages/airflow/example_dags/tutorial.py
[2026-05-28T14:31:32.406+0000] {processor.py:914} INFO - Processing file /home/airflow/.local/lib/python3.12/site-packages/airflow/example_dags/tutorial.py for tasks to queue
[2026-05-28T14:31:32.409+0000] {logging_mixin.py:190} INFO - [2026-05-28T14:31:32.409+0000] {dagbag.py:588} INFO - Filling up the DagBag from /home/airflow/.local/lib/python3.12/site-packages/airflow/example_dags/tutorial.py
[2026-05-28T14:31:32.423+0000] {processor.py:925} INFO - DAG(s) 'tutorial' retrieved from /home/airflow/.local/lib/python3.12/site-packages/airflow/example_dags/tutorial.py
[2026-05-28T14:31:32.462+0000] {logging_mixin.py:190} INFO - [2026-05-28T14:31:32.462+0000] {dag.py:3239} INFO - Sync 1 DAGs
[2026-05-28T14:31:32.499+0000] {logging_mixin.py:190} INFO - [2026-05-28T14:31:32.498+0000] {dag.py:4180} INFO - Setting next_dagrun for tutorial to 2026-05-27 00:00:00+00:00, run_after=2026-05-28 00:00:00+00:00
[2026-05-28T14:31:32.546+0000] {processor.py:208} INFO - Processing /home/airflow/.local/lib/python3.12/site-packages/airflow/example_dags/tutorial.py took 0.151 seconds
[2026-05-28T14:32:03.429+0000] {processor.py:186} INFO - Started process (PID=4727) to work on /home/airflow/.local/lib/python3.12/site-packages/airflow/example_dags/tutorial.py
[2026-05-28T14:32:03.431+0000] {processor.py:914} INFO - Processing file /home/airflow/.local/lib/python3.12/site-packages/airflow/example_dags/tutorial.py for tasks to queue
[2026-05-28T14:32:03.436+0000] {logging_mixin.py:190} INFO - [2026-05-28T14:32:03.435+0000] {dagbag.py:588} INFO - Filling up the DagBag from /home/airflow/.local/lib/python3.12/site-packages/airflow/example_dags/tutorial.py
[2026-05-28T14:32:03.457+0000] {processor.py:925} INFO - DAG(s) 'tutorial' retrieved from /home/airflow/.local/lib/python3.12/site-packages/airflow/example_dags/tutorial.py
[2026-05-28T14:32:03.499+0000] {logging_mixin.py:190} INFO - [2026-05-28T14:32:03.499+0000] {dag.py:3239} INFO - Sync 1 DAGs
[2026-05-28T14:32:03.551+0000] {logging_mixin.py:190} INFO - [2026-05-28T14:32:03.551+0000] {dag.py:4180} INFO - Setting next_dagrun for tutorial to 2026-05-27 00:00:00+00:00, run_after=2026-05-28 00:00:00+00:00
[2026-05-28T14:32:03.587+0000] {processor.py:208} INFO - Processing /home/airflow/.local/lib/python3.12/site-packages/airflow/example_dags/tutorial.py took 0.166 seconds
[2026-05-28T14:32:34.480+0000] {processor.py:186} INFO - Started process (PID=4790) to work on /home/airflow/.local/lib/python3.12/site-packages/airflow/example_dags/tutorial.py
[2026-05-28T14:32:34.482+0000] {processor.py:914} INFO - Processing file /home/airflow/.local/lib/python3.12/site-packages/airflow/example_dags/tutorial.py for tasks to queue
[2026-05-28T14:32:34.485+0000] {logging_mixin.py:190} INFO - [2026-05-28T14:32:34.484+0000] {dagbag.py:588} INFO - Filling up the DagBag from /home/airflow/.local/lib/python3.12/site-packages/airflow/example_dags/tutorial.py
[2026-05-28T14:32:34.504+0000] {processor.py:925} INFO - DAG(s) 'tutorial' retrieved from /home/airflow/.local/lib/python3.12/site-packages/airflow/example_dags/tutorial.py
[2026-05-28T14:32:34.545+0000] {logging_mixin.py:190} INFO - [2026-05-28T14:32:34.545+0000] {dag.py:3239} INFO - Sync 1 DAGs
[2026-05-28T14:32:34.586+0000] {logging_mixin.py:190} INFO - [2026-05-28T14:32:34.586+0000] {dag.py:4180} INFO - Setting next_dagrun for tutorial to 2026-05-27 00:00:00+00:00, run_after=2026-05-28 00:00:00+00:00
[2026-05-28T14:32:34.627+0000] {processor.py:208} INFO - Processing /home/airflow/.local/lib/python3.12/site-packages/airflow/example_dags/tutorial.py took 0.157 seconds
[2026-05-28T14:33:10.447+0000] {processor.py:186} INFO - Started process (PID=4856) to work on /home/airflow/.local/lib/python3.12/site-packages/airflow/example_dags/tutorial.py
[2026-05-28T14:33:10.449+0000] {processor.py:914} INFO - Processing file /home/airflow/.local/lib/python3.12/site-packages/airflow/example_dags/tutorial.py for tasks to queue
[2026-05-28T14:33:10.451+0000] {logging_mixin.py:190} INFO - [2026-05-28T14:33:10.451+0000] {dagbag.py:588} INFO - Filling up the DagBag from /home/airflow/.local/lib/python3.12/site-packages/airflow/example_dags/tutorial.py
[2026-05-28T14:33:10.469+0000] {processor.py:925} INFO - DAG(s) 'tutorial' retrieved from /home/airflow/.local/lib/python3.12/site-packages/airflow/example_dags/tutorial.py
[2026-05-28T14:33:10.516+0000] {logging_mixin.py:190} INFO - [2026-05-28T14:33:10.515+0000] {dag.py:3239} INFO - Sync 1 DAGs
[2026-05-28T14:33:10.564+0000] {logging_mixin.py:190} INFO - [2026-05-28T14:33:10.563+0000] {dag.py:4180} INFO - Setting next_dagrun for tutorial to 2026-05-27 00:00:00+00:00, run_after=2026-05-28 00:00:00+00:00
[2026-05-28T14:33:10.604+0000] {processor.py:208} INFO - Processing /home/airflow/.local/lib/python3.12/site-packages/airflow/example_dags/tutorial.py took 0.167 seconds
[2026-05-28T14:33:49.778+0000] {processor.py:186} INFO - Started process (PID=4926) to work on /home/airflow/.local/lib/python3.12/site-packages/airflow/example_dags/tutorial.py
[2026-05-28T14:33:49.780+0000] {processor.py:914} INFO - Processing file /home/airflow/.local/lib/python3.12/site-packages/airflow/example_dags/tutorial.py for tasks to queue
[2026-05-28T14:33:49.783+0000] {logging_mixin.py:190} INFO - [2026-05-28T14:33:49.782+0000] {dagbag.py:588} INFO - Filling up the DagBag from /home/airflow/.local/lib/python3.12/site-packages/airflow/example_dags/tutorial.py
[2026-05-28T14:33:49.800+0000] {processor.py:925} INFO - DAG(s) 'tutorial' retrieved from /home/airflow/.local/lib/python3.12/site-packages/airflow/example_dags/tutorial.py
[2026-05-28T14:33:49.845+0000] {logging_mixin.py:190} INFO - [2026-05-28T14:33:49.845+0000] {dag.py:3239} INFO - Sync 1 DAGs
[2026-05-28T14:33:49.879+0000] {logging_mixin.py:190} INFO - [2026-05-28T14:33:49.879+0000] {dag.py:4180} INFO - Setting next_dagrun for tutorial to 2026-05-27 00:00:00+00:00, run_after=2026-05-28 00:00:00+00:00
[2026-05-28T14:33:49.913+0000] {processor.py:208} INFO - Processing /home/airflow/.local/lib/python3.12/site-packages/airflow/example_dags/tutorial.py took 0.145 seconds
[2026-05-28T14:34:30.050+0000] {processor.py:186} INFO - Started process (PID=4993) to work on /home/airflow/.local/lib/python3.12/site-packages/airflow/example_dags/tutorial.py
[2026-05-28T14:34:30.052+0000] {processor.py:914} INFO - Processing file /home/airflow/.local/lib/python3.12/site-packages/airflow/example_dags/tutorial.py for tasks to queue
[2026-05-28T14:34:30.055+0000] {logging_mixin.py:190} INFO - [2026-05-28T14:34:30.054+0000] {dagbag.py:588} INFO - Filling up the DagBag from /home/airflow/.local/lib/python3.12/site-packages/airflow/example_dags/tutorial.py
[2026-05-28T14:34:30.074+0000] {processor.py:925} INFO - DAG(s) 'tutorial' retrieved from /home/airflow/.local/lib/python3.12/site-packages/airflow/example_dags/tutorial.py
[2026-05-28T14:34:30.119+0000] {logging_mixin.py:190} INFO - [2026-05-28T14:34:30.119+0000] {dag.py:3239} INFO - Sync 1 DAGs
[2026-05-28T14:34:30.169+0000] {logging_mixin.py:190} INFO - [2026-05-28T14:34:30.168+0000] {dag.py:4180} INFO - Setting next_dagrun for tutorial to 2026-05-27 00:00:00+00:00, run_after=2026-05-28 00:00:00+00:00
[2026-05-28T14:34:30.213+0000] {processor.py:208} INFO - Processing /home/airflow/.local/lib/python3.12/site-packages/airflow/example_dags/tutorial.py took 0.170 seconds
[2026-05-28T14:35:01.514+0000] {processor.py:186} INFO - Started process (PID=5058) to work on /home/airflow/.local/lib/python3.12/site-packages/airflow/example_dags/tutorial.py
[2026-05-28T14:35:01.517+0000] {processor.py:914} INFO - Processing file /home/airflow/.local/lib/python3.12/site-packages/airflow/example_dags/tutorial.py for tasks to queue
[2026-05-28T14:35:01.520+0000] {logging_mixin.py:190} INFO - [2026-05-28T14:35:01.519+0000] {dagbag.py:588} INFO - Filling up the DagBag from /home/airflow/.local/lib/python3.12/site-packages/airflow/example_dags/tutorial.py
[2026-05-28T14:35:01.536+0000] {processor.py:925} INFO - DAG(s) 'tutorial' retrieved from /home/airflow/.local/lib/python3.12/site-packages/airflow/example_dags/tutorial.py
[2026-05-28T14:35:01.579+0000] {logging_mixin.py:190} INFO - [2026-05-28T14:35:01.578+0000] {dag.py:3239} INFO - Sync 1 DAGs
[2026-05-28T14:35:01.620+0000] {logging_mixin.py:190} INFO - [2026-05-28T14:35:01.620+0000] {dag.py:4180} INFO - Setting next_dagrun for tutorial to 2026-05-27 00:00:00+00:00, run_after=2026-05-28 00:00:00+00:00
[2026-05-28T14:35:01.657+0000] {processor.py:208} INFO - Processing /home/airflow/.local/lib/python3.12/site-packages/airflow/example_dags/tutorial.py took 0.153 seconds
[2026-05-28T14:35:36.799+0000] {processor.py:186} INFO - Started process (PID=5121) to work on /home/airflow/.local/lib/python3.12/site-packages/airflow/example_dags/tutorial.py
[2026-05-28T14:35:36.801+0000] {processor.py:914} INFO - Processing file /home/airflow/.local/lib/python3.12/site-packages/airflow/example_dags/tutorial.py for tasks to queue
[2026-05-28T14:35:36.804+0000] {logging_mixin.py:190} INFO - [2026-05-28T14:35:36.803+0000] {dagbag.py:588} INFO - Filling up the DagBag from /home/airflow/.local/lib/python3.12/site-packages/airflow/example_dags/tutorial.py
[2026-05-28T14:35:36.821+0000] {processor.py:925} INFO - DAG(s) 'tutorial' retrieved from /home/airflow/.local/lib/python3.12/site-packages/airflow/example_dags/tutorial.py
[2026-05-28T14:35:36.864+0000] {logging_mixin.py:190} INFO - [2026-05-28T14:35:36.864+0000] {dag.py:3239} INFO - Sync 1 DAGs
[2026-05-28T14:35:36.901+0000] {logging_mixin.py:190} INFO - [2026-05-28T14:35:36.901+0000] {dag.py:4180} INFO - Setting next_dagrun for tutorial to 2026-05-27 00:00:00+00:00, run_after=2026-05-28 00:00:00+00:00
[2026-05-28T14:35:36.942+0000] {processor.py:208} INFO - Processing /home/airflow/.local/lib/python3.12/site-packages/airflow/example_dags/tutorial.py took 0.154 seconds
[2026-05-28T14:36:11.503+0000] {processor.py:186} INFO - Started process (PID=5188) to work on /home/airflow/.local/lib/python3.12/site-packages/airflow/example_dags/tutorial.py
[2026-05-28T14:36:11.506+0000] {processor.py:914} INFO - Processing file /home/airflow/.local/lib/python3.12/site-packages/airflow/example_dags/tutorial.py for tasks to queue
[2026-05-28T14:36:11.509+0000] {logging_mixin.py:190} INFO - [2026-05-28T14:36:11.508+0000] {dagbag.py:588} INFO - Filling up the DagBag from /home/airflow/.local/lib/python3.12/site-packages/airflow/example_dags/tutorial.py
[2026-05-28T14:36:11.528+0000] {processor.py:925} INFO - DAG(s) 'tutorial' retrieved from /home/airflow/.local/lib/python3.12/site-packages/airflow/example_dags/tutorial.py
[2026-05-28T14:36:11.579+0000] {logging_mixin.py:190} INFO - [2026-05-28T14:36:11.579+0000] {dag.py:3239} INFO - Sync 1 DAGs
[2026-05-28T14:36:11.621+0000] {logging_mixin.py:190} INFO - [2026-05-28T14:36:11.621+0000] {dag.py:4180} INFO - Setting next_dagrun for tutorial to 2026-05-27 00:00:00+00:00, run_after=2026-05-28 00:00:00+00:00
[2026-05-28T14:36:11.658+0000] {processor.py:208} INFO - Processing /home/airflow/.local/lib/python3.12/site-packages/airflow/example_dags/tutorial.py took 0.166 seconds
[2026-05-28T14:36:48.342+0000] {processor.py:186} INFO - Started process (PID=5257) to work on /home/airflow/.local/lib/python3.12/site-packages/airflow/example_dags/tutorial.py
[2026-05-28T14:36:48.344+0000] {processor.py:914} INFO - Processing file /home/airflow/.local/lib/python3.12/site-packages/airflow/example_dags/tutorial.py for tasks to queue
[2026-05-28T14:36:48.347+0000] {logging_mixin.py:190} INFO - [2026-05-28T14:36:48.346+0000] {dagbag.py:588} INFO - Filling up the DagBag from /home/airflow/.local/lib/python3.12/site-packages/airflow/example_dags/tutorial.py
[2026-05-28T14:36:48.364+0000] {processor.py:925} INFO - DAG(s) 'tutorial' retrieved from /home/airflow/.local/lib/python3.12/site-packages/airflow/example_dags/tutorial.py
[2026-05-28T14:36:48.413+0000] {logging_mixin.py:190} INFO - [2026-05-28T14:36:48.413+0000] {dag.py:3239} INFO - Sync 1 DAGs
[2026-05-28T14:36:48.462+0000] {logging_mixin.py:190} INFO - [2026-05-28T14:36:48.461+0000] {dag.py:4180} INFO - Setting next_dagrun for tutorial to 2026-05-27 00:00:00+00:00, run_after=2026-05-28 00:00:00+00:00
[2026-05-28T14:36:49.235+0000] {processor.py:208} INFO - Processing /home/airflow/.local/lib/python3.12/site-packages/airflow/example_dags/tutorial.py took 0.913 seconds
[2026-05-28T14:37:21.421+0000] {processor.py:186} INFO - Started process (PID=5323) to work on /home/airflow/.local/lib/python3.12/site-packages/airflow/example_dags/tutorial.py
[2026-05-28T14:37:21.423+0000] {processor.py:914} INFO - Processing file /home/airflow/.local/lib/python3.12/site-packages/airflow/example_dags/tutorial.py for tasks to queue
[2026-05-28T14:37:21.426+0000] {logging_mixin.py:190} INFO - [2026-05-28T14:37:21.425+0000] {dagbag.py:588} INFO - Filling up the DagBag from /home/airflow/.local/lib/python3.12/site-packages/airflow/example_dags/tutorial.py
[2026-05-28T14:37:21.443+0000] {processor.py:925} INFO - DAG(s) 'tutorial' retrieved from /home/airflow/.local/lib/python3.12/site-packages/airflow/example_dags/tutorial.py
[2026-05-28T14:37:21.487+0000] {logging_mixin.py:190} INFO - [2026-05-28T14:37:21.486+0000] {dag.py:3239} INFO - Sync 1 DAGs
[2026-05-28T14:37:21.527+0000] {logging_mixin.py:190} INFO - [2026-05-28T14:37:21.526+0000] {dag.py:4180} INFO - Setting next_dagrun for tutorial to 2026-05-27 00:00:00+00:00, run_after=2026-05-28 00:00:00+00:00
[2026-05-28T14:37:21.563+0000] {processor.py:208} INFO - Processing /home/airflow/.local/lib/python3.12/site-packages/airflow/example_dags/tutorial.py took 0.151 seconds
[2026-05-28T14:38:12.062+0000] {processor.py:186} INFO - Started process (PID=5404) to work on /home/airflow/.local/lib/python3.12/site-packages/airflow/example_dags/tutorial.py
[2026-05-28T14:38:12.065+0000] {processor.py:914} INFO - Processing file /home/airflow/.local/lib/python3.12/site-packages/airflow/example_dags/tutorial.py for tasks to queue
[2026-05-28T14:38:12.070+0000] {logging_mixin.py:190} INFO - [2026-05-28T14:38:12.069+0000] {dagbag.py:588} INFO - Filling up the DagBag from /home/airflow/.local/lib/python3.12/site-packages/airflow/example_dags/tutorial.py
[2026-05-28T14:38:12.090+0000] {processor.py:925} INFO - DAG(s) 'tutorial' retrieved from /home/airflow/.local/lib/python3.12/site-packages/airflow/example_dags/tutorial.py
[2026-05-28T14:38:12.158+0000] {logging_mixin.py:190} INFO - [2026-05-28T14:38:12.157+0000] {dag.py:3239} INFO - Sync 1 DAGs
[2026-05-28T14:38:12.223+0000] {logging_mixin.py:190} INFO - [2026-05-28T14:38:12.222+0000] {dag.py:4180} INFO - Setting next_dagrun for tutorial to 2026-05-27 00:00:00+00:00, run_after=2026-05-28 00:00:00+00:00
[2026-05-28T14:38:12.263+0000] {processor.py:208} INFO - Processing /home/airflow/.local/lib/python3.12/site-packages/airflow/example_dags/tutorial.py took 0.218 seconds
[2026-05-28T14:38:46.985+0000] {processor.py:186} INFO - Started process (PID=5473) to work on /home/airflow/.local/lib/python3.12/site-packages/airflow/example_dags/tutorial.py
[2026-05-28T14:38:46.987+0000] {processor.py:914} INFO - Processing file /home/airflow/.local/lib/python3.12/site-packages/airflow/example_dags/tutorial.py for tasks to queue
[2026-05-28T14:38:46.991+0000] {logging_mixin.py:190} INFO - [2026-05-28T14:38:46.989+0000] {dagbag.py:588} INFO - Filling up the DagBag from /home/airflow/.local/lib/python3.12/site-packages/airflow/example_dags/tutorial.py
[2026-05-28T14:38:47.008+0000] {processor.py:925} INFO - DAG(s) 'tutorial' retrieved from /home/airflow/.local/lib/python3.12/site-packages/airflow/example_dags/tutorial.py
[2026-05-28T14:38:47.053+0000] {logging_mixin.py:190} INFO - [2026-05-28T14:38:47.053+0000] {dag.py:3239} INFO - Sync 1 DAGs
[2026-05-28T14:38:47.100+0000] {logging_mixin.py:190} INFO - [2026-05-28T14:38:47.099+0000] {dag.py:4180} INFO - Setting next_dagrun for tutorial to 2026-05-27 00:00:00+00:00, run_after=2026-05-28 00:00:00+00:00
[2026-05-28T14:38:47.149+0000] {processor.py:208} INFO - Processing /home/airflow/.local/lib/python3.12/site-packages/airflow/example_dags/tutorial.py took 0.173 seconds
[2026-05-28T14:39:18.779+0000] {processor.py:186} INFO - Started process (PID=5537) to work on /home/airflow/.local/lib/python3.12/site-packages/airflow/example_dags/tutorial.py
[2026-05-28T14:39:18.781+0000] {processor.py:914} INFO - Processing file /home/airflow/.local/lib/python3.12/site-packages/airflow/example_dags/tutorial.py for tasks to queue
[2026-05-28T14:39:18.784+0000] {logging_mixin.py:190} INFO - [2026-05-28T14:39:18.783+0000] {dagbag.py:588} INFO - Filling up the DagBag from /home/airflow/.local/lib/python3.12/site-packages/airflow/example_dags/tutorial.py
[2026-05-28T14:39:18.799+0000] {processor.py:925} INFO - DAG(s) 'tutorial' retrieved from /home/airflow/.local/lib/python3.12/site-packages/airflow/example_dags/tutorial.py
[2026-05-28T14:39:18.840+0000] {logging_mixin.py:190} INFO - [2026-05-28T14:39:18.839+0000] {dag.py:3239} INFO - Sync 1 DAGs
[2026-05-28T14:39:19.181+0000] {logging_mixin.py:190} INFO - [2026-05-28T14:39:19.180+0000] {dag.py:4180} INFO - Setting next_dagrun for tutorial to 2026-05-27 00:00:00+00:00, run_after=2026-05-28 00:00:00+00:00
[2026-05-28T14:39:19.219+0000] {processor.py:208} INFO - Processing /home/airflow/.local/lib/python3.12/site-packages/airflow/example_dags/tutorial.py took 0.451 seconds
[2026-05-28T14:40:00.259+0000] {processor.py:186} INFO - Started process (PID=5608) to work on /home/airflow/.local/lib/python3.12/site-packages/airflow/example_dags/tutorial.py
[2026-05-28T14:40:00.260+0000] {processor.py:914} INFO - Processing file /home/airflow/.local/lib/python3.12/site-packages/airflow/example_dags/tutorial.py for tasks to queue
[2026-05-28T14:40:00.263+0000] {logging_mixin.py:190} INFO - [2026-05-28T14:40:00.262+0000] {dagbag.py:588} INFO - Filling up the DagBag from /home/airflow/.local/lib/python3.12/site-packages/airflow/example_dags/tutorial.py
[2026-05-28T14:40:00.277+0000] {processor.py:925} INFO - DAG(s) 'tutorial' retrieved from /home/airflow/.local/lib/python3.12/site-packages/airflow/example_dags/tutorial.py
[2026-05-28T14:40:00.329+0000] {logging_mixin.py:190} INFO - [2026-05-28T14:40:00.328+0000] {dag.py:3239} INFO - Sync 1 DAGs
[2026-05-28T14:40:00.693+0000] {logging_mixin.py:190} INFO - [2026-05-28T14:40:00.692+0000] {dag.py:4180} INFO - Setting next_dagrun for tutorial to 2026-05-27 00:00:00+00:00, run_after=2026-05-28 00:00:00+00:00
[2026-05-28T14:40:00.732+0000] {processor.py:208} INFO - Processing /home/airflow/.local/lib/python3.12/site-packages/airflow/example_dags/tutorial.py took 0.482 seconds
[2026-05-28T14:40:35.174+0000] {processor.py:186} INFO - Started process (PID=5672) to work on /home/airflow/.local/lib/python3.12/site-packages/airflow/example_dags/tutorial.py
[2026-05-28T14:40:35.176+0000] {processor.py:914} INFO - Processing file /home/airflow/.local/lib/python3.12/site-packages/airflow/example_dags/tutorial.py for tasks to queue
[2026-05-28T14:40:35.178+0000] {logging_mixin.py:190} INFO - [2026-05-28T14:40:35.178+0000] {dagbag.py:588} INFO - Filling up the DagBag from /home/airflow/.local/lib/python3.12/site-packages/airflow/example_dags/tutorial.py
[2026-05-28T14:40:35.192+0000] {processor.py:925} INFO - DAG(s) 'tutorial' retrieved from /home/airflow/.local/lib/python3.12/site-packages/airflow/example_dags/tutorial.py
[2026-05-28T14:40:35.226+0000] {logging_mixin.py:190} INFO - [2026-05-28T14:40:35.226+0000] {dag.py:3239} INFO - Sync 1 DAGs
[2026-05-28T14:40:35.260+0000] {logging_mixin.py:190} INFO - [2026-05-28T14:40:35.259+0000] {dag.py:4180} INFO - Setting next_dagrun for tutorial to 2026-05-27 00:00:00+00:00, run_after=2026-05-28 00:00:00+00:00
[2026-05-28T14:40:35.297+0000] {processor.py:208} INFO - Processing /home/airflow/.local/lib/python3.12/site-packages/airflow/example_dags/tutorial.py took 0.133 seconds
[2026-05-28T14:41:12.050+0000] {processor.py:186} INFO - Started process (PID=5736) to work on /home/airflow/.local/lib/python3.12/site-packages/airflow/example_dags/tutorial.py
[2026-05-28T14:41:12.052+0000] {processor.py:914} INFO - Processing file /home/airflow/.local/lib/python3.12/site-packages/airflow/example_dags/tutorial.py for tasks to queue
[2026-05-28T14:41:12.054+0000] {logging_mixin.py:190} INFO - [2026-05-28T14:41:12.054+0000] {dagbag.py:588} INFO - Filling up the DagBag from /home/airflow/.local/lib/python3.12/site-packages/airflow/example_dags/tutorial.py
[2026-05-28T14:41:12.067+0000] {processor.py:925} INFO - DAG(s) 'tutorial' retrieved from /home/airflow/.local/lib/python3.12/site-packages/airflow/example_dags/tutorial.py
[2026-05-28T14:41:12.101+0000] {logging_mixin.py:190} INFO - [2026-05-28T14:41:12.101+0000] {dag.py:3239} INFO - Sync 1 DAGs
[2026-05-28T14:41:12.132+0000] {logging_mixin.py:190} INFO - [2026-05-28T14:41:12.131+0000] {dag.py:4180} INFO - Setting next_dagrun for tutorial to 2026-05-27 00:00:00+00:00, run_after=2026-05-28 00:00:00+00:00
[2026-05-28T14:41:12.159+0000] {processor.py:208} INFO - Processing /home/airflow/.local/lib/python3.12/site-packages/airflow/example_dags/tutorial.py took 0.116 seconds
[2026-05-28T14:41:51.616+0000] {processor.py:186} INFO - Started process (PID=5819) to work on /home/airflow/.local/lib/python3.12/site-packages/airflow/example_dags/tutorial.py
[2026-05-28T14:41:51.618+0000] {processor.py:914} INFO - Processing file /home/airflow/.local/lib/python3.12/site-packages/airflow/example_dags/tutorial.py for tasks to queue
[2026-05-28T14:41:51.620+0000] {logging_mixin.py:190} INFO - [2026-05-28T14:41:51.620+0000] {dagbag.py:588} INFO - Filling up the DagBag from /home/airflow/.local/lib/python3.12/site-packages/airflow/example_dags/tutorial.py
[2026-05-28T14:41:51.637+0000] {processor.py:925} INFO - DAG(s) 'tutorial' retrieved from /home/airflow/.local/lib/python3.12/site-packages/airflow/example_dags/tutorial.py
[2026-05-28T14:41:51.670+0000] {logging_mixin.py:190} INFO - [2026-05-28T14:41:51.669+0000] {dag.py:3239} INFO - Sync 1 DAGs
[2026-05-28T14:41:51.699+0000] {logging_mixin.py:190} INFO - [2026-05-28T14:41:51.698+0000] {dag.py:4180} INFO - Setting next_dagrun for tutorial to 2026-05-27 00:00:00+00:00, run_after=2026-05-28 00:00:00+00:00
[2026-05-28T14:41:51.741+0000] {processor.py:208} INFO - Processing /home/airflow/.local/lib/python3.12/site-packages/airflow/example_dags/tutorial.py took 0.139 seconds
[2026-05-28T14:42:27.494+0000] {processor.py:186} INFO - Started process (PID=5883) to work on /home/airflow/.local/lib/python3.12/site-packages/airflow/example_dags/tutorial.py
[2026-05-28T14:42:27.496+0000] {processor.py:914} INFO - Processing file /home/airflow/.local/lib/python3.12/site-packages/airflow/example_dags/tutorial.py for tasks to queue
[2026-05-28T14:42:27.498+0000] {logging_mixin.py:190} INFO - [2026-05-28T14:42:27.498+0000] {dagbag.py:588} INFO - Filling up the DagBag from /home/airflow/.local/lib/python3.12/site-packages/airflow/example_dags/tutorial.py
[2026-05-28T14:42:27.510+0000] {processor.py:925} INFO - DAG(s) 'tutorial' retrieved from /home/airflow/.local/lib/python3.12/site-packages/airflow/example_dags/tutorial.py
[2026-05-28T14:42:27.542+0000] {logging_mixin.py:190} INFO - [2026-05-28T14:42:27.541+0000] {dag.py:3239} INFO - Sync 1 DAGs
[2026-05-28T14:42:27.572+0000] {logging_mixin.py:190} INFO - [2026-05-28T14:42:27.571+0000] {dag.py:4180} INFO - Setting next_dagrun for tutorial to 2026-05-27 00:00:00+00:00, run_after=2026-05-28 00:00:00+00:00
[2026-05-28T14:42:27.609+0000] {processor.py:208} INFO - Processing /home/airflow/.local/lib/python3.12/site-packages/airflow/example_dags/tutorial.py took 0.122 seconds
[2026-05-28T14:43:06.214+0000] {processor.py:186} INFO - Started process (PID=5956) to work on /home/airflow/.local/lib/python3.12/site-packages/airflow/example_dags/tutorial.py
[2026-05-28T14:43:06.215+0000] {processor.py:914} INFO - Processing file /home/airflow/.local/lib/python3.12/site-packages/airflow/example_dags/tutorial.py for tasks to queue
[2026-05-28T14:43:06.218+0000] {logging_mixin.py:190} INFO - [2026-05-28T14:43:06.218+0000] {dagbag.py:588} INFO - Filling up the DagBag from /home/airflow/.local/lib/python3.12/site-packages/airflow/example_dags/tutorial.py
[2026-05-28T14:43:06.231+0000] {processor.py:925} INFO - DAG(s) 'tutorial' retrieved from /home/airflow/.local/lib/python3.12/site-packages/airflow/example_dags/tutorial.py
[2026-05-28T14:43:06.263+0000] {logging_mixin.py:190} INFO - [2026-05-28T14:43:06.263+0000] {dag.py:3239} INFO - Sync 1 DAGs
[2026-05-28T14:43:06.294+0000] {logging_mixin.py:190} INFO - [2026-05-28T14:43:06.294+0000] {dag.py:4180} INFO - Setting next_dagrun for tutorial to 2026-05-27 00:00:00+00:00, run_after=2026-05-28 00:00:00+00:00
[2026-05-28T14:43:06.323+0000] {processor.py:208} INFO - Processing /home/airflow/.local/lib/python3.12/site-packages/airflow/example_dags/tutorial.py took 0.117 seconds
[2026-05-28T14:43:45.373+0000] {processor.py:186} INFO - Started process (PID=6027) to work on /home/airflow/.local/lib/python3.12/site-packages/airflow/example_dags/tutorial.py
[2026-05-28T14:43:45.375+0000] {processor.py:914} INFO - Processing file /home/airflow/.local/lib/python3.12/site-packages/airflow/example_dags/tutorial.py for tasks to queue
[2026-05-28T14:43:45.378+0000] {logging_mixin.py:190} INFO - [2026-05-28T14:43:45.378+0000] {dagbag.py:588} INFO - Filling up the DagBag from /home/airflow/.local/lib/python3.12/site-packages/airflow/example_dags/tutorial.py
[2026-05-28T14:43:45.390+0000] {processor.py:925} INFO - DAG(s) 'tutorial' retrieved from /home/airflow/.local/lib/python3.12/site-packages/airflow/example_dags/tutorial.py
[2026-05-28T14:43:45.423+0000] {logging_mixin.py:190} INFO - [2026-05-28T14:43:45.422+0000] {dag.py:3239} INFO - Sync 1 DAGs
[2026-05-28T14:43:45.452+0000] {logging_mixin.py:190} INFO - [2026-05-28T14:43:45.451+0000] {dag.py:4180} INFO - Setting next_dagrun for tutorial to 2026-05-27 00:00:00+00:00, run_after=2026-05-28 00:00:00+00:00
[2026-05-28T14:43:45.483+0000] {processor.py:208} INFO - Processing /home/airflow/.local/lib/python3.12/site-packages/airflow/example_dags/tutorial.py took 0.116 seconds
[2026-05-28T14:44:23.729+0000] {processor.py:186} INFO - Started process (PID=6100) to work on /home/airflow/.local/lib/python3.12/site-packages/airflow/example_dags/tutorial.py
[2026-05-28T14:44:23.731+0000] {processor.py:914} INFO - Processing file /home/airflow/.local/lib/python3.12/site-packages/airflow/example_dags/tutorial.py for tasks to queue
[2026-05-28T14:44:23.733+0000] {logging_mixin.py:190} INFO - [2026-05-28T14:44:23.733+0000] {dagbag.py:588} INFO - Filling up the DagBag from /home/airflow/.local/lib/python3.12/site-packages/airflow/example_dags/tutorial.py
[2026-05-28T14:44:23.746+0000] {processor.py:925} INFO - DAG(s) 'tutorial' retrieved from /home/airflow/.local/lib/python3.12/site-packages/airflow/example_dags/tutorial.py
[2026-05-28T14:44:23.779+0000] {logging_mixin.py:190} INFO - [2026-05-28T14:44:23.779+0000] {dag.py:3239} INFO - Sync 1 DAGs
[2026-05-28T14:44:23.811+0000] {logging_mixin.py:190} INFO - [2026-05-28T14:44:23.810+0000] {dag.py:4180} INFO - Setting next_dagrun for tutorial to 2026-05-27 00:00:00+00:00, run_after=2026-05-28 00:00:00+00:00
[2026-05-28T14:44:23.860+0000] {processor.py:208} INFO - Processing /home/airflow/.local/lib/python3.12/site-packages/airflow/example_dags/tutorial.py took 0.140 seconds
[2026-05-28T14:45:02.295+0000] {processor.py:186} INFO - Started process (PID=6164) to work on /home/airflow/.local/lib/python3.12/site-packages/airflow/example_dags/tutorial.py
[2026-05-28T14:45:02.297+0000] {processor.py:914} INFO - Processing file /home/airflow/.local/lib/python3.12/site-packages/airflow/example_dags/tutorial.py for tasks to queue
[2026-05-28T14:45:02.300+0000] {logging_mixin.py:190} INFO - [2026-05-28T14:45:02.299+0000] {dagbag.py:588} INFO - Filling up the DagBag from /home/airflow/.local/lib/python3.12/site-packages/airflow/example_dags/tutorial.py
[2026-05-28T14:45:02.317+0000] {processor.py:925} INFO - DAG(s) 'tutorial' retrieved from /home/airflow/.local/lib/python3.12/site-packages/airflow/example_dags/tutorial.py
[2026-05-28T14:45:02.364+0000] {logging_mixin.py:190} INFO - [2026-05-28T14:45:02.364+0000] {dag.py:3239} INFO - Sync 1 DAGs
[2026-05-28T14:45:02.416+0000] {logging_mixin.py:190} INFO - [2026-05-28T14:45:02.415+0000] {dag.py:4180} INFO - Setting next_dagrun for tutorial to 2026-05-27 00:00:00+00:00, run_after=2026-05-28 00:00:00+00:00
[2026-05-28T14:45:02.473+0000] {processor.py:208} INFO - Processing /home/airflow/.local/lib/python3.12/site-packages/airflow/example_dags/tutorial.py took 0.188 seconds
[2026-05-28T14:45:32.617+0000] {processor.py:186} INFO - Started process (PID=6227) to work on /home/airflow/.local/lib/python3.12/site-packages/airflow/example_dags/tutorial.py
[2026-05-28T14:45:32.619+0000] {processor.py:914} INFO - Processing file /home/airflow/.local/lib/python3.12/site-packages/airflow/example_dags/tutorial.py for tasks to queue
[2026-05-28T14:45:32.621+0000] {logging_mixin.py:190} INFO - [2026-05-28T14:45:32.620+0000] {dagbag.py:588} INFO - Filling up the DagBag from /home/airflow/.local/lib/python3.12/site-packages/airflow/example_dags/tutorial.py
[2026-05-28T14:45:32.634+0000] {processor.py:925} INFO - DAG(s) 'tutorial' retrieved from /home/airflow/.local/lib/python3.12/site-packages/airflow/example_dags/tutorial.py
[2026-05-28T14:45:32.668+0000] {logging_mixin.py:190} INFO - [2026-05-28T14:45:32.667+0000] {dag.py:3239} INFO - Sync 1 DAGs
[2026-05-28T14:45:32.695+0000] {logging_mixin.py:190} INFO - [2026-05-28T14:45:32.695+0000] {dag.py:4180} INFO - Setting next_dagrun for tutorial to 2026-05-27 00:00:00+00:00, run_after=2026-05-28 00:00:00+00:00
[2026-05-28T14:45:32.731+0000] {processor.py:208} INFO - Processing /home/airflow/.local/lib/python3.12/site-packages/airflow/example_dags/tutorial.py took 0.125 seconds
[2026-05-28T14:46:03.613+0000] {processor.py:186} INFO - Started process (PID=6290) to work on /home/airflow/.local/lib/python3.12/site-packages/airflow/example_dags/tutorial.py
[2026-05-28T14:46:03.614+0000] {processor.py:914} INFO - Processing file /home/airflow/.local/lib/python3.12/site-packages/airflow/example_dags/tutorial.py for tasks to queue
[2026-05-28T14:46:03.616+0000] {logging_mixin.py:190} INFO - [2026-05-28T14:46:03.616+0000] {dagbag.py:588} INFO - Filling up the DagBag from /home/airflow/.local/lib/python3.12/site-packages/airflow/example_dags/tutorial.py
[2026-05-28T14:46:03.630+0000] {processor.py:925} INFO - DAG(s) 'tutorial' retrieved from /home/airflow/.local/lib/python3.12/site-packages/airflow/example_dags/tutorial.py
[2026-05-28T14:46:03.666+0000] {logging_mixin.py:190} INFO - [2026-05-28T14:46:03.665+0000] {dag.py:3239} INFO - Sync 1 DAGs
[2026-05-28T14:46:03.694+0000] {logging_mixin.py:190} INFO - [2026-05-28T14:46:03.694+0000] {dag.py:4180} INFO - Setting next_dagrun for tutorial to 2026-05-27 00:00:00+00:00, run_after=2026-05-28 00:00:00+00:00
[2026-05-28T14:46:03.720+0000] {processor.py:208} INFO - Processing /home/airflow/.local/lib/python3.12/site-packages/airflow/example_dags/tutorial.py took 0.115 seconds
[2026-05-28T14:46:40.339+0000] {processor.py:186} INFO - Started process (PID=6363) to work on /home/airflow/.local/lib/python3.12/site-packages/airflow/example_dags/tutorial.py
[2026-05-28T14:46:40.343+0000] {processor.py:914} INFO - Processing file /home/airflow/.local/lib/python3.12/site-packages/airflow/example_dags/tutorial.py for tasks to queue
[2026-05-28T14:46:40.345+0000] {logging_mixin.py:190} INFO - [2026-05-28T14:46:40.344+0000] {dagbag.py:588} INFO - Filling up the DagBag from /home/airflow/.local/lib/python3.12/site-packages/airflow/example_dags/tutorial.py
[2026-05-28T14:46:40.360+0000] {processor.py:925} INFO - DAG(s) 'tutorial' retrieved from /home/airflow/.local/lib/python3.12/site-packages/airflow/example_dags/tutorial.py
[2026-05-28T14:46:40.402+0000] {logging_mixin.py:190} INFO - [2026-05-28T14:46:40.401+0000] {dag.py:3239} INFO - Sync 1 DAGs
[2026-05-28T14:46:40.448+0000] {logging_mixin.py:190} INFO - [2026-05-28T14:46:40.447+0000] {dag.py:4180} INFO - Setting next_dagrun for tutorial to 2026-05-27 00:00:00+00:00, run_after=2026-05-28 00:00:00+00:00
[2026-05-28T14:46:40.487+0000] {processor.py:208} INFO - Processing /home/airflow/.local/lib/python3.12/site-packages/airflow/example_dags/tutorial.py took 0.156 seconds
[2026-05-28T14:47:17.523+0000] {processor.py:186} INFO - Started process (PID=6434) to work on /home/airflow/.local/lib/python3.12/site-packages/airflow/example_dags/tutorial.py
[2026-05-28T14:47:17.525+0000] {processor.py:914} INFO - Processing file /home/airflow/.local/lib/python3.12/site-packages/airflow/example_dags/tutorial.py for tasks to queue
[2026-05-28T14:47:17.528+0000] {logging_mixin.py:190} INFO - [2026-05-28T14:47:17.527+0000] {dagbag.py:588} INFO - Filling up the DagBag from /home/airflow/.local/lib/python3.12/site-packages/airflow/example_dags/tutorial.py
[2026-05-28T14:47:17.560+0000] {processor.py:925} INFO - DAG(s) 'tutorial' retrieved from /home/airflow/.local/lib/python3.12/site-packages/airflow/example_dags/tutorial.py
[2026-05-28T14:47:17.609+0000] {logging_mixin.py:190} INFO - [2026-05-28T14:47:17.609+0000] {dag.py:3239} INFO - Sync 1 DAGs
[2026-05-28T14:47:17.648+0000] {logging_mixin.py:190} INFO - [2026-05-28T14:47:17.647+0000] {dag.py:4180} INFO - Setting next_dagrun for tutorial to 2026-05-27 00:00:00+00:00, run_after=2026-05-28 00:00:00+00:00
[2026-05-28T14:47:17.690+0000] {processor.py:208} INFO - Processing /home/airflow/.local/lib/python3.12/site-packages/airflow/example_dags/tutorial.py took 0.177 seconds
[2026-05-28T14:47:57.401+0000] {processor.py:186} INFO - Started process (PID=6499) to work on /home/airflow/.local/lib/python3.12/site-packages/airflow/example_dags/tutorial.py
[2026-05-28T14:47:57.403+0000] {processor.py:914} INFO - Processing file /home/airflow/.local/lib/python3.12/site-packages/airflow/example_dags/tutorial.py for tasks to queue
[2026-05-28T14:47:57.407+0000] {logging_mixin.py:190} INFO - [2026-05-28T14:47:57.406+0000] {dagbag.py:588} INFO - Filling up the DagBag from /home/airflow/.local/lib/python3.12/site-packages/airflow/example_dags/tutorial.py
[2026-05-28T14:47:57.429+0000] {processor.py:925} INFO - DAG(s) 'tutorial' retrieved from /home/airflow/.local/lib/python3.12/site-packages/airflow/example_dags/tutorial.py
[2026-05-28T14:47:57.473+0000] {logging_mixin.py:190} INFO - [2026-05-28T14:47:57.473+0000] {dag.py:3239} INFO - Sync 1 DAGs
[2026-05-28T14:47:57.512+0000] {logging_mixin.py:190} INFO - [2026-05-28T14:47:57.512+0000] {dag.py:4180} INFO - Setting next_dagrun for tutorial to 2026-05-27 00:00:00+00:00, run_after=2026-05-28 00:00:00+00:00
[2026-05-28T14:47:57.547+0000] {processor.py:208} INFO - Processing /home/airflow/.local/lib/python3.12/site-packages/airflow/example_dags/tutorial.py took 0.156 seconds
[2026-05-28T14:48:35.411+0000] {processor.py:186} INFO - Started process (PID=6563) to work on /home/airflow/.local/lib/python3.12/site-packages/airflow/example_dags/tutorial.py
[2026-05-28T14:48:35.418+0000] {processor.py:914} INFO - Processing file /home/airflow/.local/lib/python3.12/site-packages/airflow/example_dags/tutorial.py for tasks to queue
[2026-05-28T14:48:35.426+0000] {logging_mixin.py:190} INFO - [2026-05-28T14:48:35.423+0000] {dagbag.py:588} INFO - Filling up the DagBag from /home/airflow/.local/lib/python3.12/site-packages/airflow/example_dags/tutorial.py
[2026-05-28T14:48:35.468+0000] {processor.py:925} INFO - DAG(s) 'tutorial' retrieved from /home/airflow/.local/lib/python3.12/site-packages/airflow/example_dags/tutorial.py
[2026-05-28T14:48:35.554+0000] {logging_mixin.py:190} INFO - [2026-05-28T14:48:35.554+0000] {dag.py:3239} INFO - Sync 1 DAGs
[2026-05-28T14:48:35.619+0000] {logging_mixin.py:190} INFO - [2026-05-28T14:48:35.618+0000] {dag.py:4180} INFO - Setting next_dagrun for tutorial to 2026-05-27 00:00:00+00:00, run_after=2026-05-28 00:00:00+00:00
[2026-05-28T14:48:35.693+0000] {processor.py:208} INFO - Processing /home/airflow/.local/lib/python3.12/site-packages/airflow/example_dags/tutorial.py took 0.299 seconds
[2026-05-28T14:49:06.174+0000] {processor.py:186} INFO - Started process (PID=6626) to work on /home/airflow/.local/lib/python3.12/site-packages/airflow/example_dags/tutorial.py
[2026-05-28T14:49:06.176+0000] {processor.py:914} INFO - Processing file /home/airflow/.local/lib/python3.12/site-packages/airflow/example_dags/tutorial.py for tasks to queue
[2026-05-28T14:49:06.178+0000] {logging_mixin.py:190} INFO - [2026-05-28T14:49:06.178+0000] {dagbag.py:588} INFO - Filling up the DagBag from /home/airflow/.local/lib/python3.12/site-packages/airflow/example_dags/tutorial.py
[2026-05-28T14:49:06.193+0000] {processor.py:925} INFO - DAG(s) 'tutorial' retrieved from /home/airflow/.local/lib/python3.12/site-packages/airflow/example_dags/tutorial.py
[2026-05-28T14:49:06.226+0000] {logging_mixin.py:190} INFO - [2026-05-28T14:49:06.225+0000] {dag.py:3239} INFO - Sync 1 DAGs
[2026-05-28T14:49:06.257+0000] {logging_mixin.py:190} INFO - [2026-05-28T14:49:06.257+0000] {dag.py:4180} INFO - Setting next_dagrun for tutorial to 2026-05-27 00:00:00+00:00, run_after=2026-05-28 00:00:00+00:00
[2026-05-28T14:49:06.285+0000] {processor.py:208} INFO - Processing /home/airflow/.local/lib/python3.12/site-packages/airflow/example_dags/tutorial.py took 0.119 seconds
[2026-05-28T14:49:38.215+0000] {processor.py:186} INFO - Started process (PID=6692) to work on /home/airflow/.local/lib/python3.12/site-packages/airflow/example_dags/tutorial.py
[2026-05-28T14:49:38.217+0000] {processor.py:914} INFO - Processing file /home/airflow/.local/lib/python3.12/site-packages/airflow/example_dags/tutorial.py for tasks to queue
[2026-05-28T14:49:38.219+0000] {logging_mixin.py:190} INFO - [2026-05-28T14:49:38.218+0000] {dagbag.py:588} INFO - Filling up the DagBag from /home/airflow/.local/lib/python3.12/site-packages/airflow/example_dags/tutorial.py
[2026-05-28T14:49:38.234+0000] {processor.py:925} INFO - DAG(s) 'tutorial' retrieved from /home/airflow/.local/lib/python3.12/site-packages/airflow/example_dags/tutorial.py
[2026-05-28T14:49:38.268+0000] {logging_mixin.py:190} INFO - [2026-05-28T14:49:38.268+0000] {dag.py:3239} INFO - Sync 1 DAGs
[2026-05-28T14:49:38.300+0000] {logging_mixin.py:190} INFO - [2026-05-28T14:49:38.300+0000] {dag.py:4180} INFO - Setting next_dagrun for tutorial to 2026-05-27 00:00:00+00:00, run_after=2026-05-28 00:00:00+00:00
[2026-05-28T14:49:38.331+0000] {processor.py:208} INFO - Processing /home/airflow/.local/lib/python3.12/site-packages/airflow/example_dags/tutorial.py took 0.123 seconds
[2026-05-28T14:50:09.816+0000] {processor.py:186} INFO - Started process (PID=6758) to work on /home/airflow/.local/lib/python3.12/site-packages/airflow/example_dags/tutorial.py
[2026-05-28T14:50:09.818+0000] {processor.py:914} INFO - Processing file /home/airflow/.local/lib/python3.12/site-packages/airflow/example_dags/tutorial.py for tasks to queue
[2026-05-28T14:50:09.821+0000] {logging_mixin.py:190} INFO - [2026-05-28T14:50:09.820+0000] {dagbag.py:588} INFO - Filling up the DagBag from /home/airflow/.local/lib/python3.12/site-packages/airflow/example_dags/tutorial.py
[2026-05-28T14:50:09.834+0000] {processor.py:925} INFO - DAG(s) 'tutorial' retrieved from /home/airflow/.local/lib/python3.12/site-packages/airflow/example_dags/tutorial.py
[2026-05-28T14:50:09.869+0000] {logging_mixin.py:190} INFO - [2026-05-28T14:50:09.868+0000] {dag.py:3239} INFO - Sync 1 DAGs
[2026-05-28T14:50:09.902+0000] {logging_mixin.py:190} INFO - [2026-05-28T14:50:09.902+0000] {dag.py:4180} INFO - Setting next_dagrun for tutorial to 2026-05-27 00:00:00+00:00, run_after=2026-05-28 00:00:00+00:00
[2026-05-28T14:50:09.933+0000] {processor.py:208} INFO - Processing /home/airflow/.local/lib/python3.12/site-packages/airflow/example_dags/tutorial.py took 0.124 seconds
[2026-05-28T14:50:41.797+0000] {processor.py:186} INFO - Started process (PID=6822) to work on /home/airflow/.local/lib/python3.12/site-packages/airflow/example_dags/tutorial.py
[2026-05-28T14:50:41.801+0000] {processor.py:914} INFO - Processing file /home/airflow/.local/lib/python3.12/site-packages/airflow/example_dags/tutorial.py for tasks to queue
[2026-05-28T14:50:41.803+0000] {logging_mixin.py:190} INFO - [2026-05-28T14:50:41.803+0000] {dagbag.py:588} INFO - Filling up the DagBag from /home/airflow/.local/lib/python3.12/site-packages/airflow/example_dags/tutorial.py
[2026-05-28T14:50:41.836+0000] {processor.py:925} INFO - DAG(s) 'tutorial' retrieved from /home/airflow/.local/lib/python3.12/site-packages/airflow/example_dags/tutorial.py
[2026-05-28T14:50:41.880+0000] {logging_mixin.py:190} INFO - [2026-05-28T14:50:41.880+0000] {dag.py:3239} INFO - Sync 1 DAGs
[2026-05-28T14:50:41.918+0000] {logging_mixin.py:190} INFO - [2026-05-28T14:50:41.918+0000] {dag.py:4180} INFO - Setting next_dagrun for tutorial to 2026-05-27 00:00:00+00:00, run_after=2026-05-28 00:00:00+00:00
[2026-05-28T14:50:41.965+0000] {processor.py:208} INFO - Processing /home/airflow/.local/lib/python3.12/site-packages/airflow/example_dags/tutorial.py took 0.184 seconds
[2026-05-28T14:51:13.024+0000] {processor.py:186} INFO - Started process (PID=6885) to work on /home/airflow/.local/lib/python3.12/site-packages/airflow/example_dags/tutorial.py
[2026-05-28T14:51:13.026+0000] {processor.py:914} INFO - Processing file /home/airflow/.local/lib/python3.12/site-packages/airflow/example_dags/tutorial.py for tasks to queue
[2026-05-28T14:51:13.029+0000] {logging_mixin.py:190} INFO - [2026-05-28T14:51:13.028+0000] {dagbag.py:588} INFO - Filling up the DagBag from /home/airflow/.local/lib/python3.12/site-packages/airflow/example_dags/tutorial.py
[2026-05-28T14:51:13.042+0000] {processor.py:925} INFO - DAG(s) 'tutorial' retrieved from /home/airflow/.local/lib/python3.12/site-packages/airflow/example_dags/tutorial.py
[2026-05-28T14:51:13.076+0000] {logging_mixin.py:190} INFO - [2026-05-28T14:51:13.076+0000] {dag.py:3239} INFO - Sync 1 DAGs
[2026-05-28T14:51:13.111+0000] {logging_mixin.py:190} INFO - [2026-05-28T14:51:13.111+0000] {dag.py:4180} INFO - Setting next_dagrun for tutorial to 2026-05-27 00:00:00+00:00, run_after=2026-05-28 00:00:00+00:00
[2026-05-28T14:51:13.145+0000] {processor.py:208} INFO - Processing /home/airflow/.local/lib/python3.12/site-packages/airflow/example_dags/tutorial.py took 0.131 seconds
[2026-05-28T14:51:49.611+0000] {processor.py:186} INFO - Started process (PID=6957) to work on /home/airflow/.local/lib/python3.12/site-packages/airflow/example_dags/tutorial.py
[2026-05-28T14:51:49.613+0000] {processor.py:914} INFO - Processing file /home/airflow/.local/lib/python3.12/site-packages/airflow/example_dags/tutorial.py for tasks to queue
[2026-05-28T14:51:49.616+0000] {logging_mixin.py:190} INFO - [2026-05-28T14:51:49.616+0000] {dagbag.py:588} INFO - Filling up the DagBag from /home/airflow/.local/lib/python3.12/site-packages/airflow/example_dags/tutorial.py
[2026-05-28T14:51:49.635+0000] {processor.py:925} INFO - DAG(s) 'tutorial' retrieved from /home/airflow/.local/lib/python3.12/site-packages/airflow/example_dags/tutorial.py
[2026-05-28T14:51:49.682+0000] {logging_mixin.py:190} INFO - [2026-05-28T14:51:49.681+0000] {dag.py:3239} INFO - Sync 1 DAGs
[2026-05-28T14:51:49.730+0000] {logging_mixin.py:190} INFO - [2026-05-28T14:51:49.729+0000] {dag.py:4180} INFO - Setting next_dagrun for tutorial to 2026-05-27 00:00:00+00:00, run_after=2026-05-28 00:00:00+00:00
[2026-05-28T14:51:49.774+0000] {processor.py:208} INFO - Processing /home/airflow/.local/lib/python3.12/site-packages/airflow/example_dags/tutorial.py took 0.184 seconds
[2026-05-28T14:52:29.232+0000] {processor.py:186} INFO - Started process (PID=7025) to work on /home/airflow/.local/lib/python3.12/site-packages/airflow/example_dags/tutorial.py
[2026-05-28T14:52:29.234+0000] {processor.py:914} INFO - Processing file /home/airflow/.local/lib/python3.12/site-packages/airflow/example_dags/tutorial.py for tasks to queue
[2026-05-28T14:52:29.236+0000] {logging_mixin.py:190} INFO - [2026-05-28T14:52:29.236+0000] {dagbag.py:588} INFO - Filling up the DagBag from /home/airflow/.local/lib/python3.12/site-packages/airflow/example_dags/tutorial.py
[2026-05-28T14:52:29.250+0000] {processor.py:925} INFO - DAG(s) 'tutorial' retrieved from /home/airflow/.local/lib/python3.12/site-packages/airflow/example_dags/tutorial.py
[2026-05-28T14:52:29.284+0000] {logging_mixin.py:190} INFO - [2026-05-28T14:52:29.283+0000] {dag.py:3239} INFO - Sync 1 DAGs
[2026-05-28T14:52:29.313+0000] {logging_mixin.py:190} INFO - [2026-05-28T14:52:29.313+0000] {dag.py:4180} INFO - Setting next_dagrun for tutorial to 2026-05-27 00:00:00+00:00, run_after=2026-05-28 00:00:00+00:00
[2026-05-28T14:52:29.342+0000] {processor.py:208} INFO - Processing /home/airflow/.local/lib/python3.12/site-packages/airflow/example_dags/tutorial.py took 0.117 seconds
[2026-05-28T14:53:08.428+0000] {processor.py:186} INFO - Started process (PID=7090) to work on /home/airflow/.local/lib/python3.12/site-packages/airflow/example_dags/tutorial.py
[2026-05-28T14:53:08.430+0000] {processor.py:914} INFO - Processing file /home/airflow/.local/lib/python3.12/site-packages/airflow/example_dags/tutorial.py for tasks to queue
[2026-05-28T14:53:08.434+0000] {logging_mixin.py:190} INFO - [2026-05-28T14:53:08.433+0000] {dagbag.py:588} INFO - Filling up the DagBag from /home/airflow/.local/lib/python3.12/site-packages/airflow/example_dags/tutorial.py
[2026-05-28T14:53:08.450+0000] {processor.py:925} INFO - DAG(s) 'tutorial' retrieved from /home/airflow/.local/lib/python3.12/site-packages/airflow/example_dags/tutorial.py
[2026-05-28T14:53:08.485+0000] {logging_mixin.py:190} INFO - [2026-05-28T14:53:08.485+0000] {dag.py:3239} INFO - Sync 1 DAGs
[2026-05-28T14:53:08.519+0000] {logging_mixin.py:190} INFO - [2026-05-28T14:53:08.519+0000] {dag.py:4180} INFO - Setting next_dagrun for tutorial to 2026-05-27 00:00:00+00:00, run_after=2026-05-28 00:00:00+00:00
[2026-05-28T14:53:08.551+0000] {processor.py:208} INFO - Processing /home/airflow/.local/lib/python3.12/site-packages/airflow/example_dags/tutorial.py took 0.132 seconds
[2026-05-28T14:53:46.015+0000] {processor.py:186} INFO - Started process (PID=7156) to work on /home/airflow/.local/lib/python3.12/site-packages/airflow/example_dags/tutorial.py
[2026-05-28T14:53:46.017+0000] {processor.py:914} INFO - Processing file /home/airflow/.local/lib/python3.12/site-packages/airflow/example_dags/tutorial.py for tasks to queue
[2026-05-28T14:53:46.022+0000] {logging_mixin.py:190} INFO - [2026-05-28T14:53:46.021+0000] {dagbag.py:588} INFO - Filling up the DagBag from /home/airflow/.local/lib/python3.12/site-packages/airflow/example_dags/tutorial.py
[2026-05-28T14:53:46.035+0000] {processor.py:925} INFO - DAG(s) 'tutorial' retrieved from /home/airflow/.local/lib/python3.12/site-packages/airflow/example_dags/tutorial.py
[2026-05-28T14:53:46.069+0000] {logging_mixin.py:190} INFO - [2026-05-28T14:53:46.069+0000] {dag.py:3239} INFO - Sync 1 DAGs
[2026-05-28T14:53:46.100+0000] {logging_mixin.py:190} INFO - [2026-05-28T14:53:46.100+0000] {dag.py:4180} INFO - Setting next_dagrun for tutorial to 2026-05-27 00:00:00+00:00, run_after=2026-05-28 00:00:00+00:00
[2026-05-28T14:53:46.130+0000] {processor.py:208} INFO - Processing /home/airflow/.local/lib/python3.12/site-packages/airflow/example_dags/tutorial.py took 0.124 seconds
[2026-05-28T14:54:17.275+0000] {processor.py:186} INFO - Started process (PID=7220) to work on /home/airflow/.local/lib/python3.12/site-packages/airflow/example_dags/tutorial.py
[2026-05-28T14:54:17.277+0000] {processor.py:914} INFO - Processing file /home/airflow/.local/lib/python3.12/site-packages/airflow/example_dags/tutorial.py for tasks to queue
[2026-05-28T14:54:17.279+0000] {logging_mixin.py:190} INFO - [2026-05-28T14:54:17.279+0000] {dagbag.py:588} INFO - Filling up the DagBag from /home/airflow/.local/lib/python3.12/site-packages/airflow/example_dags/tutorial.py
[2026-05-28T14:54:17.292+0000] {processor.py:925} INFO - DAG(s) 'tutorial' retrieved from /home/airflow/.local/lib/python3.12/site-packages/airflow/example_dags/tutorial.py
[2026-05-28T14:54:17.325+0000] {logging_mixin.py:190} INFO - [2026-05-28T14:54:17.325+0000] {dag.py:3239} INFO - Sync 1 DAGs
[2026-05-28T14:54:17.356+0000] {logging_mixin.py:190} INFO - [2026-05-28T14:54:17.356+0000] {dag.py:4180} INFO - Setting next_dagrun for tutorial to 2026-05-27 00:00:00+00:00, run_after=2026-05-28 00:00:00+00:00
[2026-05-28T14:54:17.393+0000] {processor.py:208} INFO - Processing /home/airflow/.local/lib/python3.12/site-packages/airflow/example_dags/tutorial.py took 0.125 seconds
[2026-05-28T14:54:47.554+0000] {processor.py:186} INFO - Started process (PID=7283) to work on /home/airflow/.local/lib/python3.12/site-packages/airflow/example_dags/tutorial.py
[2026-05-28T14:54:47.556+0000] {processor.py:914} INFO - Processing file /home/airflow/.local/lib/python3.12/site-packages/airflow/example_dags/tutorial.py for tasks to queue
[2026-05-28T14:54:47.558+0000] {logging_mixin.py:190} INFO - [2026-05-28T14:54:47.558+0000] {dagbag.py:588} INFO - Filling up the DagBag from /home/airflow/.local/lib/python3.12/site-packages/airflow/example_dags/tutorial.py
[2026-05-28T14:54:47.572+0000] {processor.py:925} INFO - DAG(s) 'tutorial' retrieved from /home/airflow/.local/lib/python3.12/site-packages/airflow/example_dags/tutorial.py
[2026-05-28T14:54:47.610+0000] {logging_mixin.py:190} INFO - [2026-05-28T14:54:47.609+0000] {dag.py:3239} INFO - Sync 1 DAGs
[2026-05-28T14:54:47.642+0000] {logging_mixin.py:190} INFO - [2026-05-28T14:54:47.642+0000] {dag.py:4180} INFO - Setting next_dagrun for tutorial to 2026-05-27 00:00:00+00:00, run_after=2026-05-28 00:00:00+00:00
[2026-05-28T14:54:47.682+0000] {processor.py:208} INFO - Processing /home/airflow/.local/lib/python3.12/site-packages/airflow/example_dags/tutorial.py took 0.136 seconds
[2026-05-28T14:55:20.614+0000] {processor.py:186} INFO - Started process (PID=7358) to work on /home/airflow/.local/lib/python3.12/site-packages/airflow/example_dags/tutorial.py
[2026-05-28T14:55:20.616+0000] {processor.py:914} INFO - Processing file /home/airflow/.local/lib/python3.12/site-packages/airflow/example_dags/tutorial.py for tasks to queue
[2026-05-28T14:55:20.619+0000] {logging_mixin.py:190} INFO - [2026-05-28T14:55:20.618+0000] {dagbag.py:588} INFO - Filling up the DagBag from /home/airflow/.local/lib/python3.12/site-packages/airflow/example_dags/tutorial.py
[2026-05-28T14:55:20.638+0000] {processor.py:925} INFO - DAG(s) 'tutorial' retrieved from /home/airflow/.local/lib/python3.12/site-packages/airflow/example_dags/tutorial.py
[2026-05-28T14:55:20.679+0000] {logging_mixin.py:190} INFO - [2026-05-28T14:55:20.679+0000] {dag.py:3239} INFO - Sync 1 DAGs
[2026-05-28T14:55:20.721+0000] {logging_mixin.py:190} INFO - [2026-05-28T14:55:20.720+0000] {dag.py:4180} INFO - Setting next_dagrun for tutorial to 2026-05-27 00:00:00+00:00, run_after=2026-05-28 00:00:00+00:00
[2026-05-28T14:55:20.755+0000] {processor.py:208} INFO - Processing /home/airflow/.local/lib/python3.12/site-packages/airflow/example_dags/tutorial.py took 0.148 seconds
[2026-05-28T14:55:51.113+0000] {processor.py:186} INFO - Started process (PID=7421) to work on /home/airflow/.local/lib/python3.12/site-packages/airflow/example_dags/tutorial.py
[2026-05-28T14:55:51.115+0000] {processor.py:914} INFO - Processing file /home/airflow/.local/lib/python3.12/site-packages/airflow/example_dags/tutorial.py for tasks to queue
[2026-05-28T14:55:51.117+0000] {logging_mixin.py:190} INFO - [2026-05-28T14:55:51.117+0000] {dagbag.py:588} INFO - Filling up the DagBag from /home/airflow/.local/lib/python3.12/site-packages/airflow/example_dags/tutorial.py
[2026-05-28T14:55:51.131+0000] {processor.py:925} INFO - DAG(s) 'tutorial' retrieved from /home/airflow/.local/lib/python3.12/site-packages/airflow/example_dags/tutorial.py
[2026-05-28T14:55:51.165+0000] {logging_mixin.py:190} INFO - [2026-05-28T14:55:51.165+0000] {dag.py:3239} INFO - Sync 1 DAGs
[2026-05-28T14:55:51.194+0000] {logging_mixin.py:190} INFO - [2026-05-28T14:55:51.193+0000] {dag.py:4180} INFO - Setting next_dagrun for tutorial to 2026-05-27 00:00:00+00:00, run_after=2026-05-28 00:00:00+00:00
[2026-05-28T14:55:51.226+0000] {processor.py:208} INFO - Processing /home/airflow/.local/lib/python3.12/site-packages/airflow/example_dags/tutorial.py took 0.120 seconds
[2026-05-28T14:56:21.608+0000] {processor.py:186} INFO - Started process (PID=7484) to work on /home/airflow/.local/lib/python3.12/site-packages/airflow/example_dags/tutorial.py
[2026-05-28T14:56:21.610+0000] {processor.py:914} INFO - Processing file /home/airflow/.local/lib/python3.12/site-packages/airflow/example_dags/tutorial.py for tasks to queue
[2026-05-28T14:56:21.612+0000] {logging_mixin.py:190} INFO - [2026-05-28T14:56:21.611+0000] {dagbag.py:588} INFO - Filling up the DagBag from /home/airflow/.local/lib/python3.12/site-packages/airflow/example_dags/tutorial.py
[2026-05-28T14:56:21.627+0000] {processor.py:925} INFO - DAG(s) 'tutorial' retrieved from /home/airflow/.local/lib/python3.12/site-packages/airflow/example_dags/tutorial.py
[2026-05-28T14:56:21.661+0000] {logging_mixin.py:190} INFO - [2026-05-28T14:56:21.661+0000] {dag.py:3239} INFO - Sync 1 DAGs
[2026-05-28T14:56:21.696+0000] {logging_mixin.py:190} INFO - [2026-05-28T14:56:21.695+0000] {dag.py:4180} INFO - Setting next_dagrun for tutorial to 2026-05-27 00:00:00+00:00, run_after=2026-05-28 00:00:00+00:00
[2026-05-28T14:56:21.740+0000] {processor.py:208} INFO - Processing /home/airflow/.local/lib/python3.12/site-packages/airflow/example_dags/tutorial.py took 0.141 seconds
[2026-05-28T14:56:54.533+0000] {processor.py:186} INFO - Started process (PID=7547) to work on /home/airflow/.local/lib/python3.12/site-packages/airflow/example_dags/tutorial.py
[2026-05-28T14:56:54.535+0000] {processor.py:914} INFO - Processing file /home/airflow/.local/lib/python3.12/site-packages/airflow/example_dags/tutorial.py for tasks to queue
[2026-05-28T14:56:54.537+0000] {logging_mixin.py:190} INFO - [2026-05-28T14:56:54.536+0000] {dagbag.py:588} INFO - Filling up the DagBag from /home/airflow/.local/lib/python3.12/site-packages/airflow/example_dags/tutorial.py
[2026-05-28T14:56:54.551+0000] {processor.py:925} INFO - DAG(s) 'tutorial' retrieved from /home/airflow/.local/lib/python3.12/site-packages/airflow/example_dags/tutorial.py
[2026-05-28T14:56:54.587+0000] {logging_mixin.py:190} INFO - [2026-05-28T14:56:54.586+0000] {dag.py:3239} INFO - Sync 1 DAGs
[2026-05-28T14:56:54.620+0000] {logging_mixin.py:190} INFO - [2026-05-28T14:56:54.620+0000] {dag.py:4180} INFO - Setting next_dagrun for tutorial to 2026-05-27 00:00:00+00:00, run_after=2026-05-28 00:00:00+00:00
[2026-05-28T14:56:54.655+0000] {processor.py:208} INFO - Processing /home/airflow/.local/lib/python3.12/site-packages/airflow/example_dags/tutorial.py took 0.131 seconds
[2026-05-28T14:57:25.872+0000] {processor.py:186} INFO - Started process (PID=7610) to work on /home/airflow/.local/lib/python3.12/site-packages/airflow/example_dags/tutorial.py
[2026-05-28T14:57:25.877+0000] {processor.py:914} INFO - Processing file /home/airflow/.local/lib/python3.12/site-packages/airflow/example_dags/tutorial.py for tasks to queue
[2026-05-28T14:57:25.880+0000] {logging_mixin.py:190} INFO - [2026-05-28T14:57:25.879+0000] {dagbag.py:588} INFO - Filling up the DagBag from /home/airflow/.local/lib/python3.12/site-packages/airflow/example_dags/tutorial.py
[2026-05-28T14:57:25.900+0000] {processor.py:925} INFO - DAG(s) 'tutorial' retrieved from /home/airflow/.local/lib/python3.12/site-packages/airflow/example_dags/tutorial.py
[2026-05-28T14:57:25.940+0000] {logging_mixin.py:190} INFO - [2026-05-28T14:57:25.940+0000] {dag.py:3239} INFO - Sync 1 DAGs
[2026-05-28T14:57:25.979+0000] {logging_mixin.py:190} INFO - [2026-05-28T14:57:25.979+0000] {dag.py:4180} INFO - Setting next_dagrun for tutorial to 2026-05-27 00:00:00+00:00, run_after=2026-05-28 00:00:00+00:00
[2026-05-28T14:57:26.021+0000] {processor.py:208} INFO - Processing /home/airflow/.local/lib/python3.12/site-packages/airflow/example_dags/tutorial.py took 0.158 seconds
[2026-05-28T14:58:00.112+0000] {processor.py:186} INFO - Started process (PID=7675) to work on /home/airflow/.local/lib/python3.12/site-packages/airflow/example_dags/tutorial.py
[2026-05-28T14:58:00.114+0000] {processor.py:914} INFO - Processing file /home/airflow/.local/lib/python3.12/site-packages/airflow/example_dags/tutorial.py for tasks to queue
[2026-05-28T14:58:00.117+0000] {logging_mixin.py:190} INFO - [2026-05-28T14:58:00.116+0000] {dagbag.py:588} INFO - Filling up the DagBag from /home/airflow/.local/lib/python3.12/site-packages/airflow/example_dags/tutorial.py
[2026-05-28T14:58:00.134+0000] {processor.py:925} INFO - DAG(s) 'tutorial' retrieved from /home/airflow/.local/lib/python3.12/site-packages/airflow/example_dags/tutorial.py
[2026-05-28T14:58:00.176+0000] {logging_mixin.py:190} INFO - [2026-05-28T14:58:00.175+0000] {dag.py:3239} INFO - Sync 1 DAGs
[2026-05-28T14:58:00.214+0000] {logging_mixin.py:190} INFO - [2026-05-28T14:58:00.214+0000] {dag.py:4180} INFO - Setting next_dagrun for tutorial to 2026-05-27 00:00:00+00:00, run_after=2026-05-28 00:00:00+00:00
[2026-05-28T14:58:00.245+0000] {processor.py:208} INFO - Processing /home/airflow/.local/lib/python3.12/site-packages/airflow/example_dags/tutorial.py took 0.144 seconds
[2026-05-28T14:58:32.280+0000] {processor.py:186} INFO - Started process (PID=7739) to work on /home/airflow/.local/lib/python3.12/site-packages/airflow/example_dags/tutorial.py
[2026-05-28T14:58:32.282+0000] {processor.py:914} INFO - Processing file /home/airflow/.local/lib/python3.12/site-packages/airflow/example_dags/tutorial.py for tasks to queue
[2026-05-28T14:58:32.285+0000] {logging_mixin.py:190} INFO - [2026-05-28T14:58:32.284+0000] {dagbag.py:588} INFO - Filling up the DagBag from /home/airflow/.local/lib/python3.12/site-packages/airflow/example_dags/tutorial.py
[2026-05-28T14:58:32.297+0000] {processor.py:925} INFO - DAG(s) 'tutorial' retrieved from /home/airflow/.local/lib/python3.12/site-packages/airflow/example_dags/tutorial.py
[2026-05-28T14:58:32.330+0000] {logging_mixin.py:190} INFO - [2026-05-28T14:58:32.330+0000] {dag.py:3239} INFO - Sync 1 DAGs
[2026-05-28T14:58:32.362+0000] {logging_mixin.py:190} INFO - [2026-05-28T14:58:32.362+0000] {dag.py:4180} INFO - Setting next_dagrun for tutorial to 2026-05-27 00:00:00+00:00, run_after=2026-05-28 00:00:00+00:00
[2026-05-28T14:58:32.392+0000] {processor.py:208} INFO - Processing /home/airflow/.local/lib/python3.12/site-packages/airflow/example_dags/tutorial.py took 0.119 seconds
[2026-05-28T14:59:13.419+0000] {processor.py:186} INFO - Started process (PID=7824) to work on /home/airflow/.local/lib/python3.12/site-packages/airflow/example_dags/tutorial.py
[2026-05-28T14:59:13.421+0000] {processor.py:914} INFO - Processing file /home/airflow/.local/lib/python3.12/site-packages/airflow/example_dags/tutorial.py for tasks to queue
[2026-05-28T14:59:13.424+0000] {logging_mixin.py:190} INFO - [2026-05-28T14:59:13.423+0000] {dagbag.py:588} INFO - Filling up the DagBag from /home/airflow/.local/lib/python3.12/site-packages/airflow/example_dags/tutorial.py
[2026-05-28T14:59:13.438+0000] {processor.py:925} INFO - DAG(s) 'tutorial' retrieved from /home/airflow/.local/lib/python3.12/site-packages/airflow/example_dags/tutorial.py
[2026-05-28T14:59:13.475+0000] {logging_mixin.py:190} INFO - [2026-05-28T14:59:13.474+0000] {dag.py:3239} INFO - Sync 1 DAGs
[2026-05-28T14:59:13.505+0000] {logging_mixin.py:190} INFO - [2026-05-28T14:59:13.504+0000] {dag.py:4180} INFO - Setting next_dagrun for tutorial to 2026-05-27 00:00:00+00:00, run_after=2026-05-28 00:00:00+00:00
[2026-05-28T14:59:13.543+0000] {processor.py:208} INFO - Processing /home/airflow/.local/lib/python3.12/site-packages/airflow/example_dags/tutorial.py took 0.132 seconds
[2026-05-28T14:59:52.896+0000] {processor.py:186} INFO - Started process (PID=7899) to work on /home/airflow/.local/lib/python3.12/site-packages/airflow/example_dags/tutorial.py
[2026-05-28T14:59:52.898+0000] {processor.py:914} INFO - Processing file /home/airflow/.local/lib/python3.12/site-packages/airflow/example_dags/tutorial.py for tasks to queue
[2026-05-28T14:59:52.900+0000] {logging_mixin.py:190} INFO - [2026-05-28T14:59:52.899+0000] {dagbag.py:588} INFO - Filling up the DagBag from /home/airflow/.local/lib/python3.12/site-packages/airflow/example_dags/tutorial.py
[2026-05-28T14:59:52.913+0000] {processor.py:925} INFO - DAG(s) 'tutorial' retrieved from /home/airflow/.local/lib/python3.12/site-packages/airflow/example_dags/tutorial.py
[2026-05-28T14:59:52.946+0000] {logging_mixin.py:190} INFO - [2026-05-28T14:59:52.945+0000] {dag.py:3239} INFO - Sync 1 DAGs
[2026-05-28T14:59:52.975+0000] {logging_mixin.py:190} INFO - [2026-05-28T14:59:52.975+0000] {dag.py:4180} INFO - Setting next_dagrun for tutorial to 2026-05-27 00:00:00+00:00, run_after=2026-05-28 00:00:00+00:00
[2026-05-28T14:59:53.008+0000] {processor.py:208} INFO - Processing /home/airflow/.local/lib/python3.12/site-packages/airflow/example_dags/tutorial.py took 0.122 seconds
[2026-05-28T15:00:32.097+0000] {processor.py:186} INFO - Started process (PID=7970) to work on /home/airflow/.local/lib/python3.12/site-packages/airflow/example_dags/tutorial.py
[2026-05-28T15:00:32.099+0000] {processor.py:914} INFO - Processing file /home/airflow/.local/lib/python3.12/site-packages/airflow/example_dags/tutorial.py for tasks to queue
[2026-05-28T15:00:32.101+0000] {logging_mixin.py:190} INFO - [2026-05-28T15:00:32.101+0000] {dagbag.py:588} INFO - Filling up the DagBag from /home/airflow/.local/lib/python3.12/site-packages/airflow/example_dags/tutorial.py
[2026-05-28T15:00:32.117+0000] {processor.py:925} INFO - DAG(s) 'tutorial' retrieved from /home/airflow/.local/lib/python3.12/site-packages/airflow/example_dags/tutorial.py
[2026-05-28T15:00:32.157+0000] {logging_mixin.py:190} INFO - [2026-05-28T15:00:32.157+0000] {dag.py:3239} INFO - Sync 1 DAGs
[2026-05-28T15:00:32.190+0000] {logging_mixin.py:190} INFO - [2026-05-28T15:00:32.190+0000] {dag.py:4180} INFO - Setting next_dagrun for tutorial to 2026-05-27 00:00:00+00:00, run_after=2026-05-28 00:00:00+00:00
[2026-05-28T15:00:32.220+0000] {processor.py:208} INFO - Processing /home/airflow/.local/lib/python3.12/site-packages/airflow/example_dags/tutorial.py took 0.134 seconds
[2026-05-28T15:01:06.621+0000] {processor.py:186} INFO - Started process (PID=8034) to work on /home/airflow/.local/lib/python3.12/site-packages/airflow/example_dags/tutorial.py
[2026-05-28T15:01:06.623+0000] {processor.py:914} INFO - Processing file /home/airflow/.local/lib/python3.12/site-packages/airflow/example_dags/tutorial.py for tasks to queue
[2026-05-28T15:01:06.625+0000] {logging_mixin.py:190} INFO - [2026-05-28T15:01:06.625+0000] {dagbag.py:588} INFO - Filling up the DagBag from /home/airflow/.local/lib/python3.12/site-packages/airflow/example_dags/tutorial.py
[2026-05-28T15:01:06.645+0000] {processor.py:925} INFO - DAG(s) 'tutorial' retrieved from /home/airflow/.local/lib/python3.12/site-packages/airflow/example_dags/tutorial.py
[2026-05-28T15:01:06.683+0000] {logging_mixin.py:190} INFO - [2026-05-28T15:01:06.682+0000] {dag.py:3239} INFO - Sync 1 DAGs
[2026-05-28T15:01:06.712+0000] {logging_mixin.py:190} INFO - [2026-05-28T15:01:06.712+0000] {dag.py:4180} INFO - Setting next_dagrun for tutorial to 2026-05-27 00:00:00+00:00, run_after=2026-05-28 00:00:00+00:00
[2026-05-28T15:01:06.744+0000] {processor.py:208} INFO - Processing /home/airflow/.local/lib/python3.12/site-packages/airflow/example_dags/tutorial.py took 0.134 seconds
[2026-05-28T15:01:36.838+0000] {processor.py:186} INFO - Started process (PID=8097) to work on /home/airflow/.local/lib/python3.12/site-packages/airflow/example_dags/tutorial.py
[2026-05-28T15:01:36.840+0000] {processor.py:914} INFO - Processing file /home/airflow/.local/lib/python3.12/site-packages/airflow/example_dags/tutorial.py for tasks to queue
[2026-05-28T15:01:36.843+0000] {logging_mixin.py:190} INFO - [2026-05-28T15:01:36.842+0000] {dagbag.py:588} INFO - Filling up the DagBag from /home/airflow/.local/lib/python3.12/site-packages/airflow/example_dags/tutorial.py
[2026-05-28T15:01:36.856+0000] {processor.py:925} INFO - DAG(s) 'tutorial' retrieved from /home/airflow/.local/lib/python3.12/site-packages/airflow/example_dags/tutorial.py
[2026-05-28T15:01:36.891+0000] {logging_mixin.py:190} INFO - [2026-05-28T15:01:36.890+0000] {dag.py:3239} INFO - Sync 1 DAGs
[2026-05-28T15:01:36.921+0000] {logging_mixin.py:190} INFO - [2026-05-28T15:01:36.920+0000] {dag.py:4180} INFO - Setting next_dagrun for tutorial to 2026-05-27 00:00:00+00:00, run_after=2026-05-28 00:00:00+00:00
[2026-05-28T15:01:36.962+0000] {processor.py:208} INFO - Processing /home/airflow/.local/lib/python3.12/site-packages/airflow/example_dags/tutorial.py took 0.132 seconds
[2026-05-28T15:02:09.619+0000] {processor.py:186} INFO - Started process (PID=8160) to work on /home/airflow/.local/lib/python3.12/site-packages/airflow/example_dags/tutorial.py
[2026-05-28T15:02:09.621+0000] {processor.py:914} INFO - Processing file /home/airflow/.local/lib/python3.12/site-packages/airflow/example_dags/tutorial.py for tasks to queue
[2026-05-28T15:02:09.623+0000] {logging_mixin.py:190} INFO - [2026-05-28T15:02:09.623+0000] {dagbag.py:588} INFO - Filling up the DagBag from /home/airflow/.local/lib/python3.12/site-packages/airflow/example_dags/tutorial.py
[2026-05-28T15:02:09.639+0000] {processor.py:925} INFO - DAG(s) 'tutorial' retrieved from /home/airflow/.local/lib/python3.12/site-packages/airflow/example_dags/tutorial.py
[2026-05-28T15:02:09.676+0000] {logging_mixin.py:190} INFO - [2026-05-28T15:02:09.675+0000] {dag.py:3239} INFO - Sync 1 DAGs
[2026-05-28T15:02:09.708+0000] {logging_mixin.py:190} INFO - [2026-05-28T15:02:09.707+0000] {dag.py:4180} INFO - Setting next_dagrun for tutorial to 2026-05-27 00:00:00+00:00, run_after=2026-05-28 00:00:00+00:00
[2026-05-28T15:02:09.739+0000] {processor.py:208} INFO - Processing /home/airflow/.local/lib/python3.12/site-packages/airflow/example_dags/tutorial.py took 0.129 seconds
[2026-05-28T15:02:41.182+0000] {processor.py:186} INFO - Started process (PID=8223) to work on /home/airflow/.local/lib/python3.12/site-packages/airflow/example_dags/tutorial.py
[2026-05-28T15:02:41.184+0000] {processor.py:914} INFO - Processing file /home/airflow/.local/lib/python3.12/site-packages/airflow/example_dags/tutorial.py for tasks to queue
[2026-05-28T15:02:41.187+0000] {logging_mixin.py:190} INFO - [2026-05-28T15:02:41.186+0000] {dagbag.py:588} INFO - Filling up the DagBag from /home/airflow/.local/lib/python3.12/site-packages/airflow/example_dags/tutorial.py
[2026-05-28T15:02:41.200+0000] {processor.py:925} INFO - DAG(s) 'tutorial' retrieved from /home/airflow/.local/lib/python3.12/site-packages/airflow/example_dags/tutorial.py
[2026-05-28T15:02:41.236+0000] {logging_mixin.py:190} INFO - [2026-05-28T15:02:41.236+0000] {dag.py:3239} INFO - Sync 1 DAGs
[2026-05-28T15:02:41.267+0000] {logging_mixin.py:190} INFO - [2026-05-28T15:02:41.267+0000] {dag.py:4180} INFO - Setting next_dagrun for tutorial to 2026-05-27 00:00:00+00:00, run_after=2026-05-28 00:00:00+00:00
[2026-05-28T15:02:41.298+0000] {processor.py:208} INFO - Processing /home/airflow/.local/lib/python3.12/site-packages/airflow/example_dags/tutorial.py took 0.128 seconds
[2026-05-28T15:03:12.128+0000] {processor.py:186} INFO - Started process (PID=8287) to work on /home/airflow/.local/lib/python3.12/site-packages/airflow/example_dags/tutorial.py
[2026-05-28T15:03:12.129+0000] {processor.py:914} INFO - Processing file /home/airflow/.local/lib/python3.12/site-packages/airflow/example_dags/tutorial.py for tasks to queue
[2026-05-28T15:03:12.133+0000] {logging_mixin.py:190} INFO - [2026-05-28T15:03:12.132+0000] {dagbag.py:588} INFO - Filling up the DagBag from /home/airflow/.local/lib/python3.12/site-packages/airflow/example_dags/tutorial.py
[2026-05-28T15:03:12.145+0000] {processor.py:925} INFO - DAG(s) 'tutorial' retrieved from /home/airflow/.local/lib/python3.12/site-packages/airflow/example_dags/tutorial.py
[2026-05-28T15:03:12.184+0000] {logging_mixin.py:190} INFO - [2026-05-28T15:03:12.183+0000] {dag.py:3239} INFO - Sync 1 DAGs
[2026-05-28T15:03:12.217+0000] {logging_mixin.py:190} INFO - [2026-05-28T15:03:12.217+0000] {dag.py:4180} INFO - Setting next_dagrun for tutorial to 2026-05-27 00:00:00+00:00, run_after=2026-05-28 00:00:00+00:00
[2026-05-28T15:03:12.257+0000] {processor.py:208} INFO - Processing /home/airflow/.local/lib/python3.12/site-packages/airflow/example_dags/tutorial.py took 0.137 seconds
[2026-05-28T15:03:43.197+0000] {processor.py:186} INFO - Started process (PID=8350) to work on /home/airflow/.local/lib/python3.12/site-packages/airflow/example_dags/tutorial.py
[2026-05-28T15:03:43.199+0000] {processor.py:914} INFO - Processing file /home/airflow/.local/lib/python3.12/site-packages/airflow/example_dags/tutorial.py for tasks to queue
[2026-05-28T15:03:43.202+0000] {logging_mixin.py:190} INFO - [2026-05-28T15:03:43.201+0000] {dagbag.py:588} INFO - Filling up the DagBag from /home/airflow/.local/lib/python3.12/site-packages/airflow/example_dags/tutorial.py
[2026-05-28T15:03:43.216+0000] {processor.py:925} INFO - DAG(s) 'tutorial' retrieved from /home/airflow/.local/lib/python3.12/site-packages/airflow/example_dags/tutorial.py
[2026-05-28T15:03:43.250+0000] {logging_mixin.py:190} INFO - [2026-05-28T15:03:43.250+0000] {dag.py:3239} INFO - Sync 1 DAGs
[2026-05-28T15:03:43.285+0000] {logging_mixin.py:190} INFO - [2026-05-28T15:03:43.285+0000] {dag.py:4180} INFO - Setting next_dagrun for tutorial to 2026-05-27 00:00:00+00:00, run_after=2026-05-28 00:00:00+00:00
[2026-05-28T15:03:43.329+0000] {processor.py:208} INFO - Processing /home/airflow/.local/lib/python3.12/site-packages/airflow/example_dags/tutorial.py took 0.139 seconds
[2026-05-28T15:04:19.164+0000] {processor.py:186} INFO - Started process (PID=8414) to work on /home/airflow/.local/lib/python3.12/site-packages/airflow/example_dags/tutorial.py
[2026-05-28T15:04:19.166+0000] {processor.py:914} INFO - Processing file /home/airflow/.local/lib/python3.12/site-packages/airflow/example_dags/tutorial.py for tasks to queue
[2026-05-28T15:04:19.169+0000] {logging_mixin.py:190} INFO - [2026-05-28T15:04:19.168+0000] {dagbag.py:588} INFO - Filling up the DagBag from /home/airflow/.local/lib/python3.12/site-packages/airflow/example_dags/tutorial.py
[2026-05-28T15:04:19.186+0000] {processor.py:925} INFO - DAG(s) 'tutorial' retrieved from /home/airflow/.local/lib/python3.12/site-packages/airflow/example_dags/tutorial.py
[2026-05-28T15:04:19.221+0000] {logging_mixin.py:190} INFO - [2026-05-28T15:04:19.220+0000] {dag.py:3239} INFO - Sync 1 DAGs
[2026-05-28T15:04:19.253+0000] {logging_mixin.py:190} INFO - [2026-05-28T15:04:19.253+0000] {dag.py:4180} INFO - Setting next_dagrun for tutorial to 2026-05-27 00:00:00+00:00, run_after=2026-05-28 00:00:00+00:00
[2026-05-28T15:04:19.294+0000] {processor.py:208} INFO - Processing /home/airflow/.local/lib/python3.12/site-packages/airflow/example_dags/tutorial.py took 0.137 seconds
[2026-05-28T15:04:58.931+0000] {processor.py:186} INFO - Started process (PID=8493) to work on /home/airflow/.local/lib/python3.12/site-packages/airflow/example_dags/tutorial.py
[2026-05-28T15:04:58.933+0000] {processor.py:914} INFO - Processing file /home/airflow/.local/lib/python3.12/site-packages/airflow/example_dags/tutorial.py for tasks to queue
[2026-05-28T15:04:58.936+0000] {logging_mixin.py:190} INFO - [2026-05-28T15:04:58.935+0000] {dagbag.py:588} INFO - Filling up the DagBag from /home/airflow/.local/lib/python3.12/site-packages/airflow/example_dags/tutorial.py
[2026-05-28T15:04:58.952+0000] {processor.py:925} INFO - DAG(s) 'tutorial' retrieved from /home/airflow/.local/lib/python3.12/site-packages/airflow/example_dags/tutorial.py
[2026-05-28T15:04:58.990+0000] {logging_mixin.py:190} INFO - [2026-05-28T15:04:58.989+0000] {dag.py:3239} INFO - Sync 1 DAGs
[2026-05-28T15:04:59.022+0000] {logging_mixin.py:190} INFO - [2026-05-28T15:04:59.021+0000] {dag.py:4180} INFO - Setting next_dagrun for tutorial to 2026-05-27 00:00:00+00:00, run_after=2026-05-28 00:00:00+00:00
[2026-05-28T15:04:59.059+0000] {processor.py:208} INFO - Processing /home/airflow/.local/lib/python3.12/site-packages/airflow/example_dags/tutorial.py took 0.137 seconds
[2026-05-28T15:05:40.117+0000] {processor.py:186} INFO - Started process (PID=8568) to work on /home/airflow/.local/lib/python3.12/site-packages/airflow/example_dags/tutorial.py
[2026-05-28T15:05:40.121+0000] {processor.py:914} INFO - Processing file /home/airflow/.local/lib/python3.12/site-packages/airflow/example_dags/tutorial.py for tasks to queue
[2026-05-28T15:05:40.126+0000] {logging_mixin.py:190} INFO - [2026-05-28T15:05:40.125+0000] {dagbag.py:588} INFO - Filling up the DagBag from /home/airflow/.local/lib/python3.12/site-packages/airflow/example_dags/tutorial.py
[2026-05-28T15:05:40.145+0000] {processor.py:925} INFO - DAG(s) 'tutorial' retrieved from /home/airflow/.local/lib/python3.12/site-packages/airflow/example_dags/tutorial.py
[2026-05-28T15:05:40.184+0000] {logging_mixin.py:190} INFO - [2026-05-28T15:05:40.184+0000] {dag.py:3239} INFO - Sync 1 DAGs
[2026-05-28T15:05:40.218+0000] {logging_mixin.py:190} INFO - [2026-05-28T15:05:40.218+0000] {dag.py:4180} INFO - Setting next_dagrun for tutorial to 2026-05-27 00:00:00+00:00, run_after=2026-05-28 00:00:00+00:00
[2026-05-28T15:05:40.254+0000] {processor.py:208} INFO - Processing /home/airflow/.local/lib/python3.12/site-packages/airflow/example_dags/tutorial.py took 0.157 seconds
[2026-05-28T15:06:19.541+0000] {processor.py:186} INFO - Started process (PID=8642) to work on /home/airflow/.local/lib/python3.12/site-packages/airflow/example_dags/tutorial.py
[2026-05-28T15:06:19.543+0000] {processor.py:914} INFO - Processing file /home/airflow/.local/lib/python3.12/site-packages/airflow/example_dags/tutorial.py for tasks to queue
[2026-05-28T15:06:19.546+0000] {logging_mixin.py:190} INFO - [2026-05-28T15:06:19.545+0000] {dagbag.py:588} INFO - Filling up the DagBag from /home/airflow/.local/lib/python3.12/site-packages/airflow/example_dags/tutorial.py
[2026-05-28T15:06:19.562+0000] {processor.py:925} INFO - DAG(s) 'tutorial' retrieved from /home/airflow/.local/lib/python3.12/site-packages/airflow/example_dags/tutorial.py
[2026-05-28T15:06:19.603+0000] {logging_mixin.py:190} INFO - [2026-05-28T15:06:19.602+0000] {dag.py:3239} INFO - Sync 1 DAGs
[2026-05-28T15:06:19.641+0000] {logging_mixin.py:190} INFO - [2026-05-28T15:06:19.641+0000] {dag.py:4180} INFO - Setting next_dagrun for tutorial to 2026-05-27 00:00:00+00:00, run_after=2026-05-28 00:00:00+00:00
[2026-05-28T15:06:19.674+0000] {processor.py:208} INFO - Processing /home/airflow/.local/lib/python3.12/site-packages/airflow/example_dags/tutorial.py took 0.142 seconds
[2026-05-28T15:06:54.228+0000] {processor.py:186} INFO - Started process (PID=8717) to work on /home/airflow/.local/lib/python3.12/site-packages/airflow/example_dags/tutorial.py
[2026-05-28T15:06:54.230+0000] {processor.py:914} INFO - Processing file /home/airflow/.local/lib/python3.12/site-packages/airflow/example_dags/tutorial.py for tasks to queue
[2026-05-28T15:06:54.232+0000] {logging_mixin.py:190} INFO - [2026-05-28T15:06:54.231+0000] {dagbag.py:588} INFO - Filling up the DagBag from /home/airflow/.local/lib/python3.12/site-packages/airflow/example_dags/tutorial.py
[2026-05-28T15:06:54.245+0000] {processor.py:925} INFO - DAG(s) 'tutorial' retrieved from /home/airflow/.local/lib/python3.12/site-packages/airflow/example_dags/tutorial.py
[2026-05-28T15:06:54.279+0000] {logging_mixin.py:190} INFO - [2026-05-28T15:06:54.278+0000] {dag.py:3239} INFO - Sync 1 DAGs
[2026-05-28T15:06:54.310+0000] {logging_mixin.py:190} INFO - [2026-05-28T15:06:54.309+0000] {dag.py:4180} INFO - Setting next_dagrun for tutorial to 2026-05-27 00:00:00+00:00, run_after=2026-05-28 00:00:00+00:00
[2026-05-28T15:06:54.349+0000] {processor.py:208} INFO - Processing /home/airflow/.local/lib/python3.12/site-packages/airflow/example_dags/tutorial.py took 0.130 seconds
[2026-05-28T15:07:25.790+0000] {processor.py:186} INFO - Started process (PID=8781) to work on /home/airflow/.local/lib/python3.12/site-packages/airflow/example_dags/tutorial.py
[2026-05-28T15:07:25.791+0000] {processor.py:914} INFO - Processing file /home/airflow/.local/lib/python3.12/site-packages/airflow/example_dags/tutorial.py for tasks to queue
[2026-05-28T15:07:25.794+0000] {logging_mixin.py:190} INFO - [2026-05-28T15:07:25.793+0000] {dagbag.py:588} INFO - Filling up the DagBag from /home/airflow/.local/lib/python3.12/site-packages/airflow/example_dags/tutorial.py
[2026-05-28T15:07:25.811+0000] {processor.py:925} INFO - DAG(s) 'tutorial' retrieved from /home/airflow/.local/lib/python3.12/site-packages/airflow/example_dags/tutorial.py
[2026-05-28T15:07:25.860+0000] {logging_mixin.py:190} INFO - [2026-05-28T15:07:25.860+0000] {dag.py:3239} INFO - Sync 1 DAGs
[2026-05-28T15:07:25.894+0000] {logging_mixin.py:190} INFO - [2026-05-28T15:07:25.894+0000] {dag.py:4180} INFO - Setting next_dagrun for tutorial to 2026-05-27 00:00:00+00:00, run_after=2026-05-28 00:00:00+00:00
[2026-05-28T15:07:25.923+0000] {processor.py:208} INFO - Processing /home/airflow/.local/lib/python3.12/site-packages/airflow/example_dags/tutorial.py took 0.142 seconds
[2026-05-28T15:07:58.821+0000] {processor.py:186} INFO - Started process (PID=8844) to work on /home/airflow/.local/lib/python3.12/site-packages/airflow/example_dags/tutorial.py
[2026-05-28T15:07:58.823+0000] {processor.py:914} INFO - Processing file /home/airflow/.local/lib/python3.12/site-packages/airflow/example_dags/tutorial.py for tasks to queue
[2026-05-28T15:07:58.826+0000] {logging_mixin.py:190} INFO - [2026-05-28T15:07:58.825+0000] {dagbag.py:588} INFO - Filling up the DagBag from /home/airflow/.local/lib/python3.12/site-packages/airflow/example_dags/tutorial.py
[2026-05-28T15:07:58.841+0000] {processor.py:925} INFO - DAG(s) 'tutorial' retrieved from /home/airflow/.local/lib/python3.12/site-packages/airflow/example_dags/tutorial.py
[2026-05-28T15:07:58.880+0000] {logging_mixin.py:190} INFO - [2026-05-28T15:07:58.880+0000] {dag.py:3239} INFO - Sync 1 DAGs
[2026-05-28T15:07:58.912+0000] {logging_mixin.py:190} INFO - [2026-05-28T15:07:58.912+0000] {dag.py:4180} INFO - Setting next_dagrun for tutorial to 2026-05-27 00:00:00+00:00, run_after=2026-05-28 00:00:00+00:00
[2026-05-28T15:07:58.943+0000] {processor.py:208} INFO - Processing /home/airflow/.local/lib/python3.12/site-packages/airflow/example_dags/tutorial.py took 0.130 seconds
[2026-05-28T15:08:30.116+0000] {processor.py:186} INFO - Started process (PID=8907) to work on /home/airflow/.local/lib/python3.12/site-packages/airflow/example_dags/tutorial.py
[2026-05-28T15:08:30.118+0000] {processor.py:914} INFO - Processing file /home/airflow/.local/lib/python3.12/site-packages/airflow/example_dags/tutorial.py for tasks to queue
[2026-05-28T15:08:30.120+0000] {logging_mixin.py:190} INFO - [2026-05-28T15:08:30.119+0000] {dagbag.py:588} INFO - Filling up the DagBag from /home/airflow/.local/lib/python3.12/site-packages/airflow/example_dags/tutorial.py
[2026-05-28T15:08:30.134+0000] {processor.py:925} INFO - DAG(s) 'tutorial' retrieved from /home/airflow/.local/lib/python3.12/site-packages/airflow/example_dags/tutorial.py
[2026-05-28T15:08:30.170+0000] {logging_mixin.py:190} INFO - [2026-05-28T15:08:30.169+0000] {dag.py:3239} INFO - Sync 1 DAGs
[2026-05-28T15:08:30.199+0000] {logging_mixin.py:190} INFO - [2026-05-28T15:08:30.199+0000] {dag.py:4180} INFO - Setting next_dagrun for tutorial to 2026-05-27 00:00:00+00:00, run_after=2026-05-28 00:00:00+00:00
[2026-05-28T15:08:30.235+0000] {processor.py:208} INFO - Processing /home/airflow/.local/lib/python3.12/site-packages/airflow/example_dags/tutorial.py took 0.129 seconds
[2026-05-28T15:09:00.553+0000] {processor.py:186} INFO - Started process (PID=8970) to work on /home/airflow/.local/lib/python3.12/site-packages/airflow/example_dags/tutorial.py
[2026-05-28T15:09:00.561+0000] {processor.py:914} INFO - Processing file /home/airflow/.local/lib/python3.12/site-packages/airflow/example_dags/tutorial.py for tasks to queue
[2026-05-28T15:09:00.565+0000] {logging_mixin.py:190} INFO - [2026-05-28T15:09:00.564+0000] {dagbag.py:588} INFO - Filling up the DagBag from /home/airflow/.local/lib/python3.12/site-packages/airflow/example_dags/tutorial.py
[2026-05-28T15:09:00.588+0000] {processor.py:925} INFO - DAG(s) 'tutorial' retrieved from /home/airflow/.local/lib/python3.12/site-packages/airflow/example_dags/tutorial.py
[2026-05-28T15:09:00.636+0000] {logging_mixin.py:190} INFO - [2026-05-28T15:09:00.636+0000] {dag.py:3239} INFO - Sync 1 DAGs
[2026-05-28T15:09:00.674+0000] {logging_mixin.py:190} INFO - [2026-05-28T15:09:00.673+0000] {dag.py:4180} INFO - Setting next_dagrun for tutorial to 2026-05-27 00:00:00+00:00, run_after=2026-05-28 00:00:00+00:00
[2026-05-28T15:09:00.715+0000] {processor.py:208} INFO - Processing /home/airflow/.local/lib/python3.12/site-packages/airflow/example_dags/tutorial.py took 0.182 seconds
[2026-05-28T15:09:32.521+0000] {processor.py:186} INFO - Started process (PID=9033) to work on /home/airflow/.local/lib/python3.12/site-packages/airflow/example_dags/tutorial.py
[2026-05-28T15:09:32.523+0000] {processor.py:914} INFO - Processing file /home/airflow/.local/lib/python3.12/site-packages/airflow/example_dags/tutorial.py for tasks to queue
[2026-05-28T15:09:32.526+0000] {logging_mixin.py:190} INFO - [2026-05-28T15:09:32.525+0000] {dagbag.py:588} INFO - Filling up the DagBag from /home/airflow/.local/lib/python3.12/site-packages/airflow/example_dags/tutorial.py
[2026-05-28T15:09:32.543+0000] {processor.py:925} INFO - DAG(s) 'tutorial' retrieved from /home/airflow/.local/lib/python3.12/site-packages/airflow/example_dags/tutorial.py
[2026-05-28T15:09:32.614+0000] {logging_mixin.py:190} INFO - [2026-05-28T15:09:32.613+0000] {dag.py:3239} INFO - Sync 1 DAGs
[2026-05-28T15:09:32.685+0000] {logging_mixin.py:190} INFO - [2026-05-28T15:09:32.684+0000] {dag.py:4180} INFO - Setting next_dagrun for tutorial to 2026-05-27 00:00:00+00:00, run_after=2026-05-28 00:00:00+00:00
[2026-05-28T15:09:32.739+0000] {processor.py:208} INFO - Processing /home/airflow/.local/lib/python3.12/site-packages/airflow/example_dags/tutorial.py took 0.229 seconds
[2026-05-28T15:10:06.003+0000] {processor.py:186} INFO - Started process (PID=9096) to work on /home/airflow/.local/lib/python3.12/site-packages/airflow/example_dags/tutorial.py
[2026-05-28T15:10:06.005+0000] {processor.py:914} INFO - Processing file /home/airflow/.local/lib/python3.12/site-packages/airflow/example_dags/tutorial.py for tasks to queue
[2026-05-28T15:10:06.008+0000] {logging_mixin.py:190} INFO - [2026-05-28T15:10:06.008+0000] {dagbag.py:588} INFO - Filling up the DagBag from /home/airflow/.local/lib/python3.12/site-packages/airflow/example_dags/tutorial.py
[2026-05-28T15:10:06.023+0000] {processor.py:925} INFO - DAG(s) 'tutorial' retrieved from /home/airflow/.local/lib/python3.12/site-packages/airflow/example_dags/tutorial.py
[2026-05-28T15:10:06.064+0000] {logging_mixin.py:190} INFO - [2026-05-28T15:10:06.064+0000] {dag.py:3239} INFO - Sync 1 DAGs
[2026-05-28T15:10:06.103+0000] {logging_mixin.py:190} INFO - [2026-05-28T15:10:06.103+0000] {dag.py:4180} INFO - Setting next_dagrun for tutorial to 2026-05-27 00:00:00+00:00, run_after=2026-05-28 00:00:00+00:00
[2026-05-28T15:10:06.153+0000] {processor.py:208} INFO - Processing /home/airflow/.local/lib/python3.12/site-packages/airflow/example_dags/tutorial.py took 0.158 seconds
[2026-05-28T15:10:42.678+0000] {processor.py:186} INFO - Started process (PID=9160) to work on /home/airflow/.local/lib/python3.12/site-packages/airflow/example_dags/tutorial.py
[2026-05-28T15:10:42.680+0000] {processor.py:914} INFO - Processing file /home/airflow/.local/lib/python3.12/site-packages/airflow/example_dags/tutorial.py for tasks to queue
[2026-05-28T15:10:42.683+0000] {logging_mixin.py:190} INFO - [2026-05-28T15:10:42.682+0000] {dagbag.py:588} INFO - Filling up the DagBag from /home/airflow/.local/lib/python3.12/site-packages/airflow/example_dags/tutorial.py
[2026-05-28T15:10:42.698+0000] {processor.py:925} INFO - DAG(s) 'tutorial' retrieved from /home/airflow/.local/lib/python3.12/site-packages/airflow/example_dags/tutorial.py
[2026-05-28T15:10:42.740+0000] {logging_mixin.py:190} INFO - [2026-05-28T15:10:42.740+0000] {dag.py:3239} INFO - Sync 1 DAGs
[2026-05-28T15:10:42.779+0000] {logging_mixin.py:190} INFO - [2026-05-28T15:10:42.779+0000] {dag.py:4180} INFO - Setting next_dagrun for tutorial to 2026-05-27 00:00:00+00:00, run_after=2026-05-28 00:00:00+00:00
[2026-05-28T15:10:42.817+0000] {processor.py:208} INFO - Processing /home/airflow/.local/lib/python3.12/site-packages/airflow/example_dags/tutorial.py took 0.152 seconds
[2026-05-28T15:11:14.667+0000] {processor.py:186} INFO - Started process (PID=9223) to work on /home/airflow/.local/lib/python3.12/site-packages/airflow/example_dags/tutorial.py
[2026-05-28T15:11:14.669+0000] {processor.py:914} INFO - Processing file /home/airflow/.local/lib/python3.12/site-packages/airflow/example_dags/tutorial.py for tasks to queue
[2026-05-28T15:11:14.671+0000] {logging_mixin.py:190} INFO - [2026-05-28T15:11:14.671+0000] {dagbag.py:588} INFO - Filling up the DagBag from /home/airflow/.local/lib/python3.12/site-packages/airflow/example_dags/tutorial.py
[2026-05-28T15:11:14.684+0000] {processor.py:925} INFO - DAG(s) 'tutorial' retrieved from /home/airflow/.local/lib/python3.12/site-packages/airflow/example_dags/tutorial.py
[2026-05-28T15:11:14.722+0000] {logging_mixin.py:190} INFO - [2026-05-28T15:11:14.722+0000] {dag.py:3239} INFO - Sync 1 DAGs
[2026-05-28T15:11:14.766+0000] {logging_mixin.py:190} INFO - [2026-05-28T15:11:14.766+0000] {dag.py:4180} INFO - Setting next_dagrun for tutorial to 2026-05-27 00:00:00+00:00, run_after=2026-05-28 00:00:00+00:00
[2026-05-28T15:11:14.819+0000] {processor.py:208} INFO - Processing /home/airflow/.local/lib/python3.12/site-packages/airflow/example_dags/tutorial.py took 0.161 seconds
[2026-05-28T15:11:52.357+0000] {processor.py:186} INFO - Started process (PID=9287) to work on /home/airflow/.local/lib/python3.12/site-packages/airflow/example_dags/tutorial.py
[2026-05-28T15:11:52.358+0000] {processor.py:914} INFO - Processing file /home/airflow/.local/lib/python3.12/site-packages/airflow/example_dags/tutorial.py for tasks to queue
[2026-05-28T15:11:52.360+0000] {logging_mixin.py:190} INFO - [2026-05-28T15:11:52.360+0000] {dagbag.py:588} INFO - Filling up the DagBag from /home/airflow/.local/lib/python3.12/site-packages/airflow/example_dags/tutorial.py
[2026-05-28T15:11:52.374+0000] {processor.py:925} INFO - DAG(s) 'tutorial' retrieved from /home/airflow/.local/lib/python3.12/site-packages/airflow/example_dags/tutorial.py
[2026-05-28T15:11:52.412+0000] {logging_mixin.py:190} INFO - [2026-05-28T15:11:52.411+0000] {dag.py:3239} INFO - Sync 1 DAGs
[2026-05-28T15:11:52.443+0000] {logging_mixin.py:190} INFO - [2026-05-28T15:11:52.443+0000] {dag.py:4180} INFO - Setting next_dagrun for tutorial to 2026-05-27 00:00:00+00:00, run_after=2026-05-28 00:00:00+00:00
[2026-05-28T15:11:52.478+0000] {processor.py:208} INFO - Processing /home/airflow/.local/lib/python3.12/site-packages/airflow/example_dags/tutorial.py took 0.130 seconds
[2026-05-28T15:12:31.190+0000] {processor.py:186} INFO - Started process (PID=9357) to work on /home/airflow/.local/lib/python3.12/site-packages/airflow/example_dags/tutorial.py
[2026-05-28T15:12:31.192+0000] {processor.py:914} INFO - Processing file /home/airflow/.local/lib/python3.12/site-packages/airflow/example_dags/tutorial.py for tasks to queue
[2026-05-28T15:12:31.195+0000] {logging_mixin.py:190} INFO - [2026-05-28T15:12:31.194+0000] {dagbag.py:588} INFO - Filling up the DagBag from /home/airflow/.local/lib/python3.12/site-packages/airflow/example_dags/tutorial.py
[2026-05-28T15:12:31.209+0000] {processor.py:925} INFO - DAG(s) 'tutorial' retrieved from /home/airflow/.local/lib/python3.12/site-packages/airflow/example_dags/tutorial.py
[2026-05-28T15:12:31.247+0000] {logging_mixin.py:190} INFO - [2026-05-28T15:12:31.246+0000] {dag.py:3239} INFO - Sync 1 DAGs
[2026-05-28T15:12:31.290+0000] {logging_mixin.py:190} INFO - [2026-05-28T15:12:31.289+0000] {dag.py:4180} INFO - Setting next_dagrun for tutorial to 2026-05-27 00:00:00+00:00, run_after=2026-05-28 00:00:00+00:00
[2026-05-28T15:12:31.350+0000] {processor.py:208} INFO - Processing /home/airflow/.local/lib/python3.12/site-packages/airflow/example_dags/tutorial.py took 0.168 seconds
[2026-05-28T15:13:08.337+0000] {processor.py:186} INFO - Started process (PID=9421) to work on /home/airflow/.local/lib/python3.12/site-packages/airflow/example_dags/tutorial.py
[2026-05-28T15:13:08.339+0000] {processor.py:914} INFO - Processing file /home/airflow/.local/lib/python3.12/site-packages/airflow/example_dags/tutorial.py for tasks to queue
[2026-05-28T15:13:08.342+0000] {logging_mixin.py:190} INFO - [2026-05-28T15:13:08.341+0000] {dagbag.py:588} INFO - Filling up the DagBag from /home/airflow/.local/lib/python3.12/site-packages/airflow/example_dags/tutorial.py
[2026-05-28T15:13:08.356+0000] {processor.py:925} INFO - DAG(s) 'tutorial' retrieved from /home/airflow/.local/lib/python3.12/site-packages/airflow/example_dags/tutorial.py
[2026-05-28T15:13:08.394+0000] {logging_mixin.py:190} INFO - [2026-05-28T15:13:08.393+0000] {dag.py:3239} INFO - Sync 1 DAGs
[2026-05-28T15:13:08.430+0000] {logging_mixin.py:190} INFO - [2026-05-28T15:13:08.429+0000] {dag.py:4180} INFO - Setting next_dagrun for tutorial to 2026-05-27 00:00:00+00:00, run_after=2026-05-28 00:00:00+00:00
[2026-05-28T15:13:08.466+0000] {processor.py:208} INFO - Processing /home/airflow/.local/lib/python3.12/site-packages/airflow/example_dags/tutorial.py took 0.136 seconds
[2026-05-28T15:13:38.835+0000] {processor.py:186} INFO - Started process (PID=9485) to work on /home/airflow/.local/lib/python3.12/site-packages/airflow/example_dags/tutorial.py
[2026-05-28T15:13:38.838+0000] {processor.py:914} INFO - Processing file /home/airflow/.local/lib/python3.12/site-packages/airflow/example_dags/tutorial.py for tasks to queue
[2026-05-28T15:13:38.841+0000] {logging_mixin.py:190} INFO - [2026-05-28T15:13:38.840+0000] {dagbag.py:588} INFO - Filling up the DagBag from /home/airflow/.local/lib/python3.12/site-packages/airflow/example_dags/tutorial.py
[2026-05-28T15:13:38.861+0000] {processor.py:925} INFO - DAG(s) 'tutorial' retrieved from /home/airflow/.local/lib/python3.12/site-packages/airflow/example_dags/tutorial.py
[2026-05-28T15:13:38.910+0000] {logging_mixin.py:190} INFO - [2026-05-28T15:13:38.909+0000] {dag.py:3239} INFO - Sync 1 DAGs
[2026-05-28T15:13:38.952+0000] {logging_mixin.py:190} INFO - [2026-05-28T15:13:38.951+0000] {dag.py:4180} INFO - Setting next_dagrun for tutorial to 2026-05-27 00:00:00+00:00, run_after=2026-05-28 00:00:00+00:00
[2026-05-28T15:13:39.003+0000] {processor.py:208} INFO - Processing /home/airflow/.local/lib/python3.12/site-packages/airflow/example_dags/tutorial.py took 0.179 seconds
[2026-05-28T15:14:09.124+0000] {processor.py:186} INFO - Started process (PID=9548) to work on /home/airflow/.local/lib/python3.12/site-packages/airflow/example_dags/tutorial.py
[2026-05-28T15:14:09.126+0000] {processor.py:914} INFO - Processing file /home/airflow/.local/lib/python3.12/site-packages/airflow/example_dags/tutorial.py for tasks to queue
[2026-05-28T15:14:09.129+0000] {logging_mixin.py:190} INFO - [2026-05-28T15:14:09.128+0000] {dagbag.py:588} INFO - Filling up the DagBag from /home/airflow/.local/lib/python3.12/site-packages/airflow/example_dags/tutorial.py
[2026-05-28T15:14:09.143+0000] {processor.py:925} INFO - DAG(s) 'tutorial' retrieved from /home/airflow/.local/lib/python3.12/site-packages/airflow/example_dags/tutorial.py
[2026-05-28T15:14:09.178+0000] {logging_mixin.py:190} INFO - [2026-05-28T15:14:09.177+0000] {dag.py:3239} INFO - Sync 1 DAGs
[2026-05-28T15:14:09.208+0000] {logging_mixin.py:190} INFO - [2026-05-28T15:14:09.207+0000] {dag.py:4180} INFO - Setting next_dagrun for tutorial to 2026-05-27 00:00:00+00:00, run_after=2026-05-28 00:00:00+00:00
[2026-05-28T15:14:09.236+0000] {processor.py:208} INFO - Processing /home/airflow/.local/lib/python3.12/site-packages/airflow/example_dags/tutorial.py took 0.118 seconds
[2026-05-28T15:14:39.763+0000] {processor.py:186} INFO - Started process (PID=9612) to work on /home/airflow/.local/lib/python3.12/site-packages/airflow/example_dags/tutorial.py
[2026-05-28T15:14:39.765+0000] {processor.py:914} INFO - Processing file /home/airflow/.local/lib/python3.12/site-packages/airflow/example_dags/tutorial.py for tasks to queue
[2026-05-28T15:14:39.768+0000] {logging_mixin.py:190} INFO - [2026-05-28T15:14:39.767+0000] {dagbag.py:588} INFO - Filling up the DagBag from /home/airflow/.local/lib/python3.12/site-packages/airflow/example_dags/tutorial.py
[2026-05-28T15:14:39.788+0000] {processor.py:925} INFO - DAG(s) 'tutorial' retrieved from /home/airflow/.local/lib/python3.12/site-packages/airflow/example_dags/tutorial.py
[2026-05-28T15:14:39.823+0000] {logging_mixin.py:190} INFO - [2026-05-28T15:14:39.822+0000] {dag.py:3239} INFO - Sync 1 DAGs
[2026-05-28T15:14:39.858+0000] {logging_mixin.py:190} INFO - [2026-05-28T15:14:39.857+0000] {dag.py:4180} INFO - Setting next_dagrun for tutorial to 2026-05-27 00:00:00+00:00, run_after=2026-05-28 00:00:00+00:00
[2026-05-28T15:14:39.890+0000] {processor.py:208} INFO - Processing /home/airflow/.local/lib/python3.12/site-packages/airflow/example_dags/tutorial.py took 0.138 seconds
[2026-05-28T15:15:14.797+0000] {processor.py:186} INFO - Started process (PID=9675) to work on /home/airflow/.local/lib/python3.12/site-packages/airflow/example_dags/tutorial.py
[2026-05-28T15:15:14.798+0000] {processor.py:914} INFO - Processing file /home/airflow/.local/lib/python3.12/site-packages/airflow/example_dags/tutorial.py for tasks to queue
[2026-05-28T15:15:14.802+0000] {logging_mixin.py:190} INFO - [2026-05-28T15:15:14.801+0000] {dagbag.py:588} INFO - Filling up the DagBag from /home/airflow/.local/lib/python3.12/site-packages/airflow/example_dags/tutorial.py
[2026-05-28T15:15:14.816+0000] {processor.py:925} INFO - DAG(s) 'tutorial' retrieved from /home/airflow/.local/lib/python3.12/site-packages/airflow/example_dags/tutorial.py
[2026-05-28T15:15:14.863+0000] {logging_mixin.py:190} INFO - [2026-05-28T15:15:14.862+0000] {dag.py:3239} INFO - Sync 1 DAGs
[2026-05-28T15:15:14.901+0000] {logging_mixin.py:190} INFO - [2026-05-28T15:15:14.900+0000] {dag.py:4180} INFO - Setting next_dagrun for tutorial to 2026-05-27 00:00:00+00:00, run_after=2026-05-28 00:00:00+00:00
[2026-05-28T15:15:14.943+0000] {processor.py:208} INFO - Processing /home/airflow/.local/lib/python3.12/site-packages/airflow/example_dags/tutorial.py took 0.155 seconds
[2026-05-28T15:15:46.382+0000] {processor.py:186} INFO - Started process (PID=9739) to work on /home/airflow/.local/lib/python3.12/site-packages/airflow/example_dags/tutorial.py
[2026-05-28T15:15:46.385+0000] {processor.py:914} INFO - Processing file /home/airflow/.local/lib/python3.12/site-packages/airflow/example_dags/tutorial.py for tasks to queue
[2026-05-28T15:15:46.389+0000] {logging_mixin.py:190} INFO - [2026-05-28T15:15:46.388+0000] {dagbag.py:588} INFO - Filling up the DagBag from /home/airflow/.local/lib/python3.12/site-packages/airflow/example_dags/tutorial.py
[2026-05-28T15:15:46.405+0000] {processor.py:925} INFO - DAG(s) 'tutorial' retrieved from /home/airflow/.local/lib/python3.12/site-packages/airflow/example_dags/tutorial.py
[2026-05-28T15:15:46.448+0000] {logging_mixin.py:190} INFO - [2026-05-28T15:15:46.447+0000] {dag.py:3239} INFO - Sync 1 DAGs
[2026-05-28T15:15:46.492+0000] {logging_mixin.py:190} INFO - [2026-05-28T15:15:46.492+0000] {dag.py:4180} INFO - Setting next_dagrun for tutorial to 2026-05-27 00:00:00+00:00, run_after=2026-05-28 00:00:00+00:00
[2026-05-28T15:15:46.540+0000] {processor.py:208} INFO - Processing /home/airflow/.local/lib/python3.12/site-packages/airflow/example_dags/tutorial.py took 0.170 seconds
[2026-05-28T15:16:23.623+0000] {processor.py:186} INFO - Started process (PID=9802) to work on /home/airflow/.local/lib/python3.12/site-packages/airflow/example_dags/tutorial.py
[2026-05-28T15:16:23.625+0000] {processor.py:914} INFO - Processing file /home/airflow/.local/lib/python3.12/site-packages/airflow/example_dags/tutorial.py for tasks to queue
[2026-05-28T15:16:23.627+0000] {logging_mixin.py:190} INFO - [2026-05-28T15:16:23.627+0000] {dagbag.py:588} INFO - Filling up the DagBag from /home/airflow/.local/lib/python3.12/site-packages/airflow/example_dags/tutorial.py
[2026-05-28T15:16:23.648+0000] {processor.py:925} INFO - DAG(s) 'tutorial' retrieved from /home/airflow/.local/lib/python3.12/site-packages/airflow/example_dags/tutorial.py
[2026-05-28T15:16:23.684+0000] {logging_mixin.py:190} INFO - [2026-05-28T15:16:23.684+0000] {dag.py:3239} INFO - Sync 1 DAGs
[2026-05-28T15:16:23.726+0000] {logging_mixin.py:190} INFO - [2026-05-28T15:16:23.725+0000] {dag.py:4180} INFO - Setting next_dagrun for tutorial to 2026-05-27 00:00:00+00:00, run_after=2026-05-28 00:00:00+00:00
[2026-05-28T15:16:24.058+0000] {processor.py:208} INFO - Processing /home/airflow/.local/lib/python3.12/site-packages/airflow/example_dags/tutorial.py took 0.443 seconds
[2026-05-28T15:16:59.563+0000] {processor.py:186} INFO - Started process (PID=9871) to work on /home/airflow/.local/lib/python3.12/site-packages/airflow/example_dags/tutorial.py
[2026-05-28T15:16:59.567+0000] {processor.py:914} INFO - Processing file /home/airflow/.local/lib/python3.12/site-packages/airflow/example_dags/tutorial.py for tasks to queue
[2026-05-28T15:16:59.570+0000] {logging_mixin.py:190} INFO - [2026-05-28T15:16:59.569+0000] {dagbag.py:588} INFO - Filling up the DagBag from /home/airflow/.local/lib/python3.12/site-packages/airflow/example_dags/tutorial.py
[2026-05-28T15:16:59.590+0000] {processor.py:925} INFO - DAG(s) 'tutorial' retrieved from /home/airflow/.local/lib/python3.12/site-packages/airflow/example_dags/tutorial.py
[2026-05-28T15:16:59.636+0000] {logging_mixin.py:190} INFO - [2026-05-28T15:16:59.635+0000] {dag.py:3239} INFO - Sync 1 DAGs
[2026-05-28T15:16:59.675+0000] {logging_mixin.py:190} INFO - [2026-05-28T15:16:59.674+0000] {dag.py:4180} INFO - Setting next_dagrun for tutorial to 2026-05-27 00:00:00+00:00, run_after=2026-05-28 00:00:00+00:00
[2026-05-28T15:16:59.713+0000] {processor.py:208} INFO - Processing /home/airflow/.local/lib/python3.12/site-packages/airflow/example_dags/tutorial.py took 0.165 seconds
[2026-05-28T15:17:30.568+0000] {processor.py:186} INFO - Started process (PID=9935) to work on /home/airflow/.local/lib/python3.12/site-packages/airflow/example_dags/tutorial.py
[2026-05-28T15:17:30.619+0000] {processor.py:914} INFO - Processing file /home/airflow/.local/lib/python3.12/site-packages/airflow/example_dags/tutorial.py for tasks to queue
[2026-05-28T15:17:30.623+0000] {logging_mixin.py:190} INFO - [2026-05-28T15:17:30.622+0000] {dagbag.py:588} INFO - Filling up the DagBag from /home/airflow/.local/lib/python3.12/site-packages/airflow/example_dags/tutorial.py
[2026-05-28T15:17:30.653+0000] {processor.py:925} INFO - DAG(s) 'tutorial' retrieved from /home/airflow/.local/lib/python3.12/site-packages/airflow/example_dags/tutorial.py
[2026-05-28T15:17:30.752+0000] {logging_mixin.py:190} INFO - [2026-05-28T15:17:30.752+0000] {dag.py:3239} INFO - Sync 1 DAGs
[2026-05-28T15:17:30.861+0000] {logging_mixin.py:190} INFO - [2026-05-28T15:17:30.860+0000] {dag.py:4180} INFO - Setting next_dagrun for tutorial to 2026-05-27 00:00:00+00:00, run_after=2026-05-28 00:00:00+00:00
[2026-05-28T15:17:30.996+0000] {processor.py:208} INFO - Processing /home/airflow/.local/lib/python3.12/site-packages/airflow/example_dags/tutorial.py took 0.440 seconds
[2026-05-28T15:18:04.084+0000] {processor.py:186} INFO - Started process (PID=9998) to work on /home/airflow/.local/lib/python3.12/site-packages/airflow/example_dags/tutorial.py
[2026-05-28T15:18:04.085+0000] {processor.py:914} INFO - Processing file /home/airflow/.local/lib/python3.12/site-packages/airflow/example_dags/tutorial.py for tasks to queue
[2026-05-28T15:18:04.088+0000] {logging_mixin.py:190} INFO - [2026-05-28T15:18:04.087+0000] {dagbag.py:588} INFO - Filling up the DagBag from /home/airflow/.local/lib/python3.12/site-packages/airflow/example_dags/tutorial.py
[2026-05-28T15:18:04.103+0000] {processor.py:925} INFO - DAG(s) 'tutorial' retrieved from /home/airflow/.local/lib/python3.12/site-packages/airflow/example_dags/tutorial.py
[2026-05-28T15:18:04.138+0000] {logging_mixin.py:190} INFO - [2026-05-28T15:18:04.137+0000] {dag.py:3239} INFO - Sync 1 DAGs
[2026-05-28T15:18:04.166+0000] {logging_mixin.py:190} INFO - [2026-05-28T15:18:04.166+0000] {dag.py:4180} INFO - Setting next_dagrun for tutorial to 2026-05-27 00:00:00+00:00, run_after=2026-05-28 00:00:00+00:00
[2026-05-28T15:18:04.206+0000] {processor.py:208} INFO - Processing /home/airflow/.local/lib/python3.12/site-packages/airflow/example_dags/tutorial.py took 0.132 seconds
[2026-05-28T15:18:34.363+0000] {processor.py:186} INFO - Started process (PID=10062) to work on /home/airflow/.local/lib/python3.12/site-packages/airflow/example_dags/tutorial.py
[2026-05-28T15:18:34.364+0000] {processor.py:914} INFO - Processing file /home/airflow/.local/lib/python3.12/site-packages/airflow/example_dags/tutorial.py for tasks to queue
[2026-05-28T15:18:34.367+0000] {logging_mixin.py:190} INFO - [2026-05-28T15:18:34.366+0000] {dagbag.py:588} INFO - Filling up the DagBag from /home/airflow/.local/lib/python3.12/site-packages/airflow/example_dags/tutorial.py
[2026-05-28T15:18:34.383+0000] {processor.py:925} INFO - DAG(s) 'tutorial' retrieved from /home/airflow/.local/lib/python3.12/site-packages/airflow/example_dags/tutorial.py
[2026-05-28T15:18:34.425+0000] {logging_mixin.py:190} INFO - [2026-05-28T15:18:34.425+0000] {dag.py:3239} INFO - Sync 1 DAGs
[2026-05-28T15:18:34.462+0000] {logging_mixin.py:190} INFO - [2026-05-28T15:18:34.461+0000] {dag.py:4180} INFO - Setting next_dagrun for tutorial to 2026-05-27 00:00:00+00:00, run_after=2026-05-28 00:00:00+00:00
[2026-05-28T15:18:34.513+0000] {processor.py:208} INFO - Processing /home/airflow/.local/lib/python3.12/site-packages/airflow/example_dags/tutorial.py took 0.159 seconds
[2026-05-28T15:19:06.847+0000] {processor.py:186} INFO - Started process (PID=10125) to work on /home/airflow/.local/lib/python3.12/site-packages/airflow/example_dags/tutorial.py
[2026-05-28T15:19:06.850+0000] {processor.py:914} INFO - Processing file /home/airflow/.local/lib/python3.12/site-packages/airflow/example_dags/tutorial.py for tasks to queue
[2026-05-28T15:19:06.853+0000] {logging_mixin.py:190} INFO - [2026-05-28T15:19:06.852+0000] {dagbag.py:588} INFO - Filling up the DagBag from /home/airflow/.local/lib/python3.12/site-packages/airflow/example_dags/tutorial.py
[2026-05-28T15:19:06.873+0000] {processor.py:925} INFO - DAG(s) 'tutorial' retrieved from /home/airflow/.local/lib/python3.12/site-packages/airflow/example_dags/tutorial.py
[2026-05-28T15:19:06.915+0000] {logging_mixin.py:190} INFO - [2026-05-28T15:19:06.915+0000] {dag.py:3239} INFO - Sync 1 DAGs
[2026-05-28T15:19:06.972+0000] {logging_mixin.py:190} INFO - [2026-05-28T15:19:06.972+0000] {dag.py:4180} INFO - Setting next_dagrun for tutorial to 2026-05-27 00:00:00+00:00, run_after=2026-05-28 00:00:00+00:00
[2026-05-28T15:19:07.009+0000] {processor.py:208} INFO - Processing /home/airflow/.local/lib/python3.12/site-packages/airflow/example_dags/tutorial.py took 0.172 seconds
[2026-05-28T15:19:41.543+0000] {processor.py:186} INFO - Started process (PID=10184) to work on /home/airflow/.local/lib/python3.12/site-packages/airflow/example_dags/tutorial.py
[2026-05-28T15:19:41.545+0000] {processor.py:914} INFO - Processing file /home/airflow/.local/lib/python3.12/site-packages/airflow/example_dags/tutorial.py for tasks to queue
[2026-05-28T15:19:41.550+0000] {logging_mixin.py:190} INFO - [2026-05-28T15:19:41.549+0000] {dagbag.py:588} INFO - Filling up the DagBag from /home/airflow/.local/lib/python3.12/site-packages/airflow/example_dags/tutorial.py
[2026-05-28T15:19:41.566+0000] {processor.py:925} INFO - DAG(s) 'tutorial' retrieved from /home/airflow/.local/lib/python3.12/site-packages/airflow/example_dags/tutorial.py
[2026-05-28T15:19:41.604+0000] {logging_mixin.py:190} INFO - [2026-05-28T15:19:41.603+0000] {dag.py:3239} INFO - Sync 1 DAGs
[2026-05-28T15:19:41.634+0000] {logging_mixin.py:190} INFO - [2026-05-28T15:19:41.634+0000] {dag.py:4180} INFO - Setting next_dagrun for tutorial to 2026-05-27 00:00:00+00:00, run_after=2026-05-28 00:00:00+00:00
[2026-05-28T15:19:41.671+0000] {processor.py:208} INFO - Processing /home/airflow/.local/lib/python3.12/site-packages/airflow/example_dags/tutorial.py took 0.136 seconds
[2026-05-28T15:20:12.425+0000] {processor.py:186} INFO - Started process (PID=10246) to work on /home/airflow/.local/lib/python3.12/site-packages/airflow/example_dags/tutorial.py
[2026-05-28T15:20:12.428+0000] {processor.py:914} INFO - Processing file /home/airflow/.local/lib/python3.12/site-packages/airflow/example_dags/tutorial.py for tasks to queue
[2026-05-28T15:20:12.432+0000] {logging_mixin.py:190} INFO - [2026-05-28T15:20:12.431+0000] {dagbag.py:588} INFO - Filling up the DagBag from /home/airflow/.local/lib/python3.12/site-packages/airflow/example_dags/tutorial.py
[2026-05-28T15:20:12.464+0000] {processor.py:925} INFO - DAG(s) 'tutorial' retrieved from /home/airflow/.local/lib/python3.12/site-packages/airflow/example_dags/tutorial.py
[2026-05-28T15:20:12.555+0000] {logging_mixin.py:190} INFO - [2026-05-28T15:20:12.554+0000] {dag.py:3239} INFO - Sync 1 DAGs
[2026-05-28T15:20:12.613+0000] {logging_mixin.py:190} INFO - [2026-05-28T15:20:12.612+0000] {dag.py:4180} INFO - Setting next_dagrun for tutorial to 2026-05-27 00:00:00+00:00, run_after=2026-05-28 00:00:00+00:00
[2026-05-28T15:20:12.679+0000] {processor.py:208} INFO - Processing /home/airflow/.local/lib/python3.12/site-packages/airflow/example_dags/tutorial.py took 0.267 seconds
[2026-05-28T15:20:43.055+0000] {processor.py:186} INFO - Started process (PID=10309) to work on /home/airflow/.local/lib/python3.12/site-packages/airflow/example_dags/tutorial.py
[2026-05-28T15:20:43.056+0000] {processor.py:914} INFO - Processing file /home/airflow/.local/lib/python3.12/site-packages/airflow/example_dags/tutorial.py for tasks to queue
[2026-05-28T15:20:43.058+0000] {logging_mixin.py:190} INFO - [2026-05-28T15:20:43.058+0000] {dagbag.py:588} INFO - Filling up the DagBag from /home/airflow/.local/lib/python3.12/site-packages/airflow/example_dags/tutorial.py
[2026-05-28T15:20:43.078+0000] {processor.py:925} INFO - DAG(s) 'tutorial' retrieved from /home/airflow/.local/lib/python3.12/site-packages/airflow/example_dags/tutorial.py
[2026-05-28T15:20:43.126+0000] {logging_mixin.py:190} INFO - [2026-05-28T15:20:43.126+0000] {dag.py:3239} INFO - Sync 1 DAGs
[2026-05-28T15:20:43.172+0000] {logging_mixin.py:190} INFO - [2026-05-28T15:20:43.172+0000] {dag.py:4180} INFO - Setting next_dagrun for tutorial to 2026-05-27 00:00:00+00:00, run_after=2026-05-28 00:00:00+00:00
[2026-05-28T15:20:43.234+0000] {processor.py:208} INFO - Processing /home/airflow/.local/lib/python3.12/site-packages/airflow/example_dags/tutorial.py took 0.191 seconds
[2026-05-28T15:21:19.440+0000] {processor.py:186} INFO - Started process (PID=10373) to work on /home/airflow/.local/lib/python3.12/site-packages/airflow/example_dags/tutorial.py
[2026-05-28T15:21:19.442+0000] {processor.py:914} INFO - Processing file /home/airflow/.local/lib/python3.12/site-packages/airflow/example_dags/tutorial.py for tasks to queue
[2026-05-28T15:21:19.445+0000] {logging_mixin.py:190} INFO - [2026-05-28T15:21:19.444+0000] {dagbag.py:588} INFO - Filling up the DagBag from /home/airflow/.local/lib/python3.12/site-packages/airflow/example_dags/tutorial.py
[2026-05-28T15:21:19.468+0000] {processor.py:925} INFO - DAG(s) 'tutorial' retrieved from /home/airflow/.local/lib/python3.12/site-packages/airflow/example_dags/tutorial.py
[2026-05-28T15:21:19.542+0000] {logging_mixin.py:190} INFO - [2026-05-28T15:21:19.542+0000] {dag.py:3239} INFO - Sync 1 DAGs
[2026-05-28T15:21:19.578+0000] {logging_mixin.py:190} INFO - [2026-05-28T15:21:19.578+0000] {dag.py:4180} INFO - Setting next_dagrun for tutorial to 2026-05-27 00:00:00+00:00, run_after=2026-05-28 00:00:00+00:00
[2026-05-28T15:21:19.621+0000] {processor.py:208} INFO - Processing /home/airflow/.local/lib/python3.12/site-packages/airflow/example_dags/tutorial.py took 0.194 seconds
[2026-05-28T15:21:54.081+0000] {processor.py:186} INFO - Started process (PID=10438) to work on /home/airflow/.local/lib/python3.12/site-packages/airflow/example_dags/tutorial.py
[2026-05-28T15:21:54.083+0000] {processor.py:914} INFO - Processing file /home/airflow/.local/lib/python3.12/site-packages/airflow/example_dags/tutorial.py for tasks to queue
[2026-05-28T15:21:54.086+0000] {logging_mixin.py:190} INFO - [2026-05-28T15:21:54.085+0000] {dagbag.py:588} INFO - Filling up the DagBag from /home/airflow/.local/lib/python3.12/site-packages/airflow/example_dags/tutorial.py
[2026-05-28T15:21:54.102+0000] {processor.py:925} INFO - DAG(s) 'tutorial' retrieved from /home/airflow/.local/lib/python3.12/site-packages/airflow/example_dags/tutorial.py
[2026-05-28T15:21:54.141+0000] {logging_mixin.py:190} INFO - [2026-05-28T15:21:54.140+0000] {dag.py:3239} INFO - Sync 1 DAGs
[2026-05-28T15:21:54.171+0000] {logging_mixin.py:190} INFO - [2026-05-28T15:21:54.171+0000] {dag.py:4180} INFO - Setting next_dagrun for tutorial to 2026-05-27 00:00:00+00:00, run_after=2026-05-28 00:00:00+00:00
[2026-05-28T15:21:54.201+0000] {processor.py:208} INFO - Processing /home/airflow/.local/lib/python3.12/site-packages/airflow/example_dags/tutorial.py took 0.129 seconds
[2026-05-28T15:22:31.459+0000] {processor.py:186} INFO - Started process (PID=10511) to work on /home/airflow/.local/lib/python3.12/site-packages/airflow/example_dags/tutorial.py
[2026-05-28T15:22:31.461+0000] {processor.py:914} INFO - Processing file /home/airflow/.local/lib/python3.12/site-packages/airflow/example_dags/tutorial.py for tasks to queue
[2026-05-28T15:22:31.463+0000] {logging_mixin.py:190} INFO - [2026-05-28T15:22:31.463+0000] {dagbag.py:588} INFO - Filling up the DagBag from /home/airflow/.local/lib/python3.12/site-packages/airflow/example_dags/tutorial.py
[2026-05-28T15:22:31.476+0000] {processor.py:925} INFO - DAG(s) 'tutorial' retrieved from /home/airflow/.local/lib/python3.12/site-packages/airflow/example_dags/tutorial.py
[2026-05-28T15:22:31.518+0000] {logging_mixin.py:190} INFO - [2026-05-28T15:22:31.517+0000] {dag.py:3239} INFO - Sync 1 DAGs
[2026-05-28T15:22:31.555+0000] {logging_mixin.py:190} INFO - [2026-05-28T15:22:31.554+0000] {dag.py:4180} INFO - Setting next_dagrun for tutorial to 2026-05-27 00:00:00+00:00, run_after=2026-05-28 00:00:00+00:00
[2026-05-28T15:22:31.599+0000] {processor.py:208} INFO - Processing /home/airflow/.local/lib/python3.12/site-packages/airflow/example_dags/tutorial.py took 0.147 seconds
[2026-05-28T15:23:06.140+0000] {processor.py:186} INFO - Started process (PID=10576) to work on /home/airflow/.local/lib/python3.12/site-packages/airflow/example_dags/tutorial.py
[2026-05-28T15:23:06.142+0000] {processor.py:914} INFO - Processing file /home/airflow/.local/lib/python3.12/site-packages/airflow/example_dags/tutorial.py for tasks to queue
[2026-05-28T15:23:06.145+0000] {logging_mixin.py:190} INFO - [2026-05-28T15:23:06.144+0000] {dagbag.py:588} INFO - Filling up the DagBag from /home/airflow/.local/lib/python3.12/site-packages/airflow/example_dags/tutorial.py
[2026-05-28T15:23:06.165+0000] {processor.py:925} INFO - DAG(s) 'tutorial' retrieved from /home/airflow/.local/lib/python3.12/site-packages/airflow/example_dags/tutorial.py
[2026-05-28T15:23:06.206+0000] {logging_mixin.py:190} INFO - [2026-05-28T15:23:06.206+0000] {dag.py:3239} INFO - Sync 1 DAGs
[2026-05-28T15:23:06.248+0000] {logging_mixin.py:190} INFO - [2026-05-28T15:23:06.248+0000] {dag.py:4180} INFO - Setting next_dagrun for tutorial to 2026-05-27 00:00:00+00:00, run_after=2026-05-28 00:00:00+00:00
[2026-05-28T15:23:06.282+0000] {processor.py:208} INFO - Processing /home/airflow/.local/lib/python3.12/site-packages/airflow/example_dags/tutorial.py took 0.153 seconds
[2026-05-28T15:23:37.284+0000] {processor.py:186} INFO - Started process (PID=10639) to work on /home/airflow/.local/lib/python3.12/site-packages/airflow/example_dags/tutorial.py
[2026-05-28T15:23:37.286+0000] {processor.py:914} INFO - Processing file /home/airflow/.local/lib/python3.12/site-packages/airflow/example_dags/tutorial.py for tasks to queue
[2026-05-28T15:23:37.288+0000] {logging_mixin.py:190} INFO - [2026-05-28T15:23:37.287+0000] {dagbag.py:588} INFO - Filling up the DagBag from /home/airflow/.local/lib/python3.12/site-packages/airflow/example_dags/tutorial.py
[2026-05-28T15:23:37.305+0000] {processor.py:925} INFO - DAG(s) 'tutorial' retrieved from /home/airflow/.local/lib/python3.12/site-packages/airflow/example_dags/tutorial.py
[2026-05-28T15:23:37.349+0000] {logging_mixin.py:190} INFO - [2026-05-28T15:23:37.348+0000] {dag.py:3239} INFO - Sync 1 DAGs
[2026-05-28T15:23:37.393+0000] {logging_mixin.py:190} INFO - [2026-05-28T15:23:37.393+0000] {dag.py:4180} INFO - Setting next_dagrun for tutorial to 2026-05-27 00:00:00+00:00, run_after=2026-05-28 00:00:00+00:00
[2026-05-28T15:23:37.432+0000] {processor.py:208} INFO - Processing /home/airflow/.local/lib/python3.12/site-packages/airflow/example_dags/tutorial.py took 0.158 seconds
[2026-05-28T15:24:07.754+0000] {processor.py:186} INFO - Started process (PID=10702) to work on /home/airflow/.local/lib/python3.12/site-packages/airflow/example_dags/tutorial.py
[2026-05-28T15:24:07.756+0000] {processor.py:914} INFO - Processing file /home/airflow/.local/lib/python3.12/site-packages/airflow/example_dags/tutorial.py for tasks to queue
[2026-05-28T15:24:07.759+0000] {logging_mixin.py:190} INFO - [2026-05-28T15:24:07.758+0000] {dagbag.py:588} INFO - Filling up the DagBag from /home/airflow/.local/lib/python3.12/site-packages/airflow/example_dags/tutorial.py
[2026-05-28T15:24:07.773+0000] {processor.py:925} INFO - DAG(s) 'tutorial' retrieved from /home/airflow/.local/lib/python3.12/site-packages/airflow/example_dags/tutorial.py
[2026-05-28T15:24:07.807+0000] {logging_mixin.py:190} INFO - [2026-05-28T15:24:07.807+0000] {dag.py:3239} INFO - Sync 1 DAGs
[2026-05-28T15:24:07.836+0000] {logging_mixin.py:190} INFO - [2026-05-28T15:24:07.835+0000] {dag.py:4180} INFO - Setting next_dagrun for tutorial to 2026-05-27 00:00:00+00:00, run_after=2026-05-28 00:00:00+00:00
[2026-05-28T15:24:07.865+0000] {processor.py:208} INFO - Processing /home/airflow/.local/lib/python3.12/site-packages/airflow/example_dags/tutorial.py took 0.119 seconds
[2026-05-28T15:24:43.106+0000] {processor.py:186} INFO - Started process (PID=10765) to work on /home/airflow/.local/lib/python3.12/site-packages/airflow/example_dags/tutorial.py
[2026-05-28T15:24:43.107+0000] {processor.py:914} INFO - Processing file /home/airflow/.local/lib/python3.12/site-packages/airflow/example_dags/tutorial.py for tasks to queue
[2026-05-28T15:24:43.110+0000] {logging_mixin.py:190} INFO - [2026-05-28T15:24:43.109+0000] {dagbag.py:588} INFO - Filling up the DagBag from /home/airflow/.local/lib/python3.12/site-packages/airflow/example_dags/tutorial.py
[2026-05-28T15:24:43.126+0000] {processor.py:925} INFO - DAG(s) 'tutorial' retrieved from /home/airflow/.local/lib/python3.12/site-packages/airflow/example_dags/tutorial.py
[2026-05-28T15:24:43.171+0000] {logging_mixin.py:190} INFO - [2026-05-28T15:24:43.170+0000] {dag.py:3239} INFO - Sync 1 DAGs
[2026-05-28T15:24:43.208+0000] {logging_mixin.py:190} INFO - [2026-05-28T15:24:43.207+0000] {dag.py:4180} INFO - Setting next_dagrun for tutorial to 2026-05-27 00:00:00+00:00, run_after=2026-05-28 00:00:00+00:00
[2026-05-28T15:24:43.241+0000] {processor.py:208} INFO - Processing /home/airflow/.local/lib/python3.12/site-packages/airflow/example_dags/tutorial.py took 0.143 seconds
[2026-05-28T15:25:19.137+0000] {processor.py:186} INFO - Started process (PID=10829) to work on /home/airflow/.local/lib/python3.12/site-packages/airflow/example_dags/tutorial.py
[2026-05-28T15:25:19.139+0000] {processor.py:914} INFO - Processing file /home/airflow/.local/lib/python3.12/site-packages/airflow/example_dags/tutorial.py for tasks to queue
[2026-05-28T15:25:19.142+0000] {logging_mixin.py:190} INFO - [2026-05-28T15:25:19.141+0000] {dagbag.py:588} INFO - Filling up the DagBag from /home/airflow/.local/lib/python3.12/site-packages/airflow/example_dags/tutorial.py
[2026-05-28T15:25:19.156+0000] {processor.py:925} INFO - DAG(s) 'tutorial' retrieved from /home/airflow/.local/lib/python3.12/site-packages/airflow/example_dags/tutorial.py
[2026-05-28T15:25:19.200+0000] {logging_mixin.py:190} INFO - [2026-05-28T15:25:19.200+0000] {dag.py:3239} INFO - Sync 1 DAGs
[2026-05-28T15:25:19.240+0000] {logging_mixin.py:190} INFO - [2026-05-28T15:25:19.239+0000] {dag.py:4180} INFO - Setting next_dagrun for tutorial to 2026-05-27 00:00:00+00:00, run_after=2026-05-28 00:00:00+00:00
[2026-05-28T15:25:19.284+0000] {processor.py:208} INFO - Processing /home/airflow/.local/lib/python3.12/site-packages/airflow/example_dags/tutorial.py took 0.155 seconds
[2026-05-28T15:25:58.487+0000] {processor.py:186} INFO - Started process (PID=10894) to work on /home/airflow/.local/lib/python3.12/site-packages/airflow/example_dags/tutorial.py
[2026-05-28T15:25:58.489+0000] {processor.py:914} INFO - Processing file /home/airflow/.local/lib/python3.12/site-packages/airflow/example_dags/tutorial.py for tasks to queue
[2026-05-28T15:25:58.492+0000] {logging_mixin.py:190} INFO - [2026-05-28T15:25:58.491+0000] {dagbag.py:588} INFO - Filling up the DagBag from /home/airflow/.local/lib/python3.12/site-packages/airflow/example_dags/tutorial.py
[2026-05-28T15:25:58.510+0000] {processor.py:925} INFO - DAG(s) 'tutorial' retrieved from /home/airflow/.local/lib/python3.12/site-packages/airflow/example_dags/tutorial.py
[2026-05-28T15:25:58.557+0000] {logging_mixin.py:190} INFO - [2026-05-28T15:25:58.557+0000] {dag.py:3239} INFO - Sync 1 DAGs
[2026-05-28T15:25:58.612+0000] {logging_mixin.py:190} INFO - [2026-05-28T15:25:58.611+0000] {dag.py:4180} INFO - Setting next_dagrun for tutorial to 2026-05-27 00:00:00+00:00, run_after=2026-05-28 00:00:00+00:00
[2026-05-28T15:25:58.654+0000] {processor.py:208} INFO - Processing /home/airflow/.local/lib/python3.12/site-packages/airflow/example_dags/tutorial.py took 0.178 seconds
[2026-05-28T15:26:29.134+0000] {processor.py:186} INFO - Started process (PID=10963) to work on /home/airflow/.local/lib/python3.12/site-packages/airflow/example_dags/tutorial.py
[2026-05-28T15:26:29.136+0000] {processor.py:914} INFO - Processing file /home/airflow/.local/lib/python3.12/site-packages/airflow/example_dags/tutorial.py for tasks to queue
[2026-05-28T15:26:29.138+0000] {logging_mixin.py:190} INFO - [2026-05-28T15:26:29.138+0000] {dagbag.py:588} INFO - Filling up the DagBag from /home/airflow/.local/lib/python3.12/site-packages/airflow/example_dags/tutorial.py
[2026-05-28T15:26:29.151+0000] {processor.py:925} INFO - DAG(s) 'tutorial' retrieved from /home/airflow/.local/lib/python3.12/site-packages/airflow/example_dags/tutorial.py
[2026-05-28T15:26:29.186+0000] {logging_mixin.py:190} INFO - [2026-05-28T15:26:29.186+0000] {dag.py:3239} INFO - Sync 1 DAGs
[2026-05-28T15:26:29.217+0000] {logging_mixin.py:190} INFO - [2026-05-28T15:26:29.217+0000] {dag.py:4180} INFO - Setting next_dagrun for tutorial to 2026-05-27 00:00:00+00:00, run_after=2026-05-28 00:00:00+00:00
[2026-05-28T15:26:29.259+0000] {processor.py:208} INFO - Processing /home/airflow/.local/lib/python3.12/site-packages/airflow/example_dags/tutorial.py took 0.134 seconds
[2026-05-28T15:27:00.255+0000] {processor.py:186} INFO - Started process (PID=11027) to work on /home/airflow/.local/lib/python3.12/site-packages/airflow/example_dags/tutorial.py
[2026-05-28T15:27:00.258+0000] {processor.py:914} INFO - Processing file /home/airflow/.local/lib/python3.12/site-packages/airflow/example_dags/tutorial.py for tasks to queue
[2026-05-28T15:27:00.262+0000] {logging_mixin.py:190} INFO - [2026-05-28T15:27:00.260+0000] {dagbag.py:588} INFO - Filling up the DagBag from /home/airflow/.local/lib/python3.12/site-packages/airflow/example_dags/tutorial.py
[2026-05-28T15:27:00.288+0000] {processor.py:925} INFO - DAG(s) 'tutorial' retrieved from /home/airflow/.local/lib/python3.12/site-packages/airflow/example_dags/tutorial.py
[2026-05-28T15:27:00.365+0000] {logging_mixin.py:190} INFO - [2026-05-28T15:27:00.364+0000] {dag.py:3239} INFO - Sync 1 DAGs
[2026-05-28T15:27:00.448+0000] {logging_mixin.py:190} INFO - [2026-05-28T15:27:00.447+0000] {dag.py:4180} INFO - Setting next_dagrun for tutorial to 2026-05-27 00:00:00+00:00, run_after=2026-05-28 00:00:00+00:00
[2026-05-28T15:27:00.515+0000] {processor.py:208} INFO - Processing /home/airflow/.local/lib/python3.12/site-packages/airflow/example_dags/tutorial.py took 0.276 seconds
[2026-05-28T15:27:31.269+0000] {processor.py:186} INFO - Started process (PID=11090) to work on /home/airflow/.local/lib/python3.12/site-packages/airflow/example_dags/tutorial.py
[2026-05-28T15:27:31.272+0000] {processor.py:914} INFO - Processing file /home/airflow/.local/lib/python3.12/site-packages/airflow/example_dags/tutorial.py for tasks to queue
[2026-05-28T15:27:31.277+0000] {logging_mixin.py:190} INFO - [2026-05-28T15:27:31.275+0000] {dagbag.py:588} INFO - Filling up the DagBag from /home/airflow/.local/lib/python3.12/site-packages/airflow/example_dags/tutorial.py
[2026-05-28T15:27:31.301+0000] {processor.py:925} INFO - DAG(s) 'tutorial' retrieved from /home/airflow/.local/lib/python3.12/site-packages/airflow/example_dags/tutorial.py
[2026-05-28T15:27:31.346+0000] {logging_mixin.py:190} INFO - [2026-05-28T15:27:31.346+0000] {dag.py:3239} INFO - Sync 1 DAGs
[2026-05-28T15:27:31.386+0000] {logging_mixin.py:190} INFO - [2026-05-28T15:27:31.386+0000] {dag.py:4180} INFO - Setting next_dagrun for tutorial to 2026-05-27 00:00:00+00:00, run_after=2026-05-28 00:00:00+00:00
[2026-05-28T15:27:31.425+0000] {processor.py:208} INFO - Processing /home/airflow/.local/lib/python3.12/site-packages/airflow/example_dags/tutorial.py took 0.168 seconds
[2026-05-28T15:28:01.839+0000] {processor.py:186} INFO - Started process (PID=11153) to work on /home/airflow/.local/lib/python3.12/site-packages/airflow/example_dags/tutorial.py
[2026-05-28T15:28:01.841+0000] {processor.py:914} INFO - Processing file /home/airflow/.local/lib/python3.12/site-packages/airflow/example_dags/tutorial.py for tasks to queue
[2026-05-28T15:28:01.844+0000] {logging_mixin.py:190} INFO - [2026-05-28T15:28:01.843+0000] {dagbag.py:588} INFO - Filling up the DagBag from /home/airflow/.local/lib/python3.12/site-packages/airflow/example_dags/tutorial.py
[2026-05-28T15:28:01.862+0000] {processor.py:925} INFO - DAG(s) 'tutorial' retrieved from /home/airflow/.local/lib/python3.12/site-packages/airflow/example_dags/tutorial.py
[2026-05-28T15:28:01.900+0000] {logging_mixin.py:190} INFO - [2026-05-28T15:28:01.900+0000] {dag.py:3239} INFO - Sync 1 DAGs
[2026-05-28T15:28:01.931+0000] {logging_mixin.py:190} INFO - [2026-05-28T15:28:01.930+0000] {dag.py:4180} INFO - Setting next_dagrun for tutorial to 2026-05-27 00:00:00+00:00, run_after=2026-05-28 00:00:00+00:00
[2026-05-28T15:28:01.965+0000] {processor.py:208} INFO - Processing /home/airflow/.local/lib/python3.12/site-packages/airflow/example_dags/tutorial.py took 0.135 seconds
[2026-05-28T15:28:38.628+0000] {processor.py:186} INFO - Started process (PID=11217) to work on /home/airflow/.local/lib/python3.12/site-packages/airflow/example_dags/tutorial.py
[2026-05-28T15:28:38.630+0000] {processor.py:914} INFO - Processing file /home/airflow/.local/lib/python3.12/site-packages/airflow/example_dags/tutorial.py for tasks to queue
[2026-05-28T15:28:38.632+0000] {logging_mixin.py:190} INFO - [2026-05-28T15:28:38.632+0000] {dagbag.py:588} INFO - Filling up the DagBag from /home/airflow/.local/lib/python3.12/site-packages/airflow/example_dags/tutorial.py
[2026-05-28T15:28:38.645+0000] {processor.py:925} INFO - DAG(s) 'tutorial' retrieved from /home/airflow/.local/lib/python3.12/site-packages/airflow/example_dags/tutorial.py
[2026-05-28T15:28:38.683+0000] {logging_mixin.py:190} INFO - [2026-05-28T15:28:38.683+0000] {dag.py:3239} INFO - Sync 1 DAGs
[2026-05-28T15:28:38.714+0000] {logging_mixin.py:190} INFO - [2026-05-28T15:28:38.714+0000] {dag.py:4180} INFO - Setting next_dagrun for tutorial to 2026-05-27 00:00:00+00:00, run_after=2026-05-28 00:00:00+00:00
[2026-05-28T15:28:38.752+0000] {processor.py:208} INFO - Processing /home/airflow/.local/lib/python3.12/site-packages/airflow/example_dags/tutorial.py took 0.134 seconds
[2026-05-28T15:29:18.655+0000] {processor.py:186} INFO - Started process (PID=11289) to work on /home/airflow/.local/lib/python3.12/site-packages/airflow/example_dags/tutorial.py
[2026-05-28T15:29:18.657+0000] {processor.py:914} INFO - Processing file /home/airflow/.local/lib/python3.12/site-packages/airflow/example_dags/tutorial.py for tasks to queue
[2026-05-28T15:29:18.660+0000] {logging_mixin.py:190} INFO - [2026-05-28T15:29:18.660+0000] {dagbag.py:588} INFO - Filling up the DagBag from /home/airflow/.local/lib/python3.12/site-packages/airflow/example_dags/tutorial.py
[2026-05-28T15:29:18.674+0000] {processor.py:925} INFO - DAG(s) 'tutorial' retrieved from /home/airflow/.local/lib/python3.12/site-packages/airflow/example_dags/tutorial.py
[2026-05-28T15:29:18.711+0000] {logging_mixin.py:190} INFO - [2026-05-28T15:29:18.711+0000] {dag.py:3239} INFO - Sync 1 DAGs
[2026-05-28T15:29:18.746+0000] {logging_mixin.py:190} INFO - [2026-05-28T15:29:18.745+0000] {dag.py:4180} INFO - Setting next_dagrun for tutorial to 2026-05-27 00:00:00+00:00, run_after=2026-05-28 00:00:00+00:00
[2026-05-28T15:29:18.790+0000] {processor.py:208} INFO - Processing /home/airflow/.local/lib/python3.12/site-packages/airflow/example_dags/tutorial.py took 0.142 seconds
[2026-05-28T15:29:58.097+0000] {processor.py:186} INFO - Started process (PID=11360) to work on /home/airflow/.local/lib/python3.12/site-packages/airflow/example_dags/tutorial.py
[2026-05-28T15:29:58.098+0000] {processor.py:914} INFO - Processing file /home/airflow/.local/lib/python3.12/site-packages/airflow/example_dags/tutorial.py for tasks to queue
[2026-05-28T15:29:58.101+0000] {logging_mixin.py:190} INFO - [2026-05-28T15:29:58.100+0000] {dagbag.py:588} INFO - Filling up the DagBag from /home/airflow/.local/lib/python3.12/site-packages/airflow/example_dags/tutorial.py
[2026-05-28T15:29:58.115+0000] {processor.py:925} INFO - DAG(s) 'tutorial' retrieved from /home/airflow/.local/lib/python3.12/site-packages/airflow/example_dags/tutorial.py
[2026-05-28T15:29:58.161+0000] {logging_mixin.py:190} INFO - [2026-05-28T15:29:58.160+0000] {dag.py:3239} INFO - Sync 1 DAGs
[2026-05-28T15:29:58.195+0000] {logging_mixin.py:190} INFO - [2026-05-28T15:29:58.194+0000] {dag.py:4180} INFO - Setting next_dagrun for tutorial to 2026-05-27 00:00:00+00:00, run_after=2026-05-28 00:00:00+00:00
[2026-05-28T15:29:58.230+0000] {processor.py:208} INFO - Processing /home/airflow/.local/lib/python3.12/site-packages/airflow/example_dags/tutorial.py took 0.142 seconds
[2026-05-28T15:30:37.395+0000] {processor.py:186} INFO - Started process (PID=11439) to work on /home/airflow/.local/lib/python3.12/site-packages/airflow/example_dags/tutorial.py
[2026-05-28T15:30:37.397+0000] {processor.py:914} INFO - Processing file /home/airflow/.local/lib/python3.12/site-packages/airflow/example_dags/tutorial.py for tasks to queue
[2026-05-28T15:30:37.400+0000] {logging_mixin.py:190} INFO - [2026-05-28T15:30:37.400+0000] {dagbag.py:588} INFO - Filling up the DagBag from /home/airflow/.local/lib/python3.12/site-packages/airflow/example_dags/tutorial.py
[2026-05-28T15:30:37.418+0000] {processor.py:925} INFO - DAG(s) 'tutorial' retrieved from /home/airflow/.local/lib/python3.12/site-packages/airflow/example_dags/tutorial.py
[2026-05-28T15:30:37.483+0000] {logging_mixin.py:190} INFO - [2026-05-28T15:30:37.482+0000] {dag.py:3239} INFO - Sync 1 DAGs
[2026-05-28T15:30:37.531+0000] {logging_mixin.py:190} INFO - [2026-05-28T15:30:37.531+0000] {dag.py:4180} INFO - Setting next_dagrun for tutorial to 2026-05-27 00:00:00+00:00, run_after=2026-05-28 00:00:00+00:00
[2026-05-28T15:30:37.567+0000] {processor.py:208} INFO - Processing /home/airflow/.local/lib/python3.12/site-packages/airflow/example_dags/tutorial.py took 0.183 seconds
[2026-05-28T15:31:11.090+0000] {processor.py:186} INFO - Started process (PID=11503) to work on /home/airflow/.local/lib/python3.12/site-packages/airflow/example_dags/tutorial.py
[2026-05-28T15:31:11.091+0000] {processor.py:914} INFO - Processing file /home/airflow/.local/lib/python3.12/site-packages/airflow/example_dags/tutorial.py for tasks to queue
[2026-05-28T15:31:11.093+0000] {logging_mixin.py:190} INFO - [2026-05-28T15:31:11.093+0000] {dagbag.py:588} INFO - Filling up the DagBag from /home/airflow/.local/lib/python3.12/site-packages/airflow/example_dags/tutorial.py
[2026-05-28T15:31:11.108+0000] {processor.py:925} INFO - DAG(s) 'tutorial' retrieved from /home/airflow/.local/lib/python3.12/site-packages/airflow/example_dags/tutorial.py
[2026-05-28T15:31:11.146+0000] {logging_mixin.py:190} INFO - [2026-05-28T15:31:11.146+0000] {dag.py:3239} INFO - Sync 1 DAGs
[2026-05-28T15:31:11.184+0000] {logging_mixin.py:190} INFO - [2026-05-28T15:31:11.184+0000] {dag.py:4180} INFO - Setting next_dagrun for tutorial to 2026-05-27 00:00:00+00:00, run_after=2026-05-28 00:00:00+00:00
[2026-05-28T15:31:11.228+0000] {processor.py:208} INFO - Processing /home/airflow/.local/lib/python3.12/site-packages/airflow/example_dags/tutorial.py took 0.146 seconds
[2026-05-28T15:31:47.255+0000] {processor.py:186} INFO - Started process (PID=11571) to work on /home/airflow/.local/lib/python3.12/site-packages/airflow/example_dags/tutorial.py
[2026-05-28T15:31:47.256+0000] {processor.py:914} INFO - Processing file /home/airflow/.local/lib/python3.12/site-packages/airflow/example_dags/tutorial.py for tasks to queue
[2026-05-28T15:31:47.259+0000] {logging_mixin.py:190} INFO - [2026-05-28T15:31:47.258+0000] {dagbag.py:588} INFO - Filling up the DagBag from /home/airflow/.local/lib/python3.12/site-packages/airflow/example_dags/tutorial.py
[2026-05-28T15:31:47.273+0000] {processor.py:925} INFO - DAG(s) 'tutorial' retrieved from /home/airflow/.local/lib/python3.12/site-packages/airflow/example_dags/tutorial.py
[2026-05-28T15:31:47.309+0000] {logging_mixin.py:190} INFO - [2026-05-28T15:31:47.308+0000] {dag.py:3239} INFO - Sync 1 DAGs
[2026-05-28T15:31:47.343+0000] {logging_mixin.py:190} INFO - [2026-05-28T15:31:47.343+0000] {dag.py:4180} INFO - Setting next_dagrun for tutorial to 2026-05-27 00:00:00+00:00, run_after=2026-05-28 00:00:00+00:00
[2026-05-28T15:31:47.384+0000] {processor.py:208} INFO - Processing /home/airflow/.local/lib/python3.12/site-packages/airflow/example_dags/tutorial.py took 0.137 seconds
[2026-05-28T15:32:25.369+0000] {processor.py:186} INFO - Started process (PID=11636) to work on /home/airflow/.local/lib/python3.12/site-packages/airflow/example_dags/tutorial.py
[2026-05-28T15:32:25.371+0000] {processor.py:914} INFO - Processing file /home/airflow/.local/lib/python3.12/site-packages/airflow/example_dags/tutorial.py for tasks to queue
[2026-05-28T15:32:25.373+0000] {logging_mixin.py:190} INFO - [2026-05-28T15:32:25.373+0000] {dagbag.py:588} INFO - Filling up the DagBag from /home/airflow/.local/lib/python3.12/site-packages/airflow/example_dags/tutorial.py
[2026-05-28T15:32:25.385+0000] {processor.py:925} INFO - DAG(s) 'tutorial' retrieved from /home/airflow/.local/lib/python3.12/site-packages/airflow/example_dags/tutorial.py
[2026-05-28T15:32:25.418+0000] {logging_mixin.py:190} INFO - [2026-05-28T15:32:25.418+0000] {dag.py:3239} INFO - Sync 1 DAGs
[2026-05-28T15:32:25.446+0000] {logging_mixin.py:190} INFO - [2026-05-28T15:32:25.446+0000] {dag.py:4180} INFO - Setting next_dagrun for tutorial to 2026-05-27 00:00:00+00:00, run_after=2026-05-28 00:00:00+00:00
[2026-05-28T15:32:25.742+0000] {processor.py:208} INFO - Processing /home/airflow/.local/lib/python3.12/site-packages/airflow/example_dags/tutorial.py took 0.381 seconds
[2026-05-28T15:33:05.355+0000] {processor.py:186} INFO - Started process (PID=11708) to work on /home/airflow/.local/lib/python3.12/site-packages/airflow/example_dags/tutorial.py
[2026-05-28T15:33:05.357+0000] {processor.py:914} INFO - Processing file /home/airflow/.local/lib/python3.12/site-packages/airflow/example_dags/tutorial.py for tasks to queue
[2026-05-28T15:33:05.363+0000] {logging_mixin.py:190} INFO - [2026-05-28T15:33:05.363+0000] {dagbag.py:588} INFO - Filling up the DagBag from /home/airflow/.local/lib/python3.12/site-packages/airflow/example_dags/tutorial.py
[2026-05-28T15:33:05.377+0000] {processor.py:925} INFO - DAG(s) 'tutorial' retrieved from /home/airflow/.local/lib/python3.12/site-packages/airflow/example_dags/tutorial.py
[2026-05-28T15:33:05.415+0000] {logging_mixin.py:190} INFO - [2026-05-28T15:33:05.415+0000] {dag.py:3239} INFO - Sync 1 DAGs
[2026-05-28T15:33:05.459+0000] {logging_mixin.py:190} INFO - [2026-05-28T15:33:05.458+0000] {dag.py:4180} INFO - Setting next_dagrun for tutorial to 2026-05-27 00:00:00+00:00, run_after=2026-05-28 00:00:00+00:00
[2026-05-28T15:33:05.506+0000] {processor.py:208} INFO - Processing /home/airflow/.local/lib/python3.12/site-packages/airflow/example_dags/tutorial.py took 0.160 seconds
[2026-05-28T15:33:35.909+0000] {processor.py:186} INFO - Started process (PID=11771) to work on /home/airflow/.local/lib/python3.12/site-packages/airflow/example_dags/tutorial.py
[2026-05-28T15:33:35.911+0000] {processor.py:914} INFO - Processing file /home/airflow/.local/lib/python3.12/site-packages/airflow/example_dags/tutorial.py for tasks to queue
[2026-05-28T15:33:35.914+0000] {logging_mixin.py:190} INFO - [2026-05-28T15:33:35.914+0000] {dagbag.py:588} INFO - Filling up the DagBag from /home/airflow/.local/lib/python3.12/site-packages/airflow/example_dags/tutorial.py
[2026-05-28T15:33:35.927+0000] {processor.py:925} INFO - DAG(s) 'tutorial' retrieved from /home/airflow/.local/lib/python3.12/site-packages/airflow/example_dags/tutorial.py
[2026-05-28T15:33:35.962+0000] {logging_mixin.py:190} INFO - [2026-05-28T15:33:35.962+0000] {dag.py:3239} INFO - Sync 1 DAGs
[2026-05-28T15:33:35.990+0000] {logging_mixin.py:190} INFO - [2026-05-28T15:33:35.989+0000] {dag.py:4180} INFO - Setting next_dagrun for tutorial to 2026-05-27 00:00:00+00:00, run_after=2026-05-28 00:00:00+00:00
[2026-05-28T15:33:36.026+0000] {processor.py:208} INFO - Processing /home/airflow/.local/lib/python3.12/site-packages/airflow/example_dags/tutorial.py took 0.125 seconds
[2026-05-28T15:34:06.608+0000] {processor.py:186} INFO - Started process (PID=11835) to work on /home/airflow/.local/lib/python3.12/site-packages/airflow/example_dags/tutorial.py
[2026-05-28T15:34:06.610+0000] {processor.py:914} INFO - Processing file /home/airflow/.local/lib/python3.12/site-packages/airflow/example_dags/tutorial.py for tasks to queue
[2026-05-28T15:34:06.614+0000] {logging_mixin.py:190} INFO - [2026-05-28T15:34:06.614+0000] {dagbag.py:588} INFO - Filling up the DagBag from /home/airflow/.local/lib/python3.12/site-packages/airflow/example_dags/tutorial.py
[2026-05-28T15:34:06.634+0000] {processor.py:925} INFO - DAG(s) 'tutorial' retrieved from /home/airflow/.local/lib/python3.12/site-packages/airflow/example_dags/tutorial.py
[2026-05-28T15:34:06.681+0000] {logging_mixin.py:190} INFO - [2026-05-28T15:34:06.680+0000] {dag.py:3239} INFO - Sync 1 DAGs
[2026-05-28T15:34:06.736+0000] {logging_mixin.py:190} INFO - [2026-05-28T15:34:06.735+0000] {dag.py:4180} INFO - Setting next_dagrun for tutorial to 2026-05-27 00:00:00+00:00, run_after=2026-05-28 00:00:00+00:00
[2026-05-28T15:34:06.778+0000] {processor.py:208} INFO - Processing /home/airflow/.local/lib/python3.12/site-packages/airflow/example_dags/tutorial.py took 0.181 seconds
[2026-05-28T15:34:37.189+0000] {processor.py:186} INFO - Started process (PID=11899) to work on /home/airflow/.local/lib/python3.12/site-packages/airflow/example_dags/tutorial.py
[2026-05-28T15:34:37.191+0000] {processor.py:914} INFO - Processing file /home/airflow/.local/lib/python3.12/site-packages/airflow/example_dags/tutorial.py for tasks to queue
[2026-05-28T15:34:37.194+0000] {logging_mixin.py:190} INFO - [2026-05-28T15:34:37.193+0000] {dagbag.py:588} INFO - Filling up the DagBag from /home/airflow/.local/lib/python3.12/site-packages/airflow/example_dags/tutorial.py
[2026-05-28T15:34:37.209+0000] {processor.py:925} INFO - DAG(s) 'tutorial' retrieved from /home/airflow/.local/lib/python3.12/site-packages/airflow/example_dags/tutorial.py
[2026-05-28T15:34:37.249+0000] {logging_mixin.py:190} INFO - [2026-05-28T15:34:37.248+0000] {dag.py:3239} INFO - Sync 1 DAGs
[2026-05-28T15:34:37.587+0000] {logging_mixin.py:190} INFO - [2026-05-28T15:34:37.587+0000] {dag.py:4180} INFO - Setting next_dagrun for tutorial to 2026-05-27 00:00:00+00:00, run_after=2026-05-28 00:00:00+00:00
[2026-05-28T15:34:37.624+0000] {processor.py:208} INFO - Processing /home/airflow/.local/lib/python3.12/site-packages/airflow/example_dags/tutorial.py took 0.445 seconds
[2026-05-28T15:35:12.523+0000] {processor.py:186} INFO - Started process (PID=11962) to work on /home/airflow/.local/lib/python3.12/site-packages/airflow/example_dags/tutorial.py
[2026-05-28T15:35:12.525+0000] {processor.py:914} INFO - Processing file /home/airflow/.local/lib/python3.12/site-packages/airflow/example_dags/tutorial.py for tasks to queue
[2026-05-28T15:35:12.528+0000] {logging_mixin.py:190} INFO - [2026-05-28T15:35:12.528+0000] {dagbag.py:588} INFO - Filling up the DagBag from /home/airflow/.local/lib/python3.12/site-packages/airflow/example_dags/tutorial.py
[2026-05-28T15:35:12.542+0000] {processor.py:925} INFO - DAG(s) 'tutorial' retrieved from /home/airflow/.local/lib/python3.12/site-packages/airflow/example_dags/tutorial.py
[2026-05-28T15:35:12.583+0000] {logging_mixin.py:190} INFO - [2026-05-28T15:35:12.583+0000] {dag.py:3239} INFO - Sync 1 DAGs
[2026-05-28T15:35:12.920+0000] {logging_mixin.py:190} INFO - [2026-05-28T15:35:12.920+0000] {dag.py:4180} INFO - Setting next_dagrun for tutorial to 2026-05-27 00:00:00+00:00, run_after=2026-05-28 00:00:00+00:00
[2026-05-28T15:35:12.950+0000] {processor.py:208} INFO - Processing /home/airflow/.local/lib/python3.12/site-packages/airflow/example_dags/tutorial.py took 0.436 seconds
[2026-05-28T15:35:43.191+0000] {processor.py:186} INFO - Started process (PID=12025) to work on /home/airflow/.local/lib/python3.12/site-packages/airflow/example_dags/tutorial.py
[2026-05-28T15:35:43.193+0000] {processor.py:914} INFO - Processing file /home/airflow/.local/lib/python3.12/site-packages/airflow/example_dags/tutorial.py for tasks to queue
[2026-05-28T15:35:43.196+0000] {logging_mixin.py:190} INFO - [2026-05-28T15:35:43.195+0000] {dagbag.py:588} INFO - Filling up the DagBag from /home/airflow/.local/lib/python3.12/site-packages/airflow/example_dags/tutorial.py
[2026-05-28T15:35:43.212+0000] {processor.py:925} INFO - DAG(s) 'tutorial' retrieved from /home/airflow/.local/lib/python3.12/site-packages/airflow/example_dags/tutorial.py
[2026-05-28T15:35:43.252+0000] {logging_mixin.py:190} INFO - [2026-05-28T15:35:43.252+0000] {dag.py:3239} INFO - Sync 1 DAGs
[2026-05-28T15:35:43.293+0000] {logging_mixin.py:190} INFO - [2026-05-28T15:35:43.292+0000] {dag.py:4180} INFO - Setting next_dagrun for tutorial to 2026-05-27 00:00:00+00:00, run_after=2026-05-28 00:00:00+00:00
[2026-05-28T15:35:43.338+0000] {processor.py:208} INFO - Processing /home/airflow/.local/lib/python3.12/site-packages/airflow/example_dags/tutorial.py took 0.157 seconds
[2026-05-28T15:36:18.454+0000] {processor.py:186} INFO - Started process (PID=12089) to work on /home/airflow/.local/lib/python3.12/site-packages/airflow/example_dags/tutorial.py
[2026-05-28T15:36:18.456+0000] {processor.py:914} INFO - Processing file /home/airflow/.local/lib/python3.12/site-packages/airflow/example_dags/tutorial.py for tasks to queue
[2026-05-28T15:36:18.459+0000] {logging_mixin.py:190} INFO - [2026-05-28T15:36:18.458+0000] {dagbag.py:588} INFO - Filling up the DagBag from /home/airflow/.local/lib/python3.12/site-packages/airflow/example_dags/tutorial.py
[2026-05-28T15:36:18.473+0000] {processor.py:925} INFO - DAG(s) 'tutorial' retrieved from /home/airflow/.local/lib/python3.12/site-packages/airflow/example_dags/tutorial.py
[2026-05-28T15:36:18.516+0000] {logging_mixin.py:190} INFO - [2026-05-28T15:36:18.516+0000] {dag.py:3239} INFO - Sync 1 DAGs
[2026-05-28T15:36:18.549+0000] {logging_mixin.py:190} INFO - [2026-05-28T15:36:18.549+0000] {dag.py:4180} INFO - Setting next_dagrun for tutorial to 2026-05-27 00:00:00+00:00, run_after=2026-05-28 00:00:00+00:00
[2026-05-28T15:36:18.583+0000] {processor.py:208} INFO - Processing /home/airflow/.local/lib/python3.12/site-packages/airflow/example_dags/tutorial.py took 0.137 seconds
[2026-05-28T15:36:48.709+0000] {processor.py:186} INFO - Started process (PID=12152) to work on /home/airflow/.local/lib/python3.12/site-packages/airflow/example_dags/tutorial.py
[2026-05-28T15:36:48.710+0000] {processor.py:914} INFO - Processing file /home/airflow/.local/lib/python3.12/site-packages/airflow/example_dags/tutorial.py for tasks to queue
[2026-05-28T15:36:48.713+0000] {logging_mixin.py:190} INFO - [2026-05-28T15:36:48.712+0000] {dagbag.py:588} INFO - Filling up the DagBag from /home/airflow/.local/lib/python3.12/site-packages/airflow/example_dags/tutorial.py
[2026-05-28T15:36:48.726+0000] {processor.py:925} INFO - DAG(s) 'tutorial' retrieved from /home/airflow/.local/lib/python3.12/site-packages/airflow/example_dags/tutorial.py
[2026-05-28T15:36:48.760+0000] {logging_mixin.py:190} INFO - [2026-05-28T15:36:48.760+0000] {dag.py:3239} INFO - Sync 1 DAGs
[2026-05-28T15:36:48.791+0000] {logging_mixin.py:190} INFO - [2026-05-28T15:36:48.790+0000] {dag.py:4180} INFO - Setting next_dagrun for tutorial to 2026-05-27 00:00:00+00:00, run_after=2026-05-28 00:00:00+00:00
[2026-05-28T15:36:48.820+0000] {processor.py:208} INFO - Processing /home/airflow/.local/lib/python3.12/site-packages/airflow/example_dags/tutorial.py took 0.118 seconds
[2026-05-28T15:37:20.350+0000] {processor.py:186} INFO - Started process (PID=12215) to work on /home/airflow/.local/lib/python3.12/site-packages/airflow/example_dags/tutorial.py
[2026-05-28T15:37:20.352+0000] {processor.py:914} INFO - Processing file /home/airflow/.local/lib/python3.12/site-packages/airflow/example_dags/tutorial.py for tasks to queue
[2026-05-28T15:37:20.355+0000] {logging_mixin.py:190} INFO - [2026-05-28T15:37:20.354+0000] {dagbag.py:588} INFO - Filling up the DagBag from /home/airflow/.local/lib/python3.12/site-packages/airflow/example_dags/tutorial.py
[2026-05-28T15:37:20.370+0000] {processor.py:925} INFO - DAG(s) 'tutorial' retrieved from /home/airflow/.local/lib/python3.12/site-packages/airflow/example_dags/tutorial.py
[2026-05-28T15:37:20.406+0000] {logging_mixin.py:190} INFO - [2026-05-28T15:37:20.405+0000] {dag.py:3239} INFO - Sync 1 DAGs
[2026-05-28T15:37:20.438+0000] {logging_mixin.py:190} INFO - [2026-05-28T15:37:20.437+0000] {dag.py:4180} INFO - Setting next_dagrun for tutorial to 2026-05-27 00:00:00+00:00, run_after=2026-05-28 00:00:00+00:00
[2026-05-28T15:37:20.475+0000] {processor.py:208} INFO - Processing /home/airflow/.local/lib/python3.12/site-packages/airflow/example_dags/tutorial.py took 0.134 seconds
